+ export CUDA_DEVICE_MAX_CONNECTIONS=1
+ CUDA_DEVICE_MAX_CONNECTIONS=1
+ INFER_BACKEND=vllm
+ MODEL_PATH=/home/p00938733/Qwen3-8B
+ NNODES=1
+ NGPUS_PER_NODE=8
+ train_batch_size=1024
+ ppo_mini_batch_size=256
+ max_prompt_length=16640
+ max_response_length=4096
+ ppo_max_token_len_per_gpu=49152
+ actor_lr=1e-6
+ kl_loss_coef=0.001
+ entropy_coeff=0
+ actor_tp=2
+ actor_pp=2
+ rollout_tp=2
+ rollout_gpu_mem_util=0.6
+ rollout_n=5
+ total_epochs=15
+ save_freq=20
+ test_freq=5
+ project_name=verl_grpo_gsm8k_math
+ experiment_name=qwen3_8b_vllm_megatron
+ DATA=(algorithm.adv_estimator=grpo algorithm.use_kl_in_reward=False data.train_files="['$HOME/data/gsm8k/train.parquet', '$HOME/data/math/train.parquet']" data.val_files="['$HOME/data/gsm8k/test.parquet', '$HOME/data/math/test.parquet']" data.train_batch_size=${train_batch_size} data.max_prompt_length=${max_prompt_length} data.max_response_length=${max_response_length} data.filter_overlong_prompts=True data.truncation='error')
+ MODEL=(actor_rollout_ref.model.path="$MODEL_PATH" actor_rollout_ref.model.use_remove_padding=True)
+ ACTOR=(actor_rollout_ref.actor.optim.lr=${actor_lr} actor_rollout_ref.actor.ppo_mini_batch_size=${ppo_mini_batch_size} actor_rollout_ref.actor.use_dynamic_bsz=True actor_rollout_ref.actor.ppo_max_token_len_per_gpu=${ppo_max_token_len_per_gpu} actor_rollout_ref.actor.use_kl_loss=True actor_rollout_ref.actor.kl_loss_coef=${kl_loss_coef} actor_rollout_ref.actor.kl_loss_type=low_var_kl actor_rollout_ref.actor.entropy_coeff=${entropy_coeff} actor_rollout_ref.actor.megatron.tensor_model_parallel_size=${actor_tp} actor_rollout_ref.actor.megatron.pipeline_model_parallel_size=${actor_pp})
+ ROLLOUT=(actor_rollout_ref.rollout.name=${INFER_BACKEND} actor_rollout_ref.rollout.tensor_model_parallel_size=${rollout_tp} actor_rollout_ref.rollout.gpu_memory_utilization=${rollout_gpu_mem_util} actor_rollout_ref.rollout.n=${rollout_n} actor_rollout_ref.rollout.log_prob_use_dynamic_bsz=True actor_rollout_ref.rollout.log_prob_max_token_len_per_gpu=${ppo_max_token_len_per_gpu})
+ REF=(actor_rollout_ref.ref.log_prob_use_dynamic_bsz=True actor_rollout_ref.ref.log_prob_max_token_len_per_gpu=${ppo_max_token_len_per_gpu} actor_rollout_ref.ref.megatron.tensor_model_parallel_size=${actor_tp} actor_rollout_ref.ref.megatron.pipeline_model_parallel_size=${actor_pp})
+ TRAINER=(trainer.balance_batch=True trainer.logger='["console","wandb"]' trainer.project_name=${project_name} trainer.experiment_name=${experiment_name} trainer.n_gpus_per_node=${NGPUS_PER_NODE} trainer.nnodes=${NNODES} trainer.save_freq=${save_freq} trainer.test_freq=${test_freq} trainer.total_epochs=${total_epochs})
+ EXTRA=(model_engine=megatron)
+ LAUNCH=(python3)
+ RAY=(ray_kwargs.ray_init.runtime_env.py_executable=null)
+ '[' 0 '!=' 0 ']'
+ python3 -m verl.trainer.main_ppo algorithm.adv_estimator=grpo algorithm.use_kl_in_reward=False 'data.train_files=['\''/root/data/gsm8k/train.parquet'\'', '\''/root/data/math/train.parquet'\'']' 'data.val_files=['\''/root/data/gsm8k/test.parquet'\'', '\''/root/data/math/test.parquet'\'']' data.train_batch_size=1024 data.max_prompt_length=16640 data.max_response_length=4096 data.filter_overlong_prompts=True data.truncation=error actor_rollout_ref.model.path=/home/p00938733/Qwen3-8B actor_rollout_ref.model.use_remove_padding=True actor_rollout_ref.actor.optim.lr=1e-6 actor_rollout_ref.actor.ppo_mini_batch_size=256 actor_rollout_ref.actor.use_dynamic_bsz=True actor_rollout_ref.actor.ppo_max_token_len_per_gpu=49152 actor_rollout_ref.actor.use_kl_loss=True actor_rollout_ref.actor.kl_loss_coef=0.001 actor_rollout_ref.actor.kl_loss_type=low_var_kl actor_rollout_ref.actor.entropy_coeff=0 actor_rollout_ref.actor.megatron.tensor_model_parallel_size=2 actor_rollout_ref.actor.megatron.pipeline_model_parallel_size=2 actor_rollout_ref.rollout.name=vllm actor_rollout_ref.rollout.tensor_model_parallel_size=2 actor_rollout_ref.rollout.gpu_memory_utilization=0.6 actor_rollout_ref.rollout.n=5 actor_rollout_ref.rollout.log_prob_use_dynamic_bsz=True actor_rollout_ref.rollout.log_prob_max_token_len_per_gpu=49152 actor_rollout_ref.ref.log_prob_use_dynamic_bsz=True actor_rollout_ref.ref.log_prob_max_token_len_per_gpu=49152 actor_rollout_ref.ref.megatron.tensor_model_parallel_size=2 actor_rollout_ref.ref.megatron.pipeline_model_parallel_size=2 trainer.balance_batch=True 'trainer.logger=["console","wandb"]' trainer.project_name=verl_grpo_gsm8k_math trainer.experiment_name=qwen3_8b_vllm_megatron trainer.n_gpus_per_node=8 trainer.nnodes=1 trainer.save_freq=20 trainer.test_freq=5 trainer.total_epochs=15 model_engine=megatron ray_kwargs.ray_init.runtime_env.py_executable=null actor_rollout_ref.model.path=/home/p00938733/Qwen3-8B data.train_files=/home/p00938733/ruler-verl/16k4k/train.parquet data.val_files=/home/p00938733/ruler-verl/16k4k/test.parquet data.max_prompt_length=16640 data.max_response_length=4096 data.train_batch_size=4 data.gen_batch_size=4 data.shuffle=false data.seed=42 actor_rollout_ref.model.use_remove_padding=true actor_rollout_ref.actor.megatron.vanilla_mbridge=false actor_rollout_ref.actor.megatron.use_remove_padding=true actor_rollout_ref.actor.megatron.sequence_parallel=true actor_rollout_ref.actor.megatron.tensor_model_parallel_size=2 actor_rollout_ref.actor.megatron.pipeline_model_parallel_size=2 actor_rollout_ref.actor.megatron.context_parallel_size=2 actor_rollout_ref.ref.megatron.sequence_parallel=true actor_rollout_ref.ref.megatron.tensor_model_parallel_size=2 actor_rollout_ref.ref.megatron.pipeline_model_parallel_size=2 actor_rollout_ref.ref.megatron.context_parallel_size=2 actor_rollout_ref.actor.megatron.param_offload=true actor_rollout_ref.actor.megatron.optimizer_offload=true actor_rollout_ref.ref.megatron.param_offload=true actor_rollout_ref.actor.ppo_mini_batch_size=1 actor_rollout_ref.actor.data_loader_seed=42 actor_rollout_ref.actor.optim.lr=0.0 actor_rollout_ref.actor.calculate_entropy=true actor_rollout_ref.actor.entropy_coeff=0.001 actor_rollout_ref.rollout.n=4 actor_rollout_ref.rollout.seed=42 actor_rollout_ref.rollout.tensor_model_parallel_size=4 actor_rollout_ref.rollout.gpu_memory_utilization=0.5 actor_rollout_ref.rollout.ignore_eos=true actor_rollout_ref.rollout.max_model_len=20736 trainer.use_v1=true trainer.v1.trainer_mode=sync trainer.total_training_steps=4 trainer.resume_mode=disable trainer.val_before_train=false trainer.n_gpus_per_node=8 trainer.nnodes=1 'trainer.logger=["console"]' trainer.project_name=rlmh_combinations_a100 trainer.experiment_name=rlmh_combinations_a100 trainer.save_freq=-1 trainer.test_freq=-1 skip.rollout.enable=false skip.rollout_tq.enable=true skip.rollout_tq.dump_dir=/home/p00938733/rlmh-cache/16k4k-recompute-20260910-205736 'skip.rollout_tq.steps=[1,2,3,4]' skip.rollout_tq.action=cache data.filter_overlong_prompts=false data.truncation=error data.dataloader_num_workers=0 +data.apply_chat_template_kwargs.enable_thinking=false reward.custom_reward_function.path=/home/p00938733/ruler-verl/ruler_niah_reward.py reward.custom_reward_function.name=compute_score actor_rollout_ref.rollout.temperature=1.0 actor_rollout_ref.rollout.top_p=0.95 actor_rollout_ref.rollout.max_num_batched_tokens=65536 actor_rollout_ref.actor.megatron.override_transformer_config.recompute_granularity=full actor_rollout_ref.actor.megatron.override_transformer_config.recompute_method=uniform actor_rollout_ref.actor.megatron.override_transformer_config.recompute_num_layers=1 actor_rollout_ref.actor.use_dynamic_bsz=false actor_rollout_ref.actor.ppo_micro_batch_size_per_gpu=1 actor_rollout_ref.rollout.log_prob_use_dynamic_bsz=false actor_rollout_ref.rollout.log_prob_micro_batch_size_per_gpu=1 actor_rollout_ref.ref.log_prob_use_dynamic_bsz=false actor_rollout_ref.ref.log_prob_micro_batch_size_per_gpu=1 '+ray_kwargs.ray_init.runtime_env.env_vars.VERL_RESPONSE_ONLY_LM_HEAD_PROFILE="0"' actor_rollout_ref.model.use_fused_kernels=false actor_rollout_ref.actor.megatron.response_only_lm_head=false actor_rollout_ref.ref.megatron.response_only_lm_head=false
/home/p00938733/verl-090/verl/trainer/main_ppo.py:180: UserWarning: Disabled critic as algorithm.adv_estimator != gae. If it is not intended, please set critic.enable=True
  use_critic=need_critic(config),
[validate_config] All configuration checks passed successfully!
ray init kwargs: {'num_cpus': None, 'runtime_env': {'env_vars': {'NCCL_DEBUG': 'WARN', 'VLLM_LOGGING_LEVEL': 'WARN', 'VLLM_ALLOW_RUNTIME_LORA_UPDATING': 'true', 'VLLM_DISABLE_COMPILE_CACHE': '1', 'HCCL_HOST_SOCKET_PORT_RANGE': 'auto', 'HCCL_NPU_SOCKET_PORT_RANGE': 'auto', 'HSA_NO_SCRATCH_RECLAIM': '1', 'VERL_FULL_DETERMINISM': '0', 'VLLM_BATCH_INVARIANT': '0', 'VERL_RL_INSIGHT_ENABLE': '0', 'VERL_RESPONSE_ONLY_LM_HEAD_PROFILE': '0'}, 'working_dir': None, 'py_executable': None}}
2026-09-10 22:27:13,982	INFO worker.py:1814 -- Connecting to existing Ray cluster at address: 10.90.67.85:6389...
2026-09-10 22:27:13,997	INFO worker.py:2003 -- Connected to Ray cluster. View the dashboard at [1m[32mhttp://10.90.67.85:8265 [39m[22m
/opt/dev/lib/python3.12/site-packages/ray/_private/worker.py:2051: FutureWarning: Tip: In future versions of Ray, Ray will no longer override accelerator visible devices env var if num_gpus=0 or num_gpus=None (default). To enable this behavior and turn off this error message, set RAY_ACCEL_ENV_VAR_OVERRIDE_ON_ZERO=0
  warnings.warn(
[36m(TaskRunnerV1 pid=3586571)[0m WARNING:2026-09-10 22:27:28,580:Platform 'nvidia' (PlatformCUDA) is registered but not available. This may be due to this ray actor being a CPU-only actor.
[36m(TaskRunnerV1 pid=3586571)[0m /home/p00938733/verl-090/verl/workers/engine/__init__.py:32: UserWarning: torchtitan engine is not available: ModuleNotFoundError("No module named 'torchtitan'")
[36m(TaskRunnerV1 pid=3586571)[0m   warnings.warn(f"torchtitan engine is not available: {e!r}", stacklevel=1)
[36m(TaskRunnerV1 pid=3586571)[0m /home/p00938733/verl-090/verl/workers/engine/__init__.py:41: UserWarning: veomni engine is not available: ModuleNotFoundError("No module named 'veomni'")
[36m(TaskRunnerV1 pid=3586571)[0m   warnings.warn(f"veomni engine is not available: {e!r}", stacklevel=1)
[36m(TaskRunnerV1 pid=3586571)[0m /home/p00938733/verl-090/verl/workers/engine/__init__.py:50: UserWarning: automodel engine is not available: ModuleNotFoundError("No module named 'nemo_automodel'")
[36m(TaskRunnerV1 pid=3586571)[0m   warnings.warn(f"automodel engine is not available: {e!r}", stacklevel=1)
[36m(TaskRunnerV1 pid=3586571)[0m W0910 22:27:32.863000 3586571 torch/utils/cpp_extension.py:140] No CUDA runtime is found, using CUDA_HOME='/usr/local/cuda'
[36m(TaskRunnerV1 pid=3586571)[0m {'actor_rollout_ref': {'actor': {'_target_': 'verl.workers.config.McoreActorConfig',
[36m(TaskRunnerV1 pid=3586571)[0m                                  'calculate_entropy': True,
[36m(TaskRunnerV1 pid=3586571)[0m                                  'calculate_sum_pi_squared': False,
[36m(TaskRunnerV1 pid=3586571)[0m                                  'checkpoint': {'_target_': 'verl.workers.config.McoreCheckpointConfig',
[36m(TaskRunnerV1 pid=3586571)[0m                                                 'async_save': False,
[36m(TaskRunnerV1 pid=3586571)[0m                                                 'load_contents': ['model',
[36m(TaskRunnerV1 pid=3586571)[0m                                                                   'optimizer',
[36m(TaskRunnerV1 pid=3586571)[0m                                                                   'extra'],
[36m(TaskRunnerV1 pid=3586571)[0m                                                 'mbridge_config': {},
[36m(TaskRunnerV1 pid=3586571)[0m                                                 'save_contents': ['model',
[36m(TaskRunnerV1 pid=3586571)[0m                                                                   'optimizer',
[36m(TaskRunnerV1 pid=3586571)[0m                                                                   'extra'],
[36m(TaskRunnerV1 pid=3586571)[0m                                                 'strict': True},
[36m(TaskRunnerV1 pid=3586571)[0m                                  'clip_ratio': 0.2,
[36m(TaskRunnerV1 pid=3586571)[0m                                  'clip_ratio_c': 3.0,
[36m(TaskRunnerV1 pid=3586571)[0m                                  'clip_ratio_high': 0.2,
[36m(TaskRunnerV1 pid=3586571)[0m                                  'clip_ratio_low': 0.2,
[36m(TaskRunnerV1 pid=3586571)[0m                                  'data_loader_seed': 42,
[36m(TaskRunnerV1 pid=3586571)[0m                                  'entropy_coeff': 0.001,
[36m(TaskRunnerV1 pid=3586571)[0m                                  'entropy_from_logits_chunk_size': 2048,
[36m(TaskRunnerV1 pid=3586571)[0m                                  'entropy_from_logits_with_chunking': False,
[36m(TaskRunnerV1 pid=3586571)[0m                                  'freeze_vision_tower': False,
[36m(TaskRunnerV1 pid=3586571)[0m                                  'kl_loss_coef': 0.001,
[36m(TaskRunnerV1 pid=3586571)[0m                                  'kl_loss_type': 'low_var_kl',
[36m(TaskRunnerV1 pid=3586571)[0m                                  'loss_agg_mode': 'token-mean',
[36m(TaskRunnerV1 pid=3586571)[0m                                  'loss_scale_factor': None,
[36m(TaskRunnerV1 pid=3586571)[0m                                  'megatron': {'_target_': 'verl.workers.config.McoreEngineConfig',
[36m(TaskRunnerV1 pid=3586571)[0m                                               'context_parallel_size': 2,
[36m(TaskRunnerV1 pid=3586571)[0m                                               'dist_checkpointing_path': None,
[36m(TaskRunnerV1 pid=3586571)[0m                                               'dist_checkpointing_prefix': '',
[36m(TaskRunnerV1 pid=3586571)[0m                                               'dist_ckpt_optim_fully_reshardable': False,
[36m(TaskRunnerV1 pid=3586571)[0m                                               'distrib_optim_fully_reshardable_mem_efficient': False,
[36m(TaskRunnerV1 pid=3586571)[0m                                               'dtype': 'bfloat16',
[36m(TaskRunnerV1 pid=3586571)[0m                                               'dynamic_context_parallel': False,
[36m(TaskRunnerV1 pid=3586571)[0m                                               'entropy_from_logits_chunk_size': 2048,
[36m(TaskRunnerV1 pid=3586571)[0m                                               'entropy_from_logits_with_chunking': False,
[36m(TaskRunnerV1 pid=3586571)[0m                                               'expert_model_parallel_size': 1,
[36m(TaskRunnerV1 pid=3586571)[0m                                               'expert_tensor_parallel_size': None,
[36m(TaskRunnerV1 pid=3586571)[0m                                               'forward_only': False,
[36m(TaskRunnerV1 pid=3586571)[0m                                               'max_seqlen_per_dp_cp_rank': None,
[36m(TaskRunnerV1 pid=3586571)[0m                                               'optimizer_offload': True,
[36m(TaskRunnerV1 pid=3586571)[0m                                               'override_ddp_config': {},
[36m(TaskRunnerV1 pid=3586571)[0m                                               'override_mcore_model_config': {},
[36m(TaskRunnerV1 pid=3586571)[0m                                               'override_transformer_config': {'attention_backend': 'flash',
[36m(TaskRunnerV1 pid=3586571)[0m                                                                               'recompute_granularity': 'full',
[36m(TaskRunnerV1 pid=3586571)[0m                                                                               'recompute_method': 'uniform',
[36m(TaskRunnerV1 pid=3586571)[0m                                                                               'recompute_modules': ['core_attn'],
[36m(TaskRunnerV1 pid=3586571)[0m                                                                               'recompute_num_layers': 1},
[36m(TaskRunnerV1 pid=3586571)[0m                                               'pad_bshd_to_minibatch_max': True,
[36m(TaskRunnerV1 pid=3586571)[0m                                               'pad_to_length': False,
[36m(TaskRunnerV1 pid=3586571)[0m                                               'pad_to_length_bucket': 512,
[36m(TaskRunnerV1 pid=3586571)[0m                                               'param_offload': True,
[36m(TaskRunnerV1 pid=3586571)[0m                                               'pipeline_model_parallel_size': 2,
[36m(TaskRunnerV1 pid=3586571)[0m                                               'qat': {'_target_': 'verl.workers.config.QATEngineConfig',
[36m(TaskRunnerV1 pid=3586571)[0m                                                       'activation_observer': None,
[36m(TaskRunnerV1 pid=3586571)[0m                                                       'enable': False,
[36m(TaskRunnerV1 pid=3586571)[0m                                                       'group_size': 16,
[36m(TaskRunnerV1 pid=3586571)[0m                                                       'ignore_patterns': ['lm_head',
[36m(TaskRunnerV1 pid=3586571)[0m                                                                           '*mlp.gate'],
[36m(TaskRunnerV1 pid=3586571)[0m                                                       'mode': 'w4a16',
[36m(TaskRunnerV1 pid=3586571)[0m                                                       'quantization_config_path': None},
[36m(TaskRunnerV1 pid=3586571)[0m                                               'response_only_lm_head': False,
[36m(TaskRunnerV1 pid=3586571)[0m                                               'router_replay': {'_target_': 'verl.workers.config.EngineRouterReplayConfig',
[36m(TaskRunnerV1 pid=3586571)[0m                                                                 'mode': 'disabled',
[36m(TaskRunnerV1 pid=3586571)[0m                                                                 'record_file': None,
[36m(TaskRunnerV1 pid=3586571)[0m                                                                 'replay_file': None},
[36m(TaskRunnerV1 pid=3586571)[0m                                               'seed': 42,
[36m(TaskRunnerV1 pid=3586571)[0m                                               'sequence_parallel': True,
[36m(TaskRunnerV1 pid=3586571)[0m                                               'tensor_model_parallel_size': 2,
[36m(TaskRunnerV1 pid=3586571)[0m                                               'use_dist_checkpointing': False,
[36m(TaskRunnerV1 pid=3586571)[0m                                               'use_distributed_optimizer': True,
[36m(TaskRunnerV1 pid=3586571)[0m                                               'use_mbridge': True,
[36m(TaskRunnerV1 pid=3586571)[0m                                               'use_megatron_fsdp': False,
[36m(TaskRunnerV1 pid=3586571)[0m                                               'use_remove_padding': True,
[36m(TaskRunnerV1 pid=3586571)[0m                                               'vanilla_mbridge': False,
[36m(TaskRunnerV1 pid=3586571)[0m                                               'virtual_pipeline_model_parallel_size': None},
[36m(TaskRunnerV1 pid=3586571)[0m                                  'optim': {'_target_': 'verl.workers.config.McoreOptimizerConfig',
[36m(TaskRunnerV1 pid=3586571)[0m                                            'betas': [0.9, 0.999],
[36m(TaskRunnerV1 pid=3586571)[0m                                            'clip_grad': 1.0,
[36m(TaskRunnerV1 pid=3586571)[0m                                            'exp_avg_dtype': 'fp32',
[36m(TaskRunnerV1 pid=3586571)[0m                                            'exp_avg_sq_dtype': 'fp32',
[36m(TaskRunnerV1 pid=3586571)[0m                                            'lr': 0.0,
[36m(TaskRunnerV1 pid=3586571)[0m                                            'lr_decay_steps': None,
[36m(TaskRunnerV1 pid=3586571)[0m                                            'lr_decay_style': 'constant',
[36m(TaskRunnerV1 pid=3586571)[0m                                            'lr_warmup_init': 0.0,
[36m(TaskRunnerV1 pid=3586571)[0m                                            'lr_warmup_steps': -1,
[36m(TaskRunnerV1 pid=3586571)[0m                                            'lr_warmup_steps_ratio': 0.0,
[36m(TaskRunnerV1 pid=3586571)[0m                                            'lr_wsd_decay_steps': None,
[36m(TaskRunnerV1 pid=3586571)[0m                                            'lr_wsd_decay_style': 'exponential',
[36m(TaskRunnerV1 pid=3586571)[0m                                            'main_grads_dtype': 'fp32',
[36m(TaskRunnerV1 pid=3586571)[0m                                            'min_lr': 0.0,
[36m(TaskRunnerV1 pid=3586571)[0m                                            'muon_coefficient_type': 'quintic',
[36m(TaskRunnerV1 pid=3586571)[0m                                            'muon_extra_scale_factor': 1.0,
[36m(TaskRunnerV1 pid=3586571)[0m                                            'muon_fp32_matmul_prec': 'medium',
[36m(TaskRunnerV1 pid=3586571)[0m                                            'muon_match_adamw_update_rms': False,
[36m(TaskRunnerV1 pid=3586571)[0m                                            'muon_momentum': 0.95,
[36m(TaskRunnerV1 pid=3586571)[0m                                            'muon_nesterov': False,
[36m(TaskRunnerV1 pid=3586571)[0m                                            'muon_num_ns_steps': 5,
[36m(TaskRunnerV1 pid=3586571)[0m                                            'muon_scalar_optimizer': 'adam',
[36m(TaskRunnerV1 pid=3586571)[0m                                            'muon_scale_mode': 'spectral'
[36m(TaskRunnerV1 pid=3586571)[0m ,
[36m(TaskRunnerV1 pid=3586571)[0m                                            
[36m(TaskRunnerV1 pid=3586571)[0m 'muon_split_qkv': True,
[36m(TaskRunnerV1 pid=3586571)[0m                                            'muon_tp_mode': 'blockwise',
[36m(TaskRunnerV1 pid=3586571)[0m                                            'optimizer': 'adam',
[36m(TaskRunnerV1 pid=3586571)[0m                                            'override_optimizer_config': {},
[36m(TaskRunnerV1 pid=3586571)[0m                                            'total_training_steps': -1,
[36m(TaskRunnerV1 pid=3586571)[0m                                            'use_checkpoint_opt_param_scheduler': False,
[36m(TaskRunnerV1 pid=3586571)[0m                                            'use_layer_wise_distributed_optimizer': False,
[36m(TaskRunnerV1 pid=3586571)[0m                                            'use_precision_aware_optimizer': False,
[36m(TaskRunnerV1 pid=3586571)[0m                                            'weight_decay': 0.01,
[36m(TaskRunnerV1 pid=3586571)[0m                                            'weight_decay_incr_style': 'constant'},
[36m(TaskRunnerV1 pid=3586571)[0m                                  'policy_loss': {'_target_': 'verl.workers.config.PolicyLossConfig',
[36m(TaskRunnerV1 pid=3586571)[0m                                                  'clip_cov_lb': 1.0,
[36m(TaskRunnerV1 pid=3586571)[0m                                                  'clip_cov_ratio': 0.0002,
[36m(TaskRunnerV1 pid=3586571)[0m                                                  'clip_cov_ub': 5.0,
[36m(TaskRunnerV1 pid=3586571)[0m                                                  'dro_beta': None,
[36m(TaskRunnerV1 pid=3586571)[0m                                                  'kl_cov_ratio': 0.0002,
[36m(TaskRunnerV1 pid=3586571)[0m                                                  'loss_mode': 'vanilla',
[36m(TaskRunnerV1 pid=3586571)[0m                                                  'ppo_kl_coef': 0.1},
[36m(TaskRunnerV1 pid=3586571)[0m                                  'ppo_epochs': 1,
[36m(TaskRunnerV1 pid=3586571)[0m                                  'ppo_max_token_len_per_gpu': 49152,
[36m(TaskRunnerV1 pid=3586571)[0m                                  'ppo_micro_batch_size': None,
[36m(TaskRunnerV1 pid=3586571)[0m                                  'ppo_micro_batch_size_per_gpu': 1,
[36m(TaskRunnerV1 pid=3586571)[0m                                  'ppo_mini_batch_size': 1,
[36m(TaskRunnerV1 pid=3586571)[0m                                  'profiler': {'_target_': 'verl.utils.profiler.ProfilerConfig',
[36m(TaskRunnerV1 pid=3586571)[0m                                               'all_ranks': False,
[36m(TaskRunnerV1 pid=3586571)[0m                                               'enable': False,
[36m(TaskRunnerV1 pid=3586571)[0m                                               'finish_hook_all_ranks': False,
[36m(TaskRunnerV1 pid=3586571)[0m                                               'finish_hook_cmd': None,
[36m(TaskRunnerV1 pid=3586571)[0m                                               'finish_hook_ranks': [],
[36m(TaskRunnerV1 pid=3586571)[0m                                               'ranks': [],
[36m(TaskRunnerV1 pid=3586571)[0m                                               'relocate_results': False,
[36m(TaskRunnerV1 pid=3586571)[0m                                               'save_path': 'outputs/profile',
[36m(TaskRunnerV1 pid=3586571)[0m                                               'tool': None,
[36m(TaskRunnerV1 pid=3586571)[0m                                               'tool_config': {'npu': {'_target_': 'verl.utils.profiler.config.NPUToolConfig',
[36m(TaskRunnerV1 pid=3586571)[0m                                                                       'analysis': True,
[36m(TaskRunnerV1 pid=3586571)[0m                                                                       'contents': [],
[36m(TaskRunnerV1 pid=3586571)[0m                                                                       'discrete': False,
[36m(TaskRunnerV1 pid=3586571)[0m                                                                       'level': 'level0'},
[36m(TaskRunnerV1 pid=3586571)[0m                                                               'nsys': {'_target_': 'verl.utils.profiler.config.NsightToolConfig',
[36m(TaskRunnerV1 pid=3586571)[0m                                                                        'discrete': False},
[36m(TaskRunnerV1 pid=3586571)[0m                                                               'precision_debugger': {'_target_': 'verl.utils.profiler.config.PrecisionDebuggerToolConfig',
[36m(TaskRunnerV1 pid=3586571)[0m                                                                                      'config_path': None,
[36m(TaskRunnerV1 pid=3586571)[0m                                                                                      'stages': None,
[36m(TaskRunnerV1 pid=3586571)[0m                                                                                      'steps': None,
[36m(TaskRunnerV1 pid=3586571)[0m                                                                                      'strict': False},
[36m(TaskRunnerV1 pid=3586571)[0m                                                               'torch': {'_target_': 'verl.utils.profiler.config.TorchProfilerToolConfig',
[36m(TaskRunnerV1 pid=3586571)[0m                                                                         'contents': [],
[36m(TaskRunnerV1 pid=3586571)[0m                                                                         'discrete': False,
[36m(TaskRunnerV1 pid=3586571)[0m                                                                         'schedule': {'_target_': 'verl.utils.profiler.config.TorchProfilerScheduleConfig',
[36m(TaskRunnerV1 pid=3586571)[0m                                                                                      'active': 0,
[36m(TaskRunnerV1 pid=3586571)[0m                                                                                      'repeat': 0,
[36m(TaskRunnerV1 pid=3586571)[0m                                                                                      'skip_first': 0,
[36m(TaskRunnerV1 pid=3586571)[0m                                                                                      'wait': 0,
[36m(TaskRunnerV1 pid=3586571)[0m                                                                                      'warmup': 0}},
[36m(TaskRunnerV1 pid=3586571)[0m                                                               'torch_memory': {'_target_': 'verl.utils.profiler.config.TorchMemoryToolConfig',
[36m(TaskRunnerV1 pid=3586571)[0m                                                                                'memory_snapshot_num_steps': 1,
[36m(TaskRunnerV1 pid=3586571)[0m                                                                                'stack_depth': 32,
[36m(TaskRunnerV1 pid=3586571)[0m                                                                                'trace_alloc_max_entries': 100000}}},
[36m(TaskRunnerV1 pid=3586571)[0m                                  'qat': {'activation_observer': 'static_minmax',
[36m(TaskRunnerV1 pid=3586571)[0m                                          'enable': False,
[36m(TaskRunnerV1 pid=3586571)[0m                                          'group_size': 16,
[36m(TaskRunnerV1 pid=3586571)[0m                                          'ignore_patterns': ['lm_head',
[36m(TaskRunnerV1 pid=3586571)[0m                                                              'embed_tokens',
[36m(TaskRunnerV1 pid=3586571)[0m                                                              're:.*mlp.gate$'],
[36m(TaskRunnerV1 pid=3586571)[0m                                          'mode': 'w4a16',
[36m(TaskRunnerV1 pid=3586571)[0m                                          'quantization_config_path': None},
[36m(TaskRunnerV1 pid=3586571)[0m                                  'rollout_n': 4,
[36m(TaskRunnerV1 pid=3586571)[0m                                  'shuffle': False,
[36m(TaskRunnerV1 pid=3586571)[0m                                  'strategy': 'megatron',
[36m(TaskRunnerV1 pid=3586571)[0m                                  'tau_neg': 1.05,
[36m(TaskRunnerV1 pid=3586571)[0m                                  'tau_pos': 1.0,
[36m(TaskRunnerV1 pid=3586571)[0m                                  'use_dynamic_bsz': False,
[36m(TaskRunnerV1 pid=3586571)[0m                                  'use_fused_kernels': False,
[36m(TaskRunnerV1 pid=3586571)[0m                                  'use_kl_loss': True,
[36m(TaskRunnerV1 pid=3586571)[0m                                  'use_prefix_grouper': False,
[36m(TaskRunnerV1 pid=3586571)[0m                                  'use_torch_compile': True},
[36m(TaskRunnerV1 pid=3586571)[0m                        'hybrid_engine': True,
[36m(TaskRunnerV1 pid=3586571)[0m                        'model': {'_target_': 'verl.workers.config.HFModelConfig',
[36m(TaskRunnerV1 pid=3586571)[0m                                  'custom_chat_template': None,
[36m(TaskRunnerV1 pid=3586571)[0m                                  'enable_activation_offload': False,
[36m(TaskRunnerV1 pid=3586571)[0m                                  'enable_gradient_checkpointing': True,
[36m(TaskRunnerV1 pid=3586571)[0m                                  'exclude_modules': None,
[36m(TaskRunnerV1 pid=3586571)[0m                                  'external_lib': None,
[36m(TaskRunnerV1 pid=3586571)[0m                                  'fused_kernel_options': {'impl_backend': 'torch'},
[36m(TaskRunnerV1 pid=3586571)[0m                                  'hf_config_path': None,
[36m(TaskRunnerV1 pid=3586571)[0m                                  'lora': {'a2a_experimental': False,
[36m(TaskRunnerV1 pid=3586571)[0m                                           'adapter_path': None,
[36m(TaskRunnerV1 pid=3586571)[0m                                           'alpha': 32,
[36m(TaskRunnerV1 pid=3586571)[0m                                           'dropout': 0.0,
[36m(TaskRunnerV1 pid=3586571)[0m                                           'dropout_position': 'pre',
[36m(TaskRunnerV1 pid=3586571)[0m                                           'dtype': None,
[36m(TaskRunnerV1 pid=3586571)[0m                                           'exclude_modules': [],
[36m(TaskRunnerV1 pid=3586571)[0m                                           'freeze_language_model': True,
[36m(TaskRunnerV1 pid=3586571)[0m                                           'freeze_vision_model': True,
[36m(TaskRunnerV1 pid=3586571)[0m                                           'freeze_vision_projection': True,
[36m(TaskRunnerV1 pid=3586571)[0m                                           'lora_A_init_method': 'xavier',
[36m(TaskRunnerV1 pid=3586571)[0m                                           'lora_B_init_method': 'zero',
[36m(TaskRunnerV1 pid=3586571)[0m                                           'merge': False,
[36m(TaskRunnerV1 pid=3586571)[0m                                           'rank': 0,
[36m(TaskRunnerV1 pid=3586571)[0m                                           'target_modules': ['linear_qkv',
[36m(TaskRunnerV1 pid=3586571)[0m                                                              'linear_proj',
[36m(TaskRunnerV1 pid=3586571)[0m                                                              'linear_fc1',
[36m(TaskRunnerV1 pid=3586571)[0m                                                              'linear_fc2'],
[36m(TaskRunnerV1 pid=3586571)[0m                                           'type': 'lora'},
[36m(TaskRunnerV1 pid=3586571)[0m                                  'lora_adapter_path': None,
[36m(TaskRunnerV1 pid=3586571)[0m                                  'lora_alpha': 16,
[36m(TaskRunnerV1 pid=3586571)[0m                                  'lora_rank': 0,
[36m(TaskRunnerV1 pid=3586571)[0m                                  'mtp': {'_target_': 'verl.workers.config.MtpConfig',
[36m(TaskRunnerV1 pid=3586571)[0m                                          'detach_encoder': False,
[36m(TaskRunnerV1 pid=3586571)[0m                                          'enable': False,
[36m(TaskRunnerV1 pid=3586571)[0m                                          'enable_rollout': False,
[36m(TaskRunnerV1 pid=3586571)[0m                                          'enable_train': False,
[36m(TaskRunnerV1 pid=3586571)[0m                                          'method': 'mtp',
[36m(TaskRunnerV1 pid=3586571)[0m                                          'mtp_loss_scaling_factor': 0.1,
[36m(TaskRunnerV1 pid=3586571)[0m                                          'num_speculative_tokens': 1,
[36m(TaskRunnerV1 pid=3586571)[0m                                          'speculative_algorithm': 'EAGLE',
[36m(TaskRunnerV1 pid=3586571)[0m                                          'speculative_eagle_topk': 1,
[36m(TaskRunnerV1 pid=3586571)[0m                                          'speculative_num_draft_tokens': 4,
[36m(TaskRunnerV1 pid=3586571)[0m                                          'speculative_num_steps': 3},
[36m(TaskRunnerV1 pid=3586571)[0m                                  'override_config': {},
[36m(TaskRunnerV1 pid=3586571)[0m                                  'path': '/home/p00938733/Qwen3-8B',
[36m(TaskRunnerV1 pid=3586571)[0m                                  'target_modules': 'all-linear',
[36m(TaskRunnerV1 pid=3586571)[0m                                  'tiled_mlp': {'enabled': False,
[36m(TaskRunnerV1 pid=3586571)[0m                                                'num_shards': 4},
[36m(TaskRunnerV1 pid=3586571)[0m                                  'tokenizer_path': None,
[36m(TaskRunnerV1 pid=3586571)[0m                                  'trust_remote_code': False,
[36m(TaskRunnerV1 pid=3586571)[0m                                  'use_fused_kernels': False,
[36m(TaskRunnerV1 pid=3586571)[0m                                  'use_liger': False,
[36m(TaskRunnerV1 pid=3586571)[0m                                  'use_remove_padding': True,
[36m(TaskRunnerV1 pid=3586571)[0m                                  'use_shm': False},
[36m(TaskRunnerV1 pid=3586571)[0m                        'nccl_timeout': 600,
[36m(TaskRunnerV1 pid=3586571)[0m                        'ref': {'_target_': 'verl.workers.config.McoreActorConfig',
[36m(TaskRunnerV1 pid=3586571)[0m                                'entropy_from_logits_chunk_size': 2048,
[36m(TaskRunnerV1 pid=3586571)[0m                                'entropy_from_logits_with_chunking': False,
[36m(TaskRunnerV1 pid=3586571)[0m                                'log_prob_max_token_len_per_gpu': 49152,
[36m(TaskRunnerV1 pid=3586571)[0m                                'log_prob_micro_batch_size': None,
[36m(TaskRunnerV1 pid=3586571)[0m                                'log_prob_micro_batch_size_per_gpu': 1,
[36m(TaskRunnerV1 pid=3586571)[0m                                'log_prob_use_dynamic_bsz': False,
[36m(TaskRunnerV1 pid=3586571)[0m                                'megatron': {'_target_': 'verl.workers.config.McoreEngineConfig',
[36m(TaskRunnerV1 pid=3586571)[0m                                             'context_parallel_size': 2,
[36m(TaskRunnerV1 pid=3586571)[0m                                             'dist_checkpointing_path': None,
[36m(TaskRunnerV1 pid=3586571)[0m                                             'dist_checkpointing_prefix': '',
[36m(TaskRunnerV1 pid=3586571)[0m                                             'dist_ckpt_optim_fully_reshardable': False,
[36m(TaskRunnerV1 pid=3586571)[0m                                             'distrib_optim_fully_reshardable_mem_efficient': False,
[36m(TaskRunnerV1 pid=3586571)[0m                                             'dtype': 'bfloat16',
[36m(TaskRunnerV1 pid=3586571)[0m                                             'dynamic_context_parallel': False,
[36m(TaskRunnerV1 pid=3586571)[0m                                             'entropy_from_logits_chunk_size': 2048,
[36m(TaskRunnerV1 pid=3586571)[0m                                             'entropy_from_logits_with_chunking': False,
[36m(TaskRunnerV1 pid=3586571)[0m                                             'expert_model_parallel_size': 1,
[36m(TaskRunnerV1 pid=3586571)[0m                                             'expert_tensor_parallel_size': None,
[36m(TaskRunnerV1 pid=3586571)[0m                                             'forward_only': True,
[36m(TaskRunnerV1 pid=3586571)[0m                                             'max_seqlen_per_dp_cp_rank': None,
[36m(TaskRunnerV1 pid=3586571)[0m                                             'optimizer_offload': False,
[36m(TaskRunnerV1 pid=3586571)[0m                                             'override_ddp_config': {},
[36m(TaskRunnerV1 pid=3586571)[0m                                             'override_mcore_model_config': {},
[36m(TaskRunnerV1 pid=3586571)[0m                                             'override_transformer_config': {'attention_backend': 'flash',
[36m(TaskRunnerV1 pid=3586571)[0m                                                                             'recompute_granularity': 'full',
[36m(TaskRunnerV1 pid=3586571)[0m                                                                             'recompute_method': 'uniform',
[36m(TaskRunnerV1 pid=3586571)[0m                                                                             'recompute_modules': ['core_attn'],
[36m(TaskRunnerV1 pid=3586571)[0m                                                                             'recompute_num_layers': 1},
[36m(TaskRunnerV1 pid=3586571)[0m                                             'pad_bshd_to_minibatch_max': True,
[36m(TaskRunnerV1 pid=3586571)[0m                                             'pad_to_length': False,
[36m(TaskRunnerV1 pid=3586571)[0m                                             'pad_to_length_bucket': 512,
[36m(TaskRunnerV1 pid=3586571)[0m                                             'param_offload': True,
[36m(TaskRunnerV1 pid=3586571)[0m                                             'pipeline_model_parallel_size': 2,
[36m(TaskRunnerV1 pid=3586571)[0m                                             'qat': {'_target_': 'verl.workers.config.QATEngineConfig',
[36m(TaskRunnerV1 pid=3586571)[0m                                                     'activation_observer': None,
[36m(TaskRunnerV1 pid=3586571)[0m                                                     'enable': False,
[36m(TaskRunnerV1 pid=3586571)[0m                                                     'group_size': 16,
[36m(TaskRunnerV1 pid=3586571)[0m                                                     'ignore_patterns': ['lm_head',
[36m(TaskRunnerV1 pid=3586571)[0m                                                                         '*mlp.gate'],
[36m(TaskRunnerV1 pid=3586571)[0m                                                     'mode': 'w4a16',
[36m(TaskRunnerV1 pid=3586571)[0m                                                     'quantization_config_path': None},
[36m(TaskRunnerV1 pid=3586571)[0m                                             'response_only_lm_head': False,
[36m(TaskRunnerV1 pid=3586571)[0m                                             'router_replay': {'_target_': 'verl.workers.config.EngineRouterReplayConfig',
[36m(TaskRunnerV1 pid=3586571)[0m                                                               'mode': 'disabled',
[36m(TaskRunnerV1 pid=3586571)[0m                                                               'record_file': None,
[36m(TaskRunnerV1 pid=3586571)[0m                                                               'replay_file': None},
[36m(TaskRunnerV1 pid=3586571)[0m                                             'seed': 42,
[36m(TaskRunnerV1 pid=3586571)[0m                                             'sequence_parallel': True,
[36m(TaskRunnerV1 pid=3586571)[0m                                             'tensor_model_parallel_size': 2,
[36m(TaskRunnerV1 pid=3586571)[0m                                             'use_dist_checkpointing': False,
[36m(TaskRunnerV1 pid=3586571)[0m                                             'use_distributed_optimizer': True,
[36m(TaskRunnerV1 pid=3586571)[0m                                             'use_mbridge': True,
[36m(TaskRunnerV1 pid=3586571)[0m                                             'use_megatron_fsdp': False,
[36m(TaskRunnerV1 pid=3586571)[0m                                             'use_remove_padding': True,
[36m(TaskRunnerV1 pid=3586571)[0m                                             'vanilla_mbridge': False,
[36m(TaskRunnerV1 pid=3586571)[0m                                             'virtual_pipeline_model_parallel_size': None},
[36m(TaskRunnerV1 pid=3586571)[0m                                'profiler': {'_target_': 'verl.utils.profiler.ProfilerConfig',
[36m(TaskRunnerV1 pid=3586571)[0m                                             'all_ranks': False,
[36m(TaskRunnerV1 pid=3586571)[0m                                             'enable': False,
[36m(TaskRunnerV1 pid=3586571)[0m                                             'finish_hook_all_ranks': False
[36m(TaskRunnerV1 pid=3586571)[0m ,
[36m(TaskRunnerV1 pid=3586571)[0m                                             
[36m(TaskRunnerV1 pid=3586571)[0m 'finish_hook_cmd': None,
[36m(TaskRunnerV1 pid=3586571)[0m                                             'finish_hook_ranks': [],
[36m(TaskRunnerV1 pid=3586571)[0m                                             'ranks': [],
[36m(TaskRunnerV1 pid=3586571)[0m                                             'relocate_results': False,
[36m(TaskRunnerV1 pid=3586571)[0m                                             'save_path': 'outputs/profile',
[36m(TaskRunnerV1 pid=3586571)[0m                                             'tool': None,
[36m(TaskRunnerV1 pid=3586571)[0m                                             'tool_config': {'npu': {'_target_': 'verl.utils.profiler.config.NPUToolConfig',
[36m(TaskRunnerV1 pid=3586571)[0m                                                                     'analysis': True,
[36m(TaskRunnerV1 pid=3586571)[0m                                                                     'contents': [],
[36m(TaskRunnerV1 pid=3586571)[0m                                                                     'discrete': False,
[36m(TaskRunnerV1 pid=3586571)[0m                                                                     'level': 'level0'},
[36m(TaskRunnerV1 pid=3586571)[0m                                                             'nsys': {'_target_': 'verl.utils.profiler.config.NsightToolConfig',
[36m(TaskRunnerV1 pid=3586571)[0m                                                                      'discrete': False},
[36m(TaskRunnerV1 pid=3586571)[0m                                                             'precision_debugger': {'_target_': 'verl.utils.profiler.config.PrecisionDebuggerToolConfig',
[36m(TaskRunnerV1 pid=3586571)[0m                                                                                    'config_path': None,
[36m(TaskRunnerV1 pid=3586571)[0m                                                                                    'stages': None,
[36m(TaskRunnerV1 pid=3586571)[0m                                                                                    'steps': None,
[36m(TaskRunnerV1 pid=3586571)[0m                                                                                    'strict': False},
[36m(TaskRunnerV1 pid=3586571)[0m                                                             'torch': {'_target_': 'verl.utils.profiler.config.TorchProfilerToolConfig',
[36m(TaskRunnerV1 pid=3586571)[0m                                                                       'contents': [],
[36m(TaskRunnerV1 pid=3586571)[0m                                                                       'discrete': False,
[36m(TaskRunnerV1 pid=3586571)[0m                                                                       'schedule': {'_target_': 'verl.utils.profiler.config.TorchProfilerScheduleConfig',
[36m(TaskRunnerV1 pid=3586571)[0m                                                                                    'active': 0,
[36m(TaskRunnerV1 pid=3586571)[0m                                                                                    'repeat': 0,
[36m(TaskRunnerV1 pid=3586571)[0m                                                                                    'skip_first': 0,
[36m(TaskRunnerV1 pid=3586571)[0m                                                                                    'wait': 0,
[36m(TaskRunnerV1 pid=3586571)[0m                                                                                    'warmup': 0}},
[36m(TaskRunnerV1 pid=3586571)[0m                                                             'torch_memory': {'_target_': 'verl.utils.profiler.config.TorchMemoryToolConfig',
[36m(TaskRunnerV1 pid=3586571)[0m                                                                              'memory_snapshot_num_steps': 1,
[36m(TaskRunnerV1 pid=3586571)[0m                                                                              'stack_depth': 32,
[36m(TaskRunnerV1 pid=3586571)[0m                                                                              'trace_alloc_max_entries': 100000}}},
[36m(TaskRunnerV1 pid=3586571)[0m                                'rollout_n': 4,
[36m(TaskRunnerV1 pid=3586571)[0m                                'strategy': 'megatron',
[36m(TaskRunnerV1 pid=3586571)[0m                                'use_torch_compile': True},
[36m(TaskRunnerV1 pid=3586571)[0m                        'rollout': {'_target_': 'verl.workers.config.RolloutConfig',
[36m(TaskRunnerV1 pid=3586571)[0m                                    'agent': {'_target_': 'verl.workers.config.AgentLoopConfig',
[36m(TaskRunnerV1 pid=3586571)[0m                                              'agent_loop_config_path': None,
[36m(TaskRunnerV1 pid=3586571)[0m                                              'custom_async_server': {'_target_': 'verl.workers.config.CustomAsyncServerConfig',
[36m(TaskRunnerV1 pid=3586571)[0m                                                                      'name': None,
[36m(TaskRunnerV1 pid=3586571)[0m                                                                      'path': None},
[36m(TaskRunnerV1 pid=3586571)[0m                                              'default_agent_loop': 'single_turn_agent',
[36m(TaskRunnerV1 pid=3586571)[0m                                              'num_workers': 8},
[36m(TaskRunnerV1 pid=3586571)[0m                                    'calculate_log_probs': True,
[36m(TaskRunnerV1 pid=3586571)[0m                                    'checkpoint_engine': {'_target_': 'verl.workers.config.CheckpointEngineConfig',
[36m(TaskRunnerV1 pid=3586571)[0m                                                          'backend': 'naive',
[36m(TaskRunnerV1 pid=3586571)[0m                                                          'custom_backend_module': None,
[36m(TaskRunnerV1 pid=3586571)[0m                                                          'engine_kwargs': {},
[36m(TaskRunnerV1 pid=3586571)[0m                                                          'update_weights_bucket_megabytes': 2048},
[36m(TaskRunnerV1 pid=3586571)[0m                                    'cudagraph_capture_sizes': None,
[36m(TaskRunnerV1 pid=3586571)[0m                                    'data_parallel_size': 1,
[36m(TaskRunnerV1 pid=3586571)[0m                                    'disable_log_stats': True,
[36m(TaskRunnerV1 pid=3586571)[0m                                    'disaggregation': {'bootstrap_port': None,
[36m(TaskRunnerV1 pid=3586571)[0m                                                       'decode_replicas': 1,
[36m(TaskRunnerV1 pid=3586571)[0m                                                       'decode_tensor_model_parallel_size': None,
[36m(TaskRunnerV1 pid=3586571)[0m                                                       'enabled': False,
[36m(TaskRunnerV1 pid=3586571)[0m                                                       'ib_device': None,
[36m(TaskRunnerV1 pid=3586571)[0m                                                       'prefill_replicas': 1,
[36m(TaskRunnerV1 pid=3586571)[0m                                                       'transfer_backend': 'nixl'},
[36m(TaskRunnerV1 pid=3586571)[0m                                    'do_sample': True,
[36m(TaskRunnerV1 pid=3586571)[0m                                    'dtype': 'bfloat16',
[36m(TaskRunnerV1 pid=3586571)[0m                                    'enable_chunked_prefill': True,
[36m(TaskRunnerV1 pid=3586571)[0m                                    'enable_prefix_caching': True,
[36m(TaskRunnerV1 pid=3586571)[0m                                    'enable_rollout_routing_replay': False,
[36m(TaskRunnerV1 pid=3586571)[0m                                    'enforce_eager': False,
[36m(TaskRunnerV1 pid=3586571)[0m                                    'engine_kwargs': {'sglang': {},
[36m(TaskRunnerV1 pid=3586571)[0m                                                      'trtllm': {},
[36m(TaskRunnerV1 pid=3586571)[0m                                                      'vllm': {}},
[36m(TaskRunnerV1 pid=3586571)[0m                                    'expert_parallel_size': 1,
[36m(TaskRunnerV1 pid=3586571)[0m                                    'free_cache_engine': True,
[36m(TaskRunnerV1 pid=3586571)[0m                                    'full_determinism': False,
[36m(TaskRunnerV1 pid=3586571)[0m                                    'gpu_memory_utilization': 0.5,
[36m(TaskRunnerV1 pid=3586571)[0m                                    'ignore_eos': True,
[36m(TaskRunnerV1 pid=3586571)[0m                                    'layered_summon': False,
[36m(TaskRunnerV1 pid=3586571)[0m                                    'load_format': 'dummy',
[36m(TaskRunnerV1 pid=3586571)[0m                                    'log_prob_max_token_len_per_gpu': 49152,
[36m(TaskRunnerV1 pid=3586571)[0m                                    'log_prob_micro_batch_size': None,
[36m(TaskRunnerV1 pid=3586571)[0m                                    'log_prob_micro_batch_size_per_gpu': 1,
[36m(TaskRunnerV1 pid=3586571)[0m                                    'log_prob_use_dynamic_bsz': False,
[36m(TaskRunnerV1 pid=3586571)[0m                                    'logprobs_mode': 'processed_logprobs',
[36m(TaskRunnerV1 pid=3586571)[0m                                    'max_model_len': 20736,
[36m(TaskRunnerV1 pid=3586571)[0m                                    'max_num_batched_tokens': 65536,
[36m(TaskRunnerV1 pid=3586571)[0m                                    'max_num_seqs': 256,
[36m(TaskRunnerV1 pid=3586571)[0m                                    'mode': 'async',
[36m(TaskRunnerV1 pid=3586571)[0m                                    'moe_load_balance_metrics_interval': 0,
[36m(TaskRunnerV1 pid=3586571)[0m                                    'mtp': {'_target_': 'verl.workers.config.MtpConfig',
[36m(TaskRunnerV1 pid=3586571)[0m                                            'detach_encoder': False,
[36m(TaskRunnerV1 pid=3586571)[0m                                            'enable': False,
[36m(TaskRunnerV1 pid=3586571)[0m                                            'enable_rollout': False,
[36m(TaskRunnerV1 pid=3586571)[0m                                            'enable_train': False,
[36m(TaskRunnerV1 pid=3586571)[0m                                            'method': 'mtp',
[36m(TaskRunnerV1 pid=3586571)[0m                                            'mtp_loss_scaling_factor': 0.1,
[36m(TaskRunnerV1 pid=3586571)[0m                                            'num_speculative_tokens': 1,
[36m(TaskRunnerV1 pid=3586571)[0m                                            'speculative_algorithm': 'EAGLE',
[36m(TaskRunnerV1 pid=3586571)[0m                                            'speculative_eagle_topk': 1,
[36m(TaskRunnerV1 pid=3586571)[0m                                            'speculative_num_draft_tokens': 4,
[36m(TaskRunnerV1 pid=3586571)[0m                                            'speculative_num_steps': 3},
[36m(TaskRunnerV1 pid=3586571)[0m                                    'multi_stage_wake_up': False,
[36m(TaskRunnerV1 pid=3586571)[0m                                    'multi_turn': {'_target_': 'verl.workers.config.MultiTurnConfig',
[36m(TaskRunnerV1 pid=3586571)[0m                                                   'enable': False,
[36m(TaskRunnerV1 pid=3586571)[0m                                                   'format': 'hermes',
[36m(TaskRunnerV1 pid=3586571)[0m                                                   'function_tool_path': None,
[36m(TaskRunnerV1 pid=3586571)[0m                                                   'max_assistant_turns': None,
[36m(TaskRunnerV1 pid=3586571)[0m                                                   'max_parallel_calls': 1,
[36m(TaskRunnerV1 pid=3586571)[0m                                                   'max_tool_response_length': 256,
[36m(TaskRunnerV1 pid=3586571)[0m                                                   'max_user_turns': None,
[36m(TaskRunnerV1 pid=3586571)[0m                                                   'num_repeat_rollouts': None,
[36m(TaskRunnerV1 pid=3586571)[0m                                                   'tokenization_sanity_check_mode': 'strict',
[36m(TaskRunnerV1 pid=3586571)[0m                                                   'tool_config_path': None,
[36m(TaskRunnerV1 pid=3586571)[0m                                                   'tool_response_truncate_side': 'middle',
[36m(TaskRunnerV1 pid=3586571)[0m                                                   'use_inference_chat_template': False},
[36m(TaskRunnerV1 pid=3586571)[0m                                    'n': 4,
[36m(TaskRunnerV1 pid=3586571)[0m                                    'n_gpus_per_node': 8,
[36m(TaskRunnerV1 pid=3586571)[0m                                    'name': 'vllm',
[36m(TaskRunnerV1 pid=3586571)[0m                                    'nnodes': 0,
[36m(TaskRunnerV1 pid=3586571)[0m                                    'over_sample_rate': 0,
[36m(TaskRunnerV1 pid=3586571)[0m                                    'pipeline_model_parallel_size': 1,
[36m(TaskRunnerV1 pid=3586571)[0m                                    'profiler': {'_target_': 'verl.utils.profiler.ProfilerConfig',
[36m(TaskRunnerV1 pid=3586571)[0m                                                 'all_ranks': False,
[36m(TaskRunnerV1 pid=3586571)[0m                                                 'enable': False,
[36m(TaskRunnerV1 pid=3586571)[0m                                                 'finish_hook_all_ranks': False,
[36m(TaskRunnerV1 pid=3586571)[0m                                                 'finish_hook_cmd': None,
[36m(TaskRunnerV1 pid=3586571)[0m                                                 'finish_hook_ranks': [],
[36m(TaskRunnerV1 pid=3586571)[0m                                                 'ranks': [],
[36m(TaskRunnerV1 pid=3586571)[0m                                                 'relocate_results': False,
[36m(TaskRunnerV1 pid=3586571)[0m                                                 'save_path': 'outputs/profile',
[36m(TaskRunnerV1 pid=3586571)[0m                                                 'tool': None,
[36m(TaskRunnerV1 pid=3586571)[0m                                                 'tool_config': {'npu': {'_target_': 'verl.utils.profiler.config.NPUToolConfig',
[36m(TaskRunnerV1 pid=3586571)[0m                                                                         'analysis': True,
[36m(TaskRunnerV1 pid=3586571)[0m                                                                         'contents': [],
[36m(TaskRunnerV1 pid=3586571)[0m                                                                         'discrete': False,
[36m(TaskRunnerV1 pid=3586571)[0m                                                                         'level': 'level0',
[36m(TaskRunnerV1 pid=3586571)[0m                                                                         'profile_token_end': None,
[36m(TaskRunnerV1 pid=3586571)[0m                                                                         'profile_token_start': None},
[36m(TaskRunnerV1 pid=3586571)[0m                                                                 'precision_debugger': {'_target_': 'verl.utils.profiler.config.PrecisionDebuggerToolConfig',
[36m(TaskRunnerV1 pid=3586571)[0m                                                                                        'config_path': None,
[36m(TaskRunnerV1 pid=3586571)[0m                                                                                        'stages': None,
[36m(TaskRunnerV1 pid=3586571)[0m                                                                                        'steps': None,
[36m(TaskRunnerV1 pid=3586571)[0m                                                                                        'strict': False},
[36m(TaskRunnerV1 pid=3586571)[0m                                                                 'torch': {'_target_': 'verl.utils.profiler.config.TorchProfilerToolConfig',
[36m(TaskRunnerV1 pid=3586571)[0m                                                                           'contents': [],
[36m(TaskRunnerV1 pid=3586571)[0m                                                                           'discrete': False,
[36m(TaskRunnerV1 pid=3586571)[0m                                                                           'profile_token_end': None,
[36m(TaskRunnerV1 pid=3586571)[0m                                                                           'profile_token_start': None}}},
[36m(TaskRunnerV1 pid=3586571)[0m                                    'prometheus': {'_target_': 'verl.workers.config.PrometheusConfig',
[36m(TaskRunnerV1 pid=3586571)[0m                                                   'enable': False,
[36m(TaskRunnerV1 pid=3586571)[0m                                                   'file': '/tmp/ray/session_latest/metrics/prometheus/prometheus.yml',
[36m(TaskRunnerV1 pid=3586571)[0m                                                   'port': 9090,
[36m(TaskRunnerV1 pid=3586571)[0m                                                   'served_model_name': '/home/p00938733/Qwen3-8B'},
[36m(TaskRunnerV1 pid=3586571)[0m                                    'prompt_length': 16640,
[36m(TaskRunnerV1 pid=3586571)[0m                                    'qat': {'_target_': 'verl.workers.config.QATEngineConfig',
[36m(TaskRunnerV1 pid=3586571)[0m                                            'activation_observer': None,
[36m(TaskRunnerV1 pid=3586571)[0m                                            'enable': False,
[36m(TaskRunnerV1 pid=3586571)[0m                                            'group_size': 16,
[36m(TaskRunnerV1 pid=3586571)[0m                                            'ignore_patterns': ['lm_head',
[36m(TaskRunnerV1 pid=3586571)[0m                                                                '*mlp.gate'],
[36m(TaskRunnerV1 pid=3586571)[0m                                            'mode': 'w4a16',
[36m(TaskRunnerV1 pid=3586571)[0m                                            'quantization_config_path': None},
[36m(TaskRunnerV1 pid=3586571)[0m                                    'quantization': None,
[36m(TaskRunnerV1 pid=3586571)[0m                                    'quantization_config_file': None,
[36m(TaskRunnerV1 pid=3586571)[0m                                    'response_length': 4096,
[36m(TaskRunnerV1 pid=3586571)[0m                                    'router_config_path': None,
[36m(TaskRunnerV1 pid=3586571)[0m                                    'scheduling_policy': 'fcfs',
[36m(TaskRunnerV1 pid=3586571)[0m                                    'seed': 42,
[36m(TaskRunnerV1 pid=3586571)[0m                                    'skip_tokenizer_init': True,
[36m(TaskRunnerV1 pid=3586571)[0m                                    'temperature': 1.0,
[36m(TaskRunnerV1 pid=3586571)[0m                                    'tensor_model_parallel_size': 4,
[36m(TaskRunnerV1 pid=3586571)[0m                                    'top_k': -1,
[36m(TaskRunnerV1 pid=3586571)[0m                                    'top_p': 0.95,
[36m(TaskRunnerV1 pid=3586571)[0m                                    'trace': {'_target_': 'verl.workers.config.TraceConfig',
[36m(TaskRunnerV1 pid=3586571)[0m                                              'backend': None,
[36m(TaskRunnerV1 pid=3586571)[0m                                              'experiment_name': 'rlmh_combinations_a100',
[36m(TaskRunnerV1 pid=3586571)[0m                                              'max_samples_per_step_per_worker': None,
[36m(TaskRunnerV1 pid=3586571)[0m                                              'project_name': 'rlmh_combinations_a100',
[36m(TaskRunnerV1 pid=3586571)[0m                                              'token2text': False},
[36m(TaskRunnerV1 pid=3586571)[0m                                    'val_kwargs': {'_target_': 'verl.workers.config.SamplingConfig',
[36m(TaskRunnerV1 pid=3586571)[0m                                                   'do_sample': False,
[36m(TaskRunnerV1 pid=3586571)[0m                                                   'n': 1,
[36m(TaskRunnerV1 pid=3586571)[0m                                                   'temperature': 0,
[36m(TaskRunnerV1 pid=3586571)[0m                                                   'top_k': -1,
[36m(TaskRunnerV1 pid=3586571)[0m                                                   'top_p': 1.0}}},
[36m(TaskRunnerV1 pid=3586571)[0m  'algorithm': {'_target_': 'verl.trainer.config.AlgoConfig',
[36m(TaskRunnerV1 pid=3586571)[0m                'adv_estimator': 'grpo',
[36m(TaskRunnerV1 pid=3586571)[0m                'filter_groups': {'_target_': 'verl.trainer.config.FilterGroupsConfig',
[36m(TaskRunnerV1 pid=3586571)[0m                                  'enable': False
[36m(TaskRunnerV1 pid=3586571)[0m ,
[36m(TaskRunnerV1 pid=3586571)[0m                                  'max_inflight_gen_batches': 1,
[36m(TaskRunnerV1 pid=3586571)[0m                                  'max_num_gen_batches': 0,
[36m(TaskRunnerV1 pid=3586571)[0m                                  'metric': 'reward'},
[36m(TaskRunnerV1 pid=3586571)[0m                'gamma': 1.0,
[36m(TaskRunnerV1 pid=3586571)[0m                'kl_ctrl': {'_target_': 'verl.trainer.config.KLControlConfig',
[36m(TaskRunnerV1 pid=3586571)[0m                            'horizon': 10000,
[36m(TaskRunnerV1 pid=3586571)[0m                            'kl_coef': 0.001,
[36m(TaskRunnerV1 pid=3586571)[0m                            'target_kl': 0.1,
[36m(TaskRunnerV1 pid=3586571)[0m                            'type': 'fixed'},
[36m(TaskRunnerV1 pid=3586571)[0m                'kl_penalty': 'kl',
[36m(TaskRunnerV1 pid=3586571)[0m                'lam': 1.0,
[36m(TaskRunnerV1 pid=3586571)[0m                'norm_adv_by_std_in_grpo': True,
[36m(TaskRunnerV1 pid=3586571)[0m                'pf_ppo': {'reweight_method': 'pow', 'weight_pow': 2.0},
[36m(TaskRunnerV1 pid=3586571)[0m                'rollout_correction': {'bypass_mode': False,
[36m(TaskRunnerV1 pid=3586571)[0m                                       'loss_type': 'ppo_clip',
[36m(TaskRunnerV1 pid=3586571)[0m                                       'rollout_is': None,
[36m(TaskRunnerV1 pid=3586571)[0m                                       'rollout_is_batch_normalize': False,
[36m(TaskRunnerV1 pid=3586571)[0m                                       'rollout_is_threshold': 2.0,
[36m(TaskRunnerV1 pid=3586571)[0m                                       'rollout_rs': None,
[36m(TaskRunnerV1 pid=3586571)[0m                                       'rollout_rs_threshold': None},
[36m(TaskRunnerV1 pid=3586571)[0m                'use_kl_in_reward': False,
[36m(TaskRunnerV1 pid=3586571)[0m                'use_pf_ppo': False},
[36m(TaskRunnerV1 pid=3586571)[0m  'critic': {'_target_': 'verl.workers.config.McoreCriticConfig',
[36m(TaskRunnerV1 pid=3586571)[0m             'checkpoint': {'_target_': 'verl.workers.config.McoreCheckpointConfig',
[36m(TaskRunnerV1 pid=3586571)[0m                            'async_save': False,
[36m(TaskRunnerV1 pid=3586571)[0m                            'load_contents': ['model', 'optimizer', 'extra'],
[36m(TaskRunnerV1 pid=3586571)[0m                            'mbridge_config': {},
[36m(TaskRunnerV1 pid=3586571)[0m                            'save_contents': ['model', 'optimizer', 'extra']},
[36m(TaskRunnerV1 pid=3586571)[0m             'cliprange_value': 0.5,
[36m(TaskRunnerV1 pid=3586571)[0m             'data_loader_seed': 42,
[36m(TaskRunnerV1 pid=3586571)[0m             'enable': None,
[36m(TaskRunnerV1 pid=3586571)[0m             'forward_max_token_len_per_gpu': 32768,
[36m(TaskRunnerV1 pid=3586571)[0m             'loss_agg_mode': 'token-mean',
[36m(TaskRunnerV1 pid=3586571)[0m             'loss_scale_factor': None,
[36m(TaskRunnerV1 pid=3586571)[0m             'megatron': {'_target_': 'verl.workers.config.McoreEngineConfig',
[36m(TaskRunnerV1 pid=3586571)[0m                          'context_parallel_size': 1,
[36m(TaskRunnerV1 pid=3586571)[0m                          'dist_checkpointing_path': None,
[36m(TaskRunnerV1 pid=3586571)[0m                          'dist_checkpointing_prefix': '',
[36m(TaskRunnerV1 pid=3586571)[0m                          'dist_ckpt_optim_fully_reshardable': False,
[36m(TaskRunnerV1 pid=3586571)[0m                          'distrib_optim_fully_reshardable_mem_efficient': False,
[36m(TaskRunnerV1 pid=3586571)[0m                          'dtype': 'bfloat16',
[36m(TaskRunnerV1 pid=3586571)[0m                          'dynamic_context_parallel': False,
[36m(TaskRunnerV1 pid=3586571)[0m                          'entropy_from_logits_chunk_size': 2048,
[36m(TaskRunnerV1 pid=3586571)[0m                          'entropy_from_logits_with_chunking': False,
[36m(TaskRunnerV1 pid=3586571)[0m                          'expert_model_parallel_size': 1,
[36m(TaskRunnerV1 pid=3586571)[0m                          'expert_tensor_parallel_size': None,
[36m(TaskRunnerV1 pid=3586571)[0m                          'forward_only': False,
[36m(TaskRunnerV1 pid=3586571)[0m                          'max_seqlen_per_dp_cp_rank': None,
[36m(TaskRunnerV1 pid=3586571)[0m                          'optimizer_offload': False,
[36m(TaskRunnerV1 pid=3586571)[0m                          'override_ddp_config': {},
[36m(TaskRunnerV1 pid=3586571)[0m                          'override_mcore_model_config': {},
[36m(TaskRunnerV1 pid=3586571)[0m                          'override_transformer_config': {'attention_backend': 'flash',
[36m(TaskRunnerV1 pid=3586571)[0m                                                          'recompute_granularity': None,
[36m(TaskRunnerV1 pid=3586571)[0m                                                          'recompute_method': None,
[36m(TaskRunnerV1 pid=3586571)[0m                                                          'recompute_modules': ['core_attn'],
[36m(TaskRunnerV1 pid=3586571)[0m                                                          'recompute_num_layers': None},
[36m(TaskRunnerV1 pid=3586571)[0m                          'pad_bshd_to_minibatch_max': True,
[36m(TaskRunnerV1 pid=3586571)[0m                          'pad_to_length': False,
[36m(TaskRunnerV1 pid=3586571)[0m                          'pad_to_length_bucket': 512,
[36m(TaskRunnerV1 pid=3586571)[0m                          'param_offload': False,
[36m(TaskRunnerV1 pid=3586571)[0m                          'pipeline_model_parallel_size': 1,
[36m(TaskRunnerV1 pid=3586571)[0m                          'qat': {'_target_': 'verl.workers.config.QATEngineConfig',
[36m(TaskRunnerV1 pid=3586571)[0m                                  'activation_observer': None,
[36m(TaskRunnerV1 pid=3586571)[0m                                  'enable': False,
[36m(TaskRunnerV1 pid=3586571)[0m                                  'group_size': 16,
[36m(TaskRunnerV1 pid=3586571)[0m                                  'ignore_patterns': ['lm_head', '*mlp.gate'],
[36m(TaskRunnerV1 pid=3586571)[0m                                  'mode': 'w4a16',
[36m(TaskRunnerV1 pid=3586571)[0m                                  'quantization_config_path': None},
[36m(TaskRunnerV1 pid=3586571)[0m                          'response_only_lm_head': False,
[36m(TaskRunnerV1 pid=3586571)[0m                          'router_replay': {'_target_': 'verl.workers.config.EngineRouterReplayConfig',
[36m(TaskRunnerV1 pid=3586571)[0m                                            'mode': 'disabled',
[36m(TaskRunnerV1 pid=3586571)[0m                                            'record_file': None,
[36m(TaskRunnerV1 pid=3586571)[0m                                            'replay_file': None},
[36m(TaskRunnerV1 pid=3586571)[0m                          'seed': 42,
[36m(TaskRunnerV1 pid=3586571)[0m                          'sequence_parallel': True,
[36m(TaskRunnerV1 pid=3586571)[0m                          'tensor_model_parallel_size': 1,
[36m(TaskRunnerV1 pid=3586571)[0m                          'use_dist_checkpointing': False,
[36m(TaskRunnerV1 pid=3586571)[0m                          'use_distributed_optimizer': True,
[36m(TaskRunnerV1 pid=3586571)[0m                          'use_mbridge': True,
[36m(TaskRunnerV1 pid=3586571)[0m                          'use_megatron_fsdp': False,
[36m(TaskRunnerV1 pid=3586571)[0m                          'use_remove_padding': True,
[36m(TaskRunnerV1 pid=3586571)[0m                          'vanilla_mbridge': False,
[36m(TaskRunnerV1 pid=3586571)[0m                          'virtual_pipeline_model_parallel_size': None},
[36m(TaskRunnerV1 pid=3586571)[0m             'model': {'_target_': 'verl.workers.config.HFModelConfig',
[36m(TaskRunnerV1 pid=3586571)[0m                       'custom_chat_template': None,
[36m(TaskRunnerV1 pid=3586571)[0m                       'enable_activation_offload': False,
[36m(TaskRunnerV1 pid=3586571)[0m                       'enable_gradient_checkpointing': True,
[36m(TaskRunnerV1 pid=3586571)[0m                       'exclude_modules': None,
[36m(TaskRunnerV1 pid=3586571)[0m                       'external_lib': None,
[36m(TaskRunnerV1 pid=3586571)[0m                       'fused_kernel_options': {'impl_backend': 'torch'},
[36m(TaskRunnerV1 pid=3586571)[0m                       'hf_config_path': None,
[36m(TaskRunnerV1 pid=3586571)[0m                       'lora': {'a2a_experimental': False,
[36m(TaskRunnerV1 pid=3586571)[0m                                'adapter_path': None,
[36m(TaskRunnerV1 pid=3586571)[0m                                'alpha': 32,
[36m(TaskRunnerV1 pid=3586571)[0m                                'dropout': 0.0,
[36m(TaskRunnerV1 pid=3586571)[0m                                'dropout_position': 'pre',
[36m(TaskRunnerV1 pid=3586571)[0m                                'dtype': None,
[36m(TaskRunnerV1 pid=3586571)[0m                                'exclude_modules': [],
[36m(TaskRunnerV1 pid=3586571)[0m                                'freeze_language_model': True,
[36m(TaskRunnerV1 pid=3586571)[0m                                'freeze_vision_model': True,
[36m(TaskRunnerV1 pid=3586571)[0m                                'freeze_vision_projection': True,
[36m(TaskRunnerV1 pid=3586571)[0m                                'lora_A_init_method': 'xavier',
[36m(TaskRunnerV1 pid=3586571)[0m                                'lora_B_init_method': 'zero',
[36m(TaskRunnerV1 pid=3586571)[0m                                'merge': False,
[36m(TaskRunnerV1 pid=3586571)[0m                                'rank': 0,
[36m(TaskRunnerV1 pid=3586571)[0m                                'target_modules': ['linear_qkv',
[36m(TaskRunnerV1 pid=3586571)[0m                                                   'linear_proj',
[36m(TaskRunnerV1 pid=3586571)[0m                                                   'linear_fc1',
[36m(TaskRunnerV1 pid=3586571)[0m                                                   'linear_fc2'],
[36m(TaskRunnerV1 pid=3586571)[0m                                'type': 'lora'},
[36m(TaskRunnerV1 pid=3586571)[0m                       'lora_adapter_path': None,
[36m(TaskRunnerV1 pid=3586571)[0m                       'lora_alpha': 16,
[36m(TaskRunnerV1 pid=3586571)[0m                       'lora_rank': 0,
[36m(TaskRunnerV1 pid=3586571)[0m                       'mtp': {'_target_': 'verl.workers.config.MtpConfig',
[36m(TaskRunnerV1 pid=3586571)[0m                               'detach_encoder': False,
[36m(TaskRunnerV1 pid=3586571)[0m                               'enable': False,
[36m(TaskRunnerV1 pid=3586571)[0m                               'enable_rollout': False,
[36m(TaskRunnerV1 pid=3586571)[0m                               'enable_train': False,
[36m(TaskRunnerV1 pid=3586571)[0m                               'method': 'mtp',
[36m(TaskRunnerV1 pid=3586571)[0m                               'mtp_loss_scaling_factor': 0.1,
[36m(TaskRunnerV1 pid=3586571)[0m                               'num_speculative_tokens': 1,
[36m(TaskRunnerV1 pid=3586571)[0m                               'speculative_algorithm': 'EAGLE',
[36m(TaskRunnerV1 pid=3586571)[0m                               'speculative_eagle_topk': 1,
[36m(TaskRunnerV1 pid=3586571)[0m                               'speculative_num_draft_tokens': 4,
[36m(TaskRunnerV1 pid=3586571)[0m                               'speculative_num_steps': 3},
[36m(TaskRunnerV1 pid=3586571)[0m                       'override_config': {},
[36m(TaskRunnerV1 pid=3586571)[0m                       'path': '~/models/deepseek-llm-7b-chat',
[36m(TaskRunnerV1 pid=3586571)[0m                       'target_modules': 'all-linear',
[36m(TaskRunnerV1 pid=3586571)[0m                       'tiled_mlp': {'enabled': False, 'num_shards': 4},
[36m(TaskRunnerV1 pid=3586571)[0m                       'tokenizer_path': None,
[36m(TaskRunnerV1 pid=3586571)[0m                       'trust_remote_code': False,
[36m(TaskRunnerV1 pid=3586571)[0m                       'use_fused_kernels': False,
[36m(TaskRunnerV1 pid=3586571)[0m                       'use_liger': False,
[36m(TaskRunnerV1 pid=3586571)[0m                       'use_remove_padding': True,
[36m(TaskRunnerV1 pid=3586571)[0m                       'use_shm': False},
[36m(TaskRunnerV1 pid=3586571)[0m             'nccl_timeout': 600,
[36m(TaskRunnerV1 pid=3586571)[0m             'optim': {'_target_': 'verl.workers.config.McoreOptimizerConfig',
[36m(TaskRunnerV1 pid=3586571)[0m                       'betas': [0.9, 0.999],
[36m(TaskRunnerV1 pid=3586571)[0m                       'clip_grad': 1.0,
[36m(TaskRunnerV1 pid=3586571)[0m                       'exp_avg_dtype': 'fp32',
[36m(TaskRunnerV1 pid=3586571)[0m                       'exp_avg_sq_dtype': 'fp32',
[36m(TaskRunnerV1 pid=3586571)[0m                       'lr': 1e-05,
[36m(TaskRunnerV1 pid=3586571)[0m                       'lr_decay_steps': None,
[36m(TaskRunnerV1 pid=3586571)[0m                       'lr_decay_style': 'constant',
[36m(TaskRunnerV1 pid=3586571)[0m                       'lr_warmup_init': 0.0,
[36m(TaskRunnerV1 pid=3586571)[0m                       'lr_warmup_steps': -1,
[36m(TaskRunnerV1 pid=3586571)[0m                       'lr_warmup_steps_ratio': 0.0,
[36m(TaskRunnerV1 pid=3586571)[0m                       'lr_wsd_decay_steps': None,
[36m(TaskRunnerV1 pid=3586571)[0m                       'lr_wsd_decay_style': 'exponential',
[36m(TaskRunnerV1 pid=3586571)[0m                       'main_grads_dtype': 'fp32',
[36m(TaskRunnerV1 pid=3586571)[0m                       'min_lr': 0.0,
[36m(TaskRunnerV1 pid=3586571)[0m                       'muon_coefficient_type': 'quintic',
[36m(TaskRunnerV1 pid=3586571)[0m                       'muon_extra_scale_factor': 1.0,
[36m(TaskRunnerV1 pid=3586571)[0m                       'muon_fp32_matmul_prec': 'medium',
[36m(TaskRunnerV1 pid=3586571)[0m                       'muon_match_adamw_update_rms': False,
[36m(TaskRunnerV1 pid=3586571)[0m                       'muon_momentum': 0.95,
[36m(TaskRunnerV1 pid=3586571)[0m                       'muon_nesterov': False,
[36m(TaskRunnerV1 pid=3586571)[0m                       'muon_num_ns_steps': 5,
[36m(TaskRunnerV1 pid=3586571)[0m                       'muon_scalar_optimizer': 'adam',
[36m(TaskRunnerV1 pid=3586571)[0m                       'muon_scale_mode': 'spectral',
[36m(TaskRunnerV1 pid=3586571)[0m                       'muon_split_qkv': True,
[36m(TaskRunnerV1 pid=3586571)[0m                       'muon_tp_mode': 'blockwise',
[36m(TaskRunnerV1 pid=3586571)[0m                       'optimizer': 'adam',
[36m(TaskRunnerV1 pid=3586571)[0m                       'override_optimizer_config': {},
[36m(TaskRunnerV1 pid=3586571)[0m                       'total_training_steps': -1,
[36m(TaskRunnerV1 pid=3586571)[0m                       'use_checkpoint_opt_param_scheduler': False,
[36m(TaskRunnerV1 pid=3586571)[0m                       'use_layer_wise_distributed_optimizer': False,
[36m(TaskRunnerV1 pid=3586571)[0m                       'use_precision_aware_optimizer': False,
[36m(TaskRunnerV1 pid=3586571)[0m                       'weight_decay': 0.01,
[36m(TaskRunnerV1 pid=3586571)[0m                       'weight_decay_incr_style': 'constant'},
[36m(TaskRunnerV1 pid=3586571)[0m             'ppo_epochs': 1,
[36m(TaskRunnerV1 pid=3586571)[0m             'ppo_max_token_len_per_gpu': 32768,
[36m(TaskRunnerV1 pid=3586571)[0m             'ppo_micro_batch_size': None,
[36m(TaskRunnerV1 pid=3586571)[0m             'ppo_micro_batch_size_per_gpu': None,
[36m(TaskRunnerV1 pid=3586571)[0m             'ppo_mini_batch_size': 1,
[36m(TaskRunnerV1 pid=3586571)[0m             'profiler': {'_target_': 'verl.utils.profiler.ProfilerConfig',
[36m(TaskRunnerV1 pid=3586571)[0m                          'all_ranks': False,
[36m(TaskRunnerV1 pid=3586571)[0m                          'enable': False,
[36m(TaskRunnerV1 pid=3586571)[0m                          'finish_hook_all_ranks': False,
[36m(TaskRunnerV1 pid=3586571)[0m                          'finish_hook_cmd': None,
[36m(TaskRunnerV1 pid=3586571)[0m                          'finish_hook_ranks': [],
[36m(TaskRunnerV1 pid=3586571)[0m                          'ranks': [],
[36m(TaskRunnerV1 pid=3586571)[0m                          'relocate_results': False,
[36m(TaskRunnerV1 pid=3586571)[0m                          'save_path': 'outputs/profile',
[36m(TaskRunnerV1 pid=3586571)[0m                          'tool': None,
[36m(TaskRunnerV1 pid=3586571)[0m                          'tool_config': {'npu': {'_target_': 'verl.utils.profiler.config.NPUToolConfig',
[36m(TaskRunnerV1 pid=3586571)[0m                                                  'analysis': True,
[36m(TaskRunnerV1 pid=3586571)[0m                                                  'contents': [],
[36m(TaskRunnerV1 pid=3586571)[0m                                                  'discrete': False,
[36m(TaskRunnerV1 pid=3586571)[0m                                                  'level': 'level0'},
[36m(TaskRunnerV1 pid=3586571)[0m                                          'nsys': {'_target_': 'verl.utils.profiler.config.NsightToolConfig',
[36m(TaskRunnerV1 pid=3586571)[0m                                                   'discrete': False},
[36m(TaskRunnerV1 pid=3586571)[0m                                          'precision_debugger': {'_target_': 'verl.utils.profiler.config.PrecisionDebuggerToolConfig',
[36m(TaskRunnerV1 pid=3586571)[0m                                                                 'config_path': None,
[36m(TaskRunnerV1 pid=3586571)[0m                                                                 'stages': None,
[36m(TaskRunnerV1 pid=3586571)[0m                                                                 
[36m(TaskRunnerV1 pid=3586571)[0m 'steps'
[36m(TaskRunnerV1 pid=3586571)[0m : None,
[36m(TaskRunnerV1 pid=3586571)[0m                                                                 'strict': False},
[36m(TaskRunnerV1 pid=3586571)[0m                                          'torch': {'_target_': 'verl.utils.profiler.config.TorchProfilerToolConfig',
[36m(TaskRunnerV1 pid=3586571)[0m                                                    'contents': [],
[36m(TaskRunnerV1 pid=3586571)[0m                                                    'discrete': False,
[36m(TaskRunnerV1 pid=3586571)[0m                                                    'schedule': {'_target_': 'verl.utils.profiler.config.TorchProfilerScheduleConfig',
[36m(TaskRunnerV1 pid=3586571)[0m                                                                 'active': 0,
[36m(TaskRunnerV1 pid=3586571)[0m                                                                 'repeat': 0,
[36m(TaskRunnerV1 pid=3586571)[0m                                                                 'skip_first': 0,
[36m(TaskRunnerV1 pid=3586571)[0m                                                                 'wait': 0,
[36m(TaskRunnerV1 pid=3586571)[0m                                                                 'warmup': 0}},
[36m(TaskRunnerV1 pid=3586571)[0m                                          'torch_memory': {'_target_': 'verl.utils.profiler.config.TorchMemoryToolConfig',
[36m(TaskRunnerV1 pid=3586571)[0m                                                           'memory_snapshot_num_steps': 1,
[36m(TaskRunnerV1 pid=3586571)[0m                                                           'stack_depth': 32,
[36m(TaskRunnerV1 pid=3586571)[0m                                                           'trace_alloc_max_entries': 100000}}},
[36m(TaskRunnerV1 pid=3586571)[0m             'rollout_n': 4,
[36m(TaskRunnerV1 pid=3586571)[0m             'shuffle': False,
[36m(TaskRunnerV1 pid=3586571)[0m             'strategy': 'megatron',
[36m(TaskRunnerV1 pid=3586571)[0m             'use_dynamic_bsz': False},
[36m(TaskRunnerV1 pid=3586571)[0m  'custom_reward_function': {'name': None, 'path': None},
[36m(TaskRunnerV1 pid=3586571)[0m  'data': {'apply_chat_template_kwargs': {'enable_thinking': False},
[36m(TaskRunnerV1 pid=3586571)[0m           'audio_key': 'audios',
[36m(TaskRunnerV1 pid=3586571)[0m           'custom_cls': {'name': None, 'path': None},
[36m(TaskRunnerV1 pid=3586571)[0m           'dataloader_num_workers': 0,
[36m(TaskRunnerV1 pid=3586571)[0m           'filter_overlong_prompts': False,
[36m(TaskRunnerV1 pid=3586571)[0m           'filter_overlong_prompts_workers': 1,
[36m(TaskRunnerV1 pid=3586571)[0m           'function_tool_path': None,
[36m(TaskRunnerV1 pid=3586571)[0m           'gen_batch_size': 4,
[36m(TaskRunnerV1 pid=3586571)[0m           'image_key': 'images',
[36m(TaskRunnerV1 pid=3586571)[0m           'image_patch_size': 14,
[36m(TaskRunnerV1 pid=3586571)[0m           'max_prompt_length': 16640,
[36m(TaskRunnerV1 pid=3586571)[0m           'max_response_length': 4096,
[36m(TaskRunnerV1 pid=3586571)[0m           'mm_processor_kwargs': {},
[36m(TaskRunnerV1 pid=3586571)[0m           'prompt_key': 'prompt',
[36m(TaskRunnerV1 pid=3586571)[0m           'return_full_prompt': False,
[36m(TaskRunnerV1 pid=3586571)[0m           'return_multi_modal_inputs': True,
[36m(TaskRunnerV1 pid=3586571)[0m           'return_raw_chat': True,
[36m(TaskRunnerV1 pid=3586571)[0m           'return_raw_input_ids': False,
[36m(TaskRunnerV1 pid=3586571)[0m           'reward_fn_key': 'data_source',
[36m(TaskRunnerV1 pid=3586571)[0m           'seed': 42,
[36m(TaskRunnerV1 pid=3586571)[0m           'shuffle': False,
[36m(TaskRunnerV1 pid=3586571)[0m           'tokenizer': None,
[36m(TaskRunnerV1 pid=3586571)[0m           'tool_config_path': None,
[36m(TaskRunnerV1 pid=3586571)[0m           'train_batch_size': 4,
[36m(TaskRunnerV1 pid=3586571)[0m           'train_files': '/home/p00938733/ruler-verl/16k4k/train.parquet',
[36m(TaskRunnerV1 pid=3586571)[0m           'train_max_samples': -1,
[36m(TaskRunnerV1 pid=3586571)[0m           'truncation': 'error',
[36m(TaskRunnerV1 pid=3586571)[0m           'trust_remote_code': False,
[36m(TaskRunnerV1 pid=3586571)[0m           'use_shm': False,
[36m(TaskRunnerV1 pid=3586571)[0m           'val_batch_size': None,
[36m(TaskRunnerV1 pid=3586571)[0m           'val_files': '/home/p00938733/ruler-verl/16k4k/test.parquet',
[36m(TaskRunnerV1 pid=3586571)[0m           'val_max_samples': -1,
[36m(TaskRunnerV1 pid=3586571)[0m           'validation_shuffle': False,
[36m(TaskRunnerV1 pid=3586571)[0m           'video_key': 'videos'},
[36m(TaskRunnerV1 pid=3586571)[0m  'distillation': {'_target_': 'verl.workers.config.DistillationConfig',
[36m(TaskRunnerV1 pid=3586571)[0m                   'distillation_loss': {'_target_': 'verl.workers.config.DistillationLossConfig',
[36m(TaskRunnerV1 pid=3586571)[0m                                         'clip_ratio': 0.2,
[36m(TaskRunnerV1 pid=3586571)[0m                                         'clip_ratio_high': 0.2,
[36m(TaskRunnerV1 pid=3586571)[0m                                         'clip_ratio_low': 0.2,
[36m(TaskRunnerV1 pid=3586571)[0m                                         'distillation_loss_coef': 1.0,
[36m(TaskRunnerV1 pid=3586571)[0m                                         'log_prob_min_clamp': None,
[36m(TaskRunnerV1 pid=3586571)[0m                                         'loss_max_clamp': None,
[36m(TaskRunnerV1 pid=3586571)[0m                                         'loss_mode': 'k3',
[36m(TaskRunnerV1 pid=3586571)[0m                                         'policy_loss_mode': 'vanilla',
[36m(TaskRunnerV1 pid=3586571)[0m                                         'topk': 32,
[36m(TaskRunnerV1 pid=3586571)[0m                                         'use_policy_gradient': False,
[36m(TaskRunnerV1 pid=3586571)[0m                                         'use_task_rewards': True},
[36m(TaskRunnerV1 pid=3586571)[0m                   'enabled': False,
[36m(TaskRunnerV1 pid=3586571)[0m                   'n_gpus_per_node': 8,
[36m(TaskRunnerV1 pid=3586571)[0m                   'nnodes': 0,
[36m(TaskRunnerV1 pid=3586571)[0m                   'teacher_key': 'data_source',
[36m(TaskRunnerV1 pid=3586571)[0m                   'teacher_models': {'teacher_model': {'_target_': 'verl.workers.config.DistillationTeacherModelConfig',
[36m(TaskRunnerV1 pid=3586571)[0m                                                        'inference': {'_target_': 'verl.workers.config.RolloutConfig',
[36m(TaskRunnerV1 pid=3586571)[0m                                                                      'cudagraph_capture_sizes': None,
[36m(TaskRunnerV1 pid=3586571)[0m                                                                      'data_parallel_size': 1,
[36m(TaskRunnerV1 pid=3586571)[0m                                                                      'disable_log_stats': True,
[36m(TaskRunnerV1 pid=3586571)[0m                                                                      'dtype': 'bfloat16',
[36m(TaskRunnerV1 pid=3586571)[0m                                                                      'enable_chunked_prefill': True,
[36m(TaskRunnerV1 pid=3586571)[0m                                                                      'enable_prefix_caching': True,
[36m(TaskRunnerV1 pid=3586571)[0m                                                                      'enforce_eager': True,
[36m(TaskRunnerV1 pid=3586571)[0m                                                                      'engine_kwargs': {},
[36m(TaskRunnerV1 pid=3586571)[0m                                                                      'expert_parallel_size': 1,
[36m(TaskRunnerV1 pid=3586571)[0m                                                                      'free_cache_engine': True,
[36m(TaskRunnerV1 pid=3586571)[0m                                                                      'gpu_memory_utilization': 0.5,
[36m(TaskRunnerV1 pid=3586571)[0m                                                                      'limit_images': None,
[36m(TaskRunnerV1 pid=3586571)[0m                                                                      'load_format': 'auto',
[36m(TaskRunnerV1 pid=3586571)[0m                                                                      'max_model_len': None,
[36m(TaskRunnerV1 pid=3586571)[0m                                                                      'max_num_batched_tokens': 8192,
[36m(TaskRunnerV1 pid=3586571)[0m                                                                      'max_num_seqs': 1024,
[36m(TaskRunnerV1 pid=3586571)[0m                                                                      'name': 'vllm',
[36m(TaskRunnerV1 pid=3586571)[0m                                                                      'prompt_length': 16640,
[36m(TaskRunnerV1 pid=3586571)[0m                                                                      'response_length': 4096,
[36m(TaskRunnerV1 pid=3586571)[0m                                                                      'skip_tokenizer_init': True,
[36m(TaskRunnerV1 pid=3586571)[0m                                                                      'temperature': 1.0,
[36m(TaskRunnerV1 pid=3586571)[0m                                                                      'tensor_model_parallel_size': 2},
[36m(TaskRunnerV1 pid=3586571)[0m                                                        'key': None,
[36m(TaskRunnerV1 pid=3586571)[0m                                                        'model_path': None,
[36m(TaskRunnerV1 pid=3586571)[0m                                                        'num_replicas': 0}}},
[36m(TaskRunnerV1 pid=3586571)[0m  'global_profiler': {'_target_': 'verl.utils.profiler.ProfilerConfig',
[36m(TaskRunnerV1 pid=3586571)[0m                      'finish_hook_all_ranks': False,
[36m(TaskRunnerV1 pid=3586571)[0m                      'finish_hook_cmd': None,
[36m(TaskRunnerV1 pid=3586571)[0m                      'finish_hook_ranks': [],
[36m(TaskRunnerV1 pid=3586571)[0m                      'global_tool_config': {'nsys': {'_target_': 'verl.utils.profiler.config.NsightToolConfig',
[36m(TaskRunnerV1 pid=3586571)[0m                                                      'controller_nsight_options': {'cuda-graph-trace': 'graph',
[36m(TaskRunnerV1 pid=3586571)[0m                                                                                    'cuda-memory-usage': 'true',
[36m(TaskRunnerV1 pid=3586571)[0m                                                                                    'trace': 'cuda,nvtx,cublas,ucx'},
[36m(TaskRunnerV1 pid=3586571)[0m                                                      'discrete': False,
[36m(TaskRunnerV1 pid=3586571)[0m                                                      'worker_nsight_options': {'capture-range': 'cudaProfilerApi',
[36m(TaskRunnerV1 pid=3586571)[0m                                                                                'capture-range-end': None,
[36m(TaskRunnerV1 pid=3586571)[0m                                                                                'cuda-graph-trace': 'graph',
[36m(TaskRunnerV1 pid=3586571)[0m                                                                                'cuda-memory-usage': 'true',
[36m(TaskRunnerV1 pid=3586571)[0m                                                                                'kill': 'none',
[36m(TaskRunnerV1 pid=3586571)[0m                                                                                'trace': 'cuda,nvtx,cublas,ucx'}},
[36m(TaskRunnerV1 pid=3586571)[0m                                             'precision_debugger': {'_target_': 'verl.utils.profiler.config.PrecisionDebuggerToolConfig',
[36m(TaskRunnerV1 pid=3586571)[0m                                                                    'config_path': None,
[36m(TaskRunnerV1 pid=3586571)[0m                                                                    'stages': None,
[36m(TaskRunnerV1 pid=3586571)[0m                                                                    'steps': None,
[36m(TaskRunnerV1 pid=3586571)[0m                                                                    'strict': False},
[36m(TaskRunnerV1 pid=3586571)[0m                                             'torch_memory': {'context': 'all',
[36m(TaskRunnerV1 pid=3586571)[0m                                                              'kw_args': {},
[36m(TaskRunnerV1 pid=3586571)[0m                                                              'memory_snapshot_num_steps': 1,
[36m(TaskRunnerV1 pid=3586571)[0m                                                              'stack_depth': 32,
[36m(TaskRunnerV1 pid=3586571)[0m                                                              'stacks': 'all',
[36m(TaskRunnerV1 pid=3586571)[0m                                                              'trace_alloc_max_entries': 100000}},
[36m(TaskRunnerV1 pid=3586571)[0m                      'profile_continuous_steps': False,
[36m(TaskRunnerV1 pid=3586571)[0m                      'relocate_results': False,
[36m(TaskRunnerV1 pid=3586571)[0m                      'save_path': 'outputs/profile',
[36m(TaskRunnerV1 pid=3586571)[0m                      'steps': None,
[36m(TaskRunnerV1 pid=3586571)[0m                      'tool': None},
[36m(TaskRunnerV1 pid=3586571)[0m  'model_engine': 'megatron',
[36m(TaskRunnerV1 pid=3586571)[0m  'ray_kwargs': {'ray_init': {'num_cpus': None,
[36m(TaskRunnerV1 pid=3586571)[0m                              'runtime_env': {'env_vars': {'VERL_RESPONSE_ONLY_LM_HEAD_PROFILE': '0'},
[36m(TaskRunnerV1 pid=3586571)[0m                                              'py_executable': None}},
[36m(TaskRunnerV1 pid=3586571)[0m                 'timeline_json_file': None},
[36m(TaskRunnerV1 pid=3586571)[0m  'reward': {'_target_': 'verl.workers.config.RewardConfig',
[36m(TaskRunnerV1 pid=3586571)[0m             'custom_reward_function': {'name': 'compute_score',
[36m(TaskRunnerV1 pid=3586571)[0m                                        'path': '/home/p00938733/ruler-verl/ruler_niah_reward.py'},
[36m(TaskRunnerV1 pid=3586571)[0m             'num_workers': 8,
[36m(TaskRunnerV1 pid=3586571)[0m             'reward_manager': {'_target_': 'verl.workers.config.reward.RewardManagerConfig',
[36m(TaskRunnerV1 pid=3586571)[0m                                'module': {'_target_': 'verl.trainer.config.config.ModuleConfig',
[36m(TaskRunnerV1 pid=3586571)[0m                                           'name': 'custom_reward_manager',
[36m(TaskRunnerV1 pid=3586571)[0m                                           'path': None},
[36m(TaskRunnerV1 pid=3586571)[0m                                'name': 'naive',
[36m(TaskRunnerV1 pid=3586571)[0m                                'source': 'register'},
[36m(TaskRunnerV1 pid=3586571)[0m             'reward_model': {'_target_': 'verl.workers.config.RewardModelConfig',
[36m(TaskRunnerV1 pid=3586571)[0m                              'enable': False,
[36m(TaskRunnerV1 pid=3586571)[0m                              'enable_resource_pool': False,
[36m(TaskRunnerV1 pid=3586571)[0m                              'model_path': None,
[36m(TaskRunnerV1 pid=3586571)[0m                              'n_gpus_per_node': 8,
[36m(TaskRunnerV1 pid=3586571)[0m                              'nnodes': 0,
[36m(TaskRunnerV1 pid=3586571)[0m                              'rollout': {'_target_': 'verl.workers.config.RolloutConfig',
[36m(TaskRunnerV1 pid=3586571)[0m                                          'cudagraph_capture_sizes': None,
[36m(TaskRunnerV1 pid=3586571)[0m                                          'data_parallel_size': 1,
[36m(TaskRunnerV1 pid=3586571)[0m                                          'disable_log_stats': True,
[36m(TaskRunnerV1 pid=3586571)[0m                                          'disaggregation': {'bootstrap_port': None,
[36m(TaskRunnerV1 pid=3586571)[0m                                                             'decode_replicas': 1,
[36m(TaskRunnerV1 pid=3586571)[0m                                                             'decode_tensor_model_parallel_size': None,
[36m(TaskRunnerV1 pid=3586571)[0m                                                             'enabled': False,
[36m(TaskRunnerV1 pid=3586571)[0m                                                             'ib_device': None,
[36m(TaskRunnerV1 pid=3586571)[0m                                                             'prefill_replicas': 1,
[36m(TaskRunnerV1 pid=3586571)[0m                                                             'transfer_backend': 'nixl'},
[36m(TaskRunnerV1 pid=3586571)[0m                                          'do_sample': True,
[36m(TaskRunnerV1 pid=3586571)[0m                                          'dtype': 'bfloat16',
[36m(TaskRunnerV1 pid=3586571)[0m                                          'enable_chunked_prefill': True,
[36m(TaskRunnerV1 pid=3586571)[0m                                          'enable_prefix_caching': True,
[36m(TaskRunnerV1 pid=3586571)[0m                                          'enforce_eager': True,
[36m(TaskRunnerV1 pid=3586571)[0m                                          'engine_kwargs': {},
[36m(TaskRunnerV1 pid=3586571)[0m                                          'expert_parallel_size': 1,
[36m(TaskRunnerV1 pid=3586571)[0m                                          'free_cache_engine': True,
[36m(TaskRunnerV1 pid=3586571)[0m                                          'full_determinism': False,
[36m(TaskRunnerV1 pid=3586571)[0m                                          'gpu_memory_utilization': 0.5,
[36m(TaskRunnerV1 pid=3586571)[0m                                          'ignore_eos': False,
[36m(TaskRunnerV1 pid=3586571)[0m                                          'layered_summon': False,
[36m(TaskRunnerV1 pid=3586571)[0m                                          'limit_images': None,
[36m(TaskRunnerV1 pid=3586571)[0m                                          'load_format': 'auto',
[36m(TaskRunnerV1 pid=3586571)[0m                                          'max_model_len': None,
[36m(TaskRunnerV1 pid=3586571)[0m                                          'max_num_batched_tokens': 8192,
[36m(TaskRunnerV1 pid=3586571)[0m                                          'max_num_seqs': 1024,
[36m(TaskRunnerV1 pid=3586571)[0m                                          'mtp': None,
[36m(TaskRunnerV1 pid=3586571)[0m                                          'multi_stage_wake_up': False
[36m(TaskRunnerV1 pid=3586571)[0m ,
[36m(TaskRunnerV1 pid=3586571)[0m                                          'n': 1,
[36m(TaskRunnerV1 pid=3586571)[0m                                          'name': '???',
[36m(TaskRunnerV1 pid=3586571)[0m                                          'pipeline_model_parallel_size': 1,
[36m(TaskRunnerV1 pid=3586571)[0m                                          'prompt_length': 2048,
[36m(TaskRunnerV1 pid=3586571)[0m                                          'quantization': None,
[36m(TaskRunnerV1 pid=3586571)[0m                                          'quantization_config_file': None,
[36m(TaskRunnerV1 pid=3586571)[0m                                          'response_length': 2048,
[36m(TaskRunnerV1 pid=3586571)[0m                                          'scheduling_policy': 'fcfs',
[36m(TaskRunnerV1 pid=3586571)[0m                                          'seed': 42,
[36m(TaskRunnerV1 pid=3586571)[0m                                          'skip_tokenizer_init': False,
[36m(TaskRunnerV1 pid=3586571)[0m                                          'temperature': 1.0,
[36m(TaskRunnerV1 pid=3586571)[0m                                          'tensor_model_parallel_size': 2,
[36m(TaskRunnerV1 pid=3586571)[0m                                          'top_k': -1,
[36m(TaskRunnerV1 pid=3586571)[0m                                          'top_p': 1}},
[36m(TaskRunnerV1 pid=3586571)[0m             'sandbox_fusion': {'_target_': 'verl.workers.config.SandboxFusionConfig',
[36m(TaskRunnerV1 pid=3586571)[0m                                'max_concurrent': 64,
[36m(TaskRunnerV1 pid=3586571)[0m                                'memory_limit_mb': 1024,
[36m(TaskRunnerV1 pid=3586571)[0m                                'url': None}},
[36m(TaskRunnerV1 pid=3586571)[0m  'reward_model': {'enable': None,
[36m(TaskRunnerV1 pid=3586571)[0m                   'enable_resource_pool': None,
[36m(TaskRunnerV1 pid=3586571)[0m                   'model': {'external_lib': None,
[36m(TaskRunnerV1 pid=3586571)[0m                             'path': None,
[36m(TaskRunnerV1 pid=3586571)[0m                             'trust_remote_code': None},
[36m(TaskRunnerV1 pid=3586571)[0m                   'n_gpus_per_node': None,
[36m(TaskRunnerV1 pid=3586571)[0m                   'nnodes': None,
[36m(TaskRunnerV1 pid=3586571)[0m                   'num_workers': None,
[36m(TaskRunnerV1 pid=3586571)[0m                   'reward_loop_class_name': None,
[36m(TaskRunnerV1 pid=3586571)[0m                   'reward_loop_module_path': None,
[36m(TaskRunnerV1 pid=3586571)[0m                   'reward_loop_source': None,
[36m(TaskRunnerV1 pid=3586571)[0m                   'reward_manager': None,
[36m(TaskRunnerV1 pid=3586571)[0m                   'rollout': {'cudagraph_capture_sizes': None,
[36m(TaskRunnerV1 pid=3586571)[0m                               'data_parallel_size': None,
[36m(TaskRunnerV1 pid=3586571)[0m                               'disable_log_stats': None,
[36m(TaskRunnerV1 pid=3586571)[0m                               'dtype': None,
[36m(TaskRunnerV1 pid=3586571)[0m                               'enable_chunked_prefill': None,
[36m(TaskRunnerV1 pid=3586571)[0m                               'enable_prefix_caching': None,
[36m(TaskRunnerV1 pid=3586571)[0m                               'enforce_eager': None,
[36m(TaskRunnerV1 pid=3586571)[0m                               'engine_kwargs': None,
[36m(TaskRunnerV1 pid=3586571)[0m                               'expert_parallel_size': None,
[36m(TaskRunnerV1 pid=3586571)[0m                               'free_cache_engine': None,
[36m(TaskRunnerV1 pid=3586571)[0m                               'gpu_memory_utilization': None,
[36m(TaskRunnerV1 pid=3586571)[0m                               'limit_images': None,
[36m(TaskRunnerV1 pid=3586571)[0m                               'load_format': None,
[36m(TaskRunnerV1 pid=3586571)[0m                               'max_model_len': None,
[36m(TaskRunnerV1 pid=3586571)[0m                               'max_num_batched_tokens': None,
[36m(TaskRunnerV1 pid=3586571)[0m                               'max_num_seqs': None,
[36m(TaskRunnerV1 pid=3586571)[0m                               'name': None,
[36m(TaskRunnerV1 pid=3586571)[0m                               'prompt_length': None,
[36m(TaskRunnerV1 pid=3586571)[0m                               'response_length': None,
[36m(TaskRunnerV1 pid=3586571)[0m                               'skip_tokenizer_init': None,
[36m(TaskRunnerV1 pid=3586571)[0m                               'tensor_model_parallel_size': None}},
[36m(TaskRunnerV1 pid=3586571)[0m  'sandbox_fusion': {'max_concurrent': None,
[36m(TaskRunnerV1 pid=3586571)[0m                     'memory_limit_mb': None,
[36m(TaskRunnerV1 pid=3586571)[0m                     'url': None},
[36m(TaskRunnerV1 pid=3586571)[0m  'skip': {'_target_': 'verl.utils.skip.SkipManagerConfig',
[36m(TaskRunnerV1 pid=3586571)[0m           'async_rollout': {'action': 'cache',
[36m(TaskRunnerV1 pid=3586571)[0m                             'dump_dir': '~/.verl/rollout_dump',
[36m(TaskRunnerV1 pid=3586571)[0m                             'enable': False,
[36m(TaskRunnerV1 pid=3586571)[0m                             'steps': []},
[36m(TaskRunnerV1 pid=3586571)[0m           'rollout': {'action': 'cache',
[36m(TaskRunnerV1 pid=3586571)[0m                       'dump_dir': '~/.verl/rollout_dump',
[36m(TaskRunnerV1 pid=3586571)[0m                       'enable': False,
[36m(TaskRunnerV1 pid=3586571)[0m                       'steps': []},
[36m(TaskRunnerV1 pid=3586571)[0m           'rollout_tq': {'action': 'cache',
[36m(TaskRunnerV1 pid=3586571)[0m                          'dump_dir': '/home/p00938733/rlmh-cache/16k4k-recompute-20260910-205736',
[36m(TaskRunnerV1 pid=3586571)[0m                          'enable': True,
[36m(TaskRunnerV1 pid=3586571)[0m                          'steps': [1, 2, 3, 4]}},
[36m(TaskRunnerV1 pid=3586571)[0m  'trainer': {'balance_batch': True,
[36m(TaskRunnerV1 pid=3586571)[0m              'checkpoint_callback_class': None,
[36m(TaskRunnerV1 pid=3586571)[0m              'critic_warmup': 0,
[36m(TaskRunnerV1 pid=3586571)[0m              'default_hdfs_dir': None,
[36m(TaskRunnerV1 pid=3586571)[0m              'default_local_dir': 'checkpoints/rlmh_combinations_a100/rlmh_combinations_a100',
[36m(TaskRunnerV1 pid=3586571)[0m              'del_local_ckpt_after_load': False,
[36m(TaskRunnerV1 pid=3586571)[0m              'device': 'cuda',
[36m(TaskRunnerV1 pid=3586571)[0m              'esi_redundant_time': 0,
[36m(TaskRunnerV1 pid=3586571)[0m              'experiment_name': 'rlmh_combinations_a100',
[36m(TaskRunnerV1 pid=3586571)[0m              'log_val_generations': 0,
[36m(TaskRunnerV1 pid=3586571)[0m              'logger': ['console'],
[36m(TaskRunnerV1 pid=3586571)[0m              'max_actor_ckpt_to_keep': None,
[36m(TaskRunnerV1 pid=3586571)[0m              'max_critic_ckpt_to_keep': None,
[36m(TaskRunnerV1 pid=3586571)[0m              'n_gpus_per_node': 8,
[36m(TaskRunnerV1 pid=3586571)[0m              'nnodes': 1,
[36m(TaskRunnerV1 pid=3586571)[0m              'project_name': 'rlmh_combinations_a100',
[36m(TaskRunnerV1 pid=3586571)[0m              'ray_wait_register_center_timeout': 300,
[36m(TaskRunnerV1 pid=3586571)[0m              'resume_from_path': None,
[36m(TaskRunnerV1 pid=3586571)[0m              'resume_mode': 'disable',
[36m(TaskRunnerV1 pid=3586571)[0m              'rollout_data_dir': None,
[36m(TaskRunnerV1 pid=3586571)[0m              'save_freq': -1,
[36m(TaskRunnerV1 pid=3586571)[0m              'test_freq': -1,
[36m(TaskRunnerV1 pid=3586571)[0m              'total_epochs': 15,
[36m(TaskRunnerV1 pid=3586571)[0m              'total_training_steps': 4,
[36m(TaskRunnerV1 pid=3586571)[0m              'use_v1': True,
[36m(TaskRunnerV1 pid=3586571)[0m              'v1': {'colocate_async': {'num_warmup_batches': 1},
[36m(TaskRunnerV1 pid=3586571)[0m                     'sampler': {'custom_sampler': {'name': None, 'path': None},
[36m(TaskRunnerV1 pid=3586571)[0m                                 'max_off_policy_strategy': 'drop',
[36m(TaskRunnerV1 pid=3586571)[0m                                 'max_off_policy_threshold': 8,
[36m(TaskRunnerV1 pid=3586571)[0m                                 'sampler_kwargs': {},
[36m(TaskRunnerV1 pid=3586571)[0m                                 'sync_refill_failed_groups': False},
[36m(TaskRunnerV1 pid=3586571)[0m                     'separate_async': {'hybrid_rollout': {'_target_': 'verl.trainer.config.HybridRolloutSwitchConfig',
[36m(TaskRunnerV1 pid=3586571)[0m                                                           'adaptive_switch_threshold': True,
[36m(TaskRunnerV1 pid=3586571)[0m                                                           'enable_switch': False,
[36m(TaskRunnerV1 pid=3586571)[0m                                                           'switch_cost_window_size': 3,
[36m(TaskRunnerV1 pid=3586571)[0m                                                           'switch_threshold_ratio': 0.4,
[36m(TaskRunnerV1 pid=3586571)[0m                                                           'switch_threshold_release_steps': 2,
[36m(TaskRunnerV1 pid=3586571)[0m                                                           'switch_threshold_step_down': 0.03,
[36m(TaskRunnerV1 pid=3586571)[0m                                                           'switch_threshold_step_up': 0.05},
[36m(TaskRunnerV1 pid=3586571)[0m                                        'num_warmup_batches': 1,
[36m(TaskRunnerV1 pid=3586571)[0m                                        'parameter_sync_step': 4},
[36m(TaskRunnerV1 pid=3586571)[0m                     'sync': {},
[36m(TaskRunnerV1 pid=3586571)[0m                     'trainer_mode': 'sync'},
[36m(TaskRunnerV1 pid=3586571)[0m              'val_before_train': False,
[36m(TaskRunnerV1 pid=3586571)[0m              'val_only': False,
[36m(TaskRunnerV1 pid=3586571)[0m              'validation_data_dir': None},
[36m(TaskRunnerV1 pid=3586571)[0m  'transfer_queue': {'backend': {'MooncakeStore': {'auto_init': False,
[36m(TaskRunnerV1 pid=3586571)[0m                                                   'device_name': '',
[36m(TaskRunnerV1 pid=3586571)[0m                                                   'global_segment_size': 4294967296,
[36m(TaskRunnerV1 pid=3586571)[0m                                                   'local_buffer_size': 1073741824,
[36m(TaskRunnerV1 pid=3586571)[0m                                                   'local_hostname': 'localhost',
[36m(TaskRunnerV1 pid=3586571)[0m                                                   'master_server_address': 'localhost:50124',
[36m(TaskRunnerV1 pid=3586571)[0m                                                   'metadata_server': 'localhost:50123',
[36m(TaskRunnerV1 pid=3586571)[0m                                                   'protocol': 'tcp'},
[36m(TaskRunnerV1 pid=3586571)[0m                                 'SimpleStorage': {'num_data_storage_units': 8,
[36m(TaskRunnerV1 pid=3586571)[0m                                                   'total_storage_size': 100000},
[36m(TaskRunnerV1 pid=3586571)[0m                                 'storage_backend': 'SimpleStorage'},
[36m(TaskRunnerV1 pid=3586571)[0m                     'enable': True,
[36m(TaskRunnerV1 pid=3586571)[0m                     'metrics': {'enabled': False, 'port': 0}}}
[36m(TaskRunnerV1 pid=3586571)[0m /home/p00938733/verl-090/verl/trainer/ppo/v1/trainer_base.py:129: UserWarning: Disabled critic as algorithm.adv_estimator != gae. If it is not intended, please set critic.enable=True
[36m(TaskRunnerV1 pid=3586571)[0m   self.use_critic = need_critic(self.config)
[36m(TaskRunnerV1 pid=3586571)[0m Using dataset class: RLHFDataset
[36m(TaskRunnerV1 pid=3586571)[0m dataset len: 8
[36m(TaskRunnerV1 pid=3586571)[0m Using dataset class: RLHFDataset
[36m(TaskRunnerV1 pid=3586571)[0m dataset len: 4
[36m(TaskRunnerV1 pid=3586571)[0m colocated worker base class <class 'verl.single_controller.base.worker.Worker'>
[36m(TaskRunnerV1 pid=3586571)[0m INFO:2026-09-10 22:27:47,113:train and validate dataloader initialized, train dataset size: 8, val dataset size: 4
[36m(TaskRunnerV1 pid=3586571)[0m INFO:2026-09-10 22:27:47,113:Total training steps: 4
[36m(TaskRunnerV1 pid=3586571)[0m /home/p00938733/verl-090/verl/trainer/ppo/v1/trainer_base.py:755: UserWarning: Disabled critic as algorithm.adv_estimator != gae. If it is not intended, please set critic.enable=True
[36m(TaskRunnerV1 pid=3586571)[0m   if need_critic(config):
[36m(TaskRunnerV1 pid=3586571)[0m INFO:2026-09-10 22:27:47,120:worker group kwargs: {'device_name': 'cuda'}
[36m(TaskRunnerV1 pid=3586571)[0m INFO:2026-09-10 22:27:48,137:create worker group dict_keys(['actor_rollout_ref'])
[36m(WorkerDict pid=3588517)[0m /home/p00938733/verl-090/verl/workers/engine/__init__.py:32: UserWarning: torchtitan engine is not available: ModuleNotFoundError("No module named 'torchtitan'")
[36m(WorkerDict pid=3588517)[0m   warnings.warn(f"torchtitan engine is not available: {e!r}", stacklevel=1)
[36m(WorkerDict pid=3588517)[0m /home/p00938733/verl-090/verl/workers/engine/__init__.py:41: UserWarning: veomni engine is not available: ModuleNotFoundError("No module named 'veomni'")
[36m(WorkerDict pid=3588517)[0m   warnings.warn(f"veomni engine is not available: {e!r}", stacklevel=1)
[36m(WorkerDict pid=3588517)[0m /home/p00938733/verl-090/verl/workers/engine/__init__.py:50: UserWarning: automodel engine is not available: ModuleNotFoundError("No module named 'nemo_automodel'")
[36m(WorkerDict pid=3588517)[0m   warnings.warn(f"automodel engine is not available: {e!r}", stacklevel=1)
[36m(WorkerDict pid=3588521)[0m /home/p00938733/verl-090/verl/workers/engine/__init__.py:32: UserWarning: torchtitan engine is not available: ModuleNotFoundError("No module named 'torchtitan'")
[36m(WorkerDict pid=3588521)[0m   warnings.warn(f"torchtitan engine is not available: {e!r}", stacklevel=1)
[36m(WorkerDict pid=3588521)[0m /home/p00938733/verl-090/verl/workers/engine/__init__.py:41: UserWarning: veomni engine is not available: ModuleNotFoundError("No module named 'veomni'")
[36m(WorkerDict pid=3588521)[0m   warnings.warn(f"veomni engine is not available: {e!r}", stacklevel=1)
[36m(WorkerDict pid=3588521)[0m /home/p00938733/verl-090/verl/workers/engine/__init__.py:50: UserWarning: automodel engine is not available: ModuleNotFoundError("No module named 'nemo_automodel'")
[36m(WorkerDict pid=3588521)[0m   warnings.warn(f"automodel engine is not available: {e!r}", stacklevel=1)
[36m(WorkerDict pid=3588520)[0m /home/p00938733/verl-090/verl/workers/engine/__init__.py:32: UserWarning: torchtitan engine is not available: ModuleNotFoundError("No module named 'torchtitan'")
[36m(WorkerDict pid=3588520)[0m   warnings.warn(f"torchtitan engine is not available: {e!r}", stacklevel=1)
[36m(WorkerDict pid=3588520)[0m /home/p00938733/verl-090/verl/workers/engine/__init__.py:41: UserWarning: veomni engine is not available: ModuleNotFoundError("No module named 'veomni'")
[36m(WorkerDict pid=3588520)[0m   warnings.warn(f"veomni engine is not available: {e!r}", stacklevel=1)
[36m(WorkerDict pid=3588520)[0m /home/p00938733/verl-090/verl/workers/engine/__init__.py:50: UserWarning: automodel engine is not available: ModuleNotFoundError("No module named 'nemo_automodel'")
[36m(WorkerDict pid=3588520)[0m   warnings.warn(f"automodel engine is not available: {e!r}", stacklevel=1)
[36m(WorkerDict pid=3588519)[0m /home/p00938733/verl-090/verl/workers/engine/__init__.py:32: UserWarning: torchtitan engine is not available: ModuleNotFoundError("No module named 'torchtitan'")
[36m(WorkerDict pid=3588519)[0m   warnings.warn(f"torchtitan engine is not available: {e!r}", stacklevel=1)
[36m(WorkerDict pid=3588519)[0m /home/p00938733/verl-090/verl/workers/engine/__init__.py:41: UserWarning: veomni engine is not available: ModuleNotFoundError("No module named 'veomni'")
[36m(WorkerDict pid=3588519)[0m   warnings.warn(f"veomni engine is not available: {e!r}", stacklevel=1)
[36m(WorkerDict pid=3588519)[0m /home/p00938733/verl-090/verl/workers/engine/__init__.py:50: UserWarning: automodel engine is not available: ModuleNotFoundError("No module named 'nemo_automodel'")
[36m(WorkerDict pid=3588519)[0m   warnings.warn(f"automodel engine is not available: {e!r}", stacklevel=1)
[36m(WorkerDict pid=3588518)[0m /home/p00938733/verl-090/verl/workers/engine/__init__.py:32: UserWarning: torchtitan engine is not available: ModuleNotFoundError("No module named 'torchtitan'")
[36m(WorkerDict pid=3588518)[0m   warnings.warn(f"torchtitan engine is not available: {e!r}", stacklevel=1)
[36m(WorkerDict pid=3588518)[0m /home/p00938733/verl-090/verl/workers/engine/__init__.py:41: UserWarning: veomni engine is not available: ModuleNotFoundError("No module named 'veomni'")
[36m(WorkerDict pid=3588518)[0m   warnings.warn(f"veomni engine is not available: {e!r}", stacklevel=1)
[36m(WorkerDict pid=3588518)[0m /home/p00938733/verl-090/verl/workers/engine/__init__.py:50: UserWarning: automodel engine is not available: ModuleNotFoundError("No module named 'nemo_automodel'")
[36m(WorkerDict pid=3588518)[0m   warnings.warn(f"automodel engine is not available: {e!r}", stacklevel=1)
[36m(WorkerDict pid=3588516)[0m /home/p00938733/verl-090/verl/workers/engine/__init__.py:32: UserWarning: torchtitan engine is not available: ModuleNotFoundError("No module named 'torchtitan'")
[36m(WorkerDict pid=3588516)[0m   warnings.warn(f"torchtitan engine is not available: {e!r}", stacklevel=1)
[36m(WorkerDict pid=3588516)[0m /home/p00938733/verl-090/verl/workers/engine/__init__.py:41: UserWarning: veomni engine is not available: ModuleNotFoundError("No module named 'veomni'")
[36m(WorkerDict pid=3588516)[0m   warnings.warn(f"veomni engine is not available: {e!r}", stacklevel=1)
[36m(WorkerDict pid=3588516)[0m /home/p00938733/verl-090/verl/workers/engine/__init__.py:50: UserWarning: automodel engine is not available: ModuleNotFoundError("No module named 'nemo_automodel'")
[36m(WorkerDict pid=3588516)[0m   warnings.warn(f"automodel engine is not available: {e!r}", stacklevel=1)
[36m(WorkerDict pid=3588522)[0m /home/p00938733/verl-090/verl/workers/engine/__init__.py:32: UserWarning: torchtitan engine is not available: ModuleNotFoundError("No module named 'torchtitan'")
[36m(WorkerDict pid=3588522)[0m   warnings.warn(f"torchtitan engine is not available: {e!r}", stacklevel=1)
[36m(WorkerDict pid=3588522)[0m /home/p00938733/verl-090/verl/workers/engine/__init__.py:41: UserWarning: veomni engine is not available: ModuleNotFoundError("No module named 'veomni'")
[36m(WorkerDict pid=3588522)[0m   warnings.warn(f"veomni engine is not available: {e!r}", stacklevel=1)
[36m(WorkerDict pid=3588522)[0m /home/p00938733/verl-090/verl/workers/engine/__init__.py:50: UserWarning: automodel engine is not available: ModuleNotFoundError("No module named 'nemo_automodel'")
[36m(WorkerDict pid=3588522)[0m   warnings.warn(f"automodel engine is not available: {e!r}", stacklevel=1)
[36m(WorkerDict pid=3588523)[0m /home/p00938733/verl-090/verl/workers/engine/__init__.py:32: UserWarning: torchtitan engine is not available: ModuleNotFoundError("No module named 'torchtitan'")
[36m(WorkerDict pid=3588523)[0m   warnings.warn(f"torchtitan engine is not available: {e!r}", stacklevel=1)
[36m(WorkerDict pid=3588523)[0m /home/p00938733/verl-090/verl/workers/engine/__init__.py:41: UserWarning: veomni engine is not available: ModuleNotFoundError("No module named 'veomni'")
[36m(WorkerDict pid=3588523)[0m   warnings.warn(f"veomni engine is not available: {e!r}", stacklevel=1)
[36m(WorkerDict pid=3588523)[0m /home/p00938733/verl-090/verl/workers/engine/__init__.py:50: UserWarning: automodel engine is not available: ModuleNotFoundError("No module named 'nemo_automodel'")
[36m(WorkerDict pid=3588523)[0m   warnings.warn(f"automodel engine is not available: {e!r}", stacklevel=1)
[36m(WorkerDict pid=3588520)[0m /opt/Megatron-Bridge/3rdparty/Megatron-LM/megatron/core/models/mimo/config/base_configs.py:12: UserWarning: MimoModelConfig is experimental and still under active development. The API may change without notice in future releases.
[36m(WorkerDict pid=3588520)[0m   class MimoModelConfig:
[36m(WorkerDict pid=3588520)[0m [transformers] `torch_dtype` is deprecated! Use `dtype` instead!
[36m(WorkerDict pid=3588520)[0m /opt/Megatron-Bridge/3rdparty/Megatron-LM/megatron/core/transformer/transformer_config.py:2191: UserWarning: full scope is deprecated. Use empty cuda_graph_modules to capture the whole layer.
[36m(WorkerDict pid=3588520)[0m   warnings.warn(
[36m(WorkerDict pid=3588520)[0m /opt/Megatron-Bridge/3rdparty/Megatron-LM/megatron/core/models/gpt/gpt_layer_specs.py:216: UserWarning: The fp8 argument in "get_gpt_layer_with_transformer_engine_spec" has been deprecated and will be removed soon. Please update your code accordingly.
[36m(WorkerDict pid=3588520)[0m   warnings.warn(
[36m(WorkerDict pid=3588518)[0m /opt/Megatron-Bridge/3rdparty/Megatron-LM/megatron/core/models/mimo/config/base_configs.py:12: UserWarning: MimoModelConfig is experimental and still under active development. The API may change without notice in future releases.
[36m(WorkerDict pid=3588518)[0m   class MimoModelConfig:
[36m(WorkerDict pid=3588518)[0m [transformers] `torch_dtype` is deprecated! Use `dtype` instead!
[36m(WorkerDict pid=3588518)[0m /opt/Megatron-Bridge/3rdparty/Megatron-LM/megatron/core/transformer/transformer_config.py:2191: UserWarning: full scope is deprecated. Use empty cuda_graph_modules to capture the whole layer.
[36m(WorkerDict pid=3588518)[0m   warnings.warn(
[36m(WorkerDict pid=3588518)[0m /opt/Megatron-Bridge/3rdparty/Megatron-LM/megatron/core/models/gpt/gpt_layer_specs.py:216: UserWarning: The fp8 argument in "get_gpt_layer_with_transformer_engine_spec" has been deprecated and will be removed soon. Please update your code accordingly.
[36m(WorkerDict pid=3588518)[0m   warnings.warn(
[36m(WorkerDict pid=3588517)[0m /opt/Megatron-Bridge/3rdparty/Megatron-LM/megatron/core/models/mimo/config/base_configs.py:12: UserWarning: MimoModelConfig is experimental and still under active development. The API may change without notice in future releases.
[36m(WorkerDict pid=3588517)[0m   class MimoModelConfig:
[36m(WorkerDict pid=3588517)[0m [transformers] `torch_dtype` is deprecated! Use `dtype` instead!
[36m(WorkerDict pid=3588517)[0m /opt/Megatron-Bridge/3rdparty/Megatron-LM/megatron/core/transformer/transformer_config.py:2191: UserWarning: full scope is deprecated. Use empty cuda_graph_modules to capture the whole layer.
[36m(WorkerDict pid=3588517)[0m   warnings.warn(
[36m(WorkerDict pid=3588517)[0m /opt/Megatron-Bridge/3rdparty/Megatron-LM/megatron/core/models/gpt/gpt_layer_specs.py:216: UserWarning: The fp8 argument in "get_gpt_layer_with_transformer_engine_spec" has been deprecated and will be removed soon. Please update your code accordingly.
[36m(WorkerDict pid=3588517)[0m   warnings.warn(
[36m(WorkerDict pid=3588522)[0m /opt/Megatron-Bridge/3rdparty/Megatron-LM/megatron/core/models/mimo/config/base_configs.py:12: UserWarning: MimoModelConfig is experimental and still under active development. The API may change without notice in future releases.
[36m(WorkerDict pid=3588522)[0m   class MimoModelConfig:
[36m(WorkerDict pid=3588522)[0m [transformers] `torch_dtype` is deprecated! Use `dtype` instead!
[36m(WorkerDict pid=3588522)[0m /opt/Megatron-Bridge/3rdparty/Megatron-LM/megatron/core/transformer/transformer_config.py:2191: UserWarning: full scope is deprecated. Use empty cuda_graph_modules to capture the whole layer.
[36m(WorkerDict pid=3588522)[0m   warnings.warn(
[36m(WorkerDict pid=3588522)[0m /opt/Megatron-Bridge/3rdparty/Megatron-LM/megatron/core/models/gpt/gpt_layer_specs.py:216: UserWarning: The fp8 argument in "get_gpt_layer_with_transformer_engine_spec" has been deprecated and will be removed soon. Please update your code accordingly.
[36m(WorkerDict pid=3588522)[0m   warnings.warn(
[36m(WorkerDict pid=3588516)[0m /opt/Megatron-Bridge/3rdparty/Megatron-LM/megatron/core/models/mimo/config/base_configs.py:12: UserWarning: MimoModelConfig is experimental and still under active development. The API may change without notice in future releases.
[36m(WorkerDict pid=3588516)[0m   class MimoModelConfig:
[36m(WorkerDict pid=3588516)[0m [transformers] `torch_dtype` is deprecated! Use `dtype` instead!
[36m(WorkerDict pid=3588516)[0m /opt/Megatron-Bridge/3rdparty/Megatron-LM/megatron/core/transformer/transformer_config.py:2191: UserWarning: full scope is deprecated. Use empty cuda_graph_modules to capture the whole layer.
[36m(WorkerDict pid=3588516)[0m   warnings.warn(
[36m(WorkerDict pid=3588516)[0m /opt/Megatron-Bridge/3rdparty/Megatron-LM/megatron/core/models/gpt/gpt_layer_specs.py:216: UserWarning: The fp8 argument in "get_gpt_layer_with_transformer_engine_spec" has been deprecated and will be removed soon. Please update your code accordingly.
[36m(WorkerDict pid=3588516)[0m   warnings.warn(
[36m(WorkerDict pid=3588521)[0m /opt/Megatron-Bridge/3rdparty/Megatron-LM/megatron/core/models/mimo/config/base_configs.py:12: UserWarning: MimoModelConfig is experimental and still under active development. The API may change without notice in future releases.
[36m(WorkerDict pid=3588521)[0m   class MimoModelConfig:
[36m(WorkerDict pid=3588519)[0m /opt/Megatron-Bridge/3rdparty/Megatron-LM/megatron/core/models/mimo/config/base_configs.py:12: UserWarning: MimoModelConfig is experimental and still under active development. The API may change without notice in future releases.
[36m(WorkerDict pid=3588519)[0m   class MimoModelConfig:
[36m(WorkerDict pid=3588521)[0m [transformers] `torch_dtype` is deprecated! Use `dtype` instead!
[36m(WorkerDict pid=3588521)[0m /opt/Megatron-Bridge/3rdparty/Megatron-LM/megatron/core/transformer/transformer_config.py:2191: UserWarning: full scope is deprecated. Use empty cuda_graph_modules to capture the whole layer.
[36m(WorkerDict pid=3588521)[0m   warnings.warn(
[36m(WorkerDict pid=3588521)[0m /opt/Megatron-Bridge/3rdparty/Megatron-LM/megatron/core/models/gpt/gpt_layer_specs.py:216: UserWarning: The fp8 argument in "get_gpt_layer_with_transformer_engine_spec" has been deprecated and will be removed soon. Please update your code accordingly.
[36m(WorkerDict pid=3588521)[0m   warnings.warn(
[36m(WorkerDict pid=3588519)[0m [transformers] `torch_dtype` is deprecated! Use `dtype` instead!
[36m(WorkerDict pid=3588519)[0m /opt/Megatron-Bridge/3rdparty/Megatron-LM/megatron/core/transformer/transformer_config.py:2191: UserWarning: full scope is deprecated. Use empty cuda_graph_modules to capture the whole layer.
[36m(WorkerDict pid=3588519)[0m   warnings.warn(
[36m(WorkerDict pid=3588519)[0m /opt/Megatron-Bridge/3rdparty/Megatron-LM/megatron/core/models/gpt/gpt_layer_specs.py:216: UserWarning: The fp8 argument in "get_gpt_layer_with_transformer_engine_spec" has been deprecated and will be removed soon. Please update your code accordingly.
[36m(WorkerDict pid=3588519)[0m   warnings.warn(
[36m(WorkerDict pid=3588523)[0m /opt/Megatron-Bridge/3rdparty/Megatron-LM/megatron/core/models/mimo/config/base_configs.py:12: UserWarning: MimoModelConfig is experimental and still under active development. The API may change without notice in future releases.
[36m(WorkerDict pid=3588523)[0m   class MimoModelConfig:
[36m(WorkerDict pid=3588523)[0m [transformers] `torch_dtype` is deprecated! Use `dtype` instead!
[36m(WorkerDict pid=3588523)[0m /opt/Megatron-Bridge/3rdparty/Megatron-LM/megatron/core/transformer/transformer_config.py:2191: UserWarning: full scope is deprecated. Use empty cuda_graph_modules to capture the whole layer.
[36m(WorkerDict pid=3588523)[0m   warnings.warn(
[36m(WorkerDict pid=3588523)[0m /opt/Megatron-Bridge/3rdparty/Megatron-LM/megatron/core/models/gpt/gpt_layer_specs.py:216: UserWarning: The fp8 argument in "get_gpt_layer_with_transformer_engine_spec" has been deprecated and will be removed soon. Please update your code accordingly.
[36m(WorkerDict pid=3588523)[0m   warnings.warn(
[36m(WorkerDict pid=3588520)[0m /opt/dev/lib/python3.12/site-packages/transformer_engine/pytorch/module/base.py:1481: UserWarning: To guarantee overlapping TP and SP collectives with the backwardGEMMs, set environment variable CUDA_DEVICE_MAX_CONNECTIONS = 1
[36m(WorkerDict pid=3588520)[0m   warnings.warn(
[36m(WorkerDict pid=3588517)[0m /opt/dev/lib/python3.12/site-packages/transformer_engine/pytorch/module/base.py:1481: UserWarning: To guarantee overlapping TP and SP collectives with the backwardGEMMs, set environment variable CUDA_DEVICE_MAX_CONNECTIONS = 1
[36m(WorkerDict pid=3588517)[0m   warnings.warn(
[36m(WorkerDict pid=3588518)[0m /opt/dev/lib/python3.12/site-packages/transformer_engine/pytorch/module/base.py:1481: UserWarning: To guarantee overlapping TP and SP collectives with the backwardGEMMs, set environment variable CUDA_DEVICE_MAX_CONNECTIONS = 1
[36m(WorkerDict pid=3588518)[0m   warnings.warn(
[36m(WorkerDict pid=3588522)[0m /opt/dev/lib/python3.12/site-packages/transformer_engine/pytorch/module/base.py:1481: UserWarning: To guarantee overlapping TP and SP collectives with the backwardGEMMs, set environment variable CUDA_DEVICE_MAX_CONNECTIONS = 1
[36m(WorkerDict pid=3588522)[0m   warnings.warn(
[36m(WorkerDict pid=3588516)[0m /opt/dev/lib/python3.12/site-packages/transformer_engine/pytorch/module/base.py:1481: UserWarning: To guarantee overlapping TP and SP collectives with the backwardGEMMs, set environment variable CUDA_DEVICE_MAX_CONNECTIONS = 1
[36m(WorkerDict pid=3588516)[0m   warnings.warn(
[36m(WorkerDict pid=3588517)[0m  > number of parameters on (tensor, pipeline) model parallel rank (1, 0): 2047758848
[36m(WorkerDict pid=3588517)[0m module: 1
[36m(WorkerDict pid=3588523)[0m /opt/dev/lib/python3.12/site-packages/transformer_engine/pytorch/module/base.py:1481: UserWarning: To guarantee overlapping TP and SP collectives with the backwardGEMMs, set environment variable CUDA_DEVICE_MAX_CONNECTIONS = 1
[36m(WorkerDict pid=3588523)[0m   warnings.warn(
[36m(WorkerDict pid=3588521)[0m /opt/dev/lib/python3.12/site-packages/transformer_engine/pytorch/module/base.py:1481: UserWarning: To guarantee overlapping TP and SP collectives with the backwardGEMMs, set environment variable CUDA_DEVICE_MAX_CONNECTIONS = 1
[36m(WorkerDict pid=3588521)[0m   warnings.warn(
[36m(WorkerDict pid=3588519)[0m /opt/dev/lib/python3.12/site-packages/transformer_engine/pytorch/module/base.py:1481: UserWarning: To guarantee overlapping TP and SP collectives with the backwardGEMMs, set environment variable CUDA_DEVICE_MAX_CONNECTIONS = 1
[36m(WorkerDict pid=3588519)[0m   warnings.warn(
[36m(WorkerDict pid=3588520)[0m module: 1
[36m(WorkerDict pid=3588518)[0m  > number of parameters on (tensor, pipeline) model parallel rank (0, 1): 2047762944
[36m(WorkerDict pid=3588518)[0m module: 1
[36m(WorkerDict pid=3588522)[0m module: 1
[36m(WorkerDict pid=3588518)[0m NCCL version 2.28.9+cuda12.9
[36m(WorkerDict pid=3588521)[0m  > number of parameters on (tensor, pipeline) model parallel rank (1, 1): 2047762944
[36m(WorkerDict pid=3588521)[0m module: 1
[36m(WorkerDict pid=3588516)[0m  > number of parameters on (tensor, pipeline) model parallel rank (0, 0): 2047758848
[36m(WorkerDict pid=3588516)[0m module: 1
[36m(WorkerDict pid=3588519)[0m module: 1
[36m(WorkerDict pid=3588522)[0m NCCL version 2.28.9+cuda12.9
[36m(WorkerDict pid=3588523)[0m module: 1
[36m(WorkerDict pid=3588516)[0m NCCL version 2.28.9+cuda12.9
[36m(WorkerDict pid=3588519)[0m NCCL version 2.28.9+cuda12.9
[36m(WorkerDict pid=3588520)[0m /home/p00938733/verl-090/verl/utils/megatron_utils.py:627: UserWarning: TypedStorage is deprecated. It will be removed in the future and UntypedStorage will be the only storage class. This should only matter to you if you are using storages directly.  To access UntypedStorage directly, use tensor.untyped_storage() instead of tensor.storage()
[36m(WorkerDict pid=3588520)[0m   tensor.storage().size() == tensor.numel()
[36m(WorkerDict pid=3588519)[0m /home/p00938733/verl-090/verl/utils/megatron_utils.py:627: UserWarning: TypedStorage is deprecated. It will be removed in the future and UntypedStorage will be the only storage class. This should only matter to you if you are using storages directly.  To access UntypedStorage directly, use tensor.untyped_storage() instead of tensor.storage()
[36m(WorkerDict pid=3588519)[0m   tensor.storage().size() == tensor.numel()
[36m(WorkerDict pid=3588520)[0m module: 1
[36m(WorkerDict pid=3588519)[0m module: 1
[36m(WorkerDict pid=3588516)[0m Loading from /home/p00938733/Qwen3-8B ━━━━━━━━━━━━━━━━━━━━━━━━━━━━━━━━━━━━━━━━ 100% 0:00:00 (291/291) Qwen3Bridge
[36m(WorkerDict pid=3588516)[0m Float16Module contains 2.05B parameters
[36m(WorkerDict pid=3588516)[0m /home/p00938733/verl-090/verl/utils/megatron_utils.py:627: UserWarning: TypedStorage is deprecated. It will be removed in the future and UntypedStorage will be the only storage class. This should only matter to you if you are using storages directly.  To access UntypedStorage directly, use tensor.untyped_storage() instead of tensor.storage()
[36m(WorkerDict pid=3588516)[0m   tensor.storage().size() == tensor.numel()
[36m(WorkerDict pid=3588517)[0m /home/p00938733/verl-090/verl/utils/megatron_utils.py:627: UserWarning: TypedStorage is deprecated. It will be removed in the future and UntypedStorage will be the only storage class. This should only matter to you if you are using storages directly.  To access UntypedStorage directly, use tensor.untyped_storage() instead of tensor.storage()
[36m(WorkerDict pid=3588517)[0m   tensor.storage().size() == tensor.numel()
[36m(WorkerDict pid=3588516)[0m  > number of parameters on (tensor, pipeline) model parallel rank (0, 0): 2047758848
[36m(WorkerDict pid=3588516)[0m module: 1
[36m(WorkerDict pid=3588517)[0m  > number of parameters on (tensor, pipeline) model parallel rank (1, 0): 2047758848
[36m(WorkerDict pid=3588517)[0m module: 1
[36m(WorkerDict pid=3588522)[0m /home/p00938733/verl-090/verl/utils/megatron_utils.py:627: UserWarning: TypedStorage is deprecated. It will be removed in the future and UntypedStorage will be the only storage class. This should only matter to you if you are using storages directly.  To access UntypedStorage directly, use tensor.untyped_storage() instead of tensor.storage()
[36m(WorkerDict pid=3588522)[0m   tensor.storage().size() == tensor.numel()
[36m(WorkerDict pid=3588523)[0m /home/p00938733/verl-090/verl/utils/megatron_utils.py:627: UserWarning: TypedStorage is deprecated. It will be removed in the future and UntypedStorage will be the only storage class. This should only matter to you if you are using storages directly.  To access UntypedStorage directly, use tensor.untyped_storage() instead of tensor.storage()
[36m(WorkerDict pid=3588523)[0m   tensor.storage().size() == tensor.numel()
[36m(WorkerDict pid=3588521)[0m /home/p00938733/verl-090/verl/utils/megatron_utils.py:627: UserWarning: TypedStorage is deprecated. It will be removed in the future and UntypedStorage will be the only storage class. This should only matter to you if you are using storages directly.  To access UntypedStorage directly, use tensor.untyped_storage() instead of tensor.storage()
[36m(WorkerDict pid=3588521)[0m   tensor.storage().size() == tensor.numel()
[36m(WorkerDict pid=3588518)[0m /home/p00938733/verl-090/verl/utils/megatron_utils.py:627: UserWarning: TypedStorage is deprecated. It will be removed in the future and UntypedStorage will be the only storage class. This should only matter to you if you are using storages directly.  To access UntypedStorage directly, use tensor.untyped_storage() instead of tensor.storage()
[36m(WorkerDict pid=3588518)[0m   tensor.storage().size() == tensor.numel()
[36m(WorkerDict pid=3588522)[0m module: 1
[36m(WorkerDict pid=3588523)[0m module: 1
[36m(WorkerDict pid=3588518)[0m  > number of parameters on (tensor, pipeline) model parallel rank (0, 1): 2047762944
[36m(WorkerDict pid=3588518)[0m module: 1
[36m(WorkerDict pid=3588521)[0m  > number of parameters on (tensor, pipeline) model parallel rank (1, 1): 2047762944
[36m(WorkerDict pid=3588521)[0m module: 1
[36m(WorkerDict pid=3588516)[0m Loading from /home/p00938733/Qwen3-8B ━━━━━━━━━━━━━━━━━━━━━━━━━━━━━━━━━━━━━━━━ 100% 0:00:00 (291/291) Qwen3Bridge
[36m(WorkerDict pid=3588516)[0m DistributedDataParallel contains 2.05B parameters
[36m(WorkerDict pid=3588516)[0m optimizer config after override: {'optimizer': 'adam', 'lr': 0.0, 'min_lr': 0.0, 'clip_grad': 1.0, 'weight_decay': 0.01, 'use_distributed_optimizer': True, 'bf16': True, 'params_dtype': torch.bfloat16}
[36m(TaskRunnerV1 pid=3586571)[0m INFO:2026-09-10 22:29:07,542:actor and ref model engine initialized
[36m(TaskRunnerV1 pid=3586571)[0m INFO:2026-09-10 22:29:07,721:reward loop manager initialized
[36m(TaskRunnerV1 pid=3586571)[0m [transformers] `Qwen2VLImageProcessorFast` is deprecated. The `Fast` suffix for image processors has been removed; use `Qwen2VLImageProcessor` instead.
[36m(pid=3592108)[0m [transformers] `Qwen2VLImageProcessorFast` is deprecated. The `Fast` suffix for image processors has been removed; use `Qwen2VLImageProcessor` instead.
[36m(pid=3592107)[0m [transformers] `Qwen2VLImageProcessorFast` is deprecated. The `Fast` suffix for image processors has been removed; use `Qwen2VLImageProcessor` instead.
[36m(vLLMHttpServer pid=3592108)[0m WARNING 09-10 22:29:26 [envs.py:2057] Unknown vLLM environment variable detected: VLLM_USE_V1
[36m(vLLMHttpServer pid=3592107)[0m ['serve',
[36m(vLLMHttpServer pid=3592107)[0m  '/home/p00938733/Qwen3-8B',
[36m(vLLMHttpServer pid=3592107)[0m  '--dtype',
[36m(vLLMHttpServer pid=3592107)[0m  'bfloat16',
[36m(vLLMHttpServer pid=3592107)[0m  '--load_format',
[36m(vLLMHttpServer pid=3592107)[0m  'dummy',
[36m(vLLMHttpServer pid=3592107)[0m  '--distributed_executor_backend',
[36m(vLLMHttpServer pid=3592107)[0m  'mp',
[36m(vLLMHttpServer pid=3592107)[0m  '--worker_extension_cls',
[36m(vLLMHttpServer pid=3592107)[0m  'verl.workers.rollout.vllm_rollout.utils.vLLMColocateWorkerExtension',
[36m(vLLMHttpServer pid=3592107)[0m  '--max_model_len',
[36m(vLLMHttpServer pid=3592107)[0m  '20736',
[36m(vLLMHttpServer pid=3592107)[0m  '--max_num_seqs',
[36m(vLLMHttpServer pid=3592107)[0m  '256',
[36m(vLLMHttpServer pid=3592107)[0m  '--enable_chunked_prefill',
[36m(vLLMHttpServer pid=3592107)[0m  '--max_num_batched_tokens',
[36m(vLLMHttpServer pid=3592107)[0m  '65536',
[36m(vLLMHttpServer pid=3592107)[0m  '--enable_prefix_caching',
[36m(vLLMHttpServer pid=3592107)[0m  '--enable_sleep_mode',
[36m(vLLMHttpServer pid=3592107)[0m  '--logprobs_mode',
[36m(vLLMHttpServer pid=3592107)[0m  'processed_logprobs',
[36m(vLLMHttpServer pid=3592107)[0m  '--gpu_memory_utilization',
[36m(vLLMHttpServer pid=3592107)[0m  '0.5',
[36m(vLLMHttpServer pid=3592107)[0m  '--disable_log_stats',
[36m(vLLMHttpServer pid=3592107)[0m  '--tensor_parallel_size',
[36m(vLLMHttpServer pid=3592107)[0m  '4',
[36m(vLLMHttpServer pid=3592107)[0m  '--seed',
[36m(vLLMHttpServer pid=3592107)[0m  '42',
[36m(vLLMHttpServer pid=3592107)[0m  '--override_generation_config',
[36m(vLLMHttpServer pid=3592107)[0m  '{"temperature": 1.0, "top_k": -1, "top_p": 0.95, "repetition_penalty": 1.0, '
[36m(vLLMHttpServer pid=3592107)[0m  '"max_new_tokens": 4096}',
[36m(vLLMHttpServer pid=3592107)[0m  '--hf_overrides',
[36m(vLLMHttpServer pid=3592107)[0m  '{}',
[36m(vLLMHttpServer pid=3592107)[0m  '--scheduling_policy',
[36m(vLLMHttpServer pid=3592107)[0m  'fcfs',
[36m(vLLMHttpServer pid=3592107)[0m  '--compilation_config',
[36m(vLLMHttpServer pid=3592107)[0m  '{"cudagraph_mode": "FULL_AND_PIECEWISE"}']
[36m(vLLMHttpServer pid=3592107)[0m WARNING 09-10 22:29:28 [envs.py:2057] Unknown vLLM environment variable detected: VLLM_USE_V1
[36m(vLLMHttpServer pid=3592108)[0m WARNING 09-10 22:29:29 [system_utils.py:157] We must use the `spawn` multiprocessing start method. Overriding VLLM_WORKER_MULTIPROC_METHOD to 'spawn'. See https://docs.vllm.ai/en/latest/usage/troubleshooting.html#python-multiprocessing for more information. Reasons: In a Ray actor and can only be spawned; CUDA is initialized
[36m(vLLMHttpServer pid=3592107)[0m WARNING 09-10 22:29:31 [system_utils.py:157] We must use the `spawn` multiprocessing start method. Overriding VLLM_WORKER_MULTIPROC_METHOD to 'spawn'. See https://docs.vllm.ai/en/latest/usage/troubleshooting.html#python-multiprocessing for more information. Reasons: In a Ray actor and can only be spawned; CUDA is initialized
[36m(vLLMHttpServer pid=3592108)[0m [transformers] `Qwen2VLImageProcessorFast` is deprecated. The `Fast` suffix for image processors has been removed; use `Qwen2VLImageProcessor` instead.
[36m(vLLMHttpServer pid=3592108)[0m [transformers] `Qwen2VLImageProcessorFast` is deprecated. The `Fast` suffix for image processors has been removed; use `Qwen2VLImageProcessor` instead.
[36m(vLLMHttpServer pid=3592107)[0m [transformers] `Qwen2VLImageProcessorFast` is deprecated. The `Fast` suffix for image processors has been removed; use `Qwen2VLImageProcessor` instead.
[36m(vLLMHttpServer pid=3592107)[0m [transformers] `Qwen2VLImageProcessorFast` is deprecated. The `Fast` suffix for image processors has been removed; use `Qwen2VLImageProcessor` instead.
[36m(vLLMHttpServer pid=3592108)[0m [transformers] `Qwen2VLImageProcessorFast` is deprecated. The `Fast` suffix for image processors has been removed; use `Qwen2VLImageProcessor` instead.
[36m(vLLMHttpServer pid=3592108)[0m [transformers] `Qwen2VLImageProcessorFast` is deprecated. The `Fast` suffix for image processors has been removed; use `Qwen2VLImageProcessor` instead.
[36m(vLLMHttpServer pid=3592107)[0m [transformers] `Qwen2VLImageProcessorFast` is deprecated. The `Fast` suffix for image processors has been removed; use `Qwen2VLImageProcessor` instead.
[36m(vLLMHttpServer pid=3592107)[0m [transformers] `Qwen2VLImageProcessorFast` is deprecated. The `Fast` suffix for image processors has been removed; use `Qwen2VLImageProcessor` instead.
[36m(vLLMHttpServer pid=3592108)[0m (Worker pid=3592889) <frozen importlib._bootstrap_external>:1297: FutureWarning: The cuda.cudart module is deprecated and will be removed in a future release, please switch to use the cuda.bindings.runtime module instead.
[36m(vLLMHttpServer pid=3592108)[0m (Worker pid=3592889) <frozen importlib._bootstrap_external>:1297: FutureWarning: The cuda.nvrtc module is deprecated and will be removed in a future release, please switch to use the cuda.bindings.nvrtc module instead.
[36m(vLLMHttpServer pid=3592108)[0m (Worker pid=3592888) <frozen importlib._bootstrap_external>:1297: FutureWarning: The cuda.cudart module is deprecated and will be removed in a future release, please switch to use the cuda.bindings.runtime module instead.
[36m(vLLMHttpServer pid=3592108)[0m (Worker pid=3592888) <frozen importlib._bootstrap_external>:1297: FutureWarning: The cuda.nvrtc module is deprecated and will be removed in a future release, please switch to use the cuda.bindings.nvrtc module instead.
[36m(vLLMHttpServer pid=3592108)[0m (Worker pid=3592891) <frozen importlib._bootstrap_external>:1297: FutureWarning: The cuda.cudart module is deprecated and will be removed in a future release, please switch to use the cuda.bindings.runtime module instead.
[36m(vLLMHttpServer pid=3592108)[0m (Worker pid=3592891) <frozen importlib._bootstrap_external>:1297: FutureWarning: The cuda.nvrtc module is deprecated and will be removed in a future release, please switch to use the cuda.bindings.nvrtc module instead.
[36m(vLLMHttpServer pid=3592108)[0m (Worker pid=3592890) <frozen importlib._bootstrap_external>:1297: FutureWarning: The cuda.cudart module is deprecated and will be removed in a future release, please switch to use the cuda.bindings.runtime module instead.
[36m(vLLMHttpServer pid=3592108)[0m (Worker pid=3592890) <frozen importlib._bootstrap_external>:1297: FutureWarning: The cuda.nvrtc module is deprecated and will be removed in a future release, please switch to use the cuda.bindings.nvrtc module instead.
[36m(vLLMHttpServer pid=3592107)[0m (Worker pid=3592914) <frozen importlib._bootstrap_external>:1297: FutureWarning: The cuda.cudart module is deprecated and will be removed in a future release, please switch to use the cuda.bindings.runtime module instead.
[36m(vLLMHttpServer pid=3592107)[0m (Worker pid=3592912) <frozen importlib._bootstrap_external>:1297: FutureWarning: The cuda.cudart module is deprecated and will be removed in a future release, please switch to use the cuda.bindings.runtime module instead.
[36m(vLLMHttpServer pid=3592107)[0m (Worker pid=3592914) <frozen importlib._bootstrap_external>:1297: FutureWarning: The cuda.nvrtc module is deprecated and will be removed in a future release, please switch to use the cuda.bindings.nvrtc module instead.
[36m(vLLMHttpServer pid=3592107)[0m (Worker pid=3592912) <frozen importlib._bootstrap_external>:1297: FutureWarning: The cuda.nvrtc module is deprecated and will be removed in a future release, please switch to use the cuda.bindings.nvrtc module instead.
[36m(vLLMHttpServer pid=3592107)[0m (Worker pid=3592913) <frozen importlib._bootstrap_external>:1297: FutureWarning: The cuda.cudart module is deprecated and will be removed in a future release, please switch to use the cuda.bindings.runtime module instead.
[36m(vLLMHttpServer pid=3592107)[0m (Worker pid=3592913) <frozen importlib._bootstrap_external>:1297: FutureWarning: The cuda.nvrtc module is deprecated and will be removed in a future release, please switch to use the cuda.bindings.nvrtc module instead.
[36m(vLLMHttpServer pid=3592107)[0m (Worker pid=3592911) <frozen importlib._bootstrap_external>:1297: FutureWarning: The cuda.cudart module is deprecated and will be removed in a future release, please switch to use the cuda.bindings.runtime module instead.
[36m(vLLMHttpServer pid=3592107)[0m (Worker pid=3592911) <frozen importlib._bootstrap_external>:1297: FutureWarning: The cuda.nvrtc module is deprecated and will be removed in a future release, please switch to use the cuda.bindings.nvrtc module instead.
[36m(vLLMHttpServer pid=3592108)[0m NCCL version 2.28.9+cuda12.9
[36m(vLLMHttpServer pid=3592107)[0m NCCL version 2.28.9+cuda12.9
[36m(vLLMHttpServer pid=3592107)[0m (Worker pid=3592914) WARNING 09-10 22:29:55 [symm_mem.py:66] SymmMemCommunicator: Device capability 8.0 not supported, communicator is not available.
[36m(vLLMHttpServer pid=3592107)[0m (Worker pid=3592913) WARNING 09-10 22:29:55 [symm_mem.py:66] SymmMemCommunicator: Device capability 8.0 not supported, communicator is not available.
[36m(vLLMHttpServer pid=3592107)[0m (Worker pid=3592911) WARNING 09-10 22:29:55 [symm_mem.py:66] SymmMemCommunicator: Device capability 8.0 not supported, communicator is not available.
[36m(vLLMHttpServer pid=3592107)[0m (Worker pid=3592912) WARNING 09-10 22:29:55 [symm_mem.py:66] SymmMemCommunicator: Device capability 8.0 not supported, communicator is not available.
[36m(vLLMHttpServer pid=3592108)[0m (Worker pid=3592888) WARNING 09-10 22:29:55 [symm_mem.py:66] SymmMemCommunicator: Device capability 8.0 not supported, communicator is not available.
[36m(vLLMHttpServer pid=3592108)[0m (Worker pid=3592890) WARNING 09-10 22:29:55 [symm_mem.py:66] SymmMemCommunicator: Device capability 8.0 not supported, communicator is not available.
[36m(vLLMHttpServer pid=3592108)[0m (Worker pid=3592891) WARNING 09-10 22:29:55 [symm_mem.py:66] SymmMemCommunicator: Device capability 8.0 not supported, communicator is not available.
[36m(vLLMHttpServer pid=3592108)[0m (Worker pid=3592889) WARNING 09-10 22:29:55 [symm_mem.py:66] SymmMemCommunicator: Device capability 8.0 not supported, communicator is not available.
[36m(vLLMHttpServer pid=3592107)[0m (Worker_TP0 pid=3592911) Capturing CUDA graphs (PIECEWISE):   0%|          | 0/51 [00:00<?, ?it/s]
[36m(vLLMHttpServer pid=3592107)[0m Capturing CUDA graphs (PIECEWISE):   4%|▍         | 2/51 [00:00<00:02, 16.75it/s]
[36m(vLLMHttpServer pid=3592107)[0m Capturing CUDA graphs (PIECEWISE):   8%|▊         | 4/51 [00:00<00:02, 16.52it/s]
[36m(vLLMHttpServer pid=3592107)[0m Capturing CUDA graphs (PIECEWISE):  12%|█▏        | 6/51 [00:00<00:02, 16.81it/s]
[36m(vLLMHttpServer pid=3592107)[0m Capturing CUDA graphs (PIECEWISE):  18%|█▊        | 9/51 [00:00<00:02, 19.20it/s]
[36m(vLLMHttpServer pid=3592107)[0m Capturing CUDA graphs (PIECEWISE):  24%|██▎       | 12/51 [00:00<00:01, 20.79it/s]
[36m(vLLMHttpServer pid=3592107)[0m Capturing CUDA graphs (PIECEWISE):  29%|██▉       | 15/51 [00:00<00:01, 21.72it/s]
[36m(vLLMHttpServer pid=3592107)[0m Capturing CUDA graphs (PIECEWISE):  35%|███▌      | 18/51 [00:00<00:01, 21.61it/s]
[36m(vLLMHttpServer pid=3592108)[0m (Worker_TP0 pid=3592888) Capturing CUDA graphs (PIECEWISE):   0%|          | 0/51 [00:00<?, ?it/s]
[36m(vLLMHttpServer pid=3592108)[0m Capturing CUDA graphs (PIECEWISE):   2%|▏         | 1/51 [00:00<00:08,  5.96it/s]
[36m(vLLMHttpServer pid=3592108)[0m Capturing CUDA graphs (PIECEWISE):   4%|▍         | 2/51 [00:00<00:06,  7.23it/s]
[36m(vLLMHttpServer pid=3592107)[0m Capturing CUDA graphs (PIECEWISE):  41%|████      | 21/51 [00:01<00:02, 14.56it/s]
[36m(vLLMHttpServer pid=3592108)[0m Capturing CUDA graphs (PIECEWISE):  10%|▉         | 5/51 [00:00<00:03, 14.09it/s]
[36m(vLLMHttpServer pid=3592107)[0m Capturing CUDA graphs (PIECEWISE):  47%|████▋     | 24/51 [00:01<00:01, 16.69it/s]
[36m(vLLMHttpServer pid=3592108)[0m Capturing CUDA graphs (PIECEWISE):  16%|█▌        | 8/51 [00:00<00:02, 17.60it/s]
[36m(vLLMHttpServer pid=3592107)[0m Capturing CUDA graphs (PIECEWISE):  53%|█████▎    | 27/51 [00:01<00:01, 18.63it/s]
[36m(vLLMHttpServer pid=3592108)[0m Capturing CUDA graphs (PIECEWISE):  22%|██▏       | 11/51 [00:00<00:02, 19.16it/s]
[36m(vLLMHttpServer pid=3592107)[0m Capturing CUDA graphs (PIECEWISE):  59%|█████▉    | 30/51 [00:01<00:01, 20.23it/s]
[36m(vLLMHttpServer pid=3592108)[0m Capturing CUDA graphs (PIECEWISE):  27%|██▋       | 14/51 [00:00<00:01, 20.52it/s]
[36m(vLLMHttpServer pid=3592107)[0m Capturing CUDA graphs (PIECEWISE):  65%|██████▍   | 33/51 [00:01<00:00, 21.49it/s]
[36m(vLLMHttpServer pid=3592108)[0m Capturing CUDA graphs (PIECEWISE):  33%|███▎      | 17/51 [00:00<00:01, 21.43it/s]
[36m(vLLMHttpServer pid=3592107)[0m Capturing CUDA graphs (PIECEWISE):  71%|███████   | 36/51 [00:01<00:00, 22.08it/s]
[36m(vLLMHttpServer pid=3592108)[0m Capturing CUDA graphs (PIECEWISE):  39%|███▉      | 20/51 [00:01<00:01, 22.03it/s]
[36m(vLLMHttpServer pid=3592107)[0m Capturing CUDA graphs (PIECEWISE):  76%|███████▋  | 39/51 [00:01<00:00, 22.71it/s]
[36m(vLLMHttpServer pid=3592108)[0m Capturing CUDA graphs (PIECEWISE):  45%|████▌     | 23/51 [00:01<00:01, 22.29it/s]
[36m(vLLMHttpServer pid=3592107)[0m Capturing CUDA graphs (PIECEWISE):  82%|████████▏ | 42/51 [00:02<00:00, 23.08it/s]
[36m(vLLMHttpServer pid=3592108)[0m Capturing CUDA graphs (PIECEWISE):  51%|█████     | 26/51 [00:01<00:01, 22.43it/s]
[36m(vLLMHttpServer pid=3592107)[0m Capturing CUDA graphs (PIECEWISE):  88%|████████▊ | 45/51 [00:02<00:00, 22.71it/s]
[36m(vLLMHttpServer pid=3592107)[0m Capturing CUDA graphs (PIECEWISE):  94%|█████████▍| 48/51 [00:02<00:00, 21.76it/s]
[36m(vLLMHttpServer pid=3592108)[0m Capturing CUDA graphs (PIECEWISE):  57%|█████▋    | 29/51 [00:01<00:01, 18.64it/s]
[36m(vLLMHttpServer pid=3592108)[0m Capturing CUDA graphs (PIECEWISE):  61%|██████    | 31/51 [00:01<00:01, 18.41it/s]
[36m(vLLMHttpServer pid=3592107)[0m Capturing CUDA graphs (PIECEWISE): 100%|██████████| 51/51 [00:02<00:00, 19.80it/s]Capturing CUDA graphs (PIECEWISE): 100%|██████████| 51/51 [00:02<00:00, 19.92it/s]
[36m(vLLMHttpServer pid=3592107)[0m (Worker_TP0 pid=3592911) Capturing CUDA graphs (FULL):   0%|          | 0/35 [00:00<?, ?it/s]Capturing CUDA graphs (FULL):   6%|▌         | 2/35 [00:00<00:01, 19.48it/s]
[36m(vLLMHttpServer pid=3592108)[0m Capturing CUDA graphs (PIECEWISE):  67%|██████▋   | 34/51 [00:01<00:00, 19.75it/s]
[36m(vLLMHttpServer pid=3592107)[0m Capturing CUDA graphs (FULL):  14%|█▍        | 5/35 [00:00<00:01, 22.18it/s]
[36m(vLLMHttpServer pid=3592108)[0m Capturing CUDA graphs (PIECEWISE):  73%|███████▎  | 37/51 [00:01<00:00, 20.68it/s]
[36m(vLLMHttpServer pid=3592107)[0m Capturing CUDA graphs (FULL):  23%|██▎       | 8/35 [00:00<00:01, 23.08it/s]
[36m(vLLMHttpServer pid=3592108)[0m Capturing CUDA graphs (PIECEWISE):  78%|███████▊  | 40/51 [00:02<00:00, 21.30it/s]
[36m(vLLMHttpServer pid=3592107)[0m Capturing CUDA graphs (FULL):  31%|███▏      | 11/35 [00:00<00:01, 23.56it/s]
[36m(vLLMHttpServer pid=3592108)[0m Capturing CUDA graphs (PIECEWISE):  84%|████████▍ | 43/51 [00:02<00:00, 21.81it/s]
[36m(vLLMHttpServer pid=3592107)[0m Capturing CUDA graphs (FULL):  40%|████      | 14/35 [00:00<00:00, 23.62it/s]
[36m(vLLMHttpServer pid=3592108)[0m Capturing CUDA graphs (PIECEWISE):  90%|█████████ | 46/51 [00:02<00:00, 21.44it/s]
[36m(vLLMHttpServer pid=3592107)[0m Capturing CUDA graphs (FULL):  49%|████▊     | 17/35 [00:00<00:00, 23.80it/s]
[36m(vLLMHttpServer pid=3592108)[0m Capturing CUDA graphs (PIECEWISE):  96%|█████████▌| 49/51 [00:02<00:00, 19.57it/s]
[36m(vLLMHttpServer pid=3592107)[0m Capturing CUDA graphs (FULL):  57%|█████▋    | 20/35 [00:00<00:00, 20.20it/s]
[36m(vLLMHttpServer pid=3592108)[0m Capturing CUDA graphs (PIECEWISE): 100%|██████████| 51/51 [00:02<00:00, 19.03it/s]
[36m(vLLMHttpServer pid=3592108)[0m (Worker_TP0 pid=3592888) Capturing CUDA graphs (FULL):   0%|          | 0/35 [00:00<?, ?it/s]
[36m(vLLMHttpServer pid=3592108)[0m Capturing CUDA graphs (FULL):   6%|▌         | 2/35 [00:00<00:02, 15.34it/s]
[36m(vLLMHttpServer pid=3592107)[0m Capturing CUDA graphs (FULL):  66%|██████▌   | 23/35 [00:01<00:00, 16.63it/s]
[36m(vLLMHttpServer pid=3592108)[0m Capturing CUDA graphs (FULL):  14%|█▍        | 5/35 [00:00<00:01, 19.84it/s]
[36m(vLLMHttpServer pid=3592107)[0m Capturing CUDA graphs (FULL):  74%|███████▍  | 26/35 [00:01<00:00, 18.41it/s]
[36m(vLLMHttpServer pid=3592108)[0m Capturing CUDA graphs (FULL):  23%|██▎       | 8/35 [00:00<00:01, 21.20it/s]
[36m(vLLMHttpServer pid=3592107)[0m Capturing CUDA graphs (FULL):  83%|████████▎ | 29/35 [00:01<00:00, 19.93it/s]
[36m(vLLMHttpServer pid=3592108)[0m Capturing CUDA graphs (FULL):  31%|███▏      | 11/35 [00:00<00:01, 22.02it/s]
[36m(vLLMHttpServer pid=3592107)[0m Capturing CUDA graphs (FULL):  91%|█████████▏| 32/35 [00:01<00:00, 21.29it/s]
[36m(vLLMHttpServer pid=3592108)[0m Capturing CUDA graphs (FULL):  40%|████      | 14/35 [00:00<00:00, 22.53it/s]
[36m(vLLMHttpServer pid=3592107)[0m Capturing CUDA graphs (FULL): 100%|██████████| 35/35 [00:01<00:00, 22.23it/s]Capturing CUDA graphs (FULL): 100%|██████████| 35/35 [00:01<00:00, 21.10it/s]
[36m(vLLMHttpServer pid=3592108)[0m Capturing CUDA graphs (FULL):  49%|████▊     | 17/35 [00:00<00:00, 22.92it/s]
[36m(vLLMHttpServer pid=3592108)[0m Capturing CUDA graphs (FULL):  57%|█████▋    | 20/35 [00:00<00:00, 22.87it/s]
[36m(vLLMHttpServer pid=3592108)[0m Capturing CUDA graphs (FULL):  66%|██████▌   | 23/35 [00:01<00:00, 22.84it/s]
[36m(vLLMHttpServer pid=3592108)[0m Capturing CUDA graphs (FULL):  74%|███████▍  | 26/35 [00:01<00:00, 22.92it/s]
[36m(vLLMHttpServer pid=3592108)[0m Capturing CUDA graphs (FULL):  83%|████████▎ | 29/35 [00:01<00:00, 23.37it/s]
[36m(vLLMHttpServer pid=3592108)[0m Capturing CUDA graphs (FULL):  91%|█████████▏| 32/35 [00:01<00:00, 23.68it/s]
[36m(vLLMHttpServer pid=3592108)[0m Capturing CUDA graphs (FULL): 100%|██████████| 35/35 [00:01<00:00, 23.98it/s]Capturing CUDA graphs (FULL): 100%|██████████| 35/35 [00:01<00:00, 22.78it/s]
[36m(vLLMHttpServer pid=3592107)[0m WARNING 09-10 22:30:20 [api_router.py:30] LoRA dynamic loading & unloading is enabled in the API server. This should ONLY be used for local development!
[36m(vLLMHttpServer pid=3592107)[0m WARNING 09-10 22:30:20 [model.py:1509] Default vLLM sampling parameters have been overridden by the model's `generation_config.json`: `{'repetition_penalty': 1.0, 'temperature': 1.0, 'top_k': -1, 'top_p': 0.95, 'max_tokens': 4096}`. If this is not intended, please relaunch vLLM instance with `--generation-config vllm`.
[36m(vLLMHttpServer pid=3592108)[0m WARNING 09-10 22:30:21 [api_router.py:30] LoRA dynamic loading & unloading is enabled in the API server. This should ONLY be used for local development!
[36m(vLLMHttpServer pid=3592108)[0m WARNING 09-10 22:30:21 [model.py:1509] Default vLLM sampling parameters have been overridden by the model's `generation_config.json`: `{'repetition_penalty': 1.0, 'temperature': 1.0, 'top_k': -1, 'top_p': 0.95, 'max_tokens': 4096}`. If this is not intended, please relaunch vLLM instance with `--generation-config vllm`.
[36m(TaskRunnerV1 pid=3586571)[0m LLMServerManager: ['10.90.67.85:43369', '10.90.67.85:39575']
[36m(TaskRunnerV1 pid=3586571)[0m INFO:2026-09-10 22:30:22,129:checkpoint engine manager initialized
[36m(TaskRunnerV1 pid=3586571)[0m INFO:2026-09-10 22:30:23,532:all initialize finished, ready to fit
[36m(WorkerDict pid=3588516)[0m /home/p00938733/verl-090/verl/plugin/platform/platform_cuda.py:99: FutureWarning: torch.cuda._set_allocator_settings is deprecated. Use torch._C._accelerator_setAllocatorSettings instead.
[36m(WorkerDict pid=3588516)[0m   torch.cuda.memory._set_allocator_settings(settings)
[36m(WorkerDict pid=3588521)[0m /home/p00938733/verl-090/verl/plugin/platform/platform_cuda.py:99: FutureWarning: torch.cuda._set_allocator_settings is deprecated. Use torch._C._accelerator_setAllocatorSettings instead.
[36m(WorkerDict pid=3588521)[0m   torch.cuda.memory._set_allocator_settings(settings)
[36m(WorkerDict pid=3588520)[0m /home/p00938733/verl-090/verl/plugin/platform/platform_cuda.py:99: FutureWarning: torch.cuda._set_allocator_settings is deprecated. Use torch._C._accelerator_setAllocatorSettings instead.
[36m(WorkerDict pid=3588520)[0m   torch.cuda.memory._set_allocator_settings(settings)
[36m(WorkerDict pid=3588519)[0m /home/p00938733/verl-090/verl/plugin/platform/platform_cuda.py:99: FutureWarning: torch.cuda._set_allocator_settings is deprecated. Use torch._C._accelerator_setAllocatorSettings instead.
[36m(WorkerDict pid=3588519)[0m   torch.cuda.memory._set_allocator_settings(settings)
[36m(WorkerDict pid=3588517)[0m /home/p00938733/verl-090/verl/plugin/platform/platform_cuda.py:99: FutureWarning: torch.cuda._set_allocator_settings is deprecated. Use torch._C._accelerator_setAllocatorSettings instead.
[36m(WorkerDict pid=3588517)[0m   torch.cuda.memory._set_allocator_settings(settings)
[36m(WorkerDict pid=3588518)[0m /home/p00938733/verl-090/verl/plugin/platform/platform_cuda.py:99: FutureWarning: torch.cuda._set_allocator_settings is deprecated. Use torch._C._accelerator_setAllocatorSettings instead.
[36m(WorkerDict pid=3588518)[0m   torch.cuda.memory._set_allocator_settings(settings)
[36m(WorkerDict pid=3588522)[0m /home/p00938733/verl-090/verl/plugin/platform/platform_cuda.py:99: FutureWarning: torch.cuda._set_allocator_settings is deprecated. Use torch._C._accelerator_setAllocatorSettings instead.
[36m(WorkerDict pid=3588522)[0m   torch.cuda.memory._set_allocator_settings(settings)
[36m(WorkerDict pid=3588523)[0m /home/p00938733/verl-090/verl/plugin/platform/platform_cuda.py:99: FutureWarning: torch.cuda._set_allocator_settings is deprecated. Use torch._C._accelerator_setAllocatorSettings instead.
[36m(WorkerDict pid=3588523)[0m   torch.cuda.memory._set_allocator_settings(settings)
[36m(WorkerDict pid=3588516)[0m [transformers] `Qwen2VLImageProcessorFast` is deprecated. The `Fast` suffix for image processors has been removed; use `Qwen2VLImageProcessor` instead.
[36m(WorkerDict pid=3588518)[0m [transformers] `Qwen2VLImageProcessorFast` is deprecated. The `Fast` suffix for image processors has been removed; use `Qwen2VLImageProcessor` instead.
[36m(vLLMHttpServer pid=3592107)[0m (EngineCore pid=3592693) WARNING 09-10 22:30:24 [scheduler.py:1948] reset_connector called but no KV connector is configured.
[36m(vLLMHttpServer pid=3592108)[0m (EngineCore pid=3592681) WARNING 09-10 22:30:24 [scheduler.py:1948] reset_connector called but no KV connector is configured.
[36m(WorkerDict pid=3588517)[0m NCCL version 2.28.9+cuda12.9
[36m(WorkerDict pid=3588520)[0m NCCL version 2.28.9+cuda12.9
[36m(GlobalRequestLoadBalancer pid=3594711)[0m W0910 22:30:30.712000 3594711 torch/utils/cpp_extension.py:140] No CUDA runtime is found, using CUDA_HOME='/usr/local/cuda'
[36m(GlobalRequestLoadBalancer pid=3594711)[0m [transformers] `Qwen2VLImageProcessorFast` is deprecated. The `Fast` suffix for image processors has been removed; use `Qwen2VLImageProcessor` instead.
[36m(WorkerDict pid=3588516)[0m Converting to HuggingFace ━━━━━━━━━━━━━━━━━━━━━━━━━━━━━━━━━━━━━━━━ 100% 0:00:00 (291/291) Qwen3Bridge
[36m(vLLMHttpServer pid=3592107)[0m (EngineCore pid=3592693) WARNING 09-10 22:30:51 [scheduler.py:1948] reset_connector called but no KV connector is configured.
[36m(vLLMHttpServer pid=3592108)[0m (EngineCore pid=3592681) WARNING 09-10 22:30:51 [scheduler.py:1948] reset_connector called but no KV connector is configured.
[36m(vLLMHttpServer pid=3592107)[0m (EngineCore pid=3592693) WARNING 09-10 22:30:53 [scheduler.py:1948] reset_connector called but no KV connector is configured.
[36m(vLLMHttpServer pid=3592108)[0m (EngineCore pid=3592681) WARNING 09-10 22:30:53 [scheduler.py:1948] reset_connector called but no KV connector is configured.
[36m(TaskRunnerV1 pid=3586571)[0m Training Progress:   0%|          | 0/4 [00:00<?, ?it/s]
[36m(TaskRunnerV1 pid=3586571)[0m [RolloutTqSkip()] [33mInjected 16 cached trajectories from step 1 (4 prompts x 4) into TQ partition 'train' at current step 1[0m
[36m(WorkerDict pid=3588516)[0m Using blocking ray.get inside async actor. This blocks the event loop. Please use `await` on object ref with asyncio.gather if you want to yield execution to the event loop instead.
[36m(WorkerDict pid=3588521)[0m Using blocking ray.get inside async actor. This blocks the event loop. Please use `await` on object ref with asyncio.gather if you want to yield execution to the event loop instead.
[36m(WorkerDict pid=3588520)[0m Using blocking ray.get inside async actor. This blocks the event loop. Please use `await` on object ref with asyncio.gather if you want to yield execution to the event loop instead.
[36m(WorkerDict pid=3588519)[0m Using blocking ray.get inside async actor. This blocks the event loop. Please use `await` on object ref with asyncio.gather if you want to yield execution to the event loop instead.
[36m(WorkerDict pid=3588517)[0m Using blocking ray.get inside async actor. This blocks the event loop. Please use `await` on object ref with asyncio.gather if you want to yield execution to the event loop instead.
[36m(WorkerDict pid=3588518)[0m Using blocking ray.get inside async actor. This blocks the event loop. Please use `await` on object ref with asyncio.gather if you want to yield execution to the event loop instead.
[36m(WorkerDict pid=3588522)[0m Using blocking ray.get inside async actor. This blocks the event loop. Please use `await` on object ref with asyncio.gather if you want to yield execution to the event loop instead.
[36m(WorkerDict pid=3588523)[0m Using blocking ray.get inside async actor. This blocks the event loop. Please use `await` on object ref with asyncio.gather if you want to yield execution to the event loop instead.
[36m(WorkerDict pid=3588516)[0m [rank0]:W0910 22:30:56.358000 3588516 torch/fx/_symbolic_trace.py:53] is_fx_tracing will return true for both fx.symbolic_trace and torch.export. Please use is_fx_tracing_symbolic_tracing() for specifically fx.symbolic_trace or torch.compiler.is_compiling() for specifically torch.export/compile.
[36m(WorkerDict pid=3588519)[0m [rank2]:W0910 22:30:56.292000 3588519 torch/fx/_symbolic_trace.py:53] is_fx_tracing will return true for both fx.symbolic_trace and torch.export. Please use is_fx_tracing_symbolic_tracing() for specifically fx.symbolic_trace or torch.compiler.is_compiling() for specifically torch.export/compile.
[36m(WorkerDict pid=3588517)[0m [rank1]:W0910 22:30:56.308000 3588517 torch/fx/_symbolic_trace.py:53] is_fx_tracing will return true for both fx.symbolic_trace and torch.export. Please use is_fx_tracing_symbolic_tracing() for specifically fx.symbolic_trace or torch.compiler.is_compiling() for specifically torch.export/compile.
[36m(WorkerDict pid=3588523)[0m NCCL version 2.28.9+cuda12.9
[36m(WorkerDict pid=3588520)[0m [rank3]:W0910 22:30:56.463000 3588520 torch/fx/_symbolic_trace.py:53] is_fx_tracing will return true for both fx.symbolic_trace and torch.export. Please use is_fx_tracing_symbolic_tracing() for specifically fx.symbolic_trace or torch.compiler.is_compiling() for specifically torch.export/compile.
[36m(WorkerDict pid=3588521)[0m NCCL version 2.28.9+cuda12.9
[36m(WorkerDict pid=3588517)[0m WARNING:2026-09-10 22:30:56,633:flash-attn v4 may provide important feature support or performance improvement. Please install flash-attn v4 by 
[36m(WorkerDict pid=3588517)[0m pip install flash-attn-4==4.0.0b11 nvidia-cutlass-dsl[cu13]
[36m(WorkerDict pid=3588520)[0m WARNING:2026-09-10 22:30:56,729:flash-attn v4 may provide important feature support or performance improvement. Please install flash-attn v4 by 
[36m(WorkerDict pid=3588520)[0m pip install flash-attn-4==4.0.0b11 nvidia-cutlass-dsl[cu13]
[36m(WorkerDict pid=3588519)[0m WARNING:2026-09-10 22:30:56,719:flash-attn v4 may provide important feature support or performance improvement. Please install flash-attn v4 by 
[36m(WorkerDict pid=3588519)[0m pip install flash-attn-4==4.0.0b11 nvidia-cutlass-dsl[cu13]
[36m(WorkerDict pid=3588519)[0m [rank2]:[W910 22:31:01.567952072 ProcessGroupNCCL.cpp:4094] Warning: An unbatched P2P op (send/recv) was called on this ProcessGroup with size 2.  In lazy initialization mode, this will result in a new 2-rank NCCL communicator to be created. (function operator())
[36m(WorkerDict pid=3588522)[0m [rank6]:[W910 22:31:01.570933913 ProcessGroupNCCL.cpp:4094] Warning: An unbatched P2P op (send/recv) was called on this ProcessGroup with size 2.  In lazy initialization mode, this will result in a new 2-rank NCCL communicator to be created. (function operator())
[36m(pid=3595431)[0m WARNING:2026-09-10 22:31:06,093:Platform 'nvidia' (PlatformCUDA) is registered but not available. This may be due to this ray actor being a CPU-only actor.
[36m(pid=3595431)[0m /home/p00938733/verl-090/verl/workers/engine/__init__.py:32: UserWarning: torchtitan engine is not available: ModuleNotFoundError("No module named 'torchtitan'")
[36m(pid=3595431)[0m   warnings.warn(f"torchtitan engine is not available: {e!r}", stacklevel=1)
[36m(pid=3595431)[0m /home/p00938733/verl-090/verl/workers/engine/__init__.py:41: UserWarning: veomni engine is not available: ModuleNotFoundError("No module named 'veomni'")
[36m(pid=3595431)[0m   warnings.warn(f"veomni engine is not available: {e!r}", stacklevel=1)
[36m(pid=3595431)[0m /home/p00938733/verl-090/verl/workers/engine/__init__.py:50: UserWarning: automodel engine is not available: ModuleNotFoundError("No module named 'nemo_automodel'")
[36m(pid=3595431)[0m   warnings.warn(f"automodel engine is not available: {e!r}", stacklevel=1)
[36m(pid=3595428)[0m WARNING:2026-09-10 22:31:11,681:Platform 'nvidia' (PlatformCUDA) is registered but not available. This may be due to this ray actor being a CPU-only actor.
[36m(pid=3595428)[0m /home/p00938733/verl-090/verl/workers/engine/__init__.py:32: UserWarning: torchtitan engine is not available: ModuleNotFoundError("No module named 'torchtitan'")
[36m(pid=3595428)[0m   warnings.warn(f"torchtitan engine is not available: {e!r}", stacklevel=1)
[36m(pid=3595428)[0m /home/p00938733/verl-090/verl/workers/engine/__init__.py:41: UserWarning: veomni engine is not available: ModuleNotFoundError("No module named 'veomni'")
[36m(pid=3595428)[0m   warnings.warn(f"veomni engine is not available: {e!r}", stacklevel=1)
[36m(pid=3595428)[0m /home/p00938733/verl-090/verl/workers/engine/__init__.py:50: UserWarning: automodel engine is not available: ModuleNotFoundError("No module named 'nemo_automodel'")
[36m(pid=3595428)[0m   warnings.warn(f"automodel engine is not available: {e!r}", stacklevel=1)
[36m(pid=3595434)[0m WARNING:2026-09-10 22:31:11,856:Platform 'nvidia' (PlatformCUDA) is registered but not available. This may be due to this ray actor being a CPU-only actor.
[36m(pid=3595434)[0m /home/p00938733/verl-090/verl/workers/engine/__init__.py:32: UserWarning: torchtitan engine is not available: ModuleNotFoundError("No module named 'torchtitan'")
[36m(pid=3595434)[0m   warnings.warn(f"torchtitan engine is not available: {e!r}", stacklevel=1)
[36m(pid=3595434)[0m /home/p00938733/verl-090/verl/workers/engine/__init__.py:41: UserWarning: veomni engine is not available: ModuleNotFoundError("No module named 'veomni'")
[36m(pid=3595434)[0m   warnings.warn(f"veomni engine is not available: {e!r}", stacklevel=1)
[36m(pid=3595434)[0m /home/p00938733/verl-090/verl/workers/engine/__init__.py:50: UserWarning: automodel engine is not available: ModuleNotFoundError("No module named 'nemo_automodel'")
[36m(pid=3595434)[0m   warnings.warn(f"automodel engine is not available: {e!r}", stacklevel=1)
[36m(pid=3595430)[0m WARNING:2026-09-10 22:31:14,762:No supported accelerator detected. Registered: ('nvidia', 'huawei', 'amd'). Falling back to 'nvidia'.
[36m(pid=3595430)[0m WARNING:2026-09-10 22:31:14,763:Platform 'nvidia' (PlatformCUDA) is registered but not available. This may be due to this ray actor being a CPU-only actor.
[36m(pid=3595430)[0m /home/p00938733/verl-090/verl/workers/engine/__init__.py:32: UserWarning: torchtitan engine is not available: ModuleNotFoundError("No module named 'torchtitan'")
[36m(pid=3595430)[0m   warnings.warn(f"torchtitan engine is not available: {e!r}", stacklevel=1)
[36m(pid=3595430)[0m /home/p00938733/verl-090/verl/workers/engine/__init__.py:41: UserWarning: veomni engine is not available: ModuleNotFoundError("No module named 'veomni'")
[36m(pid=3595430)[0m   warnings.warn(f"veomni engine is not available: {e!r}", stacklevel=1)
[36m(pid=3595430)[0m /home/p00938733/verl-090/verl/workers/engine/__init__.py:50: UserWarning: automodel engine is not available: ModuleNotFoundError("No module named 'nemo_automodel'")
[36m(pid=3595430)[0m   warnings.warn(f"automodel engine is not available: {e!r}", stacklevel=1)
[36m(pid=3595432)[0m WARNING:2026-09-10 22:31:14,951:No supported accelerator detected. Registered: ('nvidia', 'huawei', 'amd'). Falling back to 'nvidia'.
[36m(pid=3595432)[0m WARNING:2026-09-10 22:31:14,952:Platform 'nvidia' (PlatformCUDA) is registered but not available. This may be due to this ray actor being a CPU-only actor.
[36m(pid=3595432)[0m /home/p00938733/verl-090/verl/workers/engine/__init__.py:32: UserWarning: torchtitan engine is not available: ModuleNotFoundError("No module named 'torchtitan'")
[36m(pid=3595432)[0m   warnings.warn(f"torchtitan engine is not available: {e!r}", stacklevel=1)
[36m(pid=3595432)[0m /home/p00938733/verl-090/verl/workers/engine/__init__.py:41: UserWarning: veomni engine is not available: ModuleNotFoundError("No module named 'veomni'")
[36m(pid=3595432)[0m   warnings.warn(f"veomni engine is not available: {e!r}", stacklevel=1)
[36m(pid=3595432)[0m /home/p00938733/verl-090/verl/workers/engine/__init__.py:50: UserWarning: automodel engine is not available: ModuleNotFoundError("No module named 'nemo_automodel'")
[36m(pid=3595432)[0m   warnings.warn(f"automodel engine is not available: {e!r}", stacklevel=1)
[36m(pid=3595435)[0m WARNING:2026-09-10 22:31:14,870:No supported accelerator detected. Registered: ('nvidia', 'huawei', 'amd'). Falling back to 'nvidia'.
[36m(pid=3595435)[0m WARNING:2026-09-10 22:31:14,871:Platform 'nvidia' (PlatformCUDA) is registered but not available. This may be due to this ray actor being a CPU-only actor.
[36m(pid=3595435)[0m /home/p00938733/verl-090/verl/workers/engine/__init__.py:32: UserWarning: torchtitan engine is not available: ModuleNotFoundError("No module named 'torchtitan'")
[36m(pid=3595435)[0m   warnings.warn(f"torchtitan engine is not available: {e!r}", stacklevel=1)
[36m(pid=3595435)[0m /home/p00938733/verl-090/verl/workers/engine/__init__.py:41: UserWarning: veomni engine is not available: ModuleNotFoundError("No module named 'veomni'")
[36m(pid=3595435)[0m   warnings.warn(f"veomni engine is not available: {e!r}", stacklevel=1)
[36m(pid=3595435)[0m /home/p00938733/verl-090/verl/workers/engine/__init__.py:50: UserWarning: automodel engine is not available: ModuleNotFoundError("No module named 'nemo_automodel'")
[36m(pid=3595435)[0m   warnings.warn(f"automodel engine is not available: {e!r}", stacklevel=1)
[36m(pid=3595429)[0m WARNING:2026-09-10 22:31:16,964:No supported accelerator detected. Registered: ('nvidia', 'huawei', 'amd'). Falling back to 'nvidia'.
[36m(pid=3595429)[0m WARNING:2026-09-10 22:31:16,966:Platform 'nvidia' (PlatformCUDA) is registered but not available. This may be due to this ray actor being a CPU-only actor.
[36m(pid=3595429)[0m /home/p00938733/verl-090/verl/workers/engine/__init__.py:32: UserWarning: torchtitan engine is not available: ModuleNotFoundError("No module named 'torchtitan'")
[36m(pid=3595429)[0m   warnings.warn(f"torchtitan engine is not available: {e!r}", stacklevel=1)
[36m(pid=3595429)[0m /home/p00938733/verl-090/verl/workers/engine/__init__.py:41: UserWarning: veomni engine is not available: ModuleNotFoundError("No module named 'veomni'")
[36m(pid=3595429)[0m   warnings.warn(f"veomni engine is not available: {e!r}", stacklevel=1)
[36m(pid=3595429)[0m /home/p00938733/verl-090/verl/workers/engine/__init__.py:50: UserWarning: automodel engine is not available: ModuleNotFoundError("No module named 'nemo_automodel'")
[36m(pid=3595429)[0m   warnings.warn(f"automodel engine is not available: {e!r}", stacklevel=1)
[36m(pid=3595433)[0m WARNING:2026-09-10 22:31:17,057:No supported accelerator detected. Registered: ('nvidia', 'huawei', 'amd'). Falling back to 'nvidia'.
[36m(pid=3595433)[0m WARNING:2026-09-10 22:31:17,058:Platform 'nvidia' (PlatformCUDA) is registered but not available. This may be due to this ray actor being a CPU-only actor.
[36m(pid=3595433)[0m /home/p00938733/verl-090/verl/workers/engine/__init__.py:32: UserWarning: torchtitan engine is not available: ModuleNotFoundError("No module named 'torchtitan'")
[36m(pid=3595433)[0m   warnings.warn(f"torchtitan engine is not available: {e!r}", stacklevel=1)
[36m(pid=3595433)[0m /home/p00938733/verl-090/verl/workers/engine/__init__.py:41: UserWarning: veomni engine is not available: ModuleNotFoundError("No module named 'veomni'")
[36m(pid=3595433)[0m   warnings.warn(f"veomni engine is not available: {e!r}", stacklevel=1)
[36m(pid=3595433)[0m /home/p00938733/verl-090/verl/workers/engine/__init__.py:50: UserWarning: automodel engine is not available: ModuleNotFoundError("No module named 'nemo_automodel'")
[36m(pid=3595433)[0m   warnings.warn(f"automodel engine is not available: {e!r}", stacklevel=1)
[36m(WorkerDict pid=3588520)[0m [rank3]:[W910 22:31:18.947034164 ProcessGroupNCCL.cpp:4094] Warning: An unbatched P2P op (send/recv) was called on this ProcessGroup with size 2.  In lazy initialization mode, this will result in a new 2-rank NCCL communicator to be created. (function operator())
[36m(WorkerDict pid=3588523)[0m [rank7]:[W910 22:31:18.956707188 ProcessGroupNCCL.cpp:4094] Warning: An unbatched P2P op (send/recv) was called on this ProcessGroup with size 2.  In lazy initialization mode, this will result in a new 2-rank NCCL communicator to be created. (function operator())
[36m(WorkerDict pid=3588522)[0m [rank6]:W0910 22:31:19.561000 3588522 torch/fx/_symbolic_trace.py:53] is_fx_tracing will return true for both fx.symbolic_trace and torch.export. Please use is_fx_tracing_symbolic_tracing() for specifically fx.symbolic_trace or torch.compiler.is_compiling() for specifically torch.export/compile.
[36m(pid=3595431)[0m W0910 22:31:19.619000 3595431 torch/utils/cpp_extension.py:140] No CUDA runtime is found, using CUDA_HOME='/usr/local/cuda'
[36m(WorkerDict pid=3588516)[0m [rank0]:[W910 22:31:19.466145093 ProcessGroupNCCL.cpp:4094] Warning: An unbatched P2P op (send/recv) was called on this ProcessGroup with size 2.  In lazy initialization mode, this will result in a new 2-rank NCCL communicator to be created. (function operator())
[36m(WorkerDict pid=3588518)[0m [rank4]:[W910 22:31:19.467409434 ProcessGroupNCCL.cpp:4094] Warning: An unbatched P2P op (send/recv) was called on this ProcessGroup with size 2.  In lazy initialization mode, this will result in a new 2-rank NCCL communicator to be created. (function operator())
[36m(pid=3595428)[0m W0910 22:31:19.921000 3595428 torch/utils/cpp_extension.py:140] No CUDA runtime is found, using CUDA_HOME='/usr/local/cuda'
[36m(pid=3595434)[0m W0910 22:31:20.074000 3595434 torch/utils/cpp_extension.py:140] No CUDA runtime is found, using CUDA_HOME='/usr/local/cuda'
[36m(pid=3595430)[0m W0910 22:31:20.199000 3595430 torch/utils/cpp_extension.py:140] No CUDA runtime is found, using CUDA_HOME='/usr/local/cuda'
[36m(pid=3595435)[0m W0910 22:31:20.248000 3595435 torch/utils/cpp_extension.py:140] No CUDA runtime is found, using CUDA_HOME='/usr/local/cuda'
[36m(pid=3595432)[0m W0910 22:31:20.258000 3595432 torch/utils/cpp_extension.py:140] No CUDA runtime is found, using CUDA_HOME='/usr/local/cuda'
[36m(pid=3595433)[0m W0910 22:31:20.387000 3595433 torch/utils/cpp_extension.py:140] No CUDA runtime is found, using CUDA_HOME='/usr/local/cuda'
[36m(pid=3595429)[0m W0910 22:31:20.446000 3595429 torch/utils/cpp_extension.py:140] No CUDA runtime is found, using CUDA_HOME='/usr/local/cuda'
[36m(WorkerDict pid=3588521)[0m [rank5]:[W910 22:31:20.516136612 ProcessGroupNCCL.cpp:4094] Warning: An unbatched P2P op (send/recv) was called on this ProcessGroup with size 2.  In lazy initialization mode, this will result in a new 2-rank NCCL communicator to be created. (function operator())
[36m(WorkerDict pid=3588517)[0m [rank1]:[W910 22:31:20.510973090 ProcessGroupNCCL.cpp:4094] Warning: An unbatched P2P op (send/recv) was called on this ProcessGroup with size 2.  In lazy initialization mode, this will result in a new 2-rank NCCL communicator to be created. (function operator())
[36m(WorkerDict pid=3588523)[0m [rank7]:W0910 22:31:21.578000 3588523 torch/fx/_symbolic_trace.py:53] is_fx_tracing will return true for both fx.symbolic_trace and torch.export. Please use is_fx_tracing_symbolic_tracing() for specifically fx.symbolic_trace or torch.compiler.is_compiling() for specifically torch.export/compile.
[36m(WorkerDict pid=3588522)[0m WARNING:2026-09-10 22:31:21,792:flash-attn v4 may provide important feature support or performance improvement. Please install flash-attn v4 by 
[36m(WorkerDict pid=3588522)[0m pip install flash-attn-4==4.0.0b11 nvidia-cutlass-dsl[cu13]
[36m(WorkerDict pid=3588523)[0m WARNING:2026-09-10 22:31:21,832:flash-attn v4 may provide important feature support or performance improvement. Please install flash-attn v4 by 
[36m(WorkerDict pid=3588523)[0m pip install flash-attn-4==4.0.0b11 nvidia-cutlass-dsl[cu13]
[36m(AgentLoopWorkerTQ pid=3595431)[0m Using blocking ray.get inside async actor. This blocks the event loop. Please use `await` on object ref with asyncio.gather if you want to yield execution to the event loop instead.
[36m(AgentLoopWorkerTQ pid=3595431)[0m Using dataset class: RLHFDataset
[36m(WorkerDict pid=3588518)[0m [rank4]:W0910 22:31:22.889000 3588518 torch/fx/_symbolic_trace.py:53] is_fx_tracing will return true for both fx.symbolic_trace and torch.export. Please use is_fx_tracing_symbolic_tracing() for specifically fx.symbolic_trace or torch.compiler.is_compiling() for specifically torch.export/compile.
[36m(AgentLoopWorkerTQ pid=3595434)[0m Using blocking ray.get inside async actor. This blocks the event loop. Please use `await` on object ref with asyncio.gather if you want to yield execution to the event loop instead.
[36m(AgentLoopWorkerTQ pid=3595434)[0m Using dataset class: RLHFDataset
[36m(AgentLoopWorkerTQ pid=3595430)[0m Using dataset class: RLHFDataset
[36m(AgentLoopWorkerTQ pid=3595430)[0m Using blocking ray.get inside async actor. This blocks the event loop. Please use `await` on object ref with asyncio.gather if you want to yield execution to the event loop instead.
[36m(AgentLoopWorkerTQ pid=3595433)[0m Using dataset class: RLHFDataset
[36m(AgentLoopWorkerTQ pid=3595432)[0m Using dataset class: RLHFDataset
[36m(AgentLoopWorkerTQ pid=3595432)[0m Using blocking ray.get inside async actor. This blocks the event loop. Please use `await` on object ref with asyncio.gather if you want to yield execution to the event loop instead.
[36m(AgentLoopWorkerTQ pid=3595433)[0m Using blocking ray.get inside async actor. This blocks the event loop. Please use `await` on object ref with asyncio.gather if you want to yield execution to the event loop instead.
[36m(AgentLoopWorkerTQ pid=3595429)[0m Using blocking ray.get inside async actor. This blocks the event loop. Please use `await` on object ref with asyncio.gather if you want to yield execution to the event loop instead.
[36m(AgentLoopWorkerTQ pid=3595428)[0m Using blocking ray.get inside async actor. This blocks the event loop. Please use `await` on object ref with asyncio.gather if you want to yield execution to the event loop instead.
[36m(AgentLoopWorkerTQ pid=3595428)[0m Using dataset class: RLHFDataset
[36m(AgentLoopWorkerTQ pid=3595429)[0m Using dataset class: RLHFDataset
[36m(WorkerDict pid=3588521)[0m [rank5]:W0910 22:31:23.736000 3588521 torch/fx/_symbolic_trace.py:53] is_fx_tracing will return true for both fx.symbolic_trace and torch.export. Please use is_fx_tracing_symbolic_tracing() for specifically fx.symbolic_trace or torch.compiler.is_compiling() for specifically torch.export/compile.
[36m(WorkerDict pid=3588521)[0m WARNING:2026-09-10 22:31:23,893:flash-attn v4 may provide important feature support or performance improvement. Please install flash-attn v4 by 
[36m(WorkerDict pid=3588521)[0m pip install flash-attn-4==4.0.0b11 nvidia-cutlass-dsl[cu13]
[36m(AgentLoopWorkerTQ pid=3595435)[0m Using blocking ray.get inside async actor. This blocks the event loop. Please use `await` on object ref with asyncio.gather if you want to yield execution to the event loop instead.
[36m(AgentLoopWorkerTQ pid=3595435)[0m Using dataset class: RLHFDataset
[36m(WorkerDict pid=3588521)[0m /opt/Megatron-Bridge/3rdparty/Megatron-LM/megatron/core/tensor_parallel/layers.py:749: UserWarning: When using sequence parallelism it is recommended to set the environment variable CUDA_DEVICE_MAX_CONNECTIONS to 1 for maximum speedup
[36m(WorkerDict pid=3588521)[0m   warnings.warn(
[36m(WorkerDict pid=3588518)[0m /opt/Megatron-Bridge/3rdparty/Megatron-LM/megatron/core/tensor_parallel/layers.py:749: UserWarning: When using sequence parallelism it is recommended to set the environment variable CUDA_DEVICE_MAX_CONNECTIONS to 1 for maximum speedup
[36m(WorkerDict pid=3588518)[0m   warnings.warn(
[36m(WorkerDict pid=3588522)[0m /opt/Megatron-Bridge/3rdparty/Megatron-LM/megatron/core/tensor_parallel/layers.py:749: UserWarning: When using sequence parallelism it is recommended to set the environment variable CUDA_DEVICE_MAX_CONNECTIONS to 1 for maximum speedup
[36m(WorkerDict pid=3588522)[0m   warnings.warn(
[36m(WorkerDict pid=3588523)[0m /opt/Megatron-Bridge/3rdparty/Megatron-LM/megatron/core/tensor_parallel/layers.py:749: UserWarning: When using sequence parallelism it is recommended to set the environment variable CUDA_DEVICE_MAX_CONNECTIONS to 1 for maximum speedup
[36m(WorkerDict pid=3588523)[0m   warnings.warn(
[36m(WorkerDict pid=3588521)[0m /opt/dev/lib/python3.12/site-packages/torch/autograd/graph.py:869: UserWarning: c10d::broadcast_: an autograd kernel was not registered to the Autograd key(s) but we are trying to backprop through it. This may lead to silently incorrect behavior. This behavior is deprecated and will be removed in a future version of PyTorch. If your operator is differentiable, please ensure you have registered an autograd kernel to the correct Autograd key (e.g. DispatchKey::Autograd, DispatchKey::CompositeImplicitAutograd). If your operator is not differentiable, or to squash this warning and use the previous behavior, please register torch::CppFunction::makeFallthrough() to DispatchKey::Autograd. (Triggered internally at /pytorch/torch/csrc/autograd/autograd_not_implemented_fallback.cpp:76.)
[36m(WorkerDict pid=3588521)[0m   return Variable._execution_engine.run_backward(  # Calls into the C++ engine to run the backward pass
[36m(WorkerDict pid=3588518)[0m /opt/dev/lib/python3.12/site-packages/torch/autograd/graph.py:869: UserWarning: c10d::broadcast_: an autograd kernel was not registered to the Autograd key(s) but we are trying to backprop through it. This may lead to silently incorrect behavior. This behavior is deprecated and will be removed in a future version of PyTorch. If your operator is differentiable, please ensure you have registered an autograd kernel to the correct Autograd key (e.g. DispatchKey::Autograd, DispatchKey::CompositeImplicitAutograd). If your operator is not differentiable, or to squash this warning and use the previous behavior, please register torch::CppFunction::makeFallthrough() to DispatchKey::Autograd. (Triggered internally at /pytorch/torch/csrc/autograd/autograd_not_implemented_fallback.cpp:76.)
[36m(WorkerDict pid=3588518)[0m   return Variable._execution_engine.run_backward(  # Calls into the C++ engine to run the backward pass
[36m(WorkerDict pid=3588522)[0m /opt/dev/lib/python3.12/site-packages/torch/autograd/graph.py:869: UserWarning: c10d::broadcast_: an autograd kernel was not registered to the Autograd key(s) but we are trying to backprop through it. This may lead to silently incorrect behavior. This behavior is deprecated and will be removed in a future version of PyTorch. If your operator is differentiable, please ensure you have registered an autograd kernel to the correct Autograd key (e.g. DispatchKey::Autograd, DispatchKey::CompositeImplicitAutograd). If your operator is not differentiable, or to squash this warning and use the previous behavior, please register torch::CppFunction::makeFallthrough() to DispatchKey::Autograd. (Triggered internally at /pytorch/torch/csrc/autograd/autograd_not_implemented_fallback.cpp:76.)
[36m(WorkerDict pid=3588522)[0m   return Variable._execution_engine.run_backward(  # Calls into the C++ engine to run the backward pass
[36m(WorkerDict pid=3588523)[0m /opt/dev/lib/python3.12/site-packages/torch/autograd/graph.py:869: UserWarning: c10d::broadcast_: an autograd kernel was not registered to the Autograd key(s) but we are trying to backprop through it. This may lead to silently incorrect behavior. This behavior is deprecated and will be removed in a future version of PyTorch. If your operator is differentiable, please ensure you have registered an autograd kernel to the correct Autograd key (e.g. DispatchKey::Autograd, DispatchKey::CompositeImplicitAutograd). If your operator is not differentiable, or to squash this warning and use the previous behavior, please register torch::CppFunction::makeFallthrough() to DispatchKey::Autograd. (Triggered internally at /pytorch/torch/csrc/autograd/autograd_not_implemented_fallback.cpp:76.)
[36m(WorkerDict pid=3588523)[0m   return Variable._execution_engine.run_backward(  # Calls into the C++ engine to run the backward pass
[36m(WorkerDict pid=3588521)[0m /opt/Megatron-Bridge/3rdparty/Megatron-LM/megatron/core/pipeline_parallel/schedules.py:211: UserWarning: The AccumulateGrad node's stream does not match the stream of the node that produced the incoming gradient. This may incur unnecessary synchronization and break CUDA graph capture if the AccumulateGrad node's stream is the default stream. This mismatch is caused by an AccumulateGrad node created prior to the current iteration being kept alive. This can happen if the autograd graph is still being kept alive by tensors such as the loss, or if you are using DDP, which will stash a reference to the node. To resolve the mismatch, delete all references to the autograd graph or ensure that DDP initialization is performed under the same stream as subsequent forwards. If the mismatch is intentional, you can use torch.autograd.graph.set_warn_on_accumulate_grad_stream_mismatch(False) to suppress this warning. (Triggered internally at /pytorch/torch/csrc/autograd/input_buffer.cpp:240.)
[36m(WorkerDict pid=3588521)[0m   Variable._execution_engine.run_backward(
[36m(WorkerDict pid=3588521)[0m /opt/Megatron-Bridge/3rdparty/Megatron-LM/megatron/core/pipeline_parallel/schedules.py:211: UserWarning: c10d::broadcast_: an autograd kernel was not registered to the Autograd key(s) but we are trying to backprop through it. This may lead to silently incorrect behavior. This behavior is deprecated and will be removed in a future version of PyTorch. If your operator is differentiable, please ensure you have registered an autograd kernel to the correct Autograd key (e.g. DispatchKey::Autograd, DispatchKey::CompositeImplicitAutograd). If your operator is not differentiable, or to squash this warning and use the previous behavior, please register torch::CppFunction::makeFallthrough() to DispatchKey::Autograd. (Triggered internally at /pytorch/torch/csrc/autograd/autograd_not_implemented_fallback.cpp:76.)
[36m(WorkerDict pid=3588521)[0m   Variable._execution_engine.run_backward(
[36m(WorkerDict pid=3588518)[0m /opt/Megatron-Bridge/3rdparty/Megatron-LM/megatron/core/pipeline_parallel/schedules.py:211: UserWarning: The AccumulateGrad node's stream does not match the stream of the node that produced the incoming gradient. This may incur unnecessary synchronization and break CUDA graph capture if the AccumulateGrad node's stream is the default stream. This mismatch is caused by an AccumulateGrad node created prior to the current iteration being kept alive. This can happen if the autograd graph is still being kept alive by tensors such as the loss, or if you are using DDP, which will stash a reference to the node. To resolve the mismatch, delete all references to the autograd graph or ensure that DDP initialization is performed under the same stream as subsequent forwards. If the mismatch is intentional, you can use torch.autograd.graph.set_warn_on_accumulate_grad_stream_mismatch(False) to suppress this warning. (Triggered internally at /pytorch/torch/csrc/autograd/input_buffer.cpp:240.)
[36m(WorkerDict pid=3588518)[0m   Variable._execution_engine.run_backward(
[36m(WorkerDict pid=3588518)[0m /opt/Megatron-Bridge/3rdparty/Megatron-LM/megatron/core/pipeline_parallel/schedules.py:211: UserWarning: c10d::broadcast_: an autograd kernel was not registered to the Autograd key(s) but we are trying to backprop through it. This may lead to silently incorrect behavior. This behavior is deprecated and will be removed in a future version of PyTorch. If your operator is differentiable, please ensure you have registered an autograd kernel to the correct Autograd key (e.g. DispatchKey::Autograd, DispatchKey::CompositeImplicitAutograd). If your operator is not differentiable, or to squash this warning and use the previous behavior, please register torch::CppFunction::makeFallthrough() to DispatchKey::Autograd. (Triggered internally at /pytorch/torch/csrc/autograd/autograd_not_implemented_fallback.cpp:76.)
[36m(WorkerDict pid=3588518)[0m   Variable._execution_engine.run_backward(
[36m(WorkerDict pid=3588522)[0m /opt/Megatron-Bridge/3rdparty/Megatron-LM/megatron/core/pipeline_parallel/schedules.py:211: UserWarning: The AccumulateGrad node's stream does not match the stream of the node that produced the incoming gradient. This may incur unnecessary synchronization and break CUDA graph capture if the AccumulateGrad node's stream is the default stream. This mismatch is caused by an AccumulateGrad node created prior to the current iteration being kept alive. This can happen if the autograd graph is still being kept alive by tensors such as the loss, or if you are using DDP, which will stash a reference to the node. To resolve the mismatch, delete all references to the autograd graph or ensure that DDP initialization is performed under the same stream as subsequent forwards. If the mismatch is intentional, you can use torch.autograd.graph.set_warn_on_accumulate_grad_stream_mismatch(False) to suppress this warning. (Triggered internally at /pytorch/torch/csrc/autograd/input_buffer.cpp:240.)
[36m(WorkerDict pid=3588522)[0m   Variable._execution_engine.run_backward(
[36m(WorkerDict pid=3588522)[0m /opt/Megatron-Bridge/3rdparty/Megatron-LM/megatron/core/pipeline_parallel/schedules.py:211: UserWarning: c10d::broadcast_: an autograd kernel was not registered to the Autograd key(s) but we are trying to backprop through it. This may lead to silently incorrect behavior. This behavior is deprecated and will be removed in a future version of PyTorch. If your operator is differentiable, please ensure you have registered an autograd kernel to the correct Autograd key (e.g. DispatchKey::Autograd, DispatchKey::CompositeImplicitAutograd). If your operator is not differentiable, or to squash this warning and use the previous behavior, please register torch::CppFunction::makeFallthrough() to DispatchKey::Autograd. (Triggered internally at /pytorch/torch/csrc/autograd/autograd_not_implemented_fallback.cpp:76.)
[36m(WorkerDict pid=3588522)[0m   Variable._execution_engine.run_backward(
[36m(WorkerDict pid=3588523)[0m /opt/Megatron-Bridge/3rdparty/Megatron-LM/megatron/core/pipeline_parallel/schedules.py:211: UserWarning: The AccumulateGrad node's stream does not match the stream of the node that produced the incoming gradient. This may incur unnecessary synchronization and break CUDA graph capture if the AccumulateGrad node's stream is the default stream. This mismatch is caused by an AccumulateGrad node created prior to the current iteration being kept alive. This can happen if the autograd graph is still being kept alive by tensors such as the loss, or if you are using DDP, which will stash a reference to the node. To resolve the mismatch, delete all references to the autograd graph or ensure that DDP initialization is performed under the same stream as subsequent forwards. If the mismatch is intentional, you can use torch.autograd.graph.set_warn_on_accumulate_grad_stream_mismatch(False) to suppress this warning. (Triggered internally at /pytorch/torch/csrc/autograd/input_buffer.cpp:240.)
[36m(WorkerDict pid=3588523)[0m   Variable._execution_engine.run_backward(
[36m(WorkerDict pid=3588523)[0m /opt/Megatron-Bridge/3rdparty/Megatron-LM/megatron/core/pipeline_parallel/schedules.py:211: UserWarning: c10d::broadcast_: an autograd kernel was not registered to the Autograd key(s) but we are trying to backprop through it. This may lead to silently incorrect behavior. This behavior is deprecated and will be removed in a future version of PyTorch. If your operator is differentiable, please ensure you have registered an autograd kernel to the correct Autograd key (e.g. DispatchKey::Autograd, DispatchKey::CompositeImplicitAutograd). If your operator is not differentiable, or to squash this warning and use the previous behavior, please register torch::CppFunction::makeFallthrough() to DispatchKey::Autograd. (Triggered internally at /pytorch/torch/csrc/autograd/autograd_not_implemented_fallback.cpp:76.)
[36m(WorkerDict pid=3588523)[0m   Variable._execution_engine.run_backward(
[36m(WorkerDict pid=3588519)[0m [rank2]:[W910 22:32:02.734158128 ProcessGroupNCCL.cpp:4094] Warning: An unbatched P2P op (send/recv) was called on this ProcessGroup with size 8.  In lazy initialization mode, this will result in a new 2-rank NCCL communicator to be created. (function operator())
[36m(WorkerDict pid=3588522)[0m [rank6]:[W910 22:32:02.733503998 ProcessGroupNCCL.cpp:4094] Warning: An unbatched P2P op (send/recv) was called on this ProcessGroup with size 8.  In lazy initialization mode, this will result in a new 2-rank NCCL communicator to be created. (function operator())
[36m(WorkerDict pid=3588520)[0m [rank3]:[W910 22:32:03.022227664 ProcessGroupNCCL.cpp:4094] Warning: An unbatched P2P op (send/recv) was called on this ProcessGroup with size 8.  In lazy initialization mode, this will result in a new 2-rank NCCL communicator to be created. (function operator())
[36m(WorkerDict pid=3588523)[0m [rank7]:[W910 22:32:03.022176204 ProcessGroupNCCL.cpp:4094] Warning: An unbatched P2P op (send/recv) was called on this ProcessGroup with size 8.  In lazy initialization mode, this will result in a new 2-rank NCCL communicator to be created. (function operator())
[36m(WorkerDict pid=3588516)[0m [rank0]:[W910 22:32:04.801096752 ProcessGroupNCCL.cpp:4094] Warning: An unbatched P2P op (send/recv) was called on this ProcessGroup with size 8.  In lazy initialization mode, this will result in a new 2-rank NCCL communicator to be created. (function operator())
[36m(WorkerDict pid=3588518)[0m [rank4]:[W910 22:32:04.801495853 ProcessGroupNCCL.cpp:4094] Warning: An unbatched P2P op (send/recv) was called on this ProcessGroup with size 8.  In lazy initialization mode, this will result in a new 2-rank NCCL communicator to be created. (function operator())
[36m(WorkerDict pid=3588521)[0m [rank5]:[W910 22:32:05.975989008 ProcessGroupNCCL.cpp:4094] Warning: An unbatched P2P op (send/recv) was called on this ProcessGroup with size 8.  In lazy initialization mode, this will result in a new 2-rank NCCL communicator to be created. (function operator())
[36m(WorkerDict pid=3588517)[0m [rank1]:[W910 22:32:05.976741438 ProcessGroupNCCL.cpp:4094] Warning: An unbatched P2P op (send/recv) was called on this ProcessGroup with size 8.  In lazy initialization mode, this will result in a new 2-rank NCCL communicator to be created. (function operator())
[36m(WorkerDict pid=3588516)[0m /opt/dev/lib/python3.12/site-packages/torch/autograd/graph.py:869: UserWarning: The AccumulateGrad node's stream does not match the stream of the node that produced the incoming gradient. This may incur unnecessary synchronization and break CUDA graph capture if the AccumulateGrad node's stream is the default stream. This mismatch is caused by an AccumulateGrad node created prior to the current iteration being kept alive. This can happen if the autograd graph is still being kept alive by tensors such as the loss, or if you are using DDP, which will stash a reference to the node. To resolve the mismatch, delete all references to the autograd graph or ensure that DDP initialization is performed under the same stream as subsequent forwards. If the mismatch is intentional, you can use torch.autograd.graph.set_warn_on_accumulate_grad_stream_mismatch(False) to suppress this warning. (Triggered internally at /pytorch/torch/csrc/autograd/input_buffer.cpp:240.)
[36m(WorkerDict pid=3588516)[0m   return Variable._execution_engine.run_backward(  # Calls into the C++ engine to run the backward pass
[36m(WorkerDict pid=3588516)[0m /opt/dev/lib/python3.12/site-packages/torch/autograd/graph.py:869: UserWarning: c10d::broadcast_: an autograd kernel was not registered to the Autograd key(s) but we are trying to backprop through it. This may lead to silently incorrect behavior. This behavior is deprecated and will be removed in a future version of PyTorch. If your operator is differentiable, please ensure you have registered an autograd kernel to the correct Autograd key (e.g. DispatchKey::Autograd, DispatchKey::CompositeImplicitAutograd). If your operator is not differentiable, or to squash this warning and use the previous behavior, please register torch::CppFunction::makeFallthrough() to DispatchKey::Autograd. (Triggered internally at /pytorch/torch/csrc/autograd/autograd_not_implemented_fallback.cpp:76.)
[36m(WorkerDict pid=3588516)[0m   return Variable._execution_engine.run_backward(  # Calls into the C++ engine to run the backward pass
[36m(WorkerDict pid=3588520)[0m /opt/dev/lib/python3.12/site-packages/torch/autograd/graph.py:869: UserWarning: The AccumulateGrad node's stream does not match the stream of the node that produced the incoming gradient. This may incur unnecessary synchronization and break CUDA graph capture if the AccumulateGrad node's stream is the default stream. This mismatch is caused by an AccumulateGrad node created prior to the current iteration being kept alive. This can happen if the autograd graph is still being kept alive by tensors such as the loss, or if you are using DDP, which will stash a reference to the node. To resolve the mismatch, delete all references to the autograd graph or ensure that DDP initialization is performed under the same stream as subsequent forwards. If the mismatch is intentional, you can use torch.autograd.graph.set_warn_on_accumulate_grad_stream_mismatch(False) to suppress this warning. (Triggered internally at /pytorch/torch/csrc/autograd/input_buffer.cpp:240.)
[36m(WorkerDict pid=3588520)[0m   return Variable._execution_engine.run_backward(  # Calls into the C++ engine to run the backward pass
[36m(WorkerDict pid=3588520)[0m /opt/dev/lib/python3.12/site-packages/torch/autograd/graph.py:869: UserWarning: c10d::broadcast_: an autograd kernel was not registered to the Autograd key(s) but we are trying to backprop through it. This may lead to silently incorrect behavior. This behavior is deprecated and will be removed in a future version of PyTorch. If your operator is differentiable, please ensure you have registered an autograd kernel to the correct Autograd key (e.g. DispatchKey::Autograd, DispatchKey::CompositeImplicitAutograd). If your operator is not differentiable, or to squash this warning and use the previous behavior, please register torch::CppFunction::makeFallthrough() to DispatchKey::Autograd. (Triggered internally at /pytorch/torch/csrc/autograd/autograd_not_implemented_fallback.cpp:76.)
[36m(WorkerDict pid=3588520)[0m   return Variable._execution_engine.run_backward(  # Calls into the C++ engine to run the backward pass
[36m(WorkerDict pid=3588519)[0m /opt/dev/lib/python3.12/site-packages/torch/autograd/graph.py:869: UserWarning: The AccumulateGrad node's stream does not match the stream of the node that produced the incoming gradient. This may incur unnecessary synchronization and break CUDA graph capture if the AccumulateGrad node's stream is the default stream. This mismatch is caused by an AccumulateGrad node created prior to the current iteration being kept alive. This can happen if the autograd graph is still being kept alive by tensors such as the loss, or if you are using DDP, which will stash a reference to the node. To resolve the mismatch, delete all references to the autograd graph or ensure that DDP initialization is performed under the same stream as subsequent forwards. If the mismatch is intentional, you can use torch.autograd.graph.set_warn_on_accumulate_grad_stream_mismatch(False) to suppress this warning. (Triggered internally at /pytorch/torch/csrc/autograd/input_buffer.cpp:240.)
[36m(WorkerDict pid=3588519)[0m   return Variable._execution_engine.run_backward(  # Calls into the C++ engine to run the backward pass
[36m(WorkerDict pid=3588519)[0m /opt/dev/lib/python3.12/site-packages/torch/autograd/graph.py:869: UserWarning: c10d::broadcast_: an autograd kernel was not registered to the Autograd key(s) but we are trying to backprop through it. This may lead to silently incorrect behavior. This behavior is deprecated and will be removed in a future version of PyTorch. If your operator is differentiable, please ensure you have registered an autograd kernel to the correct Autograd key (e.g. DispatchKey::Autograd, DispatchKey::CompositeImplicitAutograd). If your operator is not differentiable, or to squash this warning and use the previous behavior, please register torch::CppFunction::makeFallthrough() to DispatchKey::Autograd. (Triggered internally at /pytorch/torch/csrc/autograd/autograd_not_implemented_fallback.cpp:76.)
[36m(WorkerDict pid=3588519)[0m   return Variable._execution_engine.run_backward(  # Calls into the C++ engine to run the backward pass
[36m(WorkerDict pid=3588517)[0m /opt/dev/lib/python3.12/site-packages/torch/autograd/graph.py:869: UserWarning: The AccumulateGrad node's stream does not match the stream of the node that produced the incoming gradient. This may incur unnecessary synchronization and break CUDA graph capture if the AccumulateGrad node's stream is the default stream. This mismatch is caused by an AccumulateGrad node created prior to the current iteration being kept alive. This can happen if the autograd graph is still being kept alive by tensors such as the loss, or if you are using DDP, which will stash a reference to the node. To resolve the mismatch, delete all references to the autograd graph or ensure that DDP initialization is performed under the same stream as subsequent forwards. If the mismatch is intentional, you can use torch.autograd.graph.set_warn_on_accumulate_grad_stream_mismatch(False) to suppress this warning. (Triggered internally at /pytorch/torch/csrc/autograd/input_buffer.cpp:240.)
[36m(WorkerDict pid=3588517)[0m   return Variable._execution_engine.run_backward(  # Calls into the C++ engine to run the backward pass
[36m(WorkerDict pid=3588517)[0m /opt/dev/lib/python3.12/site-packages/torch/autograd/graph.py:869: UserWarning: c10d::broadcast_: an autograd kernel was not registered to the Autograd key(s) but we are trying to backprop through it. This may lead to silently incorrect behavior. This behavior is deprecated and will be removed in a future version of PyTorch. If your operator is differentiable, please ensure you have registered an autograd kernel to the correct Autograd key (e.g. DispatchKey::Autograd, DispatchKey::CompositeImplicitAutograd). If your operator is not differentiable, or to squash this warning and use the previous behavior, please register torch::CppFunction::makeFallthrough() to DispatchKey::Autograd. (Triggered internally at /pytorch/torch/csrc/autograd/autograd_not_implemented_fallback.cpp:76.)
[36m(WorkerDict pid=3588517)[0m   return Variable._execution_engine.run_backward(  # Calls into the C++ engine to run the backward pass
[36m(WorkerDict pid=3588516)[0m /opt/Megatron-Bridge/3rdparty/Megatron-LM/megatron/core/pipeline_parallel/schedules.py:211: UserWarning: c10d::broadcast_: an autograd kernel was not registered to the Autograd key(s) but we are trying to backprop through it. This may lead to silently incorrect behavior. This behavior is deprecated and will be removed in a future version of PyTorch. If your operator is differentiable, please ensure you have registered an autograd kernel to the correct Autograd key (e.g. DispatchKey::Autograd, DispatchKey::CompositeImplicitAutograd). If your operator is not differentiable, or to squash this warning and use the previous behavior, please register torch::CppFunction::makeFallthrough() to DispatchKey::Autograd. (Triggered internally at /pytorch/torch/csrc/autograd/autograd_not_implemented_fallback.cpp:76.)
[36m(WorkerDict pid=3588516)[0m   Variable._execution_engine.run_backward(
[36m(WorkerDict pid=3588520)[0m /opt/Megatron-Bridge/3rdparty/Megatron-LM/megatron/core/pipeline_parallel/schedules.py:211: UserWarning: c10d::broadcast_: an autograd kernel was not registered to the Autograd key(s) but we are trying to backprop through it. This may lead to silently incorrect behavior. This behavior is deprecated and will be removed in a future version of PyTorch. If your operator is differentiable, please ensure you have registered an autograd kernel to the correct Autograd key (e.g. DispatchKey::Autograd, DispatchKey::CompositeImplicitAutograd). If your operator is not differentiable, or to squash this warning and use the previous behavior, please register torch::CppFunction::makeFallthrough() to DispatchKey::Autograd. (Triggered internally at /pytorch/torch/csrc/autograd/autograd_not_implemented_fallback.cpp:76.)
[36m(WorkerDict pid=3588520)[0m   Variable._execution_engine.run_backward(
[36m(WorkerDict pid=3588519)[0m /opt/Megatron-Bridge/3rdparty/Megatron-LM/megatron/core/pipeline_parallel/schedules.py:211: UserWarning: c10d::broadcast_: an autograd kernel was not registered to the Autograd key(s) but we are trying to backprop through it. This may lead to silently incorrect behavior. This behavior is deprecated and will be removed in a future version of PyTorch. If your operator is differentiable, please ensure you have registered an autograd kernel to the correct Autograd key (e.g. DispatchKey::Autograd, DispatchKey::CompositeImplicitAutograd). If your operator is not differentiable, or to squash this warning and use the previous behavior, please register torch::CppFunction::makeFallthrough() to DispatchKey::Autograd. (Triggered internally at /pytorch/torch/csrc/autograd/autograd_not_implemented_fallback.cpp:76.)
[36m(WorkerDict pid=3588519)[0m   Variable._execution_engine.run_backward(
[36m(WorkerDict pid=3588517)[0m /opt/Megatron-Bridge/3rdparty/Megatron-LM/megatron/core/pipeline_parallel/schedules.py:211: UserWarning: c10d::broadcast_: an autograd kernel was not registered to the Autograd key(s) but we are trying to backprop through it. This may lead to silently incorrect behavior. This behavior is deprecated and will be removed in a future version of PyTorch. If your operator is differentiable, please ensure you have registered an autograd kernel to the correct Autograd key (e.g. DispatchKey::Autograd, DispatchKey::CompositeImplicitAutograd). If your operator is not differentiable, or to squash this warning and use the previous behavior, please register torch::CppFunction::makeFallthrough() to DispatchKey::Autograd. (Triggered internally at /pytorch/torch/csrc/autograd/autograd_not_implemented_fallback.cpp:76.)
[36m(WorkerDict pid=3588517)[0m   Variable._execution_engine.run_backward(
[36m(WorkerDict pid=3588520)[0m /home/p00938733/verl-090/verl/plugin/platform/platform_cuda.py:99: FutureWarning: torch.cuda._set_allocator_settings is deprecated. Use torch._C._accelerator_setAllocatorSettings instead.
[36m(WorkerDict pid=3588520)[0m   torch.cuda.memory._set_allocator_settings(settings)
[36m(WorkerDict pid=3588519)[0m /home/p00938733/verl-090/verl/plugin/platform/platform_cuda.py:99: FutureWarning: torch.cuda._set_allocator_settings is deprecated. Use torch._C._accelerator_setAllocatorSettings instead.
[36m(WorkerDict pid=3588519)[0m   torch.cuda.memory._set_allocator_settings(settings)
[36m(WorkerDict pid=3588522)[0m /home/p00938733/verl-090/verl/plugin/platform/platform_cuda.py:99: FutureWarning: torch.cuda._set_allocator_settings is deprecated. Use torch._C._accelerator_setAllocatorSettings instead.
[36m(WorkerDict pid=3588522)[0m   torch.cuda.memory._set_allocator_settings(settings)
[36m(WorkerDict pid=3588523)[0m /home/p00938733/verl-090/verl/plugin/platform/platform_cuda.py:99: FutureWarning: torch.cuda._set_allocator_settings is deprecated. Use torch._C._accelerator_setAllocatorSettings instead.
[36m(WorkerDict pid=3588523)[0m   torch.cuda.memory._set_allocator_settings(settings)
[36m(vLLMHttpServer pid=3592107)[0m (EngineCore pid=3592693) WARNING 09-10 22:32:58 [scheduler.py:1948] reset_connector called but no KV connector is configured.
[36m(vLLMHttpServer pid=3592108)[0m (EngineCore pid=3592681) WARNING 09-10 22:32:58 [scheduler.py:1948] reset_connector called but no KV connector is configured.
[36m(WorkerDict pid=3588516)[0m Converting to HuggingFace ━━━━━━━━━━━━━━━━━━━━━━━━━━━━━━━━━━━━━━━━ 100% 0:00:00 (291/291) Qwen3Bridge
[36m(vLLMHttpServer pid=3592107)[0m (EngineCore pid=3592693) WARNING 09-10 22:33:00 [scheduler.py:1948] reset_connector called but no KV connector is configured.
[36m(vLLMHttpServer pid=3592108)[0m (EngineCore pid=3592681) WARNING 09-10 22:33:00 [scheduler.py:1948] reset_connector called but no KV connector is configured.
[36m(vLLMHttpServer pid=3592108)[0m (EngineCore pid=3592681) WARNING 09-10 22:33:02 [scheduler.py:1948] reset_connector called but no KV connector is configured.
[36m(TaskRunnerV1 pid=3586571)[0m step:1 - global_seqlen/min:323496.0 - global_seqlen/max:323496.0 - global_seqlen/minmax_diff:0.0 - global_seqlen/balanced_min:323496.0 - global_seqlen/balanced_max:323496.0 - global_seqlen/mean:323496.0 - actor/entropy:0.018587283790111542 - training/rollout_probs_diff_valid:1.0 - training/rollout_probs_diff_max:0.11700162291526794 - training/rollout_probs_diff_mean:0.0006913627730682492 - training/rollout_probs_diff_std:0.004610190633684397 - training/rollout_actor_probs_pearson_corr:0.9978748559951782 - rollout_corr/training_ppl:1.0159707069396973 - rollout_corr/training_log_ppl:0.015604711137712002 - rollout_corr/kl:0.000785352080129087 - rollout_corr/k3_kl:4.931041621603072e-05 - rollout_corr/rollout_ppl:1.01515531539917 - rollout_corr/rollout_log_ppl:0.01481935940682888 - rollout_corr/log_ppl_diff:0.0007853516144677997 - rollout_corr/log_ppl_abs_diff:0.0007853516144677997 - rollout_corr/log_ppl_diff_max:0.003645665943622589 - rollout_corr/log_ppl_diff_min:9.942008182406425e-05 - rollout_corr/ppl_ratio:1.0007860660552979 - rollout_corr/chi2_token:-0.0013731718063354492 - rollout_corr/chi2_seq:-0.9416893720626831 - actor/pg_clipfrac:0.0 - actor/ppo_kl:0.0 - actor/pg_clipfrac_lower:0.0 - actor/pg_loss:-1.5152618288993835e-06 - actor/entropy_loss:0.01858728501247242 - actor/kl_loss:0.0 - actor/kl_coef:0.001 - actor/loss:-2.010539174079895e-05 - actor/grad_norm:0.22346722334623337 - actor/perf/max_memory_allocated_gb:33.36127042770386 - actor/perf/max_memory_reserved_gb:35.046875 - actor/perf/cpu_memory_used_gb:192.72737884521484 - actor/lr:0.0 - perf/mfu/actor:0.2512980122507342 - training/global_step:1 - training/epoch:0 - critic/score/mean:0.9816933274269104 - critic/score/max:0.9982255101203918 - critic/score/min:0.9599252343177795 - critic/rewards/mean:0.9816933274269104 - critic/rewards/max:0.9982255101203918 - critic/rewards/min:0.9599252343177795 - critic/advantages/mean:1.51805579662323e-06 - critic/advantages/max:1.474368691444397 - critic/advantages/min:-1.4772932529449463 - critic/returns/mean:1.51805579662323e-06 - critic/returns/max:1.474368691444397 - critic/returns/min:-1.4772932529449463 - response_length/mean:4096.0 - response_length/max:4096.0 - response_length/min:4096.0 - response_length/clip_ratio:1.0 - response_length_non_aborted/mean:4096.0 - response_length_non_aborted/max:4096.0 - response_length_non_aborted/min:4096.0 - response_length_non_aborted/clip_ratio:1.0 - response/aborted_ratio:0.0 - prompt_length/mean:16122.5 - prompt_length/max:16267.0 - prompt_length/min:15689.0 - prompt_length/clip_ratio:0.75 - timing_s/gen:1.3194626090116799 - timing_s/old_log_prob:48.56813835201319 - timing_s/ref:10.886613446986303 - timing_s/adv:0.11119959002826363 - timing_s/update_actor:61.869778758031316 - timing_s/update_weights:5.886629041982815 - timing_s/step:128.77279444597661 - timing_per_token_ms/adv:0.00034374332303417545 - timing_per_token_ms/gen:0.020133401626765135 - timing_per_token_ms/update_actor:0.19125361289793788 - timing_per_token_ms/ref:0.033653007910410954 - perf/total_num_tokens:323496 - perf/time_per_step:128.77279444597661 - perf/throughput:314.01819129555605 - training/num_turns/mean:np.float64(2.0) - training/num_turns/max:np.int64(2) - training/num_turns/min:np.int64(2) - training/off_policy/trajectory_spans/mean:np.float64(1.0) - training/off_policy/trajectory_spans/max:np.int64(1) - training/off_policy/trajectory_spans/min:np.int64(1) - training/off_policy/trajectory_staleness/mean:np.float64(-1.0) - training/off_policy/trajectory_staleness/max:np.int64(-1) - training/off_policy/trajectory_staleness/min:np.int64(-1) - training/off_policy/trajectory_staleness_worst/mean:np.float64(-1.0) - training/off_policy/trajectory_staleness_worst/max:np.int64(-1) - training/off_policy/trajectory_staleness_worst/min:np.int64(-1)
[36m(TaskRunnerV1 pid=3586571)[0m Training Progress:  25%|██▌       | 1/4 [02:08<06:26, 128.86s/it]
[36m(TransferQueueController pid=3587502)[0m 2026-09-10 22:33:02,517 - INFO - transfer_queue.utils.perf_utils - TQ_CONTROLLER_acb938cf: [Performance] Total success requests: 30, Total req/min: 5.56, Total avg process time: 0.0007s; 
[36m(TransferQueueController pid=3587502)[0m Time range: last 5.40 minutes; 
[36m(TransferQueueController pid=3587502)[0m Per-operation statistics: KV_RETRIEVE_META: req_count=13, req/min=2.41, avg_time=0.001449s, max_time=0.002127s, min_time=0.000551s; NOTIFY_DATA_UPDATE: req_count=6, req/min=1.11, avg_time=0.000359s, max_time=0.000509s, min_time=0.000258s; SET_CUSTOM_META: req_count=7, req/min=1.30, avg_time=0.000032s, max_time=0.000039s, min_time=0.000025s; KV_LIST: req_count=1, req/min=0.19, avg_time=0.000050s, max_time=0.000050s, min_time=0.000050s; CLEAR_META: req_count=1, req/min=0.19, avg_time=0.000298s, max_time=0.000298s, min_time=0.000298s; KV_RETRIEVE_KEYS: req_count=2, req/min=0.37, avg_time=0.000050s, max_time=0.000056s, min_time=0.000045s
[36m(SimpleStorageUnit pid=3587684)[0m 2026-09-10 22:33:02,545 - INFO - transfer_queue.utils.perf_utils - TQ_STORAGE_UNIT_d6f174a4: [Performance] Total success requests: 35, Total req/min: 6.57, Total avg process time: 0.0113s; 
[36m(SimpleStorageUnit pid=3587684)[0m Time range: last 5.33 minutes; 
[36m(SimpleStorageUnit pid=3587684)[0m Per-operation statistics: PUT_DATA: req_count=6, req/min=1.13, avg_time=0.010616s, max_time=0.014114s, min_time=0.006112s; CLEAR_DATA: req_count=1, req/min=0.19, avg_time=0.011288s, max_time=0.011288s, min_time=0.011288s; GET_DATA: req_count=28, req/min=5.25, avg_time=0.011490s, max_time=0.015467s, min_time=0.007057s
[36m(SimpleStorageUnit pid=3587685)[0m 2026-09-10 22:33:02,546 - INFO - transfer_queue.utils.perf_utils - TQ_STORAGE_UNIT_8adf5c64: [Performance] Total success requests: 35, Total req/min: 6.57, Total avg process time: 0.0126s; 
[36m(SimpleStorageUnit pid=3587685)[0m Time range: last 5.33 minutes; 
[36m(SimpleStorageUnit pid=3587685)[0m Per-operation statistics: PUT_DATA: req_count=6, req/min=1.13, avg_time=0.011876s, max_time=0.014273s, min_time=0.007937s; CLEAR_DATA: req_count=1, req/min=0.19, avg_time=0.011292s, max_time=0.011292s, min_time=0.011292s; GET_DATA: req_count=28, req/min=5.25, avg_time=0.012830s, max_time=0.016810s, min_time=0.007555s
[36m(SimpleStorageUnit pid=3587694)[0m 2026-09-10 22:33:02,548 - INFO - transfer_queue.utils.perf_utils - TQ_STORAGE_UNIT_5256675a: [Performance] Total success requests: 35, Total req/min: 6.60, Total avg process time: 0.0137s; 
[36m(SimpleStorageUnit pid=3587694)[0m Time range: last 5.31 minutes; 
[36m(SimpleStorageUnit pid=3587694)[0m Per-operation statistics: PUT_DATA: req_count=6, req/min=1.13, avg_time=0.013242s, max_time=0.015004s, min_time=0.010713s; CLEAR_DATA: req_count=1, req/min=0.19, avg_time=0.013012s, max_time=0.013012s, min_time=0.013012s; GET_DATA: req_count=28, req/min=5.28, avg_time=0.013806s, max_time=0.018661s, min_time=0.008283s
[36m(SimpleStorageUnit pid=3587696)[0m 2026-09-10 22:33:02,550 - INFO - transfer_queue.utils.perf_utils - TQ_STORAGE_UNIT_8467c216: [Performance] Total success requests: 34, Total req/min: 6.41, Total avg process time: 0.0135s; 
[36m(SimpleStorageUnit pid=3587696)[0m Time range: last 5.31 minutes; 
[36m(SimpleStorageUnit pid=3587696)[0m Per-operation statistics: PUT_DATA: req_count=6, req/min=1.13, avg_time=0.013984s, max_time=0.014564s, min_time=0.013423s; GET_DATA: req_count=28, req/min=5.28, avg_time=0.013354s, max_time=0.017552s, min_time=0.008397s
[36m(SimpleStorageUnit pid=3587697)[0m 2026-09-10 22:33:02,549 - INFO - transfer_queue.utils.perf_utils - TQ_STORAGE_UNIT_3a866423: [Performance] Total success requests: 35, Total req/min: 6.60, Total avg process time: 0.0137s; 
[36m(SimpleStorageUnit pid=3587697)[0m Time range: last 5.31 minutes; 
[36m(SimpleStorageUnit pid=3587697)[0m Per-operation statistics: PUT_DATA: req_count=6, req/min=1.13, avg_time=0.014053s, max_time=0.015080s, min_time=0.013546s; CLEAR_DATA: req_count=1, req/min=0.19, avg_time=0.012634s, max_time=0.012634s, min_time=0.012634s; GET_DATA: req_count=28, req/min=5.28, avg_time=0.013709s, max_time=0.019137s, min_time=0.008484s
[36m(SimpleStorageUnit pid=3587695)[0m 2026-09-10 22:33:02,550 - INFO - transfer_queue.utils.perf_utils - TQ_STORAGE_UNIT_2b2d51a8: [Performance] Total success requests: 34, Total req/min: 6.41, Total avg process time: 0.0126s; 
[36m(SimpleStorageUnit pid=3587695)[0m Time range: last 5.31 minutes; 
[36m(SimpleStorageUnit pid=3587695)[0m Per-operation statistics: PUT_DATA: req_count=6, req/min=1.13, avg_time=0.012402s, max_time=0.015102s, min_time=0.009010s; GET_DATA: req_count=28, req/min=5.28, avg_time=0.012700s, max_time=0.016309s, min_time=0.008597s
[36m(SimpleStorageUnit pid=3587698)[0m 2026-09-10 22:33:02,551 - INFO - transfer_queue.utils.perf_utils - TQ_STORAGE_UNIT_fa88fb6b: [Performance] Total success requests: 34, Total req/min: 6.41, Total avg process time: 0.0123s; 
[36m(SimpleStorageUnit pid=3587698)[0m Time range: last 5.31 minutes; 
[36m(SimpleStorageUnit pid=3587698)[0m Per-operation statistics: PUT_DATA: req_count=6, req/min=1.13, avg_time=0.013764s, max_time=0.015262s, min_time=0.012848s; GET_DATA: req_count=28, req/min=5.28, avg_time=0.011971s, max_time=0.014981s, min_time=0.007594s
[36m(SimpleStorageUnit pid=3587699)[0m 2026-09-10 22:33:02,551 - INFO - transfer_queue.utils.perf_utils - TQ_STORAGE_UNIT_7706c550: [Performance] Total success requests: 34, Total req/min: 6.41, Total avg process time: 0.0123s; 
[36m(SimpleStorageUnit pid=3587699)[0m Time range: last 5.30 minutes; 
[36m(SimpleStorageUnit pid=3587699)[0m Per-operation statistics: PUT_DATA: req_count=6, req/min=1.13, avg_time=0.012469s, max_time=0.014594s, min_time=0.009476s; GET_DATA: req_count=28, req/min=5.28, avg_time=0.012254s, max_time=0.015345s, min_time=0.009214s
[36m(vLLMHttpServer pid=3592107)[0m (EngineCore pid=3592693) WARNING 09-10 22:33:02 [scheduler.py:1948] reset_connector called but no KV connector is configured.
[36m(TaskRunnerV1 pid=3586571)[0m [RolloutTqSkip()] [33mInjected 16 cached trajectories from step 2 (4 prompts x 4) into TQ partition 'train' at current step 2[0m
[36m(vLLMHttpServer pid=3592107)[0m (EngineCore pid=3592693) WARNING 09-10 22:34:04 [scheduler.py:1948] reset_connector called but no KV connector is configured.
[36m(vLLMHttpServer pid=3592108)[0m (EngineCore pid=3592681) WARNING 09-10 22:34:04 [scheduler.py:1948] reset_connector called but no KV connector is configured.
[36m(WorkerDict pid=3588516)[0m Converting to HuggingFace ━━━━━━━━━━━━━━━━━━━━━━━━━━━━━━━━━━━━━━━━ 100% 0:00:00 (291/291) Qwen3Bridge
[36m(vLLMHttpServer pid=3592107)[0m (EngineCore pid=3592693) WARNING 09-10 22:34:06 [scheduler.py:1948] reset_connector called but no KV connector is configured.
[36m(vLLMHttpServer pid=3592108)[0m (EngineCore pid=3592681) WARNING 09-10 22:34:06 [scheduler.py:1948] reset_connector called but no KV connector is configured.
[36m(vLLMHttpServer pid=3592107)[0m (EngineCore pid=3592693) WARNING 09-10 22:34:07 [scheduler.py:1948] reset_connector called but no KV connector is configured.
[36m(TaskRunnerV1 pid=3586571)[0m step:2 - global_seqlen/min:316476.0 - global_seqlen/max:316476.0 - global_seqlen/minmax_diff:0.0 - global_seqlen/balanced_min:316476.0 - global_seqlen/balanced_max:316476.0 - global_seqlen/mean:316476.0 - actor/entropy:0.011570360511541367 - training/rollout_probs_diff_valid:1.0 - training/rollout_probs_diff_max:0.32112330198287964 - training/rollout_probs_diff_mean:0.0005550464848056436 - training/rollout_probs_diff_std:0.004281905945390463 - training/rollout_actor_probs_pearson_corr:0.9969666600227356 - rollout_corr/training_ppl:1.0095218420028687 - rollout_corr/training_log_ppl:0.009465535171329975 - rollout_corr/kl:0.000505627307575196 - rollout_corr/k3_kl:3.374162770342082e-05 - rollout_corr/rollout_ppl:1.009010910987854 - rollout_corr/rollout_log_ppl:0.008959909901022911 - rollout_corr/log_ppl_diff:0.0005056270165368915 - rollout_corr/log_ppl_abs_diff:0.0005056270165368915 - rollout_corr/log_ppl_diff_max:0.0008936934173107147 - rollout_corr/log_ppl_diff_min:0.0002134060487151146 - rollout_corr/ppl_ratio:1.000505805015564 - rollout_corr/chi2_token:-0.0008779168128967285 - rollout_corr/chi2_seq:-0.9631373882293701 - actor/pg_clipfrac:0.0 - actor/ppo_kl:0.0 - actor/pg_clipfrac_lower:0.0 - actor/pg_loss:-5.499459803104401e-07 - actor/entropy_loss:0.011570359987672418 - actor/kl_loss:0.0 - actor/kl_coef:0.001 - actor/loss:-1.2111850082874298e-05 - actor/grad_norm:0.23951243609189987 - actor/perf/max_memory_allocated_gb:33.36127042770386 - actor/perf/max_memory_reserved_gb:35.1640625 - actor/perf/cpu_memory_used_gb:279.4067163467407 - actor/lr:0.0 - perf/mfu/actor:0.31311090149979043 - training/global_step:2 - training/epoch:0 - critic/score/mean:0.9723192453384399 - critic/score/max:0.9996973276138306 - critic/score/min:0.9515789151191711 - critic/rewards/mean:0.9723192453384399 - critic/rewards/max:0.9996973276138306 - critic/rewards/min:0.9515789151191711 - critic/advantages/mean:5.289912223815918e-07 - critic/advantages/max:1.3407050371170044 - critic/advantages/min:-1.136406421661377 - critic/returns/mean:5.289912223815918e-07 - critic/returns/max:1.3407050371170044 - critic/returns/min:-1.136406421661377 - response_length/mean:4096.0 - response_length/max:4096.0 - response_length/min:4096.0 - response_length/clip_ratio:1.0 - response_length_non_aborted/mean:4096.0 - response_length_non_aborted/max:4096.0 - response_length_non_aborted/min:4096.0 - response_length_non_aborted/clip_ratio:1.0 - response/aborted_ratio:0.0 - prompt_length/mean:15683.75 - prompt_length/max:15689.0 - prompt_length/min:15677.0 - prompt_length/clip_ratio:0.5 - timing_s/gen:1.426374066970311 - timing_s/old_log_prob:10.374692118028179 - timing_s/ref:11.014669583993964 - timing_s/adv:0.09755779302213341 - timing_s/update_actor:38.00284557801206 - timing_s/update_weights:5.094259587000124 - timing_s/step:66.1594567860011 - timing_per_token_ms/adv:0.0003082628478056264 - timing_per_token_ms/gen:0.021764741012120226 - timing_per_token_ms/update_actor:0.12008128761110497 - timing_per_token_ms/ref:0.03480412285289868 - perf/total_num_tokens:316476 - perf/time_per_step:66.1594567860011 - perf/throughput:597.9417292974287 - training/num_turns/mean:np.float64(2.0) - training/num_turns/max:np.int64(2) - training/num_turns/min:np.int64(2) - training/off_policy/trajectory_spans/mean:np.float64(1.0) - training/off_policy/trajectory_spans/max:np.int64(1) - training/off_policy/trajectory_spans/min:np.int64(1) - training/off_policy/trajectory_staleness/mean:np.float64(-1.0) - training/off_policy/trajectory_staleness/max:np.int64(-1) - training/off_policy/trajectory_staleness/min:np.int64(-1) - training/off_policy/trajectory_staleness_worst/mean:np.float64(-1.0) - training/off_policy/trajectory_staleness_worst/max:np.int64(-1) - training/off_policy/trajectory_staleness_worst/min:np.int64(-1)
[36m(TaskRunnerV1 pid=3586571)[0m Training Progress:  50%|█████     | 2/4 [03:15<03:04, 92.03s/it] 
[36m(vLLMHttpServer pid=3592108)[0m (EngineCore pid=3592681) WARNING 09-10 22:34:08 [scheduler.py:1948] reset_connector called but no KV connector is configured.
[36m(TaskRunnerV1 pid=3586571)[0m [RolloutTqSkip()] [33mInjected 16 cached trajectories from step 3 (4 prompts x 4) into TQ partition 'train' at current step 3[0m
[36m(vLLMHttpServer pid=3592107)[0m (EngineCore pid=3592693) WARNING 09-10 22:35:10 [scheduler.py:1948] reset_connector called but no KV connector is configured.
[36m(vLLMHttpServer pid=3592108)[0m (EngineCore pid=3592681) WARNING 09-10 22:35:10 [scheduler.py:1948] reset_connector called but no KV connector is configured.
[36m(WorkerDict pid=3588516)[0m Converting to HuggingFace ━━━━━━━━━━━━━━━━━━━━━━━━━━━━━━━━━━━━━━━━ 100% 0:00:00 (291/291) Qwen3Bridge
[36m(vLLMHttpServer pid=3592107)[0m (EngineCore pid=3592693) WARNING 09-10 22:35:12 [scheduler.py:1948] reset_connector called but no KV connector is configured.
[36m(vLLMHttpServer pid=3592108)[0m (EngineCore pid=3592681) WARNING 09-10 22:35:12 [scheduler.py:1948] reset_connector called but no KV connector is configured.
[36m(vLLMHttpServer pid=3592107)[0m (EngineCore pid=3592693) WARNING 09-10 22:35:13 [scheduler.py:1948] reset_connector called but no KV connector is configured.
[36m(vLLMHttpServer pid=3592108)[0m (EngineCore pid=3592681) WARNING 09-10 22:35:14 [scheduler.py:1948] reset_connector called but no KV connector is configured.
[36m(TaskRunnerV1 pid=3586571)[0m step:3 - global_seqlen/min:323496.0 - global_seqlen/max:323496.0 - global_seqlen/minmax_diff:0.0 - global_seqlen/balanced_min:323496.0 - global_seqlen/balanced_max:323496.0 - global_seqlen/mean:323496.0 - actor/entropy:0.012682844884693623 - training/rollout_probs_diff_valid:1.0 - training/rollout_probs_diff_max:0.17195165157318115 - training/rollout_probs_diff_mean:0.0005835160845890641 - training/rollout_probs_diff_std:0.00431740190833807 - training/rollout_actor_probs_pearson_corr:0.9972899556159973 - rollout_corr/training_ppl:1.0102070569992065 - rollout_corr/training_log_ppl:0.010136427357792854 - rollout_corr/kl:0.0005981100839562714 - rollout_corr/k3_kl:3.833242953987792e-05 - rollout_corr/rollout_ppl:1.0096015930175781 - rollout_corr/rollout_log_ppl:0.009538316167891026 - rollout_corr/log_ppl_diff:0.0005981099093332887 - rollout_corr/log_ppl_abs_diff:0.0005981099093332887 - rollout_corr/log_ppl_diff_max:0.0013611763715744019 - rollout_corr/log_ppl_diff_min:3.512343391776085e-05 - rollout_corr/ppl_ratio:1.0005983114242554 - rollout_corr/chi2_token:-0.0010461807250976562 - rollout_corr/chi2_seq:-0.9359194040298462 - actor/pg_clipfrac:0.0 - actor/ppo_kl:0.0 - actor/pg_clipfrac_lower:0.0 - actor/pg_loss:7.543712854385376e-08 - actor/entropy_loss:0.012682844419032335 - actor/kl_loss:0.0 - actor/kl_coef:0.001 - actor/loss:-1.2608245015144348e-05 - actor/grad_norm:0.24260170757770538 - actor/perf/max_memory_allocated_gb:33.38013029098511 - actor/perf/max_memory_reserved_gb:35.4375 - actor/perf/cpu_memory_used_gb:280.19685077667236 - actor/lr:0.0 - perf/mfu/actor:0.3180872581363604 - training/global_step:3 - training/epoch:1 - critic/score/mean:0.973810076713562 - critic/score/max:0.9984735250473022 - critic/score/min:0.9506916999816895 - critic/rewards/mean:0.973810076713562 - critic/rewards/max:0.9984735250473022 - critic/rewards/min:0.9506916999816895 - critic/advantages/mean:-1.043081283569336e-07 - critic/advantages/max:1.3374347686767578 - critic/advantages/min:-1.228617787361145 - critic/returns/mean:-1.043081283569336e-07 - critic/returns/max:1.3374347686767578 - critic/returns/min:-1.228617787361145 - response_length/mean:4096.0 - response_length/max:4096.0 - response_length/min:4096.0 - response_length/clip_ratio:1.0 - response_length_non_aborted/mean:4096.0 - response_length_non_aborted/max:4096.0 - response_length_non_aborted/min:4096.0 - response_length_non_aborted/clip_ratio:1.0 - response/aborted_ratio:0.0 - prompt_length/mean:16122.5 - prompt_length/max:16267.0 - prompt_length/min:15689.0 - prompt_length/clip_ratio:0.75 - timing_s/gen:1.5534023749642074 - timing_s/old_log_prob:9.400961852981709 - timing_s/ref:11.826566875912249 - timing_s/adv:0.115577562013641 - timing_s/update_actor:37.06795278098434 - timing_s/update_weights:5.088511244975962 - timing_s/step:65.21004640101455 - timing_per_token_ms/adv:0.00035727663406546296 - timing_per_token_ms/gen:0.023703039168765372 - timing_per_token_ms/update_actor:0.11458550578982227 - timing_per_token_ms/ref:0.0365586185792475 - perf/total_num_tokens:323496 - perf/time_per_step:65.21004640101455 - perf/throughput:620.1038372420307 - training/num_turns/mean:np.float64(2.0) - training/num_turns/max:np.int64(2) - training/num_turns/min:np.int64(2) - training/off_policy/trajectory_spans/mean:np.float64(1.0) - training/off_policy/trajectory_spans/max:np.int64(1) - training/off_policy/trajectory_spans/min:np.int64(1) - training/off_policy/trajectory_staleness/mean:np.float64(-1.0) - training/off_policy/trajectory_staleness/max:np.int64(-1) - training/off_policy/trajectory_staleness/min:np.int64(-1) - training/off_policy/trajectory_staleness_worst/mean:np.float64(-1.0) - training/off_policy/trajectory_staleness_worst/max:np.int64(-1) - training/off_policy/trajectory_staleness_worst/min:np.int64(-1)
[36m(TaskRunnerV1 pid=3586571)[0m Training Progress:  75%|███████▌  | 3/4 [04:20<01:19, 79.83s/it]
[36m(TaskRunnerV1 pid=3586571)[0m [RolloutTqSkip()] [33mInjected 16 cached trajectories from step 4 (4 prompts x 4) into TQ partition 'train' at current step 4[0m
[36m(vLLMHttpServer pid=3592107)[0m (EngineCore pid=3592693) WARNING 09-10 22:36:14 [scheduler.py:1948] reset_connector called but no KV connector is configured.
[36m(vLLMHttpServer pid=3592108)[0m (EngineCore pid=3592681) WARNING 09-10 22:36:14 [scheduler.py:1948] reset_connector called but no KV connector is configured.
[36m(WorkerDict pid=3588516)[0m Converting to HuggingFace ━━━━━━━━━━━━━━━━━━━━━━━━━━━━━━━━━━━━━━━━ 100% 0:00:00 (291/291) Qwen3Bridge
[36m(vLLMHttpServer pid=3592107)[0m (EngineCore pid=3592693) WARNING 09-10 22:36:16 [scheduler.py:1948] reset_connector called but no KV connector is configured.
[36m(vLLMHttpServer pid=3592108)[0m (EngineCore pid=3592681) WARNING 09-10 22:36:16 [scheduler.py:1948] reset_connector called but no KV connector is configured.
[36m(vLLMHttpServer pid=3592108)[0m (EngineCore pid=3592681) WARNING 09-10 22:36:18 [scheduler.py:1948] reset_connector called but no KV connector is configured.
[36m(TaskRunnerV1 pid=3586571)[0m step:4 - global_seqlen/min:316476.0 - global_seqlen/max:316476.0 - global_seqlen/minmax_diff:0.0 - global_seqlen/balanced_min:316476.0 - global_seqlen/balanced_max:316476.0 - global_seqlen/mean:316476.0 - actor/entropy:0.019100705161690712 - training/rollout_probs_diff_valid:1.0 - training/rollout_probs_diff_max:0.6792937517166138 - training/rollout_probs_diff_mean:0.0006861813017167151 - training/rollout_probs_diff_std:0.005159094464033842 - training/rollout_actor_probs_pearson_corr:0.9973401427268982 - rollout_corr/training_ppl:1.0170619487762451 - rollout_corr/training_log_ppl:0.016574999317526817 - rollout_corr/kl:0.0007600388489663601 - rollout_corr/k3_kl:4.491051004151814e-05 - rollout_corr/rollout_ppl:1.0162663459777832 - rollout_corr/rollout_log_ppl:0.01581496186554432 - rollout_corr/log_ppl_diff:0.0007600373355671763 - rollout_corr/log_ppl_abs_diff:0.0007600373355671763 - rollout_corr/log_ppl_diff_max:0.003893725574016571 - rollout_corr/log_ppl_diff_min:0.00016596168279647827 - rollout_corr/ppl_ratio:1.0007606744766235 - rollout_corr/chi2_token:-0.0013499855995178223 - rollout_corr/chi2_seq:-0.9526216387748718 - actor/pg_clipfrac:0.0 - actor/ppo_kl:0.0 - actor/pg_clipfrac_lower:0.0 - actor/pg_loss:-4.202593117952347e-07 - actor/entropy_loss:0.01910070565645583 - actor/kl_loss:0.0 - actor/kl_coef:0.001 - actor/loss:-1.9526109099388123e-05 - actor/grad_norm:0.4555443339049816 - actor/perf/max_memory_allocated_gb:33.38013029098511 - actor/perf/max_memory_reserved_gb:35.4375 - actor/perf/cpu_memory_used_gb:280.1160411834717 - actor/lr:0.0 - perf/mfu/actor:0.3146437555793097 - training/global_step:4 - training/epoch:1 - critic/score/mean:0.9745160341262817 - critic/score/max:0.9994794130325317 - critic/score/min:0.9539076089859009 - critic/rewards/mean:0.9745160341262817 - critic/rewards/max:0.9994794130325317 - critic/rewards/min:0.9539076089859009 - critic/advantages/mean:4.470348358154297e-07 - critic/advantages/max:1.3166486024856567 - critic/advantages/min:-1.3636384010314941 - critic/returns/mean:4.470348358154297e-07 - critic/returns/max:1.3166486024856567 - critic/returns/min:-1.3636384010314941 - response_length/mean:4096.0 - response_length/max:4096.0 - response_length/min:4096.0 - response_length/clip_ratio:1.0 - response_length_non_aborted/mean:4096.0 - response_length_non_aborted/max:4096.0 - response_length_non_aborted/min:4096.0 - response_length_non_aborted/clip_ratio:1.0 - response/aborted_ratio:0.0 - prompt_length/mean:15683.75 - prompt_length/max:15689.0 - prompt_length/min:15677.0 - prompt_length/clip_ratio:0.5 - timing_s/gen:1.4606801030458882 - timing_s/old_log_prob:9.954902800032869 - timing_s/ref:10.854238091968 - timing_s/adv:0.11727833293844014 - timing_s/update_actor:36.43244368606247 - timing_s/update_weights:5.041561883990653 - timing_s/step:64.02389218099415 - timing_per_token_ms/adv:0.00037057575594496943 - timing_per_token_ms/gen:0.022288209580167972 - timing_per_token_ms/update_actor:0.11511913600419138 - timing_per_token_ms/ref:0.03429719186278896 - perf/total_num_tokens:316476 - perf/time_per_step:64.02389218099415 - perf/throughput:617.8865209907287 - training/num_turns/mean:np.float64(2.0) - training/num_turns/max:np.int64(2) - training/num_turns/min:np.int64(2) - training/off_policy/trajectory_spans/mean:np.float64(1.0) - training/off_policy/trajectory_spans/max:np.int64(1) - training/off_policy/trajectory_spans/min:np.int64(1) - training/off_policy/trajectory_staleness/mean:np.float64(-1.0) - training/off_policy/trajectory_staleness/max:np.int64(-1) - training/off_policy/trajectory_staleness/min:np.int64(-1) - training/off_policy/trajectory_staleness_worst/mean:np.float64(-1.0) - training/off_policy/trajectory_staleness_worst/max:np.int64(-1) - training/off_policy/trajectory_staleness_worst/min:np.int64(-1)
[36m(TaskRunnerV1 pid=3586571)[0m 'Final validation metrics: None'
[36m(TaskRunnerV1 pid=3586571)[0m Training Progress: 100%|██████████| 4/4 [05:24<00:00, 73.62s/it]Training Progress: 100%|██████████| 4/4 [05:24<00:00, 81.13s/it]
[36m(vLLMHttpServer pid=3592107)[0m (EngineCore pid=3592693) WARNING 09-10 22:36:18 [scheduler.py:1948] reset_connector called but no KV connector is configured.
