+ export CUDA_DEVICE_MAX_CONNECTIONS=1
+ CUDA_DEVICE_MAX_CONNECTIONS=1
+ INFER_BACKEND=vllm
+ MODEL_PATH=/home/p00938733/Qwen3-8B
+ NNODES=1
+ NGPUS_PER_NODE=8
+ train_batch_size=1024
+ ppo_mini_batch_size=256
+ max_prompt_length=16640
+ max_response_length=4096
+ ppo_max_token_len_per_gpu=49152
+ actor_lr=1e-6
+ kl_loss_coef=0.001
+ entropy_coeff=0
+ actor_tp=2
+ actor_pp=2
+ rollout_tp=2
+ rollout_gpu_mem_util=0.6
+ rollout_n=5
+ total_epochs=15
+ save_freq=20
+ test_freq=5
+ project_name=verl_grpo_gsm8k_math
+ experiment_name=qwen3_8b_vllm_megatron
+ DATA=(algorithm.adv_estimator=grpo algorithm.use_kl_in_reward=False data.train_files="['$HOME/data/gsm8k/train.parquet', '$HOME/data/math/train.parquet']" data.val_files="['$HOME/data/gsm8k/test.parquet', '$HOME/data/math/test.parquet']" data.train_batch_size=${train_batch_size} data.max_prompt_length=${max_prompt_length} data.max_response_length=${max_response_length} data.filter_overlong_prompts=True data.truncation='error')
+ MODEL=(actor_rollout_ref.model.path="$MODEL_PATH" actor_rollout_ref.model.use_remove_padding=True)
+ ACTOR=(actor_rollout_ref.actor.optim.lr=${actor_lr} actor_rollout_ref.actor.ppo_mini_batch_size=${ppo_mini_batch_size} actor_rollout_ref.actor.use_dynamic_bsz=True actor_rollout_ref.actor.ppo_max_token_len_per_gpu=${ppo_max_token_len_per_gpu} actor_rollout_ref.actor.use_kl_loss=True actor_rollout_ref.actor.kl_loss_coef=${kl_loss_coef} actor_rollout_ref.actor.kl_loss_type=low_var_kl actor_rollout_ref.actor.entropy_coeff=${entropy_coeff} actor_rollout_ref.actor.megatron.tensor_model_parallel_size=${actor_tp} actor_rollout_ref.actor.megatron.pipeline_model_parallel_size=${actor_pp})
+ ROLLOUT=(actor_rollout_ref.rollout.name=${INFER_BACKEND} actor_rollout_ref.rollout.tensor_model_parallel_size=${rollout_tp} actor_rollout_ref.rollout.gpu_memory_utilization=${rollout_gpu_mem_util} actor_rollout_ref.rollout.n=${rollout_n} actor_rollout_ref.rollout.log_prob_use_dynamic_bsz=True actor_rollout_ref.rollout.log_prob_max_token_len_per_gpu=${ppo_max_token_len_per_gpu})
+ REF=(actor_rollout_ref.ref.log_prob_use_dynamic_bsz=True actor_rollout_ref.ref.log_prob_max_token_len_per_gpu=${ppo_max_token_len_per_gpu} actor_rollout_ref.ref.megatron.tensor_model_parallel_size=${actor_tp} actor_rollout_ref.ref.megatron.pipeline_model_parallel_size=${actor_pp})
+ TRAINER=(trainer.balance_batch=True trainer.logger='["console","wandb"]' trainer.project_name=${project_name} trainer.experiment_name=${experiment_name} trainer.n_gpus_per_node=${NGPUS_PER_NODE} trainer.nnodes=${NNODES} trainer.save_freq=${save_freq} trainer.test_freq=${test_freq} trainer.total_epochs=${total_epochs})
+ EXTRA=(model_engine=megatron)
+ LAUNCH=(python3)
+ RAY=(ray_kwargs.ray_init.runtime_env.py_executable=null)
+ '[' 0 '!=' 0 ']'
+ python3 -m verl.trainer.main_ppo algorithm.adv_estimator=grpo algorithm.use_kl_in_reward=False 'data.train_files=['\''/root/data/gsm8k/train.parquet'\'', '\''/root/data/math/train.parquet'\'']' 'data.val_files=['\''/root/data/gsm8k/test.parquet'\'', '\''/root/data/math/test.parquet'\'']' data.train_batch_size=1024 data.max_prompt_length=16640 data.max_response_length=4096 data.filter_overlong_prompts=True data.truncation=error actor_rollout_ref.model.path=/home/p00938733/Qwen3-8B actor_rollout_ref.model.use_remove_padding=True actor_rollout_ref.actor.optim.lr=1e-6 actor_rollout_ref.actor.ppo_mini_batch_size=256 actor_rollout_ref.actor.use_dynamic_bsz=True actor_rollout_ref.actor.ppo_max_token_len_per_gpu=49152 actor_rollout_ref.actor.use_kl_loss=True actor_rollout_ref.actor.kl_loss_coef=0.001 actor_rollout_ref.actor.kl_loss_type=low_var_kl actor_rollout_ref.actor.entropy_coeff=0 actor_rollout_ref.actor.megatron.tensor_model_parallel_size=2 actor_rollout_ref.actor.megatron.pipeline_model_parallel_size=2 actor_rollout_ref.rollout.name=vllm actor_rollout_ref.rollout.tensor_model_parallel_size=2 actor_rollout_ref.rollout.gpu_memory_utilization=0.6 actor_rollout_ref.rollout.n=5 actor_rollout_ref.rollout.log_prob_use_dynamic_bsz=True actor_rollout_ref.rollout.log_prob_max_token_len_per_gpu=49152 actor_rollout_ref.ref.log_prob_use_dynamic_bsz=True actor_rollout_ref.ref.log_prob_max_token_len_per_gpu=49152 actor_rollout_ref.ref.megatron.tensor_model_parallel_size=2 actor_rollout_ref.ref.megatron.pipeline_model_parallel_size=2 trainer.balance_batch=True 'trainer.logger=["console","wandb"]' trainer.project_name=verl_grpo_gsm8k_math trainer.experiment_name=qwen3_8b_vllm_megatron trainer.n_gpus_per_node=8 trainer.nnodes=1 trainer.save_freq=20 trainer.test_freq=5 trainer.total_epochs=15 model_engine=megatron ray_kwargs.ray_init.runtime_env.py_executable=null actor_rollout_ref.model.path=/home/p00938733/Qwen3-8B data.train_files=/home/p00938733/ruler-verl/16k4k/train.parquet data.val_files=/home/p00938733/ruler-verl/16k4k/test.parquet data.max_prompt_length=16640 data.max_response_length=4096 data.train_batch_size=4 data.gen_batch_size=4 data.shuffle=false data.seed=42 actor_rollout_ref.model.use_remove_padding=true actor_rollout_ref.actor.megatron.vanilla_mbridge=false actor_rollout_ref.actor.megatron.use_remove_padding=true actor_rollout_ref.actor.megatron.sequence_parallel=true actor_rollout_ref.actor.megatron.tensor_model_parallel_size=2 actor_rollout_ref.actor.megatron.pipeline_model_parallel_size=2 actor_rollout_ref.actor.megatron.context_parallel_size=2 actor_rollout_ref.ref.megatron.sequence_parallel=true actor_rollout_ref.ref.megatron.tensor_model_parallel_size=2 actor_rollout_ref.ref.megatron.pipeline_model_parallel_size=2 actor_rollout_ref.ref.megatron.context_parallel_size=2 actor_rollout_ref.actor.megatron.param_offload=true actor_rollout_ref.actor.megatron.optimizer_offload=true actor_rollout_ref.ref.megatron.param_offload=true actor_rollout_ref.actor.ppo_mini_batch_size=1 actor_rollout_ref.actor.data_loader_seed=42 actor_rollout_ref.actor.optim.lr=0.0 actor_rollout_ref.actor.calculate_entropy=true actor_rollout_ref.actor.entropy_coeff=0.001 actor_rollout_ref.rollout.n=4 actor_rollout_ref.rollout.seed=42 actor_rollout_ref.rollout.tensor_model_parallel_size=4 actor_rollout_ref.rollout.gpu_memory_utilization=0.5 actor_rollout_ref.rollout.ignore_eos=true actor_rollout_ref.rollout.max_model_len=20736 trainer.use_v1=true trainer.v1.trainer_mode=sync trainer.total_training_steps=4 trainer.resume_mode=disable trainer.val_before_train=false trainer.n_gpus_per_node=8 trainer.nnodes=1 'trainer.logger=["console"]' trainer.project_name=rlmh_combinations_a100 trainer.experiment_name=rlmh_combinations_a100 trainer.save_freq=-1 trainer.test_freq=-1 skip.rollout.enable=false skip.rollout_tq.enable=true skip.rollout_tq.dump_dir=/home/p00938733/rlmh-cache/16k4k-recompute-20260910-205736 'skip.rollout_tq.steps=[1,2,3,4]' skip.rollout_tq.action=cache data.filter_overlong_prompts=false data.truncation=error data.dataloader_num_workers=0 +data.apply_chat_template_kwargs.enable_thinking=false reward.custom_reward_function.path=/home/p00938733/ruler-verl/ruler_niah_reward.py reward.custom_reward_function.name=compute_score actor_rollout_ref.rollout.temperature=1.0 actor_rollout_ref.rollout.top_p=0.95 actor_rollout_ref.rollout.max_num_batched_tokens=65536 actor_rollout_ref.actor.megatron.override_transformer_config.recompute_granularity=full actor_rollout_ref.actor.megatron.override_transformer_config.recompute_method=uniform actor_rollout_ref.actor.megatron.override_transformer_config.recompute_num_layers=1 actor_rollout_ref.actor.use_dynamic_bsz=false actor_rollout_ref.actor.ppo_micro_batch_size_per_gpu=1 actor_rollout_ref.rollout.log_prob_use_dynamic_bsz=false actor_rollout_ref.rollout.log_prob_micro_batch_size_per_gpu=1 actor_rollout_ref.ref.log_prob_use_dynamic_bsz=false actor_rollout_ref.ref.log_prob_micro_batch_size_per_gpu=1 '+ray_kwargs.ray_init.runtime_env.env_vars.VERL_RESPONSE_ONLY_LM_HEAD_PROFILE="1"' actor_rollout_ref.model.use_fused_kernels=false actor_rollout_ref.actor.megatron.response_only_lm_head=true actor_rollout_ref.ref.megatron.response_only_lm_head=true
/home/p00938733/verl-090/verl/trainer/main_ppo.py:180: UserWarning: Disabled critic as algorithm.adv_estimator != gae. If it is not intended, please set critic.enable=True
  use_critic=need_critic(config),
[validate_config] All configuration checks passed successfully!
ray init kwargs: {'num_cpus': None, 'runtime_env': {'env_vars': {'NCCL_DEBUG': 'WARN', 'VLLM_LOGGING_LEVEL': 'WARN', 'VLLM_ALLOW_RUNTIME_LORA_UPDATING': 'true', 'VLLM_DISABLE_COMPILE_CACHE': '1', 'HCCL_HOST_SOCKET_PORT_RANGE': 'auto', 'HCCL_NPU_SOCKET_PORT_RANGE': 'auto', 'HSA_NO_SCRATCH_RECLAIM': '1', 'VERL_FULL_DETERMINISM': '0', 'VLLM_BATCH_INVARIANT': '0', 'VERL_RL_INSIGHT_ENABLE': '0', 'VERL_RESPONSE_ONLY_LM_HEAD_PROFILE': '1'}, 'working_dir': None, 'py_executable': None}}
2026-09-10 22:46:28,884	INFO worker.py:1814 -- Connecting to existing Ray cluster at address: 10.90.67.85:6389...
2026-09-10 22:46:28,908	INFO worker.py:2003 -- Connected to Ray cluster. View the dashboard at [1m[32mhttp://10.90.67.85:8265 [39m[22m
/opt/dev/lib/python3.12/site-packages/ray/_private/worker.py:2051: FutureWarning: Tip: In future versions of Ray, Ray will no longer override accelerator visible devices env var if num_gpus=0 or num_gpus=None (default). To enable this behavior and turn off this error message, set RAY_ACCEL_ENV_VAR_OVERRIDE_ON_ZERO=0
  warnings.warn(
[36m(TaskRunnerV1 pid=3626258)[0m WARNING:2026-09-10 22:46:41,048:Platform 'nvidia' (PlatformCUDA) is registered but not available. This may be due to this ray actor being a CPU-only actor.
[36m(TaskRunnerV1 pid=3626258)[0m /home/p00938733/verl-090/verl/workers/engine/__init__.py:32: UserWarning: torchtitan engine is not available: ModuleNotFoundError("No module named 'torchtitan'")
[36m(TaskRunnerV1 pid=3626258)[0m   warnings.warn(f"torchtitan engine is not available: {e!r}", stacklevel=1)
[36m(TaskRunnerV1 pid=3626258)[0m /home/p00938733/verl-090/verl/workers/engine/__init__.py:41: UserWarning: veomni engine is not available: ModuleNotFoundError("No module named 'veomni'")
[36m(TaskRunnerV1 pid=3626258)[0m   warnings.warn(f"veomni engine is not available: {e!r}", stacklevel=1)
[36m(TaskRunnerV1 pid=3626258)[0m /home/p00938733/verl-090/verl/workers/engine/__init__.py:50: UserWarning: automodel engine is not available: ModuleNotFoundError("No module named 'nemo_automodel'")
[36m(TaskRunnerV1 pid=3626258)[0m   warnings.warn(f"automodel engine is not available: {e!r}", stacklevel=1)
[36m(TaskRunnerV1 pid=3626258)[0m W0910 22:46:45.332000 3626258 torch/utils/cpp_extension.py:140] No CUDA runtime is found, using CUDA_HOME='/usr/local/cuda'
[36m(TaskRunnerV1 pid=3626258)[0m {'actor_rollout_ref': {'actor': {'_target_': 'verl.workers.config.McoreActorConfig',
[36m(TaskRunnerV1 pid=3626258)[0m                                  'calculate_entropy': True,
[36m(TaskRunnerV1 pid=3626258)[0m                                  'calculate_sum_pi_squared': False,
[36m(TaskRunnerV1 pid=3626258)[0m                                  'checkpoint': {'_target_': 'verl.workers.config.McoreCheckpointConfig',
[36m(TaskRunnerV1 pid=3626258)[0m                                                 'async_save': False,
[36m(TaskRunnerV1 pid=3626258)[0m                                                 'load_contents': ['model',
[36m(TaskRunnerV1 pid=3626258)[0m                                                                   'optimizer',
[36m(TaskRunnerV1 pid=3626258)[0m                                                                   'extra'],
[36m(TaskRunnerV1 pid=3626258)[0m                                                 'mbridge_config': {},
[36m(TaskRunnerV1 pid=3626258)[0m                                                 'save_contents': ['model',
[36m(TaskRunnerV1 pid=3626258)[0m                                                                   'optimizer',
[36m(TaskRunnerV1 pid=3626258)[0m                                                                   'extra'],
[36m(TaskRunnerV1 pid=3626258)[0m                                                 'strict': True},
[36m(TaskRunnerV1 pid=3626258)[0m                                  'clip_ratio': 0.2,
[36m(TaskRunnerV1 pid=3626258)[0m                                  'clip_ratio_c': 3.0,
[36m(TaskRunnerV1 pid=3626258)[0m                                  'clip_ratio_high': 0.2,
[36m(TaskRunnerV1 pid=3626258)[0m                                  'clip_ratio_low': 0.2,
[36m(TaskRunnerV1 pid=3626258)[0m                                  'data_loader_seed': 42,
[36m(TaskRunnerV1 pid=3626258)[0m                                  'entropy_coeff': 0.001,
[36m(TaskRunnerV1 pid=3626258)[0m                                  'entropy_from_logits_chunk_size': 2048,
[36m(TaskRunnerV1 pid=3626258)[0m                                  'entropy_from_logits_with_chunking': False,
[36m(TaskRunnerV1 pid=3626258)[0m                                  'freeze_vision_tower': False,
[36m(TaskRunnerV1 pid=3626258)[0m                                  'kl_loss_coef': 0.001,
[36m(TaskRunnerV1 pid=3626258)[0m                                  'kl_loss_type': 'low_var_kl',
[36m(TaskRunnerV1 pid=3626258)[0m                                  'loss_agg_mode': 'token-mean',
[36m(TaskRunnerV1 pid=3626258)[0m                                  'loss_scale_factor': None,
[36m(TaskRunnerV1 pid=3626258)[0m                                  'megatron': {'_target_': 'verl.workers.config.McoreEngineConfig',
[36m(TaskRunnerV1 pid=3626258)[0m                                               'context_parallel_size': 2,
[36m(TaskRunnerV1 pid=3626258)[0m                                               'dist_checkpointing_path': None,
[36m(TaskRunnerV1 pid=3626258)[0m                                               'dist_checkpointing_prefix': '',
[36m(TaskRunnerV1 pid=3626258)[0m                                               'dist_ckpt_optim_fully_reshardable': False,
[36m(TaskRunnerV1 pid=3626258)[0m                                               'distrib_optim_fully_reshardable_mem_efficient': False,
[36m(TaskRunnerV1 pid=3626258)[0m                                               'dtype': 'bfloat16',
[36m(TaskRunnerV1 pid=3626258)[0m                                               'dynamic_context_parallel': False,
[36m(TaskRunnerV1 pid=3626258)[0m                                               'entropy_from_logits_chunk_size': 2048,
[36m(TaskRunnerV1 pid=3626258)[0m                                               'entropy_from_logits_with_chunking': False,
[36m(TaskRunnerV1 pid=3626258)[0m                                               'expert_model_parallel_size': 1,
[36m(TaskRunnerV1 pid=3626258)[0m                                               'expert_tensor_parallel_size': None,
[36m(TaskRunnerV1 pid=3626258)[0m                                               'forward_only': False,
[36m(TaskRunnerV1 pid=3626258)[0m                                               'max_seqlen_per_dp_cp_rank': None,
[36m(TaskRunnerV1 pid=3626258)[0m                                               'optimizer_offload': True,
[36m(TaskRunnerV1 pid=3626258)[0m                                               'override_ddp_config': {},
[36m(TaskRunnerV1 pid=3626258)[0m                                               'override_mcore_model_config': {},
[36m(TaskRunnerV1 pid=3626258)[0m                                               'override_transformer_config': {'attention_backend': 'flash',
[36m(TaskRunnerV1 pid=3626258)[0m                                                                               'recompute_granularity': 'full',
[36m(TaskRunnerV1 pid=3626258)[0m                                                                               'recompute_method': 'uniform',
[36m(TaskRunnerV1 pid=3626258)[0m                                                                               'recompute_modules': ['core_attn'],
[36m(TaskRunnerV1 pid=3626258)[0m                                                                               'recompute_num_layers': 1},
[36m(TaskRunnerV1 pid=3626258)[0m                                               'pad_bshd_to_minibatch_max': True,
[36m(TaskRunnerV1 pid=3626258)[0m                                               'pad_to_length': False,
[36m(TaskRunnerV1 pid=3626258)[0m                                               'pad_to_length_bucket': 512,
[36m(TaskRunnerV1 pid=3626258)[0m                                               'param_offload': True,
[36m(TaskRunnerV1 pid=3626258)[0m                                               'pipeline_model_parallel_size': 2,
[36m(TaskRunnerV1 pid=3626258)[0m                                               'qat': {'_target_': 'verl.workers.config.QATEngineConfig',
[36m(TaskRunnerV1 pid=3626258)[0m                                                       'activation_observer': None,
[36m(TaskRunnerV1 pid=3626258)[0m                                                       'enable': False,
[36m(TaskRunnerV1 pid=3626258)[0m                                                       'group_size': 16,
[36m(TaskRunnerV1 pid=3626258)[0m                                                       'ignore_patterns': ['lm_head',
[36m(TaskRunnerV1 pid=3626258)[0m                                                                           '*mlp.gate'],
[36m(TaskRunnerV1 pid=3626258)[0m                                                       'mode': 'w4a16',
[36m(TaskRunnerV1 pid=3626258)[0m                                                       'quantization_config_path': None},
[36m(TaskRunnerV1 pid=3626258)[0m                                               'response_only_lm_head': True,
[36m(TaskRunnerV1 pid=3626258)[0m                                               'router_replay': {'_target_': 'verl.workers.config.EngineRouterReplayConfig',
[36m(TaskRunnerV1 pid=3626258)[0m                                                                 'mode': 'disabled',
[36m(TaskRunnerV1 pid=3626258)[0m                                                                 'record_file': None,
[36m(TaskRunnerV1 pid=3626258)[0m                                                                 'replay_file': None},
[36m(TaskRunnerV1 pid=3626258)[0m                                               'seed': 42,
[36m(TaskRunnerV1 pid=3626258)[0m                                               'sequence_parallel': True,
[36m(TaskRunnerV1 pid=3626258)[0m                                               'tensor_model_parallel_size': 2,
[36m(TaskRunnerV1 pid=3626258)[0m                                               'use_dist_checkpointing': False,
[36m(TaskRunnerV1 pid=3626258)[0m                                               'use_distributed_optimizer': True,
[36m(TaskRunnerV1 pid=3626258)[0m                                               'use_mbridge': True,
[36m(TaskRunnerV1 pid=3626258)[0m                                               'use_megatron_fsdp': False,
[36m(TaskRunnerV1 pid=3626258)[0m                                               'use_remove_padding': True,
[36m(TaskRunnerV1 pid=3626258)[0m                                               'vanilla_mbridge': False,
[36m(TaskRunnerV1 pid=3626258)[0m                                               'virtual_pipeline_model_parallel_size': None},
[36m(TaskRunnerV1 pid=3626258)[0m                                  'optim': {'_target_': 'verl.workers.config.McoreOptimizerConfig',
[36m(TaskRunnerV1 pid=3626258)[0m                                            'betas': [0.9, 0.999],
[36m(TaskRunnerV1 pid=3626258)[0m                                            'clip_grad': 1.0,
[36m(TaskRunnerV1 pid=3626258)[0m                                            'exp_avg_dtype': 'fp32',
[36m(TaskRunnerV1 pid=3626258)[0m                                            'exp_avg_sq_dtype': 'fp32',
[36m(TaskRunnerV1 pid=3626258)[0m                                            'lr': 0.0,
[36m(TaskRunnerV1 pid=3626258)[0m                                            'lr_decay_steps': None,
[36m(TaskRunnerV1 pid=3626258)[0m                                            'lr_decay_style': 'constant',
[36m(TaskRunnerV1 pid=3626258)[0m                                            'lr_warmup_init': 0.0,
[36m(TaskRunnerV1 pid=3626258)[0m                                            'lr_warmup_steps': -1,
[36m(TaskRunnerV1 pid=3626258)[0m                                            'lr_warmup_steps_ratio': 0.0,
[36m(TaskRunnerV1 pid=3626258)[0m                                            'lr_wsd_decay_steps': None,
[36m(TaskRunnerV1 pid=3626258)[0m                                            'lr_wsd_decay_style': 'exponential',
[36m(TaskRunnerV1 pid=3626258)[0m                                            'main_grads_dtype': 'fp32',
[36m(TaskRunnerV1 pid=3626258)[0m                                            'min_lr': 0.0,
[36m(TaskRunnerV1 pid=3626258)[0m                                            'muon_coefficient_type': 'quintic',
[36m(TaskRunnerV1 pid=3626258)[0m                                            'muon_extra_scale_factor': 1.0,
[36m(TaskRunnerV1 pid=3626258)[0m                                            'muon_fp32_matmul_prec': 'medium',
[36m(TaskRunnerV1 pid=3626258)[0m                                            'muon_match_adamw_update_rms': False,
[36m(TaskRunnerV1 pid=3626258)[0m                                            'muon_momentum': 0.95,
[36m(TaskRunnerV1 pid=3626258)[0m                                            'muon_nesterov': False,
[36m(TaskRunnerV1 pid=3626258)[0m                                            'muon_num_ns_steps': 5,
[36m(TaskRunnerV1 pid=3626258)[0m                                            'muon_scalar_optimizer': 'adam',
[36m(TaskRunnerV1 pid=3626258)[0m                                            'muon_scale_mode': 'spectral',
[36m(TaskRunnerV1 pid=3626258)[0m                                            'muon_split_qkv': True,
[36m(TaskRunnerV1 pid=3626258)[0m                                            'muon_tp_mode': 'blockwise',
[36m(TaskRunnerV1 pid=3626258)[0m                                            'optimizer': 'adam',
[36m(TaskRunnerV1 pid=3626258)[0m                                            'override_optimizer_config': {},
[36m(TaskRunnerV1 pid=3626258)[0m                                            'total_training_steps': -1,
[36m(TaskRunnerV1 pid=3626258)[0m                                            'use_checkpoint_opt_param_scheduler': False,
[36m(TaskRunnerV1 pid=3626258)[0m                                            'use_layer_wise_distributed_optimizer': False,
[36m(TaskRunnerV1 pid=3626258)[0m                                            'use_precision_aware_optimizer': False,
[36m(TaskRunnerV1 pid=3626258)[0m                                            'weight_decay': 0.01,
[36m(TaskRunnerV1 pid=3626258)[0m                                            'weight_decay_incr_style': 'constant'},
[36m(TaskRunnerV1 pid=3626258)[0m                                  'policy_loss': {'_target_': 'verl.workers.config.PolicyLossConfig',
[36m(TaskRunnerV1 pid=3626258)[0m                                                  'clip_cov_lb': 1.0,
[36m(TaskRunnerV1 pid=3626258)[0m                                                  'clip_cov_ratio': 0.0002,
[36m(TaskRunnerV1 pid=3626258)[0m                                                  'clip_cov_ub': 5.0,
[36m(TaskRunnerV1 pid=3626258)[0m                                                  'dro_beta': None,
[36m(TaskRunnerV1 pid=3626258)[0m                                                  'kl_cov_ratio': 0.0002,
[36m(TaskRunnerV1 pid=3626258)[0m                                                  'loss_mode': 'vanilla',
[36m(TaskRunnerV1 pid=3626258)[0m                                                  'ppo_kl_coef': 0.1},
[36m(TaskRunnerV1 pid=3626258)[0m                                  'ppo_epochs': 1,
[36m(TaskRunnerV1 pid=3626258)[0m                                  'ppo_max_token_len_per_gpu': 49152,
[36m(TaskRunnerV1 pid=3626258)[0m                                  'ppo_micro_batch_size': None,
[36m(TaskRunnerV1 pid=3626258)[0m                                  'ppo_micro_batch_size_per_gpu': 1,
[36m(TaskRunnerV1 pid=3626258)[0m                                  'ppo_mini_batch_size': 1,
[36m(TaskRunnerV1 pid=3626258)[0m                                  'profiler': {'_target_': 'verl.utils.profiler.ProfilerConfig',
[36m(TaskRunnerV1 pid=3626258)[0m                                               'all_ranks': False,
[36m(TaskRunnerV1 pid=3626258)[0m                                               'enable': False,
[36m(TaskRunnerV1 pid=3626258)[0m                                               'finish_hook_all_ranks': False,
[36m(TaskRunnerV1 pid=3626258)[0m                                               'finish_hook_cmd': None,
[36m(TaskRunnerV1 pid=3626258)[0m                                               'finish_hook_ranks': [],
[36m(TaskRunnerV1 pid=3626258)[0m                                               'ranks': [],
[36m(TaskRunnerV1 pid=3626258)[0m                                               'relocate_results': False,
[36m(TaskRunnerV1 pid=3626258)[0m                                               'save_path': 'outputs/profile',
[36m(TaskRunnerV1 pid=3626258)[0m                                               'tool': None,
[36m(TaskRunnerV1 pid=3626258)[0m                                               'tool_config': {'npu': {'_target_': 'verl.utils.profiler.config.NPUToolConfig',
[36m(TaskRunnerV1 pid=3626258)[0m                                                                       'analysis': True,
[36m(TaskRunnerV1 pid=3626258)[0m                                                                       'contents': [],
[36m(TaskRunnerV1 pid=3626258)[0m                                                                       'discrete': False,
[36m(TaskRunnerV1 pid=3626258)[0m                                                                       'level': 'level0'},
[36m(TaskRunnerV1 pid=3626258)[0m                                                               'nsys': {'_target_': 'verl.utils.profiler.config.NsightToolConfig',
[36m(TaskRunnerV1 pid=3626258)[0m                                                                        'discrete': False},
[36m(TaskRunnerV1 pid=3626258)[0m                                                               'precision_debugger': {'_target_': 'verl.utils.profiler.config.PrecisionDebuggerToolConfig',
[36m(TaskRunnerV1 pid=3626258)[0m                                                                                      'config_path': None,
[36m(TaskRunnerV1 pid=3626258)[0m                                                                                      'stages': None,
[36m(TaskRunnerV1 pid=3626258)[0m                                                                                      'steps': None,
[36m(TaskRunnerV1 pid=3626258)[0m                                                                                      'strict': False},
[36m(TaskRunnerV1 pid=3626258)[0m                                                               'torch': {'_target_': 'verl.utils.profiler.config.TorchProfilerToolConfig',
[36m(TaskRunnerV1 pid=3626258)[0m                                                                         'contents': [],
[36m(TaskRunnerV1 pid=3626258)[0m                                                                         'discrete': False,
[36m(TaskRunnerV1 pid=3626258)[0m                                                                         'schedule': {'_target_': 'verl.utils.profiler.config.TorchProfilerScheduleConfig',
[36m(TaskRunnerV1 pid=3626258)[0m                                                                                      'active': 0,
[36m(TaskRunnerV1 pid=3626258)[0m                                                                                      'repeat': 0,
[36m(TaskRunnerV1 pid=3626258)[0m                                                                                      'skip_first': 0,
[36m(TaskRunnerV1 pid=3626258)[0m                                                                                      'wait': 0,
[36m(TaskRunnerV1 pid=3626258)[0m                                                                                      'warmup': 0}},
[36m(TaskRunnerV1 pid=3626258)[0m                                                               'torch_memory': {'_target_': 'verl.utils.profiler.config.TorchMemoryToolConfig',
[36m(TaskRunnerV1 pid=3626258)[0m                                                                                'memory_snapshot_num_steps': 1,
[36m(TaskRunnerV1 pid=3626258)[0m                                                                                'stack_depth': 32,
[36m(TaskRunnerV1 pid=3626258)[0m                                                                                'trace_alloc_max_entries': 100000}}},
[36m(TaskRunnerV1 pid=3626258)[0m                                  'qat': {'activation_observer': 'static_minmax',
[36m(TaskRunnerV1 pid=3626258)[0m                                          'enable': False,
[36m(TaskRunnerV1 pid=3626258)[0m                                          'group_size': 16,
[36m(TaskRunnerV1 pid=3626258)[0m                                          'ignore_patterns': ['lm_head',
[36m(TaskRunnerV1 pid=3626258)[0m                                                              'embed_tokens',
[36m(TaskRunnerV1 pid=3626258)[0m                                                              're:.*mlp.gate$'],
[36m(TaskRunnerV1 pid=3626258)[0m                                          'mode': 'w4a16',
[36m(TaskRunnerV1 pid=3626258)[0m                                          'quantization_config_path': None},
[36m(TaskRunnerV1 pid=3626258)[0m                                  'rollout_n': 4,
[36m(TaskRunnerV1 pid=3626258)[0m                                  'shuffle': False,
[36m(TaskRunnerV1 pid=3626258)[0m                                  'strategy': 'megatron',
[36m(TaskRunnerV1 pid=3626258)[0m                                  'tau_neg': 1.05,
[36m(TaskRunnerV1 pid=3626258)[0m                                  'tau_pos': 1.0,
[36m(TaskRunnerV1 pid=3626258)[0m                                  'use_dynamic_bsz': False,
[36m(TaskRunnerV1 pid=3626258)[0m                                  'use_fused_kernels': False,
[36m(TaskRunnerV1 pid=3626258)[0m                                  'use_kl_loss': True,
[36m(TaskRunnerV1 pid=3626258)[0m                                  'use_prefix_grouper': False,
[36m(TaskRunnerV1 pid=3626258)[0m                                  'use_torch_compile': True},
[36m(TaskRunnerV1 pid=3626258)[0m                        'hybrid_engine': True,
[36m(TaskRunnerV1 pid=3626258)[0m                        'model': {'_target_': 'verl.workers.config.HFModelConfig',
[36m(TaskRunnerV1 pid=3626258)[0m                                  'custom_chat_template': None,
[36m(TaskRunnerV1 pid=3626258)[0m                                  'enable_activation_offload': False,
[36m(TaskRunnerV1 pid=3626258)[0m                                  'enable_gradient_checkpointing': True,
[36m(TaskRunnerV1 pid=3626258)[0m                                  'exclude_modules': None,
[36m(TaskRunnerV1 pid=3626258)[0m                                  'external_lib': None,
[36m(TaskRunnerV1 pid=3626258)[0m                                  'fused_kernel_options': {'impl_backend': 'torch'},
[36m(TaskRunnerV1 pid=3626258)[0m                                  'hf_config_path': None,
[36m(TaskRunnerV1 pid=3626258)[0m                                  'lora': {'a2a_experimental': False,
[36m(TaskRunnerV1 pid=3626258)[0m                                           'adapter_path': None,
[36m(TaskRunnerV1 pid=3626258)[0m                                           'alpha': 32,
[36m(TaskRunnerV1 pid=3626258)[0m                                           'dropout': 0.0,
[36m(TaskRunnerV1 pid=3626258)[0m                                           'dropout_position': 'pre',
[36m(TaskRunnerV1 pid=3626258)[0m                                           'dtype': None,
[36m(TaskRunnerV1 pid=3626258)[0m                                           'exclude_modules': [],
[36m(TaskRunnerV1 pid=3626258)[0m                                           'freeze_language_model': True,
[36m(TaskRunnerV1 pid=3626258)[0m                                           'freeze_vision_model': True,
[36m(TaskRunnerV1 pid=3626258)[0m                                           'freeze_vision_projection': True,
[36m(TaskRunnerV1 pid=3626258)[0m                                           'lora_A_init_method': 'xavier',
[36m(TaskRunnerV1 pid=3626258)[0m                                           'lora_B_init_method': 'zero',
[36m(TaskRunnerV1 pid=3626258)[0m                                           'merge': False,
[36m(TaskRunnerV1 pid=3626258)[0m                                           'rank': 0,
[36m(TaskRunnerV1 pid=3626258)[0m                                           'target_modules': ['linear_qkv',
[36m(TaskRunnerV1 pid=3626258)[0m                                                              'linear_proj',
[36m(TaskRunnerV1 pid=3626258)[0m                                                              'linear_fc1',
[36m(TaskRunnerV1 pid=3626258)[0m                                                              'linear_fc2'],
[36m(TaskRunnerV1 pid=3626258)[0m                                           'type': 'lora'},
[36m(TaskRunnerV1 pid=3626258)[0m                                  'lora_adapter_path': None,
[36m(TaskRunnerV1 pid=3626258)[0m                                  'lora_alpha': 16,
[36m(TaskRunnerV1 pid=3626258)[0m                                  'lora_rank': 0,
[36m(TaskRunnerV1 pid=3626258)[0m                                  'mtp': {'_target_': 'verl.workers.config.MtpConfig',
[36m(TaskRunnerV1 pid=3626258)[0m                                          'detach_encoder': False,
[36m(TaskRunnerV1 pid=3626258)[0m                                          'enable': False,
[36m(TaskRunnerV1 pid=3626258)[0m                                          'enable_rollout': False,
[36m(TaskRunnerV1 pid=3626258)[0m                                          'enable_train': False,
[36m(TaskRunnerV1 pid=3626258)[0m                                          'method': 'mtp',
[36m(TaskRunnerV1 pid=3626258)[0m                                          'mtp_loss_scaling_factor': 0.1,
[36m(TaskRunnerV1 pid=3626258)[0m                                          'num_speculative_tokens': 1,
[36m(TaskRunnerV1 pid=3626258)[0m                                          'speculative_algorithm': 'EAGLE',
[36m(TaskRunnerV1 pid=3626258)[0m                                          'speculative_eagle_topk': 1,
[36m(TaskRunnerV1 pid=3626258)[0m                                          'speculative_num_draft_tokens': 4,
[36m(TaskRunnerV1 pid=3626258)[0m                                          'speculative_num_steps': 3},
[36m(TaskRunnerV1 pid=3626258)[0m                                  'override_config': {},
[36m(TaskRunnerV1 pid=3626258)[0m                                  'path': '/home/p00938733/Qwen3-8B',
[36m(TaskRunnerV1 pid=3626258)[0m                                  'target_modules': 'all-linear',
[36m(TaskRunnerV1 pid=3626258)[0m                                  'tiled_mlp': {'enabled': False,
[36m(TaskRunnerV1 pid=3626258)[0m                                                'num_shards': 4},
[36m(TaskRunnerV1 pid=3626258)[0m                                  'tokenizer_path': None,
[36m(TaskRunnerV1 pid=3626258)[0m                                  'trust_remote_code': False,
[36m(TaskRunnerV1 pid=3626258)[0m                                  'use_fused_kernels': False,
[36m(TaskRunnerV1 pid=3626258)[0m                                  'use_liger': False,
[36m(TaskRunnerV1 pid=3626258)[0m                                  'use_remove_padding': True,
[36m(TaskRunnerV1 pid=3626258)[0m                                  'use_shm': False},
[36m(TaskRunnerV1 pid=3626258)[0m                        'nccl_timeout': 600,
[36m(TaskRunnerV1 pid=3626258)[0m                        'ref': {'_target_': 'verl.workers.config.McoreActorConfig',
[36m(TaskRunnerV1 pid=3626258)[0m                                'entropy_from_logits_chunk_size': 2048,
[36m(TaskRunnerV1 pid=3626258)[0m                                'entropy_from_logits_with_chunking': False,
[36m(TaskRunnerV1 pid=3626258)[0m                                'log_prob_max_token_len_per_gpu': 49152,
[36m(TaskRunnerV1 pid=3626258)[0m                                'log_prob_micro_batch_size': None,
[36m(TaskRunnerV1 pid=3626258)[0m                                'log_prob_micro_batch_size_per_gpu': 1,
[36m(TaskRunnerV1 pid=3626258)[0m                                'log_prob_use_dynamic_bsz': False,
[36m(TaskRunnerV1 pid=3626258)[0m                                'megatron': {'_target_': 'verl.workers.config.McoreEngineConfig',
[36m(TaskRunnerV1 pid=3626258)[0m                                             'context_parallel_size': 2,
[36m(TaskRunnerV1 pid=3626258)[0m                                             'dist_checkpointing_path': None,
[36m(TaskRunnerV1 pid=3626258)[0m                                             'dist_checkpointing_prefix': '',
[36m(TaskRunnerV1 pid=3626258)[0m                                             'dist_ckpt_optim_fully_reshardable': False,
[36m(TaskRunnerV1 pid=3626258)[0m                                             'distrib_optim_fully_reshardable_mem_efficient': False,
[36m(TaskRunnerV1 pid=3626258)[0m                                             'dtype': 'bfloat16',
[36m(TaskRunnerV1 pid=3626258)[0m                                             'dynamic_context_parallel': False,
[36m(TaskRunnerV1 pid=3626258)[0m                                             'entropy_from_logits_chunk_size': 2048,
[36m(TaskRunnerV1 pid=3626258)[0m                                             'entropy_from_logits_with_chunking': False,
[36m(TaskRunnerV1 pid=3626258)[0m                                             'expert_model_parallel_size': 1,
[36m(TaskRunnerV1 pid=3626258)[0m                                             'expert_tensor_parallel_size': None,
[36m(TaskRunnerV1 pid=3626258)[0m                                             'forward_only': True,
[36m(TaskRunnerV1 pid=3626258)[0m                                             'max_seqlen_per_dp_cp_rank': None,
[36m(TaskRunnerV1 pid=3626258)[0m                                             'optimizer_offload': False,
[36m(TaskRunnerV1 pid=3626258)[0m                                             'override_ddp_config': {},
[36m(TaskRunnerV1 pid=3626258)[0m                                             'override_mcore_model_config': {},
[36m(TaskRunnerV1 pid=3626258)[0m                                             'override_transformer_config': {'attention_backend': 'flash',
[36m(TaskRunnerV1 pid=3626258)[0m                                                                             'recompute_granularity': 'full',
[36m(TaskRunnerV1 pid=3626258)[0m                                                                             'recompute_method': 'uniform',
[36m(TaskRunnerV1 pid=3626258)[0m                                                                             'recompute_modules': ['core_attn'],
[36m(TaskRunnerV1 pid=3626258)[0m                                                                             'recompute_num_layers': 1},
[36m(TaskRunnerV1 pid=3626258)[0m                                             'pad_bshd_to_minibatch_max': True,
[36m(TaskRunnerV1 pid=3626258)[0m                                             'pad_to_length': False,
[36m(TaskRunnerV1 pid=3626258)[0m                                             'pad_to_length_bucket': 512,
[36m(TaskRunnerV1 pid=3626258)[0m                                             'param_offload': True,
[36m(TaskRunnerV1 pid=3626258)[0m                                             'pipeline_model_parallel_size': 2,
[36m(TaskRunnerV1 pid=3626258)[0m                                             'qat': {'_target_': 'verl.workers.config.QATEngineConfig',
[36m(TaskRunnerV1 pid=3626258)[0m                                                     'activation_observer': None,
[36m(TaskRunnerV1 pid=3626258)[0m                                                     'enable': False,
[36m(TaskRunnerV1 pid=3626258)[0m                                                     'group_size': 16,
[36m(TaskRunnerV1 pid=3626258)[0m                                                     'ignore_patterns': ['lm_head',
[36m(TaskRunnerV1 pid=3626258)[0m                                                                         '*mlp.gate'],
[36m(TaskRunnerV1 pid=3626258)[0m                                                     'mode': 'w4a16',
[36m(TaskRunnerV1 pid=3626258)[0m                                                     'quantization_config_path': None},
[36m(TaskRunnerV1 pid=3626258)[0m                                             'response_only_lm_head': True,
[36m(TaskRunnerV1 pid=3626258)[0m                                             'router_replay': {'_target_': 'verl.workers.config.EngineRouterReplayConfig',
[36m(TaskRunnerV1 pid=3626258)[0m                                                               'mode': 'disabled',
[36m(TaskRunnerV1 pid=3626258)[0m                                                               'record_file': None,
[36m(TaskRunnerV1 pid=3626258)[0m                                                               'replay_file': None},
[36m(TaskRunnerV1 pid=3626258)[0m                                             'seed': 42,
[36m(TaskRunnerV1 pid=3626258)[0m                                             'sequence_parallel': True,
[36m(TaskRunnerV1 pid=3626258)[0m                                             'tensor_model_parallel_size': 2,
[36m(TaskRunnerV1 pid=3626258)[0m                                             'use_dist_checkpointing': False,
[36m(TaskRunnerV1 pid=3626258)[0m                                             'use_distributed_optimizer': True,
[36m(TaskRunnerV1 pid=3626258)[0m                                             'use_mbridge': True,
[36m(TaskRunnerV1 pid=3626258)[0m                                             'use_megatron_fsdp': False,
[36m(TaskRunnerV1 pid=3626258)[0m                                             'use_remove_padding': True,
[36m(TaskRunnerV1 pid=3626258)[0m                                             'vanilla_mbridge': False,
[36m(TaskRunnerV1 pid=3626258)[0m                                             'virtual_pipeline_model_parallel_size': None},
[36m(TaskRunnerV1 pid=3626258)[0m                                'profiler': {'_target_': 'verl.utils.profiler.ProfilerConfig',
[36m(TaskRunnerV1 pid=3626258)[0m                                             'all_ranks': False,
[36m(TaskRunnerV1 pid=3626258)[0m                                             'enable': False,
[36m(TaskRunnerV1 pid=3626258)[0m                                             'finish_hook_all_ranks': False,
[36m(TaskRunnerV1 pid=3626258)[0m                                             'finish_hook_cmd': None,
[36m(TaskRunnerV1 pid=3626258)[0m                                             'finish_hook_ranks': [],
[36m(TaskRunnerV1 pid=3626258)[0m                                             'ranks': [],
[36m(TaskRunnerV1 pid=3626258)[0m                                             'relocate_results': False,
[36m(TaskRunnerV1 pid=3626258)[0m                                             'save_path': 'outputs/profile',
[36m(TaskRunnerV1 pid=3626258)[0m                                             'tool': None,
[36m(TaskRunnerV1 pid=3626258)[0m                                             'tool_config': {'npu': {'_target_': 'verl.utils.profiler.config.NPUToolConfig',
[36m(TaskRunnerV1 pid=3626258)[0m                                                                     'analysis': True,
[36m(TaskRunnerV1 pid=3626258)[0m                                                                     'contents': [],
[36m(TaskRunnerV1 pid=3626258)[0m                                                                     'discrete': False,
[36m(TaskRunnerV1 pid=3626258)[0m                                                                     'level': 'level0'},
[36m(TaskRunnerV1 pid=3626258)[0m                                                             'nsys': {'_target_': 'verl.utils.profiler.config.NsightToolConfig',
[36m(TaskRunnerV1 pid=3626258)[0m                                                                      'discrete': False},
[36m(TaskRunnerV1 pid=3626258)[0m                                                             'precision_debugger': {'_target_': 'verl.utils.profiler.config.PrecisionDebuggerToolConfig',
[36m(TaskRunnerV1 pid=3626258)[0m                                                                                    'config_path': None,
[36m(TaskRunnerV1 pid=3626258)[0m                                                                                    'stages': None,
[36m(TaskRunnerV1 pid=3626258)[0m                                                                                    'steps': None,
[36m(TaskRunnerV1 pid=3626258)[0m                                                                                    'strict': False},
[36m(TaskRunnerV1 pid=3626258)[0m                                                             'torch': {'_target_': 'verl.utils.profiler.config.TorchProfilerToolConfig',
[36m(TaskRunnerV1 pid=3626258)[0m                                                                       'contents': [],
[36m(TaskRunnerV1 pid=3626258)[0m                                                                       'discrete': False,
[36m(TaskRunnerV1 pid=3626258)[0m                                                                       'schedule': {'_target_': 'verl.utils.profiler.config.TorchProfilerScheduleConfig',
[36m(TaskRunnerV1 pid=3626258)[0m                                                                                    'active': 0,
[36m(TaskRunnerV1 pid=3626258)[0m                                                                                    'repeat': 0,
[36m(TaskRunnerV1 pid=3626258)[0m                                                                                    'skip_first': 0,
[36m(TaskRunnerV1 pid=3626258)[0m                                                                                    'wait': 0,
[36m(TaskRunnerV1 pid=3626258)[0m                                                                                    'warmup': 0}},
[36m(TaskRunnerV1 pid=3626258)[0m                                                             'torch_memory': {'_target_': 'verl.utils.profiler.config.TorchMemoryToolConfig',
[36m(TaskRunnerV1 pid=3626258)[0m                                                                              'memory_snapshot_num_steps': 1,
[36m(TaskRunnerV1 pid=3626258)[0m                                                                              'stack_depth': 32,
[36m(TaskRunnerV1 pid=3626258)[0m                                                                              'trace_alloc_max_entries': 100000}}},
[36m(TaskRunnerV1 pid=3626258)[0m                                'rollout_n': 4,
[36m(TaskRunnerV1 pid=3626258)[0m                                'strategy': 'megatron',
[36m(TaskRunnerV1 pid=3626258)[0m                                'use_torch_compile': True},
[36m(TaskRunnerV1 pid=3626258)[0m                        'rollout': {'_target_': 'verl.workers.config.RolloutConfig',
[36m(TaskRunnerV1 pid=3626258)[0m                                    'agent': {'_target_': 'verl.workers.config.AgentLoopConfig',
[36m(TaskRunnerV1 pid=3626258)[0m                                              'agent_loop_config_path': None,
[36m(TaskRunnerV1 pid=3626258)[0m                                              'custom_async_server': {'_target_': 'verl.workers.config.CustomAsyncServerConfig',
[36m(TaskRunnerV1 pid=3626258)[0m                                                                      'name': None,
[36m(TaskRunnerV1 pid=3626258)[0m                                                                      'path': None},
[36m(TaskRunnerV1 pid=3626258)[0m                                              'default_agent_loop': 'single_turn_agent',
[36m(TaskRunnerV1 pid=3626258)[0m                                              'num_workers': 8},
[36m(TaskRunnerV1 pid=3626258)[0m                                    'calculate_log_probs': True,
[36m(TaskRunnerV1 pid=3626258)[0m                                    'checkpoint_engine': {'_target_': 'verl.workers.config.CheckpointEngineConfig',
[36m(TaskRunnerV1 pid=3626258)[0m                                                          'backend': 'naive',
[36m(TaskRunnerV1 pid=3626258)[0m                                                          'custom_backend_module': None,
[36m(TaskRunnerV1 pid=3626258)[0m                                                          'engine_kwargs': {},
[36m(TaskRunnerV1 pid=3626258)[0m                                                          'update_weights_bucket_megabytes': 2048},
[36m(TaskRunnerV1 pid=3626258)[0m                                    'cudagraph_capture_sizes': None,
[36m(TaskRunnerV1 pid=3626258)[0m                                    'data_parallel_size': 1,
[36m(TaskRunnerV1 pid=3626258)[0m                                    'disable_log_stats': True,
[36m(TaskRunnerV1 pid=3626258)[0m                                    'disaggregation': {'bootstrap_port': None,
[36m(TaskRunnerV1 pid=3626258)[0m                                                       'decode_replicas': 1,
[36m(TaskRunnerV1 pid=3626258)[0m                                                       'decode_tensor_model_parallel_size': None,
[36m(TaskRunnerV1 pid=3626258)[0m                                                       'enabled': False,
[36m(TaskRunnerV1 pid=3626258)[0m                                                       'ib_device': None,
[36m(TaskRunnerV1 pid=3626258)[0m                                                       'prefill_replicas': 1,
[36m(TaskRunnerV1 pid=3626258)[0m                                                       'transfer_backend': 'nixl'},
[36m(TaskRunnerV1 pid=3626258)[0m                                    'do_sample': True,
[36m(TaskRunnerV1 pid=3626258)[0m                                    'dtype': 'bfloat16',
[36m(TaskRunnerV1 pid=3626258)[0m                                    'enable_chunked_prefill': True,
[36m(TaskRunnerV1 pid=3626258)[0m                                    'enable_prefix_caching': True,
[36m(TaskRunnerV1 pid=3626258)[0m                                    'enable_rollout_routing_replay': False,
[36m(TaskRunnerV1 pid=3626258)[0m                                    'enforce_eager': False,
[36m(TaskRunnerV1 pid=3626258)[0m                                    'engine_kwargs': {'sglang': {},
[36m(TaskRunnerV1 pid=3626258)[0m                                                      'trtllm': {},
[36m(TaskRunnerV1 pid=3626258)[0m                                                      'vllm': {}},
[36m(TaskRunnerV1 pid=3626258)[0m                                    'expert_parallel_size': 1,
[36m(TaskRunnerV1 pid=3626258)[0m                                    'free_cache_engine': True,
[36m(TaskRunnerV1 pid=3626258)[0m                                    'full_determinism': False,
[36m(TaskRunnerV1 pid=3626258)[0m                                    'gpu_memory_utilization': 0.5,
[36m(TaskRunnerV1 pid=3626258)[0m                                    'ignore_eos': True,
[36m(TaskRunnerV1 pid=3626258)[0m                                    'layered_summon': False,
[36m(TaskRunnerV1 pid=3626258)[0m                                    'load_format': 'dummy',
[36m(TaskRunnerV1 pid=3626258)[0m                                    'log_prob_max_token_len_per_gpu': 49152,
[36m(TaskRunnerV1 pid=3626258)[0m                                    'log_prob_micro_batch_size': None,
[36m(TaskRunnerV1 pid=3626258)[0m                                    'log_prob_micro_batch_size_per_gpu': 1,
[36m(TaskRunnerV1 pid=3626258)[0m                                    'log_prob_use_dynamic_bsz': False,
[36m(TaskRunnerV1 pid=3626258)[0m                                    'logprobs_mode': 'processed_logprobs',
[36m(TaskRunnerV1 pid=3626258)[0m                                    'max_model_len': 20736,
[36m(TaskRunnerV1 pid=3626258)[0m                                    'max_num_batched_tokens': 65536,
[36m(TaskRunnerV1 pid=3626258)[0m                                    'max_num_seqs': 256,
[36m(TaskRunnerV1 pid=3626258)[0m                                    'mode': 'async',
[36m(TaskRunnerV1 pid=3626258)[0m                                    'moe_load_balance_metrics_interval': 0,
[36m(TaskRunnerV1 pid=3626258)[0m                                    'mtp': {'_target_': 'verl.workers.config.MtpConfig',
[36m(TaskRunnerV1 pid=3626258)[0m                                            'detach_encoder': False,
[36m(TaskRunnerV1 pid=3626258)[0m                                            'enable': False,
[36m(TaskRunnerV1 pid=3626258)[0m                                            'enable_rollout': False,
[36m(TaskRunnerV1 pid=3626258)[0m                                            'enable_train': False,
[36m(TaskRunnerV1 pid=3626258)[0m                                            'method': 'mtp',
[36m(TaskRunnerV1 pid=3626258)[0m                                            'mtp_loss_scaling_factor': 0.1,
[36m(TaskRunnerV1 pid=3626258)[0m                                            'num_speculative_tokens': 1,
[36m(TaskRunnerV1 pid=3626258)[0m                                            'speculative_algorithm': 'EAGLE',
[36m(TaskRunnerV1 pid=3626258)[0m                                            'speculative_eagle_topk': 1,
[36m(TaskRunnerV1 pid=3626258)[0m                                            'speculative_num_draft_tokens': 4,
[36m(TaskRunnerV1 pid=3626258)[0m                                            'speculative_num_steps': 3},
[36m(TaskRunnerV1 pid=3626258)[0m                                    'multi_stage_wake_up': False,
[36m(TaskRunnerV1 pid=3626258)[0m                                    'multi_turn': {'_target_': 'verl.workers.config.MultiTurnConfig',
[36m(TaskRunnerV1 pid=3626258)[0m                                                   'enable': False,
[36m(TaskRunnerV1 pid=3626258)[0m                                                   'format': 'hermes',
[36m(TaskRunnerV1 pid=3626258)[0m                                                   'function_tool_path': None,
[36m(TaskRunnerV1 pid=3626258)[0m                                                   'max_assistant_turns': None,
[36m(TaskRunnerV1 pid=3626258)[0m                                                   'max_parallel_calls': 1,
[36m(TaskRunnerV1 pid=3626258)[0m                                                   'max_tool_response_length': 256,
[36m(TaskRunnerV1 pid=3626258)[0m                                                   'max_user_turns': None,
[36m(TaskRunnerV1 pid=3626258)[0m                                                   'num_repeat_rollouts': None,
[36m(TaskRunnerV1 pid=3626258)[0m                                                   'tokenization_sanity_check_mode': 'strict',
[36m(TaskRunnerV1 pid=3626258)[0m                                                   'tool_config_path': None,
[36m(TaskRunnerV1 pid=3626258)[0m                                                   'tool_response_truncate_side': 'middle',
[36m(TaskRunnerV1 pid=3626258)[0m                                                   'use_inference_chat_template': False},
[36m(TaskRunnerV1 pid=3626258)[0m                                    'n': 4,
[36m(TaskRunnerV1 pid=3626258)[0m                                    'n_gpus_per_node': 8,
[36m(TaskRunnerV1 pid=3626258)[0m                                    'name': 'vllm',
[36m(TaskRunnerV1 pid=3626258)[0m                                    'nnodes': 0,
[36m(TaskRunnerV1 pid=3626258)[0m                                    'over_sample_rate': 0,
[36m(TaskRunnerV1 pid=3626258)[0m                                    'pipeline_model_parallel_size': 1,
[36m(TaskRunnerV1 pid=3626258)[0m                                    'profiler': {'_target_': 'verl.utils.profiler.ProfilerConfig',
[36m(TaskRunnerV1 pid=3626258)[0m                                                 'all_ranks': False,
[36m(TaskRunnerV1 pid=3626258)[0m                                                 'enable': False,
[36m(TaskRunnerV1 pid=3626258)[0m                                                 'finish_hook_all_ranks': False,
[36m(TaskRunnerV1 pid=3626258)[0m                                                 'finish_hook_cmd': None,
[36m(TaskRunnerV1 pid=3626258)[0m                                                 'finish_hook_ranks': [],
[36m(TaskRunnerV1 pid=3626258)[0m                                                 'ranks': [],
[36m(TaskRunnerV1 pid=3626258)[0m                                                 'relocate_results': False,
[36m(TaskRunnerV1 pid=3626258)[0m                                                 'save_path': 'outputs/profile',
[36m(TaskRunnerV1 pid=3626258)[0m                                                 'tool': None,
[36m(TaskRunnerV1 pid=3626258)[0m                                                 'tool_config': {'npu': {'_target_': 'verl.utils.profiler.config.NPUToolConfig',
[36m(TaskRunnerV1 pid=3626258)[0m                                                                         'analysis': True,
[36m(TaskRunnerV1 pid=3626258)[0m                                                                         'contents': [],
[36m(TaskRunnerV1 pid=3626258)[0m                                                                         'discrete': False,
[36m(TaskRunnerV1 pid=3626258)[0m                                                                         'level': 'level0',
[36m(TaskRunnerV1 pid=3626258)[0m                                                                         'profile_token_end': None,
[36m(TaskRunnerV1 pid=3626258)[0m                                                                         'profile_token_start': None},
[36m(TaskRunnerV1 pid=3626258)[0m                                                                 'precision_debugger': {'_target_': 'verl.utils.profiler.config.PrecisionDebuggerToolConfig',
[36m(TaskRunnerV1 pid=3626258)[0m                                                                                        'config_path': None,
[36m(TaskRunnerV1 pid=3626258)[0m                                                                                        'stages': None,
[36m(TaskRunnerV1 pid=3626258)[0m                                                                                        'steps': None,
[36m(TaskRunnerV1 pid=3626258)[0m                                                                                        'strict': False},
[36m(TaskRunnerV1 pid=3626258)[0m                                                                 'torch': {'_target_': 'verl.utils.profiler.config.TorchProfilerToolConfig',
[36m(TaskRunnerV1 pid=3626258)[0m                                                                           'contents': [],
[36m(TaskRunnerV1 pid=3626258)[0m                                                                           'discrete': False,
[36m(TaskRunnerV1 pid=3626258)[0m                                                                           'profile_token_end': None,
[36m(TaskRunnerV1 pid=3626258)[0m                                                                           'profile_token_start': None}}},
[36m(TaskRunnerV1 pid=3626258)[0m                                    'prometheus': {'_target_': 'verl.workers.config.PrometheusConfig',
[36m(TaskRunnerV1 pid=3626258)[0m                                                   'enable': False,
[36m(TaskRunnerV1 pid=3626258)[0m                                                   'file': '/tmp/ray/session_latest/metrics/prometheus/prometheus.yml',
[36m(TaskRunnerV1 pid=3626258)[0m                                                   'port': 9090,
[36m(TaskRunnerV1 pid=3626258)[0m                                                   'served_model_name': '/home/p00938733/Qwen3-8B'},
[36m(TaskRunnerV1 pid=3626258)[0m                                    'prompt_length': 16640,
[36m(TaskRunnerV1 pid=3626258)[0m                                    'qat': {'_target_': 'verl.workers.config.QATEngineConfig',
[36m(TaskRunnerV1 pid=3626258)[0m                                            'activation_observer': None,
[36m(TaskRunnerV1 pid=3626258)[0m                                            'enable': False,
[36m(TaskRunnerV1 pid=3626258)[0m                                            'group_size': 16,
[36m(TaskRunnerV1 pid=3626258)[0m                                            'ignore_patterns': ['lm_head',
[36m(TaskRunnerV1 pid=3626258)[0m                                                                '*mlp.gate'],
[36m(TaskRunnerV1 pid=3626258)[0m                                            'mode': 'w4a16',
[36m(TaskRunnerV1 pid=3626258)[0m                                            'quantization_config_path': None},
[36m(TaskRunnerV1 pid=3626258)[0m                                    'quantization': None,
[36m(TaskRunnerV1 pid=3626258)[0m                                    'quantization_config_file': None,
[36m(TaskRunnerV1 pid=3626258)[0m                                    'response_length': 4096,
[36m(TaskRunnerV1 pid=3626258)[0m                                    'router_config_path': None,
[36m(TaskRunnerV1 pid=3626258)[0m                                    'scheduling_policy': 'fcfs',
[36m(TaskRunnerV1 pid=3626258)[0m                                    'seed': 42,
[36m(TaskRunnerV1 pid=3626258)[0m                                    'skip_tokenizer_init': True,
[36m(TaskRunnerV1 pid=3626258)[0m                                    'temperature': 1.0,
[36m(TaskRunnerV1 pid=3626258)[0m                                    'tensor_model_parallel_size': 4,
[36m(TaskRunnerV1 pid=3626258)[0m                                    'top_k': -1,
[36m(TaskRunnerV1 pid=3626258)[0m                                    'top_p': 0.95,
[36m(TaskRunnerV1 pid=3626258)[0m                                    'trace': {'_target_': 'verl.workers.config.TraceConfig',
[36m(TaskRunnerV1 pid=3626258)[0m                                              'backend': None,
[36m(TaskRunnerV1 pid=3626258)[0m                                              'experiment_name': 'rlmh_combinations_a100',
[36m(TaskRunnerV1 pid=3626258)[0m                                              'max_samples_per_step_per_worker': None,
[36m(TaskRunnerV1 pid=3626258)[0m                                              'project_name': 'rlmh_combinations_a100',
[36m(TaskRunnerV1 pid=3626258)[0m                                              'token2text': False},
[36m(TaskRunnerV1 pid=3626258)[0m                                    'val_kwargs': {'_target_': 'verl.workers.config.SamplingConfig',
[36m(TaskRunnerV1 pid=3626258)[0m                                                   'do_sample': False,
[36m(TaskRunnerV1 pid=3626258)[0m                                                   'n': 1,
[36m(TaskRunnerV1 pid=3626258)[0m                                                   'temperature': 0,
[36m(TaskRunnerV1 pid=3626258)[0m                                                   'top_k': -1,
[36m(TaskRunnerV1 pid=3626258)[0m                                                   'top_p': 1.0}}},
[36m(TaskRunnerV1 pid=3626258)[0m  'algorithm': {'_target_': 'verl.trainer.config.AlgoConfig',
[36m(TaskRunnerV1 pid=3626258)[0m                'adv_estimator': 'grpo',
[36m(TaskRunnerV1 pid=3626258)[0m                'filter_groups': {'_target_': 'verl.trainer.config.FilterGroupsConfig',
[36m(TaskRunnerV1 pid=3626258)[0m                                  'enable': False,
[36m(TaskRunnerV1 pid=3626258)[0m                                  'max_inflight_gen_batches': 1,
[36m(TaskRunnerV1 pid=3626258)[0m                                  'max_num_gen_batches': 0,
[36m(TaskRunnerV1 pid=3626258)[0m                                  'metric': 'reward'},
[36m(TaskRunnerV1 pid=3626258)[0m                'gamma': 1.0,
[36m(TaskRunnerV1 pid=3626258)[0m                'kl_ctrl': {'_target_': 'verl.trainer.config.KLControlConfig',
[36m(TaskRunnerV1 pid=3626258)[0m                            'horizon': 10000,
[36m(TaskRunnerV1 pid=3626258)[0m                            'kl_coef': 0.001,
[36m(TaskRunnerV1 pid=3626258)[0m                            'target_kl': 0.1,
[36m(TaskRunnerV1 pid=3626258)[0m                            'type': 'fixed'},
[36m(TaskRunnerV1 pid=3626258)[0m                'kl_penalty': 'kl',
[36m(TaskRunnerV1 pid=3626258)[0m                'lam': 1.0,
[36m(TaskRunnerV1 pid=3626258)[0m                'norm_adv_by_std_in_grpo': True,
[36m(TaskRunnerV1 pid=3626258)[0m                'pf_ppo': {'reweight_method': 'pow', 'weight_pow': 2.0},
[36m(TaskRunnerV1 pid=3626258)[0m                'rollout_correction': {'bypass_mode': False,
[36m(TaskRunnerV1 pid=3626258)[0m                                       'loss_type': 'ppo_clip',
[36m(TaskRunnerV1 pid=3626258)[0m                                       'rollout_is': None,
[36m(TaskRunnerV1 pid=3626258)[0m                                       'rollout_is_batch_normalize': False,
[36m(TaskRunnerV1 pid=3626258)[0m                                       'rollout_is_threshold': 2.0,
[36m(TaskRunnerV1 pid=3626258)[0m                                       'rollout_rs': None,
[36m(TaskRunnerV1 pid=3626258)[0m                                       'rollout_rs_threshold': None},
[36m(TaskRunnerV1 pid=3626258)[0m                'use_kl_in_reward': False,
[36m(TaskRunnerV1 pid=3626258)[0m                'use_pf_ppo': False},
[36m(TaskRunnerV1 pid=3626258)[0m  'critic': {'_target_': 'verl.workers.config.McoreCriticConfig',
[36m(TaskRunnerV1 pid=3626258)[0m             'checkpoint': {'_target_': 'verl.workers.config.McoreCheckpointConfig',
[36m(TaskRunnerV1 pid=3626258)[0m                            'async_save': False,
[36m(TaskRunnerV1 pid=3626258)[0m                            'load_contents': ['model', 'optimizer', 'extra'],
[36m(TaskRunnerV1 pid=3626258)[0m                            'mbridge_config': {},
[36m(TaskRunnerV1 pid=3626258)[0m                            'save_contents': ['model', 'optimizer', 'extra']},
[36m(TaskRunnerV1 pid=3626258)[0m             'cliprange_value': 0.5,
[36m(TaskRunnerV1 pid=3626258)[0m             'data_loader_seed': 42,
[36m(TaskRunnerV1 pid=3626258)[0m             'enable': None,
[36m(TaskRunnerV1 pid=3626258)[0m             'forward_max_token_len_per_gpu': 32768,
[36m(TaskRunnerV1 pid=3626258)[0m             'loss_agg_mode': 'token-mean',
[36m(TaskRunnerV1 pid=3626258)[0m             'loss_scale_factor': None,
[36m(TaskRunnerV1 pid=3626258)[0m             'megatron': {'_target_': 'verl.workers.config.McoreEngineConfig',
[36m(TaskRunnerV1 pid=3626258)[0m                          'context_parallel_size': 1,
[36m(TaskRunnerV1 pid=3626258)[0m                          'dist_checkpointing_path': None,
[36m(TaskRunnerV1 pid=3626258)[0m                          'dist_checkpointing_prefix': '',
[36m(TaskRunnerV1 pid=3626258)[0m                          'dist_ckpt_optim_fully_reshardable': False,
[36m(TaskRunnerV1 pid=3626258)[0m                          'distrib_optim_fully_reshardable_mem_efficient': False,
[36m(TaskRunnerV1 pid=3626258)[0m                          'dtype': 'bfloat16',
[36m(TaskRunnerV1 pid=3626258)[0m                          'dynamic_context_parallel': False,
[36m(TaskRunnerV1 pid=3626258)[0m                          'entropy_from_logits_chunk_size': 2048,
[36m(TaskRunnerV1 pid=3626258)[0m                          'entropy_from_logits_with_chunking': False,
[36m(TaskRunnerV1 pid=3626258)[0m                          'expert_model_parallel_size': 1,
[36m(TaskRunnerV1 pid=3626258)[0m                          'expert_tensor_parallel_size': None,
[36m(TaskRunnerV1 pid=3626258)[0m                          'forward_only': False,
[36m(TaskRunnerV1 pid=3626258)[0m                          'max_seqlen_per_dp_cp_rank': None,
[36m(TaskRunnerV1 pid=3626258)[0m                          'optimizer_offload': False,
[36m(TaskRunnerV1 pid=3626258)[0m                          'override_ddp_config': {},
[36m(TaskRunnerV1 pid=3626258)[0m                          'override_mcore_model_config': {},
[36m(TaskRunnerV1 pid=3626258)[0m                          'override_transformer_config': {'attention_backend': 'flash',
[36m(TaskRunnerV1 pid=3626258)[0m                                                          'recompute_granularity': None,
[36m(TaskRunnerV1 pid=3626258)[0m                                                          'recompute_method': None,
[36m(TaskRunnerV1 pid=3626258)[0m                                                          'recompute_modules': ['core_attn'],
[36m(TaskRunnerV1 pid=3626258)[0m                                                          'recompute_num_layers': None},
[36m(TaskRunnerV1 pid=3626258)[0m                          'pad_bshd_to_minibatch_max': True,
[36m(TaskRunnerV1 pid=3626258)[0m                          'pad_to_length': False,
[36m(TaskRunnerV1 pid=3626258)[0m                          'pad_to_length_bucket': 512,
[36m(TaskRunnerV1 pid=3626258)[0m                          'param_offload': False,
[36m(TaskRunnerV1 pid=3626258)[0m                          'pipeline_model_parallel_size': 1,
[36m(TaskRunnerV1 pid=3626258)[0m                          'qat': {'_target_': 'verl.workers.config.QATEngineConfig',
[36m(TaskRunnerV1 pid=3626258)[0m                                  'activation_observer': None,
[36m(TaskRunnerV1 pid=3626258)[0m                                  'enable': False,
[36m(TaskRunnerV1 pid=3626258)[0m                                  'group_size': 16,
[36m(TaskRunnerV1 pid=3626258)[0m                                  'ignore_patterns': ['lm_head', '*mlp.gate'],
[36m(TaskRunnerV1 pid=3626258)[0m                                  'mode': 'w4a16',
[36m(TaskRunnerV1 pid=3626258)[0m                                  'quantization_config_path': None},
[36m(TaskRunnerV1 pid=3626258)[0m                          'response_only_lm_head': False,
[36m(TaskRunnerV1 pid=3626258)[0m                          'router_replay': {'_target_': 'verl.workers.config.EngineRouterReplayConfig',
[36m(TaskRunnerV1 pid=3626258)[0m                                            'mode': 'disabled',
[36m(TaskRunnerV1 pid=3626258)[0m                                            'record_file': None,
[36m(TaskRunnerV1 pid=3626258)[0m                                            'replay_file': None},
[36m(TaskRunnerV1 pid=3626258)[0m                          'seed': 42,
[36m(TaskRunnerV1 pid=3626258)[0m                          'sequence_parallel': True,
[36m(TaskRunnerV1 pid=3626258)[0m                          'tensor_model_parallel_size': 1,
[36m(TaskRunnerV1 pid=3626258)[0m                          'use_dist_checkpointing': False,
[36m(TaskRunnerV1 pid=3626258)[0m                          'use_distributed_optimizer': True,
[36m(TaskRunnerV1 pid=3626258)[0m                          'use_mbridge': True,
[36m(TaskRunnerV1 pid=3626258)[0m                          'use_megatron_fsdp': False,
[36m(TaskRunnerV1 pid=3626258)[0m                          'use_remove_padding': True,
[36m(TaskRunnerV1 pid=3626258)[0m                          'vanilla_mbridge': False,
[36m(TaskRunnerV1 pid=3626258)[0m                          'virtual_pipeline_model_parallel_size': None},
[36m(TaskRunnerV1 pid=3626258)[0m             'model': {'_target_': 'verl.workers.config.HFModelConfig',
[36m(TaskRunnerV1 pid=3626258)[0m                       'custom_chat_template': None,
[36m(TaskRunnerV1 pid=3626258)[0m                       'enable_activation_offload': False,
[36m(TaskRunnerV1 pid=3626258)[0m                       'enable_gradient_checkpointing': True,
[36m(TaskRunnerV1 pid=3626258)[0m                       'exclude_modules': None,
[36m(TaskRunnerV1 pid=3626258)[0m                       'external_lib': None,
[36m(TaskRunnerV1 pid=3626258)[0m                       'fused_kernel_options': {'impl_backend': 'torch'},
[36m(TaskRunnerV1 pid=3626258)[0m                       'hf_config_path': None,
[36m(TaskRunnerV1 pid=3626258)[0m                       'lora': {'a2a_experimental': False,
[36m(TaskRunnerV1 pid=3626258)[0m                                'adapter_path': None,
[36m(TaskRunnerV1 pid=3626258)[0m                                'alpha': 32,
[36m(TaskRunnerV1 pid=3626258)[0m                                'dropout': 0.0,
[36m(TaskRunnerV1 pid=3626258)[0m                                'dropout_position': 'pre',
[36m(TaskRunnerV1 pid=3626258)[0m                                'dtype': None,
[36m(TaskRunnerV1 pid=3626258)[0m                                'exclude_modules': [],
[36m(TaskRunnerV1 pid=3626258)[0m                                'freeze_language_model': True,
[36m(TaskRunnerV1 pid=3626258)[0m                                'freeze_vision_model': True,
[36m(TaskRunnerV1 pid=3626258)[0m                                'freeze_vision_projection': True,
[36m(TaskRunnerV1 pid=3626258)[0m                                'lora_A_init_method': 'xavier',
[36m(TaskRunnerV1 pid=3626258)[0m                                'lora_B_init_method': 'zero',
[36m(TaskRunnerV1 pid=3626258)[0m                                'merge': False,
[36m(TaskRunnerV1 pid=3626258)[0m                                'rank': 0,
[36m(TaskRunnerV1 pid=3626258)[0m                                'target_modules': ['linear_qkv',
[36m(TaskRunnerV1 pid=3626258)[0m                                                   'linear_proj',
[36m(TaskRunnerV1 pid=3626258)[0m                                                   'linear_fc1',
[36m(TaskRunnerV1 pid=3626258)[0m                                                   'linear_fc2'],
[36m(TaskRunnerV1 pid=3626258)[0m                                'type': 'lora'},
[36m(TaskRunnerV1 pid=3626258)[0m                       'lora_adapter_path': None,
[36m(TaskRunnerV1 pid=3626258)[0m                       'lora_alpha': 16,
[36m(TaskRunnerV1 pid=3626258)[0m                       'lora_rank': 0,
[36m(TaskRunnerV1 pid=3626258)[0m                       'mtp': {'_target_': 'verl.workers.config.MtpConfig',
[36m(TaskRunnerV1 pid=3626258)[0m                               'detach_encoder': False,
[36m(TaskRunnerV1 pid=3626258)[0m                               'enable': False,
[36m(TaskRunnerV1 pid=3626258)[0m                               'enable_rollout': False,
[36m(TaskRunnerV1 pid=3626258)[0m                               'enable_train': False,
[36m(TaskRunnerV1 pid=3626258)[0m                               'method': 'mtp',
[36m(TaskRunnerV1 pid=3626258)[0m                               'mtp_loss_scaling_factor': 0.1,
[36m(TaskRunnerV1 pid=3626258)[0m                               'num_speculative_tokens': 1,
[36m(TaskRunnerV1 pid=3626258)[0m                               'speculative_algorithm': 'EAGLE',
[36m(TaskRunnerV1 pid=3626258)[0m                               'speculative_eagle_topk': 1,
[36m(TaskRunnerV1 pid=3626258)[0m                               'speculative_num_draft_tokens': 4,
[36m(TaskRunnerV1 pid=3626258)[0m                               'speculative_num_steps': 3},
[36m(TaskRunnerV1 pid=3626258)[0m                       'override_config': {},
[36m(TaskRunnerV1 pid=3626258)[0m                       'path': '~/models/deepseek-llm-7b-chat',
[36m(TaskRunnerV1 pid=3626258)[0m                       'target_modules': 'all-linear',
[36m(TaskRunnerV1 pid=3626258)[0m                       'tiled_mlp': {'enabled': False, 'num_shards': 4},
[36m(TaskRunnerV1 pid=3626258)[0m                       'tokenizer_path': None,
[36m(TaskRunnerV1 pid=3626258)[0m                       'trust_remote_code': False,
[36m(TaskRunnerV1 pid=3626258)[0m                       'use_fused_kernels': False,
[36m(TaskRunnerV1 pid=3626258)[0m                       'use_liger': False,
[36m(TaskRunnerV1 pid=3626258)[0m                       'use_remove_padding': True,
[36m(TaskRunnerV1 pid=3626258)[0m                       'use_shm': False},
[36m(TaskRunnerV1 pid=3626258)[0m             'nccl_timeout': 600,
[36m(TaskRunnerV1 pid=3626258)[0m             'optim': {'_target_': 'verl.workers.config.McoreOptimizerConfig',
[36m(TaskRunnerV1 pid=3626258)[0m                       'betas': [0.9, 0.999],
[36m(TaskRunnerV1 pid=3626258)[0m                       'clip_grad': 1.0,
[36m(TaskRunnerV1 pid=3626258)[0m                       'exp_avg_dtype': 'fp32',
[36m(TaskRunnerV1 pid=3626258)[0m                       'exp_avg_sq_dtype': 'fp32',
[36m(TaskRunnerV1 pid=3626258)[0m                       'lr': 1e-05,
[36m(TaskRunnerV1 pid=3626258)[0m                       'lr_decay_steps': None,
[36m(TaskRunnerV1 pid=3626258)[0m                       'lr_decay_style': 'constant',
[36m(TaskRunnerV1 pid=3626258)[0m                       'lr_warmup_init': 0.0,
[36m(TaskRunnerV1 pid=3626258)[0m                       'lr_warmup_steps': -1,
[36m(TaskRunnerV1 pid=3626258)[0m                       'lr_warmup_steps_ratio': 0.0,
[36m(TaskRunnerV1 pid=3626258)[0m                       'lr_wsd_decay_steps': None,
[36m(TaskRunnerV1 pid=3626258)[0m                       'lr_wsd_decay_style': 'exponential',
[36m(TaskRunnerV1 pid=3626258)[0m                       'main_grads_dtype': 'fp32',
[36m(TaskRunnerV1 pid=3626258)[0m                       'min_lr': 0.0,
[36m(TaskRunnerV1 pid=3626258)[0m                       'muon_coefficient_type': 'quintic',
[36m(TaskRunnerV1 pid=3626258)[0m                       'muon_extra_scale_factor': 1.0,
[36m(TaskRunnerV1 pid=3626258)[0m                       'muon_fp32_matmul_prec': 'medium',
[36m(TaskRunnerV1 pid=3626258)[0m                       'muon_match_adamw_update_rms': False,
[36m(TaskRunnerV1 pid=3626258)[0m                       'muon_momentum': 0.95,
[36m(TaskRunnerV1 pid=3626258)[0m                       'muon_nesterov': False,
[36m(TaskRunnerV1 pid=3626258)[0m                       'muon_num_ns_steps': 5,
[36m(TaskRunnerV1 pid=3626258)[0m                       'muon_scalar_optimizer': 'adam',
[36m(TaskRunnerV1 pid=3626258)[0m                       'muon_scale_mode': 'spectral',
[36m(TaskRunnerV1 pid=3626258)[0m                       'muon_split_qkv': True,
[36m(TaskRunnerV1 pid=3626258)[0m                       'muon_tp_mode': 'blockwise',
[36m(TaskRunnerV1 pid=3626258)[0m                       'optimizer': 'adam',
[36m(TaskRunnerV1 pid=3626258)[0m                       'override_optimizer_config': {},
[36m(TaskRunnerV1 pid=3626258)[0m                       'total_training_steps': -1,
[36m(TaskRunnerV1 pid=3626258)[0m                       'use_checkpoint_opt_param_scheduler': False,
[36m(TaskRunnerV1 pid=3626258)[0m                       'use_layer_wise_distributed_optimizer': False,
[36m(TaskRunnerV1 pid=3626258)[0m                       'use_precision_aware_optimizer': False,
[36m(TaskRunnerV1 pid=3626258)[0m                       'weight_decay': 0.01,
[36m(TaskRunnerV1 pid=3626258)[0m                       'weight_decay_incr_style': 'constant'},
[36m(TaskRunnerV1 pid=3626258)[0m             'ppo_epochs': 1,
[36m(TaskRunnerV1 pid=3626258)[0m             'ppo_max_token_len_per_gpu': 32768,
[36m(TaskRunnerV1 pid=3626258)[0m             'ppo_micro_batch_size': None,
[36m(TaskRunnerV1 pid=3626258)[0m             'ppo_micro_batch_size_per_gpu': None,
[36m(TaskRunnerV1 pid=3626258)[0m             'ppo_mini_batch_size': 1,
[36m(TaskRunnerV1 pid=3626258)[0m             'profiler': {'_target_': 'verl.utils.profiler.ProfilerConfig',
[36m(TaskRunnerV1 pid=3626258)[0m                          'all_ranks': False,
[36m(TaskRunnerV1 pid=3626258)[0m                          'enable': False,
[36m(TaskRunnerV1 pid=3626258)[0m                          'finish_hook_all_ranks': False,
[36m(TaskRunnerV1 pid=3626258)[0m                          'finish_hook_cmd': None,
[36m(TaskRunnerV1 pid=3626258)[0m                          'finish_hook_ranks': [],
[36m(TaskRunnerV1 pid=3626258)[0m                          'ranks': [],
[36m(TaskRunnerV1 pid=3626258)[0m                          'relocate_results': False,
[36m(TaskRunnerV1 pid=3626258)[0m                          'save_path': 'outputs/profile',
[36m(TaskRunnerV1 pid=3626258)[0m                          'tool': None,
[36m(TaskRunnerV1 pid=3626258)[0m                          'tool_config': {'npu': {'_target_': 'verl.utils.profiler.config.NPUToolConfig',
[36m(TaskRunnerV1 pid=3626258)[0m                                                  'analysis': True,
[36m(TaskRunnerV1 pid=3626258)[0m                                                  'contents': [],
[36m(TaskRunnerV1 pid=3626258)[0m                                                  'discrete': False,
[36m(TaskRunnerV1 pid=3626258)[0m                                                  'level': 'level0'},
[36m(TaskRunnerV1 pid=3626258)[0m                                          'nsys': {'_target_': 'verl.utils.profiler.config.NsightToolConfig',
[36m(TaskRunnerV1 pid=3626258)[0m                                                   'discrete': False},
[36m(TaskRunnerV1 pid=3626258)[0m                                          'precision_debugger': {'_target_': 'verl.utils.profiler.config.PrecisionDebuggerToolConfig',
[36m(TaskRunnerV1 pid=3626258)[0m                                                                 'config_path': None,
[36m(TaskRunnerV1 pid=3626258)[0m                                                                 'stages': None,
[36m(TaskRunnerV1 pid=3626258)[0m                                                                 'steps': None,
[36m(TaskRunnerV1 pid=3626258)[0m                                                                 'strict': False},
[36m(TaskRunnerV1 pid=3626258)[0m                                          'torch': {'_target_': 'verl.utils.profiler.config.TorchProfilerToolConfig',
[36m(TaskRunnerV1 pid=3626258)[0m                                                    'contents': [],
[36m(TaskRunnerV1 pid=3626258)[0m                                                    'discrete': False,
[36m(TaskRunnerV1 pid=3626258)[0m                                                    'schedule': {'_target_': 'verl.utils.profiler.config.TorchProfilerScheduleConfig',
[36m(TaskRunnerV1 pid=3626258)[0m                                                                 'active': 0,
[36m(TaskRunnerV1 pid=3626258)[0m                                                                 'repeat': 0,
[36m(TaskRunnerV1 pid=3626258)[0m                                                                 'skip_first': 0,
[36m(TaskRunnerV1 pid=3626258)[0m                                                                 'wait': 0,
[36m(TaskRunnerV1 pid=3626258)[0m                                                                 'warmup': 0}},
[36m(TaskRunnerV1 pid=3626258)[0m                                          'torch_memory': {'_target_': 'verl.utils.profiler.config.TorchMemoryToolConfig',
[36m(TaskRunnerV1 pid=3626258)[0m                                                           'memory_snapshot_num_steps': 1,
[36m(TaskRunnerV1 pid=3626258)[0m                                                           'stack_depth': 32,
[36m(TaskRunnerV1 pid=3626258)[0m                                                           'trace_alloc_max_entries': 100000}}},
[36m(TaskRunnerV1 pid=3626258)[0m             'rollout_n': 4,
[36m(TaskRunnerV1 pid=3626258)[0m             'shuffle': False,
[36m(TaskRunnerV1 pid=3626258)[0m             'strategy': 'megatron',
[36m(TaskRunnerV1 pid=3626258)[0m             'use_dynamic_bsz': False},
[36m(TaskRunnerV1 pid=3626258)[0m  'custom_reward_function': {'name': None, 'path': None},
[36m(TaskRunnerV1 pid=3626258)[0m  'data': {'apply_chat_template_kwargs': {'enable_thinking': False},
[36m(TaskRunnerV1 pid=3626258)[0m           'audio_key': 'audios',
[36m(TaskRunnerV1 pid=3626258)[0m           'custom_cls': {'name': None, 'path': None},
[36m(TaskRunnerV1 pid=3626258)[0m           'dataloader_num_workers': 0,
[36m(TaskRunnerV1 pid=3626258)[0m           'filter_overlong_prompts': False,
[36m(TaskRunnerV1 pid=3626258)[0m           'filter_overlong_prompts_workers': 1,
[36m(TaskRunnerV1 pid=3626258)[0m           'function_tool_path': None,
[36m(TaskRunnerV1 pid=3626258)[0m           'gen_batch_size': 4,
[36m(TaskRunnerV1 pid=3626258)[0m           'image_key': 'images',
[36m(TaskRunnerV1 pid=3626258)[0m           'image_patch_size': 14,
[36m(TaskRunnerV1 pid=3626258)[0m           'max_prompt_length': 16640,
[36m(TaskRunnerV1 pid=3626258)[0m           'max_response_length': 4096,
[36m(TaskRunnerV1 pid=3626258)[0m           'mm_processor_kwargs': {},
[36m(TaskRunnerV1 pid=3626258)[0m           'prompt_key': 'prompt',
[36m(TaskRunnerV1 pid=3626258)[0m           'return_full_prompt': False,
[36m(TaskRunnerV1 pid=3626258)[0m           'return_multi_modal_inputs': True,
[36m(TaskRunnerV1 pid=3626258)[0m           'return_raw_chat': True,
[36m(TaskRunnerV1 pid=3626258)[0m           'return_raw_input_ids': False,
[36m(TaskRunnerV1 pid=3626258)[0m           'reward_fn_key': 'data_source',
[36m(TaskRunnerV1 pid=3626258)[0m           'seed': 42,
[36m(TaskRunnerV1 pid=3626258)[0m           'shuffle': False,
[36m(TaskRunnerV1 pid=3626258)[0m           'tokenizer': None,
[36m(TaskRunnerV1 pid=3626258)[0m           'tool_config_path': None,
[36m(TaskRunnerV1 pid=3626258)[0m           'train_batch_size': 4,
[36m(TaskRunnerV1 pid=3626258)[0m           'train_files': '/home/p00938733/ruler-verl/16k4k/train.parquet',
[36m(TaskRunnerV1 pid=3626258)[0m           'train_max_samples': -1,
[36m(TaskRunnerV1 pid=3626258)[0m           'truncation': 'error',
[36m(TaskRunnerV1 pid=3626258)[0m           'trust_remote_code': False,
[36m(TaskRunnerV1 pid=3626258)[0m           'use_shm': False,
[36m(TaskRunnerV1 pid=3626258)[0m           'val_batch_size': None,
[36m(TaskRunnerV1 pid=3626258)[0m           'val_files': '/home/p00938733/ruler-verl/16k4k/test.parquet',
[36m(TaskRunnerV1 pid=3626258)[0m           'val_max_samples': -1,
[36m(TaskRunnerV1 pid=3626258)[0m           'validation_shuffle': False,
[36m(TaskRunnerV1 pid=3626258)[0m           'video_key': 'videos'},
[36m(TaskRunnerV1 pid=3626258)[0m  'distillation': {'_target_': 'verl.workers.config.DistillationConfig',
[36m(TaskRunnerV1 pid=3626258)[0m                   'distillation_loss': {'_target_': 'verl.workers.config.DistillationLossConfig',
[36m(TaskRunnerV1 pid=3626258)[0m                                         'clip_ratio': 0.2,
[36m(TaskRunnerV1 pid=3626258)[0m                                         'clip_ratio_high': 0.2,
[36m(TaskRunnerV1 pid=3626258)[0m                                         'clip_ratio_low': 0.2,
[36m(TaskRunnerV1 pid=3626258)[0m                                         'distillation_loss_coef': 1.0,
[36m(TaskRunnerV1 pid=3626258)[0m                                         'log_prob_min_clamp': None,
[36m(TaskRunnerV1 pid=3626258)[0m                                         'loss_max_clamp': None,
[36m(TaskRunnerV1 pid=3626258)[0m                                         'loss_mode': 'k3',
[36m(TaskRunnerV1 pid=3626258)[0m                                         'policy_loss_mode': 'vanilla',
[36m(TaskRunnerV1 pid=3626258)[0m                                         'topk': 32,
[36m(TaskRunnerV1 pid=3626258)[0m                                         'use_policy_gradient': False,
[36m(TaskRunnerV1 pid=3626258)[0m                                         'use_task_rewards': True},
[36m(TaskRunnerV1 pid=3626258)[0m                   'enabled': False,
[36m(TaskRunnerV1 pid=3626258)[0m                   'n_gpus_per_node': 8,
[36m(TaskRunnerV1 pid=3626258)[0m                   'nnodes': 0,
[36m(TaskRunnerV1 pid=3626258)[0m                   'teacher_key': 'data_source',
[36m(TaskRunnerV1 pid=3626258)[0m                   'teacher_models': {'teacher_model': {'_target_': 'verl.workers.config.DistillationTeacherModelConfig',
[36m(TaskRunnerV1 pid=3626258)[0m                                                        'inference': {'_target_': 'verl.workers.config.RolloutConfig',
[36m(TaskRunnerV1 pid=3626258)[0m                                                                      'cudagraph_capture_sizes': None,
[36m(TaskRunnerV1 pid=3626258)[0m                                                                      'data_parallel_size': 1,
[36m(TaskRunnerV1 pid=3626258)[0m                                                                      'disable_log_stats': True,
[36m(TaskRunnerV1 pid=3626258)[0m                                                                      'dtype': 'bfloat16',
[36m(TaskRunnerV1 pid=3626258)[0m                                                                      'enable_chunked_prefill': True,
[36m(TaskRunnerV1 pid=3626258)[0m                                                                      'enable_prefix_caching': True,
[36m(TaskRunnerV1 pid=3626258)[0m                                                                      'enforce_eager': True,
[36m(TaskRunnerV1 pid=3626258)[0m                                                                      'engine_kwargs': {},
[36m(TaskRunnerV1 pid=3626258)[0m                                                                      'expert_parallel_size': 1,
[36m(TaskRunnerV1 pid=3626258)[0m                                                                      'free_cache_engine': True,
[36m(TaskRunnerV1 pid=3626258)[0m                                                                      'gpu_memory_utilization': 0.5,
[36m(TaskRunnerV1 pid=3626258)[0m                                                                      'limit_images': None,
[36m(TaskRunnerV1 pid=3626258)[0m                                                                      'load_format': 'auto',
[36m(TaskRunnerV1 pid=3626258)[0m                                                                      'max_model_len': None,
[36m(TaskRunnerV1 pid=3626258)[0m                                                                      'max_num_batched_tokens': 8192,
[36m(TaskRunnerV1 pid=3626258)[0m                                                                      'max_num_seqs': 1024,
[36m(TaskRunnerV1 pid=3626258)[0m                                                                      'name': 'vllm',
[36m(TaskRunnerV1 pid=3626258)[0m                                                                      'prompt_length': 16640,
[36m(TaskRunnerV1 pid=3626258)[0m                                                                      'response_length': 4096,
[36m(TaskRunnerV1 pid=3626258)[0m                                                                      'skip_tokenizer_init': True,
[36m(TaskRunnerV1 pid=3626258)[0m                                                                      'temperature': 1.0,
[36m(TaskRunnerV1 pid=3626258)[0m                                                                      'tensor_model_parallel_size': 2},
[36m(TaskRunnerV1 pid=3626258)[0m                                                        'key': None,
[36m(TaskRunnerV1 pid=3626258)[0m                                                        'model_path': None,
[36m(TaskRunnerV1 pid=3626258)[0m                                                        'num_replicas': 0}}},
[36m(TaskRunnerV1 pid=3626258)[0m  'global_profiler': {'_target_': 'verl.utils.profiler.ProfilerConfig',
[36m(TaskRunnerV1 pid=3626258)[0m                      'finish_hook_all_ranks': False,
[36m(TaskRunnerV1 pid=3626258)[0m                      'finish_hook_cmd': None,
[36m(TaskRunnerV1 pid=3626258)[0m                      'finish_hook_ranks': [],
[36m(TaskRunnerV1 pid=3626258)[0m                      'global_tool_config': {'nsys': {'_target_': 'verl.utils.profiler.config.NsightToolConfig',
[36m(TaskRunnerV1 pid=3626258)[0m                                                      'controller_nsight_options': {'cuda-graph-trace': 'graph',
[36m(TaskRunnerV1 pid=3626258)[0m                                                                                    'cuda-memory-usage': 'true',
[36m(TaskRunnerV1 pid=3626258)[0m                                                                                    'trace': 'cuda,nvtx,cublas,ucx'},
[36m(TaskRunnerV1 pid=3626258)[0m                                                      'discrete': False,
[36m(TaskRunnerV1 pid=3626258)[0m                                                      'worker_nsight_options': {'capture-range': 'cudaProfilerApi',
[36m(TaskRunnerV1 pid=3626258)[0m                                                                                'capture-range-end': None,
[36m(TaskRunnerV1 pid=3626258)[0m                                                                                'cuda-graph-trace': 'graph',
[36m(TaskRunnerV1 pid=3626258)[0m                                                                                'cuda-memory-usage': 'true',
[36m(TaskRunnerV1 pid=3626258)[0m                                                                                'kill': 'none',
[36m(TaskRunnerV1 pid=3626258)[0m                                                                                'trace': 'cuda,nvtx,cublas,ucx'}},
[36m(TaskRunnerV1 pid=3626258)[0m                                             'precision_debugger': {'_target_': 'verl.utils.profiler.config.PrecisionDebuggerToolConfig',
[36m(TaskRunnerV1 pid=3626258)[0m                                                                    'config_path': None,
[36m(TaskRunnerV1 pid=3626258)[0m                                                                    'stages': None,
[36m(TaskRunnerV1 pid=3626258)[0m                                                                    'steps': None,
[36m(TaskRunnerV1 pid=3626258)[0m                                                                    'strict': False},
[36m(TaskRunnerV1 pid=3626258)[0m                                             'torch_memory': {'context': 'all',
[36m(TaskRunnerV1 pid=3626258)[0m                                                              'kw_args': {},
[36m(TaskRunnerV1 pid=3626258)[0m                                                              'memory_snapshot_num_steps': 1,
[36m(TaskRunnerV1 pid=3626258)[0m                                                              'stack_depth': 32,
[36m(TaskRunnerV1 pid=3626258)[0m                                                              'stacks': 'all',
[36m(TaskRunnerV1 pid=3626258)[0m                                                              'trace_alloc_max_entries': 100000}},
[36m(TaskRunnerV1 pid=3626258)[0m                      'profile_continuous_steps': False,
[36m(TaskRunnerV1 pid=3626258)[0m                      'relocate_results': False,
[36m(TaskRunnerV1 pid=3626258)[0m                      'save_path': 'outputs/profile',
[36m(TaskRunnerV1 pid=3626258)[0m                      'steps': None,
[36m(TaskRunnerV1 pid=3626258)[0m                      'tool': None},
[36m(TaskRunnerV1 pid=3626258)[0m  'model_engine': 'megatron',
[36m(TaskRunnerV1 pid=3626258)[0m  'ray_kwargs': {'ray_init': {'num_cpus': None,
[36m(TaskRunnerV1 pid=3626258)[0m                              'runtime_env': {'env_vars': {'VERL_RESPONSE_ONLY_LM_HEAD_PROFILE': '1'},
[36m(TaskRunnerV1 pid=3626258)[0m                                              'py_executable': None}},
[36m(TaskRunnerV1 pid=3626258)[0m                 'timeline_json_file': None},
[36m(TaskRunnerV1 pid=3626258)[0m  'reward': {'_target_': 'verl.workers.config.RewardConfig',
[36m(TaskRunnerV1 pid=3626258)[0m             'custom_reward_function': {'name': 'compute_score',
[36m(TaskRunnerV1 pid=3626258)[0m                                        'path': '/home/p00938733/ruler-verl/ruler_niah_reward.py'},
[36m(TaskRunnerV1 pid=3626258)[0m             'num_workers': 8,
[36m(TaskRunnerV1 pid=3626258)[0m             'reward_manager': {'_target_': 'verl.workers.config.reward.RewardManagerConfig',
[36m(TaskRunnerV1 pid=3626258)[0m                                'module': {'_target_': 'verl.trainer.config.config.ModuleConfig',
[36m(TaskRunnerV1 pid=3626258)[0m                                           'name': 'custom_reward_manager',
[36m(TaskRunnerV1 pid=3626258)[0m                                           'path': None},
[36m(TaskRunnerV1 pid=3626258)[0m                                'name': 'naive',
[36m(TaskRunnerV1 pid=3626258)[0m                                'source': 'register'},
[36m(TaskRunnerV1 pid=3626258)[0m             'reward_model': {'_target_': 'verl.workers.config.RewardModelConfig',
[36m(TaskRunnerV1 pid=3626258)[0m                              'enable': False,
[36m(TaskRunnerV1 pid=3626258)[0m                              'enable_resource_pool': False,
[36m(TaskRunnerV1 pid=3626258)[0m                              'model_path': None,
[36m(TaskRunnerV1 pid=3626258)[0m                              'n_gpus_per_node': 8,
[36m(TaskRunnerV1 pid=3626258)[0m                              'nnodes': 0,
[36m(TaskRunnerV1 pid=3626258)[0m                              'rollout': {'_target_': 'verl.workers.config.RolloutConfig',
[36m(TaskRunnerV1 pid=3626258)[0m                                          'cudagraph_capture_sizes': None,
[36m(TaskRunnerV1 pid=3626258)[0m                                          'data_parallel_size': 1,
[36m(TaskRunnerV1 pid=3626258)[0m                                          'disable_log_stats': True,
[36m(TaskRunnerV1 pid=3626258)[0m                                          'disaggregation': {'bootstrap_port': None,
[36m(TaskRunnerV1 pid=3626258)[0m                                                             'decode_replicas': 1,
[36m(TaskRunnerV1 pid=3626258)[0m                                                             'decode_tensor_model_parallel_size': None,
[36m(TaskRunnerV1 pid=3626258)[0m                                                             'enabled': False,
[36m(TaskRunnerV1 pid=3626258)[0m                                                             'ib_device': None,
[36m(TaskRunnerV1 pid=3626258)[0m                                                             'prefill_replicas': 1,
[36m(TaskRunnerV1 pid=3626258)[0m                                                             'transfer_backend': 'nixl'},
[36m(TaskRunnerV1 pid=3626258)[0m                                          'do_sample': True,
[36m(TaskRunnerV1 pid=3626258)[0m                                          'dtype': 'bfloat16',
[36m(TaskRunnerV1 pid=3626258)[0m                                          'enable_chunked_prefill': True,
[36m(TaskRunnerV1 pid=3626258)[0m                                          'enable_prefix_caching': True,
[36m(TaskRunnerV1 pid=3626258)[0m                                          'enforce_eager': True,
[36m(TaskRunnerV1 pid=3626258)[0m                                          'engine_kwargs': {},
[36m(TaskRunnerV1 pid=3626258)[0m                                          'expert_parallel_size': 1,
[36m(TaskRunnerV1 pid=3626258)[0m                                          'free_cache_engine': True,
[36m(TaskRunnerV1 pid=3626258)[0m                                          'full_determinism': False,
[36m(TaskRunnerV1 pid=3626258)[0m                                          'gpu_memory_utilization': 0.5,
[36m(TaskRunnerV1 pid=3626258)[0m                                          'ignore_eos': False,
[36m(TaskRunnerV1 pid=3626258)[0m                                          'layered_summon': False,
[36m(TaskRunnerV1 pid=3626258)[0m                                          'limit_images': None,
[36m(TaskRunnerV1 pid=3626258)[0m                                          'load_format': 'auto',
[36m(TaskRunnerV1 pid=3626258)[0m                                          'max_model_len': None,
[36m(TaskRunnerV1 pid=3626258)[0m                                          'max_num_batched_tokens': 8192,
[36m(TaskRunnerV1 pid=3626258)[0m                                          'max_num_seqs': 1024,
[36m(TaskRunnerV1 pid=3626258)[0m                                          'mtp': None,
[36m(TaskRunnerV1 pid=3626258)[0m                                          'multi_stage_wake_up': False,
[36m(TaskRunnerV1 pid=3626258)[0m                                          'n': 1,
[36m(TaskRunnerV1 pid=3626258)[0m                                          'name': '???',
[36m(TaskRunnerV1 pid=3626258)[0m                                          'pipeline_model_parallel_size': 1,
[36m(TaskRunnerV1 pid=3626258)[0m                                          'prompt_length': 2048,
[36m(TaskRunnerV1 pid=3626258)[0m                                          'quantization': None,
[36m(TaskRunnerV1 pid=3626258)[0m                                          'quantization_config_file': None,
[36m(TaskRunnerV1 pid=3626258)[0m                                          'response_length': 2048,
[36m(TaskRunnerV1 pid=3626258)[0m                                          'scheduling_policy': 'fcfs',
[36m(TaskRunnerV1 pid=3626258)[0m                                          'seed': 42,
[36m(TaskRunnerV1 pid=3626258)[0m                                          'skip_tokenizer_init': False,
[36m(TaskRunnerV1 pid=3626258)[0m                                          'temperature': 1.0,
[36m(TaskRunnerV1 pid=3626258)[0m                                          'tensor_model_parallel_size': 2,
[36m(TaskRunnerV1 pid=3626258)[0m                                          'top_k': -1,
[36m(TaskRunnerV1 pid=3626258)[0m                                          'top_p': 1}},
[36m(TaskRunnerV1 pid=3626258)[0m             'sandbox_fusion': {'_target_': 'verl.workers.config.SandboxFusionConfig',
[36m(TaskRunnerV1 pid=3626258)[0m                                'max_concurrent': 64,
[36m(TaskRunnerV1 pid=3626258)[0m                                'memory_limit_mb': 1024,
[36m(TaskRunnerV1 pid=3626258)[0m                                'url': None}},
[36m(TaskRunnerV1 pid=3626258)[0m  'reward_model': {'enable': None,
[36m(TaskRunnerV1 pid=3626258)[0m                   'enable_resource_pool': None,
[36m(TaskRunnerV1 pid=3626258)[0m                   'model': {'external_lib': None,
[36m(TaskRunnerV1 pid=3626258)[0m                             'path': None,
[36m(TaskRunnerV1 pid=3626258)[0m                             'trust_remote_code': None},
[36m(TaskRunnerV1 pid=3626258)[0m                   'n_gpus_per_node': None,
[36m(TaskRunnerV1 pid=3626258)[0m                   'nnodes': None,
[36m(TaskRunnerV1 pid=3626258)[0m                   'num_workers': None,
[36m(TaskRunnerV1 pid=3626258)[0m                   'reward_loop_class_name': None,
[36m(TaskRunnerV1 pid=3626258)[0m                   'reward_loop_module_path': None,
[36m(TaskRunnerV1 pid=3626258)[0m                   'reward_loop_source': None,
[36m(TaskRunnerV1 pid=3626258)[0m                   'reward_manager': None,
[36m(TaskRunnerV1 pid=3626258)[0m                   'rollout': {'cudagraph_capture_sizes': None,
[36m(TaskRunnerV1 pid=3626258)[0m                               'data_parallel_size': None,
[36m(TaskRunnerV1 pid=3626258)[0m                               'disable_log_stats': None,
[36m(TaskRunnerV1 pid=3626258)[0m                               'dtype': None,
[36m(TaskRunnerV1 pid=3626258)[0m                               'enable_chunked_prefill': None,
[36m(TaskRunnerV1 pid=3626258)[0m                               'enable_prefix_caching': None,
[36m(TaskRunnerV1 pid=3626258)[0m                               'enforce_eager': None,
[36m(TaskRunnerV1 pid=3626258)[0m                               'engine_kwargs': None,
[36m(TaskRunnerV1 pid=3626258)[0m                               'expert_parallel_size': None,
[36m(TaskRunnerV1 pid=3626258)[0m                               'free_cache_engine': None,
[36m(TaskRunnerV1 pid=3626258)[0m                               'gpu_memory_utilization': None,
[36m(TaskRunnerV1 pid=3626258)[0m                               'limit_images': None,
[36m(TaskRunnerV1 pid=3626258)[0m                               'load_format': None,
[36m(TaskRunnerV1 pid=3626258)[0m                               'max_model_len': None,
[36m(TaskRunnerV1 pid=3626258)[0m                               'max_num_batched_tokens': None,
[36m(TaskRunnerV1 pid=3626258)[0m                               'max_num_seqs': None,
[36m(TaskRunnerV1 pid=3626258)[0m                               'name': None,
[36m(TaskRunnerV1 pid=3626258)[0m                               'prompt_length': None,
[36m(TaskRunnerV1 pid=3626258)[0m                               'response_length': None,
[36m(TaskRunnerV1 pid=3626258)[0m                               'skip_tokenizer_init': None,
[36m(TaskRunnerV1 pid=3626258)[0m                               'tensor_model_parallel_size': None}},
[36m(TaskRunnerV1 pid=3626258)[0m  'sandbox_fusion': {'max_concurrent': None,
[36m(TaskRunnerV1 pid=3626258)[0m                     'memory_limit_mb': None,
[36m(TaskRunnerV1 pid=3626258)[0m                     'url': None},
[36m(TaskRunnerV1 pid=3626258)[0m  'skip': {'_target_': 'verl.utils.skip.SkipManagerConfig',
[36m(TaskRunnerV1 pid=3626258)[0m           'async_rollout': {'action': 'cache',
[36m(TaskRunnerV1 pid=3626258)[0m                             'dump_dir': '~/.verl/rollout_dump',
[36m(TaskRunnerV1 pid=3626258)[0m                             'enable': False,
[36m(TaskRunnerV1 pid=3626258)[0m                             'steps': []},
[36m(TaskRunnerV1 pid=3626258)[0m           'rollout': {'action': 'cache',
[36m(TaskRunnerV1 pid=3626258)[0m                       'dump_dir': '~/.verl/rollout_dump',
[36m(TaskRunnerV1 pid=3626258)[0m                       'enable': False,
[36m(TaskRunnerV1 pid=3626258)[0m                       'steps': []},
[36m(TaskRunnerV1 pid=3626258)[0m           'rollout_tq': {'action': 'cache',
[36m(TaskRunnerV1 pid=3626258)[0m                          'dump_dir': '/home/p00938733/rlmh-cache/16k4k-recompute-20260910-205736',
[36m(TaskRunnerV1 pid=3626258)[0m                          'enable': True,
[36m(TaskRunnerV1 pid=3626258)[0m                          'steps': [1, 2, 3, 4]}},
[36m(TaskRunnerV1 pid=3626258)[0m  'trainer': {'balance_batch': True,
[36m(TaskRunnerV1 pid=3626258)[0m              'checkpoint_callback_class': None,
[36m(TaskRunnerV1 pid=3626258)[0m              'critic_warmup': 0,
[36m(TaskRunnerV1 pid=3626258)[0m              'default_hdfs_dir': None,
[36m(TaskRunnerV1 pid=3626258)[0m              'default_local_dir': 'checkpoints/rlmh_combinations_a100/rlmh_combinations_a100',
[36m(TaskRunnerV1 pid=3626258)[0m              'del_local_ckpt_after_load': False,
[36m(TaskRunnerV1 pid=3626258)[0m              'device': 'cuda',
[36m(TaskRunnerV1 pid=3626258)[0m              'esi_redundant_time': 0,
[36m(TaskRunnerV1 pid=3626258)[0m              'experiment_name': 'rlmh_combinations_a100',
[36m(TaskRunnerV1 pid=3626258)[0m              'log_val_generations': 0,
[36m(TaskRunnerV1 pid=3626258)[0m              'logger': ['console'],
[36m(TaskRunnerV1 pid=3626258)[0m              'max_actor_ckpt_to_keep': None,
[36m(TaskRunnerV1 pid=3626258)[0m              'max_critic_ckpt_to_keep': None,
[36m(TaskRunnerV1 pid=3626258)[0m              'n_gpus_per_node': 8,
[36m(TaskRunnerV1 pid=3626258)[0m              'nnodes': 1,
[36m(TaskRunnerV1 pid=3626258)[0m              'project_name': 'rlmh_combinations_a100',
[36m(TaskRunnerV1 pid=3626258)[0m              'ray_wait_register_center_timeout': 300,
[36m(TaskRunnerV1 pid=3626258)[0m              'resume_from_path': None,
[36m(TaskRunnerV1 pid=3626258)[0m              'resume_mode': 'disable',
[36m(TaskRunnerV1 pid=3626258)[0m              'rollout_data_dir': None,
[36m(TaskRunnerV1 pid=3626258)[0m              'save_freq': -1,
[36m(TaskRunnerV1 pid=3626258)[0m              'test_freq': -1,
[36m(TaskRunnerV1 pid=3626258)[0m              'total_epochs': 15,
[36m(TaskRunnerV1 pid=3626258)[0m              'total_training_steps': 4,
[36m(TaskRunnerV1 pid=3626258)[0m              'use_v1': True,
[36m(TaskRunnerV1 pid=3626258)[0m              'v1': {'colocate_async': {'num_warmup_batches': 1},
[36m(TaskRunnerV1 pid=3626258)[0m                     'sampler': {'custom_sampler': {'name': None, 'path': None},
[36m(TaskRunnerV1 pid=3626258)[0m                                 'max_off_policy_strategy': 'drop',
[36m(TaskRunnerV1 pid=3626258)[0m                                 'max_off_policy_threshold': 8,
[36m(TaskRunnerV1 pid=3626258)[0m                                 'sampler_kwargs': {},
[36m(TaskRunnerV1 pid=3626258)[0m                                 'sync_refill_failed_groups': False},
[36m(TaskRunnerV1 pid=3626258)[0m                     'separate_async': {'hybrid_rollout': {'_target_': 'verl.trainer.config.HybridRolloutSwitchConfig',
[36m(TaskRunnerV1 pid=3626258)[0m                                                           'adaptive_switch_threshold': True,
[36m(TaskRunnerV1 pid=3626258)[0m                                                           'enable_switch': False,
[36m(TaskRunnerV1 pid=3626258)[0m                                                           'switch_cost_window_size': 3,
[36m(TaskRunnerV1 pid=3626258)[0m                                                           'switch_threshold_ratio': 0.4,
[36m(TaskRunnerV1 pid=3626258)[0m                                                           'switch_threshold_release_steps': 2,
[36m(TaskRunnerV1 pid=3626258)[0m                                                           'switch_threshold_step_down': 0.03,
[36m(TaskRunnerV1 pid=3626258)[0m                                                           'switch_threshold_step_up': 0.05},
[36m(TaskRunnerV1 pid=3626258)[0m                                        'num_warmup_batches': 1,
[36m(TaskRunnerV1 pid=3626258)[0m                                        'parameter_sync_step': 4},
[36m(TaskRunnerV1 pid=3626258)[0m                     'sync': {},
[36m(TaskRunnerV1 pid=3626258)[0m                     'trainer_mode': 'sync'},
[36m(TaskRunnerV1 pid=3626258)[0m              'val_before_train': False,
[36m(TaskRunnerV1 pid=3626258)[0m              'val_only': False,
[36m(TaskRunnerV1 pid=3626258)[0m              'validation_data_dir': None},
[36m(TaskRunnerV1 pid=3626258)[0m  'transfer_queue': {'backend': {'MooncakeStore': {'auto_init': False,
[36m(TaskRunnerV1 pid=3626258)[0m                                                   'device_name': '',
[36m(TaskRunnerV1 pid=3626258)[0m                                                   'global_segment_size': 4294967296,
[36m(TaskRunnerV1 pid=3626258)[0m                                                   'local_buffer_size': 1073741824,
[36m(TaskRunnerV1 pid=3626258)[0m                                                   'local_hostname': 'localhost',
[36m(TaskRunnerV1 pid=3626258)[0m                                                   'master_server_address': 'localhost:50124',
[36m(TaskRunnerV1 pid=3626258)[0m                                                   'metadata_server': 'localhost:50123',
[36m(TaskRunnerV1 pid=3626258)[0m                                                   'protocol': 'tcp'},
[36m(TaskRunnerV1 pid=3626258)[0m                                 'SimpleStorage': {'num_data_storage_units': 8,
[36m(TaskRunnerV1 pid=3626258)[0m                                                   'total_storage_size': 100000},
[36m(TaskRunnerV1 pid=3626258)[0m                                 'storage_backend': 'SimpleStorage'},
[36m(TaskRunnerV1 pid=3626258)[0m                     'enable': True,
[36m(TaskRunnerV1 pid=3626258)[0m                     'metrics': {'enabled': False, 'port': 0}}}
[36m(TaskRunnerV1 pid=3626258)[0m /home/p00938733/verl-090/verl/trainer/ppo/v1/trainer_base.py:129: UserWarning: Disabled critic as algorithm.adv_estimator != gae. If it is not intended, please set critic.enable=True
[36m(TaskRunnerV1 pid=3626258)[0m   self.use_critic = need_critic(self.config)
[36m(TaskRunnerV1 pid=3626258)[0m Using dataset class: RLHFDataset
[36m(TaskRunnerV1 pid=3626258)[0m dataset len: 8
[36m(TaskRunnerV1 pid=3626258)[0m Using dataset class: RLHFDataset
[36m(TaskRunnerV1 pid=3626258)[0m dataset len: 4
[36m(TaskRunnerV1 pid=3626258)[0m colocated worker base class <class 'verl.single_controller.base.worker.Worker'>
[36m(TaskRunnerV1 pid=3626258)[0m INFO:2026-09-10 22:46:58,298:train and validate dataloader initialized, train dataset size: 8, val dataset size: 4
[36m(TaskRunnerV1 pid=3626258)[0m INFO:2026-09-10 22:46:58,298:Total training steps: 4
[36m(TaskRunnerV1 pid=3626258)[0m /home/p00938733/verl-090/verl/trainer/ppo/v1/trainer_base.py:755: UserWarning: Disabled critic as algorithm.adv_estimator != gae. If it is not intended, please set critic.enable=True
[36m(TaskRunnerV1 pid=3626258)[0m   if need_critic(config):
[36m(TaskRunnerV1 pid=3626258)[0m INFO:2026-09-10 22:46:58,307:worker group kwargs: {'device_name': 'cuda'}
[36m(TaskRunnerV1 pid=3626258)[0m INFO:2026-09-10 22:46:59,253:create worker group dict_keys(['actor_rollout_ref'])
[36m(WorkerDict pid=3627502)[0m /home/p00938733/verl-090/verl/workers/engine/__init__.py:32: UserWarning: torchtitan engine is not available: ModuleNotFoundError("No module named 'torchtitan'")
[36m(WorkerDict pid=3627502)[0m   warnings.warn(f"torchtitan engine is not available: {e!r}", stacklevel=1)
[36m(WorkerDict pid=3627502)[0m /home/p00938733/verl-090/verl/workers/engine/__init__.py:41: UserWarning: veomni engine is not available: ModuleNotFoundError("No module named 'veomni'")
[36m(WorkerDict pid=3627502)[0m   warnings.warn(f"veomni engine is not available: {e!r}", stacklevel=1)
[36m(WorkerDict pid=3627502)[0m /home/p00938733/verl-090/verl/workers/engine/__init__.py:50: UserWarning: automodel engine is not available: ModuleNotFoundError("No module named 'nemo_automodel'")
[36m(WorkerDict pid=3627502)[0m   warnings.warn(f"automodel engine is not available: {e!r}", stacklevel=1)
[36m(WorkerDict pid=3627503)[0m /home/p00938733/verl-090/verl/workers/engine/__init__.py:32: UserWarning: torchtitan engine is not available: ModuleNotFoundError("No module named 'torchtitan'")
[36m(WorkerDict pid=3627503)[0m   warnings.warn(f"torchtitan engine is not available: {e!r}", stacklevel=1)
[36m(WorkerDict pid=3627503)[0m /home/p00938733/verl-090/verl/workers/engine/__init__.py:41: UserWarning: veomni engine is not available: ModuleNotFoundError("No module named 'veomni'")
[36m(WorkerDict pid=3627503)[0m   warnings.warn(f"veomni engine is not available: {e!r}", stacklevel=1)
[36m(WorkerDict pid=3627503)[0m /home/p00938733/verl-090/verl/workers/engine/__init__.py:50: UserWarning: automodel engine is not available: ModuleNotFoundError("No module named 'nemo_automodel'")
[36m(WorkerDict pid=3627503)[0m   warnings.warn(f"automodel engine is not available: {e!r}", stacklevel=1)
[36m(WorkerDict pid=3627504)[0m /home/p00938733/verl-090/verl/workers/engine/__init__.py:32: UserWarning: torchtitan engine is not available: ModuleNotFoundError("No module named 'torchtitan'")
[36m(WorkerDict pid=3627504)[0m   warnings.warn(f"torchtitan engine is not available: {e!r}", stacklevel=1)
[36m(WorkerDict pid=3627504)[0m /home/p00938733/verl-090/verl/workers/engine/__init__.py:41: UserWarning: veomni engine is not available: ModuleNotFoundError("No module named 'veomni'")
[36m(WorkerDict pid=3627504)[0m   warnings.warn(f"veomni engine is not available: {e!r}", stacklevel=1)
[36m(WorkerDict pid=3627504)[0m /home/p00938733/verl-090/verl/workers/engine/__init__.py:50: UserWarning: automodel engine is not available: ModuleNotFoundError("No module named 'nemo_automodel'")
[36m(WorkerDict pid=3627504)[0m   warnings.warn(f"automodel engine is not available: {e!r}", stacklevel=1)
[36m(WorkerDict pid=3627505)[0m /home/p00938733/verl-090/verl/workers/engine/__init__.py:32: UserWarning: torchtitan engine is not available: ModuleNotFoundError("No module named 'torchtitan'")
[36m(WorkerDict pid=3627505)[0m   warnings.warn(f"torchtitan engine is not available: {e!r}", stacklevel=1)
[36m(WorkerDict pid=3627505)[0m /home/p00938733/verl-090/verl/workers/engine/__init__.py:41: UserWarning: veomni engine is not available: ModuleNotFoundError("No module named 'veomni'")
[36m(WorkerDict pid=3627505)[0m   warnings.warn(f"veomni engine is not available: {e!r}", stacklevel=1)
[36m(WorkerDict pid=3627505)[0m /home/p00938733/verl-090/verl/workers/engine/__init__.py:50: UserWarning: automodel engine is not available: ModuleNotFoundError("No module named 'nemo_automodel'")
[36m(WorkerDict pid=3627505)[0m   warnings.warn(f"automodel engine is not available: {e!r}", stacklevel=1)
[36m(WorkerDict pid=3627501)[0m /home/p00938733/verl-090/verl/workers/engine/__init__.py:32: UserWarning: torchtitan engine is not available: ModuleNotFoundError("No module named 'torchtitan'")
[36m(WorkerDict pid=3627501)[0m   warnings.warn(f"torchtitan engine is not available: {e!r}", stacklevel=1)
[36m(WorkerDict pid=3627501)[0m /home/p00938733/verl-090/verl/workers/engine/__init__.py:41: UserWarning: veomni engine is not available: ModuleNotFoundError("No module named 'veomni'")
[36m(WorkerDict pid=3627501)[0m   warnings.warn(f"veomni engine is not available: {e!r}", stacklevel=1)
[36m(WorkerDict pid=3627501)[0m /home/p00938733/verl-090/verl/workers/engine/__init__.py:50: UserWarning: automodel engine is not available: ModuleNotFoundError("No module named 'nemo_automodel'")
[36m(WorkerDict pid=3627501)[0m   warnings.warn(f"automodel engine is not available: {e!r}", stacklevel=1)
[36m(WorkerDict pid=3627506)[0m /home/p00938733/verl-090/verl/workers/engine/__init__.py:32: UserWarning: torchtitan engine is not available: ModuleNotFoundError("No module named 'torchtitan'")
[36m(WorkerDict pid=3627506)[0m   warnings.warn(f"torchtitan engine is not available: {e!r}", stacklevel=1)
[36m(WorkerDict pid=3627506)[0m /home/p00938733/verl-090/verl/workers/engine/__init__.py:41: UserWarning: veomni engine is not available: ModuleNotFoundError("No module named 'veomni'")
[36m(WorkerDict pid=3627506)[0m   warnings.warn(f"veomni engine is not available: {e!r}", stacklevel=1)
[36m(WorkerDict pid=3627506)[0m /home/p00938733/verl-090/verl/workers/engine/__init__.py:50: UserWarning: automodel engine is not available: ModuleNotFoundError("No module named 'nemo_automodel'")
[36m(WorkerDict pid=3627506)[0m   warnings.warn(f"automodel engine is not available: {e!r}", stacklevel=1)
[36m(WorkerDict pid=3627508)[0m /home/p00938733/verl-090/verl/workers/engine/__init__.py:32: UserWarning: torchtitan engine is not available: ModuleNotFoundError("No module named 'torchtitan'")
[36m(WorkerDict pid=3627508)[0m   warnings.warn(f"torchtitan engine is not available: {e!r}", stacklevel=1)
[36m(WorkerDict pid=3627508)[0m /home/p00938733/verl-090/verl/workers/engine/__init__.py:41: UserWarning: veomni engine is not available: ModuleNotFoundError("No module named 'veomni'")
[36m(WorkerDict pid=3627508)[0m   warnings.warn(f"veomni engine is not available: {e!r}", stacklevel=1)
[36m(WorkerDict pid=3627508)[0m /home/p00938733/verl-090/verl/workers/engine/__init__.py:50: UserWarning: automodel engine is not available: ModuleNotFoundError("No module named 'nemo_automodel'")
[36m(WorkerDict pid=3627508)[0m   warnings.warn(f"automodel engine is not available: {e!r}", stacklevel=1)
[36m(WorkerDict pid=3627507)[0m /home/p00938733/verl-090/verl/workers/engine/__init__.py:32: UserWarning: torchtitan engine is not available: ModuleNotFoundError("No module named 'torchtitan'")
[36m(WorkerDict pid=3627507)[0m   warnings.warn(f"torchtitan engine is not available: {e!r}", stacklevel=1)
[36m(WorkerDict pid=3627507)[0m /home/p00938733/verl-090/verl/workers/engine/__init__.py:41: UserWarning: veomni engine is not available: ModuleNotFoundError("No module named 'veomni'")
[36m(WorkerDict pid=3627507)[0m   warnings.warn(f"veomni engine is not available: {e!r}", stacklevel=1)
[36m(WorkerDict pid=3627507)[0m /home/p00938733/verl-090/verl/workers/engine/__init__.py:50: UserWarning: automodel engine is not available: ModuleNotFoundError("No module named 'nemo_automodel'")
[36m(WorkerDict pid=3627507)[0m   warnings.warn(f"automodel engine is not available: {e!r}", stacklevel=1)
[36m(WorkerDict pid=3627503)[0m /opt/Megatron-Bridge/3rdparty/Megatron-LM/megatron/core/models/mimo/config/base_configs.py:12: UserWarning: MimoModelConfig is experimental and still under active development. The API may change without notice in future releases.
[36m(WorkerDict pid=3627503)[0m   class MimoModelConfig:
[36m(WorkerDict pid=3627503)[0m [transformers] `torch_dtype` is deprecated! Use `dtype` instead!
[36m(WorkerDict pid=3627503)[0m /opt/Megatron-Bridge/3rdparty/Megatron-LM/megatron/core/transformer/transformer_config.py:2191: UserWarning: full scope is deprecated. Use empty cuda_graph_modules to capture the whole layer.
[36m(WorkerDict pid=3627503)[0m   warnings.warn(
[36m(WorkerDict pid=3627503)[0m /opt/Megatron-Bridge/3rdparty/Megatron-LM/megatron/core/models/gpt/gpt_layer_specs.py:216: UserWarning: The fp8 argument in "get_gpt_layer_with_transformer_engine_spec" has been deprecated and will be removed soon. Please update your code accordingly.
[36m(WorkerDict pid=3627503)[0m   warnings.warn(
[36m(WorkerDict pid=3627502)[0m /opt/Megatron-Bridge/3rdparty/Megatron-LM/megatron/core/models/mimo/config/base_configs.py:12: UserWarning: MimoModelConfig is experimental and still under active development. The API may change without notice in future releases.
[36m(WorkerDict pid=3627502)[0m   class MimoModelConfig:
[36m(WorkerDict pid=3627502)[0m [transformers] `torch_dtype` is deprecated! Use `dtype` instead!
[36m(WorkerDict pid=3627502)[0m /opt/Megatron-Bridge/3rdparty/Megatron-LM/megatron/core/transformer/transformer_config.py:2191: UserWarning: full scope is deprecated. Use empty cuda_graph_modules to capture the whole layer.
[36m(WorkerDict pid=3627502)[0m   warnings.warn(
[36m(WorkerDict pid=3627502)[0m /opt/Megatron-Bridge/3rdparty/Megatron-LM/megatron/core/models/gpt/gpt_layer_specs.py:216: UserWarning: The fp8 argument in "get_gpt_layer_with_transformer_engine_spec" has been deprecated and will be removed soon. Please update your code accordingly.
[36m(WorkerDict pid=3627502)[0m   warnings.warn(
[36m(WorkerDict pid=3627501)[0m /opt/Megatron-Bridge/3rdparty/Megatron-LM/megatron/core/models/mimo/config/base_configs.py:12: UserWarning: MimoModelConfig is experimental and still under active development. The API may change without notice in future releases.
[36m(WorkerDict pid=3627501)[0m   class MimoModelConfig:
[36m(WorkerDict pid=3627504)[0m /opt/Megatron-Bridge/3rdparty/Megatron-LM/megatron/core/models/mimo/config/base_configs.py:12: UserWarning: MimoModelConfig is experimental and still under active development. The API may change without notice in future releases.
[36m(WorkerDict pid=3627504)[0m   class MimoModelConfig:
[36m(WorkerDict pid=3627504)[0m [transformers] `torch_dtype` is deprecated! Use `dtype` instead!
[36m(WorkerDict pid=3627504)[0m /opt/Megatron-Bridge/3rdparty/Megatron-LM/megatron/core/transformer/transformer_config.py:2191: UserWarning: full scope is deprecated. Use empty cuda_graph_modules to capture the whole layer.
[36m(WorkerDict pid=3627504)[0m   warnings.warn(
[36m(WorkerDict pid=3627504)[0m /opt/Megatron-Bridge/3rdparty/Megatron-LM/megatron/core/models/gpt/gpt_layer_specs.py:216: UserWarning: The fp8 argument in "get_gpt_layer_with_transformer_engine_spec" has been deprecated and will be removed soon. Please update your code accordingly.
[36m(WorkerDict pid=3627504)[0m   warnings.warn(
[36m(WorkerDict pid=3627501)[0m [transformers] `torch_dtype` is deprecated! Use `dtype` instead!
[36m(WorkerDict pid=3627501)[0m /opt/Megatron-Bridge/3rdparty/Megatron-LM/megatron/core/transformer/transformer_config.py:2191: UserWarning: full scope is deprecated. Use empty cuda_graph_modules to capture the whole layer.
[36m(WorkerDict pid=3627501)[0m   warnings.warn(
[36m(WorkerDict pid=3627501)[0m /opt/Megatron-Bridge/3rdparty/Megatron-LM/megatron/core/models/gpt/gpt_layer_specs.py:216: UserWarning: The fp8 argument in "get_gpt_layer_with_transformer_engine_spec" has been deprecated and will be removed soon. Please update your code accordingly.
[36m(WorkerDict pid=3627501)[0m   warnings.warn(
[36m(WorkerDict pid=3627505)[0m /opt/Megatron-Bridge/3rdparty/Megatron-LM/megatron/core/models/mimo/config/base_configs.py:12: UserWarning: MimoModelConfig is experimental and still under active development. The API may change without notice in future releases.
[36m(WorkerDict pid=3627505)[0m   class MimoModelConfig:
[36m(WorkerDict pid=3627505)[0m [transformers] `torch_dtype` is deprecated! Use `dtype` instead!
[36m(WorkerDict pid=3627505)[0m /opt/Megatron-Bridge/3rdparty/Megatron-LM/megatron/core/transformer/transformer_config.py:2191: UserWarning: full scope is deprecated. Use empty cuda_graph_modules to capture the whole layer.
[36m(WorkerDict pid=3627505)[0m   warnings.warn(
[36m(WorkerDict pid=3627505)[0m /opt/Megatron-Bridge/3rdparty/Megatron-LM/megatron/core/models/gpt/gpt_layer_specs.py:216: UserWarning: The fp8 argument in "get_gpt_layer_with_transformer_engine_spec" has been deprecated and will be removed soon. Please update your code accordingly.
[36m(WorkerDict pid=3627505)[0m   warnings.warn(
[36m(WorkerDict pid=3627507)[0m /opt/Megatron-Bridge/3rdparty/Megatron-LM/megatron/core/models/mimo/config/base_configs.py:12: UserWarning: MimoModelConfig is experimental and still under active development. The API may change without notice in future releases.
[36m(WorkerDict pid=3627507)[0m   class MimoModelConfig:
[36m(WorkerDict pid=3627507)[0m [transformers] `torch_dtype` is deprecated! Use `dtype` instead!
[36m(WorkerDict pid=3627507)[0m /opt/Megatron-Bridge/3rdparty/Megatron-LM/megatron/core/transformer/transformer_config.py:2191: UserWarning: full scope is deprecated. Use empty cuda_graph_modules to capture the whole layer.
[36m(WorkerDict pid=3627507)[0m   warnings.warn(
[36m(WorkerDict pid=3627507)[0m /opt/Megatron-Bridge/3rdparty/Megatron-LM/megatron/core/models/gpt/gpt_layer_specs.py:216: UserWarning: The fp8 argument in "get_gpt_layer_with_transformer_engine_spec" has been deprecated and will be removed soon. Please update your code accordingly.
[36m(WorkerDict pid=3627507)[0m   warnings.warn(
[36m(WorkerDict pid=3627506)[0m /opt/Megatron-Bridge/3rdparty/Megatron-LM/megatron/core/models/mimo/config/base_configs.py:12: UserWarning: MimoModelConfig is experimental and still under active development. The API may change without notice in future releases.
[36m(WorkerDict pid=3627506)[0m   class MimoModelConfig:
[36m(WorkerDict pid=3627506)[0m [transformers] `torch_dtype` is deprecated! Use `dtype` instead!
[36m(WorkerDict pid=3627506)[0m /opt/Megatron-Bridge/3rdparty/Megatron-LM/megatron/core/transformer/transformer_config.py:2191: UserWarning: full scope is deprecated. Use empty cuda_graph_modules to capture the whole layer.
[36m(WorkerDict pid=3627506)[0m   warnings.warn(
[36m(WorkerDict pid=3627506)[0m /opt/Megatron-Bridge/3rdparty/Megatron-LM/megatron/core/models/gpt/gpt_layer_specs.py:216: UserWarning: The fp8 argument in "get_gpt_layer_with_transformer_engine_spec" has been deprecated and will be removed soon. Please update your code accordingly.
[36m(WorkerDict pid=3627506)[0m   warnings.warn(
[36m(WorkerDict pid=3627508)[0m /opt/Megatron-Bridge/3rdparty/Megatron-LM/megatron/core/models/mimo/config/base_configs.py:12: UserWarning: MimoModelConfig is experimental and still under active development. The API may change without notice in future releases.
[36m(WorkerDict pid=3627508)[0m   class MimoModelConfig:
[36m(WorkerDict pid=3627508)[0m [transformers] `torch_dtype` is deprecated! Use `dtype` instead!
[36m(WorkerDict pid=3627508)[0m /opt/Megatron-Bridge/3rdparty/Megatron-LM/megatron/core/transformer/transformer_config.py:2191: UserWarning: full scope is deprecated. Use empty cuda_graph_modules to capture the whole layer.
[36m(WorkerDict pid=3627508)[0m   warnings.warn(
[36m(WorkerDict pid=3627508)[0m /opt/Megatron-Bridge/3rdparty/Megatron-LM/megatron/core/models/gpt/gpt_layer_specs.py:216: UserWarning: The fp8 argument in "get_gpt_layer_with_transformer_engine_spec" has been deprecated and will be removed soon. Please update your code accordingly.
[36m(WorkerDict pid=3627508)[0m   warnings.warn(
[36m(WorkerDict pid=3627503)[0m /opt/dev/lib/python3.12/site-packages/transformer_engine/pytorch/module/base.py:1481: UserWarning: To guarantee overlapping TP and SP collectives with the backwardGEMMs, set environment variable CUDA_DEVICE_MAX_CONNECTIONS = 1
[36m(WorkerDict pid=3627503)[0m   warnings.warn(
[36m(WorkerDict pid=3627502)[0m /opt/dev/lib/python3.12/site-packages/transformer_engine/pytorch/module/base.py:1481: UserWarning: To guarantee overlapping TP and SP collectives with the backwardGEMMs, set environment variable CUDA_DEVICE_MAX_CONNECTIONS = 1
[36m(WorkerDict pid=3627502)[0m   warnings.warn(
[36m(WorkerDict pid=3627504)[0m /opt/dev/lib/python3.12/site-packages/transformer_engine/pytorch/module/base.py:1481: UserWarning: To guarantee overlapping TP and SP collectives with the backwardGEMMs, set environment variable CUDA_DEVICE_MAX_CONNECTIONS = 1
[36m(WorkerDict pid=3627504)[0m   warnings.warn(
[36m(WorkerDict pid=3627501)[0m /opt/dev/lib/python3.12/site-packages/transformer_engine/pytorch/module/base.py:1481: UserWarning: To guarantee overlapping TP and SP collectives with the backwardGEMMs, set environment variable CUDA_DEVICE_MAX_CONNECTIONS = 1
[36m(WorkerDict pid=3627501)[0m   warnings.warn(
[36m(WorkerDict pid=3627503)[0m module: 1
[36m(WorkerDict pid=3627505)[0m /opt/dev/lib/python3.12/site-packages/transformer_engine/pytorch/module/base.py:1481: UserWarning: To guarantee overlapping TP and SP collectives with the backwardGEMMs, set environment variable CUDA_DEVICE_MAX_CONNECTIONS = 1
[36m(WorkerDict pid=3627505)[0m   warnings.warn(
[36m(WorkerDict pid=3627507)[0m /opt/dev/lib/python3.12/site-packages/transformer_engine/pytorch/module/base.py:1481: UserWarning: To guarantee overlapping TP and SP collectives with the backwardGEMMs, set environment variable CUDA_DEVICE_MAX_CONNECTIONS = 1
[36m(WorkerDict pid=3627507)[0m   warnings.warn(
[36m(WorkerDict pid=3627506)[0m /opt/dev/lib/python3.12/site-packages/transformer_engine/pytorch/module/base.py:1481: UserWarning: To guarantee overlapping TP and SP collectives with the backwardGEMMs, set environment variable CUDA_DEVICE_MAX_CONNECTIONS = 1
[36m(WorkerDict pid=3627506)[0m   warnings.warn(
[36m(WorkerDict pid=3627508)[0m /opt/dev/lib/python3.12/site-packages/transformer_engine/pytorch/module/base.py:1481: UserWarning: To guarantee overlapping TP and SP collectives with the backwardGEMMs, set environment variable CUDA_DEVICE_MAX_CONNECTIONS = 1
[36m(WorkerDict pid=3627508)[0m   warnings.warn(
[36m(WorkerDict pid=3627502)[0m  > number of parameters on (tensor, pipeline) model parallel rank (1, 0): 2047758848
[36m(WorkerDict pid=3627502)[0m module: 1
[36m(WorkerDict pid=3627501)[0m  > number of parameters on (tensor, pipeline) model parallel rank (0, 0): 2047758848
[36m(WorkerDict pid=3627501)[0m module: 1
[36m(WorkerDict pid=3627504)[0m module: 1
[36m(WorkerDict pid=3627508)[0m module: 1
[36m(WorkerDict pid=3627505)[0m  > number of parameters on (tensor, pipeline) model parallel rank (0, 1): 2047762944
[36m(WorkerDict pid=3627505)[0m module: 1
[36m(WorkerDict pid=3627505)[0m NCCL version 2.28.9+cuda12.9
[36m(WorkerDict pid=3627506)[0m  > number of parameters on (tensor, pipeline) model parallel rank (1, 1): 2047762944
[36m(WorkerDict pid=3627506)[0m module: 1
[36m(WorkerDict pid=3627507)[0m module: 1
[36m(WorkerDict pid=3627507)[0m NCCL version 2.28.9+cuda12.9
[36m(WorkerDict pid=3627501)[0m NCCL version 2.28.9+cuda12.9
[36m(WorkerDict pid=3627503)[0m NCCL version 2.28.9+cuda12.9
[36m(WorkerDict pid=3627503)[0m /home/p00938733/verl-090/verl/utils/megatron_utils.py:627: UserWarning: TypedStorage is deprecated. It will be removed in the future and UntypedStorage will be the only storage class. This should only matter to you if you are using storages directly.  To access UntypedStorage directly, use tensor.untyped_storage() instead of tensor.storage()
[36m(WorkerDict pid=3627503)[0m   tensor.storage().size() == tensor.numel()
[36m(WorkerDict pid=3627504)[0m /home/p00938733/verl-090/verl/utils/megatron_utils.py:627: UserWarning: TypedStorage is deprecated. It will be removed in the future and UntypedStorage will be the only storage class. This should only matter to you if you are using storages directly.  To access UntypedStorage directly, use tensor.untyped_storage() instead of tensor.storage()
[36m(WorkerDict pid=3627504)[0m   tensor.storage().size() == tensor.numel()
[36m(WorkerDict pid=3627503)[0m module: 1
[36m(WorkerDict pid=3627504)[0m module: 1
[36m(WorkerDict pid=3627501)[0m Loading from /home/p00938733/Qwen3-8B ━━━━━━━━━━━━━━━━━━━━━━━━━━━━━━━━━━━━━━━━ 100% 0:00:00 (291/291) Qwen3Bridge
[36m(WorkerDict pid=3627501)[0m Float16Module contains 2.05B parameters
[36m(WorkerDict pid=3627502)[0m /home/p00938733/verl-090/verl/utils/megatron_utils.py:627: UserWarning: TypedStorage is deprecated. It will be removed in the future and UntypedStorage will be the only storage class. This should only matter to you if you are using storages directly.  To access UntypedStorage directly, use tensor.untyped_storage() instead of tensor.storage()
[36m(WorkerDict pid=3627502)[0m   tensor.storage().size() == tensor.numel()
[36m(WorkerDict pid=3627501)[0m /home/p00938733/verl-090/verl/utils/megatron_utils.py:627: UserWarning: TypedStorage is deprecated. It will be removed in the future and UntypedStorage will be the only storage class. This should only matter to you if you are using storages directly.  To access UntypedStorage directly, use tensor.untyped_storage() instead of tensor.storage()
[36m(WorkerDict pid=3627501)[0m   tensor.storage().size() == tensor.numel()
[36m(WorkerDict pid=3627502)[0m  > number of parameters on (tensor, pipeline) model parallel rank (1, 0): 2047758848
[36m(WorkerDict pid=3627502)[0m module: 1
[36m(WorkerDict pid=3627501)[0m  > number of parameters on (tensor, pipeline) model parallel rank (0, 0): 2047758848
[36m(WorkerDict pid=3627501)[0m module: 1
[36m(WorkerDict pid=3627508)[0m /home/p00938733/verl-090/verl/utils/megatron_utils.py:627: UserWarning: TypedStorage is deprecated. It will be removed in the future and UntypedStorage will be the only storage class. This should only matter to you if you are using storages directly.  To access UntypedStorage directly, use tensor.untyped_storage() instead of tensor.storage()
[36m(WorkerDict pid=3627508)[0m   tensor.storage().size() == tensor.numel()
[36m(WorkerDict pid=3627507)[0m /home/p00938733/verl-090/verl/utils/megatron_utils.py:627: UserWarning: TypedStorage is deprecated. It will be removed in the future and UntypedStorage will be the only storage class. This should only matter to you if you are using storages directly.  To access UntypedStorage directly, use tensor.untyped_storage() instead of tensor.storage()
[36m(WorkerDict pid=3627507)[0m   tensor.storage().size() == tensor.numel()
[36m(WorkerDict pid=3627505)[0m /home/p00938733/verl-090/verl/utils/megatron_utils.py:627: UserWarning: TypedStorage is deprecated. It will be removed in the future and UntypedStorage will be the only storage class. This should only matter to you if you are using storages directly.  To access UntypedStorage directly, use tensor.untyped_storage() instead of tensor.storage()
[36m(WorkerDict pid=3627505)[0m   tensor.storage().size() == tensor.numel()
[36m(WorkerDict pid=3627506)[0m /home/p00938733/verl-090/verl/utils/megatron_utils.py:627: UserWarning: TypedStorage is deprecated. It will be removed in the future and UntypedStorage will be the only storage class. This should only matter to you if you are using storages directly.  To access UntypedStorage directly, use tensor.untyped_storage() instead of tensor.storage()
[36m(WorkerDict pid=3627506)[0m   tensor.storage().size() == tensor.numel()
[36m(WorkerDict pid=3627508)[0m module: 1
[36m(WorkerDict pid=3627506)[0m  > number of parameters on (tensor, pipeline) model parallel rank (1, 1): 2047762944
[36m(WorkerDict pid=3627506)[0m module: 1
[36m(WorkerDict pid=3627507)[0m module: 1
[36m(WorkerDict pid=3627505)[0m  > number of parameters on (tensor, pipeline) model parallel rank (0, 1): 2047762944
[36m(WorkerDict pid=3627505)[0m module: 1
[36m(WorkerDict pid=3627501)[0m Loading from /home/p00938733/Qwen3-8B ━━━━━━━━━━━━━━━━━━━━━━━━━━━━━━━━━━━━━━━━ 100% 0:00:00 (291/291) Qwen3Bridge
[36m(WorkerDict pid=3627501)[0m DistributedDataParallel contains 2.05B parameters
[36m(WorkerDict pid=3627501)[0m optimizer config after override: {'optimizer': 'adam', 'lr': 0.0, 'min_lr': 0.0, 'clip_grad': 1.0, 'weight_decay': 0.01, 'use_distributed_optimizer': True, 'bf16': True, 'params_dtype': torch.bfloat16}
[36m(TaskRunnerV1 pid=3626258)[0m INFO:2026-09-10 22:48:20,626:actor and ref model engine initialized
[36m(TaskRunnerV1 pid=3626258)[0m INFO:2026-09-10 22:48:20,806:reward loop manager initialized
[36m(TaskRunnerV1 pid=3626258)[0m [transformers] `Qwen2VLImageProcessorFast` is deprecated. The `Fast` suffix for image processors has been removed; use `Qwen2VLImageProcessor` instead.
[36m(pid=3631068)[0m [transformers] `Qwen2VLImageProcessorFast` is deprecated. The `Fast` suffix for image processors has been removed; use `Qwen2VLImageProcessor` instead.
[36m(pid=3631065)[0m [transformers] `Qwen2VLImageProcessorFast` is deprecated. The `Fast` suffix for image processors has been removed; use `Qwen2VLImageProcessor` instead.
[36m(vLLMHttpServer pid=3631068)[0m WARNING 09-10 22:48:39 [envs.py:2057] Unknown vLLM environment variable detected: VLLM_USE_V1
[36m(vLLMHttpServer pid=3631068)[0m WARNING 09-10 22:48:42 [system_utils.py:157] We must use the `spawn` multiprocessing start method. Overriding VLLM_WORKER_MULTIPROC_METHOD to 'spawn'. See https://docs.vllm.ai/en/latest/usage/troubleshooting.html#python-multiprocessing for more information. Reasons: In a Ray actor and can only be spawned; CUDA is initialized
[36m(vLLMHttpServer pid=3631065)[0m ['serve',
[36m(vLLMHttpServer pid=3631065)[0m  '/home/p00938733/Qwen3-8B',
[36m(vLLMHttpServer pid=3631065)[0m  '--dtype',
[36m(vLLMHttpServer pid=3631065)[0m  'bfloat16',
[36m(vLLMHttpServer pid=3631065)[0m  '--load_format',
[36m(vLLMHttpServer pid=3631065)[0m  'dummy',
[36m(vLLMHttpServer pid=3631065)[0m  '--distributed_executor_backend',
[36m(vLLMHttpServer pid=3631065)[0m  'mp',
[36m(vLLMHttpServer pid=3631065)[0m  '--worker_extension_cls',
[36m(vLLMHttpServer pid=3631065)[0m  'verl.workers.rollout.vllm_rollout.utils.vLLMColocateWorkerExtension',
[36m(vLLMHttpServer pid=3631065)[0m  '--max_model_len',
[36m(vLLMHttpServer pid=3631065)[0m  '20736',
[36m(vLLMHttpServer pid=3631065)[0m  '--max_num_seqs',
[36m(vLLMHttpServer pid=3631065)[0m  '256',
[36m(vLLMHttpServer pid=3631065)[0m  '--enable_chunked_prefill',
[36m(vLLMHttpServer pid=3631065)[0m  '--max_num_batched_tokens',
[36m(vLLMHttpServer pid=3631065)[0m  '65536',
[36m(vLLMHttpServer pid=3631065)[0m  '--enable_prefix_caching',
[36m(vLLMHttpServer pid=3631065)[0m  '--enable_sleep_mode',
[36m(vLLMHttpServer pid=3631065)[0m  '--logprobs_mode',
[36m(vLLMHttpServer pid=3631065)[0m  'processed_logprobs',
[36m(vLLMHttpServer pid=3631065)[0m  '--gpu_memory_utilization',
[36m(vLLMHttpServer pid=3631065)[0m  '0.5',
[36m(vLLMHttpServer pid=3631065)[0m  '--disable_log_stats',
[36m(vLLMHttpServer pid=3631065)[0m  '--tensor_parallel_size',
[36m(vLLMHttpServer pid=3631065)[0m  '4',
[36m(vLLMHttpServer pid=3631065)[0m  '--seed',
[36m(vLLMHttpServer pid=3631065)[0m  '42',
[36m(vLLMHttpServer pid=3631065)[0m  '--override_generation_config',
[36m(vLLMHttpServer pid=3631065)[0m  '{"temperature": 1.0, "top_k": -1, "top_p": 0.95, "repetition_penalty": 1.0, '
[36m(vLLMHttpServer pid=3631065)[0m  '"max_new_tokens": 4096}',
[36m(vLLMHttpServer pid=3631065)[0m  '--hf_overrides',
[36m(vLLMHttpServer pid=3631065)[0m  '{}',
[36m(vLLMHttpServer pid=3631065)[0m  '--scheduling_policy',
[36m(vLLMHttpServer pid=3631065)[0m  'fcfs',
[36m(vLLMHttpServer pid=3631065)[0m  '--compilation_config',
[36m(vLLMHttpServer pid=3631065)[0m  '{"cudagraph_mode": "FULL_AND_PIECEWISE"}']
[36m(vLLMHttpServer pid=3631065)[0m WARNING 09-10 22:48:43 [envs.py:2057] Unknown vLLM environment variable detected: VLLM_USE_V1
[36m(vLLMHttpServer pid=3631065)[0m WARNING 09-10 22:48:46 [system_utils.py:157] We must use the `spawn` multiprocessing start method. Overriding VLLM_WORKER_MULTIPROC_METHOD to 'spawn'. See https://docs.vllm.ai/en/latest/usage/troubleshooting.html#python-multiprocessing for more information. Reasons: In a Ray actor and can only be spawned; CUDA is initialized
[36m(vLLMHttpServer pid=3631068)[0m [transformers] `Qwen2VLImageProcessorFast` is deprecated. The `Fast` suffix for image processors has been removed; use `Qwen2VLImageProcessor` instead.
[36m(vLLMHttpServer pid=3631068)[0m [transformers] `Qwen2VLImageProcessorFast` is deprecated. The `Fast` suffix for image processors has been removed; use `Qwen2VLImageProcessor` instead.
[36m(vLLMHttpServer pid=3631068)[0m [transformers] `Qwen2VLImageProcessorFast` is deprecated. The `Fast` suffix for image processors has been removed; use `Qwen2VLImageProcessor` instead.
[36m(vLLMHttpServer pid=3631068)[0m [transformers] `Qwen2VLImageProcessorFast` is deprecated. The `Fast` suffix for image processors has been removed; use `Qwen2VLImageProcessor` instead.
[36m(vLLMHttpServer pid=3631068)[0m (Worker pid=3631875) <frozen importlib._bootstrap_external>:1297: FutureWarning: The cuda.cudart module is deprecated and will be removed in a future release, please switch to use the cuda.bindings.runtime module instead.
[36m(vLLMHttpServer pid=3631068)[0m (Worker pid=3631875) <frozen importlib._bootstrap_external>:1297: FutureWarning: The cuda.nvrtc module is deprecated and will be removed in a future release, please switch to use the cuda.bindings.nvrtc module instead.
[36m(vLLMHttpServer pid=3631068)[0m (Worker pid=3631873) <frozen importlib._bootstrap_external>:1297: FutureWarning: The cuda.cudart module is deprecated and will be removed in a future release, please switch to use the cuda.bindings.runtime module instead.
[36m(vLLMHttpServer pid=3631068)[0m (Worker pid=3631873) <frozen importlib._bootstrap_external>:1297: FutureWarning: The cuda.nvrtc module is deprecated and will be removed in a future release, please switch to use the cuda.bindings.nvrtc module instead.
[36m(vLLMHttpServer pid=3631068)[0m (Worker pid=3631874) <frozen importlib._bootstrap_external>:1297: FutureWarning: The cuda.cudart module is deprecated and will be removed in a future release, please switch to use the cuda.bindings.runtime module instead.
[36m(vLLMHttpServer pid=3631068)[0m (Worker pid=3631874) <frozen importlib._bootstrap_external>:1297: FutureWarning: The cuda.nvrtc module is deprecated and will be removed in a future release, please switch to use the cuda.bindings.nvrtc module instead.
[36m(vLLMHttpServer pid=3631068)[0m (Worker pid=3631876) <frozen importlib._bootstrap_external>:1297: FutureWarning: The cuda.cudart module is deprecated and will be removed in a future release, please switch to use the cuda.bindings.runtime module instead.
[36m(vLLMHttpServer pid=3631068)[0m (Worker pid=3631876) <frozen importlib._bootstrap_external>:1297: FutureWarning: The cuda.nvrtc module is deprecated and will be removed in a future release, please switch to use the cuda.bindings.nvrtc module instead.
[36m(vLLMHttpServer pid=3631068)[0m NCCL version 2.28.9+cuda12.9
[36m(vLLMHttpServer pid=3631068)[0m (Worker pid=3631873) WARNING 09-10 22:49:07 [symm_mem.py:66] SymmMemCommunicator: Device capability 8.0 not supported, communicator is not available.
[36m(vLLMHttpServer pid=3631068)[0m (Worker pid=3631875) WARNING 09-10 22:49:07 [symm_mem.py:66] SymmMemCommunicator: Device capability 8.0 not supported, communicator is not available.
[36m(vLLMHttpServer pid=3631068)[0m (Worker pid=3631876) WARNING 09-10 22:49:07 [symm_mem.py:66] SymmMemCommunicator: Device capability 8.0 not supported, communicator is not available.
[36m(vLLMHttpServer pid=3631068)[0m (Worker pid=3631874) WARNING 09-10 22:49:07 [symm_mem.py:66] SymmMemCommunicator: Device capability 8.0 not supported, communicator is not available.
[36m(vLLMHttpServer pid=3631065)[0m [transformers] `Qwen2VLImageProcessorFast` is deprecated. The `Fast` suffix for image processors has been removed; use `Qwen2VLImageProcessor` instead.
[36m(vLLMHttpServer pid=3631065)[0m [transformers] `Qwen2VLImageProcessorFast` is deprecated. The `Fast` suffix for image processors has been removed; use `Qwen2VLImageProcessor` instead.
[36m(vLLMHttpServer pid=3631065)[0m [transformers] `Qwen2VLImageProcessorFast` is deprecated. The `Fast` suffix for image processors has been removed; use `Qwen2VLImageProcessor` instead.
[36m(vLLMHttpServer pid=3631065)[0m [transformers] `Qwen2VLImageProcessorFast` is deprecated. The `Fast` suffix for image processors has been removed; use `Qwen2VLImageProcessor` instead.
[36m(vLLMHttpServer pid=3631065)[0m (Worker pid=3632076) <frozen importlib._bootstrap_external>:1297: FutureWarning: The cuda.cudart module is deprecated and will be removed in a future release, please switch to use the cuda.bindings.runtime module instead.
[36m(vLLMHttpServer pid=3631065)[0m (Worker pid=3632076) <frozen importlib._bootstrap_external>:1297: FutureWarning: The cuda.nvrtc module is deprecated and will be removed in a future release, please switch to use the cuda.bindings.nvrtc module instead.
[36m(vLLMHttpServer pid=3631065)[0m (Worker pid=3632075) <frozen importlib._bootstrap_external>:1297: FutureWarning: The cuda.cudart module is deprecated and will be removed in a future release, please switch to use the cuda.bindings.runtime module instead.
[36m(vLLMHttpServer pid=3631065)[0m (Worker pid=3632073) <frozen importlib._bootstrap_external>:1297: FutureWarning: The cuda.cudart module is deprecated and will be removed in a future release, please switch to use the cuda.bindings.runtime module instead.
[36m(vLLMHttpServer pid=3631065)[0m (Worker pid=3632075) <frozen importlib._bootstrap_external>:1297: FutureWarning: The cuda.nvrtc module is deprecated and will be removed in a future release, please switch to use the cuda.bindings.nvrtc module instead.
[36m(vLLMHttpServer pid=3631065)[0m (Worker pid=3632073) <frozen importlib._bootstrap_external>:1297: FutureWarning: The cuda.nvrtc module is deprecated and will be removed in a future release, please switch to use the cuda.bindings.nvrtc module instead.
[36m(vLLMHttpServer pid=3631065)[0m (Worker pid=3632074) <frozen importlib._bootstrap_external>:1297: FutureWarning: The cuda.cudart module is deprecated and will be removed in a future release, please switch to use the cuda.bindings.runtime module instead.
[36m(vLLMHttpServer pid=3631065)[0m (Worker pid=3632074) <frozen importlib._bootstrap_external>:1297: FutureWarning: The cuda.nvrtc module is deprecated and will be removed in a future release, please switch to use the cuda.bindings.nvrtc module instead.
[36m(vLLMHttpServer pid=3631065)[0m NCCL version 2.28.9+cuda12.9
[36m(vLLMHttpServer pid=3631065)[0m (Worker pid=3632076) WARNING 09-10 22:49:11 [symm_mem.py:66] SymmMemCommunicator: Device capability 8.0 not supported, communicator is not available.
[36m(vLLMHttpServer pid=3631065)[0m (Worker pid=3632075) WARNING 09-10 22:49:11 [symm_mem.py:66] SymmMemCommunicator: Device capability 8.0 not supported, communicator is not available.
[36m(vLLMHttpServer pid=3631065)[0m (Worker pid=3632073) WARNING 09-10 22:49:11 [symm_mem.py:66] SymmMemCommunicator: Device capability 8.0 not supported, communicator is not available.
[36m(vLLMHttpServer pid=3631065)[0m (Worker pid=3632074) WARNING 09-10 22:49:11 [symm_mem.py:66] SymmMemCommunicator: Device capability 8.0 not supported, communicator is not available.
[36m(vLLMHttpServer pid=3631068)[0m (Worker_TP0 pid=3631873) Capturing CUDA graphs (PIECEWISE):   0%|          | 0/51 [00:00<?, ?it/s]
[36m(vLLMHttpServer pid=3631068)[0m Capturing CUDA graphs (PIECEWISE):   4%|▍         | 2/51 [00:00<00:03, 12.70it/s]
[36m(vLLMHttpServer pid=3631068)[0m Capturing CUDA graphs (PIECEWISE):   8%|▊         | 4/51 [00:00<00:05,  8.54it/s]
[36m(vLLMHttpServer pid=3631068)[0m Capturing CUDA graphs (PIECEWISE):  14%|█▎        | 7/51 [00:00<00:03, 13.20it/s]
[36m(vLLMHttpServer pid=3631068)[0m Capturing CUDA graphs (PIECEWISE):  20%|█▉        | 10/51 [00:00<00:02, 16.04it/s]
[36m(vLLMHttpServer pid=3631068)[0m Capturing CUDA graphs (PIECEWISE):  25%|██▌       | 13/51 [00:00<00:02, 18.23it/s]
[36m(vLLMHttpServer pid=3631068)[0m Capturing CUDA graphs (PIECEWISE):  31%|███▏      | 16/51 [00:00<00:01, 19.29it/s]
[36m(vLLMHttpServer pid=3631068)[0m Capturing CUDA graphs (PIECEWISE):  37%|███▋      | 19/51 [00:01<00:01, 20.17it/s]
[36m(vLLMHttpServer pid=3631068)[0m Capturing CUDA graphs (PIECEWISE):  43%|████▎     | 22/51 [00:01<00:01, 21.13it/s]
[36m(vLLMHttpServer pid=3631068)[0m Capturing CUDA graphs (PIECEWISE):  49%|████▉     | 25/51 [00:01<00:01, 21.50it/s]
[36m(vLLMHttpServer pid=3631068)[0m Capturing CUDA graphs (PIECEWISE):  55%|█████▍    | 28/51 [00:01<00:01, 21.98it/s]
[36m(vLLMHttpServer pid=3631068)[0m Capturing CUDA graphs (PIECEWISE):  61%|██████    | 31/51 [00:01<00:00, 22.49it/s]
[36m(vLLMHttpServer pid=3631068)[0m Capturing CUDA graphs (PIECEWISE):  67%|██████▋   | 34/51 [00:01<00:00, 22.73it/s]
[36m(vLLMHttpServer pid=3631068)[0m Capturing CUDA graphs (PIECEWISE):  73%|███████▎  | 37/51 [00:01<00:00, 22.76it/s]
[36m(vLLMHttpServer pid=3631068)[0m Capturing CUDA graphs (PIECEWISE):  78%|███████▊  | 40/51 [00:02<00:00, 22.67it/s]
[36m(vLLMHttpServer pid=3631068)[0m Capturing CUDA graphs (PIECEWISE):  84%|████████▍ | 43/51 [00:02<00:00, 22.78it/s]
[36m(vLLMHttpServer pid=3631068)[0m Capturing CUDA graphs (PIECEWISE):  90%|█████████ | 46/51 [00:02<00:00, 22.20it/s]
[36m(vLLMHttpServer pid=3631068)[0m Capturing CUDA graphs (PIECEWISE):  96%|█████████▌| 49/51 [00:02<00:00, 21.09it/s]
[36m(vLLMHttpServer pid=3631068)[0m Capturing CUDA graphs (PIECEWISE): 100%|██████████| 51/51 [00:02<00:00, 19.75it/s]
[36m(vLLMHttpServer pid=3631068)[0m (Worker_TP0 pid=3631873) Capturing CUDA graphs (FULL):   0%|          | 0/35 [00:00<?, ?it/s]
[36m(vLLMHttpServer pid=3631068)[0m Capturing CUDA graphs (FULL):   6%|▌         | 2/35 [00:00<00:02, 15.41it/s]
[36m(vLLMHttpServer pid=3631068)[0m Capturing CUDA graphs (FULL):  11%|█▏        | 4/35 [00:00<00:02, 12.86it/s]
[36m(vLLMHttpServer pid=3631068)[0m Capturing CUDA graphs (FULL):  17%|█▋        | 6/35 [00:00<00:02, 14.18it/s]
[36m(vLLMHttpServer pid=3631065)[0m (Worker_TP0 pid=3632073) Capturing CUDA graphs (PIECEWISE):   0%|          | 0/51 [00:00<?, ?it/s]
[36m(vLLMHttpServer pid=3631068)[0m Capturing CUDA graphs (FULL):  26%|██▌       | 9/35 [00:00<00:01, 16.81it/s]
[36m(vLLMHttpServer pid=3631065)[0m Capturing CUDA graphs (PIECEWISE):   4%|▍         | 2/51 [00:00<00:02, 17.30it/s]
[36m(vLLMHttpServer pid=3631068)[0m Capturing CUDA graphs (FULL):  34%|███▍      | 12/35 [00:00<00:01, 19.07it/s]
[36m(vLLMHttpServer pid=3631065)[0m Capturing CUDA graphs (PIECEWISE):  10%|▉         | 5/51 [00:00<00:02, 19.98it/s]
[36m(vLLMHttpServer pid=3631068)[0m Capturing CUDA graphs (FULL):  43%|████▎     | 15/35 [00:00<00:00, 20.34it/s]
[36m(vLLMHttpServer pid=3631065)[0m Capturing CUDA graphs (PIECEWISE):  16%|█▌        | 8/51 [00:00<00:01, 21.54it/s]
[36m(vLLMHttpServer pid=3631068)[0m Capturing CUDA graphs (FULL):  51%|█████▏    | 18/35 [00:00<00:00, 21.26it/s]
[36m(vLLMHttpServer pid=3631065)[0m Capturing CUDA graphs (PIECEWISE):  22%|██▏       | 11/51 [00:00<00:01, 21.73it/s]
[36m(vLLMHttpServer pid=3631068)[0m Capturing CUDA graphs (FULL):  60%|██████    | 21/35 [00:01<00:00, 21.79it/s]
[36m(vLLMHttpServer pid=3631065)[0m Capturing CUDA graphs (PIECEWISE):  27%|██▋       | 14/51 [00:00<00:01, 22.24it/s]
[36m(vLLMHttpServer pid=3631068)[0m Capturing CUDA graphs (FULL):  69%|██████▊   | 24/35 [00:01<00:00, 22.24it/s]
[36m(vLLMHttpServer pid=3631065)[0m Capturing CUDA graphs (PIECEWISE):  33%|███▎      | 17/51 [00:00<00:01, 22.61it/s]
[36m(vLLMHttpServer pid=3631068)[0m Capturing CUDA graphs (FULL):  77%|███████▋  | 27/35 [00:01<00:00, 22.70it/s]
[36m(vLLMHttpServer pid=3631065)[0m Capturing CUDA graphs (PIECEWISE):  39%|███▉      | 20/51 [00:00<00:01, 22.92it/s]
[36m(vLLMHttpServer pid=3631068)[0m Capturing CUDA graphs (FULL):  86%|████████▌ | 30/35 [00:01<00:00, 23.23it/s]
[36m(vLLMHttpServer pid=3631065)[0m Capturing CUDA graphs (PIECEWISE):  45%|████▌     | 23/51 [00:01<00:01, 23.01it/s]
[36m(vLLMHttpServer pid=3631068)[0m Capturing CUDA graphs (FULL):  94%|█████████▍| 33/35 [00:01<00:00, 23.66it/s]
[36m(vLLMHttpServer pid=3631065)[0m Capturing CUDA graphs (PIECEWISE):  51%|█████     | 26/51 [00:01<00:01, 23.10it/s]
[36m(vLLMHttpServer pid=3631068)[0m Capturing CUDA graphs (FULL): 100%|██████████| 35/35 [00:01<00:00, 20.98it/s]
[36m(vLLMHttpServer pid=3631065)[0m Capturing CUDA graphs (PIECEWISE):  57%|█████▋    | 29/51 [00:01<00:00, 23.23it/s]
[36m(vLLMHttpServer pid=3631065)[0m Capturing CUDA graphs (PIECEWISE):  63%|██████▎   | 32/51 [00:01<00:00, 23.26it/s]
[36m(vLLMHttpServer pid=3631065)[0m Capturing CUDA graphs (PIECEWISE):  69%|██████▊   | 35/51 [00:01<00:00, 23.08it/s]
[36m(vLLMHttpServer pid=3631065)[0m Capturing CUDA graphs (PIECEWISE):  75%|███████▍  | 38/51 [00:01<00:00, 23.09it/s]
[36m(vLLMHttpServer pid=3631065)[0m Capturing CUDA graphs (PIECEWISE):  80%|████████  | 41/51 [00:01<00:00, 20.90it/s]
[36m(vLLMHttpServer pid=3631065)[0m Capturing CUDA graphs (PIECEWISE):  86%|████████▋ | 44/51 [00:02<00:00, 18.15it/s]
[36m(vLLMHttpServer pid=3631065)[0m Capturing CUDA graphs (PIECEWISE):  90%|█████████ | 46/51 [00:02<00:00, 16.34it/s]
[36m(vLLMHttpServer pid=3631065)[0m Capturing CUDA graphs (PIECEWISE):  94%|█████████▍| 48/51 [00:02<00:00, 16.68it/s]
[36m(vLLMHttpServer pid=3631065)[0m Capturing CUDA graphs (PIECEWISE):  98%|█████████▊| 50/51 [00:02<00:00, 17.33it/s]
[36m(vLLMHttpServer pid=3631065)[0m Capturing CUDA graphs (PIECEWISE): 100%|██████████| 51/51 [00:02<00:00, 20.34it/s]
[36m(vLLMHttpServer pid=3631065)[0m (Worker_TP0 pid=3632073) Capturing CUDA graphs (FULL):   0%|          | 0/35 [00:00<?, ?it/s]
[36m(vLLMHttpServer pid=3631065)[0m Capturing CUDA graphs (FULL):   9%|▊         | 3/35 [00:00<00:01, 21.72it/s]
[36m(vLLMHttpServer pid=3631065)[0m Capturing CUDA graphs (FULL):  17%|█▋        | 6/35 [00:00<00:01, 21.93it/s]
[36m(vLLMHttpServer pid=3631065)[0m Capturing CUDA graphs (FULL):  26%|██▌       | 9/35 [00:00<00:01, 22.17it/s]
[36m(vLLMHttpServer pid=3631065)[0m Capturing CUDA graphs (FULL):  34%|███▍      | 12/35 [00:00<00:01, 22.60it/s]
[36m(vLLMHttpServer pid=3631065)[0m Capturing CUDA graphs (FULL):  43%|████▎     | 15/35 [00:00<00:00, 22.74it/s]
[36m(vLLMHttpServer pid=3631065)[0m Capturing CUDA graphs (FULL):  51%|█████▏    | 18/35 [00:00<00:00, 22.87it/s]
[36m(vLLMHttpServer pid=3631065)[0m Capturing CUDA graphs (FULL):  60%|██████    | 21/35 [00:00<00:00, 22.86it/s]
[36m(vLLMHttpServer pid=3631065)[0m Capturing CUDA graphs (FULL):  69%|██████▊   | 24/35 [00:01<00:00, 22.93it/s]
[36m(vLLMHttpServer pid=3631065)[0m Capturing CUDA graphs (FULL):  77%|███████▋  | 27/35 [00:01<00:00, 23.02it/s]
[36m(vLLMHttpServer pid=3631065)[0m Capturing CUDA graphs (FULL):  86%|████████▌ | 30/35 [00:01<00:00, 23.07it/s]
[36m(vLLMHttpServer pid=3631068)[0m WARNING 09-10 22:49:32 [api_router.py:30] LoRA dynamic loading & unloading is enabled in the API server. This should ONLY be used for local development!
[36m(vLLMHttpServer pid=3631065)[0m Capturing CUDA graphs (FULL):  94%|█████████▍| 33/35 [00:01<00:00, 23.36it/s]
[36m(vLLMHttpServer pid=3631068)[0m WARNING 09-10 22:49:32 [model.py:1509] Default vLLM sampling parameters have been overridden by the model's `generation_config.json`: `{'repetition_penalty': 1.0, 'temperature': 1.0, 'top_k': -1, 'top_p': 0.95, 'max_tokens': 4096}`. If this is not intended, please relaunch vLLM instance with `--generation-config vllm`.
[36m(vLLMHttpServer pid=3631065)[0m Capturing CUDA graphs (FULL): 100%|██████████| 35/35 [00:01<00:00, 22.99it/s]
[36m(vLLMHttpServer pid=3631065)[0m WARNING 09-10 22:49:35 [api_router.py:30] LoRA dynamic loading & unloading is enabled in the API server. This should ONLY be used for local development!
[36m(vLLMHttpServer pid=3631065)[0m WARNING 09-10 22:49:35 [model.py:1509] Default vLLM sampling parameters have been overridden by the model's `generation_config.json`: `{'repetition_penalty': 1.0, 'temperature': 1.0, 'top_k': -1, 'top_p': 0.95, 'max_tokens': 4096}`. If this is not intended, please relaunch vLLM instance with `--generation-config vllm`.
[36m(TaskRunnerV1 pid=3626258)[0m LLMServerManager: ['10.90.67.85:46853', '10.90.67.85:37677']
[36m(TaskRunnerV1 pid=3626258)[0m INFO:2026-09-10 22:49:36,646:checkpoint engine manager initialized
[36m(TaskRunnerV1 pid=3626258)[0m INFO:2026-09-10 22:49:38,471:all initialize finished, ready to fit
[36m(WorkerDict pid=3627502)[0m /home/p00938733/verl-090/verl/plugin/platform/platform_cuda.py:99: FutureWarning: torch.cuda._set_allocator_settings is deprecated. Use torch._C._accelerator_setAllocatorSettings instead.
[36m(WorkerDict pid=3627502)[0m   torch.cuda.memory._set_allocator_settings(settings)
[36m(WorkerDict pid=3627503)[0m /home/p00938733/verl-090/verl/plugin/platform/platform_cuda.py:99: FutureWarning: torch.cuda._set_allocator_settings is deprecated. Use torch._C._accelerator_setAllocatorSettings instead.
[36m(WorkerDict pid=3627503)[0m   torch.cuda.memory._set_allocator_settings(settings)
[36m(WorkerDict pid=3627504)[0m /home/p00938733/verl-090/verl/plugin/platform/platform_cuda.py:99: FutureWarning: torch.cuda._set_allocator_settings is deprecated. Use torch._C._accelerator_setAllocatorSettings instead.
[36m(WorkerDict pid=3627504)[0m   torch.cuda.memory._set_allocator_settings(settings)
[36m(WorkerDict pid=3627505)[0m /home/p00938733/verl-090/verl/plugin/platform/platform_cuda.py:99: FutureWarning: torch.cuda._set_allocator_settings is deprecated. Use torch._C._accelerator_setAllocatorSettings instead.
[36m(WorkerDict pid=3627505)[0m   torch.cuda.memory._set_allocator_settings(settings)
[36m(WorkerDict pid=3627501)[0m /home/p00938733/verl-090/verl/plugin/platform/platform_cuda.py:99: FutureWarning: torch.cuda._set_allocator_settings is deprecated. Use torch._C._accelerator_setAllocatorSettings instead.
[36m(WorkerDict pid=3627501)[0m   torch.cuda.memory._set_allocator_settings(settings)
[36m(WorkerDict pid=3627508)[0m /home/p00938733/verl-090/verl/plugin/platform/platform_cuda.py:99: FutureWarning: torch.cuda._set_allocator_settings is deprecated. Use torch._C._accelerator_setAllocatorSettings instead.
[36m(WorkerDict pid=3627508)[0m   torch.cuda.memory._set_allocator_settings(settings)
[36m(WorkerDict pid=3627507)[0m /home/p00938733/verl-090/verl/plugin/platform/platform_cuda.py:99: FutureWarning: torch.cuda._set_allocator_settings is deprecated. Use torch._C._accelerator_setAllocatorSettings instead.
[36m(WorkerDict pid=3627507)[0m   torch.cuda.memory._set_allocator_settings(settings)
[36m(WorkerDict pid=3627506)[0m /home/p00938733/verl-090/verl/plugin/platform/platform_cuda.py:99: FutureWarning: torch.cuda._set_allocator_settings is deprecated. Use torch._C._accelerator_setAllocatorSettings instead.
[36m(WorkerDict pid=3627506)[0m   torch.cuda.memory._set_allocator_settings(settings)
[36m(WorkerDict pid=3627505)[0m [transformers] `Qwen2VLImageProcessorFast` is deprecated. The `Fast` suffix for image processors has been removed; use `Qwen2VLImageProcessor` instead.
[36m(WorkerDict pid=3627501)[0m [transformers] `Qwen2VLImageProcessorFast` is deprecated. The `Fast` suffix for image processors has been removed; use `Qwen2VLImageProcessor` instead.
[36m(vLLMHttpServer pid=3631068)[0m (EngineCore pid=3631665) WARNING 09-10 22:49:39 [scheduler.py:1948] reset_connector called but no KV connector is configured.
[36m(vLLMHttpServer pid=3631065)[0m (EngineCore pid=3631838) WARNING 09-10 22:49:39 [scheduler.py:1948] reset_connector called but no KV connector is configured.
[36m(WorkerDict pid=3627502)[0m NCCL version 2.28.9+cuda12.9
[36m(WorkerDict pid=3627504)[0m NCCL version 2.28.9+cuda12.9
[36m(GlobalRequestLoadBalancer pid=3633854)[0m W0910 22:49:44.976000 3633854 torch/utils/cpp_extension.py:140] No CUDA runtime is found, using CUDA_HOME='/usr/local/cuda'
[36m(GlobalRequestLoadBalancer pid=3633854)[0m [transformers] `Qwen2VLImageProcessorFast` is deprecated. The `Fast` suffix for image processors has been removed; use `Qwen2VLImageProcessor` instead.
[36m(WorkerDict pid=3627501)[0m Converting to HuggingFace ━━━━━━━━━━━━━━━━━━━━━━━━━━━━━━━━━━━━━━━━ 100% 0:00:00 (291/291) Qwen3Bridge
[36m(vLLMHttpServer pid=3631065)[0m (EngineCore pid=3631838) WARNING 09-10 22:50:04 [scheduler.py:1948] reset_connector called but no KV connector is configured.
[36m(vLLMHttpServer pid=3631068)[0m (EngineCore pid=3631665) WARNING 09-10 22:50:05 [scheduler.py:1948] reset_connector called but no KV connector is configured.
[36m(vLLMHttpServer pid=3631065)[0m (EngineCore pid=3631838) WARNING 09-10 22:50:06 [scheduler.py:1948] reset_connector called but no KV connector is configured.
[36m(vLLMHttpServer pid=3631068)[0m (EngineCore pid=3631665) WARNING 09-10 22:50:06 [scheduler.py:1948] reset_connector called but no KV connector is configured.
[36m(TaskRunnerV1 pid=3626258)[0m Training Progress:   0%|          | 0/4 [00:00<?, ?it/s]
[36m(TaskRunnerV1 pid=3626258)[0m [RolloutTqSkip()] [33mInjected 16 cached trajectories from step 1 (4 prompts x 4) into TQ partition 'train' at current step 1[0m
[36m(WorkerDict pid=3627502)[0m Using blocking ray.get inside async actor. This blocks the event loop. Please use `await` on object ref with asyncio.gather if you want to yield execution to the event loop instead.
[36m(WorkerDict pid=3627503)[0m Using blocking ray.get inside async actor. This blocks the event loop. Please use `await` on object ref with asyncio.gather if you want to yield execution to the event loop instead.
[36m(WorkerDict pid=3627504)[0m Using blocking ray.get inside async actor. This blocks the event loop. Please use `await` on object ref with asyncio.gather if you want to yield execution to the event loop instead.
[36m(WorkerDict pid=3627505)[0m Using blocking ray.get inside async actor. This blocks the event loop. Please use `await` on object ref with asyncio.gather if you want to yield execution to the event loop instead.
[36m(WorkerDict pid=3627501)[0m Using blocking ray.get inside async actor. This blocks the event loop. Please use `await` on object ref with asyncio.gather if you want to yield execution to the event loop instead.
[36m(WorkerDict pid=3627508)[0m Using blocking ray.get inside async actor. This blocks the event loop. Please use `await` on object ref with asyncio.gather if you want to yield execution to the event loop instead.
[36m(WorkerDict pid=3627507)[0m Using blocking ray.get inside async actor. This blocks the event loop. Please use `await` on object ref with asyncio.gather if you want to yield execution to the event loop instead.
[36m(WorkerDict pid=3627506)[0m Using blocking ray.get inside async actor. This blocks the event loop. Please use `await` on object ref with asyncio.gather if you want to yield execution to the event loop instead.
[36m(WorkerDict pid=3627508)[0m NCCL version 2.28.9+cuda12.9
[36m(WorkerDict pid=3627502)[0m [rank1]:W0910 22:50:10.116000 3627502 torch/fx/_symbolic_trace.py:53] is_fx_tracing will return true for both fx.symbolic_trace and torch.export. Please use is_fx_tracing_symbolic_tracing() for specifically fx.symbolic_trace or torch.compiler.is_compiling() for specifically torch.export/compile.
[36m(WorkerDict pid=3627503)[0m [rank2]:W0910 22:50:10.127000 3627503 torch/fx/_symbolic_trace.py:53] is_fx_tracing will return true for both fx.symbolic_trace and torch.export. Please use is_fx_tracing_symbolic_tracing() for specifically fx.symbolic_trace or torch.compiler.is_compiling() for specifically torch.export/compile.
[36m(WorkerDict pid=3627504)[0m [rank3]:W0910 22:50:10.134000 3627504 torch/fx/_symbolic_trace.py:53] is_fx_tracing will return true for both fx.symbolic_trace and torch.export. Please use is_fx_tracing_symbolic_tracing() for specifically fx.symbolic_trace or torch.compiler.is_compiling() for specifically torch.export/compile.
[36m(WorkerDict pid=3627501)[0m [rank0]:W0910 22:50:10.135000 3627501 torch/fx/_symbolic_trace.py:53] is_fx_tracing will return true for both fx.symbolic_trace and torch.export. Please use is_fx_tracing_symbolic_tracing() for specifically fx.symbolic_trace or torch.compiler.is_compiling() for specifically torch.export/compile.
[36m(WorkerDict pid=3627506)[0m NCCL version 2.28.9+cuda12.9
[36m(WorkerDict pid=3627502)[0m WARNING:2026-09-10 22:50:10,350:flash-attn v4 may provide important feature support or performance improvement. Please install flash-attn v4 by 
[36m(WorkerDict pid=3627502)[0m pip install flash-attn-4==4.0.0b11 nvidia-cutlass-dsl[cu13]
[36m(WorkerDict pid=3627503)[0m WARNING:2026-09-10 22:50:10,346:flash-attn v4 may provide important feature support or performance improvement. Please install flash-attn v4 by 
[36m(WorkerDict pid=3627503)[0m pip install flash-attn-4==4.0.0b11 nvidia-cutlass-dsl[cu13]
[36m(WorkerDict pid=3627504)[0m WARNING:2026-09-10 22:50:10,362:flash-attn v4 may provide important feature support or performance improvement. Please install flash-attn v4 by 
[36m(WorkerDict pid=3627504)[0m pip install flash-attn-4==4.0.0b11 nvidia-cutlass-dsl[cu13]
[36m(WorkerDict pid=3627503)[0m [rank2]:[W910 22:50:15.162851369 ProcessGroupNCCL.cpp:4094] Warning: An unbatched P2P op (send/recv) was called on this ProcessGroup with size 2.  In lazy initialization mode, this will result in a new 2-rank NCCL communicator to be created. (function operator())
[36m(WorkerDict pid=3627507)[0m [rank6]:[W910 22:50:15.169002912 ProcessGroupNCCL.cpp:4094] Warning: An unbatched P2P op (send/recv) was called on this ProcessGroup with size 2.  In lazy initialization mode, this will result in a new 2-rank NCCL communicator to be created. (function operator())
[36m(pid=3634574)[0m WARNING:2026-09-10 22:50:19,401:Platform 'nvidia' (PlatformCUDA) is registered but not available. This may be due to this ray actor being a CPU-only actor.
[36m(pid=3634574)[0m /home/p00938733/verl-090/verl/workers/engine/__init__.py:32: UserWarning: torchtitan engine is not available: ModuleNotFoundError("No module named 'torchtitan'")
[36m(pid=3634574)[0m   warnings.warn(f"torchtitan engine is not available: {e!r}", stacklevel=1)
[36m(pid=3634574)[0m /home/p00938733/verl-090/verl/workers/engine/__init__.py:41: UserWarning: veomni engine is not available: ModuleNotFoundError("No module named 'veomni'")
[36m(pid=3634574)[0m   warnings.warn(f"veomni engine is not available: {e!r}", stacklevel=1)
[36m(pid=3634574)[0m /home/p00938733/verl-090/verl/workers/engine/__init__.py:50: UserWarning: automodel engine is not available: ModuleNotFoundError("No module named 'nemo_automodel'")
[36m(pid=3634574)[0m   warnings.warn(f"automodel engine is not available: {e!r}", stacklevel=1)
[36m(pid=3634576)[0m WARNING:2026-09-10 22:50:26,199:Platform 'nvidia' (PlatformCUDA) is registered but not available. This may be due to this ray actor being a CPU-only actor.
[36m(pid=3634576)[0m /home/p00938733/verl-090/verl/workers/engine/__init__.py:32: UserWarning: torchtitan engine is not available: ModuleNotFoundError("No module named 'torchtitan'")
[36m(pid=3634576)[0m   warnings.warn(f"torchtitan engine is not available: {e!r}", stacklevel=1)
[36m(pid=3634576)[0m /home/p00938733/verl-090/verl/workers/engine/__init__.py:41: UserWarning: veomni engine is not available: ModuleNotFoundError("No module named 'veomni'")
[36m(pid=3634576)[0m   warnings.warn(f"veomni engine is not available: {e!r}", stacklevel=1)
[36m(pid=3634576)[0m /home/p00938733/verl-090/verl/workers/engine/__init__.py:50: UserWarning: automodel engine is not available: ModuleNotFoundError("No module named 'nemo_automodel'")
[36m(pid=3634576)[0m   warnings.warn(f"automodel engine is not available: {e!r}", stacklevel=1)
[36m(pid=3634573)[0m WARNING:2026-09-10 22:50:26,481:Platform 'nvidia' (PlatformCUDA) is registered but not available. This may be due to this ray actor being a CPU-only actor.
[36m(pid=3634573)[0m /home/p00938733/verl-090/verl/workers/engine/__init__.py:32: UserWarning: torchtitan engine is not available: ModuleNotFoundError("No module named 'torchtitan'")
[36m(pid=3634573)[0m   warnings.warn(f"torchtitan engine is not available: {e!r}", stacklevel=1)
[36m(pid=3634573)[0m /home/p00938733/verl-090/verl/workers/engine/__init__.py:41: UserWarning: veomni engine is not available: ModuleNotFoundError("No module named 'veomni'")
[36m(pid=3634573)[0m   warnings.warn(f"veomni engine is not available: {e!r}", stacklevel=1)
[36m(pid=3634573)[0m /home/p00938733/verl-090/verl/workers/engine/__init__.py:50: UserWarning: automodel engine is not available: ModuleNotFoundError("No module named 'nemo_automodel'")
[36m(pid=3634573)[0m   warnings.warn(f"automodel engine is not available: {e!r}", stacklevel=1)
[36m(pid=3634577)[0m WARNING:2026-09-10 22:50:28,067:No supported accelerator detected. Registered: ('nvidia', 'huawei', 'amd'). Falling back to 'nvidia'.
[36m(pid=3634577)[0m WARNING:2026-09-10 22:50:28,069:Platform 'nvidia' (PlatformCUDA) is registered but not available. This may be due to this ray actor being a CPU-only actor.
[36m(pid=3634577)[0m /home/p00938733/verl-090/verl/workers/engine/__init__.py:32: UserWarning: torchtitan engine is not available: ModuleNotFoundError("No module named 'torchtitan'")
[36m(pid=3634577)[0m   warnings.warn(f"torchtitan engine is not available: {e!r}", stacklevel=1)
[36m(pid=3634577)[0m /home/p00938733/verl-090/verl/workers/engine/__init__.py:41: UserWarning: veomni engine is not available: ModuleNotFoundError("No module named 'veomni'")
[36m(pid=3634577)[0m   warnings.warn(f"veomni engine is not available: {e!r}", stacklevel=1)
[36m(pid=3634577)[0m /home/p00938733/verl-090/verl/workers/engine/__init__.py:50: UserWarning: automodel engine is not available: ModuleNotFoundError("No module named 'nemo_automodel'")
[36m(pid=3634577)[0m   warnings.warn(f"automodel engine is not available: {e!r}", stacklevel=1)
[36m(pid=3634571)[0m WARNING:2026-09-10 22:50:28,156:No supported accelerator detected. Registered: ('nvidia', 'huawei', 'amd'). Falling back to 'nvidia'.
[36m(pid=3634571)[0m WARNING:2026-09-10 22:50:28,157:Platform 'nvidia' (PlatformCUDA) is registered but not available. This may be due to this ray actor being a CPU-only actor.
[36m(pid=3634571)[0m /home/p00938733/verl-090/verl/workers/engine/__init__.py:32: UserWarning: torchtitan engine is not available: ModuleNotFoundError("No module named 'torchtitan'")
[36m(pid=3634571)[0m   warnings.warn(f"torchtitan engine is not available: {e!r}", stacklevel=1)
[36m(pid=3634571)[0m /home/p00938733/verl-090/verl/workers/engine/__init__.py:41: UserWarning: veomni engine is not available: ModuleNotFoundError("No module named 'veomni'")
[36m(pid=3634571)[0m   warnings.warn(f"veomni engine is not available: {e!r}", stacklevel=1)
[36m(pid=3634571)[0m /home/p00938733/verl-090/verl/workers/engine/__init__.py:50: UserWarning: automodel engine is not available: ModuleNotFoundError("No module named 'nemo_automodel'")
[36m(pid=3634571)[0m   warnings.warn(f"automodel engine is not available: {e!r}", stacklevel=1)
[36m(pid=3634572)[0m WARNING:2026-09-10 22:50:28,234:No supported accelerator detected. Registered: ('nvidia', 'huawei', 'amd'). Falling back to 'nvidia'.
[36m(pid=3634572)[0m WARNING:2026-09-10 22:50:28,236:Platform 'nvidia' (PlatformCUDA) is registered but not available. This may be due to this ray actor being a CPU-only actor.
[36m(pid=3634572)[0m /home/p00938733/verl-090/verl/workers/engine/__init__.py:32: UserWarning: torchtitan engine is not available: ModuleNotFoundError("No module named 'torchtitan'")
[36m(pid=3634572)[0m   warnings.warn(f"torchtitan engine is not available: {e!r}", stacklevel=1)
[36m(pid=3634572)[0m /home/p00938733/verl-090/verl/workers/engine/__init__.py:41: UserWarning: veomni engine is not available: ModuleNotFoundError("No module named 'veomni'")
[36m(pid=3634572)[0m   warnings.warn(f"veomni engine is not available: {e!r}", stacklevel=1)
[36m(pid=3634572)[0m /home/p00938733/verl-090/verl/workers/engine/__init__.py:50: UserWarning: automodel engine is not available: ModuleNotFoundError("No module named 'nemo_automodel'")
[36m(pid=3634572)[0m   warnings.warn(f"automodel engine is not available: {e!r}", stacklevel=1)
[36m(pid=3634570)[0m WARNING:2026-09-10 22:50:28,474:No supported accelerator detected. Registered: ('nvidia', 'huawei', 'amd'). Falling back to 'nvidia'.
[36m(pid=3634570)[0m WARNING:2026-09-10 22:50:28,475:Platform 'nvidia' (PlatformCUDA) is registered but not available. This may be due to this ray actor being a CPU-only actor.
[36m(pid=3634575)[0m WARNING:2026-09-10 22:50:28,397:No supported accelerator detected. Registered: ('nvidia', 'huawei', 'amd'). Falling back to 'nvidia'.
[36m(pid=3634575)[0m WARNING:2026-09-10 22:50:28,398:Platform 'nvidia' (PlatformCUDA) is registered but not available. This may be due to this ray actor being a CPU-only actor.
[36m(pid=3634575)[0m /home/p00938733/verl-090/verl/workers/engine/__init__.py:32: UserWarning: torchtitan engine is not available: ModuleNotFoundError("No module named 'torchtitan'")
[36m(pid=3634575)[0m   warnings.warn(f"torchtitan engine is not available: {e!r}", stacklevel=1)
[36m(pid=3634575)[0m /home/p00938733/verl-090/verl/workers/engine/__init__.py:41: UserWarning: veomni engine is not available: ModuleNotFoundError("No module named 'veomni'")
[36m(pid=3634575)[0m   warnings.warn(f"veomni engine is not available: {e!r}", stacklevel=1)
[36m(pid=3634575)[0m /home/p00938733/verl-090/verl/workers/engine/__init__.py:50: UserWarning: automodel engine is not available: ModuleNotFoundError("No module named 'nemo_automodel'")
[36m(pid=3634575)[0m   warnings.warn(f"automodel engine is not available: {e!r}", stacklevel=1)
[36m(pid=3634570)[0m /home/p00938733/verl-090/verl/workers/engine/__init__.py:32: UserWarning: torchtitan engine is not available: ModuleNotFoundError("No module named 'torchtitan'")
[36m(pid=3634570)[0m   warnings.warn(f"torchtitan engine is not available: {e!r}", stacklevel=1)
[36m(pid=3634570)[0m /home/p00938733/verl-090/verl/workers/engine/__init__.py:41: UserWarning: veomni engine is not available: ModuleNotFoundError("No module named 'veomni'")
[36m(pid=3634570)[0m   warnings.warn(f"veomni engine is not available: {e!r}", stacklevel=1)
[36m(pid=3634570)[0m /home/p00938733/verl-090/verl/workers/engine/__init__.py:50: UserWarning: automodel engine is not available: ModuleNotFoundError("No module named 'nemo_automodel'")
[36m(pid=3634570)[0m   warnings.warn(f"automodel engine is not available: {e!r}", stacklevel=1)
[36m(WorkerDict pid=3627504)[0m [rank3]:[W910 22:50:30.277551946 ProcessGroupNCCL.cpp:4094] Warning: An unbatched P2P op (send/recv) was called on this ProcessGroup with size 2.  In lazy initialization mode, this will result in a new 2-rank NCCL communicator to be created. (function operator())
[36m(WorkerDict pid=3627508)[0m [rank7]:[W910 22:50:30.290578301 ProcessGroupNCCL.cpp:4094] Warning: An unbatched P2P op (send/recv) was called on this ProcessGroup with size 2.  In lazy initialization mode, this will result in a new 2-rank NCCL communicator to be created. (function operator())
[36m(WorkerDict pid=3627507)[0m [rank6]:W0910 22:50:31.553000 3627507 torch/fx/_symbolic_trace.py:53] is_fx_tracing will return true for both fx.symbolic_trace and torch.export. Please use is_fx_tracing_symbolic_tracing() for specifically fx.symbolic_trace or torch.compiler.is_compiling() for specifically torch.export/compile.
[36m(pid=3634574)[0m W0910 22:50:31.544000 3634574 torch/utils/cpp_extension.py:140] No CUDA runtime is found, using CUDA_HOME='/usr/local/cuda'
[36m(WorkerDict pid=3627505)[0m [rank4]:[W910 22:50:31.418722486 ProcessGroupNCCL.cpp:4094] Warning: An unbatched P2P op (send/recv) was called on this ProcessGroup with size 2.  In lazy initialization mode, this will result in a new 2-rank NCCL communicator to be created. (function operator())
[36m(WorkerDict pid=3627501)[0m [rank0]:[W910 22:50:31.413310523 ProcessGroupNCCL.cpp:4094] Warning: An unbatched P2P op (send/recv) was called on this ProcessGroup with size 2.  In lazy initialization mode, this will result in a new 2-rank NCCL communicator to be created. (function operator())
[36m(pid=3634573)[0m W0910 22:50:31.939000 3634573 torch/utils/cpp_extension.py:140] No CUDA runtime is found, using CUDA_HOME='/usr/local/cuda'
[36m(pid=3634576)[0m W0910 22:50:31.921000 3634576 torch/utils/cpp_extension.py:140] No CUDA runtime is found, using CUDA_HOME='/usr/local/cuda'
[36m(pid=3634572)[0m W0910 22:50:32.324000 3634572 torch/utils/cpp_extension.py:140] No CUDA runtime is found, using CUDA_HOME='/usr/local/cuda'
[36m(pid=3634571)[0m W0910 22:50:32.235000 3634571 torch/utils/cpp_extension.py:140] No CUDA runtime is found, using CUDA_HOME='/usr/local/cuda'
[36m(pid=3634575)[0m W0910 22:50:32.290000 3634575 torch/utils/cpp_extension.py:140] No CUDA runtime is found, using CUDA_HOME='/usr/local/cuda'
[36m(pid=3634577)[0m W0910 22:50:32.361000 3634577 torch/utils/cpp_extension.py:140] No CUDA runtime is found, using CUDA_HOME='/usr/local/cuda'
[36m(pid=3634570)[0m W0910 22:50:32.466000 3634570 torch/utils/cpp_extension.py:140] No CUDA runtime is found, using CUDA_HOME='/usr/local/cuda'
[36m(WorkerDict pid=3627502)[0m [rank1]:[W910 22:50:32.572195971 ProcessGroupNCCL.cpp:4094] Warning: An unbatched P2P op (send/recv) was called on this ProcessGroup with size 2.  In lazy initialization mode, this will result in a new 2-rank NCCL communicator to be created. (function operator())
[36m(WorkerDict pid=3627506)[0m [rank5]:[W910 22:50:32.578674714 ProcessGroupNCCL.cpp:4094] Warning: An unbatched P2P op (send/recv) was called on this ProcessGroup with size 2.  In lazy initialization mode, this will result in a new 2-rank NCCL communicator to be created. (function operator())
[36m(WorkerDict pid=3627508)[0m [rank7]:W0910 22:50:33.334000 3627508 torch/fx/_symbolic_trace.py:53] is_fx_tracing will return true for both fx.symbolic_trace and torch.export. Please use is_fx_tracing_symbolic_tracing() for specifically fx.symbolic_trace or torch.compiler.is_compiling() for specifically torch.export/compile.
[36m(WorkerDict pid=3627507)[0m WARNING:2026-09-10 22:50:33,507:flash-attn v4 may provide important feature support or performance improvement. Please install flash-attn v4 by 
[36m(WorkerDict pid=3627507)[0m pip install flash-attn-4==4.0.0b11 nvidia-cutlass-dsl[cu13]
[36m(WorkerDict pid=3627508)[0m WARNING:2026-09-10 22:50:33,536:flash-attn v4 may provide important feature support or performance improvement. Please install flash-attn v4 by 
[36m(WorkerDict pid=3627508)[0m pip install flash-attn-4==4.0.0b11 nvidia-cutlass-dsl[cu13]
[36m(WorkerDict pid=3627505)[0m [rank4]:W0910 22:50:34.378000 3627505 torch/fx/_symbolic_trace.py:53] is_fx_tracing will return true for both fx.symbolic_trace and torch.export. Please use is_fx_tracing_symbolic_tracing() for specifically fx.symbolic_trace or torch.compiler.is_compiling() for specifically torch.export/compile.
[36m(AgentLoopWorkerTQ pid=3634574)[0m Using dataset class: RLHFDataset
[36m(AgentLoopWorkerTQ pid=3634574)[0m Using blocking ray.get inside async actor. This blocks the event loop. Please use `await` on object ref with asyncio.gather if you want to yield execution to the event loop instead.
[36m(AgentLoopWorkerTQ pid=3634573)[0m Using dataset class: RLHFDataset
[36m(AgentLoopWorkerTQ pid=3634573)[0m Using blocking ray.get inside async actor. This blocks the event loop. Please use `await` on object ref with asyncio.gather if you want to yield execution to the event loop instead.
[36m(AgentLoopWorkerTQ pid=3634576)[0m Using dataset class: RLHFDataset
[36m(AgentLoopWorkerTQ pid=3634576)[0m Using blocking ray.get inside async actor. This blocks the event loop. Please use `await` on object ref with asyncio.gather if you want to yield execution to the event loop instead.
[36m(AgentLoopWorkerTQ pid=3634571)[0m Using dataset class: RLHFDataset
[36m(AgentLoopWorkerTQ pid=3634571)[0m Using blocking ray.get inside async actor. This blocks the event loop. Please use `await` on object ref with asyncio.gather if you want to yield execution to the event loop instead.
[36m(WorkerDict pid=3627506)[0m [rank5]:W0910 22:50:35.560000 3627506 torch/fx/_symbolic_trace.py:53] is_fx_tracing will return true for both fx.symbolic_trace and torch.export. Please use is_fx_tracing_symbolic_tracing() for specifically fx.symbolic_trace or torch.compiler.is_compiling() for specifically torch.export/compile.
[36m(WorkerDict pid=3627506)[0m WARNING:2026-09-10 22:50:35,727:flash-attn v4 may provide important feature support or performance improvement. Please install flash-attn v4 by 
[36m(WorkerDict pid=3627506)[0m pip install flash-attn-4==4.0.0b11 nvidia-cutlass-dsl[cu13]
[36m(AgentLoopWorkerTQ pid=3634572)[0m Using blocking ray.get inside async actor. This blocks the event loop. Please use `await` on object ref with asyncio.gather if you want to yield execution to the event loop instead.
[36m(AgentLoopWorkerTQ pid=3634570)[0m Using dataset class: RLHFDataset
[36m(AgentLoopWorkerTQ pid=3634570)[0m Using blocking ray.get inside async actor. This blocks the event loop. Please use `await` on object ref with asyncio.gather if you want to yield execution to the event loop instead.
[36m(AgentLoopWorkerTQ pid=3634572)[0m Using dataset class: RLHFDataset
[36m(AgentLoopWorkerTQ pid=3634577)[0m Using dataset class: RLHFDataset
[36m(AgentLoopWorkerTQ pid=3634577)[0m Using blocking ray.get inside async actor. This blocks the event loop. Please use `await` on object ref with asyncio.gather if you want to yield execution to the event loop instead.
[36m(AgentLoopWorkerTQ pid=3634575)[0m Using blocking ray.get inside async actor. This blocks the event loop. Please use `await` on object ref with asyncio.gather if you want to yield execution to the event loop instead.
[36m(AgentLoopWorkerTQ pid=3634575)[0m Using dataset class: RLHFDataset
[36m(WorkerDict pid=3627508)[0m WARNING:2026-09-10 22:50:42,577:VERL_RESPONSE_ONLY_LM_HEAD_PROFILE {"active_ratio": 0.0, "actual_logits_bytes": 151936, "allocated_before_bytes": 4194453504, "backend": "unfused", "calculate_entropy": true, "calculate_sum_pi_squared": false, "context_parallel_size": 2, "data_format": "thd", "dense_logits_bytes": 1547316224, "dense_rows": 10184, "distillation_only": false, "elapsed_s": 0.21940731792710721, "element_size": 2, "entropy_from_logits_chunk_size": 2048, "entropy_from_logits_with_chunking": false, "event_id": 0, "logits_dtype": "torch.bfloat16", "logits_saved_bytes": 1547164288, "peak_allocated_bytes": 4286552576, "peak_increment_bytes": 92099072, "pipeline_parallel_size": 2, "projected_rows": 1, "rank": 7, "response_only_enabled": true, "role": "actor", "selected_rows": 0, "tensor_parallel_size": 2, "vocab_shard": 75968}
[36m(WorkerDict pid=3627507)[0m WARNING:2026-09-10 22:50:42,577:VERL_RESPONSE_ONLY_LM_HEAD_PROFILE {"active_ratio": 0.0, "actual_logits_bytes": 151936, "allocated_before_bytes": 4194453504, "backend": "unfused", "calculate_entropy": true, "calculate_sum_pi_squared": false, "context_parallel_size": 2, "data_format": "thd", "dense_logits_bytes": 1547316224, "dense_rows": 10184, "distillation_only": false, "elapsed_s": 0.21894902794156224, "element_size": 2, "entropy_from_logits_chunk_size": 2048, "entropy_from_logits_with_chunking": false, "event_id": 0, "logits_dtype": "torch.bfloat16", "logits_saved_bytes": 1547164288, "peak_allocated_bytes": 4286552576, "peak_increment_bytes": 92099072, "pipeline_parallel_size": 2, "projected_rows": 1, "rank": 6, "response_only_enabled": true, "role": "actor", "selected_rows": 0, "tensor_parallel_size": 2, "vocab_shard": 75968}
[36m(WorkerDict pid=3627506)[0m WARNING:2026-09-10 22:50:43,187:VERL_RESPONSE_ONLY_LM_HEAD_PROFILE {"active_ratio": 0.40219952867242736, "actual_logits_bytes": 622329856, "allocated_before_bytes": 4194453504, "backend": "unfused", "calculate_entropy": true, "calculate_sum_pi_squared": false, "context_parallel_size": 2, "data_format": "thd", "dense_logits_bytes": 1547316224, "dense_rows": 10184, "distillation_only": false, "elapsed_s": 0.8296092910459265, "element_size": 2, "entropy_from_logits_chunk_size": 2048, "entropy_from_logits_with_chunking": false, "event_id": 0, "logits_dtype": "torch.bfloat16", "logits_saved_bytes": 924986368, "peak_allocated_bytes": 7895492608, "peak_increment_bytes": 3701039104, "pipeline_parallel_size": 2, "projected_rows": 4096, "rank": 5, "response_only_enabled": true, "role": "actor", "selected_rows": 4096, "tensor_parallel_size": 2, "vocab_shard": 75968}
[36m(WorkerDict pid=3627508)[0m WARNING:2026-09-10 22:50:47,988:VERL_RESPONSE_ONLY_LM_HEAD_PROFILE {"active_ratio": 0.0, "actual_logits_bytes": 151936, "allocated_before_bytes": 4203138560, "backend": "unfused", "calculate_entropy": true, "calculate_sum_pi_squared": false, "context_parallel_size": 2, "data_format": "thd", "dense_logits_bytes": 1547316224, "dense_rows": 10184, "distillation_only": false, "elapsed_s": 0.00818773393984884, "element_size": 2, "entropy_from_logits_chunk_size": 2048, "entropy_from_logits_with_chunking": false, "event_id": 1, "logits_dtype": "torch.bfloat16", "logits_saved_bytes": 1547164288, "peak_allocated_bytes": 4286717952, "peak_increment_bytes": 83579392, "pipeline_parallel_size": 2, "projected_rows": 1, "rank": 7, "response_only_enabled": true, "role": "actor", "selected_rows": 0, "tensor_parallel_size": 2, "vocab_shard": 75968}
[36m(WorkerDict pid=3627507)[0m WARNING:2026-09-10 22:50:47,988:VERL_RESPONSE_ONLY_LM_HEAD_PROFILE {"active_ratio": 0.0, "actual_logits_bytes": 151936, "allocated_before_bytes": 4203138560, "backend": "unfused", "calculate_entropy": true, "calculate_sum_pi_squared": false, "context_parallel_size": 2, "data_format": "thd", "dense_logits_bytes": 1547316224, "dense_rows": 10184, "distillation_only": false, "elapsed_s": 0.009867493994534016, "element_size": 2, "entropy_from_logits_chunk_size": 2048, "entropy_from_logits_with_chunking": false, "event_id": 1, "logits_dtype": "torch.bfloat16", "logits_saved_bytes": 1547164288, "peak_allocated_bytes": 4286717952, "peak_increment_bytes": 83579392, "pipeline_parallel_size": 2, "projected_rows": 1, "rank": 6, "response_only_enabled": true, "role": "actor", "selected_rows": 0, "tensor_parallel_size": 2, "vocab_shard": 75968}
[36m(WorkerDict pid=3627506)[0m WARNING:2026-09-10 22:50:48,008:VERL_RESPONSE_ONLY_LM_HEAD_PROFILE {"active_ratio": 0.40219952867242736, "actual_logits_bytes": 622329856, "allocated_before_bytes": 4203138560, "backend": "unfused", "calculate_entropy": true, "calculate_sum_pi_squared": false, "context_parallel_size": 2, "data_format": "thd", "dense_logits_bytes": 1547316224, "dense_rows": 10184, "distillation_only": false, "elapsed_s": 0.03057926392648369, "element_size": 2, "entropy_from_logits_chunk_size": 2048, "entropy_from_logits_with_chunking": false, "event_id": 1, "logits_dtype": "torch.bfloat16", "logits_saved_bytes": 924986368, "peak_allocated_bytes": 7895657984, "peak_increment_bytes": 3692519424, "pipeline_parallel_size": 2, "projected_rows": 4096, "rank": 5, "response_only_enabled": true, "role": "actor", "selected_rows": 4096, "tensor_parallel_size": 2, "vocab_shard": 75968}
[36m(WorkerDict pid=3627508)[0m WARNING:2026-09-10 22:50:48,314:VERL_RESPONSE_ONLY_LM_HEAD_PROFILE {"active_ratio": 0.0, "actual_logits_bytes": 151936, "allocated_before_bytes": 4203303424, "backend": "unfused", "calculate_entropy": true, "calculate_sum_pi_squared": false, "context_parallel_size": 2, "data_format": "thd", "dense_logits_bytes": 1547316224, "dense_rows": 10184, "distillation_only": false, "elapsed_s": 0.006924362969584763, "element_size": 2, "entropy_from_logits_chunk_size": 2048, "entropy_from_logits_with_chunking": false, "event_id": 2, "logits_dtype": "torch.bfloat16", "logits_saved_bytes": 1547164288, "peak_allocated_bytes": 4286882816, "peak_increment_bytes": 83579392, "pipeline_parallel_size": 2, "projected_rows": 1, "rank": 7, "response_only_enabled": true, "role": "actor", "selected_rows": 0, "tensor_parallel_size": 2, "vocab_shard": 75968}
[36m(WorkerDict pid=3627507)[0m WARNING:2026-09-10 22:50:48,314:VERL_RESPONSE_ONLY_LM_HEAD_PROFILE {"active_ratio": 0.0, "actual_logits_bytes": 151936, "allocated_before_bytes": 4203303424, "backend": "unfused", "calculate_entropy": true, "calculate_sum_pi_squared": false, "context_parallel_size": 2, "data_format": "thd", "dense_logits_bytes": 1547316224, "dense_rows": 10184, "distillation_only": false, "elapsed_s": 0.006956003024242818, "element_size": 2, "entropy_from_logits_chunk_size": 2048, "entropy_from_logits_with_chunking": false, "event_id": 2, "logits_dtype": "torch.bfloat16", "logits_saved_bytes": 1547164288, "peak_allocated_bytes": 4286882816, "peak_increment_bytes": 83579392, "pipeline_parallel_size": 2, "projected_rows": 1, "rank": 6, "response_only_enabled": true, "role": "actor", "selected_rows": 0, "tensor_parallel_size": 2, "vocab_shard": 75968}
[36m(WorkerDict pid=3627506)[0m WARNING:2026-09-10 22:50:48,338:VERL_RESPONSE_ONLY_LM_HEAD_PROFILE {"active_ratio": 0.40219952867242736, "actual_logits_bytes": 622329856, "allocated_before_bytes": 4203303424, "backend": "unfused", "calculate_entropy": true, "calculate_sum_pi_squared": false, "context_parallel_size": 2, "data_format": "thd", "dense_logits_bytes": 1547316224, "dense_rows": 10184, "distillation_only": false, "elapsed_s": 0.030884984065778553, "element_size": 2, "entropy_from_logits_chunk_size": 2048, "entropy_from_logits_with_chunking": false, "event_id": 2, "logits_dtype": "torch.bfloat16", "logits_saved_bytes": 924986368, "peak_allocated_bytes": 7895822848, "peak_increment_bytes": 3692519424, "pipeline_parallel_size": 2, "projected_rows": 4096, "rank": 5, "response_only_enabled": true, "role": "actor", "selected_rows": 4096, "tensor_parallel_size": 2, "vocab_shard": 75968}
[36m(WorkerDict pid=3627508)[0m WARNING:2026-09-10 22:50:48,643:VERL_RESPONSE_ONLY_LM_HEAD_PROFILE {"active_ratio": 0.0, "actual_logits_bytes": 151936, "allocated_before_bytes": 4203468288, "backend": "unfused", "calculate_entropy": true, "calculate_sum_pi_squared": false, "context_parallel_size": 2, "data_format": "thd", "dense_logits_bytes": 1547316224, "dense_rows": 10184, "distillation_only": false, "elapsed_s": 0.006818012916482985, "element_size": 2, "entropy_from_logits_chunk_size": 2048, "entropy_from_logits_with_chunking": false, "event_id": 3, "logits_dtype": "torch.bfloat16", "logits_saved_bytes": 1547164288, "peak_allocated_bytes": 4287047680, "peak_increment_bytes": 83579392, "pipeline_parallel_size": 2, "projected_rows": 1, "rank": 7, "response_only_enabled": true, "role": "actor", "selected_rows": 0, "tensor_parallel_size": 2, "vocab_shard": 75968}
[36m(WorkerDict pid=3627507)[0m WARNING:2026-09-10 22:50:48,643:VERL_RESPONSE_ONLY_LM_HEAD_PROFILE {"active_ratio": 0.0, "actual_logits_bytes": 151936, "allocated_before_bytes": 4203468288, "backend": "unfused", "calculate_entropy": true, "calculate_sum_pi_squared": false, "context_parallel_size": 2, "data_format": "thd", "dense_logits_bytes": 1547316224, "dense_rows": 10184, "distillation_only": false, "elapsed_s": 0.006794662913307548, "element_size": 2, "entropy_from_logits_chunk_size": 2048, "entropy_from_logits_with_chunking": false, "event_id": 3, "logits_dtype": "torch.bfloat16", "logits_saved_bytes": 1547164288, "peak_allocated_bytes": 4287047680, "peak_increment_bytes": 83579392, "pipeline_parallel_size": 2, "projected_rows": 1, "rank": 6, "response_only_enabled": true, "role": "actor", "selected_rows": 0, "tensor_parallel_size": 2, "vocab_shard": 75968}
[36m(WorkerDict pid=3627506)[0m WARNING:2026-09-10 22:50:48,668:VERL_RESPONSE_ONLY_LM_HEAD_PROFILE {"active_ratio": 0.40219952867242736, "actual_logits_bytes": 622329856, "allocated_before_bytes": 4203468288, "backend": "unfused", "calculate_entropy": true, "calculate_sum_pi_squared": false, "context_parallel_size": 2, "data_format": "thd", "dense_logits_bytes": 1547316224, "dense_rows": 10184, "distillation_only": false, "elapsed_s": 0.030861084000207484, "element_size": 2, "entropy_from_logits_chunk_size": 2048, "entropy_from_logits_with_chunking": false, "event_id": 3, "logits_dtype": "torch.bfloat16", "logits_saved_bytes": 924986368, "peak_allocated_bytes": 7895987712, "peak_increment_bytes": 3692519424, "pipeline_parallel_size": 2, "projected_rows": 4096, "rank": 5, "response_only_enabled": true, "role": "actor", "selected_rows": 4096, "tensor_parallel_size": 2, "vocab_shard": 75968}
[36m(WorkerDict pid=3627508)[0m WARNING:2026-09-10 22:50:49,073:VERL_RESPONSE_ONLY_LM_HEAD_PROFILE {"active_ratio": 0.0, "actual_logits_bytes": 151936, "allocated_before_bytes": 4211385856, "backend": "unfused", "calculate_entropy": true, "calculate_sum_pi_squared": false, "context_parallel_size": 2, "data_format": "thd", "dense_logits_bytes": 1503558656, "dense_rows": 9896, "distillation_only": false, "elapsed_s": 0.0071744529996067286, "element_size": 2, "entropy_from_logits_chunk_size": 2048, "entropy_from_logits_with_chunking": false, "event_id": 4, "logits_dtype": "torch.bfloat16", "logits_saved_bytes": 1503406720, "peak_allocated_bytes": 4292605952, "peak_increment_bytes": 81220096, "pipeline_parallel_size": 2, "projected_rows": 1, "rank": 7, "response_only_enabled": true, "role": "actor", "selected_rows": 0, "tensor_parallel_size": 2, "vocab_shard": 75968}
[36m(WorkerDict pid=3627507)[0m WARNING:2026-09-10 22:50:49,073:VERL_RESPONSE_ONLY_LM_HEAD_PROFILE {"active_ratio": 0.0, "actual_logits_bytes": 151936, "allocated_before_bytes": 4211385856, "backend": "unfused", "calculate_entropy": true, "calculate_sum_pi_squared": false, "context_parallel_size": 2, "data_format": "thd", "dense_logits_bytes": 1503558656, "dense_rows": 9896, "distillation_only": false, "elapsed_s": 0.007042892975732684, "element_size": 2, "entropy_from_logits_chunk_size": 2048, "entropy_from_logits_with_chunking": false, "event_id": 4, "logits_dtype": "torch.bfloat16", "logits_saved_bytes": 1503406720, "peak_allocated_bytes": 4292605952, "peak_increment_bytes": 81220096, "pipeline_parallel_size": 2, "projected_rows": 1, "rank": 6, "response_only_enabled": true, "role": "actor", "selected_rows": 0, "tensor_parallel_size": 2, "vocab_shard": 75968}
[36m(WorkerDict pid=3627506)[0m WARNING:2026-09-10 22:50:49,097:VERL_RESPONSE_ONLY_LM_HEAD_PROFILE {"active_ratio": 0.41390460792239286, "actual_logits_bytes": 622329856, "allocated_before_bytes": 4211385856, "backend": "unfused", "calculate_entropy": true, "calculate_sum_pi_squared": false, "context_parallel_size": 2, "data_format": "thd", "dense_logits_bytes": 1503558656, "dense_rows": 9896, "distillation_only": false, "elapsed_s": 0.030802374007180333, "element_size": 2, "entropy_from_logits_chunk_size": 2048, "entropy_from_logits_with_chunking": false, "event_id": 4, "logits_dtype": "torch.bfloat16", "logits_saved_bytes": 881228800, "peak_allocated_bytes": 7905081344, "peak_increment_bytes": 3693695488, "pipeline_parallel_size": 2, "projected_rows": 4096, "rank": 5, "response_only_enabled": true, "role": "actor", "selected_rows": 4096, "tensor_parallel_size": 2, "vocab_shard": 75968}
[36m(WorkerDict pid=3627508)[0m WARNING:2026-09-10 22:50:49,395:VERL_RESPONSE_ONLY_LM_HEAD_PROFILE {"active_ratio": 0.0, "actual_logits_bytes": 151936, "allocated_before_bytes": 4211545600, "backend": "unfused", "calculate_entropy": true, "calculate_sum_pi_squared": false, "context_parallel_size": 2, "data_format": "thd", "dense_logits_bytes": 1503558656, "dense_rows": 9896, "distillation_only": false, "elapsed_s": 0.0067969729425385594, "element_size": 2, "entropy_from_logits_chunk_size": 2048, "entropy_from_logits_with_chunking": false, "event_id": 5, "logits_dtype": "torch.bfloat16", "logits_saved_bytes": 1503406720, "peak_allocated_bytes": 4292765696, "peak_increment_bytes": 81220096, "pipeline_parallel_size": 2, "projected_rows": 1, "rank": 7, "response_only_enabled": true, "role": "actor", "selected_rows": 0, "tensor_parallel_size": 2, "vocab_shard": 75968}
[36m(WorkerDict pid=3627507)[0m WARNING:2026-09-10 22:50:49,395:VERL_RESPONSE_ONLY_LM_HEAD_PROFILE {"active_ratio": 0.0, "actual_logits_bytes": 151936, "allocated_before_bytes": 4211545600, "backend": "unfused", "calculate_entropy": true, "calculate_sum_pi_squared": false, "context_parallel_size": 2, "data_format": "thd", "dense_logits_bytes": 1503558656, "dense_rows": 9896, "distillation_only": false, "elapsed_s": 0.006770543055608869, "element_size": 2, "entropy_from_logits_chunk_size": 2048, "entropy_from_logits_with_chunking": false, "event_id": 5, "logits_dtype": "torch.bfloat16", "logits_saved_bytes": 1503406720, "peak_allocated_bytes": 4292765696, "peak_increment_bytes": 81220096, "pipeline_parallel_size": 2, "projected_rows": 1, "rank": 6, "response_only_enabled": true, "role": "actor", "selected_rows": 0, "tensor_parallel_size": 2, "vocab_shard": 75968}
[36m(WorkerDict pid=3627506)[0m WARNING:2026-09-10 22:50:49,419:VERL_RESPONSE_ONLY_LM_HEAD_PROFILE {"active_ratio": 0.41390460792239286, "actual_logits_bytes": 622329856, "allocated_before_bytes": 4211545600, "backend": "unfused", "calculate_entropy": true, "calculate_sum_pi_squared": false, "context_parallel_size": 2, "data_format": "thd", "dense_logits_bytes": 1503558656, "dense_rows": 9896, "distillation_only": false, "elapsed_s": 0.030868262983858585, "element_size": 2, "entropy_from_logits_chunk_size": 2048, "entropy_from_logits_with_chunking": false, "event_id": 5, "logits_dtype": "torch.bfloat16", "logits_saved_bytes": 881228800, "peak_allocated_bytes": 7905241088, "peak_increment_bytes": 3693695488, "pipeline_parallel_size": 2, "projected_rows": 4096, "rank": 5, "response_only_enabled": true, "role": "actor", "selected_rows": 4096, "tensor_parallel_size": 2, "vocab_shard": 75968}
[36m(WorkerDict pid=3627508)[0m WARNING:2026-09-10 22:50:49,716:VERL_RESPONSE_ONLY_LM_HEAD_PROFILE {"active_ratio": 0.0, "actual_logits_bytes": 151936, "allocated_before_bytes": 4211705344, "backend": "unfused", "calculate_entropy": true, "calculate_sum_pi_squared": false, "context_parallel_size": 2, "data_format": "thd", "dense_logits_bytes": 1503558656, "dense_rows": 9896, "distillation_only": false, "elapsed_s": 0.006944624008610845, "element_size": 2, "entropy_from_logits_chunk_size": 2048, "entropy_from_logits_with_chunking": false, "event_id": 6, "logits_dtype": "torch.bfloat16", "logits_saved_bytes": 1503406720, "peak_allocated_bytes": 4292925440, "peak_increment_bytes": 81220096, "pipeline_parallel_size": 2, "projected_rows": 1, "rank": 7, "response_only_enabled": true, "role": "actor", "selected_rows": 0, "tensor_parallel_size": 2, "vocab_shard": 75968}
[36m(WorkerDict pid=3627507)[0m WARNING:2026-09-10 22:50:49,716:VERL_RESPONSE_ONLY_LM_HEAD_PROFILE {"active_ratio": 0.0, "actual_logits_bytes": 151936, "allocated_before_bytes": 4211705344, "backend": "unfused", "calculate_entropy": true, "calculate_sum_pi_squared": false, "context_parallel_size": 2, "data_format": "thd", "dense_logits_bytes": 1503558656, "dense_rows": 9896, "distillation_only": false, "elapsed_s": 0.00696199294179678, "element_size": 2, "entropy_from_logits_chunk_size": 2048, "entropy_from_logits_with_chunking": false, "event_id": 6, "logits_dtype": "torch.bfloat16", "logits_saved_bytes": 1503406720, "peak_allocated_bytes": 4292925440, "peak_increment_bytes": 81220096, "pipeline_parallel_size": 2, "projected_rows": 1, "rank": 6, "response_only_enabled": true, "role": "actor", "selected_rows": 0, "tensor_parallel_size": 2, "vocab_shard": 75968}
[36m(WorkerDict pid=3627506)[0m WARNING:2026-09-10 22:50:49,740:VERL_RESPONSE_ONLY_LM_HEAD_PROFILE {"active_ratio": 0.41390460792239286, "actual_logits_bytes": 622329856, "allocated_before_bytes": 4211705344, "backend": "unfused", "calculate_entropy": true, "calculate_sum_pi_squared": false, "context_parallel_size": 2, "data_format": "thd", "dense_logits_bytes": 1503558656, "dense_rows": 9896, "distillation_only": false, "elapsed_s": 0.030789654003456235, "element_size": 2, "entropy_from_logits_chunk_size": 2048, "entropy_from_logits_with_chunking": false, "event_id": 6, "logits_dtype": "torch.bfloat16", "logits_saved_bytes": 881228800, "peak_allocated_bytes": 7905400832, "peak_increment_bytes": 3693695488, "pipeline_parallel_size": 2, "projected_rows": 4096, "rank": 5, "response_only_enabled": true, "role": "actor", "selected_rows": 4096, "tensor_parallel_size": 2, "vocab_shard": 75968}
[36m(WorkerDict pid=3627508)[0m WARNING:2026-09-10 22:50:50,037:VERL_RESPONSE_ONLY_LM_HEAD_PROFILE {"active_ratio": 0.0, "actual_logits_bytes": 151936, "allocated_before_bytes": 4211865088, "backend": "unfused", "calculate_entropy": true, "calculate_sum_pi_squared": false, "context_parallel_size": 2, "data_format": "thd", "dense_logits_bytes": 1503558656, "dense_rows": 9896, "distillation_only": false, "elapsed_s": 0.006839412963017821, "element_size": 2, "entropy_from_logits_chunk_size": 2048, "entropy_from_logits_with_chunking": false, "event_id": 7, "logits_dtype": "torch.bfloat16", "logits_saved_bytes": 1503406720, "peak_allocated_bytes": 4293085184, "peak_increment_bytes": 81220096, "pipeline_parallel_size": 2, "projected_rows": 1, "rank": 7, "response_only_enabled": true, "role": "actor", "selected_rows": 0, "tensor_parallel_size": 2, "vocab_shard": 75968}
[36m(WorkerDict pid=3627507)[0m WARNING:2026-09-10 22:50:50,037:VERL_RESPONSE_ONLY_LM_HEAD_PROFILE {"active_ratio": 0.0, "actual_logits_bytes": 151936, "allocated_before_bytes": 4211865088, "backend": "unfused", "calculate_entropy": true, "calculate_sum_pi_squared": false, "context_parallel_size": 2, "data_format": "thd", "dense_logits_bytes": 1503558656, "dense_rows": 9896, "distillation_only": false, "elapsed_s": 0.006865123054012656, "element_size": 2, "entropy_from_logits_chunk_size": 2048, "entropy_from_logits_with_chunking": false, "event_id": 7, "logits_dtype": "torch.bfloat16", "logits_saved_bytes": 1503406720, "peak_allocated_bytes": 4293085184, "peak_increment_bytes": 81220096, "pipeline_parallel_size": 2, "projected_rows": 1, "rank": 6, "response_only_enabled": true, "role": "actor", "selected_rows": 0, "tensor_parallel_size": 2, "vocab_shard": 75968}
[36m(WorkerDict pid=3627506)[0m WARNING:2026-09-10 22:50:50,061:VERL_RESPONSE_ONLY_LM_HEAD_PROFILE {"active_ratio": 0.41390460792239286, "actual_logits_bytes": 622329856, "allocated_before_bytes": 4211865088, "backend": "unfused", "calculate_entropy": true, "calculate_sum_pi_squared": false, "context_parallel_size": 2, "data_format": "thd", "dense_logits_bytes": 1503558656, "dense_rows": 9896, "distillation_only": false, "elapsed_s": 0.03076933405827731, "element_size": 2, "entropy_from_logits_chunk_size": 2048, "entropy_from_logits_with_chunking": false, "event_id": 7, "logits_dtype": "torch.bfloat16", "logits_saved_bytes": 881228800, "peak_allocated_bytes": 7905560576, "peak_increment_bytes": 3693695488, "pipeline_parallel_size": 2, "projected_rows": 4096, "rank": 5, "response_only_enabled": true, "role": "actor", "selected_rows": 4096, "tensor_parallel_size": 2, "vocab_shard": 75968}
[36m(WorkerDict pid=3627508)[0m WARNING:2026-09-10 22:50:50,367:VERL_RESPONSE_ONLY_LM_HEAD_PROFILE {"active_ratio": 0.0, "actual_logits_bytes": 151936, "allocated_before_bytes": 4214405632, "backend": "unfused", "calculate_entropy": true, "calculate_sum_pi_squared": false, "context_parallel_size": 2, "data_format": "thd", "dense_logits_bytes": 1547316224, "dense_rows": 10184, "distillation_only": false, "elapsed_s": 0.006930143921636045, "element_size": 2, "entropy_from_logits_chunk_size": 2048, "entropy_from_logits_with_chunking": false, "event_id": 8, "logits_dtype": "torch.bfloat16", "logits_saved_bytes": 1547164288, "peak_allocated_bytes": 4297985024, "peak_increment_bytes": 83579392, "pipeline_parallel_size": 2, "projected_rows": 1, "rank": 7, "response_only_enabled": true, "role": "actor", "selected_rows": 0, "tensor_parallel_size": 2, "vocab_shard": 75968}
[36m(WorkerDict pid=3627507)[0m WARNING:2026-09-10 22:50:50,367:VERL_RESPONSE_ONLY_LM_HEAD_PROFILE {"active_ratio": 0.0, "actual_logits_bytes": 151936, "allocated_before_bytes": 4214405632, "backend": "unfused", "calculate_entropy": true, "calculate_sum_pi_squared": false, "context_parallel_size": 2, "data_format": "thd", "dense_logits_bytes": 1547316224, "dense_rows": 10184, "distillation_only": false, "elapsed_s": 0.006765873054973781, "element_size": 2, "entropy_from_logits_chunk_size": 2048, "entropy_from_logits_with_chunking": false, "event_id": 8, "logits_dtype": "torch.bfloat16", "logits_saved_bytes": 1547164288, "peak_allocated_bytes": 4297985024, "peak_increment_bytes": 83579392, "pipeline_parallel_size": 2, "projected_rows": 1, "rank": 6, "response_only_enabled": true, "role": "actor", "selected_rows": 0, "tensor_parallel_size": 2, "vocab_shard": 75968}
[36m(WorkerDict pid=3627506)[0m WARNING:2026-09-10 22:50:50,392:VERL_RESPONSE_ONLY_LM_HEAD_PROFILE {"active_ratio": 0.40219952867242736, "actual_logits_bytes": 622329856, "allocated_before_bytes": 4214405632, "backend": "unfused", "calculate_entropy": true, "calculate_sum_pi_squared": false, "context_parallel_size": 2, "data_format": "thd", "dense_logits_bytes": 1547316224, "dense_rows": 10184, "distillation_only": false, "elapsed_s": 0.030836113030090928, "element_size": 2, "entropy_from_logits_chunk_size": 2048, "entropy_from_logits_with_chunking": false, "event_id": 8, "logits_dtype": "torch.bfloat16", "logits_saved_bytes": 924986368, "peak_allocated_bytes": 7906925056, "peak_increment_bytes": 3692519424, "pipeline_parallel_size": 2, "projected_rows": 4096, "rank": 5, "response_only_enabled": true, "role": "actor", "selected_rows": 4096, "tensor_parallel_size": 2, "vocab_shard": 75968}
[36m(WorkerDict pid=3627508)[0m WARNING:2026-09-10 22:50:50,697:VERL_RESPONSE_ONLY_LM_HEAD_PROFILE {"active_ratio": 0.0, "actual_logits_bytes": 151936, "allocated_before_bytes": 4214570496, "backend": "unfused", "calculate_entropy": true, "calculate_sum_pi_squared": false, "context_parallel_size": 2, "data_format": "thd", "dense_logits_bytes": 1547316224, "dense_rows": 10184, "distillation_only": false, "elapsed_s": 0.006880323053337634, "element_size": 2, "entropy_from_logits_chunk_size": 2048, "entropy_from_logits_with_chunking": false, "event_id": 9, "logits_dtype": "torch.bfloat16", "logits_saved_bytes": 1547164288, "peak_allocated_bytes": 4298149888, "peak_increment_bytes": 83579392, "pipeline_parallel_size": 2, "projected_rows": 1, "rank": 7, "response_only_enabled": true, "role": "actor", "selected_rows": 0, "tensor_parallel_size": 2, "vocab_shard": 75968}
[36m(WorkerDict pid=3627507)[0m WARNING:2026-09-10 22:50:50,697:VERL_RESPONSE_ONLY_LM_HEAD_PROFILE {"active_ratio": 0.0, "actual_logits_bytes": 151936, "allocated_before_bytes": 4214570496, "backend": "unfused", "calculate_entropy": true, "calculate_sum_pi_squared": false, "context_parallel_size": 2, "data_format": "thd", "dense_logits_bytes": 1547316224, "dense_rows": 10184, "distillation_only": false, "elapsed_s": 0.006751192966476083, "element_size": 2, "entropy_from_logits_chunk_size": 2048, "entropy_from_logits_with_chunking": false, "event_id": 9, "logits_dtype": "torch.bfloat16", "logits_saved_bytes": 1547164288, "peak_allocated_bytes": 4298149888, "peak_increment_bytes": 83579392, "pipeline_parallel_size": 2, "projected_rows": 1, "rank": 6, "response_only_enabled": true, "role": "actor", "selected_rows": 0, "tensor_parallel_size": 2, "vocab_shard": 75968}
[36m(WorkerDict pid=3627506)[0m WARNING:2026-09-10 22:50:50,721:VERL_RESPONSE_ONLY_LM_HEAD_PROFILE {"active_ratio": 0.40219952867242736, "actual_logits_bytes": 622329856, "allocated_before_bytes": 4214570496, "backend": "unfused", "calculate_entropy": true, "calculate_sum_pi_squared": false, "context_parallel_size": 2, "data_format": "thd", "dense_logits_bytes": 1547316224, "dense_rows": 10184, "distillation_only": false, "elapsed_s": 0.030866513960063457, "element_size": 2, "entropy_from_logits_chunk_size": 2048, "entropy_from_logits_with_chunking": false, "event_id": 9, "logits_dtype": "torch.bfloat16", "logits_saved_bytes": 924986368, "peak_allocated_bytes": 7907089920, "peak_increment_bytes": 3692519424, "pipeline_parallel_size": 2, "projected_rows": 4096, "rank": 5, "response_only_enabled": true, "role": "actor", "selected_rows": 4096, "tensor_parallel_size": 2, "vocab_shard": 75968}
[36m(WorkerDict pid=3627508)[0m WARNING:2026-09-10 22:50:51,025:VERL_RESPONSE_ONLY_LM_HEAD_PROFILE {"active_ratio": 0.0, "actual_logits_bytes": 151936, "allocated_before_bytes": 4214735360, "backend": "unfused", "calculate_entropy": true, "calculate_sum_pi_squared": false, "context_parallel_size": 2, "data_format": "thd", "dense_logits_bytes": 1547316224, "dense_rows": 10184, "distillation_only": false, "elapsed_s": 0.0067756029311567545, "element_size": 2, "entropy_from_logits_chunk_size": 2048, "entropy_from_logits_with_chunking": false, "event_id": 10, "logits_dtype": "torch.bfloat16", "logits_saved_bytes": 1547164288, "peak_allocated_bytes": 4298314752, "peak_increment_bytes": 83579392, "pipeline_parallel_size": 2, "projected_rows": 1, "rank": 7, "response_only_enabled": true, "role": "actor", "selected_rows": 0, "tensor_parallel_size": 2, "vocab_shard": 75968}
[36m(WorkerDict pid=3627507)[0m WARNING:2026-09-10 22:50:51,025:VERL_RESPONSE_ONLY_LM_HEAD_PROFILE {"active_ratio": 0.0, "actual_logits_bytes": 151936, "allocated_before_bytes": 4214735360, "backend": "unfused", "calculate_entropy": true, "calculate_sum_pi_squared": false, "context_parallel_size": 2, "data_format": "thd", "dense_logits_bytes": 1547316224, "dense_rows": 10184, "distillation_only": false, "elapsed_s": 0.006599072949029505, "element_size": 2, "entropy_from_logits_chunk_size": 2048, "entropy_from_logits_with_chunking": false, "event_id": 10, "logits_dtype": "torch.bfloat16", "logits_saved_bytes": 1547164288, "peak_allocated_bytes": 4298314752, "peak_increment_bytes": 83579392, "pipeline_parallel_size": 2, "projected_rows": 1, "rank": 6, "response_only_enabled": true, "role": "actor", "selected_rows": 0, "tensor_parallel_size": 2, "vocab_shard": 75968}
[36m(WorkerDict pid=3627506)[0m WARNING:2026-09-10 22:50:51,050:VERL_RESPONSE_ONLY_LM_HEAD_PROFILE {"active_ratio": 0.40219952867242736, "actual_logits_bytes": 622329856, "allocated_before_bytes": 4214735360, "backend": "unfused", "calculate_entropy": true, "calculate_sum_pi_squared": false, "context_parallel_size": 2, "data_format": "thd", "dense_logits_bytes": 1547316224, "dense_rows": 10184, "distillation_only": false, "elapsed_s": 0.03090265393257141, "element_size": 2, "entropy_from_logits_chunk_size": 2048, "entropy_from_logits_with_chunking": false, "event_id": 10, "logits_dtype": "torch.bfloat16", "logits_saved_bytes": 924986368, "peak_allocated_bytes": 7907254784, "peak_increment_bytes": 3692519424, "pipeline_parallel_size": 2, "projected_rows": 4096, "rank": 5, "response_only_enabled": true, "role": "actor", "selected_rows": 4096, "tensor_parallel_size": 2, "vocab_shard": 75968}
[36m(WorkerDict pid=3627508)[0m WARNING:2026-09-10 22:50:51,423:VERL_RESPONSE_ONLY_LM_HEAD_PROFILE {"active_ratio": 0.0, "actual_logits_bytes": 151936, "allocated_before_bytes": 4214900224, "backend": "unfused", "calculate_entropy": true, "calculate_sum_pi_squared": false, "context_parallel_size": 2, "data_format": "thd", "dense_logits_bytes": 1547316224, "dense_rows": 10184, "distillation_only": false, "elapsed_s": 0.006910283002071083, "element_size": 2, "entropy_from_logits_chunk_size": 2048, "entropy_from_logits_with_chunking": false, "event_id": 11, "logits_dtype": "torch.bfloat16", "logits_saved_bytes": 1547164288, "peak_allocated_bytes": 4298479616, "peak_increment_bytes": 83579392, "pipeline_parallel_size": 2, "projected_rows": 1, "rank": 7, "response_only_enabled": true, "role": "actor", "selected_rows": 0, "tensor_parallel_size": 2, "vocab_shard": 75968}
[36m(WorkerDict pid=3627507)[0m WARNING:2026-09-10 22:50:51,423:VERL_RESPONSE_ONLY_LM_HEAD_PROFILE {"active_ratio": 0.0, "actual_logits_bytes": 151936, "allocated_before_bytes": 4214900224, "backend": "unfused", "calculate_entropy": true, "calculate_sum_pi_squared": false, "context_parallel_size": 2, "data_format": "thd", "dense_logits_bytes": 1547316224, "dense_rows": 10184, "distillation_only": false, "elapsed_s": 0.006818572990596294, "element_size": 2, "entropy_from_logits_chunk_size": 2048, "entropy_from_logits_with_chunking": false, "event_id": 11, "logits_dtype": "torch.bfloat16", "logits_saved_bytes": 1547164288, "peak_allocated_bytes": 4298479616, "peak_increment_bytes": 83579392, "pipeline_parallel_size": 2, "projected_rows": 1, "rank": 6, "response_only_enabled": true, "role": "actor", "selected_rows": 0, "tensor_parallel_size": 2, "vocab_shard": 75968}
[36m(WorkerDict pid=3627506)[0m WARNING:2026-09-10 22:50:51,447:VERL_RESPONSE_ONLY_LM_HEAD_PROFILE {"active_ratio": 0.40219952867242736, "actual_logits_bytes": 622329856, "allocated_before_bytes": 4214900224, "backend": "unfused", "calculate_entropy": true, "calculate_sum_pi_squared": false, "context_parallel_size": 2, "data_format": "thd", "dense_logits_bytes": 1547316224, "dense_rows": 10184, "distillation_only": false, "elapsed_s": 0.030800682958215475, "element_size": 2, "entropy_from_logits_chunk_size": 2048, "entropy_from_logits_with_chunking": false, "event_id": 11, "logits_dtype": "torch.bfloat16", "logits_saved_bytes": 924986368, "peak_allocated_bytes": 7907419648, "peak_increment_bytes": 3692519424, "pipeline_parallel_size": 2, "projected_rows": 4096, "rank": 5, "response_only_enabled": true, "role": "actor", "selected_rows": 4096, "tensor_parallel_size": 2, "vocab_shard": 75968}
[36m(WorkerDict pid=3627508)[0m WARNING:2026-09-10 22:50:51,754:VERL_RESPONSE_ONLY_LM_HEAD_PROFILE {"active_ratio": 0.0, "actual_logits_bytes": 151936, "allocated_before_bytes": 4215065088, "backend": "unfused", "calculate_entropy": true, "calculate_sum_pi_squared": false, "context_parallel_size": 2, "data_format": "thd", "dense_logits_bytes": 1547316224, "dense_rows": 10184, "distillation_only": false, "elapsed_s": 0.0067251629661768675, "element_size": 2, "entropy_from_logits_chunk_size": 2048, "entropy_from_logits_with_chunking": false, "event_id": 12, "logits_dtype": "torch.bfloat16", "logits_saved_bytes": 1547164288, "peak_allocated_bytes": 4298644480, "peak_increment_bytes": 83579392, "pipeline_parallel_size": 2, "projected_rows": 1, "rank": 7, "response_only_enabled": true, "role": "actor", "selected_rows": 0, "tensor_parallel_size": 2, "vocab_shard": 75968}
[36m(WorkerDict pid=3627507)[0m WARNING:2026-09-10 22:50:51,754:VERL_RESPONSE_ONLY_LM_HEAD_PROFILE {"active_ratio": 0.0, "actual_logits_bytes": 151936, "allocated_before_bytes": 4215065088, "backend": "unfused", "calculate_entropy": true, "calculate_sum_pi_squared": false, "context_parallel_size": 2, "data_format": "thd", "dense_logits_bytes": 1547316224, "dense_rows": 10184, "distillation_only": false, "elapsed_s": 0.006647233036346734, "element_size": 2, "entropy_from_logits_chunk_size": 2048, "entropy_from_logits_with_chunking": false, "event_id": 12, "logits_dtype": "torch.bfloat16", "logits_saved_bytes": 1547164288, "peak_allocated_bytes": 4298644480, "peak_increment_bytes": 83579392, "pipeline_parallel_size": 2, "projected_rows": 1, "rank": 6, "response_only_enabled": true, "role": "actor", "selected_rows": 0, "tensor_parallel_size": 2, "vocab_shard": 75968}
[36m(WorkerDict pid=3627506)[0m WARNING:2026-09-10 22:50:51,778:VERL_RESPONSE_ONLY_LM_HEAD_PROFILE {"active_ratio": 0.40219952867242736, "actual_logits_bytes": 622329856, "allocated_before_bytes": 4215065088, "backend": "unfused", "calculate_entropy": true, "calculate_sum_pi_squared": false, "context_parallel_size": 2, "data_format": "thd", "dense_logits_bytes": 1547316224, "dense_rows": 10184, "distillation_only": false, "elapsed_s": 0.030975774046964943, "element_size": 2, "entropy_from_logits_chunk_size": 2048, "entropy_from_logits_with_chunking": false, "event_id": 12, "logits_dtype": "torch.bfloat16", "logits_saved_bytes": 924986368, "peak_allocated_bytes": 7907584512, "peak_increment_bytes": 3692519424, "pipeline_parallel_size": 2, "projected_rows": 4096, "rank": 5, "response_only_enabled": true, "role": "actor", "selected_rows": 4096, "tensor_parallel_size": 2, "vocab_shard": 75968}
[36m(WorkerDict pid=3627508)[0m WARNING:2026-09-10 22:50:52,086:VERL_RESPONSE_ONLY_LM_HEAD_PROFILE {"active_ratio": 0.0, "actual_logits_bytes": 151936, "allocated_before_bytes": 4215229952, "backend": "unfused", "calculate_entropy": true, "calculate_sum_pi_squared": false, "context_parallel_size": 2, "data_format": "thd", "dense_logits_bytes": 1547316224, "dense_rows": 10184, "distillation_only": false, "elapsed_s": 0.006734602968208492, "element_size": 2, "entropy_from_logits_chunk_size": 2048, "entropy_from_logits_with_chunking": false, "event_id": 13, "logits_dtype": "torch.bfloat16", "logits_saved_bytes": 1547164288, "peak_allocated_bytes": 4298809344, "peak_increment_bytes": 83579392, "pipeline_parallel_size": 2, "projected_rows": 1, "rank": 7, "response_only_enabled": true, "role": "actor", "selected_rows": 0, "tensor_parallel_size": 2, "vocab_shard": 75968}
[36m(WorkerDict pid=3627507)[0m WARNING:2026-09-10 22:50:52,085:VERL_RESPONSE_ONLY_LM_HEAD_PROFILE {"active_ratio": 0.0, "actual_logits_bytes": 151936, "allocated_before_bytes": 4215229952, "backend": "unfused", "calculate_entropy": true, "calculate_sum_pi_squared": false, "context_parallel_size": 2, "data_format": "thd", "dense_logits_bytes": 1547316224, "dense_rows": 10184, "distillation_only": false, "elapsed_s": 0.006566492957063019, "element_size": 2, "entropy_from_logits_chunk_size": 2048, "entropy_from_logits_with_chunking": false, "event_id": 13, "logits_dtype": "torch.bfloat16", "logits_saved_bytes": 1547164288, "peak_allocated_bytes": 4298809344, "peak_increment_bytes": 83579392, "pipeline_parallel_size": 2, "projected_rows": 1, "rank": 6, "response_only_enabled": true, "role": "actor", "selected_rows": 0, "tensor_parallel_size": 2, "vocab_shard": 75968}
[36m(WorkerDict pid=3627506)[0m WARNING:2026-09-10 22:50:52,110:VERL_RESPONSE_ONLY_LM_HEAD_PROFILE {"active_ratio": 0.40219952867242736, "actual_logits_bytes": 622329856, "allocated_before_bytes": 4215229952, "backend": "unfused", "calculate_entropy": true, "calculate_sum_pi_squared": false, "context_parallel_size": 2, "data_format": "thd", "dense_logits_bytes": 1547316224, "dense_rows": 10184, "distillation_only": false, "elapsed_s": 0.030914613977074623, "element_size": 2, "entropy_from_logits_chunk_size": 2048, "entropy_from_logits_with_chunking": false, "event_id": 13, "logits_dtype": "torch.bfloat16", "logits_saved_bytes": 924986368, "peak_allocated_bytes": 7907749376, "peak_increment_bytes": 3692519424, "pipeline_parallel_size": 2, "projected_rows": 4096, "rank": 5, "response_only_enabled": true, "role": "actor", "selected_rows": 4096, "tensor_parallel_size": 2, "vocab_shard": 75968}
[36m(WorkerDict pid=3627508)[0m WARNING:2026-09-10 22:50:52,417:VERL_RESPONSE_ONLY_LM_HEAD_PROFILE {"active_ratio": 0.0, "actual_logits_bytes": 151936, "allocated_before_bytes": 4215394816, "backend": "unfused", "calculate_entropy": true, "calculate_sum_pi_squared": false, "context_parallel_size": 2, "data_format": "thd", "dense_logits_bytes": 1547316224, "dense_rows": 10184, "distillation_only": false, "elapsed_s": 0.006862852955237031, "element_size": 2, "entropy_from_logits_chunk_size": 2048, "entropy_from_logits_with_chunking": false, "event_id": 14, "logits_dtype": "torch.bfloat16", "logits_saved_bytes": 1547164288, "peak_allocated_bytes": 4298974208, "peak_increment_bytes": 83579392, "pipeline_parallel_size": 2, "projected_rows": 1, "rank": 7, "response_only_enabled": true, "role": "actor", "selected_rows": 0, "tensor_parallel_size": 2, "vocab_shard": 75968}
[36m(WorkerDict pid=3627507)[0m WARNING:2026-09-10 22:50:52,417:VERL_RESPONSE_ONLY_LM_HEAD_PROFILE {"active_ratio": 0.0, "actual_logits_bytes": 151936, "allocated_before_bytes": 4215394816, "backend": "unfused", "calculate_entropy": true, "calculate_sum_pi_squared": false, "context_parallel_size": 2, "data_format": "thd", "dense_logits_bytes": 1547316224, "dense_rows": 10184, "distillation_only": false, "elapsed_s": 0.006789833074435592, "element_size": 2, "entropy_from_logits_chunk_size": 2048, "entropy_from_logits_with_chunking": false, "event_id": 14, "logits_dtype": "torch.bfloat16", "logits_saved_bytes": 1547164288, "peak_allocated_bytes": 4298974208, "peak_increment_bytes": 83579392, "pipeline_parallel_size": 2, "projected_rows": 1, "rank": 6, "response_only_enabled": true, "role": "actor", "selected_rows": 0, "tensor_parallel_size": 2, "vocab_shard": 75968}
[36m(WorkerDict pid=3627506)[0m WARNING:2026-09-10 22:50:52,441:VERL_RESPONSE_ONLY_LM_HEAD_PROFILE {"active_ratio": 0.40219952867242736, "actual_logits_bytes": 622329856, "allocated_before_bytes": 4215394816, "backend": "unfused", "calculate_entropy": true, "calculate_sum_pi_squared": false, "context_parallel_size": 2, "data_format": "thd", "dense_logits_bytes": 1547316224, "dense_rows": 10184, "distillation_only": false, "elapsed_s": 0.03100932401139289, "element_size": 2, "entropy_from_logits_chunk_size": 2048, "entropy_from_logits_with_chunking": false, "event_id": 14, "logits_dtype": "torch.bfloat16", "logits_saved_bytes": 924986368, "peak_allocated_bytes": 7907914240, "peak_increment_bytes": 3692519424, "pipeline_parallel_size": 2, "projected_rows": 4096, "rank": 5, "response_only_enabled": true, "role": "actor", "selected_rows": 4096, "tensor_parallel_size": 2, "vocab_shard": 75968}
[36m(WorkerDict pid=3627508)[0m WARNING:2026-09-10 22:50:52,747:VERL_RESPONSE_ONLY_LM_HEAD_PROFILE {"active_ratio": 0.0, "actual_logits_bytes": 151936, "allocated_before_bytes": 4215559680, "backend": "unfused", "calculate_entropy": true, "calculate_sum_pi_squared": false, "context_parallel_size": 2, "data_format": "thd", "dense_logits_bytes": 1547316224, "dense_rows": 10184, "distillation_only": false, "elapsed_s": 0.007058974006213248, "element_size": 2, "entropy_from_logits_chunk_size": 2048, "entropy_from_logits_with_chunking": false, "event_id": 15, "logits_dtype": "torch.bfloat16", "logits_saved_bytes": 1547164288, "peak_allocated_bytes": 4299139072, "peak_increment_bytes": 83579392, "pipeline_parallel_size": 2, "projected_rows": 1, "rank": 7, "response_only_enabled": true, "role": "actor", "selected_rows": 0, "tensor_parallel_size": 2, "vocab_shard": 75968}
[36m(WorkerDict pid=3627507)[0m WARNING:2026-09-10 22:50:52,747:VERL_RESPONSE_ONLY_LM_HEAD_PROFILE {"active_ratio": 0.0, "actual_logits_bytes": 151936, "allocated_before_bytes": 4215559680, "backend": "unfused", "calculate_entropy": true, "calculate_sum_pi_squared": false, "context_parallel_size": 2, "data_format": "thd", "dense_logits_bytes": 1547316224, "dense_rows": 10184, "distillation_only": false, "elapsed_s": 0.006886973045766354, "element_size": 2, "entropy_from_logits_chunk_size": 2048, "entropy_from_logits_with_chunking": false, "event_id": 15, "logits_dtype": "torch.bfloat16", "logits_saved_bytes": 1547164288, "peak_allocated_bytes": 4299139072, "peak_increment_bytes": 83579392, "pipeline_parallel_size": 2, "projected_rows": 1, "rank": 6, "response_only_enabled": true, "role": "actor", "selected_rows": 0, "tensor_parallel_size": 2, "vocab_shard": 75968}
[36m(WorkerDict pid=3627506)[0m WARNING:2026-09-10 22:50:52,772:VERL_RESPONSE_ONLY_LM_HEAD_PROFILE {"active_ratio": 0.40219952867242736, "actual_logits_bytes": 622329856, "allocated_before_bytes": 4215559680, "backend": "unfused", "calculate_entropy": true, "calculate_sum_pi_squared": false, "context_parallel_size": 2, "data_format": "thd", "dense_logits_bytes": 1547316224, "dense_rows": 10184, "distillation_only": false, "elapsed_s": 0.031088134041056037, "element_size": 2, "entropy_from_logits_chunk_size": 2048, "entropy_from_logits_with_chunking": false, "event_id": 15, "logits_dtype": "torch.bfloat16", "logits_saved_bytes": 924986368, "peak_allocated_bytes": 7908079104, "peak_increment_bytes": 3692519424, "pipeline_parallel_size": 2, "projected_rows": 4096, "rank": 5, "response_only_enabled": true, "role": "actor", "selected_rows": 4096, "tensor_parallel_size": 2, "vocab_shard": 75968}
[36m(WorkerDict pid=3627508)[0m WARNING:2026-09-10 22:50:57,629:VERL_RESPONSE_ONLY_LM_HEAD_PROFILE {"active_ratio": 0.0, "actual_logits_bytes": 151936, "allocated_before_bytes": 4265374208, "backend": "unfused", "calculate_entropy": false, "calculate_sum_pi_squared": false, "context_parallel_size": 2, "data_format": "thd", "dense_logits_bytes": 1547316224, "dense_rows": 10184, "distillation_only": false, "elapsed_s": 0.004082682076841593, "element_size": 2, "entropy_from_logits_chunk_size": 2048, "entropy_from_logits_with_chunking": false, "event_id": 16, "logits_dtype": "torch.bfloat16", "logits_saved_bytes": 1547164288, "peak_allocated_bytes": 4348953600, "peak_increment_bytes": 83579392, "pipeline_parallel_size": 2, "projected_rows": 1, "rank": 7, "response_only_enabled": true, "role": "ref", "selected_rows": 0, "tensor_parallel_size": 2, "vocab_shard": 75968}
[36m(WorkerDict pid=3627507)[0m WARNING:2026-09-10 22:50:57,629:VERL_RESPONSE_ONLY_LM_HEAD_PROFILE {"active_ratio": 0.0, "actual_logits_bytes": 151936, "allocated_before_bytes": 4265374208, "backend": "unfused", "calculate_entropy": false, "calculate_sum_pi_squared": false, "context_parallel_size": 2, "data_format": "thd", "dense_logits_bytes": 1547316224, "dense_rows": 10184, "distillation_only": false, "elapsed_s": 0.003967932076193392, "element_size": 2, "entropy_from_logits_chunk_size": 2048, "entropy_from_logits_with_chunking": false, "event_id": 16, "logits_dtype": "torch.bfloat16", "logits_saved_bytes": 1547164288, "peak_allocated_bytes": 4348953600, "peak_increment_bytes": 83579392, "pipeline_parallel_size": 2, "projected_rows": 1, "rank": 6, "response_only_enabled": true, "role": "ref", "selected_rows": 0, "tensor_parallel_size": 2, "vocab_shard": 75968}
[36m(WorkerDict pid=3627506)[0m WARNING:2026-09-10 22:50:57,654:VERL_RESPONSE_ONLY_LM_HEAD_PROFILE {"active_ratio": 0.40219952867242736, "actual_logits_bytes": 622329856, "allocated_before_bytes": 4265374208, "backend": "unfused", "calculate_entropy": false, "calculate_sum_pi_squared": false, "context_parallel_size": 2, "data_format": "thd", "dense_logits_bytes": 1547316224, "dense_rows": 10184, "distillation_only": false, "elapsed_s": 0.029021652997471392, "element_size": 2, "entropy_from_logits_chunk_size": 2048, "entropy_from_logits_with_chunking": false, "event_id": 16, "logits_dtype": "torch.bfloat16", "logits_saved_bytes": 924986368, "peak_allocated_bytes": 6090650112, "peak_increment_bytes": 1825275904, "pipeline_parallel_size": 2, "projected_rows": 4096, "rank": 5, "response_only_enabled": true, "role": "ref", "selected_rows": 4096, "tensor_parallel_size": 2, "vocab_shard": 75968}
[36m(WorkerDict pid=3627508)[0m WARNING:2026-09-10 22:50:57,956:VERL_RESPONSE_ONLY_LM_HEAD_PROFILE {"active_ratio": 0.0, "actual_logits_bytes": 151936, "allocated_before_bytes": 4265457152, "backend": "unfused", "calculate_entropy": false, "calculate_sum_pi_squared": false, "context_parallel_size": 2, "data_format": "thd", "dense_logits_bytes": 1547316224, "dense_rows": 10184, "distillation_only": false, "elapsed_s": 0.0037558720214292407, "element_size": 2, "entropy_from_logits_chunk_size": 2048, "entropy_from_logits_with_chunking": false, "event_id": 17, "logits_dtype": "torch.bfloat16", "logits_saved_bytes": 1547164288, "peak_allocated_bytes": 4349036544, "peak_increment_bytes": 83579392, "pipeline_parallel_size": 2, "projected_rows": 1, "rank": 7, "response_only_enabled": true, "role": "ref", "selected_rows": 0, "tensor_parallel_size": 2, "vocab_shard": 75968}
[36m(WorkerDict pid=3627507)[0m WARNING:2026-09-10 22:50:57,956:VERL_RESPONSE_ONLY_LM_HEAD_PROFILE {"active_ratio": 0.0, "actual_logits_bytes": 151936, "allocated_before_bytes": 4265457152, "backend": "unfused", "calculate_entropy": false, "calculate_sum_pi_squared": false, "context_parallel_size": 2, "data_format": "thd", "dense_logits_bytes": 1547316224, "dense_rows": 10184, "distillation_only": false, "elapsed_s": 0.0038278519641608, "element_size": 2, "entropy_from_logits_chunk_size": 2048, "entropy_from_logits_with_chunking": false, "event_id": 17, "logits_dtype": "torch.bfloat16", "logits_saved_bytes": 1547164288, "peak_allocated_bytes": 4349036544, "peak_increment_bytes": 83579392, "pipeline_parallel_size": 2, "projected_rows": 1, "rank": 6, "response_only_enabled": true, "role": "ref", "selected_rows": 0, "tensor_parallel_size": 2, "vocab_shard": 75968}
[36m(WorkerDict pid=3627506)[0m WARNING:2026-09-10 22:50:57,974:VERL_RESPONSE_ONLY_LM_HEAD_PROFILE {"active_ratio": 0.40219952867242736, "actual_logits_bytes": 622329856, "allocated_before_bytes": 4265457152, "backend": "unfused", "calculate_entropy": false, "calculate_sum_pi_squared": false, "context_parallel_size": 2, "data_format": "thd", "dense_logits_bytes": 1547316224, "dense_rows": 10184, "distillation_only": false, "elapsed_s": 0.021630059112794697, "element_size": 2, "entropy_from_logits_chunk_size": 2048, "entropy_from_logits_with_chunking": false, "event_id": 17, "logits_dtype": "torch.bfloat16", "logits_saved_bytes": 924986368, "peak_allocated_bytes": 6090733056, "peak_increment_bytes": 1825275904, "pipeline_parallel_size": 2, "projected_rows": 4096, "rank": 5, "response_only_enabled": true, "role": "ref", "selected_rows": 4096, "tensor_parallel_size": 2, "vocab_shard": 75968}
[36m(WorkerDict pid=3627508)[0m WARNING:2026-09-10 22:50:58,277:VERL_RESPONSE_ONLY_LM_HEAD_PROFILE {"active_ratio": 0.0, "actual_logits_bytes": 151936, "allocated_before_bytes": 4265539584, "backend": "unfused", "calculate_entropy": false, "calculate_sum_pi_squared": false, "context_parallel_size": 2, "data_format": "thd", "dense_logits_bytes": 1547316224, "dense_rows": 10184, "distillation_only": false, "elapsed_s": 0.0037608020938932896, "element_size": 2, "entropy_from_logits_chunk_size": 2048, "entropy_from_logits_with_chunking": false, "event_id": 18, "logits_dtype": "torch.bfloat16", "logits_saved_bytes": 1547164288, "peak_allocated_bytes": 4349118976, "peak_increment_bytes": 83579392, "pipeline_parallel_size": 2, "projected_rows": 1, "rank": 7, "response_only_enabled": true, "role": "ref", "selected_rows": 0, "tensor_parallel_size": 2, "vocab_shard": 75968}
[36m(WorkerDict pid=3627507)[0m WARNING:2026-09-10 22:50:58,277:VERL_RESPONSE_ONLY_LM_HEAD_PROFILE {"active_ratio": 0.0, "actual_logits_bytes": 151936, "allocated_before_bytes": 4265539584, "backend": "unfused", "calculate_entropy": false, "calculate_sum_pi_squared": false, "context_parallel_size": 2, "data_format": "thd", "dense_logits_bytes": 1547316224, "dense_rows": 10184, "distillation_only": false, "elapsed_s": 0.003939731977880001, "element_size": 2, "entropy_from_logits_chunk_size": 2048, "entropy_from_logits_with_chunking": false, "event_id": 18, "logits_dtype": "torch.bfloat16", "logits_saved_bytes": 1547164288, "peak_allocated_bytes": 4349118976, "peak_increment_bytes": 83579392, "pipeline_parallel_size": 2, "projected_rows": 1, "rank": 6, "response_only_enabled": true, "role": "ref", "selected_rows": 0, "tensor_parallel_size": 2, "vocab_shard": 75968}
[36m(WorkerDict pid=3627506)[0m WARNING:2026-09-10 22:50:58,295:VERL_RESPONSE_ONLY_LM_HEAD_PROFILE {"active_ratio": 0.40219952867242736, "actual_logits_bytes": 622329856, "allocated_before_bytes": 4265539584, "backend": "unfused", "calculate_entropy": false, "calculate_sum_pi_squared": false, "context_parallel_size": 2, "data_format": "thd", "dense_logits_bytes": 1547316224, "dense_rows": 10184, "distillation_only": false, "elapsed_s": 0.02161761000752449, "element_size": 2, "entropy_from_logits_chunk_size": 2048, "entropy_from_logits_with_chunking": false, "event_id": 18, "logits_dtype": "torch.bfloat16", "logits_saved_bytes": 924986368, "peak_allocated_bytes": 6090815488, "peak_increment_bytes": 1825275904, "pipeline_parallel_size": 2, "projected_rows": 4096, "rank": 5, "response_only_enabled": true, "role": "ref", "selected_rows": 4096, "tensor_parallel_size": 2, "vocab_shard": 75968}
[36m(WorkerDict pid=3627508)[0m WARNING:2026-09-10 22:50:58,599:VERL_RESPONSE_ONLY_LM_HEAD_PROFILE {"active_ratio": 0.0, "actual_logits_bytes": 151936, "allocated_before_bytes": 4265622016, "backend": "unfused", "calculate_entropy": false, "calculate_sum_pi_squared": false, "context_parallel_size": 2, "data_format": "thd", "dense_logits_bytes": 1547316224, "dense_rows": 10184, "distillation_only": false, "elapsed_s": 0.004080671933479607, "element_size": 2, "entropy_from_logits_chunk_size": 2048, "entropy_from_logits_with_chunking": false, "event_id": 19, "logits_dtype": "torch.bfloat16", "logits_saved_bytes": 1547164288, "peak_allocated_bytes": 4349201408, "peak_increment_bytes": 83579392, "pipeline_parallel_size": 2, "projected_rows": 1, "rank": 7, "response_only_enabled": true, "role": "ref", "selected_rows": 0, "tensor_parallel_size": 2, "vocab_shard": 75968}
[36m(WorkerDict pid=3627507)[0m WARNING:2026-09-10 22:50:58,599:VERL_RESPONSE_ONLY_LM_HEAD_PROFILE {"active_ratio": 0.0, "actual_logits_bytes": 151936, "allocated_before_bytes": 4265622016, "backend": "unfused", "calculate_entropy": false, "calculate_sum_pi_squared": false, "context_parallel_size": 2, "data_format": "thd", "dense_logits_bytes": 1547316224, "dense_rows": 10184, "distillation_only": false, "elapsed_s": 0.003887132043018937, "element_size": 2, "entropy_from_logits_chunk_size": 2048, "entropy_from_logits_with_chunking": false, "event_id": 19, "logits_dtype": "torch.bfloat16", "logits_saved_bytes": 1547164288, "peak_allocated_bytes": 4349201408, "peak_increment_bytes": 83579392, "pipeline_parallel_size": 2, "projected_rows": 1, "rank": 6, "response_only_enabled": true, "role": "ref", "selected_rows": 0, "tensor_parallel_size": 2, "vocab_shard": 75968}
[36m(WorkerDict pid=3627506)[0m WARNING:2026-09-10 22:50:58,616:VERL_RESPONSE_ONLY_LM_HEAD_PROFILE {"active_ratio": 0.40219952867242736, "actual_logits_bytes": 622329856, "allocated_before_bytes": 4265622016, "backend": "unfused", "calculate_entropy": false, "calculate_sum_pi_squared": false, "context_parallel_size": 2, "data_format": "thd", "dense_logits_bytes": 1547316224, "dense_rows": 10184, "distillation_only": false, "elapsed_s": 0.02153951907530427, "element_size": 2, "entropy_from_logits_chunk_size": 2048, "entropy_from_logits_with_chunking": false, "event_id": 19, "logits_dtype": "torch.bfloat16", "logits_saved_bytes": 924986368, "peak_allocated_bytes": 6090897920, "peak_increment_bytes": 1825275904, "pipeline_parallel_size": 2, "projected_rows": 4096, "rank": 5, "response_only_enabled": true, "role": "ref", "selected_rows": 4096, "tensor_parallel_size": 2, "vocab_shard": 75968}
[36m(WorkerDict pid=3627508)[0m WARNING:2026-09-10 22:50:58,912:VERL_RESPONSE_ONLY_LM_HEAD_PROFILE {"active_ratio": 0.0, "actual_logits_bytes": 151936, "allocated_before_bytes": 4273454592, "backend": "unfused", "calculate_entropy": false, "calculate_sum_pi_squared": false, "context_parallel_size": 2, "data_format": "thd", "dense_logits_bytes": 1503558656, "dense_rows": 9896, "distillation_only": false, "elapsed_s": 0.003928241087123752, "element_size": 2, "entropy_from_logits_chunk_size": 2048, "entropy_from_logits_with_chunking": false, "event_id": 20, "logits_dtype": "torch.bfloat16", "logits_saved_bytes": 1503406720, "peak_allocated_bytes": 4354674688, "peak_increment_bytes": 81220096, "pipeline_parallel_size": 2, "projected_rows": 1, "rank": 7, "response_only_enabled": true, "role": "ref", "selected_rows": 0, "tensor_parallel_size": 2, "vocab_shard": 75968}
[36m(WorkerDict pid=3627507)[0m WARNING:2026-09-10 22:50:58,912:VERL_RESPONSE_ONLY_LM_HEAD_PROFILE {"active_ratio": 0.0, "actual_logits_bytes": 151936, "allocated_before_bytes": 4273454592, "backend": "unfused", "calculate_entropy": false, "calculate_sum_pi_squared": false, "context_parallel_size": 2, "data_format": "thd", "dense_logits_bytes": 1503558656, "dense_rows": 9896, "distillation_only": false, "elapsed_s": 0.0038384710205718875, "element_size": 2, "entropy_from_logits_chunk_size": 2048, "entropy_from_logits_with_chunking": false, "event_id": 20, "logits_dtype": "torch.bfloat16", "logits_saved_bytes": 1503406720, "peak_allocated_bytes": 4354674688, "peak_increment_bytes": 81220096, "pipeline_parallel_size": 2, "projected_rows": 1, "rank": 6, "response_only_enabled": true, "role": "ref", "selected_rows": 0, "tensor_parallel_size": 2, "vocab_shard": 75968}
[36m(WorkerDict pid=3627506)[0m WARNING:2026-09-10 22:50:58,930:VERL_RESPONSE_ONLY_LM_HEAD_PROFILE {"active_ratio": 0.41390460792239286, "actual_logits_bytes": 622329856, "allocated_before_bytes": 4273454592, "backend": "unfused", "calculate_entropy": false, "calculate_sum_pi_squared": false, "context_parallel_size": 2, "data_format": "thd", "dense_logits_bytes": 1503558656, "dense_rows": 9896, "distillation_only": false, "elapsed_s": 0.021427088999189436, "element_size": 2, "entropy_from_logits_chunk_size": 2048, "entropy_from_logits_with_chunking": false, "event_id": 20, "logits_dtype": "torch.bfloat16", "logits_saved_bytes": 881228800, "peak_allocated_bytes": 6099910144, "peak_increment_bytes": 1826455552, "pipeline_parallel_size": 2, "projected_rows": 4096, "rank": 5, "response_only_enabled": true, "role": "ref", "selected_rows": 4096, "tensor_parallel_size": 2, "vocab_shard": 75968}
[36m(WorkerDict pid=3627508)[0m WARNING:2026-09-10 22:50:59,225:VERL_RESPONSE_ONLY_LM_HEAD_PROFILE {"active_ratio": 0.0, "actual_logits_bytes": 151936, "allocated_before_bytes": 4273534464, "backend": "unfused", "calculate_entropy": false, "calculate_sum_pi_squared": false, "context_parallel_size": 2, "data_format": "thd", "dense_logits_bytes": 1503558656, "dense_rows": 9896, "distillation_only": false, "elapsed_s": 0.004001370980404317, "element_size": 2, "entropy_from_logits_chunk_size": 2048, "entropy_from_logits_with_chunking": false, "event_id": 21, "logits_dtype": "torch.bfloat16", "logits_saved_bytes": 1503406720, "peak_allocated_bytes": 4354754560, "peak_increment_bytes": 81220096, "pipeline_parallel_size": 2, "projected_rows": 1, "rank": 7, "response_only_enabled": true, "role": "ref", "selected_rows": 0, "tensor_parallel_size": 2, "vocab_shard": 75968}
[36m(WorkerDict pid=3627507)[0m WARNING:2026-09-10 22:50:59,225:VERL_RESPONSE_ONLY_LM_HEAD_PROFILE {"active_ratio": 0.0, "actual_logits_bytes": 151936, "allocated_before_bytes": 4273534464, "backend": "unfused", "calculate_entropy": false, "calculate_sum_pi_squared": false, "context_parallel_size": 2, "data_format": "thd", "dense_logits_bytes": 1503558656, "dense_rows": 9896, "distillation_only": false, "elapsed_s": 0.003860260942019522, "element_size": 2, "entropy_from_logits_chunk_size": 2048, "entropy_from_logits_with_chunking": false, "event_id": 21, "logits_dtype": "torch.bfloat16", "logits_saved_bytes": 1503406720, "peak_allocated_bytes": 4354754560, "peak_increment_bytes": 81220096, "pipeline_parallel_size": 2, "projected_rows": 1, "rank": 6, "response_only_enabled": true, "role": "ref", "selected_rows": 0, "tensor_parallel_size": 2, "vocab_shard": 75968}
[36m(WorkerDict pid=3627506)[0m WARNING:2026-09-10 22:50:59,243:VERL_RESPONSE_ONLY_LM_HEAD_PROFILE {"active_ratio": 0.41390460792239286, "actual_logits_bytes": 622329856, "allocated_before_bytes": 4273534464, "backend": "unfused", "calculate_entropy": false, "calculate_sum_pi_squared": false, "context_parallel_size": 2, "data_format": "thd", "dense_logits_bytes": 1503558656, "dense_rows": 9896, "distillation_only": false, "elapsed_s": 0.021492158994078636, "element_size": 2, "entropy_from_logits_chunk_size": 2048, "entropy_from_logits_with_chunking": false, "event_id": 21, "logits_dtype": "torch.bfloat16", "logits_saved_bytes": 881228800, "peak_allocated_bytes": 6099990016, "peak_increment_bytes": 1826455552, "pipeline_parallel_size": 2, "projected_rows": 4096, "rank": 5, "response_only_enabled": true, "role": "ref", "selected_rows": 4096, "tensor_parallel_size": 2, "vocab_shard": 75968}
[36m(WorkerDict pid=3627508)[0m WARNING:2026-09-10 22:50:59,537:VERL_RESPONSE_ONLY_LM_HEAD_PROFILE {"active_ratio": 0.0, "actual_logits_bytes": 151936, "allocated_before_bytes": 4273614336, "backend": "unfused", "calculate_entropy": false, "calculate_sum_pi_squared": false, "context_parallel_size": 2, "data_format": "thd", "dense_logits_bytes": 1503558656, "dense_rows": 9896, "distillation_only": false, "elapsed_s": 0.003787372028455138, "element_size": 2, "entropy_from_logits_chunk_size": 2048, "entropy_from_logits_with_chunking": false, "event_id": 22, "logits_dtype": "torch.bfloat16", "logits_saved_bytes": 1503406720, "peak_allocated_bytes": 4354834432, "peak_increment_bytes": 81220096, "pipeline_parallel_size": 2, "projected_rows": 1, "rank": 7, "response_only_enabled": true, "role": "ref", "selected_rows": 0, "tensor_parallel_size": 2, "vocab_shard": 75968}
[36m(WorkerDict pid=3627507)[0m WARNING:2026-09-10 22:50:59,537:VERL_RESPONSE_ONLY_LM_HEAD_PROFILE {"active_ratio": 0.0, "actual_logits_bytes": 151936, "allocated_before_bytes": 4273614336, "backend": "unfused", "calculate_entropy": false, "calculate_sum_pi_squared": false, "context_parallel_size": 2, "data_format": "thd", "dense_logits_bytes": 1503558656, "dense_rows": 9896, "distillation_only": false, "elapsed_s": 0.003768442082218826, "element_size": 2, "entropy_from_logits_chunk_size": 2048, "entropy_from_logits_with_chunking": false, "event_id": 22, "logits_dtype": "torch.bfloat16", "logits_saved_bytes": 1503406720, "peak_allocated_bytes": 4354834432, "peak_increment_bytes": 81220096, "pipeline_parallel_size": 2, "projected_rows": 1, "rank": 6, "response_only_enabled": true, "role": "ref", "selected_rows": 0, "tensor_parallel_size": 2, "vocab_shard": 75968}
[36m(WorkerDict pid=3627506)[0m WARNING:2026-09-10 22:50:59,554:VERL_RESPONSE_ONLY_LM_HEAD_PROFILE {"active_ratio": 0.41390460792239286, "actual_logits_bytes": 622329856, "allocated_before_bytes": 4273614336, "backend": "unfused", "calculate_entropy": false, "calculate_sum_pi_squared": false, "context_parallel_size": 2, "data_format": "thd", "dense_logits_bytes": 1503558656, "dense_rows": 9896, "distillation_only": false, "elapsed_s": 0.02141794899944216, "element_size": 2, "entropy_from_logits_chunk_size": 2048, "entropy_from_logits_with_chunking": false, "event_id": 22, "logits_dtype": "torch.bfloat16", "logits_saved_bytes": 881228800, "peak_allocated_bytes": 6100069888, "peak_increment_bytes": 1826455552, "pipeline_parallel_size": 2, "projected_rows": 4096, "rank": 5, "response_only_enabled": true, "role": "ref", "selected_rows": 4096, "tensor_parallel_size": 2, "vocab_shard": 75968}
[36m(WorkerDict pid=3627508)[0m WARNING:2026-09-10 22:50:59,848:VERL_RESPONSE_ONLY_LM_HEAD_PROFILE {"active_ratio": 0.0, "actual_logits_bytes": 151936, "allocated_before_bytes": 4273694208, "backend": "unfused", "calculate_entropy": false, "calculate_sum_pi_squared": false, "context_parallel_size": 2, "data_format": "thd", "dense_logits_bytes": 1503558656, "dense_rows": 9896, "distillation_only": false, "elapsed_s": 0.0036935320822522044, "element_size": 2, "entropy_from_logits_chunk_size": 2048, "entropy_from_logits_with_chunking": false, "event_id": 23, "logits_dtype": "torch.bfloat16", "logits_saved_bytes": 1503406720, "peak_allocated_bytes": 4354914304, "peak_increment_bytes": 81220096, "pipeline_parallel_size": 2, "projected_rows": 1, "rank": 7, "response_only_enabled": true, "role": "ref", "selected_rows": 0, "tensor_parallel_size": 2, "vocab_shard": 75968}
[36m(WorkerDict pid=3627507)[0m WARNING:2026-09-10 22:50:59,849:VERL_RESPONSE_ONLY_LM_HEAD_PROFILE {"active_ratio": 0.0, "actual_logits_bytes": 151936, "allocated_before_bytes": 4273694208, "backend": "unfused", "calculate_entropy": false, "calculate_sum_pi_squared": false, "context_parallel_size": 2, "data_format": "thd", "dense_logits_bytes": 1503558656, "dense_rows": 9896, "distillation_only": false, "elapsed_s": 0.003830412053503096, "element_size": 2, "entropy_from_logits_chunk_size": 2048, "entropy_from_logits_with_chunking": false, "event_id": 23, "logits_dtype": "torch.bfloat16", "logits_saved_bytes": 1503406720, "peak_allocated_bytes": 4354914304, "peak_increment_bytes": 81220096, "pipeline_parallel_size": 2, "projected_rows": 1, "rank": 6, "response_only_enabled": true, "role": "ref", "selected_rows": 0, "tensor_parallel_size": 2, "vocab_shard": 75968}
[36m(WorkerDict pid=3627506)[0m WARNING:2026-09-10 22:50:59,866:VERL_RESPONSE_ONLY_LM_HEAD_PROFILE {"active_ratio": 0.41390460792239286, "actual_logits_bytes": 622329856, "allocated_before_bytes": 4273694208, "backend": "unfused", "calculate_entropy": false, "calculate_sum_pi_squared": false, "context_parallel_size": 2, "data_format": "thd", "dense_logits_bytes": 1503558656, "dense_rows": 9896, "distillation_only": false, "elapsed_s": 0.021467800019308925, "element_size": 2, "entropy_from_logits_chunk_size": 2048, "entropy_from_logits_with_chunking": false, "event_id": 23, "logits_dtype": "torch.bfloat16", "logits_saved_bytes": 881228800, "peak_allocated_bytes": 6100149760, "peak_increment_bytes": 1826455552, "pipeline_parallel_size": 2, "projected_rows": 4096, "rank": 5, "response_only_enabled": true, "role": "ref", "selected_rows": 4096, "tensor_parallel_size": 2, "vocab_shard": 75968}
[36m(WorkerDict pid=3627508)[0m WARNING:2026-09-10 22:51:00,233:VERL_RESPONSE_ONLY_LM_HEAD_PROFILE {"active_ratio": 0.0, "actual_logits_bytes": 151936, "allocated_before_bytes": 4276157440, "backend": "unfused", "calculate_entropy": false, "calculate_sum_pi_squared": false, "context_parallel_size": 2, "data_format": "thd", "dense_logits_bytes": 1547316224, "dense_rows": 10184, "distillation_only": false, "elapsed_s": 0.0038022520020604134, "element_size": 2, "entropy_from_logits_chunk_size": 2048, "entropy_from_logits_with_chunking": false, "event_id": 24, "logits_dtype": "torch.bfloat16", "logits_saved_bytes": 1547164288, "peak_allocated_bytes": 4359736832, "peak_increment_bytes": 83579392, "pipeline_parallel_size": 2, "projected_rows": 1, "rank": 7, "response_only_enabled": true, "role": "ref", "selected_rows": 0, "tensor_parallel_size": 2, "vocab_shard": 75968}
[36m(WorkerDict pid=3627507)[0m WARNING:2026-09-10 22:51:00,233:VERL_RESPONSE_ONLY_LM_HEAD_PROFILE {"active_ratio": 0.0, "actual_logits_bytes": 151936, "allocated_before_bytes": 4276157440, "backend": "unfused", "calculate_entropy": false, "calculate_sum_pi_squared": false, "context_parallel_size": 2, "data_format": "thd", "dense_logits_bytes": 1547316224, "dense_rows": 10184, "distillation_only": false, "elapsed_s": 0.0038274619728326797, "element_size": 2, "entropy_from_logits_chunk_size": 2048, "entropy_from_logits_with_chunking": false, "event_id": 24, "logits_dtype": "torch.bfloat16", "logits_saved_bytes": 1547164288, "peak_allocated_bytes": 4359736832, "peak_increment_bytes": 83579392, "pipeline_parallel_size": 2, "projected_rows": 1, "rank": 6, "response_only_enabled": true, "role": "ref", "selected_rows": 0, "tensor_parallel_size": 2, "vocab_shard": 75968}
[36m(WorkerDict pid=3627506)[0m WARNING:2026-09-10 22:51:00,251:VERL_RESPONSE_ONLY_LM_HEAD_PROFILE {"active_ratio": 0.40219952867242736, "actual_logits_bytes": 622329856, "allocated_before_bytes": 4276157440, "backend": "unfused", "calculate_entropy": false, "calculate_sum_pi_squared": false, "context_parallel_size": 2, "data_format": "thd", "dense_logits_bytes": 1547316224, "dense_rows": 10184, "distillation_only": false, "elapsed_s": 0.02151928993407637, "element_size": 2, "entropy_from_logits_chunk_size": 2048, "entropy_from_logits_with_chunking": false, "event_id": 24, "logits_dtype": "torch.bfloat16", "logits_saved_bytes": 924986368, "peak_allocated_bytes": 6101433344, "peak_increment_bytes": 1825275904, "pipeline_parallel_size": 2, "projected_rows": 4096, "rank": 5, "response_only_enabled": true, "role": "ref", "selected_rows": 4096, "tensor_parallel_size": 2, "vocab_shard": 75968}
[36m(WorkerDict pid=3627508)[0m WARNING:2026-09-10 22:51:00,554:VERL_RESPONSE_ONLY_LM_HEAD_PROFILE {"active_ratio": 0.0, "actual_logits_bytes": 151936, "allocated_before_bytes": 4276239872, "backend": "unfused", "calculate_entropy": false, "calculate_sum_pi_squared": false, "context_parallel_size": 2, "data_format": "thd", "dense_logits_bytes": 1547316224, "dense_rows": 10184, "distillation_only": false, "elapsed_s": 0.003778630984015763, "element_size": 2, "entropy_from_logits_chunk_size": 2048, "entropy_from_logits_with_chunking": false, "event_id": 25, "logits_dtype": "torch.bfloat16", "logits_saved_bytes": 1547164288, "peak_allocated_bytes": 4359819264, "peak_increment_bytes": 83579392, "pipeline_parallel_size": 2, "projected_rows": 1, "rank": 7, "response_only_enabled": true, "role": "ref", "selected_rows": 0, "tensor_parallel_size": 2, "vocab_shard": 75968}
[36m(WorkerDict pid=3627507)[0m WARNING:2026-09-10 22:51:00,554:VERL_RESPONSE_ONLY_LM_HEAD_PROFILE {"active_ratio": 0.0, "actual_logits_bytes": 151936, "allocated_before_bytes": 4276239872, "backend": "unfused", "calculate_entropy": false, "calculate_sum_pi_squared": false, "context_parallel_size": 2, "data_format": "thd", "dense_logits_bytes": 1547316224, "dense_rows": 10184, "distillation_only": false, "elapsed_s": 0.0036983409663662314, "element_size": 2, "entropy_from_logits_chunk_size": 2048, "entropy_from_logits_with_chunking": false, "event_id": 25, "logits_dtype": "torch.bfloat16", "logits_saved_bytes": 1547164288, "peak_allocated_bytes": 4359819264, "peak_increment_bytes": 83579392, "pipeline_parallel_size": 2, "projected_rows": 1, "rank": 6, "response_only_enabled": true, "role": "ref", "selected_rows": 0, "tensor_parallel_size": 2, "vocab_shard": 75968}
[36m(WorkerDict pid=3627506)[0m WARNING:2026-09-10 22:51:00,572:VERL_RESPONSE_ONLY_LM_HEAD_PROFILE {"active_ratio": 0.40219952867242736, "actual_logits_bytes": 622329856, "allocated_before_bytes": 4276239872, "backend": "unfused", "calculate_entropy": false, "calculate_sum_pi_squared": false, "context_parallel_size": 2, "data_format": "thd", "dense_logits_bytes": 1547316224, "dense_rows": 10184, "distillation_only": false, "elapsed_s": 0.021585959009826183, "element_size": 2, "entropy_from_logits_chunk_size": 2048, "entropy_from_logits_with_chunking": false, "event_id": 25, "logits_dtype": "torch.bfloat16", "logits_saved_bytes": 924986368, "peak_allocated_bytes": 6101515776, "peak_increment_bytes": 1825275904, "pipeline_parallel_size": 2, "projected_rows": 4096, "rank": 5, "response_only_enabled": true, "role": "ref", "selected_rows": 4096, "tensor_parallel_size": 2, "vocab_shard": 75968}
[36m(WorkerDict pid=3627508)[0m WARNING:2026-09-10 22:51:00,874:VERL_RESPONSE_ONLY_LM_HEAD_PROFILE {"active_ratio": 0.0, "actual_logits_bytes": 151936, "allocated_before_bytes": 4276322304, "backend": "unfused", "calculate_entropy": false, "calculate_sum_pi_squared": false, "context_parallel_size": 2, "data_format": "thd", "dense_logits_bytes": 1547316224, "dense_rows": 10184, "distillation_only": false, "elapsed_s": 0.003811900969594717, "element_size": 2, "entropy_from_logits_chunk_size": 2048, "entropy_from_logits_with_chunking": false, "event_id": 26, "logits_dtype": "torch.bfloat16", "logits_saved_bytes": 1547164288, "peak_allocated_bytes": 4359901696, "peak_increment_bytes": 83579392, "pipeline_parallel_size": 2, "projected_rows": 1, "rank": 7, "response_only_enabled": true, "role": "ref", "selected_rows": 0, "tensor_parallel_size": 2, "vocab_shard": 75968}
[36m(WorkerDict pid=3627507)[0m WARNING:2026-09-10 22:51:00,874:VERL_RESPONSE_ONLY_LM_HEAD_PROFILE {"active_ratio": 0.0, "actual_logits_bytes": 151936, "allocated_before_bytes": 4276322304, "backend": "unfused", "calculate_entropy": false, "calculate_sum_pi_squared": false, "context_parallel_size": 2, "data_format": "thd", "dense_logits_bytes": 1547316224, "dense_rows": 10184, "distillation_only": false, "elapsed_s": 0.0037703410489484668, "element_size": 2, "entropy_from_logits_chunk_size": 2048, "entropy_from_logits_with_chunking": false, "event_id": 26, "logits_dtype": "torch.bfloat16", "logits_saved_bytes": 1547164288, "peak_allocated_bytes": 4359901696, "peak_increment_bytes": 83579392, "pipeline_parallel_size": 2, "projected_rows": 1, "rank": 6, "response_only_enabled": true, "role": "ref", "selected_rows": 0, "tensor_parallel_size": 2, "vocab_shard": 75968}
[36m(WorkerDict pid=3627506)[0m WARNING:2026-09-10 22:51:00,892:VERL_RESPONSE_ONLY_LM_HEAD_PROFILE {"active_ratio": 0.40219952867242736, "actual_logits_bytes": 622329856, "allocated_before_bytes": 4276322304, "backend": "unfused", "calculate_entropy": false, "calculate_sum_pi_squared": false, "context_parallel_size": 2, "data_format": "thd", "dense_logits_bytes": 1547316224, "dense_rows": 10184, "distillation_only": false, "elapsed_s": 0.021672399947419763, "element_size": 2, "entropy_from_logits_chunk_size": 2048, "entropy_from_logits_with_chunking": false, "event_id": 26, "logits_dtype": "torch.bfloat16", "logits_saved_bytes": 924986368, "peak_allocated_bytes": 6101598208, "peak_increment_bytes": 1825275904, "pipeline_parallel_size": 2, "projected_rows": 4096, "rank": 5, "response_only_enabled": true, "role": "ref", "selected_rows": 4096, "tensor_parallel_size": 2, "vocab_shard": 75968}
[36m(WorkerDict pid=3627508)[0m WARNING:2026-09-10 22:51:01,195:VERL_RESPONSE_ONLY_LM_HEAD_PROFILE {"active_ratio": 0.0, "actual_logits_bytes": 151936, "allocated_before_bytes": 4276404736, "backend": "unfused", "calculate_entropy": false, "calculate_sum_pi_squared": false, "context_parallel_size": 2, "data_format": "thd", "dense_logits_bytes": 1547316224, "dense_rows": 10184, "distillation_only": false, "elapsed_s": 0.0037480719620361924, "element_size": 2, "entropy_from_logits_chunk_size": 2048, "entropy_from_logits_with_chunking": false, "event_id": 27, "logits_dtype": "torch.bfloat16", "logits_saved_bytes": 1547164288, "peak_allocated_bytes": 4359984128, "peak_increment_bytes": 83579392, "pipeline_parallel_size": 2, "projected_rows": 1, "rank": 7, "response_only_enabled": true, "role": "ref", "selected_rows": 0, "tensor_parallel_size": 2, "vocab_shard": 75968}
[36m(WorkerDict pid=3627507)[0m WARNING:2026-09-10 22:51:01,195:VERL_RESPONSE_ONLY_LM_HEAD_PROFILE {"active_ratio": 0.0, "actual_logits_bytes": 151936, "allocated_before_bytes": 4276404736, "backend": "unfused", "calculate_entropy": false, "calculate_sum_pi_squared": false, "context_parallel_size": 2, "data_format": "thd", "dense_logits_bytes": 1547316224, "dense_rows": 10184, "distillation_only": false, "elapsed_s": 0.0037403819151222706, "element_size": 2, "entropy_from_logits_chunk_size": 2048, "entropy_from_logits_with_chunking": false, "event_id": 27, "logits_dtype": "torch.bfloat16", "logits_saved_bytes": 1547164288, "peak_allocated_bytes": 4359984128, "peak_increment_bytes": 83579392, "pipeline_parallel_size": 2, "projected_rows": 1, "rank": 6, "response_only_enabled": true, "role": "ref", "selected_rows": 0, "tensor_parallel_size": 2, "vocab_shard": 75968}
[36m(WorkerDict pid=3627506)[0m WARNING:2026-09-10 22:51:01,213:VERL_RESPONSE_ONLY_LM_HEAD_PROFILE {"active_ratio": 0.40219952867242736, "actual_logits_bytes": 622329856, "allocated_before_bytes": 4276404736, "backend": "unfused", "calculate_entropy": false, "calculate_sum_pi_squared": false, "context_parallel_size": 2, "data_format": "thd", "dense_logits_bytes": 1547316224, "dense_rows": 10184, "distillation_only": false, "elapsed_s": 0.021562399924732745, "element_size": 2, "entropy_from_logits_chunk_size": 2048, "entropy_from_logits_with_chunking": false, "event_id": 27, "logits_dtype": "torch.bfloat16", "logits_saved_bytes": 924986368, "peak_allocated_bytes": 6101680640, "peak_increment_bytes": 1825275904, "pipeline_parallel_size": 2, "projected_rows": 4096, "rank": 5, "response_only_enabled": true, "role": "ref", "selected_rows": 4096, "tensor_parallel_size": 2, "vocab_shard": 75968}
[36m(WorkerDict pid=3627508)[0m WARNING:2026-09-10 22:51:01,517:VERL_RESPONSE_ONLY_LM_HEAD_PROFILE {"active_ratio": 0.0, "actual_logits_bytes": 151936, "allocated_before_bytes": 4276487168, "backend": "unfused", "calculate_entropy": false, "calculate_sum_pi_squared": false, "context_parallel_size": 2, "data_format": "thd", "dense_logits_bytes": 1547316224, "dense_rows": 10184, "distillation_only": false, "elapsed_s": 0.0049200920620933175, "element_size": 2, "entropy_from_logits_chunk_size": 2048, "entropy_from_logits_with_chunking": false, "event_id": 28, "logits_dtype": "torch.bfloat16", "logits_saved_bytes": 1547164288, "peak_allocated_bytes": 4360066560, "peak_increment_bytes": 83579392, "pipeline_parallel_size": 2, "projected_rows": 1, "rank": 7, "response_only_enabled": true, "role": "ref", "selected_rows": 0, "tensor_parallel_size": 2, "vocab_shard": 75968}
[36m(WorkerDict pid=3627507)[0m WARNING:2026-09-10 22:51:01,518:VERL_RESPONSE_ONLY_LM_HEAD_PROFILE {"active_ratio": 0.0, "actual_logits_bytes": 151936, "allocated_before_bytes": 4276487168, "backend": "unfused", "calculate_entropy": false, "calculate_sum_pi_squared": false, "context_parallel_size": 2, "data_format": "thd", "dense_logits_bytes": 1547316224, "dense_rows": 10184, "distillation_only": false, "elapsed_s": 0.0049232919700443745, "element_size": 2, "entropy_from_logits_chunk_size": 2048, "entropy_from_logits_with_chunking": false, "event_id": 28, "logits_dtype": "torch.bfloat16", "logits_saved_bytes": 1547164288, "peak_allocated_bytes": 4360066560, "peak_increment_bytes": 83579392, "pipeline_parallel_size": 2, "projected_rows": 1, "rank": 6, "response_only_enabled": true, "role": "ref", "selected_rows": 0, "tensor_parallel_size": 2, "vocab_shard": 75968}
[36m(WorkerDict pid=3627506)[0m WARNING:2026-09-10 22:51:01,534:VERL_RESPONSE_ONLY_LM_HEAD_PROFILE {"active_ratio": 0.40219952867242736, "actual_logits_bytes": 622329856, "allocated_before_bytes": 4276487168, "backend": "unfused", "calculate_entropy": false, "calculate_sum_pi_squared": false, "context_parallel_size": 2, "data_format": "thd", "dense_logits_bytes": 1547316224, "dense_rows": 10184, "distillation_only": false, "elapsed_s": 0.02156233007553965, "element_size": 2, "entropy_from_logits_chunk_size": 2048, "entropy_from_logits_with_chunking": false, "event_id": 28, "logits_dtype": "torch.bfloat16", "logits_saved_bytes": 924986368, "peak_allocated_bytes": 6101763072, "peak_increment_bytes": 1825275904, "pipeline_parallel_size": 2, "projected_rows": 4096, "rank": 5, "response_only_enabled": true, "role": "ref", "selected_rows": 4096, "tensor_parallel_size": 2, "vocab_shard": 75968}
[36m(WorkerDict pid=3627508)[0m WARNING:2026-09-10 22:51:01,837:VERL_RESPONSE_ONLY_LM_HEAD_PROFILE {"active_ratio": 0.0, "actual_logits_bytes": 151936, "allocated_before_bytes": 4276569600, "backend": "unfused", "calculate_entropy": false, "calculate_sum_pi_squared": false, "context_parallel_size": 2, "data_format": "thd", "dense_logits_bytes": 1547316224, "dense_rows": 10184, "distillation_only": false, "elapsed_s": 0.003832272021099925, "element_size": 2, "entropy_from_logits_chunk_size": 2048, "entropy_from_logits_with_chunking": false, "event_id": 29, "logits_dtype": "torch.bfloat16", "logits_saved_bytes": 1547164288, "peak_allocated_bytes": 4360148992, "peak_increment_bytes": 83579392, "pipeline_parallel_size": 2, "projected_rows": 1, "rank": 7, "response_only_enabled": true, "role": "ref", "selected_rows": 0, "tensor_parallel_size": 2, "vocab_shard": 75968}
[36m(WorkerDict pid=3627507)[0m WARNING:2026-09-10 22:51:01,837:VERL_RESPONSE_ONLY_LM_HEAD_PROFILE {"active_ratio": 0.0, "actual_logits_bytes": 151936, "allocated_before_bytes": 4276569600, "backend": "unfused", "calculate_entropy": false, "calculate_sum_pi_squared": false, "context_parallel_size": 2, "data_format": "thd", "dense_logits_bytes": 1547316224, "dense_rows": 10184, "distillation_only": false, "elapsed_s": 0.003747581969946623, "element_size": 2, "entropy_from_logits_chunk_size": 2048, "entropy_from_logits_with_chunking": false, "event_id": 29, "logits_dtype": "torch.bfloat16", "logits_saved_bytes": 1547164288, "peak_allocated_bytes": 4360148992, "peak_increment_bytes": 83579392, "pipeline_parallel_size": 2, "projected_rows": 1, "rank": 6, "response_only_enabled": true, "role": "ref", "selected_rows": 0, "tensor_parallel_size": 2, "vocab_shard": 75968}
[36m(WorkerDict pid=3627506)[0m WARNING:2026-09-10 22:51:01,855:VERL_RESPONSE_ONLY_LM_HEAD_PROFILE {"active_ratio": 0.40219952867242736, "actual_logits_bytes": 622329856, "allocated_before_bytes": 4276569600, "backend": "unfused", "calculate_entropy": false, "calculate_sum_pi_squared": false, "context_parallel_size": 2, "data_format": "thd", "dense_logits_bytes": 1547316224, "dense_rows": 10184, "distillation_only": false, "elapsed_s": 0.02159906004089862, "element_size": 2, "entropy_from_logits_chunk_size": 2048, "entropy_from_logits_with_chunking": false, "event_id": 29, "logits_dtype": "torch.bfloat16", "logits_saved_bytes": 924986368, "peak_allocated_bytes": 6101845504, "peak_increment_bytes": 1825275904, "pipeline_parallel_size": 2, "projected_rows": 4096, "rank": 5, "response_only_enabled": true, "role": "ref", "selected_rows": 4096, "tensor_parallel_size": 2, "vocab_shard": 75968}
[36m(WorkerDict pid=3627508)[0m WARNING:2026-09-10 22:51:02,158:VERL_RESPONSE_ONLY_LM_HEAD_PROFILE {"active_ratio": 0.0, "actual_logits_bytes": 151936, "allocated_before_bytes": 4276652032, "backend": "unfused", "calculate_entropy": false, "calculate_sum_pi_squared": false, "context_parallel_size": 2, "data_format": "thd", "dense_logits_bytes": 1547316224, "dense_rows": 10184, "distillation_only": false, "elapsed_s": 0.0038394409930333495, "element_size": 2, "entropy_from_logits_chunk_size": 2048, "entropy_from_logits_with_chunking": false, "event_id": 30, "logits_dtype": "torch.bfloat16", "logits_saved_bytes": 1547164288, "peak_allocated_bytes": 4360231424, "peak_increment_bytes": 83579392, "pipeline_parallel_size": 2, "projected_rows": 1, "rank": 7, "response_only_enabled": true, "role": "ref", "selected_rows": 0, "tensor_parallel_size": 2, "vocab_shard": 75968}
[36m(WorkerDict pid=3627507)[0m WARNING:2026-09-10 22:51:02,158:VERL_RESPONSE_ONLY_LM_HEAD_PROFILE {"active_ratio": 0.0, "actual_logits_bytes": 151936, "allocated_before_bytes": 4276652032, "backend": "unfused", "calculate_entropy": false, "calculate_sum_pi_squared": false, "context_parallel_size": 2, "data_format": "thd", "dense_logits_bytes": 1547316224, "dense_rows": 10184, "distillation_only": false, "elapsed_s": 0.004012931021861732, "element_size": 2, "entropy_from_logits_chunk_size": 2048, "entropy_from_logits_with_chunking": false, "event_id": 30, "logits_dtype": "torch.bfloat16", "logits_saved_bytes": 1547164288, "peak_allocated_bytes": 4360231424, "peak_increment_bytes": 83579392, "pipeline_parallel_size": 2, "projected_rows": 1, "rank": 6, "response_only_enabled": true, "role": "ref", "selected_rows": 0, "tensor_parallel_size": 2, "vocab_shard": 75968}
[36m(WorkerDict pid=3627506)[0m WARNING:2026-09-10 22:51:02,176:VERL_RESPONSE_ONLY_LM_HEAD_PROFILE {"active_ratio": 0.40219952867242736, "actual_logits_bytes": 622329856, "allocated_before_bytes": 4276652032, "backend": "unfused", "calculate_entropy": false, "calculate_sum_pi_squared": false, "context_parallel_size": 2, "data_format": "thd", "dense_logits_bytes": 1547316224, "dense_rows": 10184, "distillation_only": false, "elapsed_s": 0.021591838914901018, "element_size": 2, "entropy_from_logits_chunk_size": 2048, "entropy_from_logits_with_chunking": false, "event_id": 30, "logits_dtype": "torch.bfloat16", "logits_saved_bytes": 924986368, "peak_allocated_bytes": 6101927936, "peak_increment_bytes": 1825275904, "pipeline_parallel_size": 2, "projected_rows": 4096, "rank": 5, "response_only_enabled": true, "role": "ref", "selected_rows": 4096, "tensor_parallel_size": 2, "vocab_shard": 75968}
[36m(WorkerDict pid=3627508)[0m WARNING:2026-09-10 22:51:02,479:VERL_RESPONSE_ONLY_LM_HEAD_PROFILE {"active_ratio": 0.0, "actual_logits_bytes": 151936, "allocated_before_bytes": 4276734464, "backend": "unfused", "calculate_entropy": false, "calculate_sum_pi_squared": false, "context_parallel_size": 2, "data_format": "thd", "dense_logits_bytes": 1547316224, "dense_rows": 10184, "distillation_only": false, "elapsed_s": 0.003762681968510151, "element_size": 2, "entropy_from_logits_chunk_size": 2048, "entropy_from_logits_with_chunking": false, "event_id": 31, "logits_dtype": "torch.bfloat16", "logits_saved_bytes": 1547164288, "peak_allocated_bytes": 4360313856, "peak_increment_bytes": 83579392, "pipeline_parallel_size": 2, "projected_rows": 1, "rank": 7, "response_only_enabled": true, "role": "ref", "selected_rows": 0, "tensor_parallel_size": 2, "vocab_shard": 75968}
[36m(WorkerDict pid=3627507)[0m WARNING:2026-09-10 22:51:02,479:VERL_RESPONSE_ONLY_LM_HEAD_PROFILE {"active_ratio": 0.0, "actual_logits_bytes": 151936, "allocated_before_bytes": 4276734464, "backend": "unfused", "calculate_entropy": false, "calculate_sum_pi_squared": false, "context_parallel_size": 2, "data_format": "thd", "dense_logits_bytes": 1547316224, "dense_rows": 10184, "distillation_only": false, "elapsed_s": 0.003799831960350275, "element_size": 2, "entropy_from_logits_chunk_size": 2048, "entropy_from_logits_with_chunking": false, "event_id": 31, "logits_dtype": "torch.bfloat16", "logits_saved_bytes": 1547164288, "peak_allocated_bytes": 4360313856, "peak_increment_bytes": 83579392, "pipeline_parallel_size": 2, "projected_rows": 1, "rank": 6, "response_only_enabled": true, "role": "ref", "selected_rows": 0, "tensor_parallel_size": 2, "vocab_shard": 75968}
[36m(WorkerDict pid=3627506)[0m WARNING:2026-09-10 22:51:02,497:VERL_RESPONSE_ONLY_LM_HEAD_PROFILE {"active_ratio": 0.40219952867242736, "actual_logits_bytes": 622329856, "allocated_before_bytes": 4276734464, "backend": "unfused", "calculate_entropy": false, "calculate_sum_pi_squared": false, "context_parallel_size": 2, "data_format": "thd", "dense_logits_bytes": 1547316224, "dense_rows": 10184, "distillation_only": false, "elapsed_s": 0.021521290065720677, "element_size": 2, "entropy_from_logits_chunk_size": 2048, "entropy_from_logits_with_chunking": false, "event_id": 31, "logits_dtype": "torch.bfloat16", "logits_saved_bytes": 924986368, "peak_allocated_bytes": 6102010368, "peak_increment_bytes": 1825275904, "pipeline_parallel_size": 2, "projected_rows": 4096, "rank": 5, "response_only_enabled": true, "role": "ref", "selected_rows": 4096, "tensor_parallel_size": 2, "vocab_shard": 75968}
[36m(WorkerDict pid=3627508)[0m WARNING:2026-09-10 22:51:09,397:VERL_RESPONSE_ONLY_LM_HEAD_PROFILE {"active_ratio": 0.0, "actual_logits_bytes": 151936, "allocated_before_bytes": 17312993280, "backend": "unfused", "calculate_entropy": true, "calculate_sum_pi_squared": false, "context_parallel_size": 2, "data_format": "thd", "dense_logits_bytes": 1547316224, "dense_rows": 10184, "distillation_only": false, "elapsed_s": 0.07243043300695717, "element_size": 2, "entropy_from_logits_chunk_size": 2048, "entropy_from_logits_with_chunking": false, "event_id": 32, "logits_dtype": "torch.bfloat16", "logits_saved_bytes": 1547164288, "peak_allocated_bytes": 17396572672, "peak_increment_bytes": 83579392, "pipeline_parallel_size": 2, "projected_rows": 1, "rank": 7, "response_only_enabled": true, "role": "actor", "selected_rows": 0, "tensor_parallel_size": 2, "vocab_shard": 75968}
[36m(WorkerDict pid=3627507)[0m WARNING:2026-09-10 22:51:09,397:VERL_RESPONSE_ONLY_LM_HEAD_PROFILE {"active_ratio": 0.0, "actual_logits_bytes": 151936, "allocated_before_bytes": 17312993280, "backend": "unfused", "calculate_entropy": true, "calculate_sum_pi_squared": false, "context_parallel_size": 2, "data_format": "thd", "dense_logits_bytes": 1547316224, "dense_rows": 10184, "distillation_only": false, "elapsed_s": 0.07213461201172322, "element_size": 2, "entropy_from_logits_chunk_size": 2048, "entropy_from_logits_with_chunking": false, "event_id": 32, "logits_dtype": "torch.bfloat16", "logits_saved_bytes": 1547164288, "peak_allocated_bytes": 17396572672, "peak_increment_bytes": 83579392, "pipeline_parallel_size": 2, "projected_rows": 1, "rank": 6, "response_only_enabled": true, "role": "actor", "selected_rows": 0, "tensor_parallel_size": 2, "vocab_shard": 75968}
[36m(WorkerDict pid=3627506)[0m WARNING:2026-09-10 22:51:09,475:VERL_RESPONSE_ONLY_LM_HEAD_PROFILE {"active_ratio": 0.40219952867242736, "actual_logits_bytes": 622329856, "allocated_before_bytes": 17312993280, "backend": "unfused", "calculate_entropy": true, "calculate_sum_pi_squared": false, "context_parallel_size": 2, "data_format": "thd", "dense_logits_bytes": 1547316224, "dense_rows": 10184, "distillation_only": false, "elapsed_s": 0.14948867599014193, "element_size": 2, "entropy_from_logits_chunk_size": 2048, "entropy_from_logits_with_chunking": false, "event_id": 32, "logits_dtype": "torch.bfloat16", "logits_saved_bytes": 924986368, "peak_allocated_bytes": 21039220224, "peak_increment_bytes": 3726226944, "pipeline_parallel_size": 2, "projected_rows": 4096, "rank": 5, "response_only_enabled": true, "role": "actor", "selected_rows": 4096, "tensor_parallel_size": 2, "vocab_shard": 75968}
[36m(WorkerDict pid=3627505)[0m /opt/dev/lib/python3.12/site-packages/torch/autograd/graph.py:869: UserWarning: c10d::broadcast_: an autograd kernel was not registered to the Autograd key(s) but we are trying to backprop through it. This may lead to silently incorrect behavior. This behavior is deprecated and will be removed in a future version of PyTorch. If your operator is differentiable, please ensure you have registered an autograd kernel to the correct Autograd key (e.g. DispatchKey::Autograd, DispatchKey::CompositeImplicitAutograd). If your operator is not differentiable, or to squash this warning and use the previous behavior, please register torch::CppFunction::makeFallthrough() to DispatchKey::Autograd. (Triggered internally at /pytorch/torch/csrc/autograd/autograd_not_implemented_fallback.cpp:76.)
[36m(WorkerDict pid=3627505)[0m   return Variable._execution_engine.run_backward(  # Calls into the C++ engine to run the backward pass
[36m(WorkerDict pid=3627508)[0m /opt/dev/lib/python3.12/site-packages/torch/autograd/graph.py:869: UserWarning: c10d::broadcast_: an autograd kernel was not registered to the Autograd key(s) but we are trying to backprop through it. This may lead to silently incorrect behavior. This behavior is deprecated and will be removed in a future version of PyTorch. If your operator is differentiable, please ensure you have registered an autograd kernel to the correct Autograd key (e.g. DispatchKey::Autograd, DispatchKey::CompositeImplicitAutograd). If your operator is not differentiable, or to squash this warning and use the previous behavior, please register torch::CppFunction::makeFallthrough() to DispatchKey::Autograd. (Triggered internally at /pytorch/torch/csrc/autograd/autograd_not_implemented_fallback.cpp:76.)
[36m(WorkerDict pid=3627508)[0m   return Variable._execution_engine.run_backward(  # Calls into the C++ engine to run the backward pass
[36m(WorkerDict pid=3627507)[0m /opt/dev/lib/python3.12/site-packages/torch/autograd/graph.py:869: UserWarning: c10d::broadcast_: an autograd kernel was not registered to the Autograd key(s) but we are trying to backprop through it. This may lead to silently incorrect behavior. This behavior is deprecated and will be removed in a future version of PyTorch. If your operator is differentiable, please ensure you have registered an autograd kernel to the correct Autograd key (e.g. DispatchKey::Autograd, DispatchKey::CompositeImplicitAutograd). If your operator is not differentiable, or to squash this warning and use the previous behavior, please register torch::CppFunction::makeFallthrough() to DispatchKey::Autograd. (Triggered internally at /pytorch/torch/csrc/autograd/autograd_not_implemented_fallback.cpp:76.)
[36m(WorkerDict pid=3627507)[0m   return Variable._execution_engine.run_backward(  # Calls into the C++ engine to run the backward pass
[36m(WorkerDict pid=3627506)[0m /opt/dev/lib/python3.12/site-packages/torch/autograd/graph.py:869: UserWarning: c10d::broadcast_: an autograd kernel was not registered to the Autograd key(s) but we are trying to backprop through it. This may lead to silently incorrect behavior. This behavior is deprecated and will be removed in a future version of PyTorch. If your operator is differentiable, please ensure you have registered an autograd kernel to the correct Autograd key (e.g. DispatchKey::Autograd, DispatchKey::CompositeImplicitAutograd). If your operator is not differentiable, or to squash this warning and use the previous behavior, please register torch::CppFunction::makeFallthrough() to DispatchKey::Autograd. (Triggered internally at /pytorch/torch/csrc/autograd/autograd_not_implemented_fallback.cpp:76.)
[36m(WorkerDict pid=3627506)[0m   return Variable._execution_engine.run_backward(  # Calls into the C++ engine to run the backward pass
[36m(WorkerDict pid=3627505)[0m /opt/Megatron-Bridge/3rdparty/Megatron-LM/megatron/core/pipeline_parallel/schedules.py:211: UserWarning: The AccumulateGrad node's stream does not match the stream of the node that produced the incoming gradient. This may incur unnecessary synchronization and break CUDA graph capture if the AccumulateGrad node's stream is the default stream. This mismatch is caused by an AccumulateGrad node created prior to the current iteration being kept alive. This can happen if the autograd graph is still being kept alive by tensors such as the loss, or if you are using DDP, which will stash a reference to the node. To resolve the mismatch, delete all references to the autograd graph or ensure that DDP initialization is performed under the same stream as subsequent forwards. If the mismatch is intentional, you can use torch.autograd.graph.set_warn_on_accumulate_grad_stream_mismatch(False) to suppress this warning. (Triggered internally at /pytorch/torch/csrc/autograd/input_buffer.cpp:240.)
[36m(WorkerDict pid=3627505)[0m   Variable._execution_engine.run_backward(
[36m(WorkerDict pid=3627505)[0m /opt/Megatron-Bridge/3rdparty/Megatron-LM/megatron/core/pipeline_parallel/schedules.py:211: UserWarning: c10d::broadcast_: an autograd kernel was not registered to the Autograd key(s) but we are trying to backprop through it. This may lead to silently incorrect behavior. This behavior is deprecated and will be removed in a future version of PyTorch. If your operator is differentiable, please ensure you have registered an autograd kernel to the correct Autograd key (e.g. DispatchKey::Autograd, DispatchKey::CompositeImplicitAutograd). If your operator is not differentiable, or to squash this warning and use the previous behavior, please register torch::CppFunction::makeFallthrough() to DispatchKey::Autograd. (Triggered internally at /pytorch/torch/csrc/autograd/autograd_not_implemented_fallback.cpp:76.)
[36m(WorkerDict pid=3627505)[0m   Variable._execution_engine.run_backward(
[36m(WorkerDict pid=3627508)[0m /opt/Megatron-Bridge/3rdparty/Megatron-LM/megatron/core/pipeline_parallel/schedules.py:211: UserWarning: The AccumulateGrad node's stream does not match the stream of the node that produced the incoming gradient. This may incur unnecessary synchronization and break CUDA graph capture if the AccumulateGrad node's stream is the default stream. This mismatch is caused by an AccumulateGrad node created prior to the current iteration being kept alive. This can happen if the autograd graph is still being kept alive by tensors such as the loss, or if you are using DDP, which will stash a reference to the node. To resolve the mismatch, delete all references to the autograd graph or ensure that DDP initialization is performed under the same stream as subsequent forwards. If the mismatch is intentional, you can use torch.autograd.graph.set_warn_on_accumulate_grad_stream_mismatch(False) to suppress this warning. (Triggered internally at /pytorch/torch/csrc/autograd/input_buffer.cpp:240.)
[36m(WorkerDict pid=3627508)[0m   Variable._execution_engine.run_backward(
[36m(WorkerDict pid=3627508)[0m /opt/Megatron-Bridge/3rdparty/Megatron-LM/megatron/core/pipeline_parallel/schedules.py:211: UserWarning: c10d::broadcast_: an autograd kernel was not registered to the Autograd key(s) but we are trying to backprop through it. This may lead to silently incorrect behavior. This behavior is deprecated and will be removed in a future version of PyTorch. If your operator is differentiable, please ensure you have registered an autograd kernel to the correct Autograd key (e.g. DispatchKey::Autograd, DispatchKey::CompositeImplicitAutograd). If your operator is not differentiable, or to squash this warning and use the previous behavior, please register torch::CppFunction::makeFallthrough() to DispatchKey::Autograd. (Triggered internally at /pytorch/torch/csrc/autograd/autograd_not_implemented_fallback.cpp:76.)
[36m(WorkerDict pid=3627508)[0m   Variable._execution_engine.run_backward(
[36m(WorkerDict pid=3627507)[0m /opt/Megatron-Bridge/3rdparty/Megatron-LM/megatron/core/pipeline_parallel/schedules.py:211: UserWarning: The AccumulateGrad node's stream does not match the stream of the node that produced the incoming gradient. This may incur unnecessary synchronization and break CUDA graph capture if the AccumulateGrad node's stream is the default stream. This mismatch is caused by an AccumulateGrad node created prior to the current iteration being kept alive. This can happen if the autograd graph is still being kept alive by tensors such as the loss, or if you are using DDP, which will stash a reference to the node. To resolve the mismatch, delete all references to the autograd graph or ensure that DDP initialization is performed under the same stream as subsequent forwards. If the mismatch is intentional, you can use torch.autograd.graph.set_warn_on_accumulate_grad_stream_mismatch(False) to suppress this warning. (Triggered internally at /pytorch/torch/csrc/autograd/input_buffer.cpp:240.)
[36m(WorkerDict pid=3627507)[0m   Variable._execution_engine.run_backward(
[36m(WorkerDict pid=3627507)[0m /opt/Megatron-Bridge/3rdparty/Megatron-LM/megatron/core/pipeline_parallel/schedules.py:211: UserWarning: c10d::broadcast_: an autograd kernel was not registered to the Autograd key(s) but we are trying to backprop through it. This may lead to silently incorrect behavior. This behavior is deprecated and will be removed in a future version of PyTorch. If your operator is differentiable, please ensure you have registered an autograd kernel to the correct Autograd key (e.g. DispatchKey::Autograd, DispatchKey::CompositeImplicitAutograd). If your operator is not differentiable, or to squash this warning and use the previous behavior, please register torch::CppFunction::makeFallthrough() to DispatchKey::Autograd. (Triggered internally at /pytorch/torch/csrc/autograd/autograd_not_implemented_fallback.cpp:76.)
[36m(WorkerDict pid=3627507)[0m   Variable._execution_engine.run_backward(
[36m(WorkerDict pid=3627506)[0m /opt/Megatron-Bridge/3rdparty/Megatron-LM/megatron/core/pipeline_parallel/schedules.py:211: UserWarning: The AccumulateGrad node's stream does not match the stream of the node that produced the incoming gradient. This may incur unnecessary synchronization and break CUDA graph capture if the AccumulateGrad node's stream is the default stream. This mismatch is caused by an AccumulateGrad node created prior to the current iteration being kept alive. This can happen if the autograd graph is still being kept alive by tensors such as the loss, or if you are using DDP, which will stash a reference to the node. To resolve the mismatch, delete all references to the autograd graph or ensure that DDP initialization is performed under the same stream as subsequent forwards. If the mismatch is intentional, you can use torch.autograd.graph.set_warn_on_accumulate_grad_stream_mismatch(False) to suppress this warning. (Triggered internally at /pytorch/torch/csrc/autograd/input_buffer.cpp:240.)
[36m(WorkerDict pid=3627506)[0m   Variable._execution_engine.run_backward(
[36m(WorkerDict pid=3627506)[0m /opt/Megatron-Bridge/3rdparty/Megatron-LM/megatron/core/pipeline_parallel/schedules.py:211: UserWarning: c10d::broadcast_: an autograd kernel was not registered to the Autograd key(s) but we are trying to backprop through it. This may lead to silently incorrect behavior. This behavior is deprecated and will be removed in a future version of PyTorch. If your operator is differentiable, please ensure you have registered an autograd kernel to the correct Autograd key (e.g. DispatchKey::Autograd, DispatchKey::CompositeImplicitAutograd). If your operator is not differentiable, or to squash this warning and use the previous behavior, please register torch::CppFunction::makeFallthrough() to DispatchKey::Autograd. (Triggered internally at /pytorch/torch/csrc/autograd/autograd_not_implemented_fallback.cpp:76.)
[36m(WorkerDict pid=3627506)[0m   Variable._execution_engine.run_backward(
[36m(WorkerDict pid=3627503)[0m [rank2]:[W910 22:51:12.691438109 ProcessGroupNCCL.cpp:4094] Warning: An unbatched P2P op (send/recv) was called on this ProcessGroup with size 8.  In lazy initialization mode, this will result in a new 2-rank NCCL communicator to be created. (function operator())
[36m(WorkerDict pid=3627507)[0m [rank6]:[W910 22:51:12.691298249 ProcessGroupNCCL.cpp:4094] Warning: An unbatched P2P op (send/recv) was called on this ProcessGroup with size 8.  In lazy initialization mode, this will result in a new 2-rank NCCL communicator to be created. (function operator())
[36m(WorkerDict pid=3627504)[0m [rank3]:[W910 22:51:14.759888274 ProcessGroupNCCL.cpp:4094] Warning: An unbatched P2P op (send/recv) was called on this ProcessGroup with size 8.  In lazy initialization mode, this will result in a new 2-rank NCCL communicator to be created. (function operator())
[36m(WorkerDict pid=3627508)[0m [rank7]:[W910 22:51:14.759354674 ProcessGroupNCCL.cpp:4094] Warning: An unbatched P2P op (send/recv) was called on this ProcessGroup with size 8.  In lazy initialization mode, this will result in a new 2-rank NCCL communicator to be created. (function operator())
[36m(WorkerDict pid=3627505)[0m [rank4]:[W910 22:51:15.627115321 ProcessGroupNCCL.cpp:4094] Warning: An unbatched P2P op (send/recv) was called on this ProcessGroup with size 8.  In lazy initialization mode, this will result in a new 2-rank NCCL communicator to be created. (function operator())
[36m(WorkerDict pid=3627501)[0m [rank0]:[W910 22:51:15.626725641 ProcessGroupNCCL.cpp:4094] Warning: An unbatched P2P op (send/recv) was called on this ProcessGroup with size 8.  In lazy initialization mode, this will result in a new 2-rank NCCL communicator to be created. (function operator())
[36m(WorkerDict pid=3627502)[0m [rank1]:[W910 22:51:15.293789549 ProcessGroupNCCL.cpp:4094] Warning: An unbatched P2P op (send/recv) was called on this ProcessGroup with size 8.  In lazy initialization mode, this will result in a new 2-rank NCCL communicator to be created. (function operator())
[36m(WorkerDict pid=3627506)[0m [rank5]:[W910 22:51:15.293669869 ProcessGroupNCCL.cpp:4094] Warning: An unbatched P2P op (send/recv) was called on this ProcessGroup with size 8.  In lazy initialization mode, this will result in a new 2-rank NCCL communicator to be created. (function operator())
[36m(WorkerDict pid=3627502)[0m /opt/dev/lib/python3.12/site-packages/torch/autograd/graph.py:869: UserWarning: The AccumulateGrad node's stream does not match the stream of the node that produced the incoming gradient. This may incur unnecessary synchronization and break CUDA graph capture if the AccumulateGrad node's stream is the default stream. This mismatch is caused by an AccumulateGrad node created prior to the current iteration being kept alive. This can happen if the autograd graph is still being kept alive by tensors such as the loss, or if you are using DDP, which will stash a reference to the node. To resolve the mismatch, delete all references to the autograd graph or ensure that DDP initialization is performed under the same stream as subsequent forwards. If the mismatch is intentional, you can use torch.autograd.graph.set_warn_on_accumulate_grad_stream_mismatch(False) to suppress this warning. (Triggered internally at /pytorch/torch/csrc/autograd/input_buffer.cpp:240.)
[36m(WorkerDict pid=3627502)[0m   return Variable._execution_engine.run_backward(  # Calls into the C++ engine to run the backward pass
[36m(WorkerDict pid=3627502)[0m /opt/dev/lib/python3.12/site-packages/torch/autograd/graph.py:869: UserWarning: c10d::broadcast_: an autograd kernel was not registered to the Autograd key(s) but we are trying to backprop through it. This may lead to silently incorrect behavior. This behavior is deprecated and will be removed in a future version of PyTorch. If your operator is differentiable, please ensure you have registered an autograd kernel to the correct Autograd key (e.g. DispatchKey::Autograd, DispatchKey::CompositeImplicitAutograd). If your operator is not differentiable, or to squash this warning and use the previous behavior, please register torch::CppFunction::makeFallthrough() to DispatchKey::Autograd. (Triggered internally at /pytorch/torch/csrc/autograd/autograd_not_implemented_fallback.cpp:76.)
[36m(WorkerDict pid=3627502)[0m   return Variable._execution_engine.run_backward(  # Calls into the C++ engine to run the backward pass
[36m(WorkerDict pid=3627503)[0m /opt/dev/lib/python3.12/site-packages/torch/autograd/graph.py:869: UserWarning: The AccumulateGrad node's stream does not match the stream of the node that produced the incoming gradient. This may incur unnecessary synchronization and break CUDA graph capture if the AccumulateGrad node's stream is the default stream. This mismatch is caused by an AccumulateGrad node created prior to the current iteration being kept alive. This can happen if the autograd graph is still being kept alive by tensors such as the loss, or if you are using DDP, which will stash a reference to the node. To resolve the mismatch, delete all references to the autograd graph or ensure that DDP initialization is performed under the same stream as subsequent forwards. If the mismatch is intentional, you can use torch.autograd.graph.set_warn_on_accumulate_grad_stream_mismatch(False) to suppress this warning. (Triggered internally at /pytorch/torch/csrc/autograd/input_buffer.cpp:240.)
[36m(WorkerDict pid=3627503)[0m   return Variable._execution_engine.run_backward(  # Calls into the C++ engine to run the backward pass
[36m(WorkerDict pid=3627503)[0m /opt/dev/lib/python3.12/site-packages/torch/autograd/graph.py:869: UserWarning: c10d::broadcast_: an autograd kernel was not registered to the Autograd key(s) but we are trying to backprop through it. This may lead to silently incorrect behavior. This behavior is deprecated and will be removed in a future version of PyTorch. If your operator is differentiable, please ensure you have registered an autograd kernel to the correct Autograd key (e.g. DispatchKey::Autograd, DispatchKey::CompositeImplicitAutograd). If your operator is not differentiable, or to squash this warning and use the previous behavior, please register torch::CppFunction::makeFallthrough() to DispatchKey::Autograd. (Triggered internally at /pytorch/torch/csrc/autograd/autograd_not_implemented_fallback.cpp:76.)
[36m(WorkerDict pid=3627503)[0m   return Variable._execution_engine.run_backward(  # Calls into the C++ engine to run the backward pass
[36m(WorkerDict pid=3627504)[0m /opt/dev/lib/python3.12/site-packages/torch/autograd/graph.py:869: UserWarning: The AccumulateGrad node's stream does not match the stream of the node that produced the incoming gradient. This may incur unnecessary synchronization and break CUDA graph capture if the AccumulateGrad node's stream is the default stream. This mismatch is caused by an AccumulateGrad node created prior to the current iteration being kept alive. This can happen if the autograd graph is still being kept alive by tensors such as the loss, or if you are using DDP, which will stash a reference to the node. To resolve the mismatch, delete all references to the autograd graph or ensure that DDP initialization is performed under the same stream as subsequent forwards. If the mismatch is intentional, you can use torch.autograd.graph.set_warn_on_accumulate_grad_stream_mismatch(False) to suppress this warning. (Triggered internally at /pytorch/torch/csrc/autograd/input_buffer.cpp:240.)
[36m(WorkerDict pid=3627504)[0m   return Variable._execution_engine.run_backward(  # Calls into the C++ engine to run the backward pass
[36m(WorkerDict pid=3627504)[0m /opt/dev/lib/python3.12/site-packages/torch/autograd/graph.py:869: UserWarning: c10d::broadcast_: an autograd kernel was not registered to the Autograd key(s) but we are trying to backprop through it. This may lead to silently incorrect behavior. This behavior is deprecated and will be removed in a future version of PyTorch. If your operator is differentiable, please ensure you have registered an autograd kernel to the correct Autograd key (e.g. DispatchKey::Autograd, DispatchKey::CompositeImplicitAutograd). If your operator is not differentiable, or to squash this warning and use the previous behavior, please register torch::CppFunction::makeFallthrough() to DispatchKey::Autograd. (Triggered internally at /pytorch/torch/csrc/autograd/autograd_not_implemented_fallback.cpp:76.)
[36m(WorkerDict pid=3627504)[0m   return Variable._execution_engine.run_backward(  # Calls into the C++ engine to run the backward pass
[36m(WorkerDict pid=3627501)[0m /opt/dev/lib/python3.12/site-packages/torch/autograd/graph.py:869: UserWarning: The AccumulateGrad node's stream does not match the stream of the node that produced the incoming gradient. This may incur unnecessary synchronization and break CUDA graph capture if the AccumulateGrad node's stream is the default stream. This mismatch is caused by an AccumulateGrad node created prior to the current iteration being kept alive. This can happen if the autograd graph is still being kept alive by tensors such as the loss, or if you are using DDP, which will stash a reference to the node. To resolve the mismatch, delete all references to the autograd graph or ensure that DDP initialization is performed under the same stream as subsequent forwards. If the mismatch is intentional, you can use torch.autograd.graph.set_warn_on_accumulate_grad_stream_mismatch(False) to suppress this warning. (Triggered internally at /pytorch/torch/csrc/autograd/input_buffer.cpp:240.)
[36m(WorkerDict pid=3627501)[0m   return Variable._execution_engine.run_backward(  # Calls into the C++ engine to run the backward pass
[36m(WorkerDict pid=3627501)[0m /opt/dev/lib/python3.12/site-packages/torch/autograd/graph.py:869: UserWarning: c10d::broadcast_: an autograd kernel was not registered to the Autograd key(s) but we are trying to backprop through it. This may lead to silently incorrect behavior. This behavior is deprecated and will be removed in a future version of PyTorch. If your operator is differentiable, please ensure you have registered an autograd kernel to the correct Autograd key (e.g. DispatchKey::Autograd, DispatchKey::CompositeImplicitAutograd). If your operator is not differentiable, or to squash this warning and use the previous behavior, please register torch::CppFunction::makeFallthrough() to DispatchKey::Autograd. (Triggered internally at /pytorch/torch/csrc/autograd/autograd_not_implemented_fallback.cpp:76.)
[36m(WorkerDict pid=3627501)[0m   return Variable._execution_engine.run_backward(  # Calls into the C++ engine to run the backward pass
[36m(WorkerDict pid=3627508)[0m WARNING:2026-09-10 22:51:18,466:VERL_RESPONSE_ONLY_LM_HEAD_PROFILE {"active_ratio": 0.0, "actual_logits_bytes": 151936, "allocated_before_bytes": 18178660352, "backend": "unfused", "calculate_entropy": true, "calculate_sum_pi_squared": false, "context_parallel_size": 2, "data_format": "thd", "dense_logits_bytes": 1547316224, "dense_rows": 10184, "distillation_only": false, "elapsed_s": 0.007641694042831659, "element_size": 2, "entropy_from_logits_chunk_size": 2048, "entropy_from_logits_with_chunking": false, "event_id": 33, "logits_dtype": "torch.bfloat16", "logits_saved_bytes": 1547164288, "peak_allocated_bytes": 18262239744, "peak_increment_bytes": 83579392, "pipeline_parallel_size": 2, "projected_rows": 1, "rank": 7, "response_only_enabled": true, "role": "actor", "selected_rows": 0, "tensor_parallel_size": 2, "vocab_shard": 75968}
[36m(WorkerDict pid=3627507)[0m WARNING:2026-09-10 22:51:18,466:VERL_RESPONSE_ONLY_LM_HEAD_PROFILE {"active_ratio": 0.0, "actual_logits_bytes": 151936, "allocated_before_bytes": 18178660352, "backend": "unfused", "calculate_entropy": true, "calculate_sum_pi_squared": false, "context_parallel_size": 2, "data_format": "thd", "dense_logits_bytes": 1547316224, "dense_rows": 10184, "distillation_only": false, "elapsed_s": 0.00788765400648117, "element_size": 2, "entropy_from_logits_chunk_size": 2048, "entropy_from_logits_with_chunking": false, "event_id": 33, "logits_dtype": "torch.bfloat16", "logits_saved_bytes": 1547164288, "peak_allocated_bytes": 18262239744, "peak_increment_bytes": 83579392, "pipeline_parallel_size": 2, "projected_rows": 1, "rank": 6, "response_only_enabled": true, "role": "actor", "selected_rows": 0, "tensor_parallel_size": 2, "vocab_shard": 75968}
[36m(WorkerDict pid=3627506)[0m WARNING:2026-09-10 22:51:18,510:VERL_RESPONSE_ONLY_LM_HEAD_PROFILE {"active_ratio": 0.40219952867242736, "actual_logits_bytes": 622329856, "allocated_before_bytes": 18178660352, "backend": "unfused", "calculate_entropy": true, "calculate_sum_pi_squared": false, "context_parallel_size": 2, "data_format": "thd", "dense_logits_bytes": 1547316224, "dense_rows": 10184, "distillation_only": false, "elapsed_s": 0.048432330950163305, "element_size": 2, "entropy_from_logits_chunk_size": 2048, "entropy_from_logits_with_chunking": false, "event_id": 33, "logits_dtype": "torch.bfloat16", "logits_saved_bytes": 924986368, "peak_allocated_bytes": 21904887296, "peak_increment_bytes": 3726226944, "pipeline_parallel_size": 2, "projected_rows": 4096, "rank": 5, "response_only_enabled": true, "role": "actor", "selected_rows": 4096, "tensor_parallel_size": 2, "vocab_shard": 75968}
[36m(WorkerDict pid=3627502)[0m /opt/Megatron-Bridge/3rdparty/Megatron-LM/megatron/core/pipeline_parallel/schedules.py:211: UserWarning: c10d::broadcast_: an autograd kernel was not registered to the Autograd key(s) but we are trying to backprop through it. This may lead to silently incorrect behavior. This behavior is deprecated and will be removed in a future version of PyTorch. If your operator is differentiable, please ensure you have registered an autograd kernel to the correct Autograd key (e.g. DispatchKey::Autograd, DispatchKey::CompositeImplicitAutograd). If your operator is not differentiable, or to squash this warning and use the previous behavior, please register torch::CppFunction::makeFallthrough() to DispatchKey::Autograd. (Triggered internally at /pytorch/torch/csrc/autograd/autograd_not_implemented_fallback.cpp:76.)
[36m(WorkerDict pid=3627502)[0m   Variable._execution_engine.run_backward(
[36m(WorkerDict pid=3627503)[0m /opt/Megatron-Bridge/3rdparty/Megatron-LM/megatron/core/pipeline_parallel/schedules.py:211: UserWarning: c10d::broadcast_: an autograd kernel was not registered to the Autograd key(s) but we are trying to backprop through it. This may lead to silently incorrect behavior. This behavior is deprecated and will be removed in a future version of PyTorch. If your operator is differentiable, please ensure you have registered an autograd kernel to the correct Autograd key (e.g. DispatchKey::Autograd, DispatchKey::CompositeImplicitAutograd). If your operator is not differentiable, or to squash this warning and use the previous behavior, please register torch::CppFunction::makeFallthrough() to DispatchKey::Autograd. (Triggered internally at /pytorch/torch/csrc/autograd/autograd_not_implemented_fallback.cpp:76.)
[36m(WorkerDict pid=3627503)[0m   Variable._execution_engine.run_backward(
[36m(WorkerDict pid=3627504)[0m /opt/Megatron-Bridge/3rdparty/Megatron-LM/megatron/core/pipeline_parallel/schedules.py:211: UserWarning: c10d::broadcast_: an autograd kernel was not registered to the Autograd key(s) but we are trying to backprop through it. This may lead to silently incorrect behavior. This behavior is deprecated and will be removed in a future version of PyTorch. If your operator is differentiable, please ensure you have registered an autograd kernel to the correct Autograd key (e.g. DispatchKey::Autograd, DispatchKey::CompositeImplicitAutograd). If your operator is not differentiable, or to squash this warning and use the previous behavior, please register torch::CppFunction::makeFallthrough() to DispatchKey::Autograd. (Triggered internally at /pytorch/torch/csrc/autograd/autograd_not_implemented_fallback.cpp:76.)
[36m(WorkerDict pid=3627504)[0m   Variable._execution_engine.run_backward(
[36m(WorkerDict pid=3627501)[0m /opt/Megatron-Bridge/3rdparty/Megatron-LM/megatron/core/pipeline_parallel/schedules.py:211: UserWarning: c10d::broadcast_: an autograd kernel was not registered to the Autograd key(s) but we are trying to backprop through it. This may lead to silently incorrect behavior. This behavior is deprecated and will be removed in a future version of PyTorch. If your operator is differentiable, please ensure you have registered an autograd kernel to the correct Autograd key (e.g. DispatchKey::Autograd, DispatchKey::CompositeImplicitAutograd). If your operator is not differentiable, or to squash this warning and use the previous behavior, please register torch::CppFunction::makeFallthrough() to DispatchKey::Autograd. (Triggered internally at /pytorch/torch/csrc/autograd/autograd_not_implemented_fallback.cpp:76.)
[36m(WorkerDict pid=3627501)[0m   Variable._execution_engine.run_backward(
[36m(WorkerDict pid=3627508)[0m WARNING:2026-09-10 22:51:19,733:VERL_RESPONSE_ONLY_LM_HEAD_PROFILE {"active_ratio": 0.0, "actual_logits_bytes": 151936, "allocated_before_bytes": 18220539392, "backend": "unfused", "calculate_entropy": true, "calculate_sum_pi_squared": false, "context_parallel_size": 2, "data_format": "thd", "dense_logits_bytes": 1547316224, "dense_rows": 10184, "distillation_only": false, "elapsed_s": 0.007096663000993431, "element_size": 2, "entropy_from_logits_chunk_size": 2048, "entropy_from_logits_with_chunking": false, "event_id": 34, "logits_dtype": "torch.bfloat16", "logits_saved_bytes": 1547164288, "peak_allocated_bytes": 18304118784, "peak_increment_bytes": 83579392, "pipeline_parallel_size": 2, "projected_rows": 1, "rank": 7, "response_only_enabled": true, "role": "actor", "selected_rows": 0, "tensor_parallel_size": 2, "vocab_shard": 75968}
[36m(WorkerDict pid=3627507)[0m WARNING:2026-09-10 22:51:19,733:VERL_RESPONSE_ONLY_LM_HEAD_PROFILE {"active_ratio": 0.0, "actual_logits_bytes": 151936, "allocated_before_bytes": 18220539392, "backend": "unfused", "calculate_entropy": true, "calculate_sum_pi_squared": false, "context_parallel_size": 2, "data_format": "thd", "dense_logits_bytes": 1547316224, "dense_rows": 10184, "distillation_only": false, "elapsed_s": 0.00694928306620568, "element_size": 2, "entropy_from_logits_chunk_size": 2048, "entropy_from_logits_with_chunking": false, "event_id": 34, "logits_dtype": "torch.bfloat16", "logits_saved_bytes": 1547164288, "peak_allocated_bytes": 18304118784, "peak_increment_bytes": 83579392, "pipeline_parallel_size": 2, "projected_rows": 1, "rank": 6, "response_only_enabled": true, "role": "actor", "selected_rows": 0, "tensor_parallel_size": 2, "vocab_shard": 75968}
[36m(WorkerDict pid=3627506)[0m WARNING:2026-09-10 22:51:19,762:VERL_RESPONSE_ONLY_LM_HEAD_PROFILE {"active_ratio": 0.40219952867242736, "actual_logits_bytes": 622329856, "allocated_before_bytes": 18220539392, "backend": "unfused", "calculate_entropy": true, "calculate_sum_pi_squared": false, "context_parallel_size": 2, "data_format": "thd", "dense_logits_bytes": 1547316224, "dense_rows": 10184, "distillation_only": false, "elapsed_s": 0.03570011607371271, "element_size": 2, "entropy_from_logits_chunk_size": 2048, "entropy_from_logits_with_chunking": false, "event_id": 34, "logits_dtype": "torch.bfloat16", "logits_saved_bytes": 924986368, "peak_allocated_bytes": 21946766336, "peak_increment_bytes": 3726226944, "pipeline_parallel_size": 2, "projected_rows": 4096, "rank": 5, "response_only_enabled": true, "role": "actor", "selected_rows": 4096, "tensor_parallel_size": 2, "vocab_shard": 75968}
[36m(WorkerDict pid=3627508)[0m WARNING:2026-09-10 22:51:21,047:VERL_RESPONSE_ONLY_LM_HEAD_PROFILE {"active_ratio": 0.0, "actual_logits_bytes": 151936, "allocated_before_bytes": 18262418432, "backend": "unfused", "calculate_entropy": true, "calculate_sum_pi_squared": false, "context_parallel_size": 2, "data_format": "thd", "dense_logits_bytes": 1547316224, "dense_rows": 10184, "distillation_only": false, "elapsed_s": 0.007425704039633274, "element_size": 2, "entropy_from_logits_chunk_size": 2048, "entropy_from_logits_with_chunking": false, "event_id": 35, "logits_dtype": "torch.bfloat16", "logits_saved_bytes": 1547164288, "peak_allocated_bytes": 18345997824, "peak_increment_bytes": 83579392, "pipeline_parallel_size": 2, "projected_rows": 1, "rank": 7, "response_only_enabled": true, "role": "actor", "selected_rows": 0, "tensor_parallel_size": 2, "vocab_shard": 75968}
[36m(WorkerDict pid=3627507)[0m WARNING:2026-09-10 22:51:21,047:VERL_RESPONSE_ONLY_LM_HEAD_PROFILE {"active_ratio": 0.0, "actual_logits_bytes": 151936, "allocated_before_bytes": 18262418432, "backend": "unfused", "calculate_entropy": true, "calculate_sum_pi_squared": false, "context_parallel_size": 2, "data_format": "thd", "dense_logits_bytes": 1547316224, "dense_rows": 10184, "distillation_only": false, "elapsed_s": 0.007198403938673437, "element_size": 2, "entropy_from_logits_chunk_size": 2048, "entropy_from_logits_with_chunking": false, "event_id": 35, "logits_dtype": "torch.bfloat16", "logits_saved_bytes": 1547164288, "peak_allocated_bytes": 18345997824, "peak_increment_bytes": 83579392, "pipeline_parallel_size": 2, "projected_rows": 1, "rank": 6, "response_only_enabled": true, "role": "actor", "selected_rows": 0, "tensor_parallel_size": 2, "vocab_shard": 75968}
[36m(WorkerDict pid=3627506)[0m WARNING:2026-09-10 22:51:21,071:VERL_RESPONSE_ONLY_LM_HEAD_PROFILE {"active_ratio": 0.40219952867242736, "actual_logits_bytes": 622329856, "allocated_before_bytes": 18262418432, "backend": "unfused", "calculate_entropy": true, "calculate_sum_pi_squared": false, "context_parallel_size": 2, "data_format": "thd", "dense_logits_bytes": 1547316224, "dense_rows": 10184, "distillation_only": false, "elapsed_s": 0.03097386402077973, "element_size": 2, "entropy_from_logits_chunk_size": 2048, "entropy_from_logits_with_chunking": false, "event_id": 35, "logits_dtype": "torch.bfloat16", "logits_saved_bytes": 924986368, "peak_allocated_bytes": 21988645376, "peak_increment_bytes": 3726226944, "pipeline_parallel_size": 2, "projected_rows": 4096, "rank": 5, "response_only_enabled": true, "role": "actor", "selected_rows": 4096, "tensor_parallel_size": 2, "vocab_shard": 75968}
[36m(WorkerDict pid=3627508)[0m WARNING:2026-09-10 22:51:35,869:VERL_RESPONSE_ONLY_LM_HEAD_PROFILE {"active_ratio": 0.0, "actual_logits_bytes": 151936, "allocated_before_bytes": 26304215040, "backend": "unfused", "calculate_entropy": true, "calculate_sum_pi_squared": false, "context_parallel_size": 2, "data_format": "thd", "dense_logits_bytes": 1503558656, "dense_rows": 9896, "distillation_only": false, "elapsed_s": 0.0075576340314000845, "element_size": 2, "entropy_from_logits_chunk_size": 2048, "entropy_from_logits_with_chunking": false, "event_id": 36, "logits_dtype": "torch.bfloat16", "logits_saved_bytes": 1503406720, "peak_allocated_bytes": 26385435136, "peak_increment_bytes": 81220096, "pipeline_parallel_size": 2, "projected_rows": 1, "rank": 7, "response_only_enabled": true, "role": "actor", "selected_rows": 0, "tensor_parallel_size": 2, "vocab_shard": 75968}
[36m(WorkerDict pid=3627507)[0m WARNING:2026-09-10 22:51:35,869:VERL_RESPONSE_ONLY_LM_HEAD_PROFILE {"active_ratio": 0.0, "actual_logits_bytes": 151936, "allocated_before_bytes": 26304215040, "backend": "unfused", "calculate_entropy": true, "calculate_sum_pi_squared": false, "context_parallel_size": 2, "data_format": "thd", "dense_logits_bytes": 1503558656, "dense_rows": 9896, "distillation_only": false, "elapsed_s": 0.007582633988931775, "element_size": 2, "entropy_from_logits_chunk_size": 2048, "entropy_from_logits_with_chunking": false, "event_id": 36, "logits_dtype": "torch.bfloat16", "logits_saved_bytes": 1503406720, "peak_allocated_bytes": 26385435136, "peak_increment_bytes": 81220096, "pipeline_parallel_size": 2, "projected_rows": 1, "rank": 6, "response_only_enabled": true, "role": "actor", "selected_rows": 0, "tensor_parallel_size": 2, "vocab_shard": 75968}
[36m(WorkerDict pid=3627506)[0m WARNING:2026-09-10 22:51:35,937:VERL_RESPONSE_ONLY_LM_HEAD_PROFILE {"active_ratio": 0.41390460792239286, "actual_logits_bytes": 622329856, "allocated_before_bytes": 26304215040, "backend": "unfused", "calculate_entropy": true, "calculate_sum_pi_squared": false, "context_parallel_size": 2, "data_format": "thd", "dense_logits_bytes": 1503558656, "dense_rows": 9896, "distillation_only": false, "elapsed_s": 0.07586267392616719, "element_size": 2, "entropy_from_logits_chunk_size": 2048, "entropy_from_logits_with_chunking": false, "event_id": 36, "logits_dtype": "torch.bfloat16", "logits_saved_bytes": 881228800, "peak_allocated_bytes": 30031616000, "peak_increment_bytes": 3727400960, "pipeline_parallel_size": 2, "projected_rows": 4096, "rank": 5, "response_only_enabled": true, "role": "actor", "selected_rows": 4096, "tensor_parallel_size": 2, "vocab_shard": 75968}
[36m(WorkerDict pid=3627508)[0m WARNING:2026-09-10 22:51:37,127:VERL_RESPONSE_ONLY_LM_HEAD_PROFILE {"active_ratio": 0.0, "actual_logits_bytes": 151936, "allocated_before_bytes": 26344909824, "backend": "unfused", "calculate_entropy": true, "calculate_sum_pi_squared": false, "context_parallel_size": 2, "data_format": "thd", "dense_logits_bytes": 1503558656, "dense_rows": 9896, "distillation_only": false, "elapsed_s": 0.0071700329426676035, "element_size": 2, "entropy_from_logits_chunk_size": 2048, "entropy_from_logits_with_chunking": false, "event_id": 37, "logits_dtype": "torch.bfloat16", "logits_saved_bytes": 1503406720, "peak_allocated_bytes": 26426129920, "peak_increment_bytes": 81220096, "pipeline_parallel_size": 2, "projected_rows": 1, "rank": 7, "response_only_enabled": true, "role": "actor", "selected_rows": 0, "tensor_parallel_size": 2, "vocab_shard": 75968}
[36m(WorkerDict pid=3627507)[0m WARNING:2026-09-10 22:51:37,127:VERL_RESPONSE_ONLY_LM_HEAD_PROFILE {"active_ratio": 0.0, "actual_logits_bytes": 151936, "allocated_before_bytes": 26344909824, "backend": "unfused", "calculate_entropy": true, "calculate_sum_pi_squared": false, "context_parallel_size": 2, "data_format": "thd", "dense_logits_bytes": 1503558656, "dense_rows": 9896, "distillation_only": false, "elapsed_s": 0.007140752975828946, "element_size": 2, "entropy_from_logits_chunk_size": 2048, "entropy_from_logits_with_chunking": false, "event_id": 37, "logits_dtype": "torch.bfloat16", "logits_saved_bytes": 1503406720, "peak_allocated_bytes": 26426129920, "peak_increment_bytes": 81220096, "pipeline_parallel_size": 2, "projected_rows": 1, "rank": 6, "response_only_enabled": true, "role": "actor", "selected_rows": 0, "tensor_parallel_size": 2, "vocab_shard": 75968}
[36m(WorkerDict pid=3627506)[0m WARNING:2026-09-10 22:51:37,151:VERL_RESPONSE_ONLY_LM_HEAD_PROFILE {"active_ratio": 0.41390460792239286, "actual_logits_bytes": 622329856, "allocated_before_bytes": 26344909824, "backend": "unfused", "calculate_entropy": true, "calculate_sum_pi_squared": false, "context_parallel_size": 2, "data_format": "thd", "dense_logits_bytes": 1503558656, "dense_rows": 9896, "distillation_only": false, "elapsed_s": 0.030828353017568588, "element_size": 2, "entropy_from_logits_chunk_size": 2048, "entropy_from_logits_with_chunking": false, "event_id": 37, "logits_dtype": "torch.bfloat16", "logits_saved_bytes": 881228800, "peak_allocated_bytes": 30072310784, "peak_increment_bytes": 3727400960, "pipeline_parallel_size": 2, "projected_rows": 4096, "rank": 5, "response_only_enabled": true, "role": "actor", "selected_rows": 4096, "tensor_parallel_size": 2, "vocab_shard": 75968}
[36m(WorkerDict pid=3627508)[0m WARNING:2026-09-10 22:51:38,340:VERL_RESPONSE_ONLY_LM_HEAD_PROFILE {"active_ratio": 0.0, "actual_logits_bytes": 151936, "allocated_before_bytes": 26385604096, "backend": "unfused", "calculate_entropy": true, "calculate_sum_pi_squared": false, "context_parallel_size": 2, "data_format": "thd", "dense_logits_bytes": 1503558656, "dense_rows": 9896, "distillation_only": false, "elapsed_s": 0.00686801306437701, "element_size": 2, "entropy_from_logits_chunk_size": 2048, "entropy_from_logits_with_chunking": false, "event_id": 38, "logits_dtype": "torch.bfloat16", "logits_saved_bytes": 1503406720, "peak_allocated_bytes": 26466824192, "peak_increment_bytes": 81220096, "pipeline_parallel_size": 2, "projected_rows": 1, "rank": 7, "response_only_enabled": true, "role": "actor", "selected_rows": 0, "tensor_parallel_size": 2, "vocab_shard": 75968}
[36m(WorkerDict pid=3627507)[0m WARNING:2026-09-10 22:51:38,340:VERL_RESPONSE_ONLY_LM_HEAD_PROFILE {"active_ratio": 0.0, "actual_logits_bytes": 151936, "allocated_before_bytes": 26385604096, "backend": "unfused", "calculate_entropy": true, "calculate_sum_pi_squared": false, "context_parallel_size": 2, "data_format": "thd", "dense_logits_bytes": 1503558656, "dense_rows": 9896, "distillation_only": false, "elapsed_s": 0.006928773014806211, "element_size": 2, "entropy_from_logits_chunk_size": 2048, "entropy_from_logits_with_chunking": false, "event_id": 38, "logits_dtype": "torch.bfloat16", "logits_saved_bytes": 1503406720, "peak_allocated_bytes": 26466824192, "peak_increment_bytes": 81220096, "pipeline_parallel_size": 2, "projected_rows": 1, "rank": 6, "response_only_enabled": true, "role": "actor", "selected_rows": 0, "tensor_parallel_size": 2, "vocab_shard": 75968}
[36m(WorkerDict pid=3627506)[0m WARNING:2026-09-10 22:51:38,382:VERL_RESPONSE_ONLY_LM_HEAD_PROFILE {"active_ratio": 0.41390460792239286, "actual_logits_bytes": 622329856, "allocated_before_bytes": 26385604096, "backend": "unfused", "calculate_entropy": true, "calculate_sum_pi_squared": false, "context_parallel_size": 2, "data_format": "thd", "dense_logits_bytes": 1503558656, "dense_rows": 9896, "distillation_only": false, "elapsed_s": 0.04889484203886241, "element_size": 2, "entropy_from_logits_chunk_size": 2048, "entropy_from_logits_with_chunking": false, "event_id": 38, "logits_dtype": "torch.bfloat16", "logits_saved_bytes": 881228800, "peak_allocated_bytes": 30113005056, "peak_increment_bytes": 3727400960, "pipeline_parallel_size": 2, "projected_rows": 4096, "rank": 5, "response_only_enabled": true, "role": "actor", "selected_rows": 4096, "tensor_parallel_size": 2, "vocab_shard": 75968}
[36m(WorkerDict pid=3627508)[0m WARNING:2026-09-10 22:51:39,617:VERL_RESPONSE_ONLY_LM_HEAD_PROFILE {"active_ratio": 0.0, "actual_logits_bytes": 151936, "allocated_before_bytes": 26426298368, "backend": "unfused", "calculate_entropy": true, "calculate_sum_pi_squared": false, "context_parallel_size": 2, "data_format": "thd", "dense_logits_bytes": 1503558656, "dense_rows": 9896, "distillation_only": false, "elapsed_s": 0.007146643009036779, "element_size": 2, "entropy_from_logits_chunk_size": 2048, "entropy_from_logits_with_chunking": false, "event_id": 39, "logits_dtype": "torch.bfloat16", "logits_saved_bytes": 1503406720, "peak_allocated_bytes": 26507518464, "peak_increment_bytes": 81220096, "pipeline_parallel_size": 2, "projected_rows": 1, "rank": 7, "response_only_enabled": true, "role": "actor", "selected_rows": 0, "tensor_parallel_size": 2, "vocab_shard": 75968}
[36m(WorkerDict pid=3627507)[0m WARNING:2026-09-10 22:51:39,617:VERL_RESPONSE_ONLY_LM_HEAD_PROFILE {"active_ratio": 0.0, "actual_logits_bytes": 151936, "allocated_before_bytes": 26426298368, "backend": "unfused", "calculate_entropy": true, "calculate_sum_pi_squared": false, "context_parallel_size": 2, "data_format": "thd", "dense_logits_bytes": 1503558656, "dense_rows": 9896, "distillation_only": false, "elapsed_s": 0.0071229529567062855, "element_size": 2, "entropy_from_logits_chunk_size": 2048, "entropy_from_logits_with_chunking": false, "event_id": 39, "logits_dtype": "torch.bfloat16", "logits_saved_bytes": 1503406720, "peak_allocated_bytes": 26507518464, "peak_increment_bytes": 81220096, "pipeline_parallel_size": 2, "projected_rows": 1, "rank": 6, "response_only_enabled": true, "role": "actor", "selected_rows": 0, "tensor_parallel_size": 2, "vocab_shard": 75968}
[36m(WorkerDict pid=3627506)[0m WARNING:2026-09-10 22:51:39,641:VERL_RESPONSE_ONLY_LM_HEAD_PROFILE {"active_ratio": 0.41390460792239286, "actual_logits_bytes": 622329856, "allocated_before_bytes": 26426298368, "backend": "unfused", "calculate_entropy": true, "calculate_sum_pi_squared": false, "context_parallel_size": 2, "data_format": "thd", "dense_logits_bytes": 1503558656, "dense_rows": 9896, "distillation_only": false, "elapsed_s": 0.031109194038435817, "element_size": 2, "entropy_from_logits_chunk_size": 2048, "entropy_from_logits_with_chunking": false, "event_id": 39, "logits_dtype": "torch.bfloat16", "logits_saved_bytes": 881228800, "peak_allocated_bytes": 30153699328, "peak_increment_bytes": 3727400960, "pipeline_parallel_size": 2, "projected_rows": 4096, "rank": 5, "response_only_enabled": true, "role": "actor", "selected_rows": 4096, "tensor_parallel_size": 2, "vocab_shard": 75968}
[36m(WorkerDict pid=3627508)[0m WARNING:2026-09-10 22:51:42,111:VERL_RESPONSE_ONLY_LM_HEAD_PROFILE {"active_ratio": 0.0, "actual_logits_bytes": 151936, "allocated_before_bytes": 26327832576, "backend": "unfused", "calculate_entropy": true, "calculate_sum_pi_squared": false, "context_parallel_size": 2, "data_format": "thd", "dense_logits_bytes": 1547316224, "dense_rows": 10184, "distillation_only": false, "elapsed_s": 0.007015962968580425, "element_size": 2, "entropy_from_logits_chunk_size": 2048, "entropy_from_logits_with_chunking": false, "event_id": 40, "logits_dtype": "torch.bfloat16", "logits_saved_bytes": 1547164288, "peak_allocated_bytes": 26411411968, "peak_increment_bytes": 83579392, "pipeline_parallel_size": 2, "projected_rows": 1, "rank": 7, "response_only_enabled": true, "role": "actor", "selected_rows": 0, "tensor_parallel_size": 2, "vocab_shard": 75968}
[36m(WorkerDict pid=3627507)[0m WARNING:2026-09-10 22:51:42,111:VERL_RESPONSE_ONLY_LM_HEAD_PROFILE {"active_ratio": 0.0, "actual_logits_bytes": 151936, "allocated_before_bytes": 26327832576, "backend": "unfused", "calculate_entropy": true, "calculate_sum_pi_squared": false, "context_parallel_size": 2, "data_format": "thd", "dense_logits_bytes": 1547316224, "dense_rows": 10184, "distillation_only": false, "elapsed_s": 0.0071047929814085364, "element_size": 2, "entropy_from_logits_chunk_size": 2048, "entropy_from_logits_with_chunking": false, "event_id": 40, "logits_dtype": "torch.bfloat16", "logits_saved_bytes": 1547164288, "peak_allocated_bytes": 26411411968, "peak_increment_bytes": 83579392, "pipeline_parallel_size": 2, "projected_rows": 1, "rank": 6, "response_only_enabled": true, "role": "actor", "selected_rows": 0, "tensor_parallel_size": 2, "vocab_shard": 75968}
[36m(WorkerDict pid=3627506)[0m WARNING:2026-09-10 22:51:42,135:VERL_RESPONSE_ONLY_LM_HEAD_PROFILE {"active_ratio": 0.40219952867242736, "actual_logits_bytes": 622329856, "allocated_before_bytes": 26327832576, "backend": "unfused", "calculate_entropy": true, "calculate_sum_pi_squared": false, "context_parallel_size": 2, "data_format": "thd", "dense_logits_bytes": 1547316224, "dense_rows": 10184, "distillation_only": false, "elapsed_s": 0.03095159400254488, "element_size": 2, "entropy_from_logits_chunk_size": 2048, "entropy_from_logits_with_chunking": false, "event_id": 40, "logits_dtype": "torch.bfloat16", "logits_saved_bytes": 924986368, "peak_allocated_bytes": 30054059520, "peak_increment_bytes": 3726226944, "pipeline_parallel_size": 2, "projected_rows": 4096, "rank": 5, "response_only_enabled": true, "role": "actor", "selected_rows": 4096, "tensor_parallel_size": 2, "vocab_shard": 75968}
[36m(WorkerDict pid=3627508)[0m WARNING:2026-09-10 22:51:43,364:VERL_RESPONSE_ONLY_LM_HEAD_PROFILE {"active_ratio": 0.0, "actual_logits_bytes": 151936, "allocated_before_bytes": 26369712128, "backend": "unfused", "calculate_entropy": true, "calculate_sum_pi_squared": false, "context_parallel_size": 2, "data_format": "thd", "dense_logits_bytes": 1547316224, "dense_rows": 10184, "distillation_only": false, "elapsed_s": 0.006984532927162945, "element_size": 2, "entropy_from_logits_chunk_size": 2048, "entropy_from_logits_with_chunking": false, "event_id": 41, "logits_dtype": "torch.bfloat16", "logits_saved_bytes": 1547164288, "peak_allocated_bytes": 26453291520, "peak_increment_bytes": 83579392, "pipeline_parallel_size": 2, "projected_rows": 1, "rank": 7, "response_only_enabled": true, "role": "actor", "selected_rows": 0, "tensor_parallel_size": 2, "vocab_shard": 75968}
[36m(WorkerDict pid=3627507)[0m WARNING:2026-09-10 22:51:43,365:VERL_RESPONSE_ONLY_LM_HEAD_PROFILE {"active_ratio": 0.0, "actual_logits_bytes": 151936, "allocated_before_bytes": 26369712128, "backend": "unfused", "calculate_entropy": true, "calculate_sum_pi_squared": false, "context_parallel_size": 2, "data_format": "thd", "dense_logits_bytes": 1547316224, "dense_rows": 10184, "distillation_only": false, "elapsed_s": 0.007024743012152612, "element_size": 2, "entropy_from_logits_chunk_size": 2048, "entropy_from_logits_with_chunking": false, "event_id": 41, "logits_dtype": "torch.bfloat16", "logits_saved_bytes": 1547164288, "peak_allocated_bytes": 26453291520, "peak_increment_bytes": 83579392, "pipeline_parallel_size": 2, "projected_rows": 1, "rank": 6, "response_only_enabled": true, "role": "actor", "selected_rows": 0, "tensor_parallel_size": 2, "vocab_shard": 75968}
[36m(WorkerDict pid=3627506)[0m WARNING:2026-09-10 22:51:43,389:VERL_RESPONSE_ONLY_LM_HEAD_PROFILE {"active_ratio": 0.40219952867242736, "actual_logits_bytes": 622329856, "allocated_before_bytes": 26369712128, "backend": "unfused", "calculate_entropy": true, "calculate_sum_pi_squared": false, "context_parallel_size": 2, "data_format": "thd", "dense_logits_bytes": 1547316224, "dense_rows": 10184, "distillation_only": false, "elapsed_s": 0.031083674053661525, "element_size": 2, "entropy_from_logits_chunk_size": 2048, "entropy_from_logits_with_chunking": false, "event_id": 41, "logits_dtype": "torch.bfloat16", "logits_saved_bytes": 924986368, "peak_allocated_bytes": 30095939072, "peak_increment_bytes": 3726226944, "pipeline_parallel_size": 2, "projected_rows": 4096, "rank": 5, "response_only_enabled": true, "role": "actor", "selected_rows": 4096, "tensor_parallel_size": 2, "vocab_shard": 75968}
[36m(WorkerDict pid=3627508)[0m WARNING:2026-09-10 22:51:44,619:VERL_RESPONSE_ONLY_LM_HEAD_PROFILE {"active_ratio": 0.0, "actual_logits_bytes": 151936, "allocated_before_bytes": 26411591168, "backend": "unfused", "calculate_entropy": true, "calculate_sum_pi_squared": false, "context_parallel_size": 2, "data_format": "thd", "dense_logits_bytes": 1547316224, "dense_rows": 10184, "distillation_only": false, "elapsed_s": 0.007037093047983944, "element_size": 2, "entropy_from_logits_chunk_size": 2048, "entropy_from_logits_with_chunking": false, "event_id": 42, "logits_dtype": "torch.bfloat16", "logits_saved_bytes": 1547164288, "peak_allocated_bytes": 26495170560, "peak_increment_bytes": 83579392, "pipeline_parallel_size": 2, "projected_rows": 1, "rank": 7, "response_only_enabled": true, "role": "actor", "selected_rows": 0, "tensor_parallel_size": 2, "vocab_shard": 75968}
[36m(WorkerDict pid=3627507)[0m WARNING:2026-09-10 22:51:44,619:VERL_RESPONSE_ONLY_LM_HEAD_PROFILE {"active_ratio": 0.0, "actual_logits_bytes": 151936, "allocated_before_bytes": 26411591168, "backend": "unfused", "calculate_entropy": true, "calculate_sum_pi_squared": false, "context_parallel_size": 2, "data_format": "thd", "dense_logits_bytes": 1547316224, "dense_rows": 10184, "distillation_only": false, "elapsed_s": 0.006937733036465943, "element_size": 2, "entropy_from_logits_chunk_size": 2048, "entropy_from_logits_with_chunking": false, "event_id": 42, "logits_dtype": "torch.bfloat16", "logits_saved_bytes": 1547164288, "peak_allocated_bytes": 26495170560, "peak_increment_bytes": 83579392, "pipeline_parallel_size": 2, "projected_rows": 1, "rank": 6, "response_only_enabled": true, "role": "actor", "selected_rows": 0, "tensor_parallel_size": 2, "vocab_shard": 75968}
[36m(WorkerDict pid=3627506)[0m WARNING:2026-09-10 22:51:44,643:VERL_RESPONSE_ONLY_LM_HEAD_PROFILE {"active_ratio": 0.40219952867242736, "actual_logits_bytes": 622329856, "allocated_before_bytes": 26411591168, "backend": "unfused", "calculate_entropy": true, "calculate_sum_pi_squared": false, "context_parallel_size": 2, "data_format": "thd", "dense_logits_bytes": 1547316224, "dense_rows": 10184, "distillation_only": false, "elapsed_s": 0.030939443968236446, "element_size": 2, "entropy_from_logits_chunk_size": 2048, "entropy_from_logits_with_chunking": false, "event_id": 42, "logits_dtype": "torch.bfloat16", "logits_saved_bytes": 924986368, "peak_allocated_bytes": 30137818112, "peak_increment_bytes": 3726226944, "pipeline_parallel_size": 2, "projected_rows": 4096, "rank": 5, "response_only_enabled": true, "role": "actor", "selected_rows": 4096, "tensor_parallel_size": 2, "vocab_shard": 75968}
[36m(WorkerDict pid=3627508)[0m WARNING:2026-09-10 22:51:45,872:VERL_RESPONSE_ONLY_LM_HEAD_PROFILE {"active_ratio": 0.0, "actual_logits_bytes": 151936, "allocated_before_bytes": 26453470208, "backend": "unfused", "calculate_entropy": true, "calculate_sum_pi_squared": false, "context_parallel_size": 2, "data_format": "thd", "dense_logits_bytes": 1547316224, "dense_rows": 10184, "distillation_only": false, "elapsed_s": 0.00709976302459836, "element_size": 2, "entropy_from_logits_chunk_size": 2048, "entropy_from_logits_with_chunking": false, "event_id": 43, "logits_dtype": "torch.bfloat16", "logits_saved_bytes": 1547164288, "peak_allocated_bytes": 26537049600, "peak_increment_bytes": 83579392, "pipeline_parallel_size": 2, "projected_rows": 1, "rank": 7, "response_only_enabled": true, "role": "actor", "selected_rows": 0, "tensor_parallel_size": 2, "vocab_shard": 75968}
[36m(WorkerDict pid=3627507)[0m WARNING:2026-09-10 22:51:45,871:VERL_RESPONSE_ONLY_LM_HEAD_PROFILE {"active_ratio": 0.0, "actual_logits_bytes": 151936, "allocated_before_bytes": 26453470208, "backend": "unfused", "calculate_entropy": true, "calculate_sum_pi_squared": false, "context_parallel_size": 2, "data_format": "thd", "dense_logits_bytes": 1547316224, "dense_rows": 10184, "distillation_only": false, "elapsed_s": 0.007027992978692055, "element_size": 2, "entropy_from_logits_chunk_size": 2048, "entropy_from_logits_with_chunking": false, "event_id": 43, "logits_dtype": "torch.bfloat16", "logits_saved_bytes": 1547164288, "peak_allocated_bytes": 26537049600, "peak_increment_bytes": 83579392, "pipeline_parallel_size": 2, "projected_rows": 1, "rank": 6, "response_only_enabled": true, "role": "actor", "selected_rows": 0, "tensor_parallel_size": 2, "vocab_shard": 75968}
[36m(WorkerDict pid=3627506)[0m WARNING:2026-09-10 22:51:45,896:VERL_RESPONSE_ONLY_LM_HEAD_PROFILE {"active_ratio": 0.40219952867242736, "actual_logits_bytes": 622329856, "allocated_before_bytes": 26453470208, "backend": "unfused", "calculate_entropy": true, "calculate_sum_pi_squared": false, "context_parallel_size": 2, "data_format": "thd", "dense_logits_bytes": 1547316224, "dense_rows": 10184, "distillation_only": false, "elapsed_s": 0.031122713931836188, "element_size": 2, "entropy_from_logits_chunk_size": 2048, "entropy_from_logits_with_chunking": false, "event_id": 43, "logits_dtype": "torch.bfloat16", "logits_saved_bytes": 924986368, "peak_allocated_bytes": 30179697152, "peak_increment_bytes": 3726226944, "pipeline_parallel_size": 2, "projected_rows": 4096, "rank": 5, "response_only_enabled": true, "role": "actor", "selected_rows": 4096, "tensor_parallel_size": 2, "vocab_shard": 75968}
[36m(WorkerDict pid=3627508)[0m WARNING:2026-09-10 22:51:48,436:VERL_RESPONSE_ONLY_LM_HEAD_PROFILE {"active_ratio": 0.0, "actual_logits_bytes": 151936, "allocated_before_bytes": 26327832576, "backend": "unfused", "calculate_entropy": true, "calculate_sum_pi_squared": false, "context_parallel_size": 2, "data_format": "thd", "dense_logits_bytes": 1547316224, "dense_rows": 10184, "distillation_only": false, "elapsed_s": 0.007231842959299684, "element_size": 2, "entropy_from_logits_chunk_size": 2048, "entropy_from_logits_with_chunking": false, "event_id": 44, "logits_dtype": "torch.bfloat16", "logits_saved_bytes": 1547164288, "peak_allocated_bytes": 26411411968, "peak_increment_bytes": 83579392, "pipeline_parallel_size": 2, "projected_rows": 1, "rank": 7, "response_only_enabled": true, "role": "actor", "selected_rows": 0, "tensor_parallel_size": 2, "vocab_shard": 75968}
[36m(WorkerDict pid=3627507)[0m WARNING:2026-09-10 22:51:48,436:VERL_RESPONSE_ONLY_LM_HEAD_PROFILE {"active_ratio": 0.0, "actual_logits_bytes": 151936, "allocated_before_bytes": 26327832576, "backend": "unfused", "calculate_entropy": true, "calculate_sum_pi_squared": false, "context_parallel_size": 2, "data_format": "thd", "dense_logits_bytes": 1547316224, "dense_rows": 10184, "distillation_only": false, "elapsed_s": 0.007060213014483452, "element_size": 2, "entropy_from_logits_chunk_size": 2048, "entropy_from_logits_with_chunking": false, "event_id": 44, "logits_dtype": "torch.bfloat16", "logits_saved_bytes": 1547164288, "peak_allocated_bytes": 26411411968, "peak_increment_bytes": 83579392, "pipeline_parallel_size": 2, "projected_rows": 1, "rank": 6, "response_only_enabled": true, "role": "actor", "selected_rows": 0, "tensor_parallel_size": 2, "vocab_shard": 75968}
[36m(WorkerDict pid=3627506)[0m WARNING:2026-09-10 22:51:48,460:VERL_RESPONSE_ONLY_LM_HEAD_PROFILE {"active_ratio": 0.40219952867242736, "actual_logits_bytes": 622329856, "allocated_before_bytes": 26327832576, "backend": "unfused", "calculate_entropy": true, "calculate_sum_pi_squared": false, "context_parallel_size": 2, "data_format": "thd", "dense_logits_bytes": 1547316224, "dense_rows": 10184, "distillation_only": false, "elapsed_s": 0.031032404047437012, "element_size": 2, "entropy_from_logits_chunk_size": 2048, "entropy_from_logits_with_chunking": false, "event_id": 44, "logits_dtype": "torch.bfloat16", "logits_saved_bytes": 924986368, "peak_allocated_bytes": 30054059520, "peak_increment_bytes": 3726226944, "pipeline_parallel_size": 2, "projected_rows": 4096, "rank": 5, "response_only_enabled": true, "role": "actor", "selected_rows": 4096, "tensor_parallel_size": 2, "vocab_shard": 75968}
[36m(WorkerDict pid=3627508)[0m WARNING:2026-09-10 22:51:49,691:VERL_RESPONSE_ONLY_LM_HEAD_PROFILE {"active_ratio": 0.0, "actual_logits_bytes": 151936, "allocated_before_bytes": 26369712128, "backend": "unfused", "calculate_entropy": true, "calculate_sum_pi_squared": false, "context_parallel_size": 2, "data_format": "thd", "dense_logits_bytes": 1547316224, "dense_rows": 10184, "distillation_only": false, "elapsed_s": 0.006961632985621691, "element_size": 2, "entropy_from_logits_chunk_size": 2048, "entropy_from_logits_with_chunking": false, "event_id": 45, "logits_dtype": "torch.bfloat16", "logits_saved_bytes": 1547164288, "peak_allocated_bytes": 26453291520, "peak_increment_bytes": 83579392, "pipeline_parallel_size": 2, "projected_rows": 1, "rank": 7, "response_only_enabled": true, "role": "actor", "selected_rows": 0, "tensor_parallel_size": 2, "vocab_shard": 75968}
[36m(WorkerDict pid=3627507)[0m WARNING:2026-09-10 22:51:49,691:VERL_RESPONSE_ONLY_LM_HEAD_PROFILE {"active_ratio": 0.0, "actual_logits_bytes": 151936, "allocated_before_bytes": 26369712128, "backend": "unfused", "calculate_entropy": true, "calculate_sum_pi_squared": false, "context_parallel_size": 2, "data_format": "thd", "dense_logits_bytes": 1547316224, "dense_rows": 10184, "distillation_only": false, "elapsed_s": 0.007071412983350456, "element_size": 2, "entropy_from_logits_chunk_size": 2048, "entropy_from_logits_with_chunking": false, "event_id": 45, "logits_dtype": "torch.bfloat16", "logits_saved_bytes": 1547164288, "peak_allocated_bytes": 26453291520, "peak_increment_bytes": 83579392, "pipeline_parallel_size": 2, "projected_rows": 1, "rank": 6, "response_only_enabled": true, "role": "actor", "selected_rows": 0, "tensor_parallel_size": 2, "vocab_shard": 75968}
[36m(WorkerDict pid=3627506)[0m WARNING:2026-09-10 22:51:49,716:VERL_RESPONSE_ONLY_LM_HEAD_PROFILE {"active_ratio": 0.40219952867242736, "actual_logits_bytes": 622329856, "allocated_before_bytes": 26369712128, "backend": "unfused", "calculate_entropy": true, "calculate_sum_pi_squared": false, "context_parallel_size": 2, "data_format": "thd", "dense_logits_bytes": 1547316224, "dense_rows": 10184, "distillation_only": false, "elapsed_s": 0.031077374005690217, "element_size": 2, "entropy_from_logits_chunk_size": 2048, "entropy_from_logits_with_chunking": false, "event_id": 45, "logits_dtype": "torch.bfloat16", "logits_saved_bytes": 924986368, "peak_allocated_bytes": 30095939072, "peak_increment_bytes": 3726226944, "pipeline_parallel_size": 2, "projected_rows": 4096, "rank": 5, "response_only_enabled": true, "role": "actor", "selected_rows": 4096, "tensor_parallel_size": 2, "vocab_shard": 75968}
[36m(WorkerDict pid=3627508)[0m WARNING:2026-09-10 22:51:50,944:VERL_RESPONSE_ONLY_LM_HEAD_PROFILE {"active_ratio": 0.0, "actual_logits_bytes": 151936, "allocated_before_bytes": 26411591168, "backend": "unfused", "calculate_entropy": true, "calculate_sum_pi_squared": false, "context_parallel_size": 2, "data_format": "thd", "dense_logits_bytes": 1547316224, "dense_rows": 10184, "distillation_only": false, "elapsed_s": 0.007043613004498184, "element_size": 2, "entropy_from_logits_chunk_size": 2048, "entropy_from_logits_with_chunking": false, "event_id": 46, "logits_dtype": "torch.bfloat16", "logits_saved_bytes": 1547164288, "peak_allocated_bytes": 26495170560, "peak_increment_bytes": 83579392, "pipeline_parallel_size": 2, "projected_rows": 1, "rank": 7, "response_only_enabled": true, "role": "actor", "selected_rows": 0, "tensor_parallel_size": 2, "vocab_shard": 75968}
[36m(WorkerDict pid=3627507)[0m WARNING:2026-09-10 22:51:50,944:VERL_RESPONSE_ONLY_LM_HEAD_PROFILE {"active_ratio": 0.0, "actual_logits_bytes": 151936, "allocated_before_bytes": 26411591168, "backend": "unfused", "calculate_entropy": true, "calculate_sum_pi_squared": false, "context_parallel_size": 2, "data_format": "thd", "dense_logits_bytes": 1547316224, "dense_rows": 10184, "distillation_only": false, "elapsed_s": 0.007017042953521013, "element_size": 2, "entropy_from_logits_chunk_size": 2048, "entropy_from_logits_with_chunking": false, "event_id": 46, "logits_dtype": "torch.bfloat16", "logits_saved_bytes": 1547164288, "peak_allocated_bytes": 26495170560, "peak_increment_bytes": 83579392, "pipeline_parallel_size": 2, "projected_rows": 1, "rank": 6, "response_only_enabled": true, "role": "actor", "selected_rows": 0, "tensor_parallel_size": 2, "vocab_shard": 75968}
[36m(WorkerDict pid=3627506)[0m WARNING:2026-09-10 22:51:50,968:VERL_RESPONSE_ONLY_LM_HEAD_PROFILE {"active_ratio": 0.40219952867242736, "actual_logits_bytes": 622329856, "allocated_before_bytes": 26411591168, "backend": "unfused", "calculate_entropy": true, "calculate_sum_pi_squared": false, "context_parallel_size": 2, "data_format": "thd", "dense_logits_bytes": 1547316224, "dense_rows": 10184, "distillation_only": false, "elapsed_s": 0.031129154027439654, "element_size": 2, "entropy_from_logits_chunk_size": 2048, "entropy_from_logits_with_chunking": false, "event_id": 46, "logits_dtype": "torch.bfloat16", "logits_saved_bytes": 924986368, "peak_allocated_bytes": 30137818112, "peak_increment_bytes": 3726226944, "pipeline_parallel_size": 2, "projected_rows": 4096, "rank": 5, "response_only_enabled": true, "role": "actor", "selected_rows": 4096, "tensor_parallel_size": 2, "vocab_shard": 75968}
[36m(WorkerDict pid=3627508)[0m WARNING:2026-09-10 22:51:52,199:VERL_RESPONSE_ONLY_LM_HEAD_PROFILE {"active_ratio": 0.0, "actual_logits_bytes": 151936, "allocated_before_bytes": 26453470208, "backend": "unfused", "calculate_entropy": true, "calculate_sum_pi_squared": false, "context_parallel_size": 2, "data_format": "thd", "dense_logits_bytes": 1547316224, "dense_rows": 10184, "distillation_only": false, "elapsed_s": 0.006916804006323218, "element_size": 2, "entropy_from_logits_chunk_size": 2048, "entropy_from_logits_with_chunking": false, "event_id": 47, "logits_dtype": "torch.bfloat16", "logits_saved_bytes": 1547164288, "peak_allocated_bytes": 26537049600, "peak_increment_bytes": 83579392, "pipeline_parallel_size": 2, "projected_rows": 1, "rank": 7, "response_only_enabled": true, "role": "actor", "selected_rows": 0, "tensor_parallel_size": 2, "vocab_shard": 75968}
[36m(WorkerDict pid=3627507)[0m WARNING:2026-09-10 22:51:52,199:VERL_RESPONSE_ONLY_LM_HEAD_PROFILE {"active_ratio": 0.0, "actual_logits_bytes": 151936, "allocated_before_bytes": 26453470208, "backend": "unfused", "calculate_entropy": true, "calculate_sum_pi_squared": false, "context_parallel_size": 2, "data_format": "thd", "dense_logits_bytes": 1547316224, "dense_rows": 10184, "distillation_only": false, "elapsed_s": 0.007005663006566465, "element_size": 2, "entropy_from_logits_chunk_size": 2048, "entropy_from_logits_with_chunking": false, "event_id": 47, "logits_dtype": "torch.bfloat16", "logits_saved_bytes": 1547164288, "peak_allocated_bytes": 26537049600, "peak_increment_bytes": 83579392, "pipeline_parallel_size": 2, "projected_rows": 1, "rank": 6, "response_only_enabled": true, "role": "actor", "selected_rows": 0, "tensor_parallel_size": 2, "vocab_shard": 75968}
[36m(WorkerDict pid=3627506)[0m WARNING:2026-09-10 22:51:52,224:VERL_RESPONSE_ONLY_LM_HEAD_PROFILE {"active_ratio": 0.40219952867242736, "actual_logits_bytes": 622329856, "allocated_before_bytes": 26453470208, "backend": "unfused", "calculate_entropy": true, "calculate_sum_pi_squared": false, "context_parallel_size": 2, "data_format": "thd", "dense_logits_bytes": 1547316224, "dense_rows": 10184, "distillation_only": false, "elapsed_s": 0.03095372300595045, "element_size": 2, "entropy_from_logits_chunk_size": 2048, "entropy_from_logits_with_chunking": false, "event_id": 47, "logits_dtype": "torch.bfloat16", "logits_saved_bytes": 924986368, "peak_allocated_bytes": 30179697152, "peak_increment_bytes": 3726226944, "pipeline_parallel_size": 2, "projected_rows": 4096, "rank": 5, "response_only_enabled": true, "role": "actor", "selected_rows": 4096, "tensor_parallel_size": 2, "vocab_shard": 75968}
[36m(WorkerDict pid=3627503)[0m /home/p00938733/verl-090/verl/plugin/platform/platform_cuda.py:99: FutureWarning: torch.cuda._set_allocator_settings is deprecated. Use torch._C._accelerator_setAllocatorSettings instead.
[36m(WorkerDict pid=3627503)[0m   torch.cuda.memory._set_allocator_settings(settings)
[36m(WorkerDict pid=3627504)[0m /home/p00938733/verl-090/verl/plugin/platform/platform_cuda.py:99: FutureWarning: torch.cuda._set_allocator_settings is deprecated. Use torch._C._accelerator_setAllocatorSettings instead.
[36m(WorkerDict pid=3627504)[0m   torch.cuda.memory._set_allocator_settings(settings)
[36m(WorkerDict pid=3627508)[0m /home/p00938733/verl-090/verl/plugin/platform/platform_cuda.py:99: FutureWarning: torch.cuda._set_allocator_settings is deprecated. Use torch._C._accelerator_setAllocatorSettings instead.
[36m(WorkerDict pid=3627508)[0m   torch.cuda.memory._set_allocator_settings(settings)
[36m(WorkerDict pid=3627507)[0m /home/p00938733/verl-090/verl/plugin/platform/platform_cuda.py:99: FutureWarning: torch.cuda._set_allocator_settings is deprecated. Use torch._C._accelerator_setAllocatorSettings instead.
[36m(WorkerDict pid=3627507)[0m   torch.cuda.memory._set_allocator_settings(settings)
[36m(vLLMHttpServer pid=3631065)[0m (EngineCore pid=3631838) WARNING 09-10 22:52:06 [scheduler.py:1948] reset_connector called but no KV connector is configured.
[36m(vLLMHttpServer pid=3631068)[0m (EngineCore pid=3631665) WARNING 09-10 22:52:06 [scheduler.py:1948] reset_connector called but no KV connector is configured.
[36m(WorkerDict pid=3627501)[0m Converting to HuggingFace ━━━━━━━━━━━━━━━━━━━━━━━━━━━━━━━━━━━━━━━━ 100% 0:00:00 (291/291) Qwen3Bridge
[36m(vLLMHttpServer pid=3631065)[0m (EngineCore pid=3631838) WARNING 09-10 22:52:07 [scheduler.py:1948] reset_connector called but no KV connector is configured.
[36m(vLLMHttpServer pid=3631068)[0m (EngineCore pid=3631665) WARNING 09-10 22:52:07 [scheduler.py:1948] reset_connector called but no KV connector is configured.
[36m(vLLMHttpServer pid=3631065)[0m (EngineCore pid=3631838) WARNING 09-10 22:52:09 [scheduler.py:1948] reset_connector called but no KV connector is configured.
[36m(TransferQueueController pid=3626657)[0m 2026-09-10 22:52:09,387 - INFO - transfer_queue.utils.perf_utils - TQ_CONTROLLER_16365c04: [Performance] Total success requests: 30, Total req/min: 5.66, Total avg process time: 0.0008s; 
[36m(TransferQueueController pid=3626657)[0m Time range: last 5.30 minutes; 
[36m(TransferQueueController pid=3626657)[0m Per-operation statistics: KV_RETRIEVE_META: req_count=13, req/min=2.45, avg_time=0.001543s, max_time=0.002156s, min_time=0.000356s; NOTIFY_DATA_UPDATE: req_count=6, req/min=1.13, avg_time=0.000373s, max_time=0.000540s, min_time=0.000269s; SET_CUSTOM_META: req_count=7, req/min=1.32, avg_time=0.000031s, max_time=0.000037s, min_time=0.000025s; KV_LIST: req_count=1, req/min=0.19, avg_time=0.000030s, max_time=0.000030s, min_time=0.000030s; CLEAR_META: req_count=1, req/min=0.19, avg_time=0.000190s, max_time=0.000190s, min_time=0.000190s; KV_RETRIEVE_KEYS: req_count=2, req/min=0.38, avg_time=0.000055s, max_time=0.000056s, min_time=0.000054s
[36m(SimpleStorageUnit pid=3626734)[0m 2026-09-10 22:52:09,419 - INFO - transfer_queue.utils.perf_utils - TQ_STORAGE_UNIT_61efd308: [Performance] Total success requests: 35, Total req/min: 6.68, Total avg process time: 0.0145s; 
[36m(SimpleStorageUnit pid=3626734)[0m Time range: last 5.24 minutes; 
[36m(SimpleStorageUnit pid=3626734)[0m Per-operation statistics: PUT_DATA: req_count=6, req/min=1.15, avg_time=0.013639s, max_time=0.015628s, min_time=0.010199s; CLEAR_DATA: req_count=1, req/min=0.19, avg_time=0.009219s, max_time=0.009219s, min_time=0.009219s; GET_DATA: req_count=28, req/min=5.35, avg_time=0.014847s, max_time=0.021226s, min_time=0.004892s
[36m(SimpleStorageUnit pid=3626733)[0m 2026-09-10 22:52:09,420 - INFO - transfer_queue.utils.perf_utils - TQ_STORAGE_UNIT_3c756cae: [Performance] Total success requests: 35, Total req/min: 6.68, Total avg process time: 0.0148s; 
[36m(SimpleStorageUnit pid=3626733)[0m Time range: last 5.24 minutes; 
[36m(SimpleStorageUnit pid=3626733)[0m Per-operation statistics: PUT_DATA: req_count=6, req/min=1.15, avg_time=0.015222s, max_time=0.015939s, min_time=0.014030s; CLEAR_DATA: req_count=1, req/min=0.19, avg_time=0.009239s, max_time=0.009239s, min_time=0.009239s; GET_DATA: req_count=28, req/min=5.35, avg_time=0.014920s, max_time=0.021199s, min_time=0.005553s
[36m(SimpleStorageUnit pid=3626732)[0m 2026-09-10 22:52:09,418 - INFO - transfer_queue.utils.perf_utils - TQ_STORAGE_UNIT_ec515a6d: [Performance] Total success requests: 35, Total req/min: 6.68, Total avg process time: 0.0135s; 
[36m(SimpleStorageUnit pid=3626732)[0m Time range: last 5.24 minutes; 
[36m(SimpleStorageUnit pid=3626732)[0m Per-operation statistics: PUT_DATA: req_count=6, req/min=1.14, avg_time=0.012148s, max_time=0.015127s, min_time=0.008771s; CLEAR_DATA: req_count=1, req/min=0.19, avg_time=0.006593s, max_time=0.006593s, min_time=0.006593s; GET_DATA: req_count=28, req/min=5.34, avg_time=0.014018s, max_time=0.020291s, min_time=0.008396s
[36m(SimpleStorageUnit pid=3626730)[0m 2026-09-10 22:52:09,417 - INFO - transfer_queue.utils.perf_utils - TQ_STORAGE_UNIT_54643d00: [Performance] Total success requests: 35, Total req/min: 6.68, Total avg process time: 0.0137s; 
[36m(SimpleStorageUnit pid=3626730)[0m Time range: last 5.24 minutes; 
[36m(SimpleStorageUnit pid=3626730)[0m Per-operation statistics: PUT_DATA: req_count=6, req/min=1.15, avg_time=0.013510s, max_time=0.014231s, min_time=0.012545s; CLEAR_DATA: req_count=1, req/min=0.19, avg_time=0.009400s, max_time=0.009400s, min_time=0.009400s; GET_DATA: req_count=28, req/min=5.35, avg_time=0.013852s, max_time=0.018320s, min_time=0.008521s
[36m(SimpleStorageUnit pid=3626731)[0m 2026-09-10 22:52:09,421 - INFO - transfer_queue.utils.perf_utils - TQ_STORAGE_UNIT_5db5e6f5: [Performance] Total success requests: 34, Total req/min: 6.49, Total avg process time: 0.0143s; 
[36m(SimpleStorageUnit pid=3626731)[0m Time range: last 5.24 minutes; 
[36m(SimpleStorageUnit pid=3626731)[0m Per-operation statistics: PUT_DATA: req_count=6, req/min=1.15, avg_time=0.014945s, max_time=0.016014s, min_time=0.013602s; GET_DATA: req_count=28, req/min=5.35, avg_time=0.014190s, max_time=0.019197s, min_time=0.008165s
[36m(SimpleStorageUnit pid=3626737)[0m 2026-09-10 22:52:09,423 - INFO - transfer_queue.utils.perf_utils - TQ_STORAGE_UNIT_2a45a70d: [Performance] Total success requests: 34, Total req/min: 6.49, Total avg process time: 0.0144s; 
[36m(SimpleStorageUnit pid=3626737)[0m Time range: last 5.24 minutes; 
[36m(SimpleStorageUnit pid=3626737)[0m Per-operation statistics: PUT_DATA: req_count=6, req/min=1.15, avg_time=0.013939s, max_time=0.014842s, min_time=0.012454s; GET_DATA: req_count=28, req/min=5.35, avg_time=0.014466s, max_time=0.017298s, min_time=0.009331s
[36m(SimpleStorageUnit pid=3626736)[0m 2026-09-10 22:52:09,422 - INFO - transfer_queue.utils.perf_utils - TQ_STORAGE_UNIT_74062873: [Performance] Total success requests: 34, Total req/min: 6.49, Total avg process time: 0.0144s; 
[36m(SimpleStorageUnit pid=3626736)[0m Time range: last 5.24 minutes; 
[36m(SimpleStorageUnit pid=3626736)[0m Per-operation statistics: PUT_DATA: req_count=6, req/min=1.15, avg_time=0.013585s, max_time=0.015381s, min_time=0.010624s; GET_DATA: req_count=28, req/min=5.35, avg_time=0.014596s, max_time=0.018730s, min_time=0.007315s
[36m(SimpleStorageUnit pid=3626735)[0m 2026-09-10 22:52:09,422 - INFO - transfer_queue.utils.perf_utils - TQ_STORAGE_UNIT_4d20a5de: [Performance] Total success requests: 34, Total req/min: 6.49, Total avg process time: 0.0143s; 
[36m(SimpleStorageUnit pid=3626735)[0m Time range: last 5.24 minutes; 
[36m(SimpleStorageUnit pid=3626735)[0m Per-operation statistics: PUT_DATA: req_count=6, req/min=1.15, avg_time=0.014618s, max_time=0.016100s, min_time=0.012467s; GET_DATA: req_count=28, req/min=5.35, avg_time=0.014192s, max_time=0.017388s, min_time=0.009870s
[36m(vLLMHttpServer pid=3631068)[0m (EngineCore pid=3631665) WARNING 09-10 22:52:09 [scheduler.py:1948] reset_connector called but no KV connector is configured.
[36m(TaskRunnerV1 pid=3626258)[0m step:1 - global_seqlen/min:323496.0 - global_seqlen/max:323496.0 - global_seqlen/minmax_diff:0.0 - global_seqlen/balanced_min:323496.0 - global_seqlen/balanced_max:323496.0 - global_seqlen/mean:323496.0 - actor/entropy:0.018587283790111542 - training/rollout_probs_diff_valid:1.0 - training/rollout_probs_diff_max:0.11700162291526794 - training/rollout_probs_diff_mean:0.0006913627730682492 - training/rollout_probs_diff_std:0.004610190633684397 - training/rollout_actor_probs_pearson_corr:0.9978748559951782 - rollout_corr/training_ppl:1.0159707069396973 - rollout_corr/training_log_ppl:0.015604711137712002 - rollout_corr/kl:0.000785352080129087 - rollout_corr/k3_kl:4.931041621603072e-05 - rollout_corr/rollout_ppl:1.01515531539917 - rollout_corr/rollout_log_ppl:0.01481935940682888 - rollout_corr/log_ppl_diff:0.0007853516144677997 - rollout_corr/log_ppl_abs_diff:0.0007853516144677997 - rollout_corr/log_ppl_diff_max:0.003645665943622589 - rollout_corr/log_ppl_diff_min:9.942008182406425e-05 - rollout_corr/ppl_ratio:1.0007860660552979 - rollout_corr/chi2_token:-0.0013731718063354492 - rollout_corr/chi2_seq:-0.9416893720626831 - actor/pg_clipfrac:0.0 - actor/ppo_kl:0.0 - actor/pg_clipfrac_lower:0.0 - actor/pg_loss:-1.5152618288993835e-06 - actor/entropy_loss:0.01858728501247242 - actor/kl_loss:0.0 - actor/kl_coef:0.001 - actor/loss:-2.010539174079895e-05 - actor/grad_norm:0.22764161974191666 - actor/perf/max_memory_allocated_gb:28.107179641723633 - actor/perf/max_memory_reserved_gb:28.875 - actor/perf/cpu_memory_used_gb:193.1992712020874 - actor/lr:0.0 - perf/mfu/actor:0.2750168029315827 - training/global_step:1 - training/epoch:0 - critic/score/mean:0.9816933274269104 - critic/score/max:0.9982255101203918 - critic/score/min:0.9599252343177795 - critic/rewards/mean:0.9816933274269104 - critic/rewards/max:0.9982255101203918 - critic/rewards/min:0.9599252343177795 - critic/advantages/mean:1.51805579662323e-06 - critic/advantages/max:1.474368691444397 - critic/advantages/min:-1.4772932529449463 - critic/returns/mean:1.51805579662323e-06 - critic/returns/max:1.474368691444397 - critic/returns/min:-1.4772932529449463 - response_length/mean:4096.0 - response_length/max:4096.0 - response_length/min:4096.0 - response_length/clip_ratio:1.0 - response_length_non_aborted/mean:4096.0 - response_length_non_aborted/max:4096.0 - response_length_non_aborted/min:4096.0 - response_length_non_aborted/clip_ratio:1.0 - response/aborted_ratio:0.0 - prompt_length/mean:16122.5 - prompt_length/max:16267.0 - prompt_length/min:15689.0 - prompt_length/clip_ratio:0.75 - timing_s/gen:1.4369028920773417 - timing_s/old_log_prob:45.81777689198498 - timing_s/ref:10.826012789038941 - timing_s/adv:0.10886986798141152 - timing_s/update_actor:59.130045812926255 - timing_s/update_weights:4.617516683996655 - timing_s/step:122.10531497502234 - timing_per_token_ms/gen:0.02192539813350436 - timing_per_token_ms/update_actor:0.18278447280005397 - timing_per_token_ms/adv:0.00033654162024078044 - timing_per_token_ms/ref:0.033465677439717775 - perf/total_num_tokens:323496 - perf/time_per_step:122.10531497502234 - perf/throughput:331.16494567228074 - training/num_turns/mean:np.float64(2.0) - training/num_turns/max:np.int64(2) - training/num_turns/min:np.int64(2) - training/off_policy/trajectory_spans/mean:np.float64(1.0) - training/off_policy/trajectory_spans/max:np.int64(1) - training/off_policy/trajectory_spans/min:np.int64(1) - training/off_policy/trajectory_staleness/mean:np.float64(-1.0) - training/off_policy/trajectory_staleness/max:np.int64(-1) - training/off_policy/trajectory_staleness/min:np.int64(-1) - training/off_policy/trajectory_staleness_worst/mean:np.float64(-1.0) - training/off_policy/trajectory_staleness_worst/max:np.int64(-1) - training/off_policy/trajectory_staleness_worst/min:np.int64(-1)
[36m(TaskRunnerV1 pid=3626258)[0m Training Progress:  25%|██▌       | 1/4 [02:02<06:06, 122.20s/it]
[36m(TaskRunnerV1 pid=3626258)[0m [RolloutTqSkip()] [33mInjected 16 cached trajectories from step 2 (4 prompts x 4) into TQ partition 'train' at current step 2[0m
[36m(WorkerDict pid=3627508)[0m WARNING:2026-09-10 22:52:13,202:VERL_RESPONSE_ONLY_LM_HEAD_PROFILE {"active_ratio": 0.0, "actual_logits_bytes": 151936, "allocated_before_bytes": 4281521152, "backend": "unfused", "calculate_entropy": true, "calculate_sum_pi_squared": false, "context_parallel_size": 2, "data_format": "thd", "dense_logits_bytes": 1503558656, "dense_rows": 9896, "distillation_only": false, "elapsed_s": 0.00707896298263222, "element_size": 2, "entropy_from_logits_chunk_size": 2048, "entropy_from_logits_with_chunking": false, "event_id": 48, "logits_dtype": "torch.bfloat16", "logits_saved_bytes": 1503406720, "peak_allocated_bytes": 4362741248, "peak_increment_bytes": 81220096, "pipeline_parallel_size": 2, "projected_rows": 1, "rank": 7, "response_only_enabled": true, "role": "actor", "selected_rows": 0, "tensor_parallel_size": 2, "vocab_shard": 75968}
[36m(WorkerDict pid=3627507)[0m WARNING:2026-09-10 22:52:13,202:VERL_RESPONSE_ONLY_LM_HEAD_PROFILE {"active_ratio": 0.0, "actual_logits_bytes": 151936, "allocated_before_bytes": 4281521152, "backend": "unfused", "calculate_entropy": true, "calculate_sum_pi_squared": false, "context_parallel_size": 2, "data_format": "thd", "dense_logits_bytes": 1503558656, "dense_rows": 9896, "distillation_only": false, "elapsed_s": 0.00709872308652848, "element_size": 2, "entropy_from_logits_chunk_size": 2048, "entropy_from_logits_with_chunking": false, "event_id": 48, "logits_dtype": "torch.bfloat16", "logits_saved_bytes": 1503406720, "peak_allocated_bytes": 4362741248, "peak_increment_bytes": 81220096, "pipeline_parallel_size": 2, "projected_rows": 1, "rank": 6, "response_only_enabled": true, "role": "actor", "selected_rows": 0, "tensor_parallel_size": 2, "vocab_shard": 75968}
[36m(WorkerDict pid=3627506)[0m WARNING:2026-09-10 22:52:13,265:VERL_RESPONSE_ONLY_LM_HEAD_PROFILE {"active_ratio": 0.41390460792239286, "actual_logits_bytes": 622329856, "allocated_before_bytes": 4281521152, "backend": "unfused", "calculate_entropy": true, "calculate_sum_pi_squared": false, "context_parallel_size": 2, "data_format": "thd", "dense_logits_bytes": 1503558656, "dense_rows": 9896, "distillation_only": false, "elapsed_s": 0.07063935196492821, "element_size": 2, "entropy_from_logits_chunk_size": 2048, "entropy_from_logits_with_chunking": false, "event_id": 48, "logits_dtype": "torch.bfloat16", "logits_saved_bytes": 881228800, "peak_allocated_bytes": 7975216640, "peak_increment_bytes": 3693695488, "pipeline_parallel_size": 2, "projected_rows": 4096, "rank": 5, "response_only_enabled": true, "role": "actor", "selected_rows": 4096, "tensor_parallel_size": 2, "vocab_shard": 75968}
[36m(WorkerDict pid=3627508)[0m WARNING:2026-09-10 22:52:13,566:VERL_RESPONSE_ONLY_LM_HEAD_PROFILE {"active_ratio": 0.0, "actual_logits_bytes": 151936, "allocated_before_bytes": 4281681408, "backend": "unfused", "calculate_entropy": true, "calculate_sum_pi_squared": false, "context_parallel_size": 2, "data_format": "thd", "dense_logits_bytes": 1503558656, "dense_rows": 9896, "distillation_only": false, "elapsed_s": 0.007303923019208014, "element_size": 2, "entropy_from_logits_chunk_size": 2048, "entropy_from_logits_with_chunking": false, "event_id": 49, "logits_dtype": "torch.bfloat16", "logits_saved_bytes": 1503406720, "peak_allocated_bytes": 4362901504, "peak_increment_bytes": 81220096, "pipeline_parallel_size": 2, "projected_rows": 1, "rank": 7, "response_only_enabled": true, "role": "actor", "selected_rows": 0, "tensor_parallel_size": 2, "vocab_shard": 75968}
[36m(WorkerDict pid=3627507)[0m WARNING:2026-09-10 22:52:13,566:VERL_RESPONSE_ONLY_LM_HEAD_PROFILE {"active_ratio": 0.0, "actual_logits_bytes": 151936, "allocated_before_bytes": 4281681408, "backend": "unfused", "calculate_entropy": true, "calculate_sum_pi_squared": false, "context_parallel_size": 2, "data_format": "thd", "dense_logits_bytes": 1503558656, "dense_rows": 9896, "distillation_only": false, "elapsed_s": 0.007123682997189462, "element_size": 2, "entropy_from_logits_chunk_size": 2048, "entropy_from_logits_with_chunking": false, "event_id": 49, "logits_dtype": "torch.bfloat16", "logits_saved_bytes": 1503406720, "peak_allocated_bytes": 4362901504, "peak_increment_bytes": 81220096, "pipeline_parallel_size": 2, "projected_rows": 1, "rank": 6, "response_only_enabled": true, "role": "actor", "selected_rows": 0, "tensor_parallel_size": 2, "vocab_shard": 75968}
[36m(WorkerDict pid=3627506)[0m WARNING:2026-09-10 22:52:13,590:VERL_RESPONSE_ONLY_LM_HEAD_PROFILE {"active_ratio": 0.41390460792239286, "actual_logits_bytes": 622329856, "allocated_before_bytes": 4281681408, "backend": "unfused", "calculate_entropy": true, "calculate_sum_pi_squared": false, "context_parallel_size": 2, "data_format": "thd", "dense_logits_bytes": 1503558656, "dense_rows": 9896, "distillation_only": false, "elapsed_s": 0.030885014100931585, "element_size": 2, "entropy_from_logits_chunk_size": 2048, "entropy_from_logits_with_chunking": false, "event_id": 49, "logits_dtype": "torch.bfloat16", "logits_saved_bytes": 881228800, "peak_allocated_bytes": 7975376896, "peak_increment_bytes": 3693695488, "pipeline_parallel_size": 2, "projected_rows": 4096, "rank": 5, "response_only_enabled": true, "role": "actor", "selected_rows": 4096, "tensor_parallel_size": 2, "vocab_shard": 75968}
[36m(WorkerDict pid=3627508)[0m WARNING:2026-09-10 22:52:13,888:VERL_RESPONSE_ONLY_LM_HEAD_PROFILE {"active_ratio": 0.0, "actual_logits_bytes": 151936, "allocated_before_bytes": 4281841152, "backend": "unfused", "calculate_entropy": true, "calculate_sum_pi_squared": false, "context_parallel_size": 2, "data_format": "thd", "dense_logits_bytes": 1503558656, "dense_rows": 9896, "distillation_only": false, "elapsed_s": 0.0066893030889332294, "element_size": 2, "entropy_from_logits_chunk_size": 2048, "entropy_from_logits_with_chunking": false, "event_id": 50, "logits_dtype": "torch.bfloat16", "logits_saved_bytes": 1503406720, "peak_allocated_bytes": 4363061248, "peak_increment_bytes": 81220096, "pipeline_parallel_size": 2, "projected_rows": 1, "rank": 7, "response_only_enabled": true, "role": "actor", "selected_rows": 0, "tensor_parallel_size": 2, "vocab_shard": 75968}
[36m(WorkerDict pid=3627507)[0m WARNING:2026-09-10 22:52:13,888:VERL_RESPONSE_ONLY_LM_HEAD_PROFILE {"active_ratio": 0.0, "actual_logits_bytes": 151936, "allocated_before_bytes": 4281841152, "backend": "unfused", "calculate_entropy": true, "calculate_sum_pi_squared": false, "context_parallel_size": 2, "data_format": "thd", "dense_logits_bytes": 1503558656, "dense_rows": 9896, "distillation_only": false, "elapsed_s": 0.006803162978030741, "element_size": 2, "entropy_from_logits_chunk_size": 2048, "entropy_from_logits_with_chunking": false, "event_id": 50, "logits_dtype": "torch.bfloat16", "logits_saved_bytes": 1503406720, "peak_allocated_bytes": 4363061248, "peak_increment_bytes": 81220096, "pipeline_parallel_size": 2, "projected_rows": 1, "rank": 6, "response_only_enabled": true, "role": "actor", "selected_rows": 0, "tensor_parallel_size": 2, "vocab_shard": 75968}
[36m(WorkerDict pid=3627506)[0m WARNING:2026-09-10 22:52:13,912:VERL_RESPONSE_ONLY_LM_HEAD_PROFILE {"active_ratio": 0.41390460792239286, "actual_logits_bytes": 622329856, "allocated_before_bytes": 4281841152, "backend": "unfused", "calculate_entropy": true, "calculate_sum_pi_squared": false, "context_parallel_size": 2, "data_format": "thd", "dense_logits_bytes": 1503558656, "dense_rows": 9896, "distillation_only": false, "elapsed_s": 0.030792943900451064, "element_size": 2, "entropy_from_logits_chunk_size": 2048, "entropy_from_logits_with_chunking": false, "event_id": 50, "logits_dtype": "torch.bfloat16", "logits_saved_bytes": 881228800, "peak_allocated_bytes": 7975536640, "peak_increment_bytes": 3693695488, "pipeline_parallel_size": 2, "projected_rows": 4096, "rank": 5, "response_only_enabled": true, "role": "actor", "selected_rows": 4096, "tensor_parallel_size": 2, "vocab_shard": 75968}
[36m(WorkerDict pid=3627508)[0m WARNING:2026-09-10 22:52:14,209:VERL_RESPONSE_ONLY_LM_HEAD_PROFILE {"active_ratio": 0.0, "actual_logits_bytes": 151936, "allocated_before_bytes": 4282000896, "backend": "unfused", "calculate_entropy": true, "calculate_sum_pi_squared": false, "context_parallel_size": 2, "data_format": "thd", "dense_logits_bytes": 1503558656, "dense_rows": 9896, "distillation_only": false, "elapsed_s": 0.006750922999344766, "element_size": 2, "entropy_from_logits_chunk_size": 2048, "entropy_from_logits_with_chunking": false, "event_id": 51, "logits_dtype": "torch.bfloat16", "logits_saved_bytes": 1503406720, "peak_allocated_bytes": 4363220992, "peak_increment_bytes": 81220096, "pipeline_parallel_size": 2, "projected_rows": 1, "rank": 7, "response_only_enabled": true, "role": "actor", "selected_rows": 0, "tensor_parallel_size": 2, "vocab_shard": 75968}
[36m(WorkerDict pid=3627507)[0m WARNING:2026-09-10 22:52:14,209:VERL_RESPONSE_ONLY_LM_HEAD_PROFILE {"active_ratio": 0.0, "actual_logits_bytes": 151936, "allocated_before_bytes": 4282000896, "backend": "unfused", "calculate_entropy": true, "calculate_sum_pi_squared": false, "context_parallel_size": 2, "data_format": "thd", "dense_logits_bytes": 1503558656, "dense_rows": 9896, "distillation_only": false, "elapsed_s": 0.00675355305429548, "element_size": 2, "entropy_from_logits_chunk_size": 2048, "entropy_from_logits_with_chunking": false, "event_id": 51, "logits_dtype": "torch.bfloat16", "logits_saved_bytes": 1503406720, "peak_allocated_bytes": 4363220992, "peak_increment_bytes": 81220096, "pipeline_parallel_size": 2, "projected_rows": 1, "rank": 6, "response_only_enabled": true, "role": "actor", "selected_rows": 0, "tensor_parallel_size": 2, "vocab_shard": 75968}
[36m(WorkerDict pid=3627506)[0m WARNING:2026-09-10 22:52:14,233:VERL_RESPONSE_ONLY_LM_HEAD_PROFILE {"active_ratio": 0.41390460792239286, "actual_logits_bytes": 622329856, "allocated_before_bytes": 4282000896, "backend": "unfused", "calculate_entropy": true, "calculate_sum_pi_squared": false, "context_parallel_size": 2, "data_format": "thd", "dense_logits_bytes": 1503558656, "dense_rows": 9896, "distillation_only": false, "elapsed_s": 0.03075384395197034, "element_size": 2, "entropy_from_logits_chunk_size": 2048, "entropy_from_logits_with_chunking": false, "event_id": 51, "logits_dtype": "torch.bfloat16", "logits_saved_bytes": 881228800, "peak_allocated_bytes": 7975696384, "peak_increment_bytes": 3693695488, "pipeline_parallel_size": 2, "projected_rows": 4096, "rank": 5, "response_only_enabled": true, "role": "actor", "selected_rows": 4096, "tensor_parallel_size": 2, "vocab_shard": 75968}
[36m(WorkerDict pid=3627508)[0m WARNING:2026-09-10 22:52:14,532:VERL_RESPONSE_ONLY_LM_HEAD_PROFILE {"active_ratio": 0.0, "actual_logits_bytes": 151936, "allocated_before_bytes": 4282160640, "backend": "unfused", "calculate_entropy": true, "calculate_sum_pi_squared": false, "context_parallel_size": 2, "data_format": "thd", "dense_logits_bytes": 1503558656, "dense_rows": 9896, "distillation_only": false, "elapsed_s": 0.006981992977671325, "element_size": 2, "entropy_from_logits_chunk_size": 2048, "entropy_from_logits_with_chunking": false, "event_id": 52, "logits_dtype": "torch.bfloat16", "logits_saved_bytes": 1503406720, "peak_allocated_bytes": 4363380736, "peak_increment_bytes": 81220096, "pipeline_parallel_size": 2, "projected_rows": 1, "rank": 7, "response_only_enabled": true, "role": "actor", "selected_rows": 0, "tensor_parallel_size": 2, "vocab_shard": 75968}
[36m(WorkerDict pid=3627507)[0m WARNING:2026-09-10 22:52:14,532:VERL_RESPONSE_ONLY_LM_HEAD_PROFILE {"active_ratio": 0.0, "actual_logits_bytes": 151936, "allocated_before_bytes": 4282160640, "backend": "unfused", "calculate_entropy": true, "calculate_sum_pi_squared": false, "context_parallel_size": 2, "data_format": "thd", "dense_logits_bytes": 1503558656, "dense_rows": 9896, "distillation_only": false, "elapsed_s": 0.007015962968580425, "element_size": 2, "entropy_from_logits_chunk_size": 2048, "entropy_from_logits_with_chunking": false, "event_id": 52, "logits_dtype": "torch.bfloat16", "logits_saved_bytes": 1503406720, "peak_allocated_bytes": 4363380736, "peak_increment_bytes": 81220096, "pipeline_parallel_size": 2, "projected_rows": 1, "rank": 6, "response_only_enabled": true, "role": "actor", "selected_rows": 0, "tensor_parallel_size": 2, "vocab_shard": 75968}
[36m(WorkerDict pid=3627506)[0m WARNING:2026-09-10 22:52:14,556:VERL_RESPONSE_ONLY_LM_HEAD_PROFILE {"active_ratio": 0.41390460792239286, "actual_logits_bytes": 622329856, "allocated_before_bytes": 4282160640, "backend": "unfused", "calculate_entropy": true, "calculate_sum_pi_squared": false, "context_parallel_size": 2, "data_format": "thd", "dense_logits_bytes": 1503558656, "dense_rows": 9896, "distillation_only": false, "elapsed_s": 0.03096505394205451, "element_size": 2, "entropy_from_logits_chunk_size": 2048, "entropy_from_logits_with_chunking": false, "event_id": 52, "logits_dtype": "torch.bfloat16", "logits_saved_bytes": 881228800, "peak_allocated_bytes": 7975856128, "peak_increment_bytes": 3693695488, "pipeline_parallel_size": 2, "projected_rows": 4096, "rank": 5, "response_only_enabled": true, "role": "actor", "selected_rows": 4096, "tensor_parallel_size": 2, "vocab_shard": 75968}
[36m(WorkerDict pid=3627508)[0m WARNING:2026-09-10 22:52:14,853:VERL_RESPONSE_ONLY_LM_HEAD_PROFILE {"active_ratio": 0.0, "actual_logits_bytes": 151936, "allocated_before_bytes": 4282320384, "backend": "unfused", "calculate_entropy": true, "calculate_sum_pi_squared": false, "context_parallel_size": 2, "data_format": "thd", "dense_logits_bytes": 1503558656, "dense_rows": 9896, "distillation_only": false, "elapsed_s": 0.006688982946798205, "element_size": 2, "entropy_from_logits_chunk_size": 2048, "entropy_from_logits_with_chunking": false, "event_id": 53, "logits_dtype": "torch.bfloat16", "logits_saved_bytes": 1503406720, "peak_allocated_bytes": 4363540480, "peak_increment_bytes": 81220096, "pipeline_parallel_size": 2, "projected_rows": 1, "rank": 7, "response_only_enabled": true, "role": "actor", "selected_rows": 0, "tensor_parallel_size": 2, "vocab_shard": 75968}
[36m(WorkerDict pid=3627507)[0m WARNING:2026-09-10 22:52:14,853:VERL_RESPONSE_ONLY_LM_HEAD_PROFILE {"active_ratio": 0.0, "actual_logits_bytes": 151936, "allocated_before_bytes": 4282320384, "backend": "unfused", "calculate_entropy": true, "calculate_sum_pi_squared": false, "context_parallel_size": 2, "data_format": "thd", "dense_logits_bytes": 1503558656, "dense_rows": 9896, "distillation_only": false, "elapsed_s": 0.006834332947619259, "element_size": 2, "entropy_from_logits_chunk_size": 2048, "entropy_from_logits_with_chunking": false, "event_id": 53, "logits_dtype": "torch.bfloat16", "logits_saved_bytes": 1503406720, "peak_allocated_bytes": 4363540480, "peak_increment_bytes": 81220096, "pipeline_parallel_size": 2, "projected_rows": 1, "rank": 6, "response_only_enabled": true, "role": "actor", "selected_rows": 0, "tensor_parallel_size": 2, "vocab_shard": 75968}
[36m(WorkerDict pid=3627506)[0m WARNING:2026-09-10 22:52:14,878:VERL_RESPONSE_ONLY_LM_HEAD_PROFILE {"active_ratio": 0.41390460792239286, "actual_logits_bytes": 622329856, "allocated_before_bytes": 4282320384, "backend": "unfused", "calculate_entropy": true, "calculate_sum_pi_squared": false, "context_parallel_size": 2, "data_format": "thd", "dense_logits_bytes": 1503558656, "dense_rows": 9896, "distillation_only": false, "elapsed_s": 0.030863323947414756, "element_size": 2, "entropy_from_logits_chunk_size": 2048, "entropy_from_logits_with_chunking": false, "event_id": 53, "logits_dtype": "torch.bfloat16", "logits_saved_bytes": 881228800, "peak_allocated_bytes": 7976015872, "peak_increment_bytes": 3693695488, "pipeline_parallel_size": 2, "projected_rows": 4096, "rank": 5, "response_only_enabled": true, "role": "actor", "selected_rows": 4096, "tensor_parallel_size": 2, "vocab_shard": 75968}
[36m(WorkerDict pid=3627508)[0m WARNING:2026-09-10 22:52:15,176:VERL_RESPONSE_ONLY_LM_HEAD_PROFILE {"active_ratio": 0.0, "actual_logits_bytes": 151936, "allocated_before_bytes": 4282480128, "backend": "unfused", "calculate_entropy": true, "calculate_sum_pi_squared": false, "context_parallel_size": 2, "data_format": "thd", "dense_logits_bytes": 1503558656, "dense_rows": 9896, "distillation_only": false, "elapsed_s": 0.006656183046288788, "element_size": 2, "entropy_from_logits_chunk_size": 2048, "entropy_from_logits_with_chunking": false, "event_id": 54, "logits_dtype": "torch.bfloat16", "logits_saved_bytes": 1503406720, "peak_allocated_bytes": 4363700224, "peak_increment_bytes": 81220096, "pipeline_parallel_size": 2, "projected_rows": 1, "rank": 7, "response_only_enabled": true, "role": "actor", "selected_rows": 0, "tensor_parallel_size": 2, "vocab_shard": 75968}
[36m(WorkerDict pid=3627507)[0m WARNING:2026-09-10 22:52:15,176:VERL_RESPONSE_ONLY_LM_HEAD_PROFILE {"active_ratio": 0.0, "actual_logits_bytes": 151936, "allocated_before_bytes": 4282480128, "backend": "unfused", "calculate_entropy": true, "calculate_sum_pi_squared": false, "context_parallel_size": 2, "data_format": "thd", "dense_logits_bytes": 1503558656, "dense_rows": 9896, "distillation_only": false, "elapsed_s": 0.006720862933434546, "element_size": 2, "entropy_from_logits_chunk_size": 2048, "entropy_from_logits_with_chunking": false, "event_id": 54, "logits_dtype": "torch.bfloat16", "logits_saved_bytes": 1503406720, "peak_allocated_bytes": 4363700224, "peak_increment_bytes": 81220096, "pipeline_parallel_size": 2, "projected_rows": 1, "rank": 6, "response_only_enabled": true, "role": "actor", "selected_rows": 0, "tensor_parallel_size": 2, "vocab_shard": 75968}
[36m(WorkerDict pid=3627506)[0m WARNING:2026-09-10 22:52:15,200:VERL_RESPONSE_ONLY_LM_HEAD_PROFILE {"active_ratio": 0.41390460792239286, "actual_logits_bytes": 622329856, "allocated_before_bytes": 4282480128, "backend": "unfused", "calculate_entropy": true, "calculate_sum_pi_squared": false, "context_parallel_size": 2, "data_format": "thd", "dense_logits_bytes": 1503558656, "dense_rows": 9896, "distillation_only": false, "elapsed_s": 0.030978203983977437, "element_size": 2, "entropy_from_logits_chunk_size": 2048, "entropy_from_logits_with_chunking": false, "event_id": 54, "logits_dtype": "torch.bfloat16", "logits_saved_bytes": 881228800, "peak_allocated_bytes": 7976175616, "peak_increment_bytes": 3693695488, "pipeline_parallel_size": 2, "projected_rows": 4096, "rank": 5, "response_only_enabled": true, "role": "actor", "selected_rows": 4096, "tensor_parallel_size": 2, "vocab_shard": 75968}
[36m(WorkerDict pid=3627508)[0m WARNING:2026-09-10 22:52:15,499:VERL_RESPONSE_ONLY_LM_HEAD_PROFILE {"active_ratio": 0.0, "actual_logits_bytes": 151936, "allocated_before_bytes": 4282639872, "backend": "unfused", "calculate_entropy": true, "calculate_sum_pi_squared": false, "context_parallel_size": 2, "data_format": "thd", "dense_logits_bytes": 1503558656, "dense_rows": 9896, "distillation_only": false, "elapsed_s": 0.00675697298720479, "element_size": 2, "entropy_from_logits_chunk_size": 2048, "entropy_from_logits_with_chunking": false, "event_id": 55, "logits_dtype": "torch.bfloat16", "logits_saved_bytes": 1503406720, "peak_allocated_bytes": 4363859968, "peak_increment_bytes": 81220096, "pipeline_parallel_size": 2, "projected_rows": 1, "rank": 7, "response_only_enabled": true, "role": "actor", "selected_rows": 0, "tensor_parallel_size": 2, "vocab_shard": 75968}
[36m(WorkerDict pid=3627507)[0m WARNING:2026-09-10 22:52:15,499:VERL_RESPONSE_ONLY_LM_HEAD_PROFILE {"active_ratio": 0.0, "actual_logits_bytes": 151936, "allocated_before_bytes": 4282639872, "backend": "unfused", "calculate_entropy": true, "calculate_sum_pi_squared": false, "context_parallel_size": 2, "data_format": "thd", "dense_logits_bytes": 1503558656, "dense_rows": 9896, "distillation_only": false, "elapsed_s": 0.006752363056875765, "element_size": 2, "entropy_from_logits_chunk_size": 2048, "entropy_from_logits_with_chunking": false, "event_id": 55, "logits_dtype": "torch.bfloat16", "logits_saved_bytes": 1503406720, "peak_allocated_bytes": 4363859968, "peak_increment_bytes": 81220096, "pipeline_parallel_size": 2, "projected_rows": 1, "rank": 6, "response_only_enabled": true, "role": "actor", "selected_rows": 0, "tensor_parallel_size": 2, "vocab_shard": 75968}
[36m(WorkerDict pid=3627506)[0m WARNING:2026-09-10 22:52:15,524:VERL_RESPONSE_ONLY_LM_HEAD_PROFILE {"active_ratio": 0.41390460792239286, "actual_logits_bytes": 622329856, "allocated_before_bytes": 4282639872, "backend": "unfused", "calculate_entropy": true, "calculate_sum_pi_squared": false, "context_parallel_size": 2, "data_format": "thd", "dense_logits_bytes": 1503558656, "dense_rows": 9896, "distillation_only": false, "elapsed_s": 0.031076472951099277, "element_size": 2, "entropy_from_logits_chunk_size": 2048, "entropy_from_logits_with_chunking": false, "event_id": 55, "logits_dtype": "torch.bfloat16", "logits_saved_bytes": 881228800, "peak_allocated_bytes": 7976335360, "peak_increment_bytes": 3693695488, "pipeline_parallel_size": 2, "projected_rows": 4096, "rank": 5, "response_only_enabled": true, "role": "actor", "selected_rows": 4096, "tensor_parallel_size": 2, "vocab_shard": 75968}
[36m(WorkerDict pid=3627508)[0m WARNING:2026-09-10 22:52:15,823:VERL_RESPONSE_ONLY_LM_HEAD_PROFILE {"active_ratio": 0.0, "actual_logits_bytes": 151936, "allocated_before_bytes": 4292857344, "backend": "unfused", "calculate_entropy": true, "calculate_sum_pi_squared": false, "context_parallel_size": 2, "data_format": "thd", "dense_logits_bytes": 1502343168, "dense_rows": 9888, "distillation_only": false, "elapsed_s": 0.006745293037965894, "element_size": 2, "entropy_from_logits_chunk_size": 2048, "entropy_from_logits_with_chunking": false, "event_id": 56, "logits_dtype": "torch.bfloat16", "logits_saved_bytes": 1502191232, "peak_allocated_bytes": 4374011904, "peak_increment_bytes": 81154560, "pipeline_parallel_size": 2, "projected_rows": 1, "rank": 7, "response_only_enabled": true, "role": "actor", "selected_rows": 0, "tensor_parallel_size": 2, "vocab_shard": 75968}
[36m(WorkerDict pid=3627507)[0m WARNING:2026-09-10 22:52:15,823:VERL_RESPONSE_ONLY_LM_HEAD_PROFILE {"active_ratio": 0.0, "actual_logits_bytes": 151936, "allocated_before_bytes": 4292857344, "backend": "unfused", "calculate_entropy": true, "calculate_sum_pi_squared": false, "context_parallel_size": 2, "data_format": "thd", "dense_logits_bytes": 1502343168, "dense_rows": 9888, "distillation_only": false, "elapsed_s": 0.0068224730202928185, "element_size": 2, "entropy_from_logits_chunk_size": 2048, "entropy_from_logits_with_chunking": false, "event_id": 56, "logits_dtype": "torch.bfloat16", "logits_saved_bytes": 1502191232, "peak_allocated_bytes": 4374011904, "peak_increment_bytes": 81154560, "pipeline_parallel_size": 2, "projected_rows": 1, "rank": 6, "response_only_enabled": true, "role": "actor", "selected_rows": 0, "tensor_parallel_size": 2, "vocab_shard": 75968}
[36m(WorkerDict pid=3627506)[0m WARNING:2026-09-10 22:52:15,848:VERL_RESPONSE_ONLY_LM_HEAD_PROFILE {"active_ratio": 0.41423948220064727, "actual_logits_bytes": 622329856, "allocated_before_bytes": 4292857344, "backend": "unfused", "calculate_entropy": true, "calculate_sum_pi_squared": false, "context_parallel_size": 2, "data_format": "thd", "dense_logits_bytes": 1502343168, "dense_rows": 9888, "distillation_only": false, "elapsed_s": 0.030977463931776583, "element_size": 2, "entropy_from_logits_chunk_size": 2048, "entropy_from_logits_with_chunking": false, "event_id": 56, "logits_dtype": "torch.bfloat16", "logits_saved_bytes": 880013312, "peak_allocated_bytes": 7986585600, "peak_increment_bytes": 3693728256, "pipeline_parallel_size": 2, "projected_rows": 4096, "rank": 5, "response_only_enabled": true, "role": "actor", "selected_rows": 4096, "tensor_parallel_size": 2, "vocab_shard": 75968}
[36m(WorkerDict pid=3627508)[0m WARNING:2026-09-10 22:52:16,148:VERL_RESPONSE_ONLY_LM_HEAD_PROFILE {"active_ratio": 0.0, "actual_logits_bytes": 151936, "allocated_before_bytes": 4293017088, "backend": "unfused", "calculate_entropy": true, "calculate_sum_pi_squared": false, "context_parallel_size": 2, "data_format": "thd", "dense_logits_bytes": 1502343168, "dense_rows": 9888, "distillation_only": false, "elapsed_s": 0.006823972915299237, "element_size": 2, "entropy_from_logits_chunk_size": 2048, "entropy_from_logits_with_chunking": false, "event_id": 57, "logits_dtype": "torch.bfloat16", "logits_saved_bytes": 1502191232, "peak_allocated_bytes": 4374171648, "peak_increment_bytes": 81154560, "pipeline_parallel_size": 2, "projected_rows": 1, "rank": 7, "response_only_enabled": true, "role": "actor", "selected_rows": 0, "tensor_parallel_size": 2, "vocab_shard": 75968}
[36m(WorkerDict pid=3627507)[0m WARNING:2026-09-10 22:52:16,148:VERL_RESPONSE_ONLY_LM_HEAD_PROFILE {"active_ratio": 0.0, "actual_logits_bytes": 151936, "allocated_before_bytes": 4293017088, "backend": "unfused", "calculate_entropy": true, "calculate_sum_pi_squared": false, "context_parallel_size": 2, "data_format": "thd", "dense_logits_bytes": 1502343168, "dense_rows": 9888, "distillation_only": false, "elapsed_s": 0.006913972902111709, "element_size": 2, "entropy_from_logits_chunk_size": 2048, "entropy_from_logits_with_chunking": false, "event_id": 57, "logits_dtype": "torch.bfloat16", "logits_saved_bytes": 1502191232, "peak_allocated_bytes": 4374171648, "peak_increment_bytes": 81154560, "pipeline_parallel_size": 2, "projected_rows": 1, "rank": 6, "response_only_enabled": true, "role": "actor", "selected_rows": 0, "tensor_parallel_size": 2, "vocab_shard": 75968}
[36m(WorkerDict pid=3627506)[0m WARNING:2026-09-10 22:52:16,172:VERL_RESPONSE_ONLY_LM_HEAD_PROFILE {"active_ratio": 0.41423948220064727, "actual_logits_bytes": 622329856, "allocated_before_bytes": 4293017088, "backend": "unfused", "calculate_entropy": true, "calculate_sum_pi_squared": false, "context_parallel_size": 2, "data_format": "thd", "dense_logits_bytes": 1502343168, "dense_rows": 9888, "distillation_only": false, "elapsed_s": 0.03091423399746418, "element_size": 2, "entropy_from_logits_chunk_size": 2048, "entropy_from_logits_with_chunking": false, "event_id": 57, "logits_dtype": "torch.bfloat16", "logits_saved_bytes": 880013312, "peak_allocated_bytes": 7986745344, "peak_increment_bytes": 3693728256, "pipeline_parallel_size": 2, "projected_rows": 4096, "rank": 5, "response_only_enabled": true, "role": "actor", "selected_rows": 4096, "tensor_parallel_size": 2, "vocab_shard": 75968}
[36m(WorkerDict pid=3627508)[0m WARNING:2026-09-10 22:52:16,471:VERL_RESPONSE_ONLY_LM_HEAD_PROFILE {"active_ratio": 0.0, "actual_logits_bytes": 151936, "allocated_before_bytes": 4293176832, "backend": "unfused", "calculate_entropy": true, "calculate_sum_pi_squared": false, "context_parallel_size": 2, "data_format": "thd", "dense_logits_bytes": 1502343168, "dense_rows": 9888, "distillation_only": false, "elapsed_s": 0.006863313028588891, "element_size": 2, "entropy_from_logits_chunk_size": 2048, "entropy_from_logits_with_chunking": false, "event_id": 58, "logits_dtype": "torch.bfloat16", "logits_saved_bytes": 1502191232, "peak_allocated_bytes": 4374331392, "peak_increment_bytes": 81154560, "pipeline_parallel_size": 2, "projected_rows": 1, "rank": 7, "response_only_enabled": true, "role": "actor", "selected_rows": 0, "tensor_parallel_size": 2, "vocab_shard": 75968}
[36m(WorkerDict pid=3627507)[0m WARNING:2026-09-10 22:52:16,471:VERL_RESPONSE_ONLY_LM_HEAD_PROFILE {"active_ratio": 0.0, "actual_logits_bytes": 151936, "allocated_before_bytes": 4293176832, "backend": "unfused", "calculate_entropy": true, "calculate_sum_pi_squared": false, "context_parallel_size": 2, "data_format": "thd", "dense_logits_bytes": 1502343168, "dense_rows": 9888, "distillation_only": false, "elapsed_s": 0.006860113004222512, "element_size": 2, "entropy_from_logits_chunk_size": 2048, "entropy_from_logits_with_chunking": false, "event_id": 58, "logits_dtype": "torch.bfloat16", "logits_saved_bytes": 1502191232, "peak_allocated_bytes": 4374331392, "peak_increment_bytes": 81154560, "pipeline_parallel_size": 2, "projected_rows": 1, "rank": 6, "response_only_enabled": true, "role": "actor", "selected_rows": 0, "tensor_parallel_size": 2, "vocab_shard": 75968}
[36m(WorkerDict pid=3627506)[0m WARNING:2026-09-10 22:52:16,496:VERL_RESPONSE_ONLY_LM_HEAD_PROFILE {"active_ratio": 0.41423948220064727, "actual_logits_bytes": 622329856, "allocated_before_bytes": 4293176832, "backend": "unfused", "calculate_entropy": true, "calculate_sum_pi_squared": false, "context_parallel_size": 2, "data_format": "thd", "dense_logits_bytes": 1502343168, "dense_rows": 9888, "distillation_only": false, "elapsed_s": 0.03098579403012991, "element_size": 2, "entropy_from_logits_chunk_size": 2048, "entropy_from_logits_with_chunking": false, "event_id": 58, "logits_dtype": "torch.bfloat16", "logits_saved_bytes": 880013312, "peak_allocated_bytes": 7986905088, "peak_increment_bytes": 3693728256, "pipeline_parallel_size": 2, "projected_rows": 4096, "rank": 5, "response_only_enabled": true, "role": "actor", "selected_rows": 4096, "tensor_parallel_size": 2, "vocab_shard": 75968}
[36m(WorkerDict pid=3627508)[0m WARNING:2026-09-10 22:52:16,796:VERL_RESPONSE_ONLY_LM_HEAD_PROFILE {"active_ratio": 0.0, "actual_logits_bytes": 151936, "allocated_before_bytes": 4293336576, "backend": "unfused", "calculate_entropy": true, "calculate_sum_pi_squared": false, "context_parallel_size": 2, "data_format": "thd", "dense_logits_bytes": 1502343168, "dense_rows": 9888, "distillation_only": false, "elapsed_s": 0.0067792730405926704, "element_size": 2, "entropy_from_logits_chunk_size": 2048, "entropy_from_logits_with_chunking": false, "event_id": 59, "logits_dtype": "torch.bfloat16", "logits_saved_bytes": 1502191232, "peak_allocated_bytes": 4374491136, "peak_increment_bytes": 81154560, "pipeline_parallel_size": 2, "projected_rows": 1, "rank": 7, "response_only_enabled": true, "role": "actor", "selected_rows": 0, "tensor_parallel_size": 2, "vocab_shard": 75968}
[36m(WorkerDict pid=3627507)[0m WARNING:2026-09-10 22:52:16,796:VERL_RESPONSE_ONLY_LM_HEAD_PROFILE {"active_ratio": 0.0, "actual_logits_bytes": 151936, "allocated_before_bytes": 4293336576, "backend": "unfused", "calculate_entropy": true, "calculate_sum_pi_squared": false, "context_parallel_size": 2, "data_format": "thd", "dense_logits_bytes": 1502343168, "dense_rows": 9888, "distillation_only": false, "elapsed_s": 0.00683508301153779, "element_size": 2, "entropy_from_logits_chunk_size": 2048, "entropy_from_logits_with_chunking": false, "event_id": 59, "logits_dtype": "torch.bfloat16", "logits_saved_bytes": 1502191232, "peak_allocated_bytes": 4374491136, "peak_increment_bytes": 81154560, "pipeline_parallel_size": 2, "projected_rows": 1, "rank": 6, "response_only_enabled": true, "role": "actor", "selected_rows": 0, "tensor_parallel_size": 2, "vocab_shard": 75968}
[36m(WorkerDict pid=3627506)[0m WARNING:2026-09-10 22:52:16,820:VERL_RESPONSE_ONLY_LM_HEAD_PROFILE {"active_ratio": 0.41423948220064727, "actual_logits_bytes": 622329856, "allocated_before_bytes": 4293336576, "backend": "unfused", "calculate_entropy": true, "calculate_sum_pi_squared": false, "context_parallel_size": 2, "data_format": "thd", "dense_logits_bytes": 1502343168, "dense_rows": 9888, "distillation_only": false, "elapsed_s": 0.03096473403275013, "element_size": 2, "entropy_from_logits_chunk_size": 2048, "entropy_from_logits_with_chunking": false, "event_id": 59, "logits_dtype": "torch.bfloat16", "logits_saved_bytes": 880013312, "peak_allocated_bytes": 7987064832, "peak_increment_bytes": 3693728256, "pipeline_parallel_size": 2, "projected_rows": 4096, "rank": 5, "response_only_enabled": true, "role": "actor", "selected_rows": 4096, "tensor_parallel_size": 2, "vocab_shard": 75968}
[36m(WorkerDict pid=3627508)[0m WARNING:2026-09-10 22:52:17,119:VERL_RESPONSE_ONLY_LM_HEAD_PROFILE {"active_ratio": 0.0, "actual_logits_bytes": 151936, "allocated_before_bytes": 4293496320, "backend": "unfused", "calculate_entropy": true, "calculate_sum_pi_squared": false, "context_parallel_size": 2, "data_format": "thd", "dense_logits_bytes": 1502343168, "dense_rows": 9888, "distillation_only": false, "elapsed_s": 0.006775622954592109, "element_size": 2, "entropy_from_logits_chunk_size": 2048, "entropy_from_logits_with_chunking": false, "event_id": 60, "logits_dtype": "torch.bfloat16", "logits_saved_bytes": 1502191232, "peak_allocated_bytes": 4374650880, "peak_increment_bytes": 81154560, "pipeline_parallel_size": 2, "projected_rows": 1, "rank": 7, "response_only_enabled": true, "role": "actor", "selected_rows": 0, "tensor_parallel_size": 2, "vocab_shard": 75968}
[36m(WorkerDict pid=3627507)[0m WARNING:2026-09-10 22:52:17,119:VERL_RESPONSE_ONLY_LM_HEAD_PROFILE {"active_ratio": 0.0, "actual_logits_bytes": 151936, "allocated_before_bytes": 4293496320, "backend": "unfused", "calculate_entropy": true, "calculate_sum_pi_squared": false, "context_parallel_size": 2, "data_format": "thd", "dense_logits_bytes": 1502343168, "dense_rows": 9888, "distillation_only": false, "elapsed_s": 0.006781002972275019, "element_size": 2, "entropy_from_logits_chunk_size": 2048, "entropy_from_logits_with_chunking": false, "event_id": 60, "logits_dtype": "torch.bfloat16", "logits_saved_bytes": 1502191232, "peak_allocated_bytes": 4374650880, "peak_increment_bytes": 81154560, "pipeline_parallel_size": 2, "projected_rows": 1, "rank": 6, "response_only_enabled": true, "role": "actor", "selected_rows": 0, "tensor_parallel_size": 2, "vocab_shard": 75968}
[36m(WorkerDict pid=3627506)[0m WARNING:2026-09-10 22:52:17,144:VERL_RESPONSE_ONLY_LM_HEAD_PROFILE {"active_ratio": 0.41423948220064727, "actual_logits_bytes": 622329856, "allocated_before_bytes": 4293496320, "backend": "unfused", "calculate_entropy": true, "calculate_sum_pi_squared": false, "context_parallel_size": 2, "data_format": "thd", "dense_logits_bytes": 1502343168, "dense_rows": 9888, "distillation_only": false, "elapsed_s": 0.03098938404582441, "element_size": 2, "entropy_from_logits_chunk_size": 2048, "entropy_from_logits_with_chunking": false, "event_id": 60, "logits_dtype": "torch.bfloat16", "logits_saved_bytes": 880013312, "peak_allocated_bytes": 7987224576, "peak_increment_bytes": 3693728256, "pipeline_parallel_size": 2, "projected_rows": 4096, "rank": 5, "response_only_enabled": true, "role": "actor", "selected_rows": 4096, "tensor_parallel_size": 2, "vocab_shard": 75968}
[36m(WorkerDict pid=3627508)[0m WARNING:2026-09-10 22:52:17,443:VERL_RESPONSE_ONLY_LM_HEAD_PROFILE {"active_ratio": 0.0, "actual_logits_bytes": 151936, "allocated_before_bytes": 4293656064, "backend": "unfused", "calculate_entropy": true, "calculate_sum_pi_squared": false, "context_parallel_size": 2, "data_format": "thd", "dense_logits_bytes": 1502343168, "dense_rows": 9888, "distillation_only": false, "elapsed_s": 0.006829302990809083, "element_size": 2, "entropy_from_logits_chunk_size": 2048, "entropy_from_logits_with_chunking": false, "event_id": 61, "logits_dtype": "torch.bfloat16", "logits_saved_bytes": 1502191232, "peak_allocated_bytes": 4374810624, "peak_increment_bytes": 81154560, "pipeline_parallel_size": 2, "projected_rows": 1, "rank": 7, "response_only_enabled": true, "role": "actor", "selected_rows": 0, "tensor_parallel_size": 2, "vocab_shard": 75968}
[36m(WorkerDict pid=3627507)[0m WARNING:2026-09-10 22:52:17,443:VERL_RESPONSE_ONLY_LM_HEAD_PROFILE {"active_ratio": 0.0, "actual_logits_bytes": 151936, "allocated_before_bytes": 4293656064, "backend": "unfused", "calculate_entropy": true, "calculate_sum_pi_squared": false, "context_parallel_size": 2, "data_format": "thd", "dense_logits_bytes": 1502343168, "dense_rows": 9888, "distillation_only": false, "elapsed_s": 0.006874583079479635, "element_size": 2, "entropy_from_logits_chunk_size": 2048, "entropy_from_logits_with_chunking": false, "event_id": 61, "logits_dtype": "torch.bfloat16", "logits_saved_bytes": 1502191232, "peak_allocated_bytes": 4374810624, "peak_increment_bytes": 81154560, "pipeline_parallel_size": 2, "projected_rows": 1, "rank": 6, "response_only_enabled": true, "role": "actor", "selected_rows": 0, "tensor_parallel_size": 2, "vocab_shard": 75968}
[36m(WorkerDict pid=3627506)[0m WARNING:2026-09-10 22:52:17,468:VERL_RESPONSE_ONLY_LM_HEAD_PROFILE {"active_ratio": 0.41423948220064727, "actual_logits_bytes": 622329856, "allocated_before_bytes": 4293656064, "backend": "unfused", "calculate_entropy": true, "calculate_sum_pi_squared": false, "context_parallel_size": 2, "data_format": "thd", "dense_logits_bytes": 1502343168, "dense_rows": 9888, "distillation_only": false, "elapsed_s": 0.031001674011349678, "element_size": 2, "entropy_from_logits_chunk_size": 2048, "entropy_from_logits_with_chunking": false, "event_id": 61, "logits_dtype": "torch.bfloat16", "logits_saved_bytes": 880013312, "peak_allocated_bytes": 7987384320, "peak_increment_bytes": 3693728256, "pipeline_parallel_size": 2, "projected_rows": 4096, "rank": 5, "response_only_enabled": true, "role": "actor", "selected_rows": 4096, "tensor_parallel_size": 2, "vocab_shard": 75968}
[36m(WorkerDict pid=3627508)[0m WARNING:2026-09-10 22:52:17,768:VERL_RESPONSE_ONLY_LM_HEAD_PROFILE {"active_ratio": 0.0, "actual_logits_bytes": 151936, "allocated_before_bytes": 4293815808, "backend": "unfused", "calculate_entropy": true, "calculate_sum_pi_squared": false, "context_parallel_size": 2, "data_format": "thd", "dense_logits_bytes": 1502343168, "dense_rows": 9888, "distillation_only": false, "elapsed_s": 0.006753592984750867, "element_size": 2, "entropy_from_logits_chunk_size": 2048, "entropy_from_logits_with_chunking": false, "event_id": 62, "logits_dtype": "torch.bfloat16", "logits_saved_bytes": 1502191232, "peak_allocated_bytes": 4374970368, "peak_increment_bytes": 81154560, "pipeline_parallel_size": 2, "projected_rows": 1, "rank": 7, "response_only_enabled": true, "role": "actor", "selected_rows": 0, "tensor_parallel_size": 2, "vocab_shard": 75968}
[36m(WorkerDict pid=3627507)[0m WARNING:2026-09-10 22:52:17,768:VERL_RESPONSE_ONLY_LM_HEAD_PROFILE {"active_ratio": 0.0, "actual_logits_bytes": 151936, "allocated_before_bytes": 4293815808, "backend": "unfused", "calculate_entropy": true, "calculate_sum_pi_squared": false, "context_parallel_size": 2, "data_format": "thd", "dense_logits_bytes": 1502343168, "dense_rows": 9888, "distillation_only": false, "elapsed_s": 0.0068378630094230175, "element_size": 2, "entropy_from_logits_chunk_size": 2048, "entropy_from_logits_with_chunking": false, "event_id": 62, "logits_dtype": "torch.bfloat16", "logits_saved_bytes": 1502191232, "peak_allocated_bytes": 4374970368, "peak_increment_bytes": 81154560, "pipeline_parallel_size": 2, "projected_rows": 1, "rank": 6, "response_only_enabled": true, "role": "actor", "selected_rows": 0, "tensor_parallel_size": 2, "vocab_shard": 75968}
[36m(WorkerDict pid=3627506)[0m WARNING:2026-09-10 22:52:17,793:VERL_RESPONSE_ONLY_LM_HEAD_PROFILE {"active_ratio": 0.41423948220064727, "actual_logits_bytes": 622329856, "allocated_before_bytes": 4293815808, "backend": "unfused", "calculate_entropy": true, "calculate_sum_pi_squared": false, "context_parallel_size": 2, "data_format": "thd", "dense_logits_bytes": 1502343168, "dense_rows": 9888, "distillation_only": false, "elapsed_s": 0.03103889396879822, "element_size": 2, "entropy_from_logits_chunk_size": 2048, "entropy_from_logits_with_chunking": false, "event_id": 62, "logits_dtype": "torch.bfloat16", "logits_saved_bytes": 880013312, "peak_allocated_bytes": 7987544064, "peak_increment_bytes": 3693728256, "pipeline_parallel_size": 2, "projected_rows": 4096, "rank": 5, "response_only_enabled": true, "role": "actor", "selected_rows": 4096, "tensor_parallel_size": 2, "vocab_shard": 75968}
[36m(WorkerDict pid=3627508)[0m WARNING:2026-09-10 22:52:18,092:VERL_RESPONSE_ONLY_LM_HEAD_PROFILE {"active_ratio": 0.0, "actual_logits_bytes": 151936, "allocated_before_bytes": 4293975552, "backend": "unfused", "calculate_entropy": true, "calculate_sum_pi_squared": false, "context_parallel_size": 2, "data_format": "thd", "dense_logits_bytes": 1502343168, "dense_rows": 9888, "distillation_only": false, "elapsed_s": 0.006923053064383566, "element_size": 2, "entropy_from_logits_chunk_size": 2048, "entropy_from_logits_with_chunking": false, "event_id": 63, "logits_dtype": "torch.bfloat16", "logits_saved_bytes": 1502191232, "peak_allocated_bytes": 4375130112, "peak_increment_bytes": 81154560, "pipeline_parallel_size": 2, "projected_rows": 1, "rank": 7, "response_only_enabled": true, "role": "actor", "selected_rows": 0, "tensor_parallel_size": 2, "vocab_shard": 75968}
[36m(WorkerDict pid=3627507)[0m WARNING:2026-09-10 22:52:18,092:VERL_RESPONSE_ONLY_LM_HEAD_PROFILE {"active_ratio": 0.0, "actual_logits_bytes": 151936, "allocated_before_bytes": 4293975552, "backend": "unfused", "calculate_entropy": true, "calculate_sum_pi_squared": false, "context_parallel_size": 2, "data_format": "thd", "dense_logits_bytes": 1502343168, "dense_rows": 9888, "distillation_only": false, "elapsed_s": 0.006900342996232212, "element_size": 2, "entropy_from_logits_chunk_size": 2048, "entropy_from_logits_with_chunking": false, "event_id": 63, "logits_dtype": "torch.bfloat16", "logits_saved_bytes": 1502191232, "peak_allocated_bytes": 4375130112, "peak_increment_bytes": 81154560, "pipeline_parallel_size": 2, "projected_rows": 1, "rank": 6, "response_only_enabled": true, "role": "actor", "selected_rows": 0, "tensor_parallel_size": 2, "vocab_shard": 75968}
[36m(WorkerDict pid=3627506)[0m WARNING:2026-09-10 22:52:18,116:VERL_RESPONSE_ONLY_LM_HEAD_PROFILE {"active_ratio": 0.41423948220064727, "actual_logits_bytes": 622329856, "allocated_before_bytes": 4293975552, "backend": "unfused", "calculate_entropy": true, "calculate_sum_pi_squared": false, "context_parallel_size": 2, "data_format": "thd", "dense_logits_bytes": 1502343168, "dense_rows": 9888, "distillation_only": false, "elapsed_s": 0.031076082959771156, "element_size": 2, "entropy_from_logits_chunk_size": 2048, "entropy_from_logits_with_chunking": false, "event_id": 63, "logits_dtype": "torch.bfloat16", "logits_saved_bytes": 880013312, "peak_allocated_bytes": 7987703808, "peak_increment_bytes": 3693728256, "pipeline_parallel_size": 2, "projected_rows": 4096, "rank": 5, "response_only_enabled": true, "role": "actor", "selected_rows": 4096, "tensor_parallel_size": 2, "vocab_shard": 75968}
[36m(WorkerDict pid=3627508)[0m WARNING:2026-09-10 22:52:22,364:VERL_RESPONSE_ONLY_LM_HEAD_PROFILE {"active_ratio": 0.0, "actual_logits_bytes": 151936, "allocated_before_bytes": 4290556928, "backend": "unfused", "calculate_entropy": false, "calculate_sum_pi_squared": false, "context_parallel_size": 2, "data_format": "thd", "dense_logits_bytes": 1503558656, "dense_rows": 9896, "distillation_only": false, "elapsed_s": 0.0038681209553033113, "element_size": 2, "entropy_from_logits_chunk_size": 2048, "entropy_from_logits_with_chunking": false, "event_id": 64, "logits_dtype": "torch.bfloat16", "logits_saved_bytes": 1503406720, "peak_allocated_bytes": 4371777024, "peak_increment_bytes": 81220096, "pipeline_parallel_size": 2, "projected_rows": 1, "rank": 7, "response_only_enabled": true, "role": "ref", "selected_rows": 0, "tensor_parallel_size": 2, "vocab_shard": 75968}
[36m(WorkerDict pid=3627507)[0m WARNING:2026-09-10 22:52:22,364:VERL_RESPONSE_ONLY_LM_HEAD_PROFILE {"active_ratio": 0.0, "actual_logits_bytes": 151936, "allocated_before_bytes": 4290556928, "backend": "unfused", "calculate_entropy": false, "calculate_sum_pi_squared": false, "context_parallel_size": 2, "data_format": "thd", "dense_logits_bytes": 1503558656, "dense_rows": 9896, "distillation_only": false, "elapsed_s": 0.0038247009506449103, "element_size": 2, "entropy_from_logits_chunk_size": 2048, "entropy_from_logits_with_chunking": false, "event_id": 64, "logits_dtype": "torch.bfloat16", "logits_saved_bytes": 1503406720, "peak_allocated_bytes": 4371777024, "peak_increment_bytes": 81220096, "pipeline_parallel_size": 2, "projected_rows": 1, "rank": 6, "response_only_enabled": true, "role": "ref", "selected_rows": 0, "tensor_parallel_size": 2, "vocab_shard": 75968}
[36m(WorkerDict pid=3627506)[0m WARNING:2026-09-10 22:52:22,690:VERL_RESPONSE_ONLY_LM_HEAD_PROFILE {"active_ratio": 0.41390460792239286, "actual_logits_bytes": 622329856, "allocated_before_bytes": 4290556928, "backend": "unfused", "calculate_entropy": false, "calculate_sum_pi_squared": false, "context_parallel_size": 2, "data_format": "thd", "dense_logits_bytes": 1503558656, "dense_rows": 9896, "distillation_only": false, "elapsed_s": 0.3294291270431131, "element_size": 2, "entropy_from_logits_chunk_size": 2048, "entropy_from_logits_with_chunking": false, "event_id": 64, "logits_dtype": "torch.bfloat16", "logits_saved_bytes": 881228800, "peak_allocated_bytes": 6117012480, "peak_increment_bytes": 1826455552, "pipeline_parallel_size": 2, "projected_rows": 4096, "rank": 5, "response_only_enabled": true, "role": "ref", "selected_rows": 4096, "tensor_parallel_size": 2, "vocab_shard": 75968}
[36m(WorkerDict pid=3627508)[0m WARNING:2026-09-10 22:52:22,997:VERL_RESPONSE_ONLY_LM_HEAD_PROFILE {"active_ratio": 0.0, "actual_logits_bytes": 151936, "allocated_before_bytes": 4290637312, "backend": "unfused", "calculate_entropy": false, "calculate_sum_pi_squared": false, "context_parallel_size": 2, "data_format": "thd", "dense_logits_bytes": 1503558656, "dense_rows": 9896, "distillation_only": false, "elapsed_s": 0.0036989209474995732, "element_size": 2, "entropy_from_logits_chunk_size": 2048, "entropy_from_logits_with_chunking": false, "event_id": 65, "logits_dtype": "torch.bfloat16", "logits_saved_bytes": 1503406720, "peak_allocated_bytes": 4371857408, "peak_increment_bytes": 81220096, "pipeline_parallel_size": 2, "projected_rows": 1, "rank": 7, "response_only_enabled": true, "role": "ref", "selected_rows": 0, "tensor_parallel_size": 2, "vocab_shard": 75968}
[36m(WorkerDict pid=3627507)[0m WARNING:2026-09-10 22:52:22,997:VERL_RESPONSE_ONLY_LM_HEAD_PROFILE {"active_ratio": 0.0, "actual_logits_bytes": 151936, "allocated_before_bytes": 4290637312, "backend": "unfused", "calculate_entropy": false, "calculate_sum_pi_squared": false, "context_parallel_size": 2, "data_format": "thd", "dense_logits_bytes": 1503558656, "dense_rows": 9896, "distillation_only": false, "elapsed_s": 0.0036892410134896636, "element_size": 2, "entropy_from_logits_chunk_size": 2048, "entropy_from_logits_with_chunking": false, "event_id": 65, "logits_dtype": "torch.bfloat16", "logits_saved_bytes": 1503406720, "peak_allocated_bytes": 4371857408, "peak_increment_bytes": 81220096, "pipeline_parallel_size": 2, "projected_rows": 1, "rank": 6, "response_only_enabled": true, "role": "ref", "selected_rows": 0, "tensor_parallel_size": 2, "vocab_shard": 75968}
[36m(WorkerDict pid=3627506)[0m WARNING:2026-09-10 22:52:23,015:VERL_RESPONSE_ONLY_LM_HEAD_PROFILE {"active_ratio": 0.41390460792239286, "actual_logits_bytes": 622329856, "allocated_before_bytes": 4290637312, "backend": "unfused", "calculate_entropy": false, "calculate_sum_pi_squared": false, "context_parallel_size": 2, "data_format": "thd", "dense_logits_bytes": 1503558656, "dense_rows": 9896, "distillation_only": false, "elapsed_s": 0.02150482893921435, "element_size": 2, "entropy_from_logits_chunk_size": 2048, "entropy_from_logits_with_chunking": false, "event_id": 65, "logits_dtype": "torch.bfloat16", "logits_saved_bytes": 881228800, "peak_allocated_bytes": 6117092864, "peak_increment_bytes": 1826455552, "pipeline_parallel_size": 2, "projected_rows": 4096, "rank": 5, "response_only_enabled": true, "role": "ref", "selected_rows": 4096, "tensor_parallel_size": 2, "vocab_shard": 75968}
[36m(WorkerDict pid=3627508)[0m WARNING:2026-09-10 22:52:23,309:VERL_RESPONSE_ONLY_LM_HEAD_PROFILE {"active_ratio": 0.0, "actual_logits_bytes": 151936, "allocated_before_bytes": 4290717184, "backend": "unfused", "calculate_entropy": false, "calculate_sum_pi_squared": false, "context_parallel_size": 2, "data_format": "thd", "dense_logits_bytes": 1503558656, "dense_rows": 9896, "distillation_only": false, "elapsed_s": 0.003694682032801211, "element_size": 2, "entropy_from_logits_chunk_size": 2048, "entropy_from_logits_with_chunking": false, "event_id": 66, "logits_dtype": "torch.bfloat16", "logits_saved_bytes": 1503406720, "peak_allocated_bytes": 4371937280, "peak_increment_bytes": 81220096, "pipeline_parallel_size": 2, "projected_rows": 1, "rank": 7, "response_only_enabled": true, "role": "ref", "selected_rows": 0, "tensor_parallel_size": 2, "vocab_shard": 75968}
[36m(WorkerDict pid=3627507)[0m WARNING:2026-09-10 22:52:23,309:VERL_RESPONSE_ONLY_LM_HEAD_PROFILE {"active_ratio": 0.0, "actual_logits_bytes": 151936, "allocated_before_bytes": 4290717184, "backend": "unfused", "calculate_entropy": false, "calculate_sum_pi_squared": false, "context_parallel_size": 2, "data_format": "thd", "dense_logits_bytes": 1503558656, "dense_rows": 9896, "distillation_only": false, "elapsed_s": 0.003684442024677992, "element_size": 2, "entropy_from_logits_chunk_size": 2048, "entropy_from_logits_with_chunking": false, "event_id": 66, "logits_dtype": "torch.bfloat16", "logits_saved_bytes": 1503406720, "peak_allocated_bytes": 4371937280, "peak_increment_bytes": 81220096, "pipeline_parallel_size": 2, "projected_rows": 1, "rank": 6, "response_only_enabled": true, "role": "ref", "selected_rows": 0, "tensor_parallel_size": 2, "vocab_shard": 75968}
[36m(WorkerDict pid=3627506)[0m WARNING:2026-09-10 22:52:23,329:VERL_RESPONSE_ONLY_LM_HEAD_PROFILE {"active_ratio": 0.41390460792239286, "actual_logits_bytes": 622329856, "allocated_before_bytes": 4290717184, "backend": "unfused", "calculate_entropy": false, "calculate_sum_pi_squared": false, "context_parallel_size": 2, "data_format": "thd", "dense_logits_bytes": 1503558656, "dense_rows": 9896, "distillation_only": false, "elapsed_s": 0.022823699982836843, "element_size": 2, "entropy_from_logits_chunk_size": 2048, "entropy_from_logits_with_chunking": false, "event_id": 66, "logits_dtype": "torch.bfloat16", "logits_saved_bytes": 881228800, "peak_allocated_bytes": 6117172736, "peak_increment_bytes": 1826455552, "pipeline_parallel_size": 2, "projected_rows": 4096, "rank": 5, "response_only_enabled": true, "role": "ref", "selected_rows": 4096, "tensor_parallel_size": 2, "vocab_shard": 75968}
[36m(WorkerDict pid=3627508)[0m WARNING:2026-09-10 22:52:23,625:VERL_RESPONSE_ONLY_LM_HEAD_PROFILE {"active_ratio": 0.0, "actual_logits_bytes": 151936, "allocated_before_bytes": 4290797056, "backend": "unfused", "calculate_entropy": false, "calculate_sum_pi_squared": false, "context_parallel_size": 2, "data_format": "thd", "dense_logits_bytes": 1503558656, "dense_rows": 9896, "distillation_only": false, "elapsed_s": 0.0037152919685468078, "element_size": 2, "entropy_from_logits_chunk_size": 2048, "entropy_from_logits_with_chunking": false, "event_id": 67, "logits_dtype": "torch.bfloat16", "logits_saved_bytes": 1503406720, "peak_allocated_bytes": 4372017152, "peak_increment_bytes": 81220096, "pipeline_parallel_size": 2, "projected_rows": 1, "rank": 7, "response_only_enabled": true, "role": "ref", "selected_rows": 0, "tensor_parallel_size": 2, "vocab_shard": 75968}
[36m(WorkerDict pid=3627507)[0m WARNING:2026-09-10 22:52:23,625:VERL_RESPONSE_ONLY_LM_HEAD_PROFILE {"active_ratio": 0.0, "actual_logits_bytes": 151936, "allocated_before_bytes": 4290797056, "backend": "unfused", "calculate_entropy": false, "calculate_sum_pi_squared": false, "context_parallel_size": 2, "data_format": "thd", "dense_logits_bytes": 1503558656, "dense_rows": 9896, "distillation_only": false, "elapsed_s": 0.0036739520728588104, "element_size": 2, "entropy_from_logits_chunk_size": 2048, "entropy_from_logits_with_chunking": false, "event_id": 67, "logits_dtype": "torch.bfloat16", "logits_saved_bytes": 1503406720, "peak_allocated_bytes": 4372017152, "peak_increment_bytes": 81220096, "pipeline_parallel_size": 2, "projected_rows": 1, "rank": 6, "response_only_enabled": true, "role": "ref", "selected_rows": 0, "tensor_parallel_size": 2, "vocab_shard": 75968}
[36m(WorkerDict pid=3627506)[0m WARNING:2026-09-10 22:52:23,643:VERL_RESPONSE_ONLY_LM_HEAD_PROFILE {"active_ratio": 0.41390460792239286, "actual_logits_bytes": 622329856, "allocated_before_bytes": 4290797056, "backend": "unfused", "calculate_entropy": false, "calculate_sum_pi_squared": false, "context_parallel_size": 2, "data_format": "thd", "dense_logits_bytes": 1503558656, "dense_rows": 9896, "distillation_only": false, "elapsed_s": 0.021596739999949932, "element_size": 2, "entropy_from_logits_chunk_size": 2048, "entropy_from_logits_with_chunking": false, "event_id": 67, "logits_dtype": "torch.bfloat16", "logits_saved_bytes": 881228800, "peak_allocated_bytes": 6117252608, "peak_increment_bytes": 1826455552, "pipeline_parallel_size": 2, "projected_rows": 4096, "rank": 5, "response_only_enabled": true, "role": "ref", "selected_rows": 4096, "tensor_parallel_size": 2, "vocab_shard": 75968}
[36m(WorkerDict pid=3627508)[0m WARNING:2026-09-10 22:52:23,938:VERL_RESPONSE_ONLY_LM_HEAD_PROFILE {"active_ratio": 0.0, "actual_logits_bytes": 151936, "allocated_before_bytes": 4290876928, "backend": "unfused", "calculate_entropy": false, "calculate_sum_pi_squared": false, "context_parallel_size": 2, "data_format": "thd", "dense_logits_bytes": 1503558656, "dense_rows": 9896, "distillation_only": false, "elapsed_s": 0.00362736196257174, "element_size": 2, "entropy_from_logits_chunk_size": 2048, "entropy_from_logits_with_chunking": false, "event_id": 68, "logits_dtype": "torch.bfloat16", "logits_saved_bytes": 1503406720, "peak_allocated_bytes": 4372097024, "peak_increment_bytes": 81220096, "pipeline_parallel_size": 2, "projected_rows": 1, "rank": 7, "response_only_enabled": true, "role": "ref", "selected_rows": 0, "tensor_parallel_size": 2, "vocab_shard": 75968}
[36m(WorkerDict pid=3627507)[0m WARNING:2026-09-10 22:52:23,938:VERL_RESPONSE_ONLY_LM_HEAD_PROFILE {"active_ratio": 0.0, "actual_logits_bytes": 151936, "allocated_before_bytes": 4290876928, "backend": "unfused", "calculate_entropy": false, "calculate_sum_pi_squared": false, "context_parallel_size": 2, "data_format": "thd", "dense_logits_bytes": 1503558656, "dense_rows": 9896, "distillation_only": false, "elapsed_s": 0.00364327197894454, "element_size": 2, "entropy_from_logits_chunk_size": 2048, "entropy_from_logits_with_chunking": false, "event_id": 68, "logits_dtype": "torch.bfloat16", "logits_saved_bytes": 1503406720, "peak_allocated_bytes": 4372097024, "peak_increment_bytes": 81220096, "pipeline_parallel_size": 2, "projected_rows": 1, "rank": 6, "response_only_enabled": true, "role": "ref", "selected_rows": 0, "tensor_parallel_size": 2, "vocab_shard": 75968}
[36m(WorkerDict pid=3627506)[0m WARNING:2026-09-10 22:52:23,956:VERL_RESPONSE_ONLY_LM_HEAD_PROFILE {"active_ratio": 0.41390460792239286, "actual_logits_bytes": 622329856, "allocated_before_bytes": 4290876928, "backend": "unfused", "calculate_entropy": false, "calculate_sum_pi_squared": false, "context_parallel_size": 2, "data_format": "thd", "dense_logits_bytes": 1503558656, "dense_rows": 9896, "distillation_only": false, "elapsed_s": 0.021601889980956912, "element_size": 2, "entropy_from_logits_chunk_size": 2048, "entropy_from_logits_with_chunking": false, "event_id": 68, "logits_dtype": "torch.bfloat16", "logits_saved_bytes": 881228800, "peak_allocated_bytes": 6117332480, "peak_increment_bytes": 1826455552, "pipeline_parallel_size": 2, "projected_rows": 4096, "rank": 5, "response_only_enabled": true, "role": "ref", "selected_rows": 4096, "tensor_parallel_size": 2, "vocab_shard": 75968}
[36m(WorkerDict pid=3627508)[0m WARNING:2026-09-10 22:52:24,253:VERL_RESPONSE_ONLY_LM_HEAD_PROFILE {"active_ratio": 0.0, "actual_logits_bytes": 151936, "allocated_before_bytes": 4290956800, "backend": "unfused", "calculate_entropy": false, "calculate_sum_pi_squared": false, "context_parallel_size": 2, "data_format": "thd", "dense_logits_bytes": 1503558656, "dense_rows": 9896, "distillation_only": false, "elapsed_s": 0.0037749219918623567, "element_size": 2, "entropy_from_logits_chunk_size": 2048, "entropy_from_logits_with_chunking": false, "event_id": 69, "logits_dtype": "torch.bfloat16", "logits_saved_bytes": 1503406720, "peak_allocated_bytes": 4372176896, "peak_increment_bytes": 81220096, "pipeline_parallel_size": 2, "projected_rows": 1, "rank": 7, "response_only_enabled": true, "role": "ref", "selected_rows": 0, "tensor_parallel_size": 2, "vocab_shard": 75968}
[36m(WorkerDict pid=3627507)[0m WARNING:2026-09-10 22:52:24,253:VERL_RESPONSE_ONLY_LM_HEAD_PROFILE {"active_ratio": 0.0, "actual_logits_bytes": 151936, "allocated_before_bytes": 4290956800, "backend": "unfused", "calculate_entropy": false, "calculate_sum_pi_squared": false, "context_parallel_size": 2, "data_format": "thd", "dense_logits_bytes": 1503558656, "dense_rows": 9896, "distillation_only": false, "elapsed_s": 0.0036589320516213775, "element_size": 2, "entropy_from_logits_chunk_size": 2048, "entropy_from_logits_with_chunking": false, "event_id": 69, "logits_dtype": "torch.bfloat16", "logits_saved_bytes": 1503406720, "peak_allocated_bytes": 4372176896, "peak_increment_bytes": 81220096, "pipeline_parallel_size": 2, "projected_rows": 1, "rank": 6, "response_only_enabled": true, "role": "ref", "selected_rows": 0, "tensor_parallel_size": 2, "vocab_shard": 75968}
[36m(WorkerDict pid=3627506)[0m WARNING:2026-09-10 22:52:24,271:VERL_RESPONSE_ONLY_LM_HEAD_PROFILE {"active_ratio": 0.41390460792239286, "actual_logits_bytes": 622329856, "allocated_before_bytes": 4290956800, "backend": "unfused", "calculate_entropy": false, "calculate_sum_pi_squared": false, "context_parallel_size": 2, "data_format": "thd", "dense_logits_bytes": 1503558656, "dense_rows": 9896, "distillation_only": false, "elapsed_s": 0.021772900014184415, "element_size": 2, "entropy_from_logits_chunk_size": 2048, "entropy_from_logits_with_chunking": false, "event_id": 69, "logits_dtype": "torch.bfloat16", "logits_saved_bytes": 881228800, "peak_allocated_bytes": 6117412352, "peak_increment_bytes": 1826455552, "pipeline_parallel_size": 2, "projected_rows": 4096, "rank": 5, "response_only_enabled": true, "role": "ref", "selected_rows": 4096, "tensor_parallel_size": 2, "vocab_shard": 75968}
[36m(WorkerDict pid=3627508)[0m WARNING:2026-09-10 22:52:24,567:VERL_RESPONSE_ONLY_LM_HEAD_PROFILE {"active_ratio": 0.0, "actual_logits_bytes": 151936, "allocated_before_bytes": 4291036672, "backend": "unfused", "calculate_entropy": false, "calculate_sum_pi_squared": false, "context_parallel_size": 2, "data_format": "thd", "dense_logits_bytes": 1503558656, "dense_rows": 9896, "distillation_only": false, "elapsed_s": 0.0037748710019513965, "element_size": 2, "entropy_from_logits_chunk_size": 2048, "entropy_from_logits_with_chunking": false, "event_id": 70, "logits_dtype": "torch.bfloat16", "logits_saved_bytes": 1503406720, "peak_allocated_bytes": 4372256768, "peak_increment_bytes": 81220096, "pipeline_parallel_size": 2, "projected_rows": 1, "rank": 7, "response_only_enabled": true, "role": "ref", "selected_rows": 0, "tensor_parallel_size": 2, "vocab_shard": 75968}
[36m(WorkerDict pid=3627507)[0m WARNING:2026-09-10 22:52:24,567:VERL_RESPONSE_ONLY_LM_HEAD_PROFILE {"active_ratio": 0.0, "actual_logits_bytes": 151936, "allocated_before_bytes": 4291036672, "backend": "unfused", "calculate_entropy": false, "calculate_sum_pi_squared": false, "context_parallel_size": 2, "data_format": "thd", "dense_logits_bytes": 1503558656, "dense_rows": 9896, "distillation_only": false, "elapsed_s": 0.003634631051681936, "element_size": 2, "entropy_from_logits_chunk_size": 2048, "entropy_from_logits_with_chunking": false, "event_id": 70, "logits_dtype": "torch.bfloat16", "logits_saved_bytes": 1503406720, "peak_allocated_bytes": 4372256768, "peak_increment_bytes": 81220096, "pipeline_parallel_size": 2, "projected_rows": 1, "rank": 6, "response_only_enabled": true, "role": "ref", "selected_rows": 0, "tensor_parallel_size": 2, "vocab_shard": 75968}
[36m(WorkerDict pid=3627506)[0m WARNING:2026-09-10 22:52:24,585:VERL_RESPONSE_ONLY_LM_HEAD_PROFILE {"active_ratio": 0.41390460792239286, "actual_logits_bytes": 622329856, "allocated_before_bytes": 4291036672, "backend": "unfused", "calculate_entropy": false, "calculate_sum_pi_squared": false, "context_parallel_size": 2, "data_format": "thd", "dense_logits_bytes": 1503558656, "dense_rows": 9896, "distillation_only": false, "elapsed_s": 0.02172317903023213, "element_size": 2, "entropy_from_logits_chunk_size": 2048, "entropy_from_logits_with_chunking": false, "event_id": 70, "logits_dtype": "torch.bfloat16", "logits_saved_bytes": 881228800, "peak_allocated_bytes": 6117492224, "peak_increment_bytes": 1826455552, "pipeline_parallel_size": 2, "projected_rows": 4096, "rank": 5, "response_only_enabled": true, "role": "ref", "selected_rows": 4096, "tensor_parallel_size": 2, "vocab_shard": 75968}
[36m(WorkerDict pid=3627508)[0m WARNING:2026-09-10 22:52:24,881:VERL_RESPONSE_ONLY_LM_HEAD_PROFILE {"active_ratio": 0.0, "actual_logits_bytes": 151936, "allocated_before_bytes": 4291116544, "backend": "unfused", "calculate_entropy": false, "calculate_sum_pi_squared": false, "context_parallel_size": 2, "data_format": "thd", "dense_logits_bytes": 1503558656, "dense_rows": 9896, "distillation_only": false, "elapsed_s": 0.003757330938242376, "element_size": 2, "entropy_from_logits_chunk_size": 2048, "entropy_from_logits_with_chunking": false, "event_id": 71, "logits_dtype": "torch.bfloat16", "logits_saved_bytes": 1503406720, "peak_allocated_bytes": 4372336640, "peak_increment_bytes": 81220096, "pipeline_parallel_size": 2, "projected_rows": 1, "rank": 7, "response_only_enabled": true, "role": "ref", "selected_rows": 0, "tensor_parallel_size": 2, "vocab_shard": 75968}
[36m(WorkerDict pid=3627507)[0m WARNING:2026-09-10 22:52:24,881:VERL_RESPONSE_ONLY_LM_HEAD_PROFILE {"active_ratio": 0.0, "actual_logits_bytes": 151936, "allocated_before_bytes": 4291116544, "backend": "unfused", "calculate_entropy": false, "calculate_sum_pi_squared": false, "context_parallel_size": 2, "data_format": "thd", "dense_logits_bytes": 1503558656, "dense_rows": 9896, "distillation_only": false, "elapsed_s": 0.0036574009573087096, "element_size": 2, "entropy_from_logits_chunk_size": 2048, "entropy_from_logits_with_chunking": false, "event_id": 71, "logits_dtype": "torch.bfloat16", "logits_saved_bytes": 1503406720, "peak_allocated_bytes": 4372336640, "peak_increment_bytes": 81220096, "pipeline_parallel_size": 2, "projected_rows": 1, "rank": 6, "response_only_enabled": true, "role": "ref", "selected_rows": 0, "tensor_parallel_size": 2, "vocab_shard": 75968}
[36m(WorkerDict pid=3627506)[0m WARNING:2026-09-10 22:52:24,899:VERL_RESPONSE_ONLY_LM_HEAD_PROFILE {"active_ratio": 0.41390460792239286, "actual_logits_bytes": 622329856, "allocated_before_bytes": 4291116544, "backend": "unfused", "calculate_entropy": false, "calculate_sum_pi_squared": false, "context_parallel_size": 2, "data_format": "thd", "dense_logits_bytes": 1503558656, "dense_rows": 9896, "distillation_only": false, "elapsed_s": 0.02175470895599574, "element_size": 2, "entropy_from_logits_chunk_size": 2048, "entropy_from_logits_with_chunking": false, "event_id": 71, "logits_dtype": "torch.bfloat16", "logits_saved_bytes": 881228800, "peak_allocated_bytes": 6117572096, "peak_increment_bytes": 1826455552, "pipeline_parallel_size": 2, "projected_rows": 4096, "rank": 5, "response_only_enabled": true, "role": "ref", "selected_rows": 4096, "tensor_parallel_size": 2, "vocab_shard": 75968}
[36m(WorkerDict pid=3627508)[0m WARNING:2026-09-10 22:52:25,196:VERL_RESPONSE_ONLY_LM_HEAD_PROFILE {"active_ratio": 0.0, "actual_logits_bytes": 151936, "allocated_before_bytes": 4301254144, "backend": "unfused", "calculate_entropy": false, "calculate_sum_pi_squared": false, "context_parallel_size": 2, "data_format": "thd", "dense_logits_bytes": 1502343168, "dense_rows": 9888, "distillation_only": false, "elapsed_s": 0.0037581509677693248, "element_size": 2, "entropy_from_logits_chunk_size": 2048, "entropy_from_logits_with_chunking": false, "event_id": 72, "logits_dtype": "torch.bfloat16", "logits_saved_bytes": 1502191232, "peak_allocated_bytes": 4382408704, "peak_increment_bytes": 81154560, "pipeline_parallel_size": 2, "projected_rows": 1, "rank": 7, "response_only_enabled": true, "role": "ref", "selected_rows": 0, "tensor_parallel_size": 2, "vocab_shard": 75968}
[36m(WorkerDict pid=3627507)[0m WARNING:2026-09-10 22:52:25,196:VERL_RESPONSE_ONLY_LM_HEAD_PROFILE {"active_ratio": 0.0, "actual_logits_bytes": 151936, "allocated_before_bytes": 4301254144, "backend": "unfused", "calculate_entropy": false, "calculate_sum_pi_squared": false, "context_parallel_size": 2, "data_format": "thd", "dense_logits_bytes": 1502343168, "dense_rows": 9888, "distillation_only": false, "elapsed_s": 0.0037017809227108955, "element_size": 2, "entropy_from_logits_chunk_size": 2048, "entropy_from_logits_with_chunking": false, "event_id": 72, "logits_dtype": "torch.bfloat16", "logits_saved_bytes": 1502191232, "peak_allocated_bytes": 4382408704, "peak_increment_bytes": 81154560, "pipeline_parallel_size": 2, "projected_rows": 1, "rank": 6, "response_only_enabled": true, "role": "ref", "selected_rows": 0, "tensor_parallel_size": 2, "vocab_shard": 75968}
[36m(WorkerDict pid=3627506)[0m WARNING:2026-09-10 22:52:25,258:VERL_RESPONSE_ONLY_LM_HEAD_PROFILE {"active_ratio": 0.41423948220064727, "actual_logits_bytes": 622329856, "allocated_before_bytes": 4301254144, "backend": "unfused", "calculate_entropy": false, "calculate_sum_pi_squared": false, "context_parallel_size": 2, "data_format": "thd", "dense_logits_bytes": 1502343168, "dense_rows": 9888, "distillation_only": false, "elapsed_s": 0.06455122900661081, "element_size": 2, "entropy_from_logits_chunk_size": 2048, "entropy_from_logits_with_chunking": false, "event_id": 72, "logits_dtype": "torch.bfloat16", "logits_saved_bytes": 880013312, "peak_allocated_bytes": 6127742464, "peak_increment_bytes": 1826488320, "pipeline_parallel_size": 2, "projected_rows": 4096, "rank": 5, "response_only_enabled": true, "role": "ref", "selected_rows": 4096, "tensor_parallel_size": 2, "vocab_shard": 75968}
[36m(WorkerDict pid=3627508)[0m WARNING:2026-09-10 22:52:25,554:VERL_RESPONSE_ONLY_LM_HEAD_PROFILE {"active_ratio": 0.0, "actual_logits_bytes": 151936, "allocated_before_bytes": 4301334016, "backend": "unfused", "calculate_entropy": false, "calculate_sum_pi_squared": false, "context_parallel_size": 2, "data_format": "thd", "dense_logits_bytes": 1502343168, "dense_rows": 9888, "distillation_only": false, "elapsed_s": 0.0038997819647192955, "element_size": 2, "entropy_from_logits_chunk_size": 2048, "entropy_from_logits_with_chunking": false, "event_id": 73, "logits_dtype": "torch.bfloat16", "logits_saved_bytes": 1502191232, "peak_allocated_bytes": 4382488576, "peak_increment_bytes": 81154560, "pipeline_parallel_size": 2, "projected_rows": 1, "rank": 7, "response_only_enabled": true, "role": "ref", "selected_rows": 0, "tensor_parallel_size": 2, "vocab_shard": 75968}
[36m(WorkerDict pid=3627507)[0m WARNING:2026-09-10 22:52:25,553:VERL_RESPONSE_ONLY_LM_HEAD_PROFILE {"active_ratio": 0.0, "actual_logits_bytes": 151936, "allocated_before_bytes": 4301334016, "backend": "unfused", "calculate_entropy": false, "calculate_sum_pi_squared": false, "context_parallel_size": 2, "data_format": "thd", "dense_logits_bytes": 1502343168, "dense_rows": 9888, "distillation_only": false, "elapsed_s": 0.003724272013641894, "element_size": 2, "entropy_from_logits_chunk_size": 2048, "entropy_from_logits_with_chunking": false, "event_id": 73, "logits_dtype": "torch.bfloat16", "logits_saved_bytes": 1502191232, "peak_allocated_bytes": 4382488576, "peak_increment_bytes": 81154560, "pipeline_parallel_size": 2, "projected_rows": 1, "rank": 6, "response_only_enabled": true, "role": "ref", "selected_rows": 0, "tensor_parallel_size": 2, "vocab_shard": 75968}
[36m(WorkerDict pid=3627506)[0m WARNING:2026-09-10 22:52:25,571:VERL_RESPONSE_ONLY_LM_HEAD_PROFILE {"active_ratio": 0.41423948220064727, "actual_logits_bytes": 622329856, "allocated_before_bytes": 4301334016, "backend": "unfused", "calculate_entropy": false, "calculate_sum_pi_squared": false, "context_parallel_size": 2, "data_format": "thd", "dense_logits_bytes": 1502343168, "dense_rows": 9888, "distillation_only": false, "elapsed_s": 0.021638359990902245, "element_size": 2, "entropy_from_logits_chunk_size": 2048, "entropy_from_logits_with_chunking": false, "event_id": 73, "logits_dtype": "torch.bfloat16", "logits_saved_bytes": 880013312, "peak_allocated_bytes": 6127822336, "peak_increment_bytes": 1826488320, "pipeline_parallel_size": 2, "projected_rows": 4096, "rank": 5, "response_only_enabled": true, "role": "ref", "selected_rows": 4096, "tensor_parallel_size": 2, "vocab_shard": 75968}
[36m(WorkerDict pid=3627508)[0m WARNING:2026-09-10 22:52:25,867:VERL_RESPONSE_ONLY_LM_HEAD_PROFILE {"active_ratio": 0.0, "actual_logits_bytes": 151936, "allocated_before_bytes": 4301413888, "backend": "unfused", "calculate_entropy": false, "calculate_sum_pi_squared": false, "context_parallel_size": 2, "data_format": "thd", "dense_logits_bytes": 1502343168, "dense_rows": 9888, "distillation_only": false, "elapsed_s": 0.003849180997349322, "element_size": 2, "entropy_from_logits_chunk_size": 2048, "entropy_from_logits_with_chunking": false, "event_id": 74, "logits_dtype": "torch.bfloat16", "logits_saved_bytes": 1502191232, "peak_allocated_bytes": 4382568448, "peak_increment_bytes": 81154560, "pipeline_parallel_size": 2, "projected_rows": 1, "rank": 7, "response_only_enabled": true, "role": "ref", "selected_rows": 0, "tensor_parallel_size": 2, "vocab_shard": 75968}
[36m(WorkerDict pid=3627507)[0m WARNING:2026-09-10 22:52:25,867:VERL_RESPONSE_ONLY_LM_HEAD_PROFILE {"active_ratio": 0.0, "actual_logits_bytes": 151936, "allocated_before_bytes": 4301413888, "backend": "unfused", "calculate_entropy": false, "calculate_sum_pi_squared": false, "context_parallel_size": 2, "data_format": "thd", "dense_logits_bytes": 1502343168, "dense_rows": 9888, "distillation_only": false, "elapsed_s": 0.0036868610186502337, "element_size": 2, "entropy_from_logits_chunk_size": 2048, "entropy_from_logits_with_chunking": false, "event_id": 74, "logits_dtype": "torch.bfloat16", "logits_saved_bytes": 1502191232, "peak_allocated_bytes": 4382568448, "peak_increment_bytes": 81154560, "pipeline_parallel_size": 2, "projected_rows": 1, "rank": 6, "response_only_enabled": true, "role": "ref", "selected_rows": 0, "tensor_parallel_size": 2, "vocab_shard": 75968}
[36m(WorkerDict pid=3627506)[0m WARNING:2026-09-10 22:52:25,885:VERL_RESPONSE_ONLY_LM_HEAD_PROFILE {"active_ratio": 0.41423948220064727, "actual_logits_bytes": 622329856, "allocated_before_bytes": 4301413888, "backend": "unfused", "calculate_entropy": false, "calculate_sum_pi_squared": false, "context_parallel_size": 2, "data_format": "thd", "dense_logits_bytes": 1502343168, "dense_rows": 9888, "distillation_only": false, "elapsed_s": 0.021627189009450376, "element_size": 2, "entropy_from_logits_chunk_size": 2048, "entropy_from_logits_with_chunking": false, "event_id": 74, "logits_dtype": "torch.bfloat16", "logits_saved_bytes": 880013312, "peak_allocated_bytes": 6127902208, "peak_increment_bytes": 1826488320, "pipeline_parallel_size": 2, "projected_rows": 4096, "rank": 5, "response_only_enabled": true, "role": "ref", "selected_rows": 4096, "tensor_parallel_size": 2, "vocab_shard": 75968}
[36m(WorkerDict pid=3627508)[0m WARNING:2026-09-10 22:52:26,181:VERL_RESPONSE_ONLY_LM_HEAD_PROFILE {"active_ratio": 0.0, "actual_logits_bytes": 151936, "allocated_before_bytes": 4301493760, "backend": "unfused", "calculate_entropy": false, "calculate_sum_pi_squared": false, "context_parallel_size": 2, "data_format": "thd", "dense_logits_bytes": 1502343168, "dense_rows": 9888, "distillation_only": false, "elapsed_s": 0.003815501113422215, "element_size": 2, "entropy_from_logits_chunk_size": 2048, "entropy_from_logits_with_chunking": false, "event_id": 75, "logits_dtype": "torch.bfloat16", "logits_saved_bytes": 1502191232, "peak_allocated_bytes": 4382648320, "peak_increment_bytes": 81154560, "pipeline_parallel_size": 2, "projected_rows": 1, "rank": 7, "response_only_enabled": true, "role": "ref", "selected_rows": 0, "tensor_parallel_size": 2, "vocab_shard": 75968}
[36m(WorkerDict pid=3627507)[0m WARNING:2026-09-10 22:52:26,181:VERL_RESPONSE_ONLY_LM_HEAD_PROFILE {"active_ratio": 0.0, "actual_logits_bytes": 151936, "allocated_before_bytes": 4301493760, "backend": "unfused", "calculate_entropy": false, "calculate_sum_pi_squared": false, "context_parallel_size": 2, "data_format": "thd", "dense_logits_bytes": 1502343168, "dense_rows": 9888, "distillation_only": false, "elapsed_s": 0.0037906410871073604, "element_size": 2, "entropy_from_logits_chunk_size": 2048, "entropy_from_logits_with_chunking": false, "event_id": 75, "logits_dtype": "torch.bfloat16", "logits_saved_bytes": 1502191232, "peak_allocated_bytes": 4382648320, "peak_increment_bytes": 81154560, "pipeline_parallel_size": 2, "projected_rows": 1, "rank": 6, "response_only_enabled": true, "role": "ref", "selected_rows": 0, "tensor_parallel_size": 2, "vocab_shard": 75968}
[36m(WorkerDict pid=3627506)[0m WARNING:2026-09-10 22:52:26,198:VERL_RESPONSE_ONLY_LM_HEAD_PROFILE {"active_ratio": 0.41423948220064727, "actual_logits_bytes": 622329856, "allocated_before_bytes": 4301493760, "backend": "unfused", "calculate_entropy": false, "calculate_sum_pi_squared": false, "context_parallel_size": 2, "data_format": "thd", "dense_logits_bytes": 1502343168, "dense_rows": 9888, "distillation_only": false, "elapsed_s": 0.021604379056952894, "element_size": 2, "entropy_from_logits_chunk_size": 2048, "entropy_from_logits_with_chunking": false, "event_id": 75, "logits_dtype": "torch.bfloat16", "logits_saved_bytes": 880013312, "peak_allocated_bytes": 6127982080, "peak_increment_bytes": 1826488320, "pipeline_parallel_size": 2, "projected_rows": 4096, "rank": 5, "response_only_enabled": true, "role": "ref", "selected_rows": 4096, "tensor_parallel_size": 2, "vocab_shard": 75968}
[36m(WorkerDict pid=3627508)[0m WARNING:2026-09-10 22:52:26,494:VERL_RESPONSE_ONLY_LM_HEAD_PROFILE {"active_ratio": 0.0, "actual_logits_bytes": 151936, "allocated_before_bytes": 4301573632, "backend": "unfused", "calculate_entropy": false, "calculate_sum_pi_squared": false, "context_parallel_size": 2, "data_format": "thd", "dense_logits_bytes": 1502343168, "dense_rows": 9888, "distillation_only": false, "elapsed_s": 0.003680360969156027, "element_size": 2, "entropy_from_logits_chunk_size": 2048, "entropy_from_logits_with_chunking": false, "event_id": 76, "logits_dtype": "torch.bfloat16", "logits_saved_bytes": 1502191232, "peak_allocated_bytes": 4382728192, "peak_increment_bytes": 81154560, "pipeline_parallel_size": 2, "projected_rows": 1, "rank": 7, "response_only_enabled": true, "role": "ref", "selected_rows": 0, "tensor_parallel_size": 2, "vocab_shard": 75968}
[36m(WorkerDict pid=3627507)[0m WARNING:2026-09-10 22:52:26,494:VERL_RESPONSE_ONLY_LM_HEAD_PROFILE {"active_ratio": 0.0, "actual_logits_bytes": 151936, "allocated_before_bytes": 4301573632, "backend": "unfused", "calculate_entropy": false, "calculate_sum_pi_squared": false, "context_parallel_size": 2, "data_format": "thd", "dense_logits_bytes": 1502343168, "dense_rows": 9888, "distillation_only": false, "elapsed_s": 0.003665140946395695, "element_size": 2, "entropy_from_logits_chunk_size": 2048, "entropy_from_logits_with_chunking": false, "event_id": 76, "logits_dtype": "torch.bfloat16", "logits_saved_bytes": 1502191232, "peak_allocated_bytes": 4382728192, "peak_increment_bytes": 81154560, "pipeline_parallel_size": 2, "projected_rows": 1, "rank": 6, "response_only_enabled": true, "role": "ref", "selected_rows": 0, "tensor_parallel_size": 2, "vocab_shard": 75968}
[36m(WorkerDict pid=3627506)[0m WARNING:2026-09-10 22:52:26,512:VERL_RESPONSE_ONLY_LM_HEAD_PROFILE {"active_ratio": 0.41423948220064727, "actual_logits_bytes": 622329856, "allocated_before_bytes": 4301573632, "backend": "unfused", "calculate_entropy": false, "calculate_sum_pi_squared": false, "context_parallel_size": 2, "data_format": "thd", "dense_logits_bytes": 1502343168, "dense_rows": 9888, "distillation_only": false, "elapsed_s": 0.021568969008512795, "element_size": 2, "entropy_from_logits_chunk_size": 2048, "entropy_from_logits_with_chunking": false, "event_id": 76, "logits_dtype": "torch.bfloat16", "logits_saved_bytes": 880013312, "peak_allocated_bytes": 6128061952, "peak_increment_bytes": 1826488320, "pipeline_parallel_size": 2, "projected_rows": 4096, "rank": 5, "response_only_enabled": true, "role": "ref", "selected_rows": 4096, "tensor_parallel_size": 2, "vocab_shard": 75968}
[36m(WorkerDict pid=3627508)[0m WARNING:2026-09-10 22:52:26,809:VERL_RESPONSE_ONLY_LM_HEAD_PROFILE {"active_ratio": 0.0, "actual_logits_bytes": 151936, "allocated_before_bytes": 4301653504, "backend": "unfused", "calculate_entropy": false, "calculate_sum_pi_squared": false, "context_parallel_size": 2, "data_format": "thd", "dense_logits_bytes": 1502343168, "dense_rows": 9888, "distillation_only": false, "elapsed_s": 0.0037475719582289457, "element_size": 2, "entropy_from_logits_chunk_size": 2048, "entropy_from_logits_with_chunking": false, "event_id": 77, "logits_dtype": "torch.bfloat16", "logits_saved_bytes": 1502191232, "peak_allocated_bytes": 4382808064, "peak_increment_bytes": 81154560, "pipeline_parallel_size": 2, "projected_rows": 1, "rank": 7, "response_only_enabled": true, "role": "ref", "selected_rows": 0, "tensor_parallel_size": 2, "vocab_shard": 75968}
[36m(WorkerDict pid=3627507)[0m WARNING:2026-09-10 22:52:26,809:VERL_RESPONSE_ONLY_LM_HEAD_PROFILE {"active_ratio": 0.0, "actual_logits_bytes": 151936, "allocated_before_bytes": 4301653504, "backend": "unfused", "calculate_entropy": false, "calculate_sum_pi_squared": false, "context_parallel_size": 2, "data_format": "thd", "dense_logits_bytes": 1502343168, "dense_rows": 9888, "distillation_only": false, "elapsed_s": 0.003710241988301277, "element_size": 2, "entropy_from_logits_chunk_size": 2048, "entropy_from_logits_with_chunking": false, "event_id": 77, "logits_dtype": "torch.bfloat16", "logits_saved_bytes": 1502191232, "peak_allocated_bytes": 4382808064, "peak_increment_bytes": 81154560, "pipeline_parallel_size": 2, "projected_rows": 1, "rank": 6, "response_only_enabled": true, "role": "ref", "selected_rows": 0, "tensor_parallel_size": 2, "vocab_shard": 75968}
[36m(WorkerDict pid=3627506)[0m WARNING:2026-09-10 22:52:26,827:VERL_RESPONSE_ONLY_LM_HEAD_PROFILE {"active_ratio": 0.41423948220064727, "actual_logits_bytes": 622329856, "allocated_before_bytes": 4301653504, "backend": "unfused", "calculate_entropy": false, "calculate_sum_pi_squared": false, "context_parallel_size": 2, "data_format": "thd", "dense_logits_bytes": 1502343168, "dense_rows": 9888, "distillation_only": false, "elapsed_s": 0.021615748992189765, "element_size": 2, "entropy_from_logits_chunk_size": 2048, "entropy_from_logits_with_chunking": false, "event_id": 77, "logits_dtype": "torch.bfloat16", "logits_saved_bytes": 880013312, "peak_allocated_bytes": 6128141824, "peak_increment_bytes": 1826488320, "pipeline_parallel_size": 2, "projected_rows": 4096, "rank": 5, "response_only_enabled": true, "role": "ref", "selected_rows": 4096, "tensor_parallel_size": 2, "vocab_shard": 75968}
[36m(WorkerDict pid=3627508)[0m WARNING:2026-09-10 22:52:27,124:VERL_RESPONSE_ONLY_LM_HEAD_PROFILE {"active_ratio": 0.0, "actual_logits_bytes": 151936, "allocated_before_bytes": 4301733376, "backend": "unfused", "calculate_entropy": false, "calculate_sum_pi_squared": false, "context_parallel_size": 2, "data_format": "thd", "dense_logits_bytes": 1502343168, "dense_rows": 9888, "distillation_only": false, "elapsed_s": 0.0038391120033338666, "element_size": 2, "entropy_from_logits_chunk_size": 2048, "entropy_from_logits_with_chunking": false, "event_id": 78, "logits_dtype": "torch.bfloat16", "logits_saved_bytes": 1502191232, "peak_allocated_bytes": 4382887936, "peak_increment_bytes": 81154560, "pipeline_parallel_size": 2, "projected_rows": 1, "rank": 7, "response_only_enabled": true, "role": "ref", "selected_rows": 0, "tensor_parallel_size": 2, "vocab_shard": 75968}
[36m(WorkerDict pid=3627507)[0m WARNING:2026-09-10 22:52:27,124:VERL_RESPONSE_ONLY_LM_HEAD_PROFILE {"active_ratio": 0.0, "actual_logits_bytes": 151936, "allocated_before_bytes": 4301733376, "backend": "unfused", "calculate_entropy": false, "calculate_sum_pi_squared": false, "context_parallel_size": 2, "data_format": "thd", "dense_logits_bytes": 1502343168, "dense_rows": 9888, "distillation_only": false, "elapsed_s": 0.0036901419516652822, "element_size": 2, "entropy_from_logits_chunk_size": 2048, "entropy_from_logits_with_chunking": false, "event_id": 78, "logits_dtype": "torch.bfloat16", "logits_saved_bytes": 1502191232, "peak_allocated_bytes": 4382887936, "peak_increment_bytes": 81154560, "pipeline_parallel_size": 2, "projected_rows": 1, "rank": 6, "response_only_enabled": true, "role": "ref", "selected_rows": 0, "tensor_parallel_size": 2, "vocab_shard": 75968}
[36m(WorkerDict pid=3627506)[0m WARNING:2026-09-10 22:52:27,142:VERL_RESPONSE_ONLY_LM_HEAD_PROFILE {"active_ratio": 0.41423948220064727, "actual_logits_bytes": 622329856, "allocated_before_bytes": 4301733376, "backend": "unfused", "calculate_entropy": false, "calculate_sum_pi_squared": false, "context_parallel_size": 2, "data_format": "thd", "dense_logits_bytes": 1502343168, "dense_rows": 9888, "distillation_only": false, "elapsed_s": 0.021625409950502217, "element_size": 2, "entropy_from_logits_chunk_size": 2048, "entropy_from_logits_with_chunking": false, "event_id": 78, "logits_dtype": "torch.bfloat16", "logits_saved_bytes": 880013312, "peak_allocated_bytes": 6128221696, "peak_increment_bytes": 1826488320, "pipeline_parallel_size": 2, "projected_rows": 4096, "rank": 5, "response_only_enabled": true, "role": "ref", "selected_rows": 4096, "tensor_parallel_size": 2, "vocab_shard": 75968}
[36m(WorkerDict pid=3627508)[0m WARNING:2026-09-10 22:52:27,438:VERL_RESPONSE_ONLY_LM_HEAD_PROFILE {"active_ratio": 0.0, "actual_logits_bytes": 151936, "allocated_before_bytes": 4301813248, "backend": "unfused", "calculate_entropy": false, "calculate_sum_pi_squared": false, "context_parallel_size": 2, "data_format": "thd", "dense_logits_bytes": 1502343168, "dense_rows": 9888, "distillation_only": false, "elapsed_s": 0.0036988509818911552, "element_size": 2, "entropy_from_logits_chunk_size": 2048, "entropy_from_logits_with_chunking": false, "event_id": 79, "logits_dtype": "torch.bfloat16", "logits_saved_bytes": 1502191232, "peak_allocated_bytes": 4382967808, "peak_increment_bytes": 81154560, "pipeline_parallel_size": 2, "projected_rows": 1, "rank": 7, "response_only_enabled": true, "role": "ref", "selected_rows": 0, "tensor_parallel_size": 2, "vocab_shard": 75968}
[36m(WorkerDict pid=3627507)[0m WARNING:2026-09-10 22:52:27,437:VERL_RESPONSE_ONLY_LM_HEAD_PROFILE {"active_ratio": 0.0, "actual_logits_bytes": 151936, "allocated_before_bytes": 4301813248, "backend": "unfused", "calculate_entropy": false, "calculate_sum_pi_squared": false, "context_parallel_size": 2, "data_format": "thd", "dense_logits_bytes": 1502343168, "dense_rows": 9888, "distillation_only": false, "elapsed_s": 0.003632031031884253, "element_size": 2, "entropy_from_logits_chunk_size": 2048, "entropy_from_logits_with_chunking": false, "event_id": 79, "logits_dtype": "torch.bfloat16", "logits_saved_bytes": 1502191232, "peak_allocated_bytes": 4382967808, "peak_increment_bytes": 81154560, "pipeline_parallel_size": 2, "projected_rows": 1, "rank": 6, "response_only_enabled": true, "role": "ref", "selected_rows": 0, "tensor_parallel_size": 2, "vocab_shard": 75968}
[36m(WorkerDict pid=3627506)[0m WARNING:2026-09-10 22:52:27,456:VERL_RESPONSE_ONLY_LM_HEAD_PROFILE {"active_ratio": 0.41423948220064727, "actual_logits_bytes": 622329856, "allocated_before_bytes": 4301813248, "backend": "unfused", "calculate_entropy": false, "calculate_sum_pi_squared": false, "context_parallel_size": 2, "data_format": "thd", "dense_logits_bytes": 1502343168, "dense_rows": 9888, "distillation_only": false, "elapsed_s": 0.021607068949379027, "element_size": 2, "entropy_from_logits_chunk_size": 2048, "entropy_from_logits_with_chunking": false, "event_id": 79, "logits_dtype": "torch.bfloat16", "logits_saved_bytes": 880013312, "peak_allocated_bytes": 6128301568, "peak_increment_bytes": 1826488320, "pipeline_parallel_size": 2, "projected_rows": 4096, "rank": 5, "response_only_enabled": true, "role": "ref", "selected_rows": 4096, "tensor_parallel_size": 2, "vocab_shard": 75968}
[36m(WorkerDict pid=3627508)[0m WARNING:2026-09-10 22:52:34,948:VERL_RESPONSE_ONLY_LM_HEAD_PROFILE {"active_ratio": 0.0, "actual_logits_bytes": 151936, "allocated_before_bytes": 25507985408, "backend": "unfused", "calculate_entropy": true, "calculate_sum_pi_squared": false, "context_parallel_size": 2, "data_format": "thd", "dense_logits_bytes": 1503558656, "dense_rows": 9896, "distillation_only": false, "elapsed_s": 0.007170752971433103, "element_size": 2, "entropy_from_logits_chunk_size": 2048, "entropy_from_logits_with_chunking": false, "event_id": 80, "logits_dtype": "torch.bfloat16", "logits_saved_bytes": 1503406720, "peak_allocated_bytes": 25589205504, "peak_increment_bytes": 81220096, "pipeline_parallel_size": 2, "projected_rows": 1, "rank": 7, "response_only_enabled": true, "role": "actor", "selected_rows": 0, "tensor_parallel_size": 2, "vocab_shard": 75968}
[36m(WorkerDict pid=3627507)[0m WARNING:2026-09-10 22:52:34,949:VERL_RESPONSE_ONLY_LM_HEAD_PROFILE {"active_ratio": 0.0, "actual_logits_bytes": 151936, "allocated_before_bytes": 25507985408, "backend": "unfused", "calculate_entropy": true, "calculate_sum_pi_squared": false, "context_parallel_size": 2, "data_format": "thd", "dense_logits_bytes": 1503558656, "dense_rows": 9896, "distillation_only": false, "elapsed_s": 0.007245543063618243, "element_size": 2, "entropy_from_logits_chunk_size": 2048, "entropy_from_logits_with_chunking": false, "event_id": 80, "logits_dtype": "torch.bfloat16", "logits_saved_bytes": 1503406720, "peak_allocated_bytes": 25589205504, "peak_increment_bytes": 81220096, "pipeline_parallel_size": 2, "projected_rows": 1, "rank": 6, "response_only_enabled": true, "role": "actor", "selected_rows": 0, "tensor_parallel_size": 2, "vocab_shard": 75968}
[36m(WorkerDict pid=3627506)[0m WARNING:2026-09-10 22:52:35,013:VERL_RESPONSE_ONLY_LM_HEAD_PROFILE {"active_ratio": 0.41390460792239286, "actual_logits_bytes": 622329856, "allocated_before_bytes": 25507985408, "backend": "unfused", "calculate_entropy": true, "calculate_sum_pi_squared": false, "context_parallel_size": 2, "data_format": "thd", "dense_logits_bytes": 1503558656, "dense_rows": 9896, "distillation_only": false, "elapsed_s": 0.07198337197769433, "element_size": 2, "entropy_from_logits_chunk_size": 2048, "entropy_from_logits_with_chunking": false, "event_id": 80, "logits_dtype": "torch.bfloat16", "logits_saved_bytes": 881228800, "peak_allocated_bytes": 29235386368, "peak_increment_bytes": 3727400960, "pipeline_parallel_size": 2, "projected_rows": 4096, "rank": 5, "response_only_enabled": true, "role": "actor", "selected_rows": 4096, "tensor_parallel_size": 2, "vocab_shard": 75968}
[36m(WorkerDict pid=3627508)[0m WARNING:2026-09-10 22:52:36,209:VERL_RESPONSE_ONLY_LM_HEAD_PROFILE {"active_ratio": 0.0, "actual_logits_bytes": 151936, "allocated_before_bytes": 26363948032, "backend": "unfused", "calculate_entropy": true, "calculate_sum_pi_squared": false, "context_parallel_size": 2, "data_format": "thd", "dense_logits_bytes": 1503558656, "dense_rows": 9896, "distillation_only": false, "elapsed_s": 0.006908272975124419, "element_size": 2, "entropy_from_logits_chunk_size": 2048, "entropy_from_logits_with_chunking": false, "event_id": 81, "logits_dtype": "torch.bfloat16", "logits_saved_bytes": 1503406720, "peak_allocated_bytes": 26445168128, "peak_increment_bytes": 81220096, "pipeline_parallel_size": 2, "projected_rows": 1, "rank": 7, "response_only_enabled": true, "role": "actor", "selected_rows": 0, "tensor_parallel_size": 2, "vocab_shard": 75968}
[36m(WorkerDict pid=3627507)[0m WARNING:2026-09-10 22:52:36,209:VERL_RESPONSE_ONLY_LM_HEAD_PROFILE {"active_ratio": 0.0, "actual_logits_bytes": 151936, "allocated_before_bytes": 26363948032, "backend": "unfused", "calculate_entropy": true, "calculate_sum_pi_squared": false, "context_parallel_size": 2, "data_format": "thd", "dense_logits_bytes": 1503558656, "dense_rows": 9896, "distillation_only": false, "elapsed_s": 0.007166702998802066, "element_size": 2, "entropy_from_logits_chunk_size": 2048, "entropy_from_logits_with_chunking": false, "event_id": 81, "logits_dtype": "torch.bfloat16", "logits_saved_bytes": 1503406720, "peak_allocated_bytes": 26445168128, "peak_increment_bytes": 81220096, "pipeline_parallel_size": 2, "projected_rows": 1, "rank": 6, "response_only_enabled": true, "role": "actor", "selected_rows": 0, "tensor_parallel_size": 2, "vocab_shard": 75968}
[36m(WorkerDict pid=3627506)[0m WARNING:2026-09-10 22:52:36,522:VERL_RESPONSE_ONLY_LM_HEAD_PROFILE {"active_ratio": 0.41390460792239286, "actual_logits_bytes": 622329856, "allocated_before_bytes": 26363948032, "backend": "unfused", "calculate_entropy": true, "calculate_sum_pi_squared": false, "context_parallel_size": 2, "data_format": "thd", "dense_logits_bytes": 1503558656, "dense_rows": 9896, "distillation_only": false, "elapsed_s": 0.32021550298668444, "element_size": 2, "entropy_from_logits_chunk_size": 2048, "entropy_from_logits_with_chunking": false, "event_id": 81, "logits_dtype": "torch.bfloat16", "logits_saved_bytes": 881228800, "peak_allocated_bytes": 30091348992, "peak_increment_bytes": 3727400960, "pipeline_parallel_size": 2, "projected_rows": 4096, "rank": 5, "response_only_enabled": true, "role": "actor", "selected_rows": 4096, "tensor_parallel_size": 2, "vocab_shard": 75968}
[36m(WorkerDict pid=3627508)[0m WARNING:2026-09-10 22:52:37,734:VERL_RESPONSE_ONLY_LM_HEAD_PROFILE {"active_ratio": 0.0, "actual_logits_bytes": 151936, "allocated_before_bytes": 26404642304, "backend": "unfused", "calculate_entropy": true, "calculate_sum_pi_squared": false, "context_parallel_size": 2, "data_format": "thd", "dense_logits_bytes": 1503558656, "dense_rows": 9896, "distillation_only": false, "elapsed_s": 0.006956362980417907, "element_size": 2, "entropy_from_logits_chunk_size": 2048, "entropy_from_logits_with_chunking": false, "event_id": 82, "logits_dtype": "torch.bfloat16", "logits_saved_bytes": 1503406720, "peak_allocated_bytes": 26485862400, "peak_increment_bytes": 81220096, "pipeline_parallel_size": 2, "projected_rows": 1, "rank": 7, "response_only_enabled": true, "role": "actor", "selected_rows": 0, "tensor_parallel_size": 2, "vocab_shard": 75968}
[36m(WorkerDict pid=3627507)[0m WARNING:2026-09-10 22:52:37,734:VERL_RESPONSE_ONLY_LM_HEAD_PROFILE {"active_ratio": 0.0, "actual_logits_bytes": 151936, "allocated_before_bytes": 26404642304, "backend": "unfused", "calculate_entropy": true, "calculate_sum_pi_squared": false, "context_parallel_size": 2, "data_format": "thd", "dense_logits_bytes": 1503558656, "dense_rows": 9896, "distillation_only": false, "elapsed_s": 0.007025732891634107, "element_size": 2, "entropy_from_logits_chunk_size": 2048, "entropy_from_logits_with_chunking": false, "event_id": 82, "logits_dtype": "torch.bfloat16", "logits_saved_bytes": 1503406720, "peak_allocated_bytes": 26485862400, "peak_increment_bytes": 81220096, "pipeline_parallel_size": 2, "projected_rows": 1, "rank": 6, "response_only_enabled": true, "role": "actor", "selected_rows": 0, "tensor_parallel_size": 2, "vocab_shard": 75968}
[36m(WorkerDict pid=3627506)[0m WARNING:2026-09-10 22:52:37,758:VERL_RESPONSE_ONLY_LM_HEAD_PROFILE {"active_ratio": 0.41390460792239286, "actual_logits_bytes": 622329856, "allocated_before_bytes": 26404642304, "backend": "unfused", "calculate_entropy": true, "calculate_sum_pi_squared": false, "context_parallel_size": 2, "data_format": "thd", "dense_logits_bytes": 1503558656, "dense_rows": 9896, "distillation_only": false, "elapsed_s": 0.030972404056228697, "element_size": 2, "entropy_from_logits_chunk_size": 2048, "entropy_from_logits_with_chunking": false, "event_id": 82, "logits_dtype": "torch.bfloat16", "logits_saved_bytes": 881228800, "peak_allocated_bytes": 30132043264, "peak_increment_bytes": 3727400960, "pipeline_parallel_size": 2, "projected_rows": 4096, "rank": 5, "response_only_enabled": true, "role": "actor", "selected_rows": 4096, "tensor_parallel_size": 2, "vocab_shard": 75968}
[36m(WorkerDict pid=3627508)[0m WARNING:2026-09-10 22:52:38,952:VERL_RESPONSE_ONLY_LM_HEAD_PROFILE {"active_ratio": 0.0, "actual_logits_bytes": 151936, "allocated_before_bytes": 26445336576, "backend": "unfused", "calculate_entropy": true, "calculate_sum_pi_squared": false, "context_parallel_size": 2, "data_format": "thd", "dense_logits_bytes": 1503558656, "dense_rows": 9896, "distillation_only": false, "elapsed_s": 0.007033962989225984, "element_size": 2, "entropy_from_logits_chunk_size": 2048, "entropy_from_logits_with_chunking": false, "event_id": 83, "logits_dtype": "torch.bfloat16", "logits_saved_bytes": 1503406720, "peak_allocated_bytes": 26526556672, "peak_increment_bytes": 81220096, "pipeline_parallel_size": 2, "projected_rows": 1, "rank": 7, "response_only_enabled": true, "role": "actor", "selected_rows": 0, "tensor_parallel_size": 2, "vocab_shard": 75968}
[36m(WorkerDict pid=3627507)[0m WARNING:2026-09-10 22:52:38,952:VERL_RESPONSE_ONLY_LM_HEAD_PROFILE {"active_ratio": 0.0, "actual_logits_bytes": 151936, "allocated_before_bytes": 26445336576, "backend": "unfused", "calculate_entropy": true, "calculate_sum_pi_squared": false, "context_parallel_size": 2, "data_format": "thd", "dense_logits_bytes": 1503558656, "dense_rows": 9896, "distillation_only": false, "elapsed_s": 0.006862913025543094, "element_size": 2, "entropy_from_logits_chunk_size": 2048, "entropy_from_logits_with_chunking": false, "event_id": 83, "logits_dtype": "torch.bfloat16", "logits_saved_bytes": 1503406720, "peak_allocated_bytes": 26526556672, "peak_increment_bytes": 81220096, "pipeline_parallel_size": 2, "projected_rows": 1, "rank": 6, "response_only_enabled": true, "role": "actor", "selected_rows": 0, "tensor_parallel_size": 2, "vocab_shard": 75968}
[36m(WorkerDict pid=3627506)[0m WARNING:2026-09-10 22:52:38,977:VERL_RESPONSE_ONLY_LM_HEAD_PROFILE {"active_ratio": 0.41390460792239286, "actual_logits_bytes": 622329856, "allocated_before_bytes": 26445336576, "backend": "unfused", "calculate_entropy": true, "calculate_sum_pi_squared": false, "context_parallel_size": 2, "data_format": "thd", "dense_logits_bytes": 1503558656, "dense_rows": 9896, "distillation_only": false, "elapsed_s": 0.03108127403538674, "element_size": 2, "entropy_from_logits_chunk_size": 2048, "entropy_from_logits_with_chunking": false, "event_id": 83, "logits_dtype": "torch.bfloat16", "logits_saved_bytes": 881228800, "peak_allocated_bytes": 30172737536, "peak_increment_bytes": 3727400960, "pipeline_parallel_size": 2, "projected_rows": 4096, "rank": 5, "response_only_enabled": true, "role": "actor", "selected_rows": 4096, "tensor_parallel_size": 2, "vocab_shard": 75968}
[36m(WorkerDict pid=3627508)[0m WARNING:2026-09-10 22:52:41,437:VERL_RESPONSE_ONLY_LM_HEAD_PROFILE {"active_ratio": 0.0, "actual_logits_bytes": 151936, "allocated_before_bytes": 26323253248, "backend": "unfused", "calculate_entropy": true, "calculate_sum_pi_squared": false, "context_parallel_size": 2, "data_format": "thd", "dense_logits_bytes": 1503558656, "dense_rows": 9896, "distillation_only": false, "elapsed_s": 0.0075135339284315705, "element_size": 2, "entropy_from_logits_chunk_size": 2048, "entropy_from_logits_with_chunking": false, "event_id": 84, "logits_dtype": "torch.bfloat16", "logits_saved_bytes": 1503406720, "peak_allocated_bytes": 26404473344, "peak_increment_bytes": 81220096, "pipeline_parallel_size": 2, "projected_rows": 1, "rank": 7, "response_only_enabled": true, "role": "actor", "selected_rows": 0, "tensor_parallel_size": 2, "vocab_shard": 75968}
[36m(WorkerDict pid=3627507)[0m WARNING:2026-09-10 22:52:41,437:VERL_RESPONSE_ONLY_LM_HEAD_PROFILE {"active_ratio": 0.0, "actual_logits_bytes": 151936, "allocated_before_bytes": 26323253248, "backend": "unfused", "calculate_entropy": true, "calculate_sum_pi_squared": false, "context_parallel_size": 2, "data_format": "thd", "dense_logits_bytes": 1503558656, "dense_rows": 9896, "distillation_only": false, "elapsed_s": 0.0075020239455625415, "element_size": 2, "entropy_from_logits_chunk_size": 2048, "entropy_from_logits_with_chunking": false, "event_id": 84, "logits_dtype": "torch.bfloat16", "logits_saved_bytes": 1503406720, "peak_allocated_bytes": 26404473344, "peak_increment_bytes": 81220096, "pipeline_parallel_size": 2, "projected_rows": 1, "rank": 6, "response_only_enabled": true, "role": "actor", "selected_rows": 0, "tensor_parallel_size": 2, "vocab_shard": 75968}
[36m(WorkerDict pid=3627506)[0m WARNING:2026-09-10 22:52:41,461:VERL_RESPONSE_ONLY_LM_HEAD_PROFILE {"active_ratio": 0.41390460792239286, "actual_logits_bytes": 622329856, "allocated_before_bytes": 26323253248, "backend": "unfused", "calculate_entropy": true, "calculate_sum_pi_squared": false, "context_parallel_size": 2, "data_format": "thd", "dense_logits_bytes": 1503558656, "dense_rows": 9896, "distillation_only": false, "elapsed_s": 0.031019354006275535, "element_size": 2, "entropy_from_logits_chunk_size": 2048, "entropy_from_logits_with_chunking": false, "event_id": 84, "logits_dtype": "torch.bfloat16", "logits_saved_bytes": 881228800, "peak_allocated_bytes": 30050654208, "peak_increment_bytes": 3727400960, "pipeline_parallel_size": 2, "projected_rows": 4096, "rank": 5, "response_only_enabled": true, "role": "actor", "selected_rows": 4096, "tensor_parallel_size": 2, "vocab_shard": 75968}
[36m(WorkerDict pid=3627508)[0m WARNING:2026-09-10 22:52:42,656:VERL_RESPONSE_ONLY_LM_HEAD_PROFILE {"active_ratio": 0.0, "actual_logits_bytes": 151936, "allocated_before_bytes": 26363948032, "backend": "unfused", "calculate_entropy": true, "calculate_sum_pi_squared": false, "context_parallel_size": 2, "data_format": "thd", "dense_logits_bytes": 1503558656, "dense_rows": 9896, "distillation_only": false, "elapsed_s": 0.006939773913472891, "element_size": 2, "entropy_from_logits_chunk_size": 2048, "entropy_from_logits_with_chunking": false, "event_id": 85, "logits_dtype": "torch.bfloat16", "logits_saved_bytes": 1503406720, "peak_allocated_bytes": 26445168128, "peak_increment_bytes": 81220096, "pipeline_parallel_size": 2, "projected_rows": 1, "rank": 7, "response_only_enabled": true, "role": "actor", "selected_rows": 0, "tensor_parallel_size": 2, "vocab_shard": 75968}
[36m(WorkerDict pid=3627507)[0m WARNING:2026-09-10 22:52:42,656:VERL_RESPONSE_ONLY_LM_HEAD_PROFILE {"active_ratio": 0.0, "actual_logits_bytes": 151936, "allocated_before_bytes": 26363948032, "backend": "unfused", "calculate_entropy": true, "calculate_sum_pi_squared": false, "context_parallel_size": 2, "data_format": "thd", "dense_logits_bytes": 1503558656, "dense_rows": 9896, "distillation_only": false, "elapsed_s": 0.007108543999493122, "element_size": 2, "entropy_from_logits_chunk_size": 2048, "entropy_from_logits_with_chunking": false, "event_id": 85, "logits_dtype": "torch.bfloat16", "logits_saved_bytes": 1503406720, "peak_allocated_bytes": 26445168128, "peak_increment_bytes": 81220096, "pipeline_parallel_size": 2, "projected_rows": 1, "rank": 6, "response_only_enabled": true, "role": "actor", "selected_rows": 0, "tensor_parallel_size": 2, "vocab_shard": 75968}
[36m(WorkerDict pid=3627506)[0m WARNING:2026-09-10 22:52:42,681:VERL_RESPONSE_ONLY_LM_HEAD_PROFILE {"active_ratio": 0.41390460792239286, "actual_logits_bytes": 622329856, "allocated_before_bytes": 26363948032, "backend": "unfused", "calculate_entropy": true, "calculate_sum_pi_squared": false, "context_parallel_size": 2, "data_format": "thd", "dense_logits_bytes": 1503558656, "dense_rows": 9896, "distillation_only": false, "elapsed_s": 0.03110375301912427, "element_size": 2, "entropy_from_logits_chunk_size": 2048, "entropy_from_logits_with_chunking": false, "event_id": 85, "logits_dtype": "torch.bfloat16", "logits_saved_bytes": 881228800, "peak_allocated_bytes": 30091348992, "peak_increment_bytes": 3727400960, "pipeline_parallel_size": 2, "projected_rows": 4096, "rank": 5, "response_only_enabled": true, "role": "actor", "selected_rows": 4096, "tensor_parallel_size": 2, "vocab_shard": 75968}
[36m(WorkerDict pid=3627508)[0m WARNING:2026-09-10 22:52:43,877:VERL_RESPONSE_ONLY_LM_HEAD_PROFILE {"active_ratio": 0.0, "actual_logits_bytes": 151936, "allocated_before_bytes": 26404642304, "backend": "unfused", "calculate_entropy": true, "calculate_sum_pi_squared": false, "context_parallel_size": 2, "data_format": "thd", "dense_logits_bytes": 1503558656, "dense_rows": 9896, "distillation_only": false, "elapsed_s": 0.006872202968224883, "element_size": 2, "entropy_from_logits_chunk_size": 2048, "entropy_from_logits_with_chunking": false, "event_id": 86, "logits_dtype": "torch.bfloat16", "logits_saved_bytes": 1503406720, "peak_allocated_bytes": 26485862400, "peak_increment_bytes": 81220096, "pipeline_parallel_size": 2, "projected_rows": 1, "rank": 7, "response_only_enabled": true, "role": "actor", "selected_rows": 0, "tensor_parallel_size": 2, "vocab_shard": 75968}
[36m(WorkerDict pid=3627507)[0m WARNING:2026-09-10 22:52:43,877:VERL_RESPONSE_ONLY_LM_HEAD_PROFILE {"active_ratio": 0.0, "actual_logits_bytes": 151936, "allocated_before_bytes": 26404642304, "backend": "unfused", "calculate_entropy": true, "calculate_sum_pi_squared": false, "context_parallel_size": 2, "data_format": "thd", "dense_logits_bytes": 1503558656, "dense_rows": 9896, "distillation_only": false, "elapsed_s": 0.007083683041855693, "element_size": 2, "entropy_from_logits_chunk_size": 2048, "entropy_from_logits_with_chunking": false, "event_id": 86, "logits_dtype": "torch.bfloat16", "logits_saved_bytes": 1503406720, "peak_allocated_bytes": 26485862400, "peak_increment_bytes": 81220096, "pipeline_parallel_size": 2, "projected_rows": 1, "rank": 6, "response_only_enabled": true, "role": "actor", "selected_rows": 0, "tensor_parallel_size": 2, "vocab_shard": 75968}
[36m(WorkerDict pid=3627506)[0m WARNING:2026-09-10 22:52:43,902:VERL_RESPONSE_ONLY_LM_HEAD_PROFILE {"active_ratio": 0.41390460792239286, "actual_logits_bytes": 622329856, "allocated_before_bytes": 26404642304, "backend": "unfused", "calculate_entropy": true, "calculate_sum_pi_squared": false, "context_parallel_size": 2, "data_format": "thd", "dense_logits_bytes": 1503558656, "dense_rows": 9896, "distillation_only": false, "elapsed_s": 0.031201843987219036, "element_size": 2, "entropy_from_logits_chunk_size": 2048, "entropy_from_logits_with_chunking": false, "event_id": 86, "logits_dtype": "torch.bfloat16", "logits_saved_bytes": 881228800, "peak_allocated_bytes": 30132043264, "peak_increment_bytes": 3727400960, "pipeline_parallel_size": 2, "projected_rows": 4096, "rank": 5, "response_only_enabled": true, "role": "actor", "selected_rows": 4096, "tensor_parallel_size": 2, "vocab_shard": 75968}
[36m(WorkerDict pid=3627508)[0m WARNING:2026-09-10 22:52:45,097:VERL_RESPONSE_ONLY_LM_HEAD_PROFILE {"active_ratio": 0.0, "actual_logits_bytes": 151936, "allocated_before_bytes": 26445336576, "backend": "unfused", "calculate_entropy": true, "calculate_sum_pi_squared": false, "context_parallel_size": 2, "data_format": "thd", "dense_logits_bytes": 1503558656, "dense_rows": 9896, "distillation_only": false, "elapsed_s": 0.00730286305770278, "element_size": 2, "entropy_from_logits_chunk_size": 2048, "entropy_from_logits_with_chunking": false, "event_id": 87, "logits_dtype": "torch.bfloat16", "logits_saved_bytes": 1503406720, "peak_allocated_bytes": 26526556672, "peak_increment_bytes": 81220096, "pipeline_parallel_size": 2, "projected_rows": 1, "rank": 7, "response_only_enabled": true, "role": "actor", "selected_rows": 0, "tensor_parallel_size": 2, "vocab_shard": 75968}
[36m(WorkerDict pid=3627507)[0m WARNING:2026-09-10 22:52:45,097:VERL_RESPONSE_ONLY_LM_HEAD_PROFILE {"active_ratio": 0.0, "actual_logits_bytes": 151936, "allocated_before_bytes": 26445336576, "backend": "unfused", "calculate_entropy": true, "calculate_sum_pi_squared": false, "context_parallel_size": 2, "data_format": "thd", "dense_logits_bytes": 1503558656, "dense_rows": 9896, "distillation_only": false, "elapsed_s": 0.007114842999726534, "element_size": 2, "entropy_from_logits_chunk_size": 2048, "entropy_from_logits_with_chunking": false, "event_id": 87, "logits_dtype": "torch.bfloat16", "logits_saved_bytes": 1503406720, "peak_allocated_bytes": 26526556672, "peak_increment_bytes": 81220096, "pipeline_parallel_size": 2, "projected_rows": 1, "rank": 6, "response_only_enabled": true, "role": "actor", "selected_rows": 0, "tensor_parallel_size": 2, "vocab_shard": 75968}
[36m(WorkerDict pid=3627506)[0m WARNING:2026-09-10 22:52:45,122:VERL_RESPONSE_ONLY_LM_HEAD_PROFILE {"active_ratio": 0.41390460792239286, "actual_logits_bytes": 622329856, "allocated_before_bytes": 26445336576, "backend": "unfused", "calculate_entropy": true, "calculate_sum_pi_squared": false, "context_parallel_size": 2, "data_format": "thd", "dense_logits_bytes": 1503558656, "dense_rows": 9896, "distillation_only": false, "elapsed_s": 0.031187574029900134, "element_size": 2, "entropy_from_logits_chunk_size": 2048, "entropy_from_logits_with_chunking": false, "event_id": 87, "logits_dtype": "torch.bfloat16", "logits_saved_bytes": 881228800, "peak_allocated_bytes": 30172737536, "peak_increment_bytes": 3727400960, "pipeline_parallel_size": 2, "projected_rows": 4096, "rank": 5, "response_only_enabled": true, "role": "actor", "selected_rows": 4096, "tensor_parallel_size": 2, "vocab_shard": 75968}
[36m(WorkerDict pid=3627508)[0m WARNING:2026-09-10 22:52:47,599:VERL_RESPONSE_ONLY_LM_HEAD_PROFILE {"active_ratio": 0.0, "actual_logits_bytes": 151936, "allocated_before_bytes": 26322595840, "backend": "unfused", "calculate_entropy": true, "calculate_sum_pi_squared": false, "context_parallel_size": 2, "data_format": "thd", "dense_logits_bytes": 1502343168, "dense_rows": 9888, "distillation_only": false, "elapsed_s": 0.007296432973816991, "element_size": 2, "entropy_from_logits_chunk_size": 2048, "entropy_from_logits_with_chunking": false, "event_id": 88, "logits_dtype": "torch.bfloat16", "logits_saved_bytes": 1502191232, "peak_allocated_bytes": 26403750400, "peak_increment_bytes": 81154560, "pipeline_parallel_size": 2, "projected_rows": 1, "rank": 7, "response_only_enabled": true, "role": "actor", "selected_rows": 0, "tensor_parallel_size": 2, "vocab_shard": 75968}
[36m(WorkerDict pid=3627507)[0m WARNING:2026-09-10 22:52:47,599:VERL_RESPONSE_ONLY_LM_HEAD_PROFILE {"active_ratio": 0.0, "actual_logits_bytes": 151936, "allocated_before_bytes": 26322595840, "backend": "unfused", "calculate_entropy": true, "calculate_sum_pi_squared": false, "context_parallel_size": 2, "data_format": "thd", "dense_logits_bytes": 1502343168, "dense_rows": 9888, "distillation_only": false, "elapsed_s": 0.007481132983230054, "element_size": 2, "entropy_from_logits_chunk_size": 2048, "entropy_from_logits_with_chunking": false, "event_id": 88, "logits_dtype": "torch.bfloat16", "logits_saved_bytes": 1502191232, "peak_allocated_bytes": 26403750400, "peak_increment_bytes": 81154560, "pipeline_parallel_size": 2, "projected_rows": 1, "rank": 6, "response_only_enabled": true, "role": "actor", "selected_rows": 0, "tensor_parallel_size": 2, "vocab_shard": 75968}
[36m(WorkerDict pid=3627506)[0m WARNING:2026-09-10 22:52:47,623:VERL_RESPONSE_ONLY_LM_HEAD_PROFILE {"active_ratio": 0.41423948220064727, "actual_logits_bytes": 622329856, "allocated_before_bytes": 26322595840, "backend": "unfused", "calculate_entropy": true, "calculate_sum_pi_squared": false, "context_parallel_size": 2, "data_format": "thd", "dense_logits_bytes": 1502343168, "dense_rows": 9888, "distillation_only": false, "elapsed_s": 0.03085030405782163, "element_size": 2, "entropy_from_logits_chunk_size": 2048, "entropy_from_logits_with_chunking": false, "event_id": 88, "logits_dtype": "torch.bfloat16", "logits_saved_bytes": 880013312, "peak_allocated_bytes": 30050029568, "peak_increment_bytes": 3727433728, "pipeline_parallel_size": 2, "projected_rows": 4096, "rank": 5, "response_only_enabled": true, "role": "actor", "selected_rows": 4096, "tensor_parallel_size": 2, "vocab_shard": 75968}
[36m(WorkerDict pid=3627508)[0m WARNING:2026-09-10 22:52:48,827:VERL_RESPONSE_ONLY_LM_HEAD_PROFILE {"active_ratio": 0.0, "actual_logits_bytes": 151936, "allocated_before_bytes": 26363257856, "backend": "unfused", "calculate_entropy": true, "calculate_sum_pi_squared": false, "context_parallel_size": 2, "data_format": "thd", "dense_logits_bytes": 1502343168, "dense_rows": 9888, "distillation_only": false, "elapsed_s": 0.006981323007494211, "element_size": 2, "entropy_from_logits_chunk_size": 2048, "entropy_from_logits_with_chunking": false, "event_id": 89, "logits_dtype": "torch.bfloat16", "logits_saved_bytes": 1502191232, "peak_allocated_bytes": 26444412416, "peak_increment_bytes": 81154560, "pipeline_parallel_size": 2, "projected_rows": 1, "rank": 7, "response_only_enabled": true, "role": "actor", "selected_rows": 0, "tensor_parallel_size": 2, "vocab_shard": 75968}
[36m(WorkerDict pid=3627507)[0m WARNING:2026-09-10 22:52:48,827:VERL_RESPONSE_ONLY_LM_HEAD_PROFILE {"active_ratio": 0.0, "actual_logits_bytes": 151936, "allocated_before_bytes": 26363257856, "backend": "unfused", "calculate_entropy": true, "calculate_sum_pi_squared": false, "context_parallel_size": 2, "data_format": "thd", "dense_logits_bytes": 1502343168, "dense_rows": 9888, "distillation_only": false, "elapsed_s": 0.006857583066448569, "element_size": 2, "entropy_from_logits_chunk_size": 2048, "entropy_from_logits_with_chunking": false, "event_id": 89, "logits_dtype": "torch.bfloat16", "logits_saved_bytes": 1502191232, "peak_allocated_bytes": 26444412416, "peak_increment_bytes": 81154560, "pipeline_parallel_size": 2, "projected_rows": 1, "rank": 6, "response_only_enabled": true, "role": "actor", "selected_rows": 0, "tensor_parallel_size": 2, "vocab_shard": 75968}
[36m(WorkerDict pid=3627506)[0m WARNING:2026-09-10 22:52:48,851:VERL_RESPONSE_ONLY_LM_HEAD_PROFILE {"active_ratio": 0.41423948220064727, "actual_logits_bytes": 622329856, "allocated_before_bytes": 26363257856, "backend": "unfused", "calculate_entropy": true, "calculate_sum_pi_squared": false, "context_parallel_size": 2, "data_format": "thd", "dense_logits_bytes": 1502343168, "dense_rows": 9888, "distillation_only": false, "elapsed_s": 0.031125664012506604, "element_size": 2, "entropy_from_logits_chunk_size": 2048, "entropy_from_logits_with_chunking": false, "event_id": 89, "logits_dtype": "torch.bfloat16", "logits_saved_bytes": 880013312, "peak_allocated_bytes": 30090691584, "peak_increment_bytes": 3727433728, "pipeline_parallel_size": 2, "projected_rows": 4096, "rank": 5, "response_only_enabled": true, "role": "actor", "selected_rows": 4096, "tensor_parallel_size": 2, "vocab_shard": 75968}
[36m(WorkerDict pid=3627508)[0m WARNING:2026-09-10 22:52:50,060:VERL_RESPONSE_ONLY_LM_HEAD_PROFILE {"active_ratio": 0.0, "actual_logits_bytes": 151936, "allocated_before_bytes": 26403919360, "backend": "unfused", "calculate_entropy": true, "calculate_sum_pi_squared": false, "context_parallel_size": 2, "data_format": "thd", "dense_logits_bytes": 1502343168, "dense_rows": 9888, "distillation_only": false, "elapsed_s": 0.007067953003570437, "element_size": 2, "entropy_from_logits_chunk_size": 2048, "entropy_from_logits_with_chunking": false, "event_id": 90, "logits_dtype": "torch.bfloat16", "logits_saved_bytes": 1502191232, "peak_allocated_bytes": 26485073920, "peak_increment_bytes": 81154560, "pipeline_parallel_size": 2, "projected_rows": 1, "rank": 7, "response_only_enabled": true, "role": "actor", "selected_rows": 0, "tensor_parallel_size": 2, "vocab_shard": 75968}
[36m(WorkerDict pid=3627507)[0m WARNING:2026-09-10 22:52:50,060:VERL_RESPONSE_ONLY_LM_HEAD_PROFILE {"active_ratio": 0.0, "actual_logits_bytes": 151936, "allocated_before_bytes": 26403919360, "backend": "unfused", "calculate_entropy": true, "calculate_sum_pi_squared": false, "context_parallel_size": 2, "data_format": "thd", "dense_logits_bytes": 1502343168, "dense_rows": 9888, "distillation_only": false, "elapsed_s": 0.0070436629466712475, "element_size": 2, "entropy_from_logits_chunk_size": 2048, "entropy_from_logits_with_chunking": false, "event_id": 90, "logits_dtype": "torch.bfloat16", "logits_saved_bytes": 1502191232, "peak_allocated_bytes": 26485073920, "peak_increment_bytes": 81154560, "pipeline_parallel_size": 2, "projected_rows": 1, "rank": 6, "response_only_enabled": true, "role": "actor", "selected_rows": 0, "tensor_parallel_size": 2, "vocab_shard": 75968}
[36m(WorkerDict pid=3627506)[0m WARNING:2026-09-10 22:52:50,085:VERL_RESPONSE_ONLY_LM_HEAD_PROFILE {"active_ratio": 0.41423948220064727, "actual_logits_bytes": 622329856, "allocated_before_bytes": 26403919360, "backend": "unfused", "calculate_entropy": true, "calculate_sum_pi_squared": false, "context_parallel_size": 2, "data_format": "thd", "dense_logits_bytes": 1502343168, "dense_rows": 9888, "distillation_only": false, "elapsed_s": 0.031239983974955976, "element_size": 2, "entropy_from_logits_chunk_size": 2048, "entropy_from_logits_with_chunking": false, "event_id": 90, "logits_dtype": "torch.bfloat16", "logits_saved_bytes": 880013312, "peak_allocated_bytes": 30131353088, "peak_increment_bytes": 3727433728, "pipeline_parallel_size": 2, "projected_rows": 4096, "rank": 5, "response_only_enabled": true, "role": "actor", "selected_rows": 4096, "tensor_parallel_size": 2, "vocab_shard": 75968}
[36m(WorkerDict pid=3627508)[0m WARNING:2026-09-10 22:52:51,285:VERL_RESPONSE_ONLY_LM_HEAD_PROFILE {"active_ratio": 0.0, "actual_logits_bytes": 151936, "allocated_before_bytes": 26444580864, "backend": "unfused", "calculate_entropy": true, "calculate_sum_pi_squared": false, "context_parallel_size": 2, "data_format": "thd", "dense_logits_bytes": 1502343168, "dense_rows": 9888, "distillation_only": false, "elapsed_s": 0.0070212529972195625, "element_size": 2, "entropy_from_logits_chunk_size": 2048, "entropy_from_logits_with_chunking": false, "event_id": 91, "logits_dtype": "torch.bfloat16", "logits_saved_bytes": 1502191232, "peak_allocated_bytes": 26525735424, "peak_increment_bytes": 81154560, "pipeline_parallel_size": 2, "projected_rows": 1, "rank": 7, "response_only_enabled": true, "role": "actor", "selected_rows": 0, "tensor_parallel_size": 2, "vocab_shard": 75968}
[36m(WorkerDict pid=3627507)[0m WARNING:2026-09-10 22:52:51,285:VERL_RESPONSE_ONLY_LM_HEAD_PROFILE {"active_ratio": 0.0, "actual_logits_bytes": 151936, "allocated_before_bytes": 26444580864, "backend": "unfused", "calculate_entropy": true, "calculate_sum_pi_squared": false, "context_parallel_size": 2, "data_format": "thd", "dense_logits_bytes": 1502343168, "dense_rows": 9888, "distillation_only": false, "elapsed_s": 0.00708235299680382, "element_size": 2, "entropy_from_logits_chunk_size": 2048, "entropy_from_logits_with_chunking": false, "event_id": 91, "logits_dtype": "torch.bfloat16", "logits_saved_bytes": 1502191232, "peak_allocated_bytes": 26525735424, "peak_increment_bytes": 81154560, "pipeline_parallel_size": 2, "projected_rows": 1, "rank": 6, "response_only_enabled": true, "role": "actor", "selected_rows": 0, "tensor_parallel_size": 2, "vocab_shard": 75968}
[36m(WorkerDict pid=3627506)[0m WARNING:2026-09-10 22:52:51,309:VERL_RESPONSE_ONLY_LM_HEAD_PROFILE {"active_ratio": 0.41423948220064727, "actual_logits_bytes": 622329856, "allocated_before_bytes": 26444580864, "backend": "unfused", "calculate_entropy": true, "calculate_sum_pi_squared": false, "context_parallel_size": 2, "data_format": "thd", "dense_logits_bytes": 1502343168, "dense_rows": 9888, "distillation_only": false, "elapsed_s": 0.03124131402000785, "element_size": 2, "entropy_from_logits_chunk_size": 2048, "entropy_from_logits_with_chunking": false, "event_id": 91, "logits_dtype": "torch.bfloat16", "logits_saved_bytes": 880013312, "peak_allocated_bytes": 30172014592, "peak_increment_bytes": 3727433728, "pipeline_parallel_size": 2, "projected_rows": 4096, "rank": 5, "response_only_enabled": true, "role": "actor", "selected_rows": 4096, "tensor_parallel_size": 2, "vocab_shard": 75968}
[36m(WorkerDict pid=3627508)[0m WARNING:2026-09-10 22:52:53,775:VERL_RESPONSE_ONLY_LM_HEAD_PROFILE {"active_ratio": 0.0, "actual_logits_bytes": 151936, "allocated_before_bytes": 26322595840, "backend": "unfused", "calculate_entropy": true, "calculate_sum_pi_squared": false, "context_parallel_size": 2, "data_format": "thd", "dense_logits_bytes": 1502343168, "dense_rows": 9888, "distillation_only": false, "elapsed_s": 0.007127203047275543, "element_size": 2, "entropy_from_logits_chunk_size": 2048, "entropy_from_logits_with_chunking": false, "event_id": 92, "logits_dtype": "torch.bfloat16", "logits_saved_bytes": 1502191232, "peak_allocated_bytes": 26403750400, "peak_increment_bytes": 81154560, "pipeline_parallel_size": 2, "projected_rows": 1, "rank": 7, "response_only_enabled": true, "role": "actor", "selected_rows": 0, "tensor_parallel_size": 2, "vocab_shard": 75968}
[36m(WorkerDict pid=3627507)[0m WARNING:2026-09-10 22:52:53,775:VERL_RESPONSE_ONLY_LM_HEAD_PROFILE {"active_ratio": 0.0, "actual_logits_bytes": 151936, "allocated_before_bytes": 26322595840, "backend": "unfused", "calculate_entropy": true, "calculate_sum_pi_squared": false, "context_parallel_size": 2, "data_format": "thd", "dense_logits_bytes": 1502343168, "dense_rows": 9888, "distillation_only": false, "elapsed_s": 0.00702227302826941, "element_size": 2, "entropy_from_logits_chunk_size": 2048, "entropy_from_logits_with_chunking": false, "event_id": 92, "logits_dtype": "torch.bfloat16", "logits_saved_bytes": 1502191232, "peak_allocated_bytes": 26403750400, "peak_increment_bytes": 81154560, "pipeline_parallel_size": 2, "projected_rows": 1, "rank": 6, "response_only_enabled": true, "role": "actor", "selected_rows": 0, "tensor_parallel_size": 2, "vocab_shard": 75968}
[36m(WorkerDict pid=3627506)[0m WARNING:2026-09-10 22:52:53,799:VERL_RESPONSE_ONLY_LM_HEAD_PROFILE {"active_ratio": 0.41423948220064727, "actual_logits_bytes": 622329856, "allocated_before_bytes": 26322595840, "backend": "unfused", "calculate_entropy": true, "calculate_sum_pi_squared": false, "context_parallel_size": 2, "data_format": "thd", "dense_logits_bytes": 1502343168, "dense_rows": 9888, "distillation_only": false, "elapsed_s": 0.030932824010960758, "element_size": 2, "entropy_from_logits_chunk_size": 2048, "entropy_from_logits_with_chunking": false, "event_id": 92, "logits_dtype": "torch.bfloat16", "logits_saved_bytes": 880013312, "peak_allocated_bytes": 30050029568, "peak_increment_bytes": 3727433728, "pipeline_parallel_size": 2, "projected_rows": 4096, "rank": 5, "response_only_enabled": true, "role": "actor", "selected_rows": 4096, "tensor_parallel_size": 2, "vocab_shard": 75968}
[36m(WorkerDict pid=3627508)[0m WARNING:2026-09-10 22:52:54,999:VERL_RESPONSE_ONLY_LM_HEAD_PROFILE {"active_ratio": 0.0, "actual_logits_bytes": 151936, "allocated_before_bytes": 26363257856, "backend": "unfused", "calculate_entropy": true, "calculate_sum_pi_squared": false, "context_parallel_size": 2, "data_format": "thd", "dense_logits_bytes": 1502343168, "dense_rows": 9888, "distillation_only": false, "elapsed_s": 0.007152613019570708, "element_size": 2, "entropy_from_logits_chunk_size": 2048, "entropy_from_logits_with_chunking": false, "event_id": 93, "logits_dtype": "torch.bfloat16", "logits_saved_bytes": 1502191232, "peak_allocated_bytes": 26444412416, "peak_increment_bytes": 81154560, "pipeline_parallel_size": 2, "projected_rows": 1, "rank": 7, "response_only_enabled": true, "role": "actor", "selected_rows": 0, "tensor_parallel_size": 2, "vocab_shard": 75968}
[36m(WorkerDict pid=3627507)[0m WARNING:2026-09-10 22:52:54,999:VERL_RESPONSE_ONLY_LM_HEAD_PROFILE {"active_ratio": 0.0, "actual_logits_bytes": 151936, "allocated_before_bytes": 26363257856, "backend": "unfused", "calculate_entropy": true, "calculate_sum_pi_squared": false, "context_parallel_size": 2, "data_format": "thd", "dense_logits_bytes": 1502343168, "dense_rows": 9888, "distillation_only": false, "elapsed_s": 0.006995292962528765, "element_size": 2, "entropy_from_logits_chunk_size": 2048, "entropy_from_logits_with_chunking": false, "event_id": 93, "logits_dtype": "torch.bfloat16", "logits_saved_bytes": 1502191232, "peak_allocated_bytes": 26444412416, "peak_increment_bytes": 81154560, "pipeline_parallel_size": 2, "projected_rows": 1, "rank": 6, "response_only_enabled": true, "role": "actor", "selected_rows": 0, "tensor_parallel_size": 2, "vocab_shard": 75968}
[36m(WorkerDict pid=3627506)[0m WARNING:2026-09-10 22:52:55,023:VERL_RESPONSE_ONLY_LM_HEAD_PROFILE {"active_ratio": 0.41423948220064727, "actual_logits_bytes": 622329856, "allocated_before_bytes": 26363257856, "backend": "unfused", "calculate_entropy": true, "calculate_sum_pi_squared": false, "context_parallel_size": 2, "data_format": "thd", "dense_logits_bytes": 1502343168, "dense_rows": 9888, "distillation_only": false, "elapsed_s": 0.031048474018462002, "element_size": 2, "entropy_from_logits_chunk_size": 2048, "entropy_from_logits_with_chunking": false, "event_id": 93, "logits_dtype": "torch.bfloat16", "logits_saved_bytes": 880013312, "peak_allocated_bytes": 30090691584, "peak_increment_bytes": 3727433728, "pipeline_parallel_size": 2, "projected_rows": 4096, "rank": 5, "response_only_enabled": true, "role": "actor", "selected_rows": 4096, "tensor_parallel_size": 2, "vocab_shard": 75968}
[36m(WorkerDict pid=3627508)[0m WARNING:2026-09-10 22:52:56,221:VERL_RESPONSE_ONLY_LM_HEAD_PROFILE {"active_ratio": 0.0, "actual_logits_bytes": 151936, "allocated_before_bytes": 26403919360, "backend": "unfused", "calculate_entropy": true, "calculate_sum_pi_squared": false, "context_parallel_size": 2, "data_format": "thd", "dense_logits_bytes": 1502343168, "dense_rows": 9888, "distillation_only": false, "elapsed_s": 0.007099883980117738, "element_size": 2, "entropy_from_logits_chunk_size": 2048, "entropy_from_logits_with_chunking": false, "event_id": 94, "logits_dtype": "torch.bfloat16", "logits_saved_bytes": 1502191232, "peak_allocated_bytes": 26485073920, "peak_increment_bytes": 81154560, "pipeline_parallel_size": 2, "projected_rows": 1, "rank": 7, "response_only_enabled": true, "role": "actor", "selected_rows": 0, "tensor_parallel_size": 2, "vocab_shard": 75968}
[36m(WorkerDict pid=3627507)[0m WARNING:2026-09-10 22:52:56,221:VERL_RESPONSE_ONLY_LM_HEAD_PROFILE {"active_ratio": 0.0, "actual_logits_bytes": 151936, "allocated_before_bytes": 26403919360, "backend": "unfused", "calculate_entropy": true, "calculate_sum_pi_squared": false, "context_parallel_size": 2, "data_format": "thd", "dense_logits_bytes": 1502343168, "dense_rows": 9888, "distillation_only": false, "elapsed_s": 0.0070622439961880445, "element_size": 2, "entropy_from_logits_chunk_size": 2048, "entropy_from_logits_with_chunking": false, "event_id": 94, "logits_dtype": "torch.bfloat16", "logits_saved_bytes": 1502191232, "peak_allocated_bytes": 26485073920, "peak_increment_bytes": 81154560, "pipeline_parallel_size": 2, "projected_rows": 1, "rank": 6, "response_only_enabled": true, "role": "actor", "selected_rows": 0, "tensor_parallel_size": 2, "vocab_shard": 75968}
[36m(WorkerDict pid=3627506)[0m WARNING:2026-09-10 22:52:56,245:VERL_RESPONSE_ONLY_LM_HEAD_PROFILE {"active_ratio": 0.41423948220064727, "actual_logits_bytes": 622329856, "allocated_before_bytes": 26403919360, "backend": "unfused", "calculate_entropy": true, "calculate_sum_pi_squared": false, "context_parallel_size": 2, "data_format": "thd", "dense_logits_bytes": 1502343168, "dense_rows": 9888, "distillation_only": false, "elapsed_s": 0.03115143405739218, "element_size": 2, "entropy_from_logits_chunk_size": 2048, "entropy_from_logits_with_chunking": false, "event_id": 94, "logits_dtype": "torch.bfloat16", "logits_saved_bytes": 880013312, "peak_allocated_bytes": 30131353088, "peak_increment_bytes": 3727433728, "pipeline_parallel_size": 2, "projected_rows": 4096, "rank": 5, "response_only_enabled": true, "role": "actor", "selected_rows": 4096, "tensor_parallel_size": 2, "vocab_shard": 75968}
[36m(WorkerDict pid=3627508)[0m WARNING:2026-09-10 22:52:57,449:VERL_RESPONSE_ONLY_LM_HEAD_PROFILE {"active_ratio": 0.0, "actual_logits_bytes": 151936, "allocated_before_bytes": 26444580864, "backend": "unfused", "calculate_entropy": true, "calculate_sum_pi_squared": false, "context_parallel_size": 2, "data_format": "thd", "dense_logits_bytes": 1502343168, "dense_rows": 9888, "distillation_only": false, "elapsed_s": 0.00708716397639364, "element_size": 2, "entropy_from_logits_chunk_size": 2048, "entropy_from_logits_with_chunking": false, "event_id": 95, "logits_dtype": "torch.bfloat16", "logits_saved_bytes": 1502191232, "peak_allocated_bytes": 26525735424, "peak_increment_bytes": 81154560, "pipeline_parallel_size": 2, "projected_rows": 1, "rank": 7, "response_only_enabled": true, "role": "actor", "selected_rows": 0, "tensor_parallel_size": 2, "vocab_shard": 75968}
[36m(WorkerDict pid=3627507)[0m WARNING:2026-09-10 22:52:57,449:VERL_RESPONSE_ONLY_LM_HEAD_PROFILE {"active_ratio": 0.0, "actual_logits_bytes": 151936, "allocated_before_bytes": 26444580864, "backend": "unfused", "calculate_entropy": true, "calculate_sum_pi_squared": false, "context_parallel_size": 2, "data_format": "thd", "dense_logits_bytes": 1502343168, "dense_rows": 9888, "distillation_only": false, "elapsed_s": 0.007034683949314058, "element_size": 2, "entropy_from_logits_chunk_size": 2048, "entropy_from_logits_with_chunking": false, "event_id": 95, "logits_dtype": "torch.bfloat16", "logits_saved_bytes": 1502191232, "peak_allocated_bytes": 26525735424, "peak_increment_bytes": 81154560, "pipeline_parallel_size": 2, "projected_rows": 1, "rank": 6, "response_only_enabled": true, "role": "actor", "selected_rows": 0, "tensor_parallel_size": 2, "vocab_shard": 75968}
[36m(WorkerDict pid=3627506)[0m WARNING:2026-09-10 22:52:57,473:VERL_RESPONSE_ONLY_LM_HEAD_PROFILE {"active_ratio": 0.41423948220064727, "actual_logits_bytes": 622329856, "allocated_before_bytes": 26444580864, "backend": "unfused", "calculate_entropy": true, "calculate_sum_pi_squared": false, "context_parallel_size": 2, "data_format": "thd", "dense_logits_bytes": 1502343168, "dense_rows": 9888, "distillation_only": false, "elapsed_s": 0.03111840400379151, "element_size": 2, "entropy_from_logits_chunk_size": 2048, "entropy_from_logits_with_chunking": false, "event_id": 95, "logits_dtype": "torch.bfloat16", "logits_saved_bytes": 880013312, "peak_allocated_bytes": 30172014592, "peak_increment_bytes": 3727433728, "pipeline_parallel_size": 2, "projected_rows": 4096, "rank": 5, "response_only_enabled": true, "role": "actor", "selected_rows": 4096, "tensor_parallel_size": 2, "vocab_shard": 75968}
[36m(vLLMHttpServer pid=3631065)[0m (EngineCore pid=3631838) WARNING 09-10 22:53:05 [scheduler.py:1948] reset_connector called but no KV connector is configured.
[36m(vLLMHttpServer pid=3631068)[0m (EngineCore pid=3631665) WARNING 09-10 22:53:05 [scheduler.py:1948] reset_connector called but no KV connector is configured.
[36m(WorkerDict pid=3627501)[0m Converting to HuggingFace ━━━━━━━━━━━━━━━━━━━━━━━━━━━━━━━━━━━━━━━━ 100% 0:00:00 (291/291) Qwen3Bridge
[36m(vLLMHttpServer pid=3631065)[0m (EngineCore pid=3631838) WARNING 09-10 22:53:07 [scheduler.py:1948] reset_connector called but no KV connector is configured.
[36m(vLLMHttpServer pid=3631068)[0m (EngineCore pid=3631665) WARNING 09-10 22:53:07 [scheduler.py:1948] reset_connector called but no KV connector is configured.
[36m(vLLMHttpServer pid=3631065)[0m (EngineCore pid=3631838) WARNING 09-10 22:53:09 [scheduler.py:1948] reset_connector called but no KV connector is configured.
[36m(vLLMHttpServer pid=3631068)[0m (EngineCore pid=3631665) WARNING 09-10 22:53:09 [scheduler.py:1948] reset_connector called but no KV connector is configured.
[36m(TaskRunnerV1 pid=3626258)[0m step:2 - global_seqlen/min:316476.0 - global_seqlen/max:316476.0 - global_seqlen/minmax_diff:0.0 - global_seqlen/balanced_min:316476.0 - global_seqlen/balanced_max:316476.0 - global_seqlen/mean:316476.0 - actor/entropy:0.011570360511541367 - training/rollout_probs_diff_valid:1.0 - training/rollout_probs_diff_max:0.32112330198287964 - training/rollout_probs_diff_mean:0.0005550464848056436 - training/rollout_probs_diff_std:0.004281905945390463 - training/rollout_actor_probs_pearson_corr:0.9969666600227356 - rollout_corr/training_ppl:1.0095218420028687 - rollout_corr/training_log_ppl:0.009465535171329975 - rollout_corr/kl:0.000505627307575196 - rollout_corr/k3_kl:3.374162770342082e-05 - rollout_corr/rollout_ppl:1.009010910987854 - rollout_corr/rollout_log_ppl:0.008959909901022911 - rollout_corr/log_ppl_diff:0.0005056270165368915 - rollout_corr/log_ppl_abs_diff:0.0005056270165368915 - rollout_corr/log_ppl_diff_max:0.0008936934173107147 - rollout_corr/log_ppl_diff_min:0.0002134060487151146 - rollout_corr/ppl_ratio:1.000505805015564 - rollout_corr/chi2_token:-0.0008779168128967285 - rollout_corr/chi2_seq:-0.9631373882293701 - actor/pg_clipfrac:0.0 - actor/ppo_kl:0.0 - actor/pg_clipfrac_lower:0.0 - actor/pg_loss:-5.499459803104401e-07 - actor/entropy_loss:0.011570359987672418 - actor/kl_loss:0.0 - actor/kl_coef:0.001 - actor/loss:-1.2111850082874298e-05 - actor/grad_norm:0.2394074909389019 - actor/perf/max_memory_allocated_gb:28.10068988800049 - actor/perf/max_memory_reserved_gb:29.3046875 - actor/perf/cpu_memory_used_gb:279.6405563354492 - actor/lr:0.0 - perf/mfu/actor:0.3403640826169574 - training/global_step:2 - training/epoch:0 - critic/score/mean:0.9723192453384399 - critic/score/max:0.9996973276138306 - critic/score/min:0.9515789151191711 - critic/rewards/mean:0.9723192453384399 - critic/rewards/max:0.9996973276138306 - critic/rewards/min:0.9515789151191711 - critic/advantages/mean:5.289912223815918e-07 - critic/advantages/max:1.3407050371170044 - critic/advantages/min:-1.136406421661377 - critic/returns/mean:5.289912223815918e-07 - critic/returns/max:1.3407050371170044 - critic/returns/min:-1.136406421661377 - response_length/mean:4096.0 - response_length/max:4096.0 - response_length/min:4096.0 - response_length/clip_ratio:1.0 - response_length_non_aborted/mean:4096.0 - response_length_non_aborted/max:4096.0 - response_length_non_aborted/min:4096.0 - response_length_non_aborted/clip_ratio:1.0 - response/aborted_ratio:0.0 - prompt_length/mean:15683.75 - prompt_length/max:15689.0 - prompt_length/min:15677.0 - prompt_length/clip_ratio:0.5 - timing_s/gen:1.4725729079218581 - timing_s/old_log_prob:8.292554797022603 - timing_s/ref:10.656883663963526 - timing_s/adv:0.11421479098498821 - timing_s/update_actor:33.67516056401655 - timing_s/update_weights:5.976389491930604 - timing_s/step:60.34502695593983 - timing_per_token_ms/gen:0.02246967938113187 - timing_per_token_ms/update_actor:0.10640668032968235 - timing_per_token_ms/adv:0.0003608955844518643 - timing_per_token_ms/ref:0.03367359188046969 - perf/total_num_tokens:316476 - perf/time_per_step:60.34502695593983 - perf/throughput:655.5552627208847 - training/num_turns/mean:np.float64(2.0) - training/num_turns/max:np.int64(2) - training/num_turns/min:np.int64(2) - training/off_policy/trajectory_spans/mean:np.float64(1.0) - training/off_policy/trajectory_spans/max:np.int64(1) - training/off_policy/trajectory_spans/min:np.int64(1) - training/off_policy/trajectory_staleness/mean:np.float64(-1.0) - training/off_policy/trajectory_staleness/max:np.int64(-1) - training/off_policy/trajectory_staleness/min:np.int64(-1) - training/off_policy/trajectory_staleness_worst/mean:np.float64(-1.0) - training/off_policy/trajectory_staleness_worst/max:np.int64(-1) - training/off_policy/trajectory_staleness_worst/min:np.int64(-1)
[36m(TaskRunnerV1 pid=3626258)[0m Training Progress:  50%|█████     | 2/4 [03:02<02:51, 85.87s/it] 
[36m(TaskRunnerV1 pid=3626258)[0m [RolloutTqSkip()] [33mInjected 16 cached trajectories from step 3 (4 prompts x 4) into TQ partition 'train' at current step 3[0m
[36m(WorkerDict pid=3627508)[0m WARNING:2026-09-10 22:53:14,198:VERL_RESPONSE_ONLY_LM_HEAD_PROFILE {"active_ratio": 0.0, "actual_logits_bytes": 151936, "allocated_before_bytes": 4302940160, "backend": "unfused", "calculate_entropy": true, "calculate_sum_pi_squared": false, "context_parallel_size": 2, "data_format": "thd", "dense_logits_bytes": 1547316224, "dense_rows": 10184, "distillation_only": false, "elapsed_s": 0.006991812959313393, "element_size": 2, "entropy_from_logits_chunk_size": 2048, "entropy_from_logits_with_chunking": false, "event_id": 96, "logits_dtype": "torch.bfloat16", "logits_saved_bytes": 1547164288, "peak_allocated_bytes": 4386519552, "peak_increment_bytes": 83579392, "pipeline_parallel_size": 2, "projected_rows": 1, "rank": 7, "response_only_enabled": true, "role": "actor", "selected_rows": 0, "tensor_parallel_size": 2, "vocab_shard": 75968}
[36m(WorkerDict pid=3627507)[0m WARNING:2026-09-10 22:53:14,198:VERL_RESPONSE_ONLY_LM_HEAD_PROFILE {"active_ratio": 0.0, "actual_logits_bytes": 151936, "allocated_before_bytes": 4302940160, "backend": "unfused", "calculate_entropy": true, "calculate_sum_pi_squared": false, "context_parallel_size": 2, "data_format": "thd", "dense_logits_bytes": 1547316224, "dense_rows": 10184, "distillation_only": false, "elapsed_s": 0.0071902129566296935, "element_size": 2, "entropy_from_logits_chunk_size": 2048, "entropy_from_logits_with_chunking": false, "event_id": 96, "logits_dtype": "torch.bfloat16", "logits_saved_bytes": 1547164288, "peak_allocated_bytes": 4386519552, "peak_increment_bytes": 83579392, "pipeline_parallel_size": 2, "projected_rows": 1, "rank": 6, "response_only_enabled": true, "role": "actor", "selected_rows": 0, "tensor_parallel_size": 2, "vocab_shard": 75968}
[36m(WorkerDict pid=3627506)[0m WARNING:2026-09-10 22:53:14,266:VERL_RESPONSE_ONLY_LM_HEAD_PROFILE {"active_ratio": 0.40219952867242736, "actual_logits_bytes": 622329856, "allocated_before_bytes": 4302940160, "backend": "unfused", "calculate_entropy": true, "calculate_sum_pi_squared": false, "context_parallel_size": 2, "data_format": "thd", "dense_logits_bytes": 1547316224, "dense_rows": 10184, "distillation_only": false, "elapsed_s": 0.07484249293338507, "element_size": 2, "entropy_from_logits_chunk_size": 2048, "entropy_from_logits_with_chunking": false, "event_id": 96, "logits_dtype": "torch.bfloat16", "logits_saved_bytes": 924986368, "peak_allocated_bytes": 7995459584, "peak_increment_bytes": 3692519424, "pipeline_parallel_size": 2, "projected_rows": 4096, "rank": 5, "response_only_enabled": true, "role": "actor", "selected_rows": 4096, "tensor_parallel_size": 2, "vocab_shard": 75968}
[36m(WorkerDict pid=3627508)[0m WARNING:2026-09-10 22:53:14,576:VERL_RESPONSE_ONLY_LM_HEAD_PROFILE {"active_ratio": 0.0, "actual_logits_bytes": 151936, "allocated_before_bytes": 4303105536, "backend": "unfused", "calculate_entropy": true, "calculate_sum_pi_squared": false, "context_parallel_size": 2, "data_format": "thd", "dense_logits_bytes": 1547316224, "dense_rows": 10184, "distillation_only": false, "elapsed_s": 0.00857684388756752, "element_size": 2, "entropy_from_logits_chunk_size": 2048, "entropy_from_logits_with_chunking": false, "event_id": 97, "logits_dtype": "torch.bfloat16", "logits_saved_bytes": 1547164288, "peak_allocated_bytes": 4386684928, "peak_increment_bytes": 83579392, "pipeline_parallel_size": 2, "projected_rows": 1, "rank": 7, "response_only_enabled": true, "role": "actor", "selected_rows": 0, "tensor_parallel_size": 2, "vocab_shard": 75968}
[36m(WorkerDict pid=3627507)[0m WARNING:2026-09-10 22:53:14,576:VERL_RESPONSE_ONLY_LM_HEAD_PROFILE {"active_ratio": 0.0, "actual_logits_bytes": 151936, "allocated_before_bytes": 4303105536, "backend": "unfused", "calculate_entropy": true, "calculate_sum_pi_squared": false, "context_parallel_size": 2, "data_format": "thd", "dense_logits_bytes": 1547316224, "dense_rows": 10184, "distillation_only": false, "elapsed_s": 0.007456184015609324, "element_size": 2, "entropy_from_logits_chunk_size": 2048, "entropy_from_logits_with_chunking": false, "event_id": 97, "logits_dtype": "torch.bfloat16", "logits_saved_bytes": 1547164288, "peak_allocated_bytes": 4386684928, "peak_increment_bytes": 83579392, "pipeline_parallel_size": 2, "projected_rows": 1, "rank": 6, "response_only_enabled": true, "role": "actor", "selected_rows": 0, "tensor_parallel_size": 2, "vocab_shard": 75968}
[36m(WorkerDict pid=3627506)[0m WARNING:2026-09-10 22:53:14,599:VERL_RESPONSE_ONLY_LM_HEAD_PROFILE {"active_ratio": 0.40219952867242736, "actual_logits_bytes": 622329856, "allocated_before_bytes": 4303105536, "backend": "unfused", "calculate_entropy": true, "calculate_sum_pi_squared": false, "context_parallel_size": 2, "data_format": "thd", "dense_logits_bytes": 1547316224, "dense_rows": 10184, "distillation_only": false, "elapsed_s": 0.031075773993507028, "element_size": 2, "entropy_from_logits_chunk_size": 2048, "entropy_from_logits_with_chunking": false, "event_id": 97, "logits_dtype": "torch.bfloat16", "logits_saved_bytes": 924986368, "peak_allocated_bytes": 7995624960, "peak_increment_bytes": 3692519424, "pipeline_parallel_size": 2, "projected_rows": 4096, "rank": 5, "response_only_enabled": true, "role": "actor", "selected_rows": 4096, "tensor_parallel_size": 2, "vocab_shard": 75968}
[36m(WorkerDict pid=3627508)[0m WARNING:2026-09-10 22:53:14,905:VERL_RESPONSE_ONLY_LM_HEAD_PROFILE {"active_ratio": 0.0, "actual_logits_bytes": 151936, "allocated_before_bytes": 4303270400, "backend": "unfused", "calculate_entropy": true, "calculate_sum_pi_squared": false, "context_parallel_size": 2, "data_format": "thd", "dense_logits_bytes": 1547316224, "dense_rows": 10184, "distillation_only": false, "elapsed_s": 0.006719972938299179, "element_size": 2, "entropy_from_logits_chunk_size": 2048, "entropy_from_logits_with_chunking": false, "event_id": 98, "logits_dtype": "torch.bfloat16", "logits_saved_bytes": 1547164288, "peak_allocated_bytes": 4386849792, "peak_increment_bytes": 83579392, "pipeline_parallel_size": 2, "projected_rows": 1, "rank": 7, "response_only_enabled": true, "role": "actor", "selected_rows": 0, "tensor_parallel_size": 2, "vocab_shard": 75968}
[36m(WorkerDict pid=3627507)[0m WARNING:2026-09-10 22:53:14,905:VERL_RESPONSE_ONLY_LM_HEAD_PROFILE {"active_ratio": 0.0, "actual_logits_bytes": 151936, "allocated_before_bytes": 4303270400, "backend": "unfused", "calculate_entropy": true, "calculate_sum_pi_squared": false, "context_parallel_size": 2, "data_format": "thd", "dense_logits_bytes": 1547316224, "dense_rows": 10184, "distillation_only": false, "elapsed_s": 0.006896803039126098, "element_size": 2, "entropy_from_logits_chunk_size": 2048, "entropy_from_logits_with_chunking": false, "event_id": 98, "logits_dtype": "torch.bfloat16", "logits_saved_bytes": 1547164288, "peak_allocated_bytes": 4386849792, "peak_increment_bytes": 83579392, "pipeline_parallel_size": 2, "projected_rows": 1, "rank": 6, "response_only_enabled": true, "role": "actor", "selected_rows": 0, "tensor_parallel_size": 2, "vocab_shard": 75968}
[36m(WorkerDict pid=3627506)[0m WARNING:2026-09-10 22:53:14,929:VERL_RESPONSE_ONLY_LM_HEAD_PROFILE {"active_ratio": 0.40219952867242736, "actual_logits_bytes": 622329856, "allocated_before_bytes": 4303270400, "backend": "unfused", "calculate_entropy": true, "calculate_sum_pi_squared": false, "context_parallel_size": 2, "data_format": "thd", "dense_logits_bytes": 1547316224, "dense_rows": 10184, "distillation_only": false, "elapsed_s": 0.03090866410639137, "element_size": 2, "entropy_from_logits_chunk_size": 2048, "entropy_from_logits_with_chunking": false, "event_id": 98, "logits_dtype": "torch.bfloat16", "logits_saved_bytes": 924986368, "peak_allocated_bytes": 7995789824, "peak_increment_bytes": 3692519424, "pipeline_parallel_size": 2, "projected_rows": 4096, "rank": 5, "response_only_enabled": true, "role": "actor", "selected_rows": 4096, "tensor_parallel_size": 2, "vocab_shard": 75968}
[36m(WorkerDict pid=3627508)[0m WARNING:2026-09-10 22:53:15,238:VERL_RESPONSE_ONLY_LM_HEAD_PROFILE {"active_ratio": 0.0, "actual_logits_bytes": 151936, "allocated_before_bytes": 4303435264, "backend": "unfused", "calculate_entropy": true, "calculate_sum_pi_squared": false, "context_parallel_size": 2, "data_format": "thd", "dense_logits_bytes": 1547316224, "dense_rows": 10184, "distillation_only": false, "elapsed_s": 0.006890913005918264, "element_size": 2, "entropy_from_logits_chunk_size": 2048, "entropy_from_logits_with_chunking": false, "event_id": 99, "logits_dtype": "torch.bfloat16", "logits_saved_bytes": 1547164288, "peak_allocated_bytes": 4387014656, "peak_increment_bytes": 83579392, "pipeline_parallel_size": 2, "projected_rows": 1, "rank": 7, "response_only_enabled": true, "role": "actor", "selected_rows": 0, "tensor_parallel_size": 2, "vocab_shard": 75968}
[36m(WorkerDict pid=3627507)[0m WARNING:2026-09-10 22:53:15,238:VERL_RESPONSE_ONLY_LM_HEAD_PROFILE {"active_ratio": 0.0, "actual_logits_bytes": 151936, "allocated_before_bytes": 4303435264, "backend": "unfused", "calculate_entropy": true, "calculate_sum_pi_squared": false, "context_parallel_size": 2, "data_format": "thd", "dense_logits_bytes": 1547316224, "dense_rows": 10184, "distillation_only": false, "elapsed_s": 0.0069571229396387935, "element_size": 2, "entropy_from_logits_chunk_size": 2048, "entropy_from_logits_with_chunking": false, "event_id": 99, "logits_dtype": "torch.bfloat16", "logits_saved_bytes": 1547164288, "peak_allocated_bytes": 4387014656, "peak_increment_bytes": 83579392, "pipeline_parallel_size": 2, "projected_rows": 1, "rank": 6, "response_only_enabled": true, "role": "actor", "selected_rows": 0, "tensor_parallel_size": 2, "vocab_shard": 75968}
[36m(WorkerDict pid=3627506)[0m WARNING:2026-09-10 22:53:15,262:VERL_RESPONSE_ONLY_LM_HEAD_PROFILE {"active_ratio": 0.40219952867242736, "actual_logits_bytes": 622329856, "allocated_before_bytes": 4303435264, "backend": "unfused", "calculate_entropy": true, "calculate_sum_pi_squared": false, "context_parallel_size": 2, "data_format": "thd", "dense_logits_bytes": 1547316224, "dense_rows": 10184, "distillation_only": false, "elapsed_s": 0.03110621403902769, "element_size": 2, "entropy_from_logits_chunk_size": 2048, "entropy_from_logits_with_chunking": false, "event_id": 99, "logits_dtype": "torch.bfloat16", "logits_saved_bytes": 924986368, "peak_allocated_bytes": 7995954688, "peak_increment_bytes": 3692519424, "pipeline_parallel_size": 2, "projected_rows": 4096, "rank": 5, "response_only_enabled": true, "role": "actor", "selected_rows": 4096, "tensor_parallel_size": 2, "vocab_shard": 75968}
[36m(WorkerDict pid=3627508)[0m WARNING:2026-09-10 22:53:15,564:VERL_RESPONSE_ONLY_LM_HEAD_PROFILE {"active_ratio": 0.0, "actual_logits_bytes": 151936, "allocated_before_bytes": 4301219328, "backend": "unfused", "calculate_entropy": true, "calculate_sum_pi_squared": false, "context_parallel_size": 2, "data_format": "thd", "dense_logits_bytes": 1503558656, "dense_rows": 9896, "distillation_only": false, "elapsed_s": 0.006995133007876575, "element_size": 2, "entropy_from_logits_chunk_size": 2048, "entropy_from_logits_with_chunking": false, "event_id": 100, "logits_dtype": "torch.bfloat16", "logits_saved_bytes": 1503406720, "peak_allocated_bytes": 4382439424, "peak_increment_bytes": 81220096, "pipeline_parallel_size": 2, "projected_rows": 1, "rank": 7, "response_only_enabled": true, "role": "actor", "selected_rows": 0, "tensor_parallel_size": 2, "vocab_shard": 75968}
[36m(WorkerDict pid=3627507)[0m WARNING:2026-09-10 22:53:15,564:VERL_RESPONSE_ONLY_LM_HEAD_PROFILE {"active_ratio": 0.0, "actual_logits_bytes": 151936, "allocated_before_bytes": 4301219328, "backend": "unfused", "calculate_entropy": true, "calculate_sum_pi_squared": false, "context_parallel_size": 2, "data_format": "thd", "dense_logits_bytes": 1503558656, "dense_rows": 9896, "distillation_only": false, "elapsed_s": 0.007089592982083559, "element_size": 2, "entropy_from_logits_chunk_size": 2048, "entropy_from_logits_with_chunking": false, "event_id": 100, "logits_dtype": "torch.bfloat16", "logits_saved_bytes": 1503406720, "peak_allocated_bytes": 4382439424, "peak_increment_bytes": 81220096, "pipeline_parallel_size": 2, "projected_rows": 1, "rank": 6, "response_only_enabled": true, "role": "actor", "selected_rows": 0, "tensor_parallel_size": 2, "vocab_shard": 75968}
[36m(WorkerDict pid=3627506)[0m WARNING:2026-09-10 22:53:15,588:VERL_RESPONSE_ONLY_LM_HEAD_PROFILE {"active_ratio": 0.41390460792239286, "actual_logits_bytes": 622329856, "allocated_before_bytes": 4301219328, "backend": "unfused", "calculate_entropy": true, "calculate_sum_pi_squared": false, "context_parallel_size": 2, "data_format": "thd", "dense_logits_bytes": 1503558656, "dense_rows": 9896, "distillation_only": false, "elapsed_s": 0.031079633976332843, "element_size": 2, "entropy_from_logits_chunk_size": 2048, "entropy_from_logits_with_chunking": false, "event_id": 100, "logits_dtype": "torch.bfloat16", "logits_saved_bytes": 881228800, "peak_allocated_bytes": 7994914816, "peak_increment_bytes": 3693695488, "pipeline_parallel_size": 2, "projected_rows": 4096, "rank": 5, "response_only_enabled": true, "role": "actor", "selected_rows": 4096, "tensor_parallel_size": 2, "vocab_shard": 75968}
[36m(WorkerDict pid=3627508)[0m WARNING:2026-09-10 22:53:15,888:VERL_RESPONSE_ONLY_LM_HEAD_PROFILE {"active_ratio": 0.0, "actual_logits_bytes": 151936, "allocated_before_bytes": 4301379072, "backend": "unfused", "calculate_entropy": true, "calculate_sum_pi_squared": false, "context_parallel_size": 2, "data_format": "thd", "dense_logits_bytes": 1503558656, "dense_rows": 9896, "distillation_only": false, "elapsed_s": 0.007129142992198467, "element_size": 2, "entropy_from_logits_chunk_size": 2048, "entropy_from_logits_with_chunking": false, "event_id": 101, "logits_dtype": "torch.bfloat16", "logits_saved_bytes": 1503406720, "peak_allocated_bytes": 4382599168, "peak_increment_bytes": 81220096, "pipeline_parallel_size": 2, "projected_rows": 1, "rank": 7, "response_only_enabled": true, "role": "actor", "selected_rows": 0, "tensor_parallel_size": 2, "vocab_shard": 75968}
[36m(WorkerDict pid=3627507)[0m WARNING:2026-09-10 22:53:15,888:VERL_RESPONSE_ONLY_LM_HEAD_PROFILE {"active_ratio": 0.0, "actual_logits_bytes": 151936, "allocated_before_bytes": 4301379072, "backend": "unfused", "calculate_entropy": true, "calculate_sum_pi_squared": false, "context_parallel_size": 2, "data_format": "thd", "dense_logits_bytes": 1503558656, "dense_rows": 9896, "distillation_only": false, "elapsed_s": 0.007297293050214648, "element_size": 2, "entropy_from_logits_chunk_size": 2048, "entropy_from_logits_with_chunking": false, "event_id": 101, "logits_dtype": "torch.bfloat16", "logits_saved_bytes": 1503406720, "peak_allocated_bytes": 4382599168, "peak_increment_bytes": 81220096, "pipeline_parallel_size": 2, "projected_rows": 1, "rank": 6, "response_only_enabled": true, "role": "actor", "selected_rows": 0, "tensor_parallel_size": 2, "vocab_shard": 75968}
[36m(WorkerDict pid=3627506)[0m WARNING:2026-09-10 22:53:15,912:VERL_RESPONSE_ONLY_LM_HEAD_PROFILE {"active_ratio": 0.41390460792239286, "actual_logits_bytes": 622329856, "allocated_before_bytes": 4301379072, "backend": "unfused", "calculate_entropy": true, "calculate_sum_pi_squared": false, "context_parallel_size": 2, "data_format": "thd", "dense_logits_bytes": 1503558656, "dense_rows": 9896, "distillation_only": false, "elapsed_s": 0.03115912398789078, "element_size": 2, "entropy_from_logits_chunk_size": 2048, "entropy_from_logits_with_chunking": false, "event_id": 101, "logits_dtype": "torch.bfloat16", "logits_saved_bytes": 881228800, "peak_allocated_bytes": 7995074560, "peak_increment_bytes": 3693695488, "pipeline_parallel_size": 2, "projected_rows": 4096, "rank": 5, "response_only_enabled": true, "role": "actor", "selected_rows": 4096, "tensor_parallel_size": 2, "vocab_shard": 75968}
[36m(WorkerDict pid=3627508)[0m WARNING:2026-09-10 22:53:16,212:VERL_RESPONSE_ONLY_LM_HEAD_PROFILE {"active_ratio": 0.0, "actual_logits_bytes": 151936, "allocated_before_bytes": 4301538816, "backend": "unfused", "calculate_entropy": true, "calculate_sum_pi_squared": false, "context_parallel_size": 2, "data_format": "thd", "dense_logits_bytes": 1503558656, "dense_rows": 9896, "distillation_only": false, "elapsed_s": 0.006847632932476699, "element_size": 2, "entropy_from_logits_chunk_size": 2048, "entropy_from_logits_with_chunking": false, "event_id": 102, "logits_dtype": "torch.bfloat16", "logits_saved_bytes": 1503406720, "peak_allocated_bytes": 4382758912, "peak_increment_bytes": 81220096, "pipeline_parallel_size": 2, "projected_rows": 1, "rank": 7, "response_only_enabled": true, "role": "actor", "selected_rows": 0, "tensor_parallel_size": 2, "vocab_shard": 75968}
[36m(WorkerDict pid=3627507)[0m WARNING:2026-09-10 22:53:16,212:VERL_RESPONSE_ONLY_LM_HEAD_PROFILE {"active_ratio": 0.0, "actual_logits_bytes": 151936, "allocated_before_bytes": 4301538816, "backend": "unfused", "calculate_entropy": true, "calculate_sum_pi_squared": false, "context_parallel_size": 2, "data_format": "thd", "dense_logits_bytes": 1503558656, "dense_rows": 9896, "distillation_only": false, "elapsed_s": 0.006972773000597954, "element_size": 2, "entropy_from_logits_chunk_size": 2048, "entropy_from_logits_with_chunking": false, "event_id": 102, "logits_dtype": "torch.bfloat16", "logits_saved_bytes": 1503406720, "peak_allocated_bytes": 4382758912, "peak_increment_bytes": 81220096, "pipeline_parallel_size": 2, "projected_rows": 1, "rank": 6, "response_only_enabled": true, "role": "actor", "selected_rows": 0, "tensor_parallel_size": 2, "vocab_shard": 75968}
[36m(WorkerDict pid=3627506)[0m WARNING:2026-09-10 22:53:16,236:VERL_RESPONSE_ONLY_LM_HEAD_PROFILE {"active_ratio": 0.41390460792239286, "actual_logits_bytes": 622329856, "allocated_before_bytes": 4301538816, "backend": "unfused", "calculate_entropy": true, "calculate_sum_pi_squared": false, "context_parallel_size": 2, "data_format": "thd", "dense_logits_bytes": 1503558656, "dense_rows": 9896, "distillation_only": false, "elapsed_s": 0.03100456402171403, "element_size": 2, "entropy_from_logits_chunk_size": 2048, "entropy_from_logits_with_chunking": false, "event_id": 102, "logits_dtype": "torch.bfloat16", "logits_saved_bytes": 881228800, "peak_allocated_bytes": 7995234304, "peak_increment_bytes": 3693695488, "pipeline_parallel_size": 2, "projected_rows": 4096, "rank": 5, "response_only_enabled": true, "role": "actor", "selected_rows": 4096, "tensor_parallel_size": 2, "vocab_shard": 75968}
[36m(WorkerDict pid=3627508)[0m WARNING:2026-09-10 22:53:16,537:VERL_RESPONSE_ONLY_LM_HEAD_PROFILE {"active_ratio": 0.0, "actual_logits_bytes": 151936, "allocated_before_bytes": 4301698560, "backend": "unfused", "calculate_entropy": true, "calculate_sum_pi_squared": false, "context_parallel_size": 2, "data_format": "thd", "dense_logits_bytes": 1503558656, "dense_rows": 9896, "distillation_only": false, "elapsed_s": 0.007024114020168781, "element_size": 2, "entropy_from_logits_chunk_size": 2048, "entropy_from_logits_with_chunking": false, "event_id": 103, "logits_dtype": "torch.bfloat16", "logits_saved_bytes": 1503406720, "peak_allocated_bytes": 4382918656, "peak_increment_bytes": 81220096, "pipeline_parallel_size": 2, "projected_rows": 1, "rank": 7, "response_only_enabled": true, "role": "actor", "selected_rows": 0, "tensor_parallel_size": 2, "vocab_shard": 75968}
[36m(WorkerDict pid=3627507)[0m WARNING:2026-09-10 22:53:16,537:VERL_RESPONSE_ONLY_LM_HEAD_PROFILE {"active_ratio": 0.0, "actual_logits_bytes": 151936, "allocated_before_bytes": 4301698560, "backend": "unfused", "calculate_entropy": true, "calculate_sum_pi_squared": false, "context_parallel_size": 2, "data_format": "thd", "dense_logits_bytes": 1503558656, "dense_rows": 9896, "distillation_only": false, "elapsed_s": 0.007236913894303143, "element_size": 2, "entropy_from_logits_chunk_size": 2048, "entropy_from_logits_with_chunking": false, "event_id": 103, "logits_dtype": "torch.bfloat16", "logits_saved_bytes": 1503406720, "peak_allocated_bytes": 4382918656, "peak_increment_bytes": 81220096, "pipeline_parallel_size": 2, "projected_rows": 1, "rank": 6, "response_only_enabled": true, "role": "actor", "selected_rows": 0, "tensor_parallel_size": 2, "vocab_shard": 75968}
[36m(WorkerDict pid=3627506)[0m WARNING:2026-09-10 22:53:16,562:VERL_RESPONSE_ONLY_LM_HEAD_PROFILE {"active_ratio": 0.41390460792239286, "actual_logits_bytes": 622329856, "allocated_before_bytes": 4301698560, "backend": "unfused", "calculate_entropy": true, "calculate_sum_pi_squared": false, "context_parallel_size": 2, "data_format": "thd", "dense_logits_bytes": 1503558656, "dense_rows": 9896, "distillation_only": false, "elapsed_s": 0.03116492403205484, "element_size": 2, "entropy_from_logits_chunk_size": 2048, "entropy_from_logits_with_chunking": false, "event_id": 103, "logits_dtype": "torch.bfloat16", "logits_saved_bytes": 881228800, "peak_allocated_bytes": 7995394048, "peak_increment_bytes": 3693695488, "pipeline_parallel_size": 2, "projected_rows": 4096, "rank": 5, "response_only_enabled": true, "role": "actor", "selected_rows": 4096, "tensor_parallel_size": 2, "vocab_shard": 75968}
[36m(WorkerDict pid=3627508)[0m WARNING:2026-09-10 22:53:16,909:VERL_RESPONSE_ONLY_LM_HEAD_PROFILE {"active_ratio": 0.0, "actual_logits_bytes": 151936, "allocated_before_bytes": 4304239104, "backend": "unfused", "calculate_entropy": true, "calculate_sum_pi_squared": false, "context_parallel_size": 2, "data_format": "thd", "dense_logits_bytes": 1547316224, "dense_rows": 10184, "distillation_only": false, "elapsed_s": 0.00706817302852869, "element_size": 2, "entropy_from_logits_chunk_size": 2048, "entropy_from_logits_with_chunking": false, "event_id": 104, "logits_dtype": "torch.bfloat16", "logits_saved_bytes": 1547164288, "peak_allocated_bytes": 4387818496, "peak_increment_bytes": 83579392, "pipeline_parallel_size": 2, "projected_rows": 1, "rank": 7, "response_only_enabled": true, "role": "actor", "selected_rows": 0, "tensor_parallel_size": 2, "vocab_shard": 75968}
[36m(WorkerDict pid=3627507)[0m WARNING:2026-09-10 22:53:16,909:VERL_RESPONSE_ONLY_LM_HEAD_PROFILE {"active_ratio": 0.0, "actual_logits_bytes": 151936, "allocated_before_bytes": 4304239104, "backend": "unfused", "calculate_entropy": true, "calculate_sum_pi_squared": false, "context_parallel_size": 2, "data_format": "thd", "dense_logits_bytes": 1547316224, "dense_rows": 10184, "distillation_only": false, "elapsed_s": 0.007303542923182249, "element_size": 2, "entropy_from_logits_chunk_size": 2048, "entropy_from_logits_with_chunking": false, "event_id": 104, "logits_dtype": "torch.bfloat16", "logits_saved_bytes": 1547164288, "peak_allocated_bytes": 4387818496, "peak_increment_bytes": 83579392, "pipeline_parallel_size": 2, "projected_rows": 1, "rank": 6, "response_only_enabled": true, "role": "actor", "selected_rows": 0, "tensor_parallel_size": 2, "vocab_shard": 75968}
[36m(WorkerDict pid=3627506)[0m WARNING:2026-09-10 22:53:16,934:VERL_RESPONSE_ONLY_LM_HEAD_PROFILE {"active_ratio": 0.40219952867242736, "actual_logits_bytes": 622329856, "allocated_before_bytes": 4304239104, "backend": "unfused", "calculate_entropy": true, "calculate_sum_pi_squared": false, "context_parallel_size": 2, "data_format": "thd", "dense_logits_bytes": 1547316224, "dense_rows": 10184, "distillation_only": false, "elapsed_s": 0.03106249391566962, "element_size": 2, "entropy_from_logits_chunk_size": 2048, "entropy_from_logits_with_chunking": false, "event_id": 104, "logits_dtype": "torch.bfloat16", "logits_saved_bytes": 924986368, "peak_allocated_bytes": 7996758528, "peak_increment_bytes": 3692519424, "pipeline_parallel_size": 2, "projected_rows": 4096, "rank": 5, "response_only_enabled": true, "role": "actor", "selected_rows": 4096, "tensor_parallel_size": 2, "vocab_shard": 75968}
[36m(WorkerDict pid=3627508)[0m WARNING:2026-09-10 22:53:17,243:VERL_RESPONSE_ONLY_LM_HEAD_PROFILE {"active_ratio": 0.0, "actual_logits_bytes": 151936, "allocated_before_bytes": 4304403968, "backend": "unfused", "calculate_entropy": true, "calculate_sum_pi_squared": false, "context_parallel_size": 2, "data_format": "thd", "dense_logits_bytes": 1547316224, "dense_rows": 10184, "distillation_only": false, "elapsed_s": 0.00687720300629735, "element_size": 2, "entropy_from_logits_chunk_size": 2048, "entropy_from_logits_with_chunking": false, "event_id": 105, "logits_dtype": "torch.bfloat16", "logits_saved_bytes": 1547164288, "peak_allocated_bytes": 4387983360, "peak_increment_bytes": 83579392, "pipeline_parallel_size": 2, "projected_rows": 1, "rank": 7, "response_only_enabled": true, "role": "actor", "selected_rows": 0, "tensor_parallel_size": 2, "vocab_shard": 75968}
[36m(WorkerDict pid=3627507)[0m WARNING:2026-09-10 22:53:17,243:VERL_RESPONSE_ONLY_LM_HEAD_PROFILE {"active_ratio": 0.0, "actual_logits_bytes": 151936, "allocated_before_bytes": 4304403968, "backend": "unfused", "calculate_entropy": true, "calculate_sum_pi_squared": false, "context_parallel_size": 2, "data_format": "thd", "dense_logits_bytes": 1547316224, "dense_rows": 10184, "distillation_only": false, "elapsed_s": 0.0069925530115142465, "element_size": 2, "entropy_from_logits_chunk_size": 2048, "entropy_from_logits_with_chunking": false, "event_id": 105, "logits_dtype": "torch.bfloat16", "logits_saved_bytes": 1547164288, "peak_allocated_bytes": 4387983360, "peak_increment_bytes": 83579392, "pipeline_parallel_size": 2, "projected_rows": 1, "rank": 6, "response_only_enabled": true, "role": "actor", "selected_rows": 0, "tensor_parallel_size": 2, "vocab_shard": 75968}
[36m(WorkerDict pid=3627506)[0m WARNING:2026-09-10 22:53:17,268:VERL_RESPONSE_ONLY_LM_HEAD_PROFILE {"active_ratio": 0.40219952867242736, "actual_logits_bytes": 622329856, "allocated_before_bytes": 4304403968, "backend": "unfused", "calculate_entropy": true, "calculate_sum_pi_squared": false, "context_parallel_size": 2, "data_format": "thd", "dense_logits_bytes": 1547316224, "dense_rows": 10184, "distillation_only": false, "elapsed_s": 0.031195383984595537, "element_size": 2, "entropy_from_logits_chunk_size": 2048, "entropy_from_logits_with_chunking": false, "event_id": 105, "logits_dtype": "torch.bfloat16", "logits_saved_bytes": 924986368, "peak_allocated_bytes": 7996923392, "peak_increment_bytes": 3692519424, "pipeline_parallel_size": 2, "projected_rows": 4096, "rank": 5, "response_only_enabled": true, "role": "actor", "selected_rows": 4096, "tensor_parallel_size": 2, "vocab_shard": 75968}
[36m(WorkerDict pid=3627508)[0m WARNING:2026-09-10 22:53:17,576:VERL_RESPONSE_ONLY_LM_HEAD_PROFILE {"active_ratio": 0.0, "actual_logits_bytes": 151936, "allocated_before_bytes": 4304568832, "backend": "unfused", "calculate_entropy": true, "calculate_sum_pi_squared": false, "context_parallel_size": 2, "data_format": "thd", "dense_logits_bytes": 1547316224, "dense_rows": 10184, "distillation_only": false, "elapsed_s": 0.007262213039211929, "element_size": 2, "entropy_from_logits_chunk_size": 2048, "entropy_from_logits_with_chunking": false, "event_id": 106, "logits_dtype": "torch.bfloat16", "logits_saved_bytes": 1547164288, "peak_allocated_bytes": 4388148224, "peak_increment_bytes": 83579392, "pipeline_parallel_size": 2, "projected_rows": 1, "rank": 7, "response_only_enabled": true, "role": "actor", "selected_rows": 0, "tensor_parallel_size": 2, "vocab_shard": 75968}
[36m(WorkerDict pid=3627507)[0m WARNING:2026-09-10 22:53:17,577:VERL_RESPONSE_ONLY_LM_HEAD_PROFILE {"active_ratio": 0.0, "actual_logits_bytes": 151936, "allocated_before_bytes": 4304568832, "backend": "unfused", "calculate_entropy": true, "calculate_sum_pi_squared": false, "context_parallel_size": 2, "data_format": "thd", "dense_logits_bytes": 1547316224, "dense_rows": 10184, "distillation_only": false, "elapsed_s": 0.007435873034410179, "element_size": 2, "entropy_from_logits_chunk_size": 2048, "entropy_from_logits_with_chunking": false, "event_id": 106, "logits_dtype": "torch.bfloat16", "logits_saved_bytes": 1547164288, "peak_allocated_bytes": 4388148224, "peak_increment_bytes": 83579392, "pipeline_parallel_size": 2, "projected_rows": 1, "rank": 6, "response_only_enabled": true, "role": "actor", "selected_rows": 0, "tensor_parallel_size": 2, "vocab_shard": 75968}
[36m(WorkerDict pid=3627506)[0m WARNING:2026-09-10 22:53:17,601:VERL_RESPONSE_ONLY_LM_HEAD_PROFILE {"active_ratio": 0.40219952867242736, "actual_logits_bytes": 622329856, "allocated_before_bytes": 4304568832, "backend": "unfused", "calculate_entropy": true, "calculate_sum_pi_squared": false, "context_parallel_size": 2, "data_format": "thd", "dense_logits_bytes": 1547316224, "dense_rows": 10184, "distillation_only": false, "elapsed_s": 0.031140033970586956, "element_size": 2, "entropy_from_logits_chunk_size": 2048, "entropy_from_logits_with_chunking": false, "event_id": 106, "logits_dtype": "torch.bfloat16", "logits_saved_bytes": 924986368, "peak_allocated_bytes": 7997088256, "peak_increment_bytes": 3692519424, "pipeline_parallel_size": 2, "projected_rows": 4096, "rank": 5, "response_only_enabled": true, "role": "actor", "selected_rows": 4096, "tensor_parallel_size": 2, "vocab_shard": 75968}
[36m(WorkerDict pid=3627508)[0m WARNING:2026-09-10 22:53:17,910:VERL_RESPONSE_ONLY_LM_HEAD_PROFILE {"active_ratio": 0.0, "actual_logits_bytes": 151936, "allocated_before_bytes": 4304733696, "backend": "unfused", "calculate_entropy": true, "calculate_sum_pi_squared": false, "context_parallel_size": 2, "data_format": "thd", "dense_logits_bytes": 1547316224, "dense_rows": 10184, "distillation_only": false, "elapsed_s": 0.007579362951219082, "element_size": 2, "entropy_from_logits_chunk_size": 2048, "entropy_from_logits_with_chunking": false, "event_id": 107, "logits_dtype": "torch.bfloat16", "logits_saved_bytes": 1547164288, "peak_allocated_bytes": 4388313088, "peak_increment_bytes": 83579392, "pipeline_parallel_size": 2, "projected_rows": 1, "rank": 7, "response_only_enabled": true, "role": "actor", "selected_rows": 0, "tensor_parallel_size": 2, "vocab_shard": 75968}
[36m(WorkerDict pid=3627507)[0m WARNING:2026-09-10 22:53:17,910:VERL_RESPONSE_ONLY_LM_HEAD_PROFILE {"active_ratio": 0.0, "actual_logits_bytes": 151936, "allocated_before_bytes": 4304733696, "backend": "unfused", "calculate_entropy": true, "calculate_sum_pi_squared": false, "context_parallel_size": 2, "data_format": "thd", "dense_logits_bytes": 1547316224, "dense_rows": 10184, "distillation_only": false, "elapsed_s": 0.007378772948868573, "element_size": 2, "entropy_from_logits_chunk_size": 2048, "entropy_from_logits_with_chunking": false, "event_id": 107, "logits_dtype": "torch.bfloat16", "logits_saved_bytes": 1547164288, "peak_allocated_bytes": 4388313088, "peak_increment_bytes": 83579392, "pipeline_parallel_size": 2, "projected_rows": 1, "rank": 6, "response_only_enabled": true, "role": "actor", "selected_rows": 0, "tensor_parallel_size": 2, "vocab_shard": 75968}
[36m(WorkerDict pid=3627506)[0m WARNING:2026-09-10 22:53:17,934:VERL_RESPONSE_ONLY_LM_HEAD_PROFILE {"active_ratio": 0.40219952867242736, "actual_logits_bytes": 622329856, "allocated_before_bytes": 4304733696, "backend": "unfused", "calculate_entropy": true, "calculate_sum_pi_squared": false, "context_parallel_size": 2, "data_format": "thd", "dense_logits_bytes": 1547316224, "dense_rows": 10184, "distillation_only": false, "elapsed_s": 0.031142544001340866, "element_size": 2, "entropy_from_logits_chunk_size": 2048, "entropy_from_logits_with_chunking": false, "event_id": 107, "logits_dtype": "torch.bfloat16", "logits_saved_bytes": 924986368, "peak_allocated_bytes": 7997253120, "peak_increment_bytes": 3692519424, "pipeline_parallel_size": 2, "projected_rows": 4096, "rank": 5, "response_only_enabled": true, "role": "actor", "selected_rows": 4096, "tensor_parallel_size": 2, "vocab_shard": 75968}
[36m(WorkerDict pid=3627508)[0m WARNING:2026-09-10 22:53:18,242:VERL_RESPONSE_ONLY_LM_HEAD_PROFILE {"active_ratio": 0.0, "actual_logits_bytes": 151936, "allocated_before_bytes": 4304898560, "backend": "unfused", "calculate_entropy": true, "calculate_sum_pi_squared": false, "context_parallel_size": 2, "data_format": "thd", "dense_logits_bytes": 1547316224, "dense_rows": 10184, "distillation_only": false, "elapsed_s": 0.0067484729224815965, "element_size": 2, "entropy_from_logits_chunk_size": 2048, "entropy_from_logits_with_chunking": false, "event_id": 108, "logits_dtype": "torch.bfloat16", "logits_saved_bytes": 1547164288, "peak_allocated_bytes": 4388477952, "peak_increment_bytes": 83579392, "pipeline_parallel_size": 2, "projected_rows": 1, "rank": 7, "response_only_enabled": true, "role": "actor", "selected_rows": 0, "tensor_parallel_size": 2, "vocab_shard": 75968}
[36m(WorkerDict pid=3627507)[0m WARNING:2026-09-10 22:53:18,242:VERL_RESPONSE_ONLY_LM_HEAD_PROFILE {"active_ratio": 0.0, "actual_logits_bytes": 151936, "allocated_before_bytes": 4304898560, "backend": "unfused", "calculate_entropy": true, "calculate_sum_pi_squared": false, "context_parallel_size": 2, "data_format": "thd", "dense_logits_bytes": 1547316224, "dense_rows": 10184, "distillation_only": false, "elapsed_s": 0.0070027230540290475, "element_size": 2, "entropy_from_logits_chunk_size": 2048, "entropy_from_logits_with_chunking": false, "event_id": 108, "logits_dtype": "torch.bfloat16", "logits_saved_bytes": 1547164288, "peak_allocated_bytes": 4388477952, "peak_increment_bytes": 83579392, "pipeline_parallel_size": 2, "projected_rows": 1, "rank": 6, "response_only_enabled": true, "role": "actor", "selected_rows": 0, "tensor_parallel_size": 2, "vocab_shard": 75968}
[36m(WorkerDict pid=3627506)[0m WARNING:2026-09-10 22:53:18,267:VERL_RESPONSE_ONLY_LM_HEAD_PROFILE {"active_ratio": 0.40219952867242736, "actual_logits_bytes": 622329856, "allocated_before_bytes": 4304898560, "backend": "unfused", "calculate_entropy": true, "calculate_sum_pi_squared": false, "context_parallel_size": 2, "data_format": "thd", "dense_logits_bytes": 1547316224, "dense_rows": 10184, "distillation_only": false, "elapsed_s": 0.030958854011259973, "element_size": 2, "entropy_from_logits_chunk_size": 2048, "entropy_from_logits_with_chunking": false, "event_id": 108, "logits_dtype": "torch.bfloat16", "logits_saved_bytes": 924986368, "peak_allocated_bytes": 7997417984, "peak_increment_bytes": 3692519424, "pipeline_parallel_size": 2, "projected_rows": 4096, "rank": 5, "response_only_enabled": true, "role": "actor", "selected_rows": 4096, "tensor_parallel_size": 2, "vocab_shard": 75968}
[36m(WorkerDict pid=3627508)[0m WARNING:2026-09-10 22:53:18,575:VERL_RESPONSE_ONLY_LM_HEAD_PROFILE {"active_ratio": 0.0, "actual_logits_bytes": 151936, "allocated_before_bytes": 4305063424, "backend": "unfused", "calculate_entropy": true, "calculate_sum_pi_squared": false, "context_parallel_size": 2, "data_format": "thd", "dense_logits_bytes": 1547316224, "dense_rows": 10184, "distillation_only": false, "elapsed_s": 0.006892213015817106, "element_size": 2, "entropy_from_logits_chunk_size": 2048, "entropy_from_logits_with_chunking": false, "event_id": 109, "logits_dtype": "torch.bfloat16", "logits_saved_bytes": 1547164288, "peak_allocated_bytes": 4388642816, "peak_increment_bytes": 83579392, "pipeline_parallel_size": 2, "projected_rows": 1, "rank": 7, "response_only_enabled": true, "role": "actor", "selected_rows": 0, "tensor_parallel_size": 2, "vocab_shard": 75968}
[36m(WorkerDict pid=3627507)[0m WARNING:2026-09-10 22:53:18,576:VERL_RESPONSE_ONLY_LM_HEAD_PROFILE {"active_ratio": 0.0, "actual_logits_bytes": 151936, "allocated_before_bytes": 4305063424, "backend": "unfused", "calculate_entropy": true, "calculate_sum_pi_squared": false, "context_parallel_size": 2, "data_format": "thd", "dense_logits_bytes": 1547316224, "dense_rows": 10184, "distillation_only": false, "elapsed_s": 0.007045333040878177, "element_size": 2, "entropy_from_logits_chunk_size": 2048, "entropy_from_logits_with_chunking": false, "event_id": 109, "logits_dtype": "torch.bfloat16", "logits_saved_bytes": 1547164288, "peak_allocated_bytes": 4388642816, "peak_increment_bytes": 83579392, "pipeline_parallel_size": 2, "projected_rows": 1, "rank": 6, "response_only_enabled": true, "role": "actor", "selected_rows": 0, "tensor_parallel_size": 2, "vocab_shard": 75968}
[36m(WorkerDict pid=3627506)[0m WARNING:2026-09-10 22:53:18,600:VERL_RESPONSE_ONLY_LM_HEAD_PROFILE {"active_ratio": 0.40219952867242736, "actual_logits_bytes": 622329856, "allocated_before_bytes": 4305063424, "backend": "unfused", "calculate_entropy": true, "calculate_sum_pi_squared": false, "context_parallel_size": 2, "data_format": "thd", "dense_logits_bytes": 1547316224, "dense_rows": 10184, "distillation_only": false, "elapsed_s": 0.0311414540046826, "element_size": 2, "entropy_from_logits_chunk_size": 2048, "entropy_from_logits_with_chunking": false, "event_id": 109, "logits_dtype": "torch.bfloat16", "logits_saved_bytes": 924986368, "peak_allocated_bytes": 7997582848, "peak_increment_bytes": 3692519424, "pipeline_parallel_size": 2, "projected_rows": 4096, "rank": 5, "response_only_enabled": true, "role": "actor", "selected_rows": 4096, "tensor_parallel_size": 2, "vocab_shard": 75968}
[36m(WorkerDict pid=3627508)[0m WARNING:2026-09-10 22:53:18,909:VERL_RESPONSE_ONLY_LM_HEAD_PROFILE {"active_ratio": 0.0, "actual_logits_bytes": 151936, "allocated_before_bytes": 4305228288, "backend": "unfused", "calculate_entropy": true, "calculate_sum_pi_squared": false, "context_parallel_size": 2, "data_format": "thd", "dense_logits_bytes": 1547316224, "dense_rows": 10184, "distillation_only": false, "elapsed_s": 0.00717471307143569, "element_size": 2, "entropy_from_logits_chunk_size": 2048, "entropy_from_logits_with_chunking": false, "event_id": 110, "logits_dtype": "torch.bfloat16", "logits_saved_bytes": 1547164288, "peak_allocated_bytes": 4388807680, "peak_increment_bytes": 83579392, "pipeline_parallel_size": 2, "projected_rows": 1, "rank": 7, "response_only_enabled": true, "role": "actor", "selected_rows": 0, "tensor_parallel_size": 2, "vocab_shard": 75968}
[36m(WorkerDict pid=3627507)[0m WARNING:2026-09-10 22:53:18,909:VERL_RESPONSE_ONLY_LM_HEAD_PROFILE {"active_ratio": 0.0, "actual_logits_bytes": 151936, "allocated_before_bytes": 4305228288, "backend": "unfused", "calculate_entropy": true, "calculate_sum_pi_squared": false, "context_parallel_size": 2, "data_format": "thd", "dense_logits_bytes": 1547316224, "dense_rows": 10184, "distillation_only": false, "elapsed_s": 0.007410443038679659, "element_size": 2, "entropy_from_logits_chunk_size": 2048, "entropy_from_logits_with_chunking": false, "event_id": 110, "logits_dtype": "torch.bfloat16", "logits_saved_bytes": 1547164288, "peak_allocated_bytes": 4388807680, "peak_increment_bytes": 83579392, "pipeline_parallel_size": 2, "projected_rows": 1, "rank": 6, "response_only_enabled": true, "role": "actor", "selected_rows": 0, "tensor_parallel_size": 2, "vocab_shard": 75968}
[36m(WorkerDict pid=3627506)[0m WARNING:2026-09-10 22:53:18,934:VERL_RESPONSE_ONLY_LM_HEAD_PROFILE {"active_ratio": 0.40219952867242736, "actual_logits_bytes": 622329856, "allocated_before_bytes": 4305228288, "backend": "unfused", "calculate_entropy": true, "calculate_sum_pi_squared": false, "context_parallel_size": 2, "data_format": "thd", "dense_logits_bytes": 1547316224, "dense_rows": 10184, "distillation_only": false, "elapsed_s": 0.03104128409177065, "element_size": 2, "entropy_from_logits_chunk_size": 2048, "entropy_from_logits_with_chunking": false, "event_id": 110, "logits_dtype": "torch.bfloat16", "logits_saved_bytes": 924986368, "peak_allocated_bytes": 7997747712, "peak_increment_bytes": 3692519424, "pipeline_parallel_size": 2, "projected_rows": 4096, "rank": 5, "response_only_enabled": true, "role": "actor", "selected_rows": 4096, "tensor_parallel_size": 2, "vocab_shard": 75968}
[36m(WorkerDict pid=3627508)[0m WARNING:2026-09-10 22:53:19,246:VERL_RESPONSE_ONLY_LM_HEAD_PROFILE {"active_ratio": 0.0, "actual_logits_bytes": 151936, "allocated_before_bytes": 4305393152, "backend": "unfused", "calculate_entropy": true, "calculate_sum_pi_squared": false, "context_parallel_size": 2, "data_format": "thd", "dense_logits_bytes": 1547316224, "dense_rows": 10184, "distillation_only": false, "elapsed_s": 0.007079992908984423, "element_size": 2, "entropy_from_logits_chunk_size": 2048, "entropy_from_logits_with_chunking": false, "event_id": 111, "logits_dtype": "torch.bfloat16", "logits_saved_bytes": 1547164288, "peak_allocated_bytes": 4388972544, "peak_increment_bytes": 83579392, "pipeline_parallel_size": 2, "projected_rows": 1, "rank": 7, "response_only_enabled": true, "role": "actor", "selected_rows": 0, "tensor_parallel_size": 2, "vocab_shard": 75968}
[36m(WorkerDict pid=3627507)[0m WARNING:2026-09-10 22:53:19,246:VERL_RESPONSE_ONLY_LM_HEAD_PROFILE {"active_ratio": 0.0, "actual_logits_bytes": 151936, "allocated_before_bytes": 4305393152, "backend": "unfused", "calculate_entropy": true, "calculate_sum_pi_squared": false, "context_parallel_size": 2, "data_format": "thd", "dense_logits_bytes": 1547316224, "dense_rows": 10184, "distillation_only": false, "elapsed_s": 0.00702985399402678, "element_size": 2, "entropy_from_logits_chunk_size": 2048, "entropy_from_logits_with_chunking": false, "event_id": 111, "logits_dtype": "torch.bfloat16", "logits_saved_bytes": 1547164288, "peak_allocated_bytes": 4388972544, "peak_increment_bytes": 83579392, "pipeline_parallel_size": 2, "projected_rows": 1, "rank": 6, "response_only_enabled": true, "role": "actor", "selected_rows": 0, "tensor_parallel_size": 2, "vocab_shard": 75968}
[36m(WorkerDict pid=3627506)[0m WARNING:2026-09-10 22:53:19,270:VERL_RESPONSE_ONLY_LM_HEAD_PROFILE {"active_ratio": 0.40219952867242736, "actual_logits_bytes": 622329856, "allocated_before_bytes": 4305393152, "backend": "unfused", "calculate_entropy": true, "calculate_sum_pi_squared": false, "context_parallel_size": 2, "data_format": "thd", "dense_logits_bytes": 1547316224, "dense_rows": 10184, "distillation_only": false, "elapsed_s": 0.031046143965795636, "element_size": 2, "entropy_from_logits_chunk_size": 2048, "entropy_from_logits_with_chunking": false, "event_id": 111, "logits_dtype": "torch.bfloat16", "logits_saved_bytes": 924986368, "peak_allocated_bytes": 7997912576, "peak_increment_bytes": 3692519424, "pipeline_parallel_size": 2, "projected_rows": 4096, "rank": 5, "response_only_enabled": true, "role": "actor", "selected_rows": 4096, "tensor_parallel_size": 2, "vocab_shard": 75968}
[36m(WorkerDict pid=3627508)[0m WARNING:2026-09-10 22:53:24,222:VERL_RESPONSE_ONLY_LM_HEAD_PROFILE {"active_ratio": 0.0, "actual_logits_bytes": 151936, "allocated_before_bytes": 4304278016, "backend": "unfused", "calculate_entropy": false, "calculate_sum_pi_squared": false, "context_parallel_size": 2, "data_format": "thd", "dense_logits_bytes": 1547316224, "dense_rows": 10184, "distillation_only": false, "elapsed_s": 0.00402453204151243, "element_size": 2, "entropy_from_logits_chunk_size": 2048, "entropy_from_logits_with_chunking": false, "event_id": 112, "logits_dtype": "torch.bfloat16", "logits_saved_bytes": 1547164288, "peak_allocated_bytes": 4387857408, "peak_increment_bytes": 83579392, "pipeline_parallel_size": 2, "projected_rows": 1, "rank": 7, "response_only_enabled": true, "role": "ref", "selected_rows": 0, "tensor_parallel_size": 2, "vocab_shard": 75968}
[36m(WorkerDict pid=3627507)[0m WARNING:2026-09-10 22:53:24,223:VERL_RESPONSE_ONLY_LM_HEAD_PROFILE {"active_ratio": 0.0, "actual_logits_bytes": 151936, "allocated_before_bytes": 4304278016, "backend": "unfused", "calculate_entropy": false, "calculate_sum_pi_squared": false, "context_parallel_size": 2, "data_format": "thd", "dense_logits_bytes": 1547316224, "dense_rows": 10184, "distillation_only": false, "elapsed_s": 0.004156581941060722, "element_size": 2, "entropy_from_logits_chunk_size": 2048, "entropy_from_logits_with_chunking": false, "event_id": 112, "logits_dtype": "torch.bfloat16", "logits_saved_bytes": 1547164288, "peak_allocated_bytes": 4387857408, "peak_increment_bytes": 83579392, "pipeline_parallel_size": 2, "projected_rows": 1, "rank": 6, "response_only_enabled": true, "role": "ref", "selected_rows": 0, "tensor_parallel_size": 2, "vocab_shard": 75968}
[36m(WorkerDict pid=3627506)[0m WARNING:2026-09-10 22:53:24,245:VERL_RESPONSE_ONLY_LM_HEAD_PROFILE {"active_ratio": 0.40219952867242736, "actual_logits_bytes": 622329856, "allocated_before_bytes": 4304278016, "backend": "unfused", "calculate_entropy": false, "calculate_sum_pi_squared": false, "context_parallel_size": 2, "data_format": "thd", "dense_logits_bytes": 1547316224, "dense_rows": 10184, "distillation_only": false, "elapsed_s": 0.027706871973350644, "element_size": 2, "entropy_from_logits_chunk_size": 2048, "entropy_from_logits_with_chunking": false, "event_id": 112, "logits_dtype": "torch.bfloat16", "logits_saved_bytes": 924986368, "peak_allocated_bytes": 6129553920, "peak_increment_bytes": 1825275904, "pipeline_parallel_size": 2, "projected_rows": 4096, "rank": 5, "response_only_enabled": true, "role": "ref", "selected_rows": 4096, "tensor_parallel_size": 2, "vocab_shard": 75968}
[36m(WorkerDict pid=3627508)[0m WARNING:2026-09-10 22:53:24,550:VERL_RESPONSE_ONLY_LM_HEAD_PROFILE {"active_ratio": 0.0, "actual_logits_bytes": 151936, "allocated_before_bytes": 4304360960, "backend": "unfused", "calculate_entropy": false, "calculate_sum_pi_squared": false, "context_parallel_size": 2, "data_format": "thd", "dense_logits_bytes": 1547316224, "dense_rows": 10184, "distillation_only": false, "elapsed_s": 0.0038884320529177785, "element_size": 2, "entropy_from_logits_chunk_size": 2048, "entropy_from_logits_with_chunking": false, "event_id": 113, "logits_dtype": "torch.bfloat16", "logits_saved_bytes": 1547164288, "peak_allocated_bytes": 4387940352, "peak_increment_bytes": 83579392, "pipeline_parallel_size": 2, "projected_rows": 1, "rank": 7, "response_only_enabled": true, "role": "ref", "selected_rows": 0, "tensor_parallel_size": 2, "vocab_shard": 75968}
[36m(WorkerDict pid=3627507)[0m WARNING:2026-09-10 22:53:24,550:VERL_RESPONSE_ONLY_LM_HEAD_PROFILE {"active_ratio": 0.0, "actual_logits_bytes": 151936, "allocated_before_bytes": 4304360960, "backend": "unfused", "calculate_entropy": false, "calculate_sum_pi_squared": false, "context_parallel_size": 2, "data_format": "thd", "dense_logits_bytes": 1547316224, "dense_rows": 10184, "distillation_only": false, "elapsed_s": 0.003962931921705604, "element_size": 2, "entropy_from_logits_chunk_size": 2048, "entropy_from_logits_with_chunking": false, "event_id": 113, "logits_dtype": "torch.bfloat16", "logits_saved_bytes": 1547164288, "peak_allocated_bytes": 4387940352, "peak_increment_bytes": 83579392, "pipeline_parallel_size": 2, "projected_rows": 1, "rank": 6, "response_only_enabled": true, "role": "ref", "selected_rows": 0, "tensor_parallel_size": 2, "vocab_shard": 75968}
[36m(WorkerDict pid=3627506)[0m WARNING:2026-09-10 22:53:24,568:VERL_RESPONSE_ONLY_LM_HEAD_PROFILE {"active_ratio": 0.40219952867242736, "actual_logits_bytes": 622329856, "allocated_before_bytes": 4304360960, "backend": "unfused", "calculate_entropy": false, "calculate_sum_pi_squared": false, "context_parallel_size": 2, "data_format": "thd", "dense_logits_bytes": 1547316224, "dense_rows": 10184, "distillation_only": false, "elapsed_s": 0.021673190058209002, "element_size": 2, "entropy_from_logits_chunk_size": 2048, "entropy_from_logits_with_chunking": false, "event_id": 113, "logits_dtype": "torch.bfloat16", "logits_saved_bytes": 924986368, "peak_allocated_bytes": 6129636864, "peak_increment_bytes": 1825275904, "pipeline_parallel_size": 2, "projected_rows": 4096, "rank": 5, "response_only_enabled": true, "role": "ref", "selected_rows": 4096, "tensor_parallel_size": 2, "vocab_shard": 75968}
[36m(WorkerDict pid=3627508)[0m WARNING:2026-09-10 22:53:24,873:VERL_RESPONSE_ONLY_LM_HEAD_PROFILE {"active_ratio": 0.0, "actual_logits_bytes": 151936, "allocated_before_bytes": 4304443392, "backend": "unfused", "calculate_entropy": false, "calculate_sum_pi_squared": false, "context_parallel_size": 2, "data_format": "thd", "dense_logits_bytes": 1547316224, "dense_rows": 10184, "distillation_only": false, "elapsed_s": 0.003964602015912533, "element_size": 2, "entropy_from_logits_chunk_size": 2048, "entropy_from_logits_with_chunking": false, "event_id": 114, "logits_dtype": "torch.bfloat16", "logits_saved_bytes": 1547164288, "peak_allocated_bytes": 4388022784, "peak_increment_bytes": 83579392, "pipeline_parallel_size": 2, "projected_rows": 1, "rank": 7, "response_only_enabled": true, "role": "ref", "selected_rows": 0, "tensor_parallel_size": 2, "vocab_shard": 75968}
[36m(WorkerDict pid=3627507)[0m WARNING:2026-09-10 22:53:24,873:VERL_RESPONSE_ONLY_LM_HEAD_PROFILE {"active_ratio": 0.0, "actual_logits_bytes": 151936, "allocated_before_bytes": 4304443392, "backend": "unfused", "calculate_entropy": false, "calculate_sum_pi_squared": false, "context_parallel_size": 2, "data_format": "thd", "dense_logits_bytes": 1547316224, "dense_rows": 10184, "distillation_only": false, "elapsed_s": 0.004000222077593207, "element_size": 2, "entropy_from_logits_chunk_size": 2048, "entropy_from_logits_with_chunking": false, "event_id": 114, "logits_dtype": "torch.bfloat16", "logits_saved_bytes": 1547164288, "peak_allocated_bytes": 4388022784, "peak_increment_bytes": 83579392, "pipeline_parallel_size": 2, "projected_rows": 1, "rank": 6, "response_only_enabled": true, "role": "ref", "selected_rows": 0, "tensor_parallel_size": 2, "vocab_shard": 75968}
[36m(WorkerDict pid=3627506)[0m WARNING:2026-09-10 22:53:24,891:VERL_RESPONSE_ONLY_LM_HEAD_PROFILE {"active_ratio": 0.40219952867242736, "actual_logits_bytes": 622329856, "allocated_before_bytes": 4304443392, "backend": "unfused", "calculate_entropy": false, "calculate_sum_pi_squared": false, "context_parallel_size": 2, "data_format": "thd", "dense_logits_bytes": 1547316224, "dense_rows": 10184, "distillation_only": false, "elapsed_s": 0.0217432799981907, "element_size": 2, "entropy_from_logits_chunk_size": 2048, "entropy_from_logits_with_chunking": false, "event_id": 114, "logits_dtype": "torch.bfloat16", "logits_saved_bytes": 924986368, "peak_allocated_bytes": 6129719296, "peak_increment_bytes": 1825275904, "pipeline_parallel_size": 2, "projected_rows": 4096, "rank": 5, "response_only_enabled": true, "role": "ref", "selected_rows": 4096, "tensor_parallel_size": 2, "vocab_shard": 75968}
[36m(WorkerDict pid=3627508)[0m WARNING:2026-09-10 22:53:25,195:VERL_RESPONSE_ONLY_LM_HEAD_PROFILE {"active_ratio": 0.0, "actual_logits_bytes": 151936, "allocated_before_bytes": 4304525824, "backend": "unfused", "calculate_entropy": false, "calculate_sum_pi_squared": false, "context_parallel_size": 2, "data_format": "thd", "dense_logits_bytes": 1547316224, "dense_rows": 10184, "distillation_only": false, "elapsed_s": 0.0038538119988515973, "element_size": 2, "entropy_from_logits_chunk_size": 2048, "entropy_from_logits_with_chunking": false, "event_id": 115, "logits_dtype": "torch.bfloat16", "logits_saved_bytes": 1547164288, "peak_allocated_bytes": 4388105216, "peak_increment_bytes": 83579392, "pipeline_parallel_size": 2, "projected_rows": 1, "rank": 7, "response_only_enabled": true, "role": "ref", "selected_rows": 0, "tensor_parallel_size": 2, "vocab_shard": 75968}
[36m(WorkerDict pid=3627507)[0m WARNING:2026-09-10 22:53:25,195:VERL_RESPONSE_ONLY_LM_HEAD_PROFILE {"active_ratio": 0.0, "actual_logits_bytes": 151936, "allocated_before_bytes": 4304525824, "backend": "unfused", "calculate_entropy": false, "calculate_sum_pi_squared": false, "context_parallel_size": 2, "data_format": "thd", "dense_logits_bytes": 1547316224, "dense_rows": 10184, "distillation_only": false, "elapsed_s": 0.0038902120431885123, "element_size": 2, "entropy_from_logits_chunk_size": 2048, "entropy_from_logits_with_chunking": false, "event_id": 115, "logits_dtype": "torch.bfloat16", "logits_saved_bytes": 1547164288, "peak_allocated_bytes": 4388105216, "peak_increment_bytes": 83579392, "pipeline_parallel_size": 2, "projected_rows": 1, "rank": 6, "response_only_enabled": true, "role": "ref", "selected_rows": 0, "tensor_parallel_size": 2, "vocab_shard": 75968}
[36m(WorkerDict pid=3627506)[0m WARNING:2026-09-10 22:53:25,213:VERL_RESPONSE_ONLY_LM_HEAD_PROFILE {"active_ratio": 0.40219952867242736, "actual_logits_bytes": 622329856, "allocated_before_bytes": 4304525824, "backend": "unfused", "calculate_entropy": false, "calculate_sum_pi_squared": false, "context_parallel_size": 2, "data_format": "thd", "dense_logits_bytes": 1547316224, "dense_rows": 10184, "distillation_only": false, "elapsed_s": 0.021708059939555824, "element_size": 2, "entropy_from_logits_chunk_size": 2048, "entropy_from_logits_with_chunking": false, "event_id": 115, "logits_dtype": "torch.bfloat16", "logits_saved_bytes": 924986368, "peak_allocated_bytes": 6129801728, "peak_increment_bytes": 1825275904, "pipeline_parallel_size": 2, "projected_rows": 4096, "rank": 5, "response_only_enabled": true, "role": "ref", "selected_rows": 4096, "tensor_parallel_size": 2, "vocab_shard": 75968}
[36m(WorkerDict pid=3627508)[0m WARNING:2026-09-10 22:53:25,512:VERL_RESPONSE_ONLY_LM_HEAD_PROFILE {"active_ratio": 0.0, "actual_logits_bytes": 151936, "allocated_before_bytes": 4302224896, "backend": "unfused", "calculate_entropy": false, "calculate_sum_pi_squared": false, "context_parallel_size": 2, "data_format": "thd", "dense_logits_bytes": 1503558656, "dense_rows": 9896, "distillation_only": false, "elapsed_s": 0.0038195409579202533, "element_size": 2, "entropy_from_logits_chunk_size": 2048, "entropy_from_logits_with_chunking": false, "event_id": 116, "logits_dtype": "torch.bfloat16", "logits_saved_bytes": 1503406720, "peak_allocated_bytes": 4383444992, "peak_increment_bytes": 81220096, "pipeline_parallel_size": 2, "projected_rows": 1, "rank": 7, "response_only_enabled": true, "role": "ref", "selected_rows": 0, "tensor_parallel_size": 2, "vocab_shard": 75968}
[36m(WorkerDict pid=3627507)[0m WARNING:2026-09-10 22:53:25,512:VERL_RESPONSE_ONLY_LM_HEAD_PROFILE {"active_ratio": 0.0, "actual_logits_bytes": 151936, "allocated_before_bytes": 4302224896, "backend": "unfused", "calculate_entropy": false, "calculate_sum_pi_squared": false, "context_parallel_size": 2, "data_format": "thd", "dense_logits_bytes": 1503558656, "dense_rows": 9896, "distillation_only": false, "elapsed_s": 0.0039752720622345805, "element_size": 2, "entropy_from_logits_chunk_size": 2048, "entropy_from_logits_with_chunking": false, "event_id": 116, "logits_dtype": "torch.bfloat16", "logits_saved_bytes": 1503406720, "peak_allocated_bytes": 4383444992, "peak_increment_bytes": 81220096, "pipeline_parallel_size": 2, "projected_rows": 1, "rank": 6, "response_only_enabled": true, "role": "ref", "selected_rows": 0, "tensor_parallel_size": 2, "vocab_shard": 75968}
[36m(WorkerDict pid=3627506)[0m WARNING:2026-09-10 22:53:25,530:VERL_RESPONSE_ONLY_LM_HEAD_PROFILE {"active_ratio": 0.41390460792239286, "actual_logits_bytes": 622329856, "allocated_before_bytes": 4302224896, "backend": "unfused", "calculate_entropy": false, "calculate_sum_pi_squared": false, "context_parallel_size": 2, "data_format": "thd", "dense_logits_bytes": 1503558656, "dense_rows": 9896, "distillation_only": false, "elapsed_s": 0.02166420000139624, "element_size": 2, "entropy_from_logits_chunk_size": 2048, "entropy_from_logits_with_chunking": false, "event_id": 116, "logits_dtype": "torch.bfloat16", "logits_saved_bytes": 881228800, "peak_allocated_bytes": 6128680448, "peak_increment_bytes": 1826455552, "pipeline_parallel_size": 2, "projected_rows": 4096, "rank": 5, "response_only_enabled": true, "role": "ref", "selected_rows": 4096, "tensor_parallel_size": 2, "vocab_shard": 75968}
[36m(WorkerDict pid=3627508)[0m WARNING:2026-09-10 22:53:25,827:VERL_RESPONSE_ONLY_LM_HEAD_PROFILE {"active_ratio": 0.0, "actual_logits_bytes": 151936, "allocated_before_bytes": 4302304768, "backend": "unfused", "calculate_entropy": false, "calculate_sum_pi_squared": false, "context_parallel_size": 2, "data_format": "thd", "dense_logits_bytes": 1503558656, "dense_rows": 9896, "distillation_only": false, "elapsed_s": 0.0037035009590908885, "element_size": 2, "entropy_from_logits_chunk_size": 2048, "entropy_from_logits_with_chunking": false, "event_id": 117, "logits_dtype": "torch.bfloat16", "logits_saved_bytes": 1503406720, "peak_allocated_bytes": 4383524864, "peak_increment_bytes": 81220096, "pipeline_parallel_size": 2, "projected_rows": 1, "rank": 7, "response_only_enabled": true, "role": "ref", "selected_rows": 0, "tensor_parallel_size": 2, "vocab_shard": 75968}
[36m(WorkerDict pid=3627507)[0m WARNING:2026-09-10 22:53:25,827:VERL_RESPONSE_ONLY_LM_HEAD_PROFILE {"active_ratio": 0.0, "actual_logits_bytes": 151936, "allocated_before_bytes": 4302304768, "backend": "unfused", "calculate_entropy": false, "calculate_sum_pi_squared": false, "context_parallel_size": 2, "data_format": "thd", "dense_logits_bytes": 1503558656, "dense_rows": 9896, "distillation_only": false, "elapsed_s": 0.0038547610165551305, "element_size": 2, "entropy_from_logits_chunk_size": 2048, "entropy_from_logits_with_chunking": false, "event_id": 117, "logits_dtype": "torch.bfloat16", "logits_saved_bytes": 1503406720, "peak_allocated_bytes": 4383524864, "peak_increment_bytes": 81220096, "pipeline_parallel_size": 2, "projected_rows": 1, "rank": 6, "response_only_enabled": true, "role": "ref", "selected_rows": 0, "tensor_parallel_size": 2, "vocab_shard": 75968}
[36m(WorkerDict pid=3627506)[0m WARNING:2026-09-10 22:53:25,845:VERL_RESPONSE_ONLY_LM_HEAD_PROFILE {"active_ratio": 0.41390460792239286, "actual_logits_bytes": 622329856, "allocated_before_bytes": 4302304768, "backend": "unfused", "calculate_entropy": false, "calculate_sum_pi_squared": false, "context_parallel_size": 2, "data_format": "thd", "dense_logits_bytes": 1503558656, "dense_rows": 9896, "distillation_only": false, "elapsed_s": 0.021587879047729075, "element_size": 2, "entropy_from_logits_chunk_size": 2048, "entropy_from_logits_with_chunking": false, "event_id": 117, "logits_dtype": "torch.bfloat16", "logits_saved_bytes": 881228800, "peak_allocated_bytes": 6128760320, "peak_increment_bytes": 1826455552, "pipeline_parallel_size": 2, "projected_rows": 4096, "rank": 5, "response_only_enabled": true, "role": "ref", "selected_rows": 4096, "tensor_parallel_size": 2, "vocab_shard": 75968}
[36m(WorkerDict pid=3627508)[0m WARNING:2026-09-10 22:53:26,141:VERL_RESPONSE_ONLY_LM_HEAD_PROFILE {"active_ratio": 0.0, "actual_logits_bytes": 151936, "allocated_before_bytes": 4302384640, "backend": "unfused", "calculate_entropy": false, "calculate_sum_pi_squared": false, "context_parallel_size": 2, "data_format": "thd", "dense_logits_bytes": 1503558656, "dense_rows": 9896, "distillation_only": false, "elapsed_s": 0.003755062003619969, "element_size": 2, "entropy_from_logits_chunk_size": 2048, "entropy_from_logits_with_chunking": false, "event_id": 118, "logits_dtype": "torch.bfloat16", "logits_saved_bytes": 1503406720, "peak_allocated_bytes": 4383604736, "peak_increment_bytes": 81220096, "pipeline_parallel_size": 2, "projected_rows": 1, "rank": 7, "response_only_enabled": true, "role": "ref", "selected_rows": 0, "tensor_parallel_size": 2, "vocab_shard": 75968}
[36m(WorkerDict pid=3627507)[0m WARNING:2026-09-10 22:53:26,141:VERL_RESPONSE_ONLY_LM_HEAD_PROFILE {"active_ratio": 0.0, "actual_logits_bytes": 151936, "allocated_before_bytes": 4302384640, "backend": "unfused", "calculate_entropy": false, "calculate_sum_pi_squared": false, "context_parallel_size": 2, "data_format": "thd", "dense_logits_bytes": 1503558656, "dense_rows": 9896, "distillation_only": false, "elapsed_s": 0.003888902021571994, "element_size": 2, "entropy_from_logits_chunk_size": 2048, "entropy_from_logits_with_chunking": false, "event_id": 118, "logits_dtype": "torch.bfloat16", "logits_saved_bytes": 1503406720, "peak_allocated_bytes": 4383604736, "peak_increment_bytes": 81220096, "pipeline_parallel_size": 2, "projected_rows": 1, "rank": 6, "response_only_enabled": true, "role": "ref", "selected_rows": 0, "tensor_parallel_size": 2, "vocab_shard": 75968}
[36m(WorkerDict pid=3627506)[0m WARNING:2026-09-10 22:53:26,159:VERL_RESPONSE_ONLY_LM_HEAD_PROFILE {"active_ratio": 0.41390460792239286, "actual_logits_bytes": 622329856, "allocated_before_bytes": 4302384640, "backend": "unfused", "calculate_entropy": false, "calculate_sum_pi_squared": false, "context_parallel_size": 2, "data_format": "thd", "dense_logits_bytes": 1503558656, "dense_rows": 9896, "distillation_only": false, "elapsed_s": 0.021587350056506693, "element_size": 2, "entropy_from_logits_chunk_size": 2048, "entropy_from_logits_with_chunking": false, "event_id": 118, "logits_dtype": "torch.bfloat16", "logits_saved_bytes": 881228800, "peak_allocated_bytes": 6128840192, "peak_increment_bytes": 1826455552, "pipeline_parallel_size": 2, "projected_rows": 4096, "rank": 5, "response_only_enabled": true, "role": "ref", "selected_rows": 4096, "tensor_parallel_size": 2, "vocab_shard": 75968}
[36m(WorkerDict pid=3627508)[0m WARNING:2026-09-10 22:53:26,456:VERL_RESPONSE_ONLY_LM_HEAD_PROFILE {"active_ratio": 0.0, "actual_logits_bytes": 151936, "allocated_before_bytes": 4302464512, "backend": "unfused", "calculate_entropy": false, "calculate_sum_pi_squared": false, "context_parallel_size": 2, "data_format": "thd", "dense_logits_bytes": 1503558656, "dense_rows": 9896, "distillation_only": false, "elapsed_s": 0.003919702023267746, "element_size": 2, "entropy_from_logits_chunk_size": 2048, "entropy_from_logits_with_chunking": false, "event_id": 119, "logits_dtype": "torch.bfloat16", "logits_saved_bytes": 1503406720, "peak_allocated_bytes": 4383684608, "peak_increment_bytes": 81220096, "pipeline_parallel_size": 2, "projected_rows": 1, "rank": 7, "response_only_enabled": true, "role": "ref", "selected_rows": 0, "tensor_parallel_size": 2, "vocab_shard": 75968}
[36m(WorkerDict pid=3627507)[0m WARNING:2026-09-10 22:53:26,456:VERL_RESPONSE_ONLY_LM_HEAD_PROFILE {"active_ratio": 0.0, "actual_logits_bytes": 151936, "allocated_before_bytes": 4302464512, "backend": "unfused", "calculate_entropy": false, "calculate_sum_pi_squared": false, "context_parallel_size": 2, "data_format": "thd", "dense_logits_bytes": 1503558656, "dense_rows": 9896, "distillation_only": false, "elapsed_s": 0.004041512031108141, "element_size": 2, "entropy_from_logits_chunk_size": 2048, "entropy_from_logits_with_chunking": false, "event_id": 119, "logits_dtype": "torch.bfloat16", "logits_saved_bytes": 1503406720, "peak_allocated_bytes": 4383684608, "peak_increment_bytes": 81220096, "pipeline_parallel_size": 2, "projected_rows": 1, "rank": 6, "response_only_enabled": true, "role": "ref", "selected_rows": 0, "tensor_parallel_size": 2, "vocab_shard": 75968}
[36m(WorkerDict pid=3627506)[0m WARNING:2026-09-10 22:53:26,474:VERL_RESPONSE_ONLY_LM_HEAD_PROFILE {"active_ratio": 0.41390460792239286, "actual_logits_bytes": 622329856, "allocated_before_bytes": 4302464512, "backend": "unfused", "calculate_entropy": false, "calculate_sum_pi_squared": false, "context_parallel_size": 2, "data_format": "thd", "dense_logits_bytes": 1503558656, "dense_rows": 9896, "distillation_only": false, "elapsed_s": 0.021637540077790618, "element_size": 2, "entropy_from_logits_chunk_size": 2048, "entropy_from_logits_with_chunking": false, "event_id": 119, "logits_dtype": "torch.bfloat16", "logits_saved_bytes": 881228800, "peak_allocated_bytes": 6128920064, "peak_increment_bytes": 1826455552, "pipeline_parallel_size": 2, "projected_rows": 4096, "rank": 5, "response_only_enabled": true, "role": "ref", "selected_rows": 4096, "tensor_parallel_size": 2, "vocab_shard": 75968}
[36m(WorkerDict pid=3627508)[0m WARNING:2026-09-10 22:53:26,780:VERL_RESPONSE_ONLY_LM_HEAD_PROFILE {"active_ratio": 0.0, "actual_logits_bytes": 151936, "allocated_before_bytes": 4304927744, "backend": "unfused", "calculate_entropy": false, "calculate_sum_pi_squared": false, "context_parallel_size": 2, "data_format": "thd", "dense_logits_bytes": 1547316224, "dense_rows": 10184, "distillation_only": false, "elapsed_s": 0.0040282419649884105, "element_size": 2, "entropy_from_logits_chunk_size": 2048, "entropy_from_logits_with_chunking": false, "event_id": 120, "logits_dtype": "torch.bfloat16", "logits_saved_bytes": 1547164288, "peak_allocated_bytes": 4388507136, "peak_increment_bytes": 83579392, "pipeline_parallel_size": 2, "projected_rows": 1, "rank": 7, "response_only_enabled": true, "role": "ref", "selected_rows": 0, "tensor_parallel_size": 2, "vocab_shard": 75968}
[36m(WorkerDict pid=3627507)[0m WARNING:2026-09-10 22:53:26,780:VERL_RESPONSE_ONLY_LM_HEAD_PROFILE {"active_ratio": 0.0, "actual_logits_bytes": 151936, "allocated_before_bytes": 4304927744, "backend": "unfused", "calculate_entropy": false, "calculate_sum_pi_squared": false, "context_parallel_size": 2, "data_format": "thd", "dense_logits_bytes": 1547316224, "dense_rows": 10184, "distillation_only": false, "elapsed_s": 0.004062382038682699, "element_size": 2, "entropy_from_logits_chunk_size": 2048, "entropy_from_logits_with_chunking": false, "event_id": 120, "logits_dtype": "torch.bfloat16", "logits_saved_bytes": 1547164288, "peak_allocated_bytes": 4388507136, "peak_increment_bytes": 83579392, "pipeline_parallel_size": 2, "projected_rows": 1, "rank": 6, "response_only_enabled": true, "role": "ref", "selected_rows": 0, "tensor_parallel_size": 2, "vocab_shard": 75968}
[36m(WorkerDict pid=3627506)[0m WARNING:2026-09-10 22:53:26,798:VERL_RESPONSE_ONLY_LM_HEAD_PROFILE {"active_ratio": 0.40219952867242736, "actual_logits_bytes": 622329856, "allocated_before_bytes": 4304927744, "backend": "unfused", "calculate_entropy": false, "calculate_sum_pi_squared": false, "context_parallel_size": 2, "data_format": "thd", "dense_logits_bytes": 1547316224, "dense_rows": 10184, "distillation_only": false, "elapsed_s": 0.0216285299975425, "element_size": 2, "entropy_from_logits_chunk_size": 2048, "entropy_from_logits_with_chunking": false, "event_id": 120, "logits_dtype": "torch.bfloat16", "logits_saved_bytes": 924986368, "peak_allocated_bytes": 6130203648, "peak_increment_bytes": 1825275904, "pipeline_parallel_size": 2, "projected_rows": 4096, "rank": 5, "response_only_enabled": true, "role": "ref", "selected_rows": 4096, "tensor_parallel_size": 2, "vocab_shard": 75968}
[36m(WorkerDict pid=3627508)[0m WARNING:2026-09-10 22:53:27,103:VERL_RESPONSE_ONLY_LM_HEAD_PROFILE {"active_ratio": 0.0, "actual_logits_bytes": 151936, "allocated_before_bytes": 4305010176, "backend": "unfused", "calculate_entropy": false, "calculate_sum_pi_squared": false, "context_parallel_size": 2, "data_format": "thd", "dense_logits_bytes": 1547316224, "dense_rows": 10184, "distillation_only": false, "elapsed_s": 0.00382896198425442, "element_size": 2, "entropy_from_logits_chunk_size": 2048, "entropy_from_logits_with_chunking": false, "event_id": 121, "logits_dtype": "torch.bfloat16", "logits_saved_bytes": 1547164288, "peak_allocated_bytes": 4388589568, "peak_increment_bytes": 83579392, "pipeline_parallel_size": 2, "projected_rows": 1, "rank": 7, "response_only_enabled": true, "role": "ref", "selected_rows": 0, "tensor_parallel_size": 2, "vocab_shard": 75968}
[36m(WorkerDict pid=3627507)[0m WARNING:2026-09-10 22:53:27,103:VERL_RESPONSE_ONLY_LM_HEAD_PROFILE {"active_ratio": 0.0, "actual_logits_bytes": 151936, "allocated_before_bytes": 4305010176, "backend": "unfused", "calculate_entropy": false, "calculate_sum_pi_squared": false, "context_parallel_size": 2, "data_format": "thd", "dense_logits_bytes": 1547316224, "dense_rows": 10184, "distillation_only": false, "elapsed_s": 0.003915591980330646, "element_size": 2, "entropy_from_logits_chunk_size": 2048, "entropy_from_logits_with_chunking": false, "event_id": 121, "logits_dtype": "torch.bfloat16", "logits_saved_bytes": 1547164288, "peak_allocated_bytes": 4388589568, "peak_increment_bytes": 83579392, "pipeline_parallel_size": 2, "projected_rows": 1, "rank": 6, "response_only_enabled": true, "role": "ref", "selected_rows": 0, "tensor_parallel_size": 2, "vocab_shard": 75968}
[36m(WorkerDict pid=3627506)[0m WARNING:2026-09-10 22:53:27,121:VERL_RESPONSE_ONLY_LM_HEAD_PROFILE {"active_ratio": 0.40219952867242736, "actual_logits_bytes": 622329856, "allocated_before_bytes": 4305010176, "backend": "unfused", "calculate_entropy": false, "calculate_sum_pi_squared": false, "context_parallel_size": 2, "data_format": "thd", "dense_logits_bytes": 1547316224, "dense_rows": 10184, "distillation_only": false, "elapsed_s": 0.02160228998400271, "element_size": 2, "entropy_from_logits_chunk_size": 2048, "entropy_from_logits_with_chunking": false, "event_id": 121, "logits_dtype": "torch.bfloat16", "logits_saved_bytes": 924986368, "peak_allocated_bytes": 6130286080, "peak_increment_bytes": 1825275904, "pipeline_parallel_size": 2, "projected_rows": 4096, "rank": 5, "response_only_enabled": true, "role": "ref", "selected_rows": 4096, "tensor_parallel_size": 2, "vocab_shard": 75968}
[36m(WorkerDict pid=3627508)[0m WARNING:2026-09-10 22:53:27,426:VERL_RESPONSE_ONLY_LM_HEAD_PROFILE {"active_ratio": 0.0, "actual_logits_bytes": 151936, "allocated_before_bytes": 4305092608, "backend": "unfused", "calculate_entropy": false, "calculate_sum_pi_squared": false, "context_parallel_size": 2, "data_format": "thd", "dense_logits_bytes": 1547316224, "dense_rows": 10184, "distillation_only": false, "elapsed_s": 0.003957001026719809, "element_size": 2, "entropy_from_logits_chunk_size": 2048, "entropy_from_logits_with_chunking": false, "event_id": 122, "logits_dtype": "torch.bfloat16", "logits_saved_bytes": 1547164288, "peak_allocated_bytes": 4388672000, "peak_increment_bytes": 83579392, "pipeline_parallel_size": 2, "projected_rows": 1, "rank": 7, "response_only_enabled": true, "role": "ref", "selected_rows": 0, "tensor_parallel_size": 2, "vocab_shard": 75968}
[36m(WorkerDict pid=3627507)[0m WARNING:2026-09-10 22:53:27,426:VERL_RESPONSE_ONLY_LM_HEAD_PROFILE {"active_ratio": 0.0, "actual_logits_bytes": 151936, "allocated_before_bytes": 4305092608, "backend": "unfused", "calculate_entropy": false, "calculate_sum_pi_squared": false, "context_parallel_size": 2, "data_format": "thd", "dense_logits_bytes": 1547316224, "dense_rows": 10184, "distillation_only": false, "elapsed_s": 0.003875800990499556, "element_size": 2, "entropy_from_logits_chunk_size": 2048, "entropy_from_logits_with_chunking": false, "event_id": 122, "logits_dtype": "torch.bfloat16", "logits_saved_bytes": 1547164288, "peak_allocated_bytes": 4388672000, "peak_increment_bytes": 83579392, "pipeline_parallel_size": 2, "projected_rows": 1, "rank": 6, "response_only_enabled": true, "role": "ref", "selected_rows": 0, "tensor_parallel_size": 2, "vocab_shard": 75968}
[36m(WorkerDict pid=3627506)[0m WARNING:2026-09-10 22:53:27,445:VERL_RESPONSE_ONLY_LM_HEAD_PROFILE {"active_ratio": 0.40219952867242736, "actual_logits_bytes": 622329856, "allocated_before_bytes": 4305092608, "backend": "unfused", "calculate_entropy": false, "calculate_sum_pi_squared": false, "context_parallel_size": 2, "data_format": "thd", "dense_logits_bytes": 1547316224, "dense_rows": 10184, "distillation_only": false, "elapsed_s": 0.02182930998969823, "element_size": 2, "entropy_from_logits_chunk_size": 2048, "entropy_from_logits_with_chunking": false, "event_id": 122, "logits_dtype": "torch.bfloat16", "logits_saved_bytes": 924986368, "peak_allocated_bytes": 6130368512, "peak_increment_bytes": 1825275904, "pipeline_parallel_size": 2, "projected_rows": 4096, "rank": 5, "response_only_enabled": true, "role": "ref", "selected_rows": 4096, "tensor_parallel_size": 2, "vocab_shard": 75968}
[36m(WorkerDict pid=3627508)[0m WARNING:2026-09-10 22:53:27,751:VERL_RESPONSE_ONLY_LM_HEAD_PROFILE {"active_ratio": 0.0, "actual_logits_bytes": 151936, "allocated_before_bytes": 4305175040, "backend": "unfused", "calculate_entropy": false, "calculate_sum_pi_squared": false, "context_parallel_size": 2, "data_format": "thd", "dense_logits_bytes": 1547316224, "dense_rows": 10184, "distillation_only": false, "elapsed_s": 0.0038602009881287813, "element_size": 2, "entropy_from_logits_chunk_size": 2048, "entropy_from_logits_with_chunking": false, "event_id": 123, "logits_dtype": "torch.bfloat16", "logits_saved_bytes": 1547164288, "peak_allocated_bytes": 4388754432, "peak_increment_bytes": 83579392, "pipeline_parallel_size": 2, "projected_rows": 1, "rank": 7, "response_only_enabled": true, "role": "ref", "selected_rows": 0, "tensor_parallel_size": 2, "vocab_shard": 75968}
[36m(WorkerDict pid=3627507)[0m WARNING:2026-09-10 22:53:27,751:VERL_RESPONSE_ONLY_LM_HEAD_PROFILE {"active_ratio": 0.0, "actual_logits_bytes": 151936, "allocated_before_bytes": 4305175040, "backend": "unfused", "calculate_entropy": false, "calculate_sum_pi_squared": false, "context_parallel_size": 2, "data_format": "thd", "dense_logits_bytes": 1547316224, "dense_rows": 10184, "distillation_only": false, "elapsed_s": 0.004050350980833173, "element_size": 2, "entropy_from_logits_chunk_size": 2048, "entropy_from_logits_with_chunking": false, "event_id": 123, "logits_dtype": "torch.bfloat16", "logits_saved_bytes": 1547164288, "peak_allocated_bytes": 4388754432, "peak_increment_bytes": 83579392, "pipeline_parallel_size": 2, "projected_rows": 1, "rank": 6, "response_only_enabled": true, "role": "ref", "selected_rows": 0, "tensor_parallel_size": 2, "vocab_shard": 75968}
[36m(WorkerDict pid=3627506)[0m WARNING:2026-09-10 22:53:27,769:VERL_RESPONSE_ONLY_LM_HEAD_PROFILE {"active_ratio": 0.40219952867242736, "actual_logits_bytes": 622329856, "allocated_before_bytes": 4305175040, "backend": "unfused", "calculate_entropy": false, "calculate_sum_pi_squared": false, "context_parallel_size": 2, "data_format": "thd", "dense_logits_bytes": 1547316224, "dense_rows": 10184, "distillation_only": false, "elapsed_s": 0.02169636997859925, "element_size": 2, "entropy_from_logits_chunk_size": 2048, "entropy_from_logits_with_chunking": false, "event_id": 123, "logits_dtype": "torch.bfloat16", "logits_saved_bytes": 924986368, "peak_allocated_bytes": 6130450944, "peak_increment_bytes": 1825275904, "pipeline_parallel_size": 2, "projected_rows": 4096, "rank": 5, "response_only_enabled": true, "role": "ref", "selected_rows": 4096, "tensor_parallel_size": 2, "vocab_shard": 75968}
[36m(WorkerDict pid=3627508)[0m WARNING:2026-09-10 22:53:28,076:VERL_RESPONSE_ONLY_LM_HEAD_PROFILE {"active_ratio": 0.0, "actual_logits_bytes": 151936, "allocated_before_bytes": 4305257472, "backend": "unfused", "calculate_entropy": false, "calculate_sum_pi_squared": false, "context_parallel_size": 2, "data_format": "thd", "dense_logits_bytes": 1547316224, "dense_rows": 10184, "distillation_only": false, "elapsed_s": 0.003887271974235773, "element_size": 2, "entropy_from_logits_chunk_size": 2048, "entropy_from_logits_with_chunking": false, "event_id": 124, "logits_dtype": "torch.bfloat16", "logits_saved_bytes": 1547164288, "peak_allocated_bytes": 4388836864, "peak_increment_bytes": 83579392, "pipeline_parallel_size": 2, "projected_rows": 1, "rank": 7, "response_only_enabled": true, "role": "ref", "selected_rows": 0, "tensor_parallel_size": 2, "vocab_shard": 75968}
[36m(WorkerDict pid=3627507)[0m WARNING:2026-09-10 22:53:28,076:VERL_RESPONSE_ONLY_LM_HEAD_PROFILE {"active_ratio": 0.0, "actual_logits_bytes": 151936, "allocated_before_bytes": 4305257472, "backend": "unfused", "calculate_entropy": false, "calculate_sum_pi_squared": false, "context_parallel_size": 2, "data_format": "thd", "dense_logits_bytes": 1547316224, "dense_rows": 10184, "distillation_only": false, "elapsed_s": 0.003823442035354674, "element_size": 2, "entropy_from_logits_chunk_size": 2048, "entropy_from_logits_with_chunking": false, "event_id": 124, "logits_dtype": "torch.bfloat16", "logits_saved_bytes": 1547164288, "peak_allocated_bytes": 4388836864, "peak_increment_bytes": 83579392, "pipeline_parallel_size": 2, "projected_rows": 1, "rank": 6, "response_only_enabled": true, "role": "ref", "selected_rows": 0, "tensor_parallel_size": 2, "vocab_shard": 75968}
[36m(WorkerDict pid=3627506)[0m WARNING:2026-09-10 22:53:28,094:VERL_RESPONSE_ONLY_LM_HEAD_PROFILE {"active_ratio": 0.40219952867242736, "actual_logits_bytes": 622329856, "allocated_before_bytes": 4305257472, "backend": "unfused", "calculate_entropy": false, "calculate_sum_pi_squared": false, "context_parallel_size": 2, "data_format": "thd", "dense_logits_bytes": 1547316224, "dense_rows": 10184, "distillation_only": false, "elapsed_s": 0.021616650046780705, "element_size": 2, "entropy_from_logits_chunk_size": 2048, "entropy_from_logits_with_chunking": false, "event_id": 124, "logits_dtype": "torch.bfloat16", "logits_saved_bytes": 924986368, "peak_allocated_bytes": 6130533376, "peak_increment_bytes": 1825275904, "pipeline_parallel_size": 2, "projected_rows": 4096, "rank": 5, "response_only_enabled": true, "role": "ref", "selected_rows": 4096, "tensor_parallel_size": 2, "vocab_shard": 75968}
[36m(WorkerDict pid=3627508)[0m WARNING:2026-09-10 22:53:28,399:VERL_RESPONSE_ONLY_LM_HEAD_PROFILE {"active_ratio": 0.0, "actual_logits_bytes": 151936, "allocated_before_bytes": 4305339904, "backend": "unfused", "calculate_entropy": false, "calculate_sum_pi_squared": false, "context_parallel_size": 2, "data_format": "thd", "dense_logits_bytes": 1547316224, "dense_rows": 10184, "distillation_only": false, "elapsed_s": 0.0036903719883412123, "element_size": 2, "entropy_from_logits_chunk_size": 2048, "entropy_from_logits_with_chunking": false, "event_id": 125, "logits_dtype": "torch.bfloat16", "logits_saved_bytes": 1547164288, "peak_allocated_bytes": 4388919296, "peak_increment_bytes": 83579392, "pipeline_parallel_size": 2, "projected_rows": 1, "rank": 7, "response_only_enabled": true, "role": "ref", "selected_rows": 0, "tensor_parallel_size": 2, "vocab_shard": 75968}
[36m(WorkerDict pid=3627507)[0m WARNING:2026-09-10 22:53:28,399:VERL_RESPONSE_ONLY_LM_HEAD_PROFILE {"active_ratio": 0.0, "actual_logits_bytes": 151936, "allocated_before_bytes": 4305339904, "backend": "unfused", "calculate_entropy": false, "calculate_sum_pi_squared": false, "context_parallel_size": 2, "data_format": "thd", "dense_logits_bytes": 1547316224, "dense_rows": 10184, "distillation_only": false, "elapsed_s": 0.0037021019961684942, "element_size": 2, "entropy_from_logits_chunk_size": 2048, "entropy_from_logits_with_chunking": false, "event_id": 125, "logits_dtype": "torch.bfloat16", "logits_saved_bytes": 1547164288, "peak_allocated_bytes": 4388919296, "peak_increment_bytes": 83579392, "pipeline_parallel_size": 2, "projected_rows": 1, "rank": 6, "response_only_enabled": true, "role": "ref", "selected_rows": 0, "tensor_parallel_size": 2, "vocab_shard": 75968}
[36m(WorkerDict pid=3627506)[0m WARNING:2026-09-10 22:53:28,417:VERL_RESPONSE_ONLY_LM_HEAD_PROFILE {"active_ratio": 0.40219952867242736, "actual_logits_bytes": 622329856, "allocated_before_bytes": 4305339904, "backend": "unfused", "calculate_entropy": false, "calculate_sum_pi_squared": false, "context_parallel_size": 2, "data_format": "thd", "dense_logits_bytes": 1547316224, "dense_rows": 10184, "distillation_only": false, "elapsed_s": 0.021701749064959586, "element_size": 2, "entropy_from_logits_chunk_size": 2048, "entropy_from_logits_with_chunking": false, "event_id": 125, "logits_dtype": "torch.bfloat16", "logits_saved_bytes": 924986368, "peak_allocated_bytes": 6130615808, "peak_increment_bytes": 1825275904, "pipeline_parallel_size": 2, "projected_rows": 4096, "rank": 5, "response_only_enabled": true, "role": "ref", "selected_rows": 4096, "tensor_parallel_size": 2, "vocab_shard": 75968}
[36m(WorkerDict pid=3627508)[0m WARNING:2026-09-10 22:53:28,724:VERL_RESPONSE_ONLY_LM_HEAD_PROFILE {"active_ratio": 0.0, "actual_logits_bytes": 151936, "allocated_before_bytes": 4305422336, "backend": "unfused", "calculate_entropy": false, "calculate_sum_pi_squared": false, "context_parallel_size": 2, "data_format": "thd", "dense_logits_bytes": 1547316224, "dense_rows": 10184, "distillation_only": false, "elapsed_s": 0.0038284308975562453, "element_size": 2, "entropy_from_logits_chunk_size": 2048, "entropy_from_logits_with_chunking": false, "event_id": 126, "logits_dtype": "torch.bfloat16", "logits_saved_bytes": 1547164288, "peak_allocated_bytes": 4389001728, "peak_increment_bytes": 83579392, "pipeline_parallel_size": 2, "projected_rows": 1, "rank": 7, "response_only_enabled": true, "role": "ref", "selected_rows": 0, "tensor_parallel_size": 2, "vocab_shard": 75968}
[36m(WorkerDict pid=3627507)[0m WARNING:2026-09-10 22:53:28,724:VERL_RESPONSE_ONLY_LM_HEAD_PROFILE {"active_ratio": 0.0, "actual_logits_bytes": 151936, "allocated_before_bytes": 4305422336, "backend": "unfused", "calculate_entropy": false, "calculate_sum_pi_squared": false, "context_parallel_size": 2, "data_format": "thd", "dense_logits_bytes": 1547316224, "dense_rows": 10184, "distillation_only": false, "elapsed_s": 0.003824530984275043, "element_size": 2, "entropy_from_logits_chunk_size": 2048, "entropy_from_logits_with_chunking": false, "event_id": 126, "logits_dtype": "torch.bfloat16", "logits_saved_bytes": 1547164288, "peak_allocated_bytes": 4389001728, "peak_increment_bytes": 83579392, "pipeline_parallel_size": 2, "projected_rows": 1, "rank": 6, "response_only_enabled": true, "role": "ref", "selected_rows": 0, "tensor_parallel_size": 2, "vocab_shard": 75968}
[36m(WorkerDict pid=3627506)[0m WARNING:2026-09-10 22:53:28,742:VERL_RESPONSE_ONLY_LM_HEAD_PROFILE {"active_ratio": 0.40219952867242736, "actual_logits_bytes": 622329856, "allocated_before_bytes": 4305422336, "backend": "unfused", "calculate_entropy": false, "calculate_sum_pi_squared": false, "context_parallel_size": 2, "data_format": "thd", "dense_logits_bytes": 1547316224, "dense_rows": 10184, "distillation_only": false, "elapsed_s": 0.021575859049335122, "element_size": 2, "entropy_from_logits_chunk_size": 2048, "entropy_from_logits_with_chunking": false, "event_id": 126, "logits_dtype": "torch.bfloat16", "logits_saved_bytes": 924986368, "peak_allocated_bytes": 6130698240, "peak_increment_bytes": 1825275904, "pipeline_parallel_size": 2, "projected_rows": 4096, "rank": 5, "response_only_enabled": true, "role": "ref", "selected_rows": 4096, "tensor_parallel_size": 2, "vocab_shard": 75968}
[36m(WorkerDict pid=3627508)[0m WARNING:2026-09-10 22:53:29,047:VERL_RESPONSE_ONLY_LM_HEAD_PROFILE {"active_ratio": 0.0, "actual_logits_bytes": 151936, "allocated_before_bytes": 4305504768, "backend": "unfused", "calculate_entropy": false, "calculate_sum_pi_squared": false, "context_parallel_size": 2, "data_format": "thd", "dense_logits_bytes": 1547316224, "dense_rows": 10184, "distillation_only": false, "elapsed_s": 0.003817412070930004, "element_size": 2, "entropy_from_logits_chunk_size": 2048, "entropy_from_logits_with_chunking": false, "event_id": 127, "logits_dtype": "torch.bfloat16", "logits_saved_bytes": 1547164288, "peak_allocated_bytes": 4389084160, "peak_increment_bytes": 83579392, "pipeline_parallel_size": 2, "projected_rows": 1, "rank": 7, "response_only_enabled": true, "role": "ref", "selected_rows": 0, "tensor_parallel_size": 2, "vocab_shard": 75968}
[36m(WorkerDict pid=3627507)[0m WARNING:2026-09-10 22:53:29,048:VERL_RESPONSE_ONLY_LM_HEAD_PROFILE {"active_ratio": 0.0, "actual_logits_bytes": 151936, "allocated_before_bytes": 4305504768, "backend": "unfused", "calculate_entropy": false, "calculate_sum_pi_squared": false, "context_parallel_size": 2, "data_format": "thd", "dense_logits_bytes": 1547316224, "dense_rows": 10184, "distillation_only": false, "elapsed_s": 0.004002491943538189, "element_size": 2, "entropy_from_logits_chunk_size": 2048, "entropy_from_logits_with_chunking": false, "event_id": 127, "logits_dtype": "torch.bfloat16", "logits_saved_bytes": 1547164288, "peak_allocated_bytes": 4389084160, "peak_increment_bytes": 83579392, "pipeline_parallel_size": 2, "projected_rows": 1, "rank": 6, "response_only_enabled": true, "role": "ref", "selected_rows": 0, "tensor_parallel_size": 2, "vocab_shard": 75968}
[36m(WorkerDict pid=3627506)[0m WARNING:2026-09-10 22:53:29,066:VERL_RESPONSE_ONLY_LM_HEAD_PROFILE {"active_ratio": 0.40219952867242736, "actual_logits_bytes": 622329856, "allocated_before_bytes": 4305504768, "backend": "unfused", "calculate_entropy": false, "calculate_sum_pi_squared": false, "context_parallel_size": 2, "data_format": "thd", "dense_logits_bytes": 1547316224, "dense_rows": 10184, "distillation_only": false, "elapsed_s": 0.021855678991414607, "element_size": 2, "entropy_from_logits_chunk_size": 2048, "entropy_from_logits_with_chunking": false, "event_id": 127, "logits_dtype": "torch.bfloat16", "logits_saved_bytes": 924986368, "peak_allocated_bytes": 6130780672, "peak_increment_bytes": 1825275904, "pipeline_parallel_size": 2, "projected_rows": 4096, "rank": 5, "response_only_enabled": true, "role": "ref", "selected_rows": 4096, "tensor_parallel_size": 2, "vocab_shard": 75968}
[36m(WorkerDict pid=3627508)[0m WARNING:2026-09-10 22:53:36,276:VERL_RESPONSE_ONLY_LM_HEAD_PROFILE {"active_ratio": 0.0, "actual_logits_bytes": 151936, "allocated_before_bytes": 25532815360, "backend": "unfused", "calculate_entropy": true, "calculate_sum_pi_squared": false, "context_parallel_size": 2, "data_format": "thd", "dense_logits_bytes": 1547316224, "dense_rows": 10184, "distillation_only": false, "elapsed_s": 0.010487625026144087, "element_size": 2, "entropy_from_logits_chunk_size": 2048, "entropy_from_logits_with_chunking": false, "event_id": 128, "logits_dtype": "torch.bfloat16", "logits_saved_bytes": 1547164288, "peak_allocated_bytes": 25616394752, "peak_increment_bytes": 83579392, "pipeline_parallel_size": 2, "projected_rows": 1, "rank": 7, "response_only_enabled": true, "role": "actor", "selected_rows": 0, "tensor_parallel_size": 2, "vocab_shard": 75968}
[36m(WorkerDict pid=3627507)[0m WARNING:2026-09-10 22:53:36,276:VERL_RESPONSE_ONLY_LM_HEAD_PROFILE {"active_ratio": 0.0, "actual_logits_bytes": 151936, "allocated_before_bytes": 25532815360, "backend": "unfused", "calculate_entropy": true, "calculate_sum_pi_squared": false, "context_parallel_size": 2, "data_format": "thd", "dense_logits_bytes": 1547316224, "dense_rows": 10184, "distillation_only": false, "elapsed_s": 0.010248944046907127, "element_size": 2, "entropy_from_logits_chunk_size": 2048, "entropy_from_logits_with_chunking": false, "event_id": 128, "logits_dtype": "torch.bfloat16", "logits_saved_bytes": 1547164288, "peak_allocated_bytes": 25616394752, "peak_increment_bytes": 83579392, "pipeline_parallel_size": 2, "projected_rows": 1, "rank": 6, "response_only_enabled": true, "role": "actor", "selected_rows": 0, "tensor_parallel_size": 2, "vocab_shard": 75968}
[36m(WorkerDict pid=3627506)[0m WARNING:2026-09-10 22:53:36,712:VERL_RESPONSE_ONLY_LM_HEAD_PROFILE {"active_ratio": 0.40219952867242736, "actual_logits_bytes": 622329856, "allocated_before_bytes": 25532815360, "backend": "unfused", "calculate_entropy": true, "calculate_sum_pi_squared": false, "context_parallel_size": 2, "data_format": "thd", "dense_logits_bytes": 1547316224, "dense_rows": 10184, "distillation_only": false, "elapsed_s": 0.4468293699901551, "element_size": 2, "entropy_from_logits_chunk_size": 2048, "entropy_from_logits_with_chunking": false, "event_id": 128, "logits_dtype": "torch.bfloat16", "logits_saved_bytes": 924986368, "peak_allocated_bytes": 29259042304, "peak_increment_bytes": 3726226944, "pipeline_parallel_size": 2, "projected_rows": 4096, "rank": 5, "response_only_enabled": true, "role": "actor", "selected_rows": 4096, "tensor_parallel_size": 2, "vocab_shard": 75968}
[36m(WorkerDict pid=3627508)[0m WARNING:2026-09-10 22:53:37,939:VERL_RESPONSE_ONLY_LM_HEAD_PROFILE {"active_ratio": 0.0, "actual_logits_bytes": 151936, "allocated_before_bytes": 26389962752, "backend": "unfused", "calculate_entropy": true, "calculate_sum_pi_squared": false, "context_parallel_size": 2, "data_format": "thd", "dense_logits_bytes": 1547316224, "dense_rows": 10184, "distillation_only": false, "elapsed_s": 0.007035563001409173, "element_size": 2, "entropy_from_logits_chunk_size": 2048, "entropy_from_logits_with_chunking": false, "event_id": 129, "logits_dtype": "torch.bfloat16", "logits_saved_bytes": 1547164288, "peak_allocated_bytes": 26473542144, "peak_increment_bytes": 83579392, "pipeline_parallel_size": 2, "projected_rows": 1, "rank": 7, "response_only_enabled": true, "role": "actor", "selected_rows": 0, "tensor_parallel_size": 2, "vocab_shard": 75968}
[36m(WorkerDict pid=3627507)[0m WARNING:2026-09-10 22:53:37,939:VERL_RESPONSE_ONLY_LM_HEAD_PROFILE {"active_ratio": 0.0, "actual_logits_bytes": 151936, "allocated_before_bytes": 26389962752, "backend": "unfused", "calculate_entropy": true, "calculate_sum_pi_squared": false, "context_parallel_size": 2, "data_format": "thd", "dense_logits_bytes": 1547316224, "dense_rows": 10184, "distillation_only": false, "elapsed_s": 0.007072492968291044, "element_size": 2, "entropy_from_logits_chunk_size": 2048, "entropy_from_logits_with_chunking": false, "event_id": 129, "logits_dtype": "torch.bfloat16", "logits_saved_bytes": 1547164288, "peak_allocated_bytes": 26473542144, "peak_increment_bytes": 83579392, "pipeline_parallel_size": 2, "projected_rows": 1, "rank": 6, "response_only_enabled": true, "role": "actor", "selected_rows": 0, "tensor_parallel_size": 2, "vocab_shard": 75968}
[36m(WorkerDict pid=3627506)[0m WARNING:2026-09-10 22:53:37,974:VERL_RESPONSE_ONLY_LM_HEAD_PROFILE {"active_ratio": 0.40219952867242736, "actual_logits_bytes": 622329856, "allocated_before_bytes": 26389962752, "backend": "unfused", "calculate_entropy": true, "calculate_sum_pi_squared": false, "context_parallel_size": 2, "data_format": "thd", "dense_logits_bytes": 1547316224, "dense_rows": 10184, "distillation_only": false, "elapsed_s": 0.04167455807328224, "element_size": 2, "entropy_from_logits_chunk_size": 2048, "entropy_from_logits_with_chunking": false, "event_id": 129, "logits_dtype": "torch.bfloat16", "logits_saved_bytes": 924986368, "peak_allocated_bytes": 30116189696, "peak_increment_bytes": 3726226944, "pipeline_parallel_size": 2, "projected_rows": 4096, "rank": 5, "response_only_enabled": true, "role": "actor", "selected_rows": 4096, "tensor_parallel_size": 2, "vocab_shard": 75968}
[36m(WorkerDict pid=3627508)[0m WARNING:2026-09-10 22:53:39,209:VERL_RESPONSE_ONLY_LM_HEAD_PROFILE {"active_ratio": 0.0, "actual_logits_bytes": 151936, "allocated_before_bytes": 26431841792, "backend": "unfused", "calculate_entropy": true, "calculate_sum_pi_squared": false, "context_parallel_size": 2, "data_format": "thd", "dense_logits_bytes": 1547316224, "dense_rows": 10184, "distillation_only": false, "elapsed_s": 0.007481254055164754, "element_size": 2, "entropy_from_logits_chunk_size": 2048, "entropy_from_logits_with_chunking": false, "event_id": 130, "logits_dtype": "torch.bfloat16", "logits_saved_bytes": 1547164288, "peak_allocated_bytes": 26515421184, "peak_increment_bytes": 83579392, "pipeline_parallel_size": 2, "projected_rows": 1, "rank": 7, "response_only_enabled": true, "role": "actor", "selected_rows": 0, "tensor_parallel_size": 2, "vocab_shard": 75968}
[36m(WorkerDict pid=3627507)[0m WARNING:2026-09-10 22:53:39,209:VERL_RESPONSE_ONLY_LM_HEAD_PROFILE {"active_ratio": 0.0, "actual_logits_bytes": 151936, "allocated_before_bytes": 26431841792, "backend": "unfused", "calculate_entropy": true, "calculate_sum_pi_squared": false, "context_parallel_size": 2, "data_format": "thd", "dense_logits_bytes": 1547316224, "dense_rows": 10184, "distillation_only": false, "elapsed_s": 0.0072906139539554715, "element_size": 2, "entropy_from_logits_chunk_size": 2048, "entropy_from_logits_with_chunking": false, "event_id": 130, "logits_dtype": "torch.bfloat16", "logits_saved_bytes": 1547164288, "peak_allocated_bytes": 26515421184, "peak_increment_bytes": 83579392, "pipeline_parallel_size": 2, "projected_rows": 1, "rank": 6, "response_only_enabled": true, "role": "actor", "selected_rows": 0, "tensor_parallel_size": 2, "vocab_shard": 75968}
[36m(WorkerDict pid=3627506)[0m WARNING:2026-09-10 22:53:39,511:VERL_RESPONSE_ONLY_LM_HEAD_PROFILE {"active_ratio": 0.40219952867242736, "actual_logits_bytes": 622329856, "allocated_before_bytes": 26431841792, "backend": "unfused", "calculate_entropy": true, "calculate_sum_pi_squared": false, "context_parallel_size": 2, "data_format": "thd", "dense_logits_bytes": 1547316224, "dense_rows": 10184, "distillation_only": false, "elapsed_s": 0.3081723270006478, "element_size": 2, "entropy_from_logits_chunk_size": 2048, "entropy_from_logits_with_chunking": false, "event_id": 130, "logits_dtype": "torch.bfloat16", "logits_saved_bytes": 924986368, "peak_allocated_bytes": 30158068736, "peak_increment_bytes": 3726226944, "pipeline_parallel_size": 2, "projected_rows": 4096, "rank": 5, "response_only_enabled": true, "role": "actor", "selected_rows": 4096, "tensor_parallel_size": 2, "vocab_shard": 75968}
[36m(WorkerDict pid=3627508)[0m WARNING:2026-09-10 22:53:40,819:VERL_RESPONSE_ONLY_LM_HEAD_PROFILE {"active_ratio": 0.0, "actual_logits_bytes": 151936, "allocated_before_bytes": 26473720832, "backend": "unfused", "calculate_entropy": true, "calculate_sum_pi_squared": false, "context_parallel_size": 2, "data_format": "thd", "dense_logits_bytes": 1547316224, "dense_rows": 10184, "distillation_only": false, "elapsed_s": 0.007162792957387865, "element_size": 2, "entropy_from_logits_chunk_size": 2048, "entropy_from_logits_with_chunking": false, "event_id": 131, "logits_dtype": "torch.bfloat16", "logits_saved_bytes": 1547164288, "peak_allocated_bytes": 26557300224, "peak_increment_bytes": 83579392, "pipeline_parallel_size": 2, "projected_rows": 1, "rank": 7, "response_only_enabled": true, "role": "actor", "selected_rows": 0, "tensor_parallel_size": 2, "vocab_shard": 75968}
[36m(WorkerDict pid=3627507)[0m WARNING:2026-09-10 22:53:40,819:VERL_RESPONSE_ONLY_LM_HEAD_PROFILE {"active_ratio": 0.0, "actual_logits_bytes": 151936, "allocated_before_bytes": 26473720832, "backend": "unfused", "calculate_entropy": true, "calculate_sum_pi_squared": false, "context_parallel_size": 2, "data_format": "thd", "dense_logits_bytes": 1547316224, "dense_rows": 10184, "distillation_only": false, "elapsed_s": 0.0073060630820691586, "element_size": 2, "entropy_from_logits_chunk_size": 2048, "entropy_from_logits_with_chunking": false, "event_id": 131, "logits_dtype": "torch.bfloat16", "logits_saved_bytes": 1547164288, "peak_allocated_bytes": 26557300224, "peak_increment_bytes": 83579392, "pipeline_parallel_size": 2, "projected_rows": 1, "rank": 6, "response_only_enabled": true, "role": "actor", "selected_rows": 0, "tensor_parallel_size": 2, "vocab_shard": 75968}
[36m(WorkerDict pid=3627506)[0m WARNING:2026-09-10 22:53:40,843:VERL_RESPONSE_ONLY_LM_HEAD_PROFILE {"active_ratio": 0.40219952867242736, "actual_logits_bytes": 622329856, "allocated_before_bytes": 26473720832, "backend": "unfused", "calculate_entropy": true, "calculate_sum_pi_squared": false, "context_parallel_size": 2, "data_format": "thd", "dense_logits_bytes": 1547316224, "dense_rows": 10184, "distillation_only": false, "elapsed_s": 0.031176713993772864, "element_size": 2, "entropy_from_logits_chunk_size": 2048, "entropy_from_logits_with_chunking": false, "event_id": 131, "logits_dtype": "torch.bfloat16", "logits_saved_bytes": 924986368, "peak_allocated_bytes": 30199947776, "peak_increment_bytes": 3726226944, "pipeline_parallel_size": 2, "projected_rows": 4096, "rank": 5, "response_only_enabled": true, "role": "actor", "selected_rows": 4096, "tensor_parallel_size": 2, "vocab_shard": 75968}
[36m(WorkerDict pid=3627508)[0m WARNING:2026-09-10 22:53:43,376:VERL_RESPONSE_ONLY_LM_HEAD_PROFILE {"active_ratio": 0.0, "actual_logits_bytes": 151936, "allocated_before_bytes": 26324465664, "backend": "unfused", "calculate_entropy": true, "calculate_sum_pi_squared": false, "context_parallel_size": 2, "data_format": "thd", "dense_logits_bytes": 1503558656, "dense_rows": 9896, "distillation_only": false, "elapsed_s": 0.006960173021070659, "element_size": 2, "entropy_from_logits_chunk_size": 2048, "entropy_from_logits_with_chunking": false, "event_id": 132, "logits_dtype": "torch.bfloat16", "logits_saved_bytes": 1503406720, "peak_allocated_bytes": 26405685760, "peak_increment_bytes": 81220096, "pipeline_parallel_size": 2, "projected_rows": 1, "rank": 7, "response_only_enabled": true, "role": "actor", "selected_rows": 0, "tensor_parallel_size": 2, "vocab_shard": 75968}
[36m(WorkerDict pid=3627507)[0m WARNING:2026-09-10 22:53:43,376:VERL_RESPONSE_ONLY_LM_HEAD_PROFILE {"active_ratio": 0.0, "actual_logits_bytes": 151936, "allocated_before_bytes": 26324465664, "backend": "unfused", "calculate_entropy": true, "calculate_sum_pi_squared": false, "context_parallel_size": 2, "data_format": "thd", "dense_logits_bytes": 1503558656, "dense_rows": 9896, "distillation_only": false, "elapsed_s": 0.007181313936598599, "element_size": 2, "entropy_from_logits_chunk_size": 2048, "entropy_from_logits_with_chunking": false, "event_id": 132, "logits_dtype": "torch.bfloat16", "logits_saved_bytes": 1503406720, "peak_allocated_bytes": 26405685760, "peak_increment_bytes": 81220096, "pipeline_parallel_size": 2, "projected_rows": 1, "rank": 6, "response_only_enabled": true, "role": "actor", "selected_rows": 0, "tensor_parallel_size": 2, "vocab_shard": 75968}
[36m(WorkerDict pid=3627506)[0m WARNING:2026-09-10 22:53:43,401:VERL_RESPONSE_ONLY_LM_HEAD_PROFILE {"active_ratio": 0.41390460792239286, "actual_logits_bytes": 622329856, "allocated_before_bytes": 26324465664, "backend": "unfused", "calculate_entropy": true, "calculate_sum_pi_squared": false, "context_parallel_size": 2, "data_format": "thd", "dense_logits_bytes": 1503558656, "dense_rows": 9896, "distillation_only": false, "elapsed_s": 0.03107183298561722, "element_size": 2, "entropy_from_logits_chunk_size": 2048, "entropy_from_logits_with_chunking": false, "event_id": 132, "logits_dtype": "torch.bfloat16", "logits_saved_bytes": 881228800, "peak_allocated_bytes": 30051866624, "peak_increment_bytes": 3727400960, "pipeline_parallel_size": 2, "projected_rows": 4096, "rank": 5, "response_only_enabled": true, "role": "actor", "selected_rows": 4096, "tensor_parallel_size": 2, "vocab_shard": 75968}
[36m(WorkerDict pid=3627508)[0m WARNING:2026-09-10 22:53:44,596:VERL_RESPONSE_ONLY_LM_HEAD_PROFILE {"active_ratio": 0.0, "actual_logits_bytes": 151936, "allocated_before_bytes": 26365160448, "backend": "unfused", "calculate_entropy": true, "calculate_sum_pi_squared": false, "context_parallel_size": 2, "data_format": "thd", "dense_logits_bytes": 1503558656, "dense_rows": 9896, "distillation_only": false, "elapsed_s": 0.007245303015224636, "element_size": 2, "entropy_from_logits_chunk_size": 2048, "entropy_from_logits_with_chunking": false, "event_id": 133, "logits_dtype": "torch.bfloat16", "logits_saved_bytes": 1503406720, "peak_allocated_bytes": 26446380544, "peak_increment_bytes": 81220096, "pipeline_parallel_size": 2, "projected_rows": 1, "rank": 7, "response_only_enabled": true, "role": "actor", "selected_rows": 0, "tensor_parallel_size": 2, "vocab_shard": 75968}
[36m(WorkerDict pid=3627507)[0m WARNING:2026-09-10 22:53:44,596:VERL_RESPONSE_ONLY_LM_HEAD_PROFILE {"active_ratio": 0.0, "actual_logits_bytes": 151936, "allocated_before_bytes": 26365160448, "backend": "unfused", "calculate_entropy": true, "calculate_sum_pi_squared": false, "context_parallel_size": 2, "data_format": "thd", "dense_logits_bytes": 1503558656, "dense_rows": 9896, "distillation_only": false, "elapsed_s": 0.0073641829658299685, "element_size": 2, "entropy_from_logits_chunk_size": 2048, "entropy_from_logits_with_chunking": false, "event_id": 133, "logits_dtype": "torch.bfloat16", "logits_saved_bytes": 1503406720, "peak_allocated_bytes": 26446380544, "peak_increment_bytes": 81220096, "pipeline_parallel_size": 2, "projected_rows": 1, "rank": 6, "response_only_enabled": true, "role": "actor", "selected_rows": 0, "tensor_parallel_size": 2, "vocab_shard": 75968}
[36m(WorkerDict pid=3627506)[0m WARNING:2026-09-10 22:53:44,620:VERL_RESPONSE_ONLY_LM_HEAD_PROFILE {"active_ratio": 0.41390460792239286, "actual_logits_bytes": 622329856, "allocated_before_bytes": 26365160448, "backend": "unfused", "calculate_entropy": true, "calculate_sum_pi_squared": false, "context_parallel_size": 2, "data_format": "thd", "dense_logits_bytes": 1503558656, "dense_rows": 9896, "distillation_only": false, "elapsed_s": 0.031005764030851424, "element_size": 2, "entropy_from_logits_chunk_size": 2048, "entropy_from_logits_with_chunking": false, "event_id": 133, "logits_dtype": "torch.bfloat16", "logits_saved_bytes": 881228800, "peak_allocated_bytes": 30092561408, "peak_increment_bytes": 3727400960, "pipeline_parallel_size": 2, "projected_rows": 4096, "rank": 5, "response_only_enabled": true, "role": "actor", "selected_rows": 4096, "tensor_parallel_size": 2, "vocab_shard": 75968}
[36m(WorkerDict pid=3627508)[0m WARNING:2026-09-10 22:53:45,817:VERL_RESPONSE_ONLY_LM_HEAD_PROFILE {"active_ratio": 0.0, "actual_logits_bytes": 151936, "allocated_before_bytes": 26405854720, "backend": "unfused", "calculate_entropy": true, "calculate_sum_pi_squared": false, "context_parallel_size": 2, "data_format": "thd", "dense_logits_bytes": 1503558656, "dense_rows": 9896, "distillation_only": false, "elapsed_s": 0.006931102951057255, "element_size": 2, "entropy_from_logits_chunk_size": 2048, "entropy_from_logits_with_chunking": false, "event_id": 134, "logits_dtype": "torch.bfloat16", "logits_saved_bytes": 1503406720, "peak_allocated_bytes": 26487074816, "peak_increment_bytes": 81220096, "pipeline_parallel_size": 2, "projected_rows": 1, "rank": 7, "response_only_enabled": true, "role": "actor", "selected_rows": 0, "tensor_parallel_size": 2, "vocab_shard": 75968}
[36m(WorkerDict pid=3627507)[0m WARNING:2026-09-10 22:53:45,817:VERL_RESPONSE_ONLY_LM_HEAD_PROFILE {"active_ratio": 0.0, "actual_logits_bytes": 151936, "allocated_before_bytes": 26405854720, "backend": "unfused", "calculate_entropy": true, "calculate_sum_pi_squared": false, "context_parallel_size": 2, "data_format": "thd", "dense_logits_bytes": 1503558656, "dense_rows": 9896, "distillation_only": false, "elapsed_s": 0.007219902938231826, "element_size": 2, "entropy_from_logits_chunk_size": 2048, "entropy_from_logits_with_chunking": false, "event_id": 134, "logits_dtype": "torch.bfloat16", "logits_saved_bytes": 1503406720, "peak_allocated_bytes": 26487074816, "peak_increment_bytes": 81220096, "pipeline_parallel_size": 2, "projected_rows": 1, "rank": 6, "response_only_enabled": true, "role": "actor", "selected_rows": 0, "tensor_parallel_size": 2, "vocab_shard": 75968}
[36m(WorkerDict pid=3627506)[0m WARNING:2026-09-10 22:53:45,841:VERL_RESPONSE_ONLY_LM_HEAD_PROFILE {"active_ratio": 0.41390460792239286, "actual_logits_bytes": 622329856, "allocated_before_bytes": 26405854720, "backend": "unfused", "calculate_entropy": true, "calculate_sum_pi_squared": false, "context_parallel_size": 2, "data_format": "thd", "dense_logits_bytes": 1503558656, "dense_rows": 9896, "distillation_only": false, "elapsed_s": 0.030951463035307825, "element_size": 2, "entropy_from_logits_chunk_size": 2048, "entropy_from_logits_with_chunking": false, "event_id": 134, "logits_dtype": "torch.bfloat16", "logits_saved_bytes": 881228800, "peak_allocated_bytes": 30133255680, "peak_increment_bytes": 3727400960, "pipeline_parallel_size": 2, "projected_rows": 4096, "rank": 5, "response_only_enabled": true, "role": "actor", "selected_rows": 4096, "tensor_parallel_size": 2, "vocab_shard": 75968}
[36m(WorkerDict pid=3627508)[0m WARNING:2026-09-10 22:53:47,043:VERL_RESPONSE_ONLY_LM_HEAD_PROFILE {"active_ratio": 0.0, "actual_logits_bytes": 151936, "allocated_before_bytes": 26446548992, "backend": "unfused", "calculate_entropy": true, "calculate_sum_pi_squared": false, "context_parallel_size": 2, "data_format": "thd", "dense_logits_bytes": 1503558656, "dense_rows": 9896, "distillation_only": false, "elapsed_s": 0.007116402965039015, "element_size": 2, "entropy_from_logits_chunk_size": 2048, "entropy_from_logits_with_chunking": false, "event_id": 135, "logits_dtype": "torch.bfloat16", "logits_saved_bytes": 1503406720, "peak_allocated_bytes": 26527769088, "peak_increment_bytes": 81220096, "pipeline_parallel_size": 2, "projected_rows": 1, "rank": 7, "response_only_enabled": true, "role": "actor", "selected_rows": 0, "tensor_parallel_size": 2, "vocab_shard": 75968}
[36m(WorkerDict pid=3627507)[0m WARNING:2026-09-10 22:53:47,043:VERL_RESPONSE_ONLY_LM_HEAD_PROFILE {"active_ratio": 0.0, "actual_logits_bytes": 151936, "allocated_before_bytes": 26446548992, "backend": "unfused", "calculate_entropy": true, "calculate_sum_pi_squared": false, "context_parallel_size": 2, "data_format": "thd", "dense_logits_bytes": 1503558656, "dense_rows": 9896, "distillation_only": false, "elapsed_s": 0.00725340296048671, "element_size": 2, "entropy_from_logits_chunk_size": 2048, "entropy_from_logits_with_chunking": false, "event_id": 135, "logits_dtype": "torch.bfloat16", "logits_saved_bytes": 1503406720, "peak_allocated_bytes": 26527769088, "peak_increment_bytes": 81220096, "pipeline_parallel_size": 2, "projected_rows": 1, "rank": 6, "response_only_enabled": true, "role": "actor", "selected_rows": 0, "tensor_parallel_size": 2, "vocab_shard": 75968}
[36m(WorkerDict pid=3627506)[0m WARNING:2026-09-10 22:53:47,067:VERL_RESPONSE_ONLY_LM_HEAD_PROFILE {"active_ratio": 0.41390460792239286, "actual_logits_bytes": 622329856, "allocated_before_bytes": 26446548992, "backend": "unfused", "calculate_entropy": true, "calculate_sum_pi_squared": false, "context_parallel_size": 2, "data_format": "thd", "dense_logits_bytes": 1503558656, "dense_rows": 9896, "distillation_only": false, "elapsed_s": 0.031123763998039067, "element_size": 2, "entropy_from_logits_chunk_size": 2048, "entropy_from_logits_with_chunking": false, "event_id": 135, "logits_dtype": "torch.bfloat16", "logits_saved_bytes": 881228800, "peak_allocated_bytes": 30173949952, "peak_increment_bytes": 3727400960, "pipeline_parallel_size": 2, "projected_rows": 4096, "rank": 5, "response_only_enabled": true, "role": "actor", "selected_rows": 4096, "tensor_parallel_size": 2, "vocab_shard": 75968}
[36m(WorkerDict pid=3627508)[0m WARNING:2026-09-10 22:53:49,555:VERL_RESPONSE_ONLY_LM_HEAD_PROFILE {"active_ratio": 0.0, "actual_logits_bytes": 151936, "allocated_before_bytes": 26348083200, "backend": "unfused", "calculate_entropy": true, "calculate_sum_pi_squared": false, "context_parallel_size": 2, "data_format": "thd", "dense_logits_bytes": 1547316224, "dense_rows": 10184, "distillation_only": false, "elapsed_s": 0.007659883936867118, "element_size": 2, "entropy_from_logits_chunk_size": 2048, "entropy_from_logits_with_chunking": false, "event_id": 136, "logits_dtype": "torch.bfloat16", "logits_saved_bytes": 1547164288, "peak_allocated_bytes": 26431662592, "peak_increment_bytes": 83579392, "pipeline_parallel_size": 2, "projected_rows": 1, "rank": 7, "response_only_enabled": true, "role": "actor", "selected_rows": 0, "tensor_parallel_size": 2, "vocab_shard": 75968}
[36m(WorkerDict pid=3627507)[0m WARNING:2026-09-10 22:53:49,555:VERL_RESPONSE_ONLY_LM_HEAD_PROFILE {"active_ratio": 0.0, "actual_logits_bytes": 151936, "allocated_before_bytes": 26348083200, "backend": "unfused", "calculate_entropy": true, "calculate_sum_pi_squared": false, "context_parallel_size": 2, "data_format": "thd", "dense_logits_bytes": 1547316224, "dense_rows": 10184, "distillation_only": false, "elapsed_s": 0.00789835408795625, "element_size": 2, "entropy_from_logits_chunk_size": 2048, "entropy_from_logits_with_chunking": false, "event_id": 136, "logits_dtype": "torch.bfloat16", "logits_saved_bytes": 1547164288, "peak_allocated_bytes": 26431662592, "peak_increment_bytes": 83579392, "pipeline_parallel_size": 2, "projected_rows": 1, "rank": 6, "response_only_enabled": true, "role": "actor", "selected_rows": 0, "tensor_parallel_size": 2, "vocab_shard": 75968}
[36m(WorkerDict pid=3627506)[0m WARNING:2026-09-10 22:53:49,579:VERL_RESPONSE_ONLY_LM_HEAD_PROFILE {"active_ratio": 0.40219952867242736, "actual_logits_bytes": 622329856, "allocated_before_bytes": 26348083200, "backend": "unfused", "calculate_entropy": true, "calculate_sum_pi_squared": false, "context_parallel_size": 2, "data_format": "thd", "dense_logits_bytes": 1547316224, "dense_rows": 10184, "distillation_only": false, "elapsed_s": 0.031161702936515212, "element_size": 2, "entropy_from_logits_chunk_size": 2048, "entropy_from_logits_with_chunking": false, "event_id": 136, "logits_dtype": "torch.bfloat16", "logits_saved_bytes": 924986368, "peak_allocated_bytes": 30074310144, "peak_increment_bytes": 3726226944, "pipeline_parallel_size": 2, "projected_rows": 4096, "rank": 5, "response_only_enabled": true, "role": "actor", "selected_rows": 4096, "tensor_parallel_size": 2, "vocab_shard": 75968}
[36m(WorkerDict pid=3627508)[0m WARNING:2026-09-10 22:53:50,813:VERL_RESPONSE_ONLY_LM_HEAD_PROFILE {"active_ratio": 0.0, "actual_logits_bytes": 151936, "allocated_before_bytes": 26389962752, "backend": "unfused", "calculate_entropy": true, "calculate_sum_pi_squared": false, "context_parallel_size": 2, "data_format": "thd", "dense_logits_bytes": 1547316224, "dense_rows": 10184, "distillation_only": false, "elapsed_s": 0.0071940430207178, "element_size": 2, "entropy_from_logits_chunk_size": 2048, "entropy_from_logits_with_chunking": false, "event_id": 137, "logits_dtype": "torch.bfloat16", "logits_saved_bytes": 1547164288, "peak_allocated_bytes": 26473542144, "peak_increment_bytes": 83579392, "pipeline_parallel_size": 2, "projected_rows": 1, "rank": 7, "response_only_enabled": true, "role": "actor", "selected_rows": 0, "tensor_parallel_size": 2, "vocab_shard": 75968}
[36m(WorkerDict pid=3627507)[0m WARNING:2026-09-10 22:53:50,813:VERL_RESPONSE_ONLY_LM_HEAD_PROFILE {"active_ratio": 0.0, "actual_logits_bytes": 151936, "allocated_before_bytes": 26389962752, "backend": "unfused", "calculate_entropy": true, "calculate_sum_pi_squared": false, "context_parallel_size": 2, "data_format": "thd", "dense_logits_bytes": 1547316224, "dense_rows": 10184, "distillation_only": false, "elapsed_s": 0.0072146529564633965, "element_size": 2, "entropy_from_logits_chunk_size": 2048, "entropy_from_logits_with_chunking": false, "event_id": 137, "logits_dtype": "torch.bfloat16", "logits_saved_bytes": 1547164288, "peak_allocated_bytes": 26473542144, "peak_increment_bytes": 83579392, "pipeline_parallel_size": 2, "projected_rows": 1, "rank": 6, "response_only_enabled": true, "role": "actor", "selected_rows": 0, "tensor_parallel_size": 2, "vocab_shard": 75968}
[36m(WorkerDict pid=3627506)[0m WARNING:2026-09-10 22:53:50,837:VERL_RESPONSE_ONLY_LM_HEAD_PROFILE {"active_ratio": 0.40219952867242736, "actual_logits_bytes": 622329856, "allocated_before_bytes": 26389962752, "backend": "unfused", "calculate_entropy": true, "calculate_sum_pi_squared": false, "context_parallel_size": 2, "data_format": "thd", "dense_logits_bytes": 1547316224, "dense_rows": 10184, "distillation_only": false, "elapsed_s": 0.031177134020254016, "element_size": 2, "entropy_from_logits_chunk_size": 2048, "entropy_from_logits_with_chunking": false, "event_id": 137, "logits_dtype": "torch.bfloat16", "logits_saved_bytes": 924986368, "peak_allocated_bytes": 30116189696, "peak_increment_bytes": 3726226944, "pipeline_parallel_size": 2, "projected_rows": 4096, "rank": 5, "response_only_enabled": true, "role": "actor", "selected_rows": 4096, "tensor_parallel_size": 2, "vocab_shard": 75968}
[36m(WorkerDict pid=3627508)[0m WARNING:2026-09-10 22:53:52,073:VERL_RESPONSE_ONLY_LM_HEAD_PROFILE {"active_ratio": 0.0, "actual_logits_bytes": 151936, "allocated_before_bytes": 26431841792, "backend": "unfused", "calculate_entropy": true, "calculate_sum_pi_squared": false, "context_parallel_size": 2, "data_format": "thd", "dense_logits_bytes": 1547316224, "dense_rows": 10184, "distillation_only": false, "elapsed_s": 0.007168503012508154, "element_size": 2, "entropy_from_logits_chunk_size": 2048, "entropy_from_logits_with_chunking": false, "event_id": 138, "logits_dtype": "torch.bfloat16", "logits_saved_bytes": 1547164288, "peak_allocated_bytes": 26515421184, "peak_increment_bytes": 83579392, "pipeline_parallel_size": 2, "projected_rows": 1, "rank": 7, "response_only_enabled": true, "role": "actor", "selected_rows": 0, "tensor_parallel_size": 2, "vocab_shard": 75968}
[36m(WorkerDict pid=3627507)[0m WARNING:2026-09-10 22:53:52,073:VERL_RESPONSE_ONLY_LM_HEAD_PROFILE {"active_ratio": 0.0, "actual_logits_bytes": 151936, "allocated_before_bytes": 26431841792, "backend": "unfused", "calculate_entropy": true, "calculate_sum_pi_squared": false, "context_parallel_size": 2, "data_format": "thd", "dense_logits_bytes": 1547316224, "dense_rows": 10184, "distillation_only": false, "elapsed_s": 0.007379623013548553, "element_size": 2, "entropy_from_logits_chunk_size": 2048, "entropy_from_logits_with_chunking": false, "event_id": 138, "logits_dtype": "torch.bfloat16", "logits_saved_bytes": 1547164288, "peak_allocated_bytes": 26515421184, "peak_increment_bytes": 83579392, "pipeline_parallel_size": 2, "projected_rows": 1, "rank": 6, "response_only_enabled": true, "role": "actor", "selected_rows": 0, "tensor_parallel_size": 2, "vocab_shard": 75968}
[36m(WorkerDict pid=3627506)[0m WARNING:2026-09-10 22:53:52,097:VERL_RESPONSE_ONLY_LM_HEAD_PROFILE {"active_ratio": 0.40219952867242736, "actual_logits_bytes": 622329856, "allocated_before_bytes": 26431841792, "backend": "unfused", "calculate_entropy": true, "calculate_sum_pi_squared": false, "context_parallel_size": 2, "data_format": "thd", "dense_logits_bytes": 1547316224, "dense_rows": 10184, "distillation_only": false, "elapsed_s": 0.031113603967241943, "element_size": 2, "entropy_from_logits_chunk_size": 2048, "entropy_from_logits_with_chunking": false, "event_id": 138, "logits_dtype": "torch.bfloat16", "logits_saved_bytes": 924986368, "peak_allocated_bytes": 30158068736, "peak_increment_bytes": 3726226944, "pipeline_parallel_size": 2, "projected_rows": 4096, "rank": 5, "response_only_enabled": true, "role": "actor", "selected_rows": 4096, "tensor_parallel_size": 2, "vocab_shard": 75968}
[36m(WorkerDict pid=3627508)[0m WARNING:2026-09-10 22:53:53,335:VERL_RESPONSE_ONLY_LM_HEAD_PROFILE {"active_ratio": 0.0, "actual_logits_bytes": 151936, "allocated_before_bytes": 26473720832, "backend": "unfused", "calculate_entropy": true, "calculate_sum_pi_squared": false, "context_parallel_size": 2, "data_format": "thd", "dense_logits_bytes": 1547316224, "dense_rows": 10184, "distillation_only": false, "elapsed_s": 0.006901262910105288, "element_size": 2, "entropy_from_logits_chunk_size": 2048, "entropy_from_logits_with_chunking": false, "event_id": 139, "logits_dtype": "torch.bfloat16", "logits_saved_bytes": 1547164288, "peak_allocated_bytes": 26557300224, "peak_increment_bytes": 83579392, "pipeline_parallel_size": 2, "projected_rows": 1, "rank": 7, "response_only_enabled": true, "role": "actor", "selected_rows": 0, "tensor_parallel_size": 2, "vocab_shard": 75968}
[36m(WorkerDict pid=3627507)[0m WARNING:2026-09-10 22:53:53,335:VERL_RESPONSE_ONLY_LM_HEAD_PROFILE {"active_ratio": 0.0, "actual_logits_bytes": 151936, "allocated_before_bytes": 26473720832, "backend": "unfused", "calculate_entropy": true, "calculate_sum_pi_squared": false, "context_parallel_size": 2, "data_format": "thd", "dense_logits_bytes": 1547316224, "dense_rows": 10184, "distillation_only": false, "elapsed_s": 0.007061282987706363, "element_size": 2, "entropy_from_logits_chunk_size": 2048, "entropy_from_logits_with_chunking": false, "event_id": 139, "logits_dtype": "torch.bfloat16", "logits_saved_bytes": 1547164288, "peak_allocated_bytes": 26557300224, "peak_increment_bytes": 83579392, "pipeline_parallel_size": 2, "projected_rows": 1, "rank": 6, "response_only_enabled": true, "role": "actor", "selected_rows": 0, "tensor_parallel_size": 2, "vocab_shard": 75968}
[36m(WorkerDict pid=3627506)[0m WARNING:2026-09-10 22:53:53,360:VERL_RESPONSE_ONLY_LM_HEAD_PROFILE {"active_ratio": 0.40219952867242736, "actual_logits_bytes": 622329856, "allocated_before_bytes": 26473720832, "backend": "unfused", "calculate_entropy": true, "calculate_sum_pi_squared": false, "context_parallel_size": 2, "data_format": "thd", "dense_logits_bytes": 1547316224, "dense_rows": 10184, "distillation_only": false, "elapsed_s": 0.03127505397424102, "element_size": 2, "entropy_from_logits_chunk_size": 2048, "entropy_from_logits_with_chunking": false, "event_id": 139, "logits_dtype": "torch.bfloat16", "logits_saved_bytes": 924986368, "peak_allocated_bytes": 30199947776, "peak_increment_bytes": 3726226944, "pipeline_parallel_size": 2, "projected_rows": 4096, "rank": 5, "response_only_enabled": true, "role": "actor", "selected_rows": 4096, "tensor_parallel_size": 2, "vocab_shard": 75968}
[36m(WorkerDict pid=3627508)[0m WARNING:2026-09-10 22:53:55,901:VERL_RESPONSE_ONLY_LM_HEAD_PROFILE {"active_ratio": 0.0, "actual_logits_bytes": 151936, "allocated_before_bytes": 26348083200, "backend": "unfused", "calculate_entropy": true, "calculate_sum_pi_squared": false, "context_parallel_size": 2, "data_format": "thd", "dense_logits_bytes": 1547316224, "dense_rows": 10184, "distillation_only": false, "elapsed_s": 0.007178312982432544, "element_size": 2, "entropy_from_logits_chunk_size": 2048, "entropy_from_logits_with_chunking": false, "event_id": 140, "logits_dtype": "torch.bfloat16", "logits_saved_bytes": 1547164288, "peak_allocated_bytes": 26431662592, "peak_increment_bytes": 83579392, "pipeline_parallel_size": 2, "projected_rows": 1, "rank": 7, "response_only_enabled": true, "role": "actor", "selected_rows": 0, "tensor_parallel_size": 2, "vocab_shard": 75968}
[36m(WorkerDict pid=3627507)[0m WARNING:2026-09-10 22:53:55,901:VERL_RESPONSE_ONLY_LM_HEAD_PROFILE {"active_ratio": 0.0, "actual_logits_bytes": 151936, "allocated_before_bytes": 26348083200, "backend": "unfused", "calculate_entropy": true, "calculate_sum_pi_squared": false, "context_parallel_size": 2, "data_format": "thd", "dense_logits_bytes": 1547316224, "dense_rows": 10184, "distillation_only": false, "elapsed_s": 0.007125062984414399, "element_size": 2, "entropy_from_logits_chunk_size": 2048, "entropy_from_logits_with_chunking": false, "event_id": 140, "logits_dtype": "torch.bfloat16", "logits_saved_bytes": 1547164288, "peak_allocated_bytes": 26431662592, "peak_increment_bytes": 83579392, "pipeline_parallel_size": 2, "projected_rows": 1, "rank": 6, "response_only_enabled": true, "role": "actor", "selected_rows": 0, "tensor_parallel_size": 2, "vocab_shard": 75968}
[36m(WorkerDict pid=3627506)[0m WARNING:2026-09-10 22:53:55,925:VERL_RESPONSE_ONLY_LM_HEAD_PROFILE {"active_ratio": 0.40219952867242736, "actual_logits_bytes": 622329856, "allocated_before_bytes": 26348083200, "backend": "unfused", "calculate_entropy": true, "calculate_sum_pi_squared": false, "context_parallel_size": 2, "data_format": "thd", "dense_logits_bytes": 1547316224, "dense_rows": 10184, "distillation_only": false, "elapsed_s": 0.031133954063989222, "element_size": 2, "entropy_from_logits_chunk_size": 2048, "entropy_from_logits_with_chunking": false, "event_id": 140, "logits_dtype": "torch.bfloat16", "logits_saved_bytes": 924986368, "peak_allocated_bytes": 30074310144, "peak_increment_bytes": 3726226944, "pipeline_parallel_size": 2, "projected_rows": 4096, "rank": 5, "response_only_enabled": true, "role": "actor", "selected_rows": 4096, "tensor_parallel_size": 2, "vocab_shard": 75968}
[36m(WorkerDict pid=3627508)[0m WARNING:2026-09-10 22:53:57,158:VERL_RESPONSE_ONLY_LM_HEAD_PROFILE {"active_ratio": 0.0, "actual_logits_bytes": 151936, "allocated_before_bytes": 26389962752, "backend": "unfused", "calculate_entropy": true, "calculate_sum_pi_squared": false, "context_parallel_size": 2, "data_format": "thd", "dense_logits_bytes": 1547316224, "dense_rows": 10184, "distillation_only": false, "elapsed_s": 0.007348972954787314, "element_size": 2, "entropy_from_logits_chunk_size": 2048, "entropy_from_logits_with_chunking": false, "event_id": 141, "logits_dtype": "torch.bfloat16", "logits_saved_bytes": 1547164288, "peak_allocated_bytes": 26473542144, "peak_increment_bytes": 83579392, "pipeline_parallel_size": 2, "projected_rows": 1, "rank": 7, "response_only_enabled": true, "role": "actor", "selected_rows": 0, "tensor_parallel_size": 2, "vocab_shard": 75968}
[36m(WorkerDict pid=3627507)[0m WARNING:2026-09-10 22:53:57,158:VERL_RESPONSE_ONLY_LM_HEAD_PROFILE {"active_ratio": 0.0, "actual_logits_bytes": 151936, "allocated_before_bytes": 26389962752, "backend": "unfused", "calculate_entropy": true, "calculate_sum_pi_squared": false, "context_parallel_size": 2, "data_format": "thd", "dense_logits_bytes": 1547316224, "dense_rows": 10184, "distillation_only": false, "elapsed_s": 0.007460193010047078, "element_size": 2, "entropy_from_logits_chunk_size": 2048, "entropy_from_logits_with_chunking": false, "event_id": 141, "logits_dtype": "torch.bfloat16", "logits_saved_bytes": 1547164288, "peak_allocated_bytes": 26473542144, "peak_increment_bytes": 83579392, "pipeline_parallel_size": 2, "projected_rows": 1, "rank": 6, "response_only_enabled": true, "role": "actor", "selected_rows": 0, "tensor_parallel_size": 2, "vocab_shard": 75968}
[36m(WorkerDict pid=3627506)[0m WARNING:2026-09-10 22:53:57,182:VERL_RESPONSE_ONLY_LM_HEAD_PROFILE {"active_ratio": 0.40219952867242736, "actual_logits_bytes": 622329856, "allocated_before_bytes": 26389962752, "backend": "unfused", "calculate_entropy": true, "calculate_sum_pi_squared": false, "context_parallel_size": 2, "data_format": "thd", "dense_logits_bytes": 1547316224, "dense_rows": 10184, "distillation_only": false, "elapsed_s": 0.031140764011070132, "element_size": 2, "entropy_from_logits_chunk_size": 2048, "entropy_from_logits_with_chunking": false, "event_id": 141, "logits_dtype": "torch.bfloat16", "logits_saved_bytes": 924986368, "peak_allocated_bytes": 30116189696, "peak_increment_bytes": 3726226944, "pipeline_parallel_size": 2, "projected_rows": 4096, "rank": 5, "response_only_enabled": true, "role": "actor", "selected_rows": 4096, "tensor_parallel_size": 2, "vocab_shard": 75968}
[36m(WorkerDict pid=3627508)[0m WARNING:2026-09-10 22:53:58,421:VERL_RESPONSE_ONLY_LM_HEAD_PROFILE {"active_ratio": 0.0, "actual_logits_bytes": 151936, "allocated_before_bytes": 26431841792, "backend": "unfused", "calculate_entropy": true, "calculate_sum_pi_squared": false, "context_parallel_size": 2, "data_format": "thd", "dense_logits_bytes": 1547316224, "dense_rows": 10184, "distillation_only": false, "elapsed_s": 0.007309952983632684, "element_size": 2, "entropy_from_logits_chunk_size": 2048, "entropy_from_logits_with_chunking": false, "event_id": 142, "logits_dtype": "torch.bfloat16", "logits_saved_bytes": 1547164288, "peak_allocated_bytes": 26515421184, "peak_increment_bytes": 83579392, "pipeline_parallel_size": 2, "projected_rows": 1, "rank": 7, "response_only_enabled": true, "role": "actor", "selected_rows": 0, "tensor_parallel_size": 2, "vocab_shard": 75968}
[36m(WorkerDict pid=3627507)[0m WARNING:2026-09-10 22:53:58,421:VERL_RESPONSE_ONLY_LM_HEAD_PROFILE {"active_ratio": 0.0, "actual_logits_bytes": 151936, "allocated_before_bytes": 26431841792, "backend": "unfused", "calculate_entropy": true, "calculate_sum_pi_squared": false, "context_parallel_size": 2, "data_format": "thd", "dense_logits_bytes": 1547316224, "dense_rows": 10184, "distillation_only": false, "elapsed_s": 0.007348333019763231, "element_size": 2, "entropy_from_logits_chunk_size": 2048, "entropy_from_logits_with_chunking": false, "event_id": 142, "logits_dtype": "torch.bfloat16", "logits_saved_bytes": 1547164288, "peak_allocated_bytes": 26515421184, "peak_increment_bytes": 83579392, "pipeline_parallel_size": 2, "projected_rows": 1, "rank": 6, "response_only_enabled": true, "role": "actor", "selected_rows": 0, "tensor_parallel_size": 2, "vocab_shard": 75968}
[36m(WorkerDict pid=3627506)[0m WARNING:2026-09-10 22:53:58,445:VERL_RESPONSE_ONLY_LM_HEAD_PROFILE {"active_ratio": 0.40219952867242736, "actual_logits_bytes": 622329856, "allocated_before_bytes": 26431841792, "backend": "unfused", "calculate_entropy": true, "calculate_sum_pi_squared": false, "context_parallel_size": 2, "data_format": "thd", "dense_logits_bytes": 1547316224, "dense_rows": 10184, "distillation_only": false, "elapsed_s": 0.03154579398687929, "element_size": 2, "entropy_from_logits_chunk_size": 2048, "entropy_from_logits_with_chunking": false, "event_id": 142, "logits_dtype": "torch.bfloat16", "logits_saved_bytes": 924986368, "peak_allocated_bytes": 30158068736, "peak_increment_bytes": 3726226944, "pipeline_parallel_size": 2, "projected_rows": 4096, "rank": 5, "response_only_enabled": true, "role": "actor", "selected_rows": 4096, "tensor_parallel_size": 2, "vocab_shard": 75968}
[36m(WorkerDict pid=3627508)[0m WARNING:2026-09-10 22:53:59,682:VERL_RESPONSE_ONLY_LM_HEAD_PROFILE {"active_ratio": 0.0, "actual_logits_bytes": 151936, "allocated_before_bytes": 26473720832, "backend": "unfused", "calculate_entropy": true, "calculate_sum_pi_squared": false, "context_parallel_size": 2, "data_format": "thd", "dense_logits_bytes": 1547316224, "dense_rows": 10184, "distillation_only": false, "elapsed_s": 0.006967443041503429, "element_size": 2, "entropy_from_logits_chunk_size": 2048, "entropy_from_logits_with_chunking": false, "event_id": 143, "logits_dtype": "torch.bfloat16", "logits_saved_bytes": 1547164288, "peak_allocated_bytes": 26557300224, "peak_increment_bytes": 83579392, "pipeline_parallel_size": 2, "projected_rows": 1, "rank": 7, "response_only_enabled": true, "role": "actor", "selected_rows": 0, "tensor_parallel_size": 2, "vocab_shard": 75968}
[36m(WorkerDict pid=3627507)[0m WARNING:2026-09-10 22:53:59,682:VERL_RESPONSE_ONLY_LM_HEAD_PROFILE {"active_ratio": 0.0, "actual_logits_bytes": 151936, "allocated_before_bytes": 26473720832, "backend": "unfused", "calculate_entropy": true, "calculate_sum_pi_squared": false, "context_parallel_size": 2, "data_format": "thd", "dense_logits_bytes": 1547316224, "dense_rows": 10184, "distillation_only": false, "elapsed_s": 0.00722331297583878, "element_size": 2, "entropy_from_logits_chunk_size": 2048, "entropy_from_logits_with_chunking": false, "event_id": 143, "logits_dtype": "torch.bfloat16", "logits_saved_bytes": 1547164288, "peak_allocated_bytes": 26557300224, "peak_increment_bytes": 83579392, "pipeline_parallel_size": 2, "projected_rows": 1, "rank": 6, "response_only_enabled": true, "role": "actor", "selected_rows": 0, "tensor_parallel_size": 2, "vocab_shard": 75968}
[36m(WorkerDict pid=3627506)[0m WARNING:2026-09-10 22:53:59,707:VERL_RESPONSE_ONLY_LM_HEAD_PROFILE {"active_ratio": 0.40219952867242736, "actual_logits_bytes": 622329856, "allocated_before_bytes": 26473720832, "backend": "unfused", "calculate_entropy": true, "calculate_sum_pi_squared": false, "context_parallel_size": 2, "data_format": "thd", "dense_logits_bytes": 1547316224, "dense_rows": 10184, "distillation_only": false, "elapsed_s": 0.031228484003804624, "element_size": 2, "entropy_from_logits_chunk_size": 2048, "entropy_from_logits_with_chunking": false, "event_id": 143, "logits_dtype": "torch.bfloat16", "logits_saved_bytes": 924986368, "peak_allocated_bytes": 30199947776, "peak_increment_bytes": 3726226944, "pipeline_parallel_size": 2, "projected_rows": 4096, "rank": 5, "response_only_enabled": true, "role": "actor", "selected_rows": 4096, "tensor_parallel_size": 2, "vocab_shard": 75968}
[36m(vLLMHttpServer pid=3631065)[0m (EngineCore pid=3631838) WARNING 09-10 22:54:06 [scheduler.py:1948] reset_connector called but no KV connector is configured.
[36m(vLLMHttpServer pid=3631068)[0m (EngineCore pid=3631665) WARNING 09-10 22:54:07 [scheduler.py:1948] reset_connector called but no KV connector is configured.
[36m(WorkerDict pid=3627501)[0m Converting to HuggingFace ━━━━━━━━━━━━━━━━━━━━━━━━━━━━━━━━━━━━━━━━ 100% 0:00:00 (291/291) Qwen3Bridge
[36m(vLLMHttpServer pid=3631065)[0m (EngineCore pid=3631838) WARNING 09-10 22:54:08 [scheduler.py:1948] reset_connector called but no KV connector is configured.
[36m(vLLMHttpServer pid=3631068)[0m (EngineCore pid=3631665) WARNING 09-10 22:54:08 [scheduler.py:1948] reset_connector called but no KV connector is configured.
[36m(vLLMHttpServer pid=3631065)[0m (EngineCore pid=3631838) WARNING 09-10 22:54:10 [scheduler.py:1948] reset_connector called but no KV connector is configured.
[36m(vLLMHttpServer pid=3631068)[0m (EngineCore pid=3631665) WARNING 09-10 22:54:11 [scheduler.py:1948] reset_connector called but no KV connector is configured.
[36m(TaskRunnerV1 pid=3626258)[0m step:3 - global_seqlen/min:323496.0 - global_seqlen/max:323496.0 - global_seqlen/minmax_diff:0.0 - global_seqlen/balanced_min:323496.0 - global_seqlen/balanced_max:323496.0 - global_seqlen/mean:323496.0 - actor/entropy:0.012682844884693623 - training/rollout_probs_diff_valid:1.0 - training/rollout_probs_diff_max:0.17195165157318115 - training/rollout_probs_diff_mean:0.0005835160845890641 - training/rollout_probs_diff_std:0.00431740190833807 - training/rollout_actor_probs_pearson_corr:0.9972899556159973 - rollout_corr/training_ppl:1.0102070569992065 - rollout_corr/training_log_ppl:0.010136427357792854 - rollout_corr/kl:0.0005981100839562714 - rollout_corr/k3_kl:3.833242953987792e-05 - rollout_corr/rollout_ppl:1.0096015930175781 - rollout_corr/rollout_log_ppl:0.009538316167891026 - rollout_corr/log_ppl_diff:0.0005981099093332887 - rollout_corr/log_ppl_abs_diff:0.0005981099093332887 - rollout_corr/log_ppl_diff_max:0.0013611763715744019 - rollout_corr/log_ppl_diff_min:3.512343391776085e-05 - rollout_corr/ppl_ratio:1.0005983114242554 - rollout_corr/chi2_token:-0.0010461807250976562 - rollout_corr/chi2_seq:-0.9359194040298462 - actor/pg_clipfrac:0.0 - actor/ppo_kl:0.0 - actor/pg_clipfrac_lower:0.0 - actor/pg_loss:7.543712854385376e-08 - actor/entropy_loss:0.012682844419032335 - actor/kl_loss:0.0 - actor/kl_coef:0.001 - actor/loss:-1.2608245015144348e-05 - actor/grad_norm:0.2410583272576332 - actor/perf/max_memory_allocated_gb:28.126039505004883 - actor/perf/max_memory_reserved_gb:29.36328125 - actor/perf/cpu_memory_used_gb:280.7797260284424 - actor/lr:0.0 - perf/mfu/actor:0.33502593459850394 - training/global_step:3 - training/epoch:1 - critic/score/mean:0.973810076713562 - critic/score/max:0.9984735250473022 - critic/score/min:0.9506916999816895 - critic/rewards/mean:0.973810076713562 - critic/rewards/max:0.9984735250473022 - critic/rewards/min:0.9506916999816895 - critic/advantages/mean:-1.043081283569336e-07 - critic/advantages/max:1.3374347686767578 - critic/advantages/min:-1.228617787361145 - critic/returns/mean:-1.043081283569336e-07 - critic/returns/max:1.3374347686767578 - critic/returns/min:-1.228617787361145 - response_length/mean:4096.0 - response_length/max:4096.0 - response_length/min:4096.0 - response_length/clip_ratio:1.0 - response_length_non_aborted/mean:4096.0 - response_length_non_aborted/max:4096.0 - response_length_non_aborted/min:4096.0 - response_length_non_aborted/clip_ratio:1.0 - response/aborted_ratio:0.0 - prompt_length/mean:16122.5 - prompt_length/max:16267.0 - prompt_length/min:15689.0 - prompt_length/clip_ratio:0.75 - timing_s/gen:2.0297862380975857 - timing_s/old_log_prob:8.530021953047253 - timing_s/ref:10.969657314009964 - timing_s/adv:0.11655886203516275 - timing_s/update_actor:33.75506023992784 - timing_s/update_weights:5.538850825978443 - timing_s/step:61.098044592072256 - timing_per_token_ms/gen:0.030972080049096462 - timing_per_token_ms/update_actor:0.10434459851104139 - timing_per_token_ms/adv:0.00036031005649270084 - timing_per_token_ms/ref:0.03390971546482789 - perf/total_num_tokens:323496 - perf/time_per_step:61.098044592072256 - perf/throughput:661.8378750086363 - training/num_turns/mean:np.float64(2.0) - training/num_turns/max:np.int64(2) - training/num_turns/min:np.int64(2) - training/off_policy/trajectory_spans/mean:np.float64(1.0) - training/off_policy/trajectory_spans/max:np.int64(1) - training/off_policy/trajectory_spans/min:np.int64(1) - training/off_policy/trajectory_staleness/mean:np.float64(-1.0) - training/off_policy/trajectory_staleness/max:np.int64(-1) - training/off_policy/trajectory_staleness/min:np.int64(-1) - training/off_policy/trajectory_staleness_worst/mean:np.float64(-1.0) - training/off_policy/trajectory_staleness_worst/max:np.int64(-1) - training/off_policy/trajectory_staleness_worst/min:np.int64(-1)
[36m(TaskRunnerV1 pid=3626258)[0m Training Progress:  75%|███████▌  | 3/4 [04:03<01:14, 74.60s/it]
[36m(TaskRunnerV1 pid=3626258)[0m [RolloutTqSkip()] [33mInjected 16 cached trajectories from step 4 (4 prompts x 4) into TQ partition 'train' at current step 4[0m
[36m(WorkerDict pid=3627508)[0m WARNING:2026-09-10 22:54:15,038:VERL_RESPONSE_ONLY_LM_HEAD_PROFILE {"active_ratio": 0.0, "actual_logits_bytes": 151936, "allocated_before_bytes": 4301771776, "backend": "unfused", "calculate_entropy": true, "calculate_sum_pi_squared": false, "context_parallel_size": 2, "data_format": "thd", "dense_logits_bytes": 1503558656, "dense_rows": 9896, "distillation_only": false, "elapsed_s": 0.007133512990549207, "element_size": 2, "entropy_from_logits_chunk_size": 2048, "entropy_from_logits_with_chunking": false, "event_id": 144, "logits_dtype": "torch.bfloat16", "logits_saved_bytes": 1503406720, "peak_allocated_bytes": 4382991872, "peak_increment_bytes": 81220096, "pipeline_parallel_size": 2, "projected_rows": 1, "rank": 7, "response_only_enabled": true, "role": "actor", "selected_rows": 0, "tensor_parallel_size": 2, "vocab_shard": 75968}
[36m(WorkerDict pid=3627507)[0m WARNING:2026-09-10 22:54:15,038:VERL_RESPONSE_ONLY_LM_HEAD_PROFILE {"active_ratio": 0.0, "actual_logits_bytes": 151936, "allocated_before_bytes": 4301771776, "backend": "unfused", "calculate_entropy": true, "calculate_sum_pi_squared": false, "context_parallel_size": 2, "data_format": "thd", "dense_logits_bytes": 1503558656, "dense_rows": 9896, "distillation_only": false, "elapsed_s": 0.007232862990349531, "element_size": 2, "entropy_from_logits_chunk_size": 2048, "entropy_from_logits_with_chunking": false, "event_id": 144, "logits_dtype": "torch.bfloat16", "logits_saved_bytes": 1503406720, "peak_allocated_bytes": 4382991872, "peak_increment_bytes": 81220096, "pipeline_parallel_size": 2, "projected_rows": 1, "rank": 6, "response_only_enabled": true, "role": "actor", "selected_rows": 0, "tensor_parallel_size": 2, "vocab_shard": 75968}
[36m(WorkerDict pid=3627506)[0m WARNING:2026-09-10 22:54:15,106:VERL_RESPONSE_ONLY_LM_HEAD_PROFILE {"active_ratio": 0.41390460792239286, "actual_logits_bytes": 622329856, "allocated_before_bytes": 4301771776, "backend": "unfused", "calculate_entropy": true, "calculate_sum_pi_squared": false, "context_parallel_size": 2, "data_format": "thd", "dense_logits_bytes": 1503558656, "dense_rows": 9896, "distillation_only": false, "elapsed_s": 0.07527290401048958, "element_size": 2, "entropy_from_logits_chunk_size": 2048, "entropy_from_logits_with_chunking": false, "event_id": 144, "logits_dtype": "torch.bfloat16", "logits_saved_bytes": 881228800, "peak_allocated_bytes": 7995467264, "peak_increment_bytes": 3693695488, "pipeline_parallel_size": 2, "projected_rows": 4096, "rank": 5, "response_only_enabled": true, "role": "actor", "selected_rows": 4096, "tensor_parallel_size": 2, "vocab_shard": 75968}
[36m(WorkerDict pid=3627508)[0m WARNING:2026-09-10 22:54:15,406:VERL_RESPONSE_ONLY_LM_HEAD_PROFILE {"active_ratio": 0.0, "actual_logits_bytes": 151936, "allocated_before_bytes": 4301932032, "backend": "unfused", "calculate_entropy": true, "calculate_sum_pi_squared": false, "context_parallel_size": 2, "data_format": "thd", "dense_logits_bytes": 1503558656, "dense_rows": 9896, "distillation_only": false, "elapsed_s": 0.0069561629788950086, "element_size": 2, "entropy_from_logits_chunk_size": 2048, "entropy_from_logits_with_chunking": false, "event_id": 145, "logits_dtype": "torch.bfloat16", "logits_saved_bytes": 1503406720, "peak_allocated_bytes": 4383152128, "peak_increment_bytes": 81220096, "pipeline_parallel_size": 2, "projected_rows": 1, "rank": 7, "response_only_enabled": true, "role": "actor", "selected_rows": 0, "tensor_parallel_size": 2, "vocab_shard": 75968}
[36m(WorkerDict pid=3627507)[0m WARNING:2026-09-10 22:54:15,406:VERL_RESPONSE_ONLY_LM_HEAD_PROFILE {"active_ratio": 0.0, "actual_logits_bytes": 151936, "allocated_before_bytes": 4301932032, "backend": "unfused", "calculate_entropy": true, "calculate_sum_pi_squared": false, "context_parallel_size": 2, "data_format": "thd", "dense_logits_bytes": 1503558656, "dense_rows": 9896, "distillation_only": false, "elapsed_s": 0.0070255029713734984, "element_size": 2, "entropy_from_logits_chunk_size": 2048, "entropy_from_logits_with_chunking": false, "event_id": 145, "logits_dtype": "torch.bfloat16", "logits_saved_bytes": 1503406720, "peak_allocated_bytes": 4383152128, "peak_increment_bytes": 81220096, "pipeline_parallel_size": 2, "projected_rows": 1, "rank": 6, "response_only_enabled": true, "role": "actor", "selected_rows": 0, "tensor_parallel_size": 2, "vocab_shard": 75968}
[36m(WorkerDict pid=3627506)[0m WARNING:2026-09-10 22:54:15,430:VERL_RESPONSE_ONLY_LM_HEAD_PROFILE {"active_ratio": 0.41390460792239286, "actual_logits_bytes": 622329856, "allocated_before_bytes": 4301932032, "backend": "unfused", "calculate_entropy": true, "calculate_sum_pi_squared": false, "context_parallel_size": 2, "data_format": "thd", "dense_logits_bytes": 1503558656, "dense_rows": 9896, "distillation_only": false, "elapsed_s": 0.0309185340302065, "element_size": 2, "entropy_from_logits_chunk_size": 2048, "entropy_from_logits_with_chunking": false, "event_id": 145, "logits_dtype": "torch.bfloat16", "logits_saved_bytes": 881228800, "peak_allocated_bytes": 7995627520, "peak_increment_bytes": 3693695488, "pipeline_parallel_size": 2, "projected_rows": 4096, "rank": 5, "response_only_enabled": true, "role": "actor", "selected_rows": 4096, "tensor_parallel_size": 2, "vocab_shard": 75968}
[36m(WorkerDict pid=3627508)[0m WARNING:2026-09-10 22:54:15,729:VERL_RESPONSE_ONLY_LM_HEAD_PROFILE {"active_ratio": 0.0, "actual_logits_bytes": 151936, "allocated_before_bytes": 4302091776, "backend": "unfused", "calculate_entropy": true, "calculate_sum_pi_squared": false, "context_parallel_size": 2, "data_format": "thd", "dense_logits_bytes": 1503558656, "dense_rows": 9896, "distillation_only": false, "elapsed_s": 0.00684356305282563, "element_size": 2, "entropy_from_logits_chunk_size": 2048, "entropy_from_logits_with_chunking": false, "event_id": 146, "logits_dtype": "torch.bfloat16", "logits_saved_bytes": 1503406720, "peak_allocated_bytes": 4383311872, "peak_increment_bytes": 81220096, "pipeline_parallel_size": 2, "projected_rows": 1, "rank": 7, "response_only_enabled": true, "role": "actor", "selected_rows": 0, "tensor_parallel_size": 2, "vocab_shard": 75968}
[36m(WorkerDict pid=3627507)[0m WARNING:2026-09-10 22:54:15,729:VERL_RESPONSE_ONLY_LM_HEAD_PROFILE {"active_ratio": 0.0, "actual_logits_bytes": 151936, "allocated_before_bytes": 4302091776, "backend": "unfused", "calculate_entropy": true, "calculate_sum_pi_squared": false, "context_parallel_size": 2, "data_format": "thd", "dense_logits_bytes": 1503558656, "dense_rows": 9896, "distillation_only": false, "elapsed_s": 0.006889172946102917, "element_size": 2, "entropy_from_logits_chunk_size": 2048, "entropy_from_logits_with_chunking": false, "event_id": 146, "logits_dtype": "torch.bfloat16", "logits_saved_bytes": 1503406720, "peak_allocated_bytes": 4383311872, "peak_increment_bytes": 81220096, "pipeline_parallel_size": 2, "projected_rows": 1, "rank": 6, "response_only_enabled": true, "role": "actor", "selected_rows": 0, "tensor_parallel_size": 2, "vocab_shard": 75968}
[36m(WorkerDict pid=3627506)[0m WARNING:2026-09-10 22:54:15,754:VERL_RESPONSE_ONLY_LM_HEAD_PROFILE {"active_ratio": 0.41390460792239286, "actual_logits_bytes": 622329856, "allocated_before_bytes": 4302091776, "backend": "unfused", "calculate_entropy": true, "calculate_sum_pi_squared": false, "context_parallel_size": 2, "data_format": "thd", "dense_logits_bytes": 1503558656, "dense_rows": 9896, "distillation_only": false, "elapsed_s": 0.03114025411196053, "element_size": 2, "entropy_from_logits_chunk_size": 2048, "entropy_from_logits_with_chunking": false, "event_id": 146, "logits_dtype": "torch.bfloat16", "logits_saved_bytes": 881228800, "peak_allocated_bytes": 7995787264, "peak_increment_bytes": 3693695488, "pipeline_parallel_size": 2, "projected_rows": 4096, "rank": 5, "response_only_enabled": true, "role": "actor", "selected_rows": 4096, "tensor_parallel_size": 2, "vocab_shard": 75968}
[36m(WorkerDict pid=3627508)[0m WARNING:2026-09-10 22:54:16,058:VERL_RESPONSE_ONLY_LM_HEAD_PROFILE {"active_ratio": 0.0, "actual_logits_bytes": 151936, "allocated_before_bytes": 4302251520, "backend": "unfused", "calculate_entropy": true, "calculate_sum_pi_squared": false, "context_parallel_size": 2, "data_format": "thd", "dense_logits_bytes": 1503558656, "dense_rows": 9896, "distillation_only": false, "elapsed_s": 0.006948602967895567, "element_size": 2, "entropy_from_logits_chunk_size": 2048, "entropy_from_logits_with_chunking": false, "event_id": 147, "logits_dtype": "torch.bfloat16", "logits_saved_bytes": 1503406720, "peak_allocated_bytes": 4383471616, "peak_increment_bytes": 81220096, "pipeline_parallel_size": 2, "projected_rows": 1, "rank": 7, "response_only_enabled": true, "role": "actor", "selected_rows": 0, "tensor_parallel_size": 2, "vocab_shard": 75968}
[36m(WorkerDict pid=3627507)[0m WARNING:2026-09-10 22:54:16,058:VERL_RESPONSE_ONLY_LM_HEAD_PROFILE {"active_ratio": 0.0, "actual_logits_bytes": 151936, "allocated_before_bytes": 4302251520, "backend": "unfused", "calculate_entropy": true, "calculate_sum_pi_squared": false, "context_parallel_size": 2, "data_format": "thd", "dense_logits_bytes": 1503558656, "dense_rows": 9896, "distillation_only": false, "elapsed_s": 0.007054343004710972, "element_size": 2, "entropy_from_logits_chunk_size": 2048, "entropy_from_logits_with_chunking": false, "event_id": 147, "logits_dtype": "torch.bfloat16", "logits_saved_bytes": 1503406720, "peak_allocated_bytes": 4383471616, "peak_increment_bytes": 81220096, "pipeline_parallel_size": 2, "projected_rows": 1, "rank": 6, "response_only_enabled": true, "role": "actor", "selected_rows": 0, "tensor_parallel_size": 2, "vocab_shard": 75968}
[36m(WorkerDict pid=3627506)[0m WARNING:2026-09-10 22:54:16,082:VERL_RESPONSE_ONLY_LM_HEAD_PROFILE {"active_ratio": 0.41390460792239286, "actual_logits_bytes": 622329856, "allocated_before_bytes": 4302251520, "backend": "unfused", "calculate_entropy": true, "calculate_sum_pi_squared": false, "context_parallel_size": 2, "data_format": "thd", "dense_logits_bytes": 1503558656, "dense_rows": 9896, "distillation_only": false, "elapsed_s": 0.03090833406895399, "element_size": 2, "entropy_from_logits_chunk_size": 2048, "entropy_from_logits_with_chunking": false, "event_id": 147, "logits_dtype": "torch.bfloat16", "logits_saved_bytes": 881228800, "peak_allocated_bytes": 7995947008, "peak_increment_bytes": 3693695488, "pipeline_parallel_size": 2, "projected_rows": 4096, "rank": 5, "response_only_enabled": true, "role": "actor", "selected_rows": 4096, "tensor_parallel_size": 2, "vocab_shard": 75968}
[36m(WorkerDict pid=3627508)[0m WARNING:2026-09-10 22:54:16,384:VERL_RESPONSE_ONLY_LM_HEAD_PROFILE {"active_ratio": 0.0, "actual_logits_bytes": 151936, "allocated_before_bytes": 4302343680, "backend": "unfused", "calculate_entropy": true, "calculate_sum_pi_squared": false, "context_parallel_size": 2, "data_format": "thd", "dense_logits_bytes": 1502343168, "dense_rows": 9888, "distillation_only": false, "elapsed_s": 0.006978922989219427, "element_size": 2, "entropy_from_logits_chunk_size": 2048, "entropy_from_logits_with_chunking": false, "event_id": 148, "logits_dtype": "torch.bfloat16", "logits_saved_bytes": 1502191232, "peak_allocated_bytes": 4383498240, "peak_increment_bytes": 81154560, "pipeline_parallel_size": 2, "projected_rows": 1, "rank": 7, "response_only_enabled": true, "role": "actor", "selected_rows": 0, "tensor_parallel_size": 2, "vocab_shard": 75968}
[36m(WorkerDict pid=3627507)[0m WARNING:2026-09-10 22:54:16,384:VERL_RESPONSE_ONLY_LM_HEAD_PROFILE {"active_ratio": 0.0, "actual_logits_bytes": 151936, "allocated_before_bytes": 4302343680, "backend": "unfused", "calculate_entropy": true, "calculate_sum_pi_squared": false, "context_parallel_size": 2, "data_format": "thd", "dense_logits_bytes": 1502343168, "dense_rows": 9888, "distillation_only": false, "elapsed_s": 0.006990363006480038, "element_size": 2, "entropy_from_logits_chunk_size": 2048, "entropy_from_logits_with_chunking": false, "event_id": 148, "logits_dtype": "torch.bfloat16", "logits_saved_bytes": 1502191232, "peak_allocated_bytes": 4383498240, "peak_increment_bytes": 81154560, "pipeline_parallel_size": 2, "projected_rows": 1, "rank": 6, "response_only_enabled": true, "role": "actor", "selected_rows": 0, "tensor_parallel_size": 2, "vocab_shard": 75968}
[36m(WorkerDict pid=3627506)[0m WARNING:2026-09-10 22:54:16,407:VERL_RESPONSE_ONLY_LM_HEAD_PROFILE {"active_ratio": 0.41423948220064727, "actual_logits_bytes": 622329856, "allocated_before_bytes": 4302343680, "backend": "unfused", "calculate_entropy": true, "calculate_sum_pi_squared": false, "context_parallel_size": 2, "data_format": "thd", "dense_logits_bytes": 1502343168, "dense_rows": 9888, "distillation_only": false, "elapsed_s": 0.03097950399387628, "element_size": 2, "entropy_from_logits_chunk_size": 2048, "entropy_from_logits_with_chunking": false, "event_id": 148, "logits_dtype": "torch.bfloat16", "logits_saved_bytes": 880013312, "peak_allocated_bytes": 7996071936, "peak_increment_bytes": 3693728256, "pipeline_parallel_size": 2, "projected_rows": 4096, "rank": 5, "response_only_enabled": true, "role": "actor", "selected_rows": 4096, "tensor_parallel_size": 2, "vocab_shard": 75968}
[36m(WorkerDict pid=3627508)[0m WARNING:2026-09-10 22:54:16,707:VERL_RESPONSE_ONLY_LM_HEAD_PROFILE {"active_ratio": 0.0, "actual_logits_bytes": 151936, "allocated_before_bytes": 4302503424, "backend": "unfused", "calculate_entropy": true, "calculate_sum_pi_squared": false, "context_parallel_size": 2, "data_format": "thd", "dense_logits_bytes": 1502343168, "dense_rows": 9888, "distillation_only": false, "elapsed_s": 0.006869942997582257, "element_size": 2, "entropy_from_logits_chunk_size": 2048, "entropy_from_logits_with_chunking": false, "event_id": 149, "logits_dtype": "torch.bfloat16", "logits_saved_bytes": 1502191232, "peak_allocated_bytes": 4383657984, "peak_increment_bytes": 81154560, "pipeline_parallel_size": 2, "projected_rows": 1, "rank": 7, "response_only_enabled": true, "role": "actor", "selected_rows": 0, "tensor_parallel_size": 2, "vocab_shard": 75968}
[36m(WorkerDict pid=3627507)[0m WARNING:2026-09-10 22:54:16,707:VERL_RESPONSE_ONLY_LM_HEAD_PROFILE {"active_ratio": 0.0, "actual_logits_bytes": 151936, "allocated_before_bytes": 4302503424, "backend": "unfused", "calculate_entropy": true, "calculate_sum_pi_squared": false, "context_parallel_size": 2, "data_format": "thd", "dense_logits_bytes": 1502343168, "dense_rows": 9888, "distillation_only": false, "elapsed_s": 0.006957393023185432, "element_size": 2, "entropy_from_logits_chunk_size": 2048, "entropy_from_logits_with_chunking": false, "event_id": 149, "logits_dtype": "torch.bfloat16", "logits_saved_bytes": 1502191232, "peak_allocated_bytes": 4383657984, "peak_increment_bytes": 81154560, "pipeline_parallel_size": 2, "projected_rows": 1, "rank": 6, "response_only_enabled": true, "role": "actor", "selected_rows": 0, "tensor_parallel_size": 2, "vocab_shard": 75968}
[36m(WorkerDict pid=3627506)[0m WARNING:2026-09-10 22:54:16,731:VERL_RESPONSE_ONLY_LM_HEAD_PROFILE {"active_ratio": 0.41423948220064727, "actual_logits_bytes": 622329856, "allocated_before_bytes": 4302503424, "backend": "unfused", "calculate_entropy": true, "calculate_sum_pi_squared": false, "context_parallel_size": 2, "data_format": "thd", "dense_logits_bytes": 1502343168, "dense_rows": 9888, "distillation_only": false, "elapsed_s": 0.030958313960582018, "element_size": 2, "entropy_from_logits_chunk_size": 2048, "entropy_from_logits_with_chunking": false, "event_id": 149, "logits_dtype": "torch.bfloat16", "logits_saved_bytes": 880013312, "peak_allocated_bytes": 7996231680, "peak_increment_bytes": 3693728256, "pipeline_parallel_size": 2, "projected_rows": 4096, "rank": 5, "response_only_enabled": true, "role": "actor", "selected_rows": 4096, "tensor_parallel_size": 2, "vocab_shard": 75968}
[36m(WorkerDict pid=3627508)[0m WARNING:2026-09-10 22:54:17,030:VERL_RESPONSE_ONLY_LM_HEAD_PROFILE {"active_ratio": 0.0, "actual_logits_bytes": 151936, "allocated_before_bytes": 4302663168, "backend": "unfused", "calculate_entropy": true, "calculate_sum_pi_squared": false, "context_parallel_size": 2, "data_format": "thd", "dense_logits_bytes": 1502343168, "dense_rows": 9888, "distillation_only": false, "elapsed_s": 0.006780293071642518, "element_size": 2, "entropy_from_logits_chunk_size": 2048, "entropy_from_logits_with_chunking": false, "event_id": 150, "logits_dtype": "torch.bfloat16", "logits_saved_bytes": 1502191232, "peak_allocated_bytes": 4383817728, "peak_increment_bytes": 81154560, "pipeline_parallel_size": 2, "projected_rows": 1, "rank": 7, "response_only_enabled": true, "role": "actor", "selected_rows": 0, "tensor_parallel_size": 2, "vocab_shard": 75968}
[36m(WorkerDict pid=3627507)[0m WARNING:2026-09-10 22:54:17,030:VERL_RESPONSE_ONLY_LM_HEAD_PROFILE {"active_ratio": 0.0, "actual_logits_bytes": 151936, "allocated_before_bytes": 4302663168, "backend": "unfused", "calculate_entropy": true, "calculate_sum_pi_squared": false, "context_parallel_size": 2, "data_format": "thd", "dense_logits_bytes": 1502343168, "dense_rows": 9888, "distillation_only": false, "elapsed_s": 0.0068438329035416245, "element_size": 2, "entropy_from_logits_chunk_size": 2048, "entropy_from_logits_with_chunking": false, "event_id": 150, "logits_dtype": "torch.bfloat16", "logits_saved_bytes": 1502191232, "peak_allocated_bytes": 4383817728, "peak_increment_bytes": 81154560, "pipeline_parallel_size": 2, "projected_rows": 1, "rank": 6, "response_only_enabled": true, "role": "actor", "selected_rows": 0, "tensor_parallel_size": 2, "vocab_shard": 75968}
[36m(WorkerDict pid=3627506)[0m WARNING:2026-09-10 22:54:17,055:VERL_RESPONSE_ONLY_LM_HEAD_PROFILE {"active_ratio": 0.41423948220064727, "actual_logits_bytes": 622329856, "allocated_before_bytes": 4302663168, "backend": "unfused", "calculate_entropy": true, "calculate_sum_pi_squared": false, "context_parallel_size": 2, "data_format": "thd", "dense_logits_bytes": 1502343168, "dense_rows": 9888, "distillation_only": false, "elapsed_s": 0.03099932405166328, "element_size": 2, "entropy_from_logits_chunk_size": 2048, "entropy_from_logits_with_chunking": false, "event_id": 150, "logits_dtype": "torch.bfloat16", "logits_saved_bytes": 880013312, "peak_allocated_bytes": 7996391424, "peak_increment_bytes": 3693728256, "pipeline_parallel_size": 2, "projected_rows": 4096, "rank": 5, "response_only_enabled": true, "role": "actor", "selected_rows": 4096, "tensor_parallel_size": 2, "vocab_shard": 75968}
[36m(WorkerDict pid=3627508)[0m WARNING:2026-09-10 22:54:17,354:VERL_RESPONSE_ONLY_LM_HEAD_PROFILE {"active_ratio": 0.0, "actual_logits_bytes": 151936, "allocated_before_bytes": 4302822912, "backend": "unfused", "calculate_entropy": true, "calculate_sum_pi_squared": false, "context_parallel_size": 2, "data_format": "thd", "dense_logits_bytes": 1502343168, "dense_rows": 9888, "distillation_only": false, "elapsed_s": 0.0067907728953287005, "element_size": 2, "entropy_from_logits_chunk_size": 2048, "entropy_from_logits_with_chunking": false, "event_id": 151, "logits_dtype": "torch.bfloat16", "logits_saved_bytes": 1502191232, "peak_allocated_bytes": 4383977472, "peak_increment_bytes": 81154560, "pipeline_parallel_size": 2, "projected_rows": 1, "rank": 7, "response_only_enabled": true, "role": "actor", "selected_rows": 0, "tensor_parallel_size": 2, "vocab_shard": 75968}
[36m(WorkerDict pid=3627507)[0m WARNING:2026-09-10 22:54:17,354:VERL_RESPONSE_ONLY_LM_HEAD_PROFILE {"active_ratio": 0.0, "actual_logits_bytes": 151936, "allocated_before_bytes": 4302822912, "backend": "unfused", "calculate_entropy": true, "calculate_sum_pi_squared": false, "context_parallel_size": 2, "data_format": "thd", "dense_logits_bytes": 1502343168, "dense_rows": 9888, "distillation_only": false, "elapsed_s": 0.006712683010846376, "element_size": 2, "entropy_from_logits_chunk_size": 2048, "entropy_from_logits_with_chunking": false, "event_id": 151, "logits_dtype": "torch.bfloat16", "logits_saved_bytes": 1502191232, "peak_allocated_bytes": 4383977472, "peak_increment_bytes": 81154560, "pipeline_parallel_size": 2, "projected_rows": 1, "rank": 6, "response_only_enabled": true, "role": "actor", "selected_rows": 0, "tensor_parallel_size": 2, "vocab_shard": 75968}
[36m(WorkerDict pid=3627506)[0m WARNING:2026-09-10 22:54:17,379:VERL_RESPONSE_ONLY_LM_HEAD_PROFILE {"active_ratio": 0.41423948220064727, "actual_logits_bytes": 622329856, "allocated_before_bytes": 4302822912, "backend": "unfused", "calculate_entropy": true, "calculate_sum_pi_squared": false, "context_parallel_size": 2, "data_format": "thd", "dense_logits_bytes": 1502343168, "dense_rows": 9888, "distillation_only": false, "elapsed_s": 0.030972543987445533, "element_size": 2, "entropy_from_logits_chunk_size": 2048, "entropy_from_logits_with_chunking": false, "event_id": 151, "logits_dtype": "torch.bfloat16", "logits_saved_bytes": 880013312, "peak_allocated_bytes": 7996551168, "peak_increment_bytes": 3693728256, "pipeline_parallel_size": 2, "projected_rows": 4096, "rank": 5, "response_only_enabled": true, "role": "actor", "selected_rows": 4096, "tensor_parallel_size": 2, "vocab_shard": 75968}
[36m(WorkerDict pid=3627508)[0m WARNING:2026-09-10 22:54:17,679:VERL_RESPONSE_ONLY_LM_HEAD_PROFILE {"active_ratio": 0.0, "actual_logits_bytes": 151936, "allocated_before_bytes": 4302982656, "backend": "unfused", "calculate_entropy": true, "calculate_sum_pi_squared": false, "context_parallel_size": 2, "data_format": "thd", "dense_logits_bytes": 1502343168, "dense_rows": 9888, "distillation_only": false, "elapsed_s": 0.006888562929816544, "element_size": 2, "entropy_from_logits_chunk_size": 2048, "entropy_from_logits_with_chunking": false, "event_id": 152, "logits_dtype": "torch.bfloat16", "logits_saved_bytes": 1502191232, "peak_allocated_bytes": 4384137216, "peak_increment_bytes": 81154560, "pipeline_parallel_size": 2, "projected_rows": 1, "rank": 7, "response_only_enabled": true, "role": "actor", "selected_rows": 0, "tensor_parallel_size": 2, "vocab_shard": 75968}
[36m(WorkerDict pid=3627507)[0m WARNING:2026-09-10 22:54:17,679:VERL_RESPONSE_ONLY_LM_HEAD_PROFILE {"active_ratio": 0.0, "actual_logits_bytes": 151936, "allocated_before_bytes": 4302982656, "backend": "unfused", "calculate_entropy": true, "calculate_sum_pi_squared": false, "context_parallel_size": 2, "data_format": "thd", "dense_logits_bytes": 1502343168, "dense_rows": 9888, "distillation_only": false, "elapsed_s": 0.006753992987796664, "element_size": 2, "entropy_from_logits_chunk_size": 2048, "entropy_from_logits_with_chunking": false, "event_id": 152, "logits_dtype": "torch.bfloat16", "logits_saved_bytes": 1502191232, "peak_allocated_bytes": 4384137216, "peak_increment_bytes": 81154560, "pipeline_parallel_size": 2, "projected_rows": 1, "rank": 6, "response_only_enabled": true, "role": "actor", "selected_rows": 0, "tensor_parallel_size": 2, "vocab_shard": 75968}
[36m(WorkerDict pid=3627506)[0m WARNING:2026-09-10 22:54:17,704:VERL_RESPONSE_ONLY_LM_HEAD_PROFILE {"active_ratio": 0.41423948220064727, "actual_logits_bytes": 622329856, "allocated_before_bytes": 4302982656, "backend": "unfused", "calculate_entropy": true, "calculate_sum_pi_squared": false, "context_parallel_size": 2, "data_format": "thd", "dense_logits_bytes": 1502343168, "dense_rows": 9888, "distillation_only": false, "elapsed_s": 0.03103622398339212, "element_size": 2, "entropy_from_logits_chunk_size": 2048, "entropy_from_logits_with_chunking": false, "event_id": 152, "logits_dtype": "torch.bfloat16", "logits_saved_bytes": 880013312, "peak_allocated_bytes": 7996710912, "peak_increment_bytes": 3693728256, "pipeline_parallel_size": 2, "projected_rows": 4096, "rank": 5, "response_only_enabled": true, "role": "actor", "selected_rows": 4096, "tensor_parallel_size": 2, "vocab_shard": 75968}
[36m(WorkerDict pid=3627508)[0m WARNING:2026-09-10 22:54:18,004:VERL_RESPONSE_ONLY_LM_HEAD_PROFILE {"active_ratio": 0.0, "actual_logits_bytes": 151936, "allocated_before_bytes": 4303142400, "backend": "unfused", "calculate_entropy": true, "calculate_sum_pi_squared": false, "context_parallel_size": 2, "data_format": "thd", "dense_logits_bytes": 1502343168, "dense_rows": 9888, "distillation_only": false, "elapsed_s": 0.006852163001894951, "element_size": 2, "entropy_from_logits_chunk_size": 2048, "entropy_from_logits_with_chunking": false, "event_id": 153, "logits_dtype": "torch.bfloat16", "logits_saved_bytes": 1502191232, "peak_allocated_bytes": 4384296960, "peak_increment_bytes": 81154560, "pipeline_parallel_size": 2, "projected_rows": 1, "rank": 7, "response_only_enabled": true, "role": "actor", "selected_rows": 0, "tensor_parallel_size": 2, "vocab_shard": 75968}
[36m(WorkerDict pid=3627507)[0m WARNING:2026-09-10 22:54:18,004:VERL_RESPONSE_ONLY_LM_HEAD_PROFILE {"active_ratio": 0.0, "actual_logits_bytes": 151936, "allocated_before_bytes": 4303142400, "backend": "unfused", "calculate_entropy": true, "calculate_sum_pi_squared": false, "context_parallel_size": 2, "data_format": "thd", "dense_logits_bytes": 1502343168, "dense_rows": 9888, "distillation_only": false, "elapsed_s": 0.006815603002905846, "element_size": 2, "entropy_from_logits_chunk_size": 2048, "entropy_from_logits_with_chunking": false, "event_id": 153, "logits_dtype": "torch.bfloat16", "logits_saved_bytes": 1502191232, "peak_allocated_bytes": 4384296960, "peak_increment_bytes": 81154560, "pipeline_parallel_size": 2, "projected_rows": 1, "rank": 6, "response_only_enabled": true, "role": "actor", "selected_rows": 0, "tensor_parallel_size": 2, "vocab_shard": 75968}
[36m(WorkerDict pid=3627506)[0m WARNING:2026-09-10 22:54:18,028:VERL_RESPONSE_ONLY_LM_HEAD_PROFILE {"active_ratio": 0.41423948220064727, "actual_logits_bytes": 622329856, "allocated_before_bytes": 4303142400, "backend": "unfused", "calculate_entropy": true, "calculate_sum_pi_squared": false, "context_parallel_size": 2, "data_format": "thd", "dense_logits_bytes": 1502343168, "dense_rows": 9888, "distillation_only": false, "elapsed_s": 0.030936653958633542, "element_size": 2, "entropy_from_logits_chunk_size": 2048, "entropy_from_logits_with_chunking": false, "event_id": 153, "logits_dtype": "torch.bfloat16", "logits_saved_bytes": 880013312, "peak_allocated_bytes": 7996870656, "peak_increment_bytes": 3693728256, "pipeline_parallel_size": 2, "projected_rows": 4096, "rank": 5, "response_only_enabled": true, "role": "actor", "selected_rows": 4096, "tensor_parallel_size": 2, "vocab_shard": 75968}
[36m(WorkerDict pid=3627508)[0m WARNING:2026-09-10 22:54:18,329:VERL_RESPONSE_ONLY_LM_HEAD_PROFILE {"active_ratio": 0.0, "actual_logits_bytes": 151936, "allocated_before_bytes": 4303302144, "backend": "unfused", "calculate_entropy": true, "calculate_sum_pi_squared": false, "context_parallel_size": 2, "data_format": "thd", "dense_logits_bytes": 1502343168, "dense_rows": 9888, "distillation_only": false, "elapsed_s": 0.00699981302022934, "element_size": 2, "entropy_from_logits_chunk_size": 2048, "entropy_from_logits_with_chunking": false, "event_id": 154, "logits_dtype": "torch.bfloat16", "logits_saved_bytes": 1502191232, "peak_allocated_bytes": 4384456704, "peak_increment_bytes": 81154560, "pipeline_parallel_size": 2, "projected_rows": 1, "rank": 7, "response_only_enabled": true, "role": "actor", "selected_rows": 0, "tensor_parallel_size": 2, "vocab_shard": 75968}
[36m(WorkerDict pid=3627507)[0m WARNING:2026-09-10 22:54:18,329:VERL_RESPONSE_ONLY_LM_HEAD_PROFILE {"active_ratio": 0.0, "actual_logits_bytes": 151936, "allocated_before_bytes": 4303302144, "backend": "unfused", "calculate_entropy": true, "calculate_sum_pi_squared": false, "context_parallel_size": 2, "data_format": "thd", "dense_logits_bytes": 1502343168, "dense_rows": 9888, "distillation_only": false, "elapsed_s": 0.006792373023927212, "element_size": 2, "entropy_from_logits_chunk_size": 2048, "entropy_from_logits_with_chunking": false, "event_id": 154, "logits_dtype": "torch.bfloat16", "logits_saved_bytes": 1502191232, "peak_allocated_bytes": 4384456704, "peak_increment_bytes": 81154560, "pipeline_parallel_size": 2, "projected_rows": 1, "rank": 6, "response_only_enabled": true, "role": "actor", "selected_rows": 0, "tensor_parallel_size": 2, "vocab_shard": 75968}
[36m(WorkerDict pid=3627506)[0m WARNING:2026-09-10 22:54:18,354:VERL_RESPONSE_ONLY_LM_HEAD_PROFILE {"active_ratio": 0.41423948220064727, "actual_logits_bytes": 622329856, "allocated_before_bytes": 4303302144, "backend": "unfused", "calculate_entropy": true, "calculate_sum_pi_squared": false, "context_parallel_size": 2, "data_format": "thd", "dense_logits_bytes": 1502343168, "dense_rows": 9888, "distillation_only": false, "elapsed_s": 0.031071543926373124, "element_size": 2, "entropy_from_logits_chunk_size": 2048, "entropy_from_logits_with_chunking": false, "event_id": 154, "logits_dtype": "torch.bfloat16", "logits_saved_bytes": 880013312, "peak_allocated_bytes": 7997030400, "peak_increment_bytes": 3693728256, "pipeline_parallel_size": 2, "projected_rows": 4096, "rank": 5, "response_only_enabled": true, "role": "actor", "selected_rows": 4096, "tensor_parallel_size": 2, "vocab_shard": 75968}
[36m(WorkerDict pid=3627508)[0m WARNING:2026-09-10 22:54:18,654:VERL_RESPONSE_ONLY_LM_HEAD_PROFILE {"active_ratio": 0.0, "actual_logits_bytes": 151936, "allocated_before_bytes": 4303461888, "backend": "unfused", "calculate_entropy": true, "calculate_sum_pi_squared": false, "context_parallel_size": 2, "data_format": "thd", "dense_logits_bytes": 1502343168, "dense_rows": 9888, "distillation_only": false, "elapsed_s": 0.006824963027611375, "element_size": 2, "entropy_from_logits_chunk_size": 2048, "entropy_from_logits_with_chunking": false, "event_id": 155, "logits_dtype": "torch.bfloat16", "logits_saved_bytes": 1502191232, "peak_allocated_bytes": 4384616448, "peak_increment_bytes": 81154560, "pipeline_parallel_size": 2, "projected_rows": 1, "rank": 7, "response_only_enabled": true, "role": "actor", "selected_rows": 0, "tensor_parallel_size": 2, "vocab_shard": 75968}
[36m(WorkerDict pid=3627507)[0m WARNING:2026-09-10 22:54:18,654:VERL_RESPONSE_ONLY_LM_HEAD_PROFILE {"active_ratio": 0.0, "actual_logits_bytes": 151936, "allocated_before_bytes": 4303461888, "backend": "unfused", "calculate_entropy": true, "calculate_sum_pi_squared": false, "context_parallel_size": 2, "data_format": "thd", "dense_logits_bytes": 1502343168, "dense_rows": 9888, "distillation_only": false, "elapsed_s": 0.006797962938435376, "element_size": 2, "entropy_from_logits_chunk_size": 2048, "entropy_from_logits_with_chunking": false, "event_id": 155, "logits_dtype": "torch.bfloat16", "logits_saved_bytes": 1502191232, "peak_allocated_bytes": 4384616448, "peak_increment_bytes": 81154560, "pipeline_parallel_size": 2, "projected_rows": 1, "rank": 6, "response_only_enabled": true, "role": "actor", "selected_rows": 0, "tensor_parallel_size": 2, "vocab_shard": 75968}
[36m(WorkerDict pid=3627506)[0m WARNING:2026-09-10 22:54:18,679:VERL_RESPONSE_ONLY_LM_HEAD_PROFILE {"active_ratio": 0.41423948220064727, "actual_logits_bytes": 622329856, "allocated_before_bytes": 4303461888, "backend": "unfused", "calculate_entropy": true, "calculate_sum_pi_squared": false, "context_parallel_size": 2, "data_format": "thd", "dense_logits_bytes": 1502343168, "dense_rows": 9888, "distillation_only": false, "elapsed_s": 0.031127283931709826, "element_size": 2, "entropy_from_logits_chunk_size": 2048, "entropy_from_logits_with_chunking": false, "event_id": 155, "logits_dtype": "torch.bfloat16", "logits_saved_bytes": 880013312, "peak_allocated_bytes": 7997190144, "peak_increment_bytes": 3693728256, "pipeline_parallel_size": 2, "projected_rows": 4096, "rank": 5, "response_only_enabled": true, "role": "actor", "selected_rows": 4096, "tensor_parallel_size": 2, "vocab_shard": 75968}
[36m(WorkerDict pid=3627508)[0m WARNING:2026-09-10 22:54:19,007:VERL_RESPONSE_ONLY_LM_HEAD_PROFILE {"active_ratio": 0.0, "actual_logits_bytes": 151936, "allocated_before_bytes": 4303689216, "backend": "unfused", "calculate_entropy": true, "calculate_sum_pi_squared": false, "context_parallel_size": 2, "data_format": "thd", "dense_logits_bytes": 1503558656, "dense_rows": 9896, "distillation_only": false, "elapsed_s": 0.0067791929468512535, "element_size": 2, "entropy_from_logits_chunk_size": 2048, "entropy_from_logits_with_chunking": false, "event_id": 156, "logits_dtype": "torch.bfloat16", "logits_saved_bytes": 1503406720, "peak_allocated_bytes": 4384909312, "peak_increment_bytes": 81220096, "pipeline_parallel_size": 2, "projected_rows": 1, "rank": 7, "response_only_enabled": true, "role": "actor", "selected_rows": 0, "tensor_parallel_size": 2, "vocab_shard": 75968}
[36m(WorkerDict pid=3627507)[0m WARNING:2026-09-10 22:54:19,007:VERL_RESPONSE_ONLY_LM_HEAD_PROFILE {"active_ratio": 0.0, "actual_logits_bytes": 151936, "allocated_before_bytes": 4303689216, "backend": "unfused", "calculate_entropy": true, "calculate_sum_pi_squared": false, "context_parallel_size": 2, "data_format": "thd", "dense_logits_bytes": 1503558656, "dense_rows": 9896, "distillation_only": false, "elapsed_s": 0.006717072916217148, "element_size": 2, "entropy_from_logits_chunk_size": 2048, "entropy_from_logits_with_chunking": false, "event_id": 156, "logits_dtype": "torch.bfloat16", "logits_saved_bytes": 1503406720, "peak_allocated_bytes": 4384909312, "peak_increment_bytes": 81220096, "pipeline_parallel_size": 2, "projected_rows": 1, "rank": 6, "response_only_enabled": true, "role": "actor", "selected_rows": 0, "tensor_parallel_size": 2, "vocab_shard": 75968}
[36m(WorkerDict pid=3627506)[0m WARNING:2026-09-10 22:54:19,032:VERL_RESPONSE_ONLY_LM_HEAD_PROFILE {"active_ratio": 0.41390460792239286, "actual_logits_bytes": 622329856, "allocated_before_bytes": 4303689216, "backend": "unfused", "calculate_entropy": true, "calculate_sum_pi_squared": false, "context_parallel_size": 2, "data_format": "thd", "dense_logits_bytes": 1503558656, "dense_rows": 9896, "distillation_only": false, "elapsed_s": 0.031063033966347575, "element_size": 2, "entropy_from_logits_chunk_size": 2048, "entropy_from_logits_with_chunking": false, "event_id": 156, "logits_dtype": "torch.bfloat16", "logits_saved_bytes": 881228800, "peak_allocated_bytes": 7997384704, "peak_increment_bytes": 3693695488, "pipeline_parallel_size": 2, "projected_rows": 4096, "rank": 5, "response_only_enabled": true, "role": "actor", "selected_rows": 4096, "tensor_parallel_size": 2, "vocab_shard": 75968}
[36m(WorkerDict pid=3627508)[0m WARNING:2026-09-10 22:54:19,333:VERL_RESPONSE_ONLY_LM_HEAD_PROFILE {"active_ratio": 0.0, "actual_logits_bytes": 151936, "allocated_before_bytes": 4303848960, "backend": "unfused", "calculate_entropy": true, "calculate_sum_pi_squared": false, "context_parallel_size": 2, "data_format": "thd", "dense_logits_bytes": 1503558656, "dense_rows": 9896, "distillation_only": false, "elapsed_s": 0.006920562940649688, "element_size": 2, "entropy_from_logits_chunk_size": 2048, "entropy_from_logits_with_chunking": false, "event_id": 157, "logits_dtype": "torch.bfloat16", "logits_saved_bytes": 1503406720, "peak_allocated_bytes": 4385069056, "peak_increment_bytes": 81220096, "pipeline_parallel_size": 2, "projected_rows": 1, "rank": 7, "response_only_enabled": true, "role": "actor", "selected_rows": 0, "tensor_parallel_size": 2, "vocab_shard": 75968}
[36m(WorkerDict pid=3627507)[0m WARNING:2026-09-10 22:54:19,333:VERL_RESPONSE_ONLY_LM_HEAD_PROFILE {"active_ratio": 0.0, "actual_logits_bytes": 151936, "allocated_before_bytes": 4303848960, "backend": "unfused", "calculate_entropy": true, "calculate_sum_pi_squared": false, "context_parallel_size": 2, "data_format": "thd", "dense_logits_bytes": 1503558656, "dense_rows": 9896, "distillation_only": false, "elapsed_s": 0.006932332995347679, "element_size": 2, "entropy_from_logits_chunk_size": 2048, "entropy_from_logits_with_chunking": false, "event_id": 157, "logits_dtype": "torch.bfloat16", "logits_saved_bytes": 1503406720, "peak_allocated_bytes": 4385069056, "peak_increment_bytes": 81220096, "pipeline_parallel_size": 2, "projected_rows": 1, "rank": 6, "response_only_enabled": true, "role": "actor", "selected_rows": 0, "tensor_parallel_size": 2, "vocab_shard": 75968}
[36m(WorkerDict pid=3627506)[0m WARNING:2026-09-10 22:54:19,358:VERL_RESPONSE_ONLY_LM_HEAD_PROFILE {"active_ratio": 0.41390460792239286, "actual_logits_bytes": 622329856, "allocated_before_bytes": 4303848960, "backend": "unfused", "calculate_entropy": true, "calculate_sum_pi_squared": false, "context_parallel_size": 2, "data_format": "thd", "dense_logits_bytes": 1503558656, "dense_rows": 9896, "distillation_only": false, "elapsed_s": 0.030962873017415404, "element_size": 2, "entropy_from_logits_chunk_size": 2048, "entropy_from_logits_with_chunking": false, "event_id": 157, "logits_dtype": "torch.bfloat16", "logits_saved_bytes": 881228800, "peak_allocated_bytes": 7997544448, "peak_increment_bytes": 3693695488, "pipeline_parallel_size": 2, "projected_rows": 4096, "rank": 5, "response_only_enabled": true, "role": "actor", "selected_rows": 4096, "tensor_parallel_size": 2, "vocab_shard": 75968}
[36m(WorkerDict pid=3627508)[0m WARNING:2026-09-10 22:54:19,659:VERL_RESPONSE_ONLY_LM_HEAD_PROFILE {"active_ratio": 0.0, "actual_logits_bytes": 151936, "allocated_before_bytes": 4304008704, "backend": "unfused", "calculate_entropy": true, "calculate_sum_pi_squared": false, "context_parallel_size": 2, "data_format": "thd", "dense_logits_bytes": 1503558656, "dense_rows": 9896, "distillation_only": false, "elapsed_s": 0.007229542941786349, "element_size": 2, "entropy_from_logits_chunk_size": 2048, "entropy_from_logits_with_chunking": false, "event_id": 158, "logits_dtype": "torch.bfloat16", "logits_saved_bytes": 1503406720, "peak_allocated_bytes": 4385228800, "peak_increment_bytes": 81220096, "pipeline_parallel_size": 2, "projected_rows": 1, "rank": 7, "response_only_enabled": true, "role": "actor", "selected_rows": 0, "tensor_parallel_size": 2, "vocab_shard": 75968}
[36m(WorkerDict pid=3627507)[0m WARNING:2026-09-10 22:54:19,658:VERL_RESPONSE_ONLY_LM_HEAD_PROFILE {"active_ratio": 0.0, "actual_logits_bytes": 151936, "allocated_before_bytes": 4304008704, "backend": "unfused", "calculate_entropy": true, "calculate_sum_pi_squared": false, "context_parallel_size": 2, "data_format": "thd", "dense_logits_bytes": 1503558656, "dense_rows": 9896, "distillation_only": false, "elapsed_s": 0.007017703028395772, "element_size": 2, "entropy_from_logits_chunk_size": 2048, "entropy_from_logits_with_chunking": false, "event_id": 158, "logits_dtype": "torch.bfloat16", "logits_saved_bytes": 1503406720, "peak_allocated_bytes": 4385228800, "peak_increment_bytes": 81220096, "pipeline_parallel_size": 2, "projected_rows": 1, "rank": 6, "response_only_enabled": true, "role": "actor", "selected_rows": 0, "tensor_parallel_size": 2, "vocab_shard": 75968}
[36m(WorkerDict pid=3627506)[0m WARNING:2026-09-10 22:54:19,683:VERL_RESPONSE_ONLY_LM_HEAD_PROFILE {"active_ratio": 0.41390460792239286, "actual_logits_bytes": 622329856, "allocated_before_bytes": 4304008704, "backend": "unfused", "calculate_entropy": true, "calculate_sum_pi_squared": false, "context_parallel_size": 2, "data_format": "thd", "dense_logits_bytes": 1503558656, "dense_rows": 9896, "distillation_only": false, "elapsed_s": 0.031090253964066505, "element_size": 2, "entropy_from_logits_chunk_size": 2048, "entropy_from_logits_with_chunking": false, "event_id": 158, "logits_dtype": "torch.bfloat16", "logits_saved_bytes": 881228800, "peak_allocated_bytes": 7997704192, "peak_increment_bytes": 3693695488, "pipeline_parallel_size": 2, "projected_rows": 4096, "rank": 5, "response_only_enabled": true, "role": "actor", "selected_rows": 4096, "tensor_parallel_size": 2, "vocab_shard": 75968}
[36m(WorkerDict pid=3627508)[0m WARNING:2026-09-10 22:54:19,986:VERL_RESPONSE_ONLY_LM_HEAD_PROFILE {"active_ratio": 0.0, "actual_logits_bytes": 151936, "allocated_before_bytes": 4304168448, "backend": "unfused", "calculate_entropy": true, "calculate_sum_pi_squared": false, "context_parallel_size": 2, "data_format": "thd", "dense_logits_bytes": 1503558656, "dense_rows": 9896, "distillation_only": false, "elapsed_s": 0.006867773015983403, "element_size": 2, "entropy_from_logits_chunk_size": 2048, "entropy_from_logits_with_chunking": false, "event_id": 159, "logits_dtype": "torch.bfloat16", "logits_saved_bytes": 1503406720, "peak_allocated_bytes": 4385388544, "peak_increment_bytes": 81220096, "pipeline_parallel_size": 2, "projected_rows": 1, "rank": 7, "response_only_enabled": true, "role": "actor", "selected_rows": 0, "tensor_parallel_size": 2, "vocab_shard": 75968}
[36m(WorkerDict pid=3627507)[0m WARNING:2026-09-10 22:54:19,986:VERL_RESPONSE_ONLY_LM_HEAD_PROFILE {"active_ratio": 0.0, "actual_logits_bytes": 151936, "allocated_before_bytes": 4304168448, "backend": "unfused", "calculate_entropy": true, "calculate_sum_pi_squared": false, "context_parallel_size": 2, "data_format": "thd", "dense_logits_bytes": 1503558656, "dense_rows": 9896, "distillation_only": false, "elapsed_s": 0.006918263039551675, "element_size": 2, "entropy_from_logits_chunk_size": 2048, "entropy_from_logits_with_chunking": false, "event_id": 159, "logits_dtype": "torch.bfloat16", "logits_saved_bytes": 1503406720, "peak_allocated_bytes": 4385388544, "peak_increment_bytes": 81220096, "pipeline_parallel_size": 2, "projected_rows": 1, "rank": 6, "response_only_enabled": true, "role": "actor", "selected_rows": 0, "tensor_parallel_size": 2, "vocab_shard": 75968}
[36m(WorkerDict pid=3627506)[0m WARNING:2026-09-10 22:54:20,010:VERL_RESPONSE_ONLY_LM_HEAD_PROFILE {"active_ratio": 0.41390460792239286, "actual_logits_bytes": 622329856, "allocated_before_bytes": 4304168448, "backend": "unfused", "calculate_entropy": true, "calculate_sum_pi_squared": false, "context_parallel_size": 2, "data_format": "thd", "dense_logits_bytes": 1503558656, "dense_rows": 9896, "distillation_only": false, "elapsed_s": 0.031043314025737345, "element_size": 2, "entropy_from_logits_chunk_size": 2048, "entropy_from_logits_with_chunking": false, "event_id": 159, "logits_dtype": "torch.bfloat16", "logits_saved_bytes": 881228800, "peak_allocated_bytes": 7997863936, "peak_increment_bytes": 3693695488, "pipeline_parallel_size": 2, "projected_rows": 4096, "rank": 5, "response_only_enabled": true, "role": "actor", "selected_rows": 4096, "tensor_parallel_size": 2, "vocab_shard": 75968}
[36m(WorkerDict pid=3627508)[0m WARNING:2026-09-10 22:54:24,460:VERL_RESPONSE_ONLY_LM_HEAD_PROFILE {"active_ratio": 0.0, "actual_logits_bytes": 151936, "allocated_before_bytes": 4300715008, "backend": "unfused", "calculate_entropy": false, "calculate_sum_pi_squared": false, "context_parallel_size": 2, "data_format": "thd", "dense_logits_bytes": 1503558656, "dense_rows": 9896, "distillation_only": false, "elapsed_s": 0.003906851983629167, "element_size": 2, "entropy_from_logits_chunk_size": 2048, "entropy_from_logits_with_chunking": false, "event_id": 160, "logits_dtype": "torch.bfloat16", "logits_saved_bytes": 1503406720, "peak_allocated_bytes": 4381935104, "peak_increment_bytes": 81220096, "pipeline_parallel_size": 2, "projected_rows": 1, "rank": 7, "response_only_enabled": true, "role": "ref", "selected_rows": 0, "tensor_parallel_size": 2, "vocab_shard": 75968}
[36m(WorkerDict pid=3627507)[0m WARNING:2026-09-10 22:54:24,461:VERL_RESPONSE_ONLY_LM_HEAD_PROFILE {"active_ratio": 0.0, "actual_logits_bytes": 151936, "allocated_before_bytes": 4300715008, "backend": "unfused", "calculate_entropy": false, "calculate_sum_pi_squared": false, "context_parallel_size": 2, "data_format": "thd", "dense_logits_bytes": 1503558656, "dense_rows": 9896, "distillation_only": false, "elapsed_s": 0.004104571999050677, "element_size": 2, "entropy_from_logits_chunk_size": 2048, "entropy_from_logits_with_chunking": false, "event_id": 160, "logits_dtype": "torch.bfloat16", "logits_saved_bytes": 1503406720, "peak_allocated_bytes": 4381935104, "peak_increment_bytes": 81220096, "pipeline_parallel_size": 2, "projected_rows": 1, "rank": 6, "response_only_enabled": true, "role": "ref", "selected_rows": 0, "tensor_parallel_size": 2, "vocab_shard": 75968}
[36m(WorkerDict pid=3627506)[0m WARNING:2026-09-10 22:54:24,483:VERL_RESPONSE_ONLY_LM_HEAD_PROFILE {"active_ratio": 0.41390460792239286, "actual_logits_bytes": 622329856, "allocated_before_bytes": 4300715008, "backend": "unfused", "calculate_entropy": false, "calculate_sum_pi_squared": false, "context_parallel_size": 2, "data_format": "thd", "dense_logits_bytes": 1503558656, "dense_rows": 9896, "distillation_only": false, "elapsed_s": 0.027714192983694375, "element_size": 2, "entropy_from_logits_chunk_size": 2048, "entropy_from_logits_with_chunking": false, "event_id": 160, "logits_dtype": "torch.bfloat16", "logits_saved_bytes": 881228800, "peak_allocated_bytes": 6127170560, "peak_increment_bytes": 1826455552, "pipeline_parallel_size": 2, "projected_rows": 4096, "rank": 5, "response_only_enabled": true, "role": "ref", "selected_rows": 4096, "tensor_parallel_size": 2, "vocab_shard": 75968}
[36m(WorkerDict pid=3627508)[0m WARNING:2026-09-10 22:54:24,782:VERL_RESPONSE_ONLY_LM_HEAD_PROFILE {"active_ratio": 0.0, "actual_logits_bytes": 151936, "allocated_before_bytes": 4300795392, "backend": "unfused", "calculate_entropy": false, "calculate_sum_pi_squared": false, "context_parallel_size": 2, "data_format": "thd", "dense_logits_bytes": 1503558656, "dense_rows": 9896, "distillation_only": false, "elapsed_s": 0.0039014919893816113, "element_size": 2, "entropy_from_logits_chunk_size": 2048, "entropy_from_logits_with_chunking": false, "event_id": 161, "logits_dtype": "torch.bfloat16", "logits_saved_bytes": 1503406720, "peak_allocated_bytes": 4382015488, "peak_increment_bytes": 81220096, "pipeline_parallel_size": 2, "projected_rows": 1, "rank": 7, "response_only_enabled": true, "role": "ref", "selected_rows": 0, "tensor_parallel_size": 2, "vocab_shard": 75968}
[36m(WorkerDict pid=3627507)[0m WARNING:2026-09-10 22:54:24,782:VERL_RESPONSE_ONLY_LM_HEAD_PROFILE {"active_ratio": 0.0, "actual_logits_bytes": 151936, "allocated_before_bytes": 4300795392, "backend": "unfused", "calculate_entropy": false, "calculate_sum_pi_squared": false, "context_parallel_size": 2, "data_format": "thd", "dense_logits_bytes": 1503558656, "dense_rows": 9896, "distillation_only": false, "elapsed_s": 0.0038452509324997663, "element_size": 2, "entropy_from_logits_chunk_size": 2048, "entropy_from_logits_with_chunking": false, "event_id": 161, "logits_dtype": "torch.bfloat16", "logits_saved_bytes": 1503406720, "peak_allocated_bytes": 4382015488, "peak_increment_bytes": 81220096, "pipeline_parallel_size": 2, "projected_rows": 1, "rank": 6, "response_only_enabled": true, "role": "ref", "selected_rows": 0, "tensor_parallel_size": 2, "vocab_shard": 75968}
[36m(WorkerDict pid=3627506)[0m WARNING:2026-09-10 22:54:24,801:VERL_RESPONSE_ONLY_LM_HEAD_PROFILE {"active_ratio": 0.41390460792239286, "actual_logits_bytes": 622329856, "allocated_before_bytes": 4300795392, "backend": "unfused", "calculate_entropy": false, "calculate_sum_pi_squared": false, "context_parallel_size": 2, "data_format": "thd", "dense_logits_bytes": 1503558656, "dense_rows": 9896, "distillation_only": false, "elapsed_s": 0.021790050086565316, "element_size": 2, "entropy_from_logits_chunk_size": 2048, "entropy_from_logits_with_chunking": false, "event_id": 161, "logits_dtype": "torch.bfloat16", "logits_saved_bytes": 881228800, "peak_allocated_bytes": 6127250944, "peak_increment_bytes": 1826455552, "pipeline_parallel_size": 2, "projected_rows": 4096, "rank": 5, "response_only_enabled": true, "role": "ref", "selected_rows": 4096, "tensor_parallel_size": 2, "vocab_shard": 75968}
[36m(WorkerDict pid=3627508)[0m WARNING:2026-09-10 22:54:25,097:VERL_RESPONSE_ONLY_LM_HEAD_PROFILE {"active_ratio": 0.0, "actual_logits_bytes": 151936, "allocated_before_bytes": 4300875264, "backend": "unfused", "calculate_entropy": false, "calculate_sum_pi_squared": false, "context_parallel_size": 2, "data_format": "thd", "dense_logits_bytes": 1503558656, "dense_rows": 9896, "distillation_only": false, "elapsed_s": 0.003955721971578896, "element_size": 2, "entropy_from_logits_chunk_size": 2048, "entropy_from_logits_with_chunking": false, "event_id": 162, "logits_dtype": "torch.bfloat16", "logits_saved_bytes": 1503406720, "peak_allocated_bytes": 4382095360, "peak_increment_bytes": 81220096, "pipeline_parallel_size": 2, "projected_rows": 1, "rank": 7, "response_only_enabled": true, "role": "ref", "selected_rows": 0, "tensor_parallel_size": 2, "vocab_shard": 75968}
[36m(WorkerDict pid=3627507)[0m WARNING:2026-09-10 22:54:25,097:VERL_RESPONSE_ONLY_LM_HEAD_PROFILE {"active_ratio": 0.0, "actual_logits_bytes": 151936, "allocated_before_bytes": 4300875264, "backend": "unfused", "calculate_entropy": false, "calculate_sum_pi_squared": false, "context_parallel_size": 2, "data_format": "thd", "dense_logits_bytes": 1503558656, "dense_rows": 9896, "distillation_only": false, "elapsed_s": 0.004113082075491548, "element_size": 2, "entropy_from_logits_chunk_size": 2048, "entropy_from_logits_with_chunking": false, "event_id": 162, "logits_dtype": "torch.bfloat16", "logits_saved_bytes": 1503406720, "peak_allocated_bytes": 4382095360, "peak_increment_bytes": 81220096, "pipeline_parallel_size": 2, "projected_rows": 1, "rank": 6, "response_only_enabled": true, "role": "ref", "selected_rows": 0, "tensor_parallel_size": 2, "vocab_shard": 75968}
[36m(WorkerDict pid=3627506)[0m WARNING:2026-09-10 22:54:25,116:VERL_RESPONSE_ONLY_LM_HEAD_PROFILE {"active_ratio": 0.41390460792239286, "actual_logits_bytes": 622329856, "allocated_before_bytes": 4300875264, "backend": "unfused", "calculate_entropy": false, "calculate_sum_pi_squared": false, "context_parallel_size": 2, "data_format": "thd", "dense_logits_bytes": 1503558656, "dense_rows": 9896, "distillation_only": false, "elapsed_s": 0.022161340108141303, "element_size": 2, "entropy_from_logits_chunk_size": 2048, "entropy_from_logits_with_chunking": false, "event_id": 162, "logits_dtype": "torch.bfloat16", "logits_saved_bytes": 881228800, "peak_allocated_bytes": 6127330816, "peak_increment_bytes": 1826455552, "pipeline_parallel_size": 2, "projected_rows": 4096, "rank": 5, "response_only_enabled": true, "role": "ref", "selected_rows": 4096, "tensor_parallel_size": 2, "vocab_shard": 75968}
[36m(WorkerDict pid=3627508)[0m WARNING:2026-09-10 22:54:25,412:VERL_RESPONSE_ONLY_LM_HEAD_PROFILE {"active_ratio": 0.0, "actual_logits_bytes": 151936, "allocated_before_bytes": 4300955136, "backend": "unfused", "calculate_entropy": false, "calculate_sum_pi_squared": false, "context_parallel_size": 2, "data_format": "thd", "dense_logits_bytes": 1503558656, "dense_rows": 9896, "distillation_only": false, "elapsed_s": 0.003884191974066198, "element_size": 2, "entropy_from_logits_chunk_size": 2048, "entropy_from_logits_with_chunking": false, "event_id": 163, "logits_dtype": "torch.bfloat16", "logits_saved_bytes": 1503406720, "peak_allocated_bytes": 4382175232, "peak_increment_bytes": 81220096, "pipeline_parallel_size": 2, "projected_rows": 1, "rank": 7, "response_only_enabled": true, "role": "ref", "selected_rows": 0, "tensor_parallel_size": 2, "vocab_shard": 75968}
[36m(WorkerDict pid=3627507)[0m WARNING:2026-09-10 22:54:25,412:VERL_RESPONSE_ONLY_LM_HEAD_PROFILE {"active_ratio": 0.0, "actual_logits_bytes": 151936, "allocated_before_bytes": 4300955136, "backend": "unfused", "calculate_entropy": false, "calculate_sum_pi_squared": false, "context_parallel_size": 2, "data_format": "thd", "dense_logits_bytes": 1503558656, "dense_rows": 9896, "distillation_only": false, "elapsed_s": 0.003850711975246668, "element_size": 2, "entropy_from_logits_chunk_size": 2048, "entropy_from_logits_with_chunking": false, "event_id": 163, "logits_dtype": "torch.bfloat16", "logits_saved_bytes": 1503406720, "peak_allocated_bytes": 4382175232, "peak_increment_bytes": 81220096, "pipeline_parallel_size": 2, "projected_rows": 1, "rank": 6, "response_only_enabled": true, "role": "ref", "selected_rows": 0, "tensor_parallel_size": 2, "vocab_shard": 75968}
[36m(WorkerDict pid=3627506)[0m WARNING:2026-09-10 22:54:25,430:VERL_RESPONSE_ONLY_LM_HEAD_PROFILE {"active_ratio": 0.41390460792239286, "actual_logits_bytes": 622329856, "allocated_before_bytes": 4300955136, "backend": "unfused", "calculate_entropy": false, "calculate_sum_pi_squared": false, "context_parallel_size": 2, "data_format": "thd", "dense_logits_bytes": 1503558656, "dense_rows": 9896, "distillation_only": false, "elapsed_s": 0.021615379955619574, "element_size": 2, "entropy_from_logits_chunk_size": 2048, "entropy_from_logits_with_chunking": false, "event_id": 163, "logits_dtype": "torch.bfloat16", "logits_saved_bytes": 881228800, "peak_allocated_bytes": 6127410688, "peak_increment_bytes": 1826455552, "pipeline_parallel_size": 2, "projected_rows": 4096, "rank": 5, "response_only_enabled": true, "role": "ref", "selected_rows": 4096, "tensor_parallel_size": 2, "vocab_shard": 75968}
[36m(WorkerDict pid=3627508)[0m WARNING:2026-09-10 22:54:25,728:VERL_RESPONSE_ONLY_LM_HEAD_PROFILE {"active_ratio": 0.0, "actual_logits_bytes": 151936, "allocated_before_bytes": 4300967424, "backend": "unfused", "calculate_entropy": false, "calculate_sum_pi_squared": false, "context_parallel_size": 2, "data_format": "thd", "dense_logits_bytes": 1502343168, "dense_rows": 9888, "distillation_only": false, "elapsed_s": 0.0037223619874566793, "element_size": 2, "entropy_from_logits_chunk_size": 2048, "entropy_from_logits_with_chunking": false, "event_id": 164, "logits_dtype": "torch.bfloat16", "logits_saved_bytes": 1502191232, "peak_allocated_bytes": 4382121984, "peak_increment_bytes": 81154560, "pipeline_parallel_size": 2, "projected_rows": 1, "rank": 7, "response_only_enabled": true, "role": "ref", "selected_rows": 0, "tensor_parallel_size": 2, "vocab_shard": 75968}
[36m(WorkerDict pid=3627507)[0m WARNING:2026-09-10 22:54:25,728:VERL_RESPONSE_ONLY_LM_HEAD_PROFILE {"active_ratio": 0.0, "actual_logits_bytes": 151936, "allocated_before_bytes": 4300967424, "backend": "unfused", "calculate_entropy": false, "calculate_sum_pi_squared": false, "context_parallel_size": 2, "data_format": "thd", "dense_logits_bytes": 1502343168, "dense_rows": 9888, "distillation_only": false, "elapsed_s": 0.0038787920493632555, "element_size": 2, "entropy_from_logits_chunk_size": 2048, "entropy_from_logits_with_chunking": false, "event_id": 164, "logits_dtype": "torch.bfloat16", "logits_saved_bytes": 1502191232, "peak_allocated_bytes": 4382121984, "peak_increment_bytes": 81154560, "pipeline_parallel_size": 2, "projected_rows": 1, "rank": 6, "response_only_enabled": true, "role": "ref", "selected_rows": 0, "tensor_parallel_size": 2, "vocab_shard": 75968}
[36m(WorkerDict pid=3627506)[0m WARNING:2026-09-10 22:54:25,746:VERL_RESPONSE_ONLY_LM_HEAD_PROFILE {"active_ratio": 0.41423948220064727, "actual_logits_bytes": 622329856, "allocated_before_bytes": 4300967424, "backend": "unfused", "calculate_entropy": false, "calculate_sum_pi_squared": false, "context_parallel_size": 2, "data_format": "thd", "dense_logits_bytes": 1502343168, "dense_rows": 9888, "distillation_only": false, "elapsed_s": 0.021629839087836444, "element_size": 2, "entropy_from_logits_chunk_size": 2048, "entropy_from_logits_with_chunking": false, "event_id": 164, "logits_dtype": "torch.bfloat16", "logits_saved_bytes": 880013312, "peak_allocated_bytes": 6127455744, "peak_increment_bytes": 1826488320, "pipeline_parallel_size": 2, "projected_rows": 4096, "rank": 5, "response_only_enabled": true, "role": "ref", "selected_rows": 4096, "tensor_parallel_size": 2, "vocab_shard": 75968}
[36m(WorkerDict pid=3627508)[0m WARNING:2026-09-10 22:54:26,053:VERL_RESPONSE_ONLY_LM_HEAD_PROFILE {"active_ratio": 0.0, "actual_logits_bytes": 151936, "allocated_before_bytes": 4301047296, "backend": "unfused", "calculate_entropy": false, "calculate_sum_pi_squared": false, "context_parallel_size": 2, "data_format": "thd", "dense_logits_bytes": 1502343168, "dense_rows": 9888, "distillation_only": false, "elapsed_s": 0.003667301032692194, "element_size": 2, "entropy_from_logits_chunk_size": 2048, "entropy_from_logits_with_chunking": false, "event_id": 165, "logits_dtype": "torch.bfloat16", "logits_saved_bytes": 1502191232, "peak_allocated_bytes": 4382201856, "peak_increment_bytes": 81154560, "pipeline_parallel_size": 2, "projected_rows": 1, "rank": 7, "response_only_enabled": true, "role": "ref", "selected_rows": 0, "tensor_parallel_size": 2, "vocab_shard": 75968}
[36m(WorkerDict pid=3627507)[0m WARNING:2026-09-10 22:54:26,053:VERL_RESPONSE_ONLY_LM_HEAD_PROFILE {"active_ratio": 0.0, "actual_logits_bytes": 151936, "allocated_before_bytes": 4301047296, "backend": "unfused", "calculate_entropy": false, "calculate_sum_pi_squared": false, "context_parallel_size": 2, "data_format": "thd", "dense_logits_bytes": 1502343168, "dense_rows": 9888, "distillation_only": false, "elapsed_s": 0.003850760986097157, "element_size": 2, "entropy_from_logits_chunk_size": 2048, "entropy_from_logits_with_chunking": false, "event_id": 165, "logits_dtype": "torch.bfloat16", "logits_saved_bytes": 1502191232, "peak_allocated_bytes": 4382201856, "peak_increment_bytes": 81154560, "pipeline_parallel_size": 2, "projected_rows": 1, "rank": 6, "response_only_enabled": true, "role": "ref", "selected_rows": 0, "tensor_parallel_size": 2, "vocab_shard": 75968}
[36m(WorkerDict pid=3627506)[0m WARNING:2026-09-10 22:54:26,071:VERL_RESPONSE_ONLY_LM_HEAD_PROFILE {"active_ratio": 0.41423948220064727, "actual_logits_bytes": 622329856, "allocated_before_bytes": 4301047296, "backend": "unfused", "calculate_entropy": false, "calculate_sum_pi_squared": false, "context_parallel_size": 2, "data_format": "thd", "dense_logits_bytes": 1502343168, "dense_rows": 9888, "distillation_only": false, "elapsed_s": 0.02166327997110784, "element_size": 2, "entropy_from_logits_chunk_size": 2048, "entropy_from_logits_with_chunking": false, "event_id": 165, "logits_dtype": "torch.bfloat16", "logits_saved_bytes": 880013312, "peak_allocated_bytes": 6127535616, "peak_increment_bytes": 1826488320, "pipeline_parallel_size": 2, "projected_rows": 4096, "rank": 5, "response_only_enabled": true, "role": "ref", "selected_rows": 4096, "tensor_parallel_size": 2, "vocab_shard": 75968}
[36m(WorkerDict pid=3627508)[0m WARNING:2026-09-10 22:54:26,367:VERL_RESPONSE_ONLY_LM_HEAD_PROFILE {"active_ratio": 0.0, "actual_logits_bytes": 151936, "allocated_before_bytes": 4301127168, "backend": "unfused", "calculate_entropy": false, "calculate_sum_pi_squared": false, "context_parallel_size": 2, "data_format": "thd", "dense_logits_bytes": 1502343168, "dense_rows": 9888, "distillation_only": false, "elapsed_s": 0.003927352023310959, "element_size": 2, "entropy_from_logits_chunk_size": 2048, "entropy_from_logits_with_chunking": false, "event_id": 166, "logits_dtype": "torch.bfloat16", "logits_saved_bytes": 1502191232, "peak_allocated_bytes": 4382281728, "peak_increment_bytes": 81154560, "pipeline_parallel_size": 2, "projected_rows": 1, "rank": 7, "response_only_enabled": true, "role": "ref", "selected_rows": 0, "tensor_parallel_size": 2, "vocab_shard": 75968}
[36m(WorkerDict pid=3627507)[0m WARNING:2026-09-10 22:54:26,368:VERL_RESPONSE_ONLY_LM_HEAD_PROFILE {"active_ratio": 0.0, "actual_logits_bytes": 151936, "allocated_before_bytes": 4301127168, "backend": "unfused", "calculate_entropy": false, "calculate_sum_pi_squared": false, "context_parallel_size": 2, "data_format": "thd", "dense_logits_bytes": 1502343168, "dense_rows": 9888, "distillation_only": false, "elapsed_s": 0.004034321988001466, "element_size": 2, "entropy_from_logits_chunk_size": 2048, "entropy_from_logits_with_chunking": false, "event_id": 166, "logits_dtype": "torch.bfloat16", "logits_saved_bytes": 1502191232, "peak_allocated_bytes": 4382281728, "peak_increment_bytes": 81154560, "pipeline_parallel_size": 2, "projected_rows": 1, "rank": 6, "response_only_enabled": true, "role": "ref", "selected_rows": 0, "tensor_parallel_size": 2, "vocab_shard": 75968}
[36m(WorkerDict pid=3627506)[0m WARNING:2026-09-10 22:54:26,385:VERL_RESPONSE_ONLY_LM_HEAD_PROFILE {"active_ratio": 0.41423948220064727, "actual_logits_bytes": 622329856, "allocated_before_bytes": 4301127168, "backend": "unfused", "calculate_entropy": false, "calculate_sum_pi_squared": false, "context_parallel_size": 2, "data_format": "thd", "dense_logits_bytes": 1502343168, "dense_rows": 9888, "distillation_only": false, "elapsed_s": 0.021666299900971353, "element_size": 2, "entropy_from_logits_chunk_size": 2048, "entropy_from_logits_with_chunking": false, "event_id": 166, "logits_dtype": "torch.bfloat16", "logits_saved_bytes": 880013312, "peak_allocated_bytes": 6127615488, "peak_increment_bytes": 1826488320, "pipeline_parallel_size": 2, "projected_rows": 4096, "rank": 5, "response_only_enabled": true, "role": "ref", "selected_rows": 4096, "tensor_parallel_size": 2, "vocab_shard": 75968}
[36m(WorkerDict pid=3627508)[0m WARNING:2026-09-10 22:54:26,682:VERL_RESPONSE_ONLY_LM_HEAD_PROFILE {"active_ratio": 0.0, "actual_logits_bytes": 151936, "allocated_before_bytes": 4301207040, "backend": "unfused", "calculate_entropy": false, "calculate_sum_pi_squared": false, "context_parallel_size": 2, "data_format": "thd", "dense_logits_bytes": 1502343168, "dense_rows": 9888, "distillation_only": false, "elapsed_s": 0.003833252005279064, "element_size": 2, "entropy_from_logits_chunk_size": 2048, "entropy_from_logits_with_chunking": false, "event_id": 167, "logits_dtype": "torch.bfloat16", "logits_saved_bytes": 1502191232, "peak_allocated_bytes": 4382361600, "peak_increment_bytes": 81154560, "pipeline_parallel_size": 2, "projected_rows": 1, "rank": 7, "response_only_enabled": true, "role": "ref", "selected_rows": 0, "tensor_parallel_size": 2, "vocab_shard": 75968}
[36m(WorkerDict pid=3627507)[0m WARNING:2026-09-10 22:54:26,682:VERL_RESPONSE_ONLY_LM_HEAD_PROFILE {"active_ratio": 0.0, "actual_logits_bytes": 151936, "allocated_before_bytes": 4301207040, "backend": "unfused", "calculate_entropy": false, "calculate_sum_pi_squared": false, "context_parallel_size": 2, "data_format": "thd", "dense_logits_bytes": 1502343168, "dense_rows": 9888, "distillation_only": false, "elapsed_s": 0.0038860320346429944, "element_size": 2, "entropy_from_logits_chunk_size": 2048, "entropy_from_logits_with_chunking": false, "event_id": 167, "logits_dtype": "torch.bfloat16", "logits_saved_bytes": 1502191232, "peak_allocated_bytes": 4382361600, "peak_increment_bytes": 81154560, "pipeline_parallel_size": 2, "projected_rows": 1, "rank": 6, "response_only_enabled": true, "role": "ref", "selected_rows": 0, "tensor_parallel_size": 2, "vocab_shard": 75968}
[36m(WorkerDict pid=3627506)[0m WARNING:2026-09-10 22:54:26,701:VERL_RESPONSE_ONLY_LM_HEAD_PROFILE {"active_ratio": 0.41423948220064727, "actual_logits_bytes": 622329856, "allocated_before_bytes": 4301207040, "backend": "unfused", "calculate_entropy": false, "calculate_sum_pi_squared": false, "context_parallel_size": 2, "data_format": "thd", "dense_logits_bytes": 1502343168, "dense_rows": 9888, "distillation_only": false, "elapsed_s": 0.021810300066135824, "element_size": 2, "entropy_from_logits_chunk_size": 2048, "entropy_from_logits_with_chunking": false, "event_id": 167, "logits_dtype": "torch.bfloat16", "logits_saved_bytes": 880013312, "peak_allocated_bytes": 6127695360, "peak_increment_bytes": 1826488320, "pipeline_parallel_size": 2, "projected_rows": 4096, "rank": 5, "response_only_enabled": true, "role": "ref", "selected_rows": 4096, "tensor_parallel_size": 2, "vocab_shard": 75968}
[36m(WorkerDict pid=3627508)[0m WARNING:2026-09-10 22:54:26,998:VERL_RESPONSE_ONLY_LM_HEAD_PROFILE {"active_ratio": 0.0, "actual_logits_bytes": 151936, "allocated_before_bytes": 4301286912, "backend": "unfused", "calculate_entropy": false, "calculate_sum_pi_squared": false, "context_parallel_size": 2, "data_format": "thd", "dense_logits_bytes": 1502343168, "dense_rows": 9888, "distillation_only": false, "elapsed_s": 0.0038947019493207335, "element_size": 2, "entropy_from_logits_chunk_size": 2048, "entropy_from_logits_with_chunking": false, "event_id": 168, "logits_dtype": "torch.bfloat16", "logits_saved_bytes": 1502191232, "peak_allocated_bytes": 4382441472, "peak_increment_bytes": 81154560, "pipeline_parallel_size": 2, "projected_rows": 1, "rank": 7, "response_only_enabled": true, "role": "ref", "selected_rows": 0, "tensor_parallel_size": 2, "vocab_shard": 75968}
[36m(WorkerDict pid=3627507)[0m WARNING:2026-09-10 22:54:26,998:VERL_RESPONSE_ONLY_LM_HEAD_PROFILE {"active_ratio": 0.0, "actual_logits_bytes": 151936, "allocated_before_bytes": 4301286912, "backend": "unfused", "calculate_entropy": false, "calculate_sum_pi_squared": false, "context_parallel_size": 2, "data_format": "thd", "dense_logits_bytes": 1502343168, "dense_rows": 9888, "distillation_only": false, "elapsed_s": 0.003983551985584199, "element_size": 2, "entropy_from_logits_chunk_size": 2048, "entropy_from_logits_with_chunking": false, "event_id": 168, "logits_dtype": "torch.bfloat16", "logits_saved_bytes": 1502191232, "peak_allocated_bytes": 4382441472, "peak_increment_bytes": 81154560, "pipeline_parallel_size": 2, "projected_rows": 1, "rank": 6, "response_only_enabled": true, "role": "ref", "selected_rows": 0, "tensor_parallel_size": 2, "vocab_shard": 75968}
[36m(WorkerDict pid=3627506)[0m WARNING:2026-09-10 22:54:27,016:VERL_RESPONSE_ONLY_LM_HEAD_PROFILE {"active_ratio": 0.41423948220064727, "actual_logits_bytes": 622329856, "allocated_before_bytes": 4301286912, "backend": "unfused", "calculate_entropy": false, "calculate_sum_pi_squared": false, "context_parallel_size": 2, "data_format": "thd", "dense_logits_bytes": 1502343168, "dense_rows": 9888, "distillation_only": false, "elapsed_s": 0.021764378994703293, "element_size": 2, "entropy_from_logits_chunk_size": 2048, "entropy_from_logits_with_chunking": false, "event_id": 168, "logits_dtype": "torch.bfloat16", "logits_saved_bytes": 880013312, "peak_allocated_bytes": 6127775232, "peak_increment_bytes": 1826488320, "pipeline_parallel_size": 2, "projected_rows": 4096, "rank": 5, "response_only_enabled": true, "role": "ref", "selected_rows": 4096, "tensor_parallel_size": 2, "vocab_shard": 75968}
[36m(WorkerDict pid=3627508)[0m WARNING:2026-09-10 22:54:27,314:VERL_RESPONSE_ONLY_LM_HEAD_PROFILE {"active_ratio": 0.0, "actual_logits_bytes": 151936, "allocated_before_bytes": 4301366784, "backend": "unfused", "calculate_entropy": false, "calculate_sum_pi_squared": false, "context_parallel_size": 2, "data_format": "thd", "dense_logits_bytes": 1502343168, "dense_rows": 9888, "distillation_only": false, "elapsed_s": 0.0037390110082924366, "element_size": 2, "entropy_from_logits_chunk_size": 2048, "entropy_from_logits_with_chunking": false, "event_id": 169, "logits_dtype": "torch.bfloat16", "logits_saved_bytes": 1502191232, "peak_allocated_bytes": 4382521344, "peak_increment_bytes": 81154560, "pipeline_parallel_size": 2, "projected_rows": 1, "rank": 7, "response_only_enabled": true, "role": "ref", "selected_rows": 0, "tensor_parallel_size": 2, "vocab_shard": 75968}
[36m(WorkerDict pid=3627507)[0m WARNING:2026-09-10 22:54:27,314:VERL_RESPONSE_ONLY_LM_HEAD_PROFILE {"active_ratio": 0.0, "actual_logits_bytes": 151936, "allocated_before_bytes": 4301366784, "backend": "unfused", "calculate_entropy": false, "calculate_sum_pi_squared": false, "context_parallel_size": 2, "data_format": "thd", "dense_logits_bytes": 1502343168, "dense_rows": 9888, "distillation_only": false, "elapsed_s": 0.0037880510790273547, "element_size": 2, "entropy_from_logits_chunk_size": 2048, "entropy_from_logits_with_chunking": false, "event_id": 169, "logits_dtype": "torch.bfloat16", "logits_saved_bytes": 1502191232, "peak_allocated_bytes": 4382521344, "peak_increment_bytes": 81154560, "pipeline_parallel_size": 2, "projected_rows": 1, "rank": 6, "response_only_enabled": true, "role": "ref", "selected_rows": 0, "tensor_parallel_size": 2, "vocab_shard": 75968}
[36m(WorkerDict pid=3627506)[0m WARNING:2026-09-10 22:54:27,332:VERL_RESPONSE_ONLY_LM_HEAD_PROFILE {"active_ratio": 0.41423948220064727, "actual_logits_bytes": 622329856, "allocated_before_bytes": 4301366784, "backend": "unfused", "calculate_entropy": false, "calculate_sum_pi_squared": false, "context_parallel_size": 2, "data_format": "thd", "dense_logits_bytes": 1502343168, "dense_rows": 9888, "distillation_only": false, "elapsed_s": 0.021734489011578262, "element_size": 2, "entropy_from_logits_chunk_size": 2048, "entropy_from_logits_with_chunking": false, "event_id": 169, "logits_dtype": "torch.bfloat16", "logits_saved_bytes": 880013312, "peak_allocated_bytes": 6127855104, "peak_increment_bytes": 1826488320, "pipeline_parallel_size": 2, "projected_rows": 4096, "rank": 5, "response_only_enabled": true, "role": "ref", "selected_rows": 4096, "tensor_parallel_size": 2, "vocab_shard": 75968}
[36m(WorkerDict pid=3627508)[0m WARNING:2026-09-10 22:54:27,629:VERL_RESPONSE_ONLY_LM_HEAD_PROFILE {"active_ratio": 0.0, "actual_logits_bytes": 151936, "allocated_before_bytes": 4301446656, "backend": "unfused", "calculate_entropy": false, "calculate_sum_pi_squared": false, "context_parallel_size": 2, "data_format": "thd", "dense_logits_bytes": 1502343168, "dense_rows": 9888, "distillation_only": false, "elapsed_s": 0.0039005608996376395, "element_size": 2, "entropy_from_logits_chunk_size": 2048, "entropy_from_logits_with_chunking": false, "event_id": 170, "logits_dtype": "torch.bfloat16", "logits_saved_bytes": 1502191232, "peak_allocated_bytes": 4382601216, "peak_increment_bytes": 81154560, "pipeline_parallel_size": 2, "projected_rows": 1, "rank": 7, "response_only_enabled": true, "role": "ref", "selected_rows": 0, "tensor_parallel_size": 2, "vocab_shard": 75968}
[36m(WorkerDict pid=3627507)[0m WARNING:2026-09-10 22:54:27,630:VERL_RESPONSE_ONLY_LM_HEAD_PROFILE {"active_ratio": 0.0, "actual_logits_bytes": 151936, "allocated_before_bytes": 4301446656, "backend": "unfused", "calculate_entropy": false, "calculate_sum_pi_squared": false, "context_parallel_size": 2, "data_format": "thd", "dense_logits_bytes": 1502343168, "dense_rows": 9888, "distillation_only": false, "elapsed_s": 0.00397936103399843, "element_size": 2, "entropy_from_logits_chunk_size": 2048, "entropy_from_logits_with_chunking": false, "event_id": 170, "logits_dtype": "torch.bfloat16", "logits_saved_bytes": 1502191232, "peak_allocated_bytes": 4382601216, "peak_increment_bytes": 81154560, "pipeline_parallel_size": 2, "projected_rows": 1, "rank": 6, "response_only_enabled": true, "role": "ref", "selected_rows": 0, "tensor_parallel_size": 2, "vocab_shard": 75968}
[36m(WorkerDict pid=3627506)[0m WARNING:2026-09-10 22:54:27,648:VERL_RESPONSE_ONLY_LM_HEAD_PROFILE {"active_ratio": 0.41423948220064727, "actual_logits_bytes": 622329856, "allocated_before_bytes": 4301446656, "backend": "unfused", "calculate_entropy": false, "calculate_sum_pi_squared": false, "context_parallel_size": 2, "data_format": "thd", "dense_logits_bytes": 1502343168, "dense_rows": 9888, "distillation_only": false, "elapsed_s": 0.021813798928633332, "element_size": 2, "entropy_from_logits_chunk_size": 2048, "entropy_from_logits_with_chunking": false, "event_id": 170, "logits_dtype": "torch.bfloat16", "logits_saved_bytes": 880013312, "peak_allocated_bytes": 6127934976, "peak_increment_bytes": 1826488320, "pipeline_parallel_size": 2, "projected_rows": 4096, "rank": 5, "response_only_enabled": true, "role": "ref", "selected_rows": 4096, "tensor_parallel_size": 2, "vocab_shard": 75968}
[36m(WorkerDict pid=3627508)[0m WARNING:2026-09-10 22:54:27,945:VERL_RESPONSE_ONLY_LM_HEAD_PROFILE {"active_ratio": 0.0, "actual_logits_bytes": 151936, "allocated_before_bytes": 4301526528, "backend": "unfused", "calculate_entropy": false, "calculate_sum_pi_squared": false, "context_parallel_size": 2, "data_format": "thd", "dense_logits_bytes": 1502343168, "dense_rows": 9888, "distillation_only": false, "elapsed_s": 0.003864762024022639, "element_size": 2, "entropy_from_logits_chunk_size": 2048, "entropy_from_logits_with_chunking": false, "event_id": 171, "logits_dtype": "torch.bfloat16", "logits_saved_bytes": 1502191232, "peak_allocated_bytes": 4382681088, "peak_increment_bytes": 81154560, "pipeline_parallel_size": 2, "projected_rows": 1, "rank": 7, "response_only_enabled": true, "role": "ref", "selected_rows": 0, "tensor_parallel_size": 2, "vocab_shard": 75968}
[36m(WorkerDict pid=3627507)[0m WARNING:2026-09-10 22:54:27,945:VERL_RESPONSE_ONLY_LM_HEAD_PROFILE {"active_ratio": 0.0, "actual_logits_bytes": 151936, "allocated_before_bytes": 4301526528, "backend": "unfused", "calculate_entropy": false, "calculate_sum_pi_squared": false, "context_parallel_size": 2, "data_format": "thd", "dense_logits_bytes": 1502343168, "dense_rows": 9888, "distillation_only": false, "elapsed_s": 0.003735360922291875, "element_size": 2, "entropy_from_logits_chunk_size": 2048, "entropy_from_logits_with_chunking": false, "event_id": 171, "logits_dtype": "torch.bfloat16", "logits_saved_bytes": 1502191232, "peak_allocated_bytes": 4382681088, "peak_increment_bytes": 81154560, "pipeline_parallel_size": 2, "projected_rows": 1, "rank": 6, "response_only_enabled": true, "role": "ref", "selected_rows": 0, "tensor_parallel_size": 2, "vocab_shard": 75968}
[36m(WorkerDict pid=3627506)[0m WARNING:2026-09-10 22:54:27,964:VERL_RESPONSE_ONLY_LM_HEAD_PROFILE {"active_ratio": 0.41423948220064727, "actual_logits_bytes": 622329856, "allocated_before_bytes": 4301526528, "backend": "unfused", "calculate_entropy": false, "calculate_sum_pi_squared": false, "context_parallel_size": 2, "data_format": "thd", "dense_logits_bytes": 1502343168, "dense_rows": 9888, "distillation_only": false, "elapsed_s": 0.02171416999772191, "element_size": 2, "entropy_from_logits_chunk_size": 2048, "entropy_from_logits_with_chunking": false, "event_id": 171, "logits_dtype": "torch.bfloat16", "logits_saved_bytes": 880013312, "peak_allocated_bytes": 6128014848, "peak_increment_bytes": 1826488320, "pipeline_parallel_size": 2, "projected_rows": 4096, "rank": 5, "response_only_enabled": true, "role": "ref", "selected_rows": 4096, "tensor_parallel_size": 2, "vocab_shard": 75968}
[36m(WorkerDict pid=3627508)[0m WARNING:2026-09-10 22:54:28,262:VERL_RESPONSE_ONLY_LM_HEAD_PROFILE {"active_ratio": 0.0, "actual_logits_bytes": 151936, "allocated_before_bytes": 4301673984, "backend": "unfused", "calculate_entropy": false, "calculate_sum_pi_squared": false, "context_parallel_size": 2, "data_format": "thd", "dense_logits_bytes": 1503558656, "dense_rows": 9896, "distillation_only": false, "elapsed_s": 0.003708240925334394, "element_size": 2, "entropy_from_logits_chunk_size": 2048, "entropy_from_logits_with_chunking": false, "event_id": 172, "logits_dtype": "torch.bfloat16", "logits_saved_bytes": 1503406720, "peak_allocated_bytes": 4382894080, "peak_increment_bytes": 81220096, "pipeline_parallel_size": 2, "projected_rows": 1, "rank": 7, "response_only_enabled": true, "role": "ref", "selected_rows": 0, "tensor_parallel_size": 2, "vocab_shard": 75968}
[36m(WorkerDict pid=3627507)[0m WARNING:2026-09-10 22:54:28,262:VERL_RESPONSE_ONLY_LM_HEAD_PROFILE {"active_ratio": 0.0, "actual_logits_bytes": 151936, "allocated_before_bytes": 4301673984, "backend": "unfused", "calculate_entropy": false, "calculate_sum_pi_squared": false, "context_parallel_size": 2, "data_format": "thd", "dense_logits_bytes": 1503558656, "dense_rows": 9896, "distillation_only": false, "elapsed_s": 0.0037827310152351856, "element_size": 2, "entropy_from_logits_chunk_size": 2048, "entropy_from_logits_with_chunking": false, "event_id": 172, "logits_dtype": "torch.bfloat16", "logits_saved_bytes": 1503406720, "peak_allocated_bytes": 4382894080, "peak_increment_bytes": 81220096, "pipeline_parallel_size": 2, "projected_rows": 1, "rank": 6, "response_only_enabled": true, "role": "ref", "selected_rows": 0, "tensor_parallel_size": 2, "vocab_shard": 75968}
[36m(WorkerDict pid=3627506)[0m WARNING:2026-09-10 22:54:28,281:VERL_RESPONSE_ONLY_LM_HEAD_PROFILE {"active_ratio": 0.41390460792239286, "actual_logits_bytes": 622329856, "allocated_before_bytes": 4301673984, "backend": "unfused", "calculate_entropy": false, "calculate_sum_pi_squared": false, "context_parallel_size": 2, "data_format": "thd", "dense_logits_bytes": 1503558656, "dense_rows": 9896, "distillation_only": false, "elapsed_s": 0.021664889063686132, "element_size": 2, "entropy_from_logits_chunk_size": 2048, "entropy_from_logits_with_chunking": false, "event_id": 172, "logits_dtype": "torch.bfloat16", "logits_saved_bytes": 881228800, "peak_allocated_bytes": 6128129536, "peak_increment_bytes": 1826455552, "pipeline_parallel_size": 2, "projected_rows": 4096, "rank": 5, "response_only_enabled": true, "role": "ref", "selected_rows": 4096, "tensor_parallel_size": 2, "vocab_shard": 75968}
[36m(WorkerDict pid=3627508)[0m WARNING:2026-09-10 22:54:28,577:VERL_RESPONSE_ONLY_LM_HEAD_PROFILE {"active_ratio": 0.0, "actual_logits_bytes": 151936, "allocated_before_bytes": 4301753856, "backend": "unfused", "calculate_entropy": false, "calculate_sum_pi_squared": false, "context_parallel_size": 2, "data_format": "thd", "dense_logits_bytes": 1503558656, "dense_rows": 9896, "distillation_only": false, "elapsed_s": 0.0038520819507539272, "element_size": 2, "entropy_from_logits_chunk_size": 2048, "entropy_from_logits_with_chunking": false, "event_id": 173, "logits_dtype": "torch.bfloat16", "logits_saved_bytes": 1503406720, "peak_allocated_bytes": 4382973952, "peak_increment_bytes": 81220096, "pipeline_parallel_size": 2, "projected_rows": 1, "rank": 7, "response_only_enabled": true, "role": "ref", "selected_rows": 0, "tensor_parallel_size": 2, "vocab_shard": 75968}
[36m(WorkerDict pid=3627507)[0m WARNING:2026-09-10 22:54:28,577:VERL_RESPONSE_ONLY_LM_HEAD_PROFILE {"active_ratio": 0.0, "actual_logits_bytes": 151936, "allocated_before_bytes": 4301753856, "backend": "unfused", "calculate_entropy": false, "calculate_sum_pi_squared": false, "context_parallel_size": 2, "data_format": "thd", "dense_logits_bytes": 1503558656, "dense_rows": 9896, "distillation_only": false, "elapsed_s": 0.003717262065038085, "element_size": 2, "entropy_from_logits_chunk_size": 2048, "entropy_from_logits_with_chunking": false, "event_id": 173, "logits_dtype": "torch.bfloat16", "logits_saved_bytes": 1503406720, "peak_allocated_bytes": 4382973952, "peak_increment_bytes": 81220096, "pipeline_parallel_size": 2, "projected_rows": 1, "rank": 6, "response_only_enabled": true, "role": "ref", "selected_rows": 0, "tensor_parallel_size": 2, "vocab_shard": 75968}
[36m(WorkerDict pid=3627506)[0m WARNING:2026-09-10 22:54:28,596:VERL_RESPONSE_ONLY_LM_HEAD_PROFILE {"active_ratio": 0.41390460792239286, "actual_logits_bytes": 622329856, "allocated_before_bytes": 4301753856, "backend": "unfused", "calculate_entropy": false, "calculate_sum_pi_squared": false, "context_parallel_size": 2, "data_format": "thd", "dense_logits_bytes": 1503558656, "dense_rows": 9896, "distillation_only": false, "elapsed_s": 0.02176428004167974, "element_size": 2, "entropy_from_logits_chunk_size": 2048, "entropy_from_logits_with_chunking": false, "event_id": 173, "logits_dtype": "torch.bfloat16", "logits_saved_bytes": 881228800, "peak_allocated_bytes": 6128209408, "peak_increment_bytes": 1826455552, "pipeline_parallel_size": 2, "projected_rows": 4096, "rank": 5, "response_only_enabled": true, "role": "ref", "selected_rows": 4096, "tensor_parallel_size": 2, "vocab_shard": 75968}
[36m(WorkerDict pid=3627508)[0m WARNING:2026-09-10 22:54:28,893:VERL_RESPONSE_ONLY_LM_HEAD_PROFILE {"active_ratio": 0.0, "actual_logits_bytes": 151936, "allocated_before_bytes": 4301833728, "backend": "unfused", "calculate_entropy": false, "calculate_sum_pi_squared": false, "context_parallel_size": 2, "data_format": "thd", "dense_logits_bytes": 1503558656, "dense_rows": 9896, "distillation_only": false, "elapsed_s": 0.0038395720766857266, "element_size": 2, "entropy_from_logits_chunk_size": 2048, "entropy_from_logits_with_chunking": false, "event_id": 174, "logits_dtype": "torch.bfloat16", "logits_saved_bytes": 1503406720, "peak_allocated_bytes": 4383053824, "peak_increment_bytes": 81220096, "pipeline_parallel_size": 2, "projected_rows": 1, "rank": 7, "response_only_enabled": true, "role": "ref", "selected_rows": 0, "tensor_parallel_size": 2, "vocab_shard": 75968}
[36m(WorkerDict pid=3627507)[0m WARNING:2026-09-10 22:54:28,893:VERL_RESPONSE_ONLY_LM_HEAD_PROFILE {"active_ratio": 0.0, "actual_logits_bytes": 151936, "allocated_before_bytes": 4301833728, "backend": "unfused", "calculate_entropy": false, "calculate_sum_pi_squared": false, "context_parallel_size": 2, "data_format": "thd", "dense_logits_bytes": 1503558656, "dense_rows": 9896, "distillation_only": false, "elapsed_s": 0.0038100219098851085, "element_size": 2, "entropy_from_logits_chunk_size": 2048, "entropy_from_logits_with_chunking": false, "event_id": 174, "logits_dtype": "torch.bfloat16", "logits_saved_bytes": 1503406720, "peak_allocated_bytes": 4383053824, "peak_increment_bytes": 81220096, "pipeline_parallel_size": 2, "projected_rows": 1, "rank": 6, "response_only_enabled": true, "role": "ref", "selected_rows": 0, "tensor_parallel_size": 2, "vocab_shard": 75968}
[36m(WorkerDict pid=3627506)[0m WARNING:2026-09-10 22:54:28,911:VERL_RESPONSE_ONLY_LM_HEAD_PROFILE {"active_ratio": 0.41390460792239286, "actual_logits_bytes": 622329856, "allocated_before_bytes": 4301833728, "backend": "unfused", "calculate_entropy": false, "calculate_sum_pi_squared": false, "context_parallel_size": 2, "data_format": "thd", "dense_logits_bytes": 1503558656, "dense_rows": 9896, "distillation_only": false, "elapsed_s": 0.02180066891014576, "element_size": 2, "entropy_from_logits_chunk_size": 2048, "entropy_from_logits_with_chunking": false, "event_id": 174, "logits_dtype": "torch.bfloat16", "logits_saved_bytes": 881228800, "peak_allocated_bytes": 6128289280, "peak_increment_bytes": 1826455552, "pipeline_parallel_size": 2, "projected_rows": 4096, "rank": 5, "response_only_enabled": true, "role": "ref", "selected_rows": 4096, "tensor_parallel_size": 2, "vocab_shard": 75968}
[36m(WorkerDict pid=3627508)[0m WARNING:2026-09-10 22:54:29,209:VERL_RESPONSE_ONLY_LM_HEAD_PROFILE {"active_ratio": 0.0, "actual_logits_bytes": 151936, "allocated_before_bytes": 4301913600, "backend": "unfused", "calculate_entropy": false, "calculate_sum_pi_squared": false, "context_parallel_size": 2, "data_format": "thd", "dense_logits_bytes": 1503558656, "dense_rows": 9896, "distillation_only": false, "elapsed_s": 0.003862280980683863, "element_size": 2, "entropy_from_logits_chunk_size": 2048, "entropy_from_logits_with_chunking": false, "event_id": 175, "logits_dtype": "torch.bfloat16", "logits_saved_bytes": 1503406720, "peak_allocated_bytes": 4383133696, "peak_increment_bytes": 81220096, "pipeline_parallel_size": 2, "projected_rows": 1, "rank": 7, "response_only_enabled": true, "role": "ref", "selected_rows": 0, "tensor_parallel_size": 2, "vocab_shard": 75968}
[36m(WorkerDict pid=3627507)[0m WARNING:2026-09-10 22:54:29,209:VERL_RESPONSE_ONLY_LM_HEAD_PROFILE {"active_ratio": 0.0, "actual_logits_bytes": 151936, "allocated_before_bytes": 4301913600, "backend": "unfused", "calculate_entropy": false, "calculate_sum_pi_squared": false, "context_parallel_size": 2, "data_format": "thd", "dense_logits_bytes": 1503558656, "dense_rows": 9896, "distillation_only": false, "elapsed_s": 0.003709511016495526, "element_size": 2, "entropy_from_logits_chunk_size": 2048, "entropy_from_logits_with_chunking": false, "event_id": 175, "logits_dtype": "torch.bfloat16", "logits_saved_bytes": 1503406720, "peak_allocated_bytes": 4383133696, "peak_increment_bytes": 81220096, "pipeline_parallel_size": 2, "projected_rows": 1, "rank": 6, "response_only_enabled": true, "role": "ref", "selected_rows": 0, "tensor_parallel_size": 2, "vocab_shard": 75968}
[36m(WorkerDict pid=3627506)[0m WARNING:2026-09-10 22:54:29,228:VERL_RESPONSE_ONLY_LM_HEAD_PROFILE {"active_ratio": 0.41390460792239286, "actual_logits_bytes": 622329856, "allocated_before_bytes": 4301913600, "backend": "unfused", "calculate_entropy": false, "calculate_sum_pi_squared": false, "context_parallel_size": 2, "data_format": "thd", "dense_logits_bytes": 1503558656, "dense_rows": 9896, "distillation_only": false, "elapsed_s": 0.021843830007128417, "element_size": 2, "entropy_from_logits_chunk_size": 2048, "entropy_from_logits_with_chunking": false, "event_id": 175, "logits_dtype": "torch.bfloat16", "logits_saved_bytes": 881228800, "peak_allocated_bytes": 6128369152, "peak_increment_bytes": 1826455552, "pipeline_parallel_size": 2, "projected_rows": 4096, "rank": 5, "response_only_enabled": true, "role": "ref", "selected_rows": 4096, "tensor_parallel_size": 2, "vocab_shard": 75968}
[36m(WorkerDict pid=3627508)[0m WARNING:2026-09-10 22:54:36,143:VERL_RESPONSE_ONLY_LM_HEAD_PROFILE {"active_ratio": 0.0, "actual_logits_bytes": 151936, "allocated_before_bytes": 25508018176, "backend": "unfused", "calculate_entropy": true, "calculate_sum_pi_squared": false, "context_parallel_size": 2, "data_format": "thd", "dense_logits_bytes": 1503558656, "dense_rows": 9896, "distillation_only": false, "elapsed_s": 0.007183533045463264, "element_size": 2, "entropy_from_logits_chunk_size": 2048, "entropy_from_logits_with_chunking": false, "event_id": 176, "logits_dtype": "torch.bfloat16", "logits_saved_bytes": 1503406720, "peak_allocated_bytes": 25589238272, "peak_increment_bytes": 81220096, "pipeline_parallel_size": 2, "projected_rows": 1, "rank": 7, "response_only_enabled": true, "role": "actor", "selected_rows": 0, "tensor_parallel_size": 2, "vocab_shard": 75968}
[36m(WorkerDict pid=3627507)[0m WARNING:2026-09-10 22:54:36,143:VERL_RESPONSE_ONLY_LM_HEAD_PROFILE {"active_ratio": 0.0, "actual_logits_bytes": 151936, "allocated_before_bytes": 25508018176, "backend": "unfused", "calculate_entropy": true, "calculate_sum_pi_squared": false, "context_parallel_size": 2, "data_format": "thd", "dense_logits_bytes": 1503558656, "dense_rows": 9896, "distillation_only": false, "elapsed_s": 0.006959803053177893, "element_size": 2, "entropy_from_logits_chunk_size": 2048, "entropy_from_logits_with_chunking": false, "event_id": 176, "logits_dtype": "torch.bfloat16", "logits_saved_bytes": 1503406720, "peak_allocated_bytes": 25589238272, "peak_increment_bytes": 81220096, "pipeline_parallel_size": 2, "projected_rows": 1, "rank": 6, "response_only_enabled": true, "role": "actor", "selected_rows": 0, "tensor_parallel_size": 2, "vocab_shard": 75968}
[36m(WorkerDict pid=3627506)[0m WARNING:2026-09-10 22:54:36,640:VERL_RESPONSE_ONLY_LM_HEAD_PROFILE {"active_ratio": 0.41390460792239286, "actual_logits_bytes": 622329856, "allocated_before_bytes": 25508018176, "backend": "unfused", "calculate_entropy": true, "calculate_sum_pi_squared": false, "context_parallel_size": 2, "data_format": "thd", "dense_logits_bytes": 1503558656, "dense_rows": 9896, "distillation_only": false, "elapsed_s": 0.5044942849781364, "element_size": 2, "entropy_from_logits_chunk_size": 2048, "entropy_from_logits_with_chunking": false, "event_id": 176, "logits_dtype": "torch.bfloat16", "logits_saved_bytes": 881228800, "peak_allocated_bytes": 29235419136, "peak_increment_bytes": 3727400960, "pipeline_parallel_size": 2, "projected_rows": 4096, "rank": 5, "response_only_enabled": true, "role": "actor", "selected_rows": 4096, "tensor_parallel_size": 2, "vocab_shard": 75968}
[36m(WorkerDict pid=3627508)[0m WARNING:2026-09-10 22:54:38,218:VERL_RESPONSE_ONLY_LM_HEAD_PROFILE {"active_ratio": 0.0, "actual_logits_bytes": 151936, "allocated_before_bytes": 26363980800, "backend": "unfused", "calculate_entropy": true, "calculate_sum_pi_squared": false, "context_parallel_size": 2, "data_format": "thd", "dense_logits_bytes": 1503558656, "dense_rows": 9896, "distillation_only": false, "elapsed_s": 0.007163672940805554, "element_size": 2, "entropy_from_logits_chunk_size": 2048, "entropy_from_logits_with_chunking": false, "event_id": 177, "logits_dtype": "torch.bfloat16", "logits_saved_bytes": 1503406720, "peak_allocated_bytes": 26445200896, "peak_increment_bytes": 81220096, "pipeline_parallel_size": 2, "projected_rows": 1, "rank": 7, "response_only_enabled": true, "role": "actor", "selected_rows": 0, "tensor_parallel_size": 2, "vocab_shard": 75968}
[36m(WorkerDict pid=3627507)[0m WARNING:2026-09-10 22:54:38,217:VERL_RESPONSE_ONLY_LM_HEAD_PROFILE {"active_ratio": 0.0, "actual_logits_bytes": 151936, "allocated_before_bytes": 26363980800, "backend": "unfused", "calculate_entropy": true, "calculate_sum_pi_squared": false, "context_parallel_size": 2, "data_format": "thd", "dense_logits_bytes": 1503558656, "dense_rows": 9896, "distillation_only": false, "elapsed_s": 0.006954642944037914, "element_size": 2, "entropy_from_logits_chunk_size": 2048, "entropy_from_logits_with_chunking": false, "event_id": 177, "logits_dtype": "torch.bfloat16", "logits_saved_bytes": 1503406720, "peak_allocated_bytes": 26445200896, "peak_increment_bytes": 81220096, "pipeline_parallel_size": 2, "projected_rows": 1, "rank": 6, "response_only_enabled": true, "role": "actor", "selected_rows": 0, "tensor_parallel_size": 2, "vocab_shard": 75968}
[36m(WorkerDict pid=3627506)[0m WARNING:2026-09-10 22:54:38,261:VERL_RESPONSE_ONLY_LM_HEAD_PROFILE {"active_ratio": 0.41390460792239286, "actual_logits_bytes": 622329856, "allocated_before_bytes": 26363980800, "backend": "unfused", "calculate_entropy": true, "calculate_sum_pi_squared": false, "context_parallel_size": 2, "data_format": "thd", "dense_logits_bytes": 1503558656, "dense_rows": 9896, "distillation_only": false, "elapsed_s": 0.049978003022260964, "element_size": 2, "entropy_from_logits_chunk_size": 2048, "entropy_from_logits_with_chunking": false, "event_id": 177, "logits_dtype": "torch.bfloat16", "logits_saved_bytes": 881228800, "peak_allocated_bytes": 30091381760, "peak_increment_bytes": 3727400960, "pipeline_parallel_size": 2, "projected_rows": 4096, "rank": 5, "response_only_enabled": true, "role": "actor", "selected_rows": 4096, "tensor_parallel_size": 2, "vocab_shard": 75968}
[36m(WorkerDict pid=3627508)[0m WARNING:2026-09-10 22:54:39,455:VERL_RESPONSE_ONLY_LM_HEAD_PROFILE {"active_ratio": 0.0, "actual_logits_bytes": 151936, "allocated_before_bytes": 26404675072, "backend": "unfused", "calculate_entropy": true, "calculate_sum_pi_squared": false, "context_parallel_size": 2, "data_format": "thd", "dense_logits_bytes": 1503558656, "dense_rows": 9896, "distillation_only": false, "elapsed_s": 0.007392433937638998, "element_size": 2, "entropy_from_logits_chunk_size": 2048, "entropy_from_logits_with_chunking": false, "event_id": 178, "logits_dtype": "torch.bfloat16", "logits_saved_bytes": 1503406720, "peak_allocated_bytes": 26485895168, "peak_increment_bytes": 81220096, "pipeline_parallel_size": 2, "projected_rows": 1, "rank": 7, "response_only_enabled": true, "role": "actor", "selected_rows": 0, "tensor_parallel_size": 2, "vocab_shard": 75968}
[36m(WorkerDict pid=3627507)[0m WARNING:2026-09-10 22:54:39,454:VERL_RESPONSE_ONLY_LM_HEAD_PROFILE {"active_ratio": 0.0, "actual_logits_bytes": 151936, "allocated_before_bytes": 26404675072, "backend": "unfused", "calculate_entropy": true, "calculate_sum_pi_squared": false, "context_parallel_size": 2, "data_format": "thd", "dense_logits_bytes": 1503558656, "dense_rows": 9896, "distillation_only": false, "elapsed_s": 0.007128832978196442, "element_size": 2, "entropy_from_logits_chunk_size": 2048, "entropy_from_logits_with_chunking": false, "event_id": 178, "logits_dtype": "torch.bfloat16", "logits_saved_bytes": 1503406720, "peak_allocated_bytes": 26485895168, "peak_increment_bytes": 81220096, "pipeline_parallel_size": 2, "projected_rows": 1, "rank": 6, "response_only_enabled": true, "role": "actor", "selected_rows": 0, "tensor_parallel_size": 2, "vocab_shard": 75968}
[36m(WorkerDict pid=3627506)[0m WARNING:2026-09-10 22:54:39,479:VERL_RESPONSE_ONLY_LM_HEAD_PROFILE {"active_ratio": 0.41390460792239286, "actual_logits_bytes": 622329856, "allocated_before_bytes": 26404675072, "backend": "unfused", "calculate_entropy": true, "calculate_sum_pi_squared": false, "context_parallel_size": 2, "data_format": "thd", "dense_logits_bytes": 1503558656, "dense_rows": 9896, "distillation_only": false, "elapsed_s": 0.03104222402907908, "element_size": 2, "entropy_from_logits_chunk_size": 2048, "entropy_from_logits_with_chunking": false, "event_id": 178, "logits_dtype": "torch.bfloat16", "logits_saved_bytes": 881228800, "peak_allocated_bytes": 30132076032, "peak_increment_bytes": 3727400960, "pipeline_parallel_size": 2, "projected_rows": 4096, "rank": 5, "response_only_enabled": true, "role": "actor", "selected_rows": 4096, "tensor_parallel_size": 2, "vocab_shard": 75968}
[36m(WorkerDict pid=3627508)[0m WARNING:2026-09-10 22:54:40,679:VERL_RESPONSE_ONLY_LM_HEAD_PROFILE {"active_ratio": 0.0, "actual_logits_bytes": 151936, "allocated_before_bytes": 26445369344, "backend": "unfused", "calculate_entropy": true, "calculate_sum_pi_squared": false, "context_parallel_size": 2, "data_format": "thd", "dense_logits_bytes": 1503558656, "dense_rows": 9896, "distillation_only": false, "elapsed_s": 0.007202673004940152, "element_size": 2, "entropy_from_logits_chunk_size": 2048, "entropy_from_logits_with_chunking": false, "event_id": 179, "logits_dtype": "torch.bfloat16", "logits_saved_bytes": 1503406720, "peak_allocated_bytes": 26526589440, "peak_increment_bytes": 81220096, "pipeline_parallel_size": 2, "projected_rows": 1, "rank": 7, "response_only_enabled": true, "role": "actor", "selected_rows": 0, "tensor_parallel_size": 2, "vocab_shard": 75968}
[36m(WorkerDict pid=3627507)[0m WARNING:2026-09-10 22:54:40,679:VERL_RESPONSE_ONLY_LM_HEAD_PROFILE {"active_ratio": 0.0, "actual_logits_bytes": 151936, "allocated_before_bytes": 26445369344, "backend": "unfused", "calculate_entropy": true, "calculate_sum_pi_squared": false, "context_parallel_size": 2, "data_format": "thd", "dense_logits_bytes": 1503558656, "dense_rows": 9896, "distillation_only": false, "elapsed_s": 0.0069805230014026165, "element_size": 2, "entropy_from_logits_chunk_size": 2048, "entropy_from_logits_with_chunking": false, "event_id": 179, "logits_dtype": "torch.bfloat16", "logits_saved_bytes": 1503406720, "peak_allocated_bytes": 26526589440, "peak_increment_bytes": 81220096, "pipeline_parallel_size": 2, "projected_rows": 1, "rank": 6, "response_only_enabled": true, "role": "actor", "selected_rows": 0, "tensor_parallel_size": 2, "vocab_shard": 75968}
[36m(WorkerDict pid=3627506)[0m WARNING:2026-09-10 22:54:40,703:VERL_RESPONSE_ONLY_LM_HEAD_PROFILE {"active_ratio": 0.41390460792239286, "actual_logits_bytes": 622329856, "allocated_before_bytes": 26445369344, "backend": "unfused", "calculate_entropy": true, "calculate_sum_pi_squared": false, "context_parallel_size": 2, "data_format": "thd", "dense_logits_bytes": 1503558656, "dense_rows": 9896, "distillation_only": false, "elapsed_s": 0.031148834037594497, "element_size": 2, "entropy_from_logits_chunk_size": 2048, "entropy_from_logits_with_chunking": false, "event_id": 179, "logits_dtype": "torch.bfloat16", "logits_saved_bytes": 881228800, "peak_allocated_bytes": 30172770304, "peak_increment_bytes": 3727400960, "pipeline_parallel_size": 2, "projected_rows": 4096, "rank": 5, "response_only_enabled": true, "role": "actor", "selected_rows": 4096, "tensor_parallel_size": 2, "vocab_shard": 75968}
[36m(WorkerDict pid=3627508)[0m WARNING:2026-09-10 22:54:43,176:VERL_RESPONSE_ONLY_LM_HEAD_PROFILE {"active_ratio": 0.0, "actual_logits_bytes": 151936, "allocated_before_bytes": 26322628608, "backend": "unfused", "calculate_entropy": true, "calculate_sum_pi_squared": false, "context_parallel_size": 2, "data_format": "thd", "dense_logits_bytes": 1502343168, "dense_rows": 9888, "distillation_only": false, "elapsed_s": 0.007234512944705784, "element_size": 2, "entropy_from_logits_chunk_size": 2048, "entropy_from_logits_with_chunking": false, "event_id": 180, "logits_dtype": "torch.bfloat16", "logits_saved_bytes": 1502191232, "peak_allocated_bytes": 26403783168, "peak_increment_bytes": 81154560, "pipeline_parallel_size": 2, "projected_rows": 1, "rank": 7, "response_only_enabled": true, "role": "actor", "selected_rows": 0, "tensor_parallel_size": 2, "vocab_shard": 75968}
[36m(WorkerDict pid=3627507)[0m WARNING:2026-09-10 22:54:43,176:VERL_RESPONSE_ONLY_LM_HEAD_PROFILE {"active_ratio": 0.0, "actual_logits_bytes": 151936, "allocated_before_bytes": 26322628608, "backend": "unfused", "calculate_entropy": true, "calculate_sum_pi_squared": false, "context_parallel_size": 2, "data_format": "thd", "dense_logits_bytes": 1502343168, "dense_rows": 9888, "distillation_only": false, "elapsed_s": 0.006958752986975014, "element_size": 2, "entropy_from_logits_chunk_size": 2048, "entropy_from_logits_with_chunking": false, "event_id": 180, "logits_dtype": "torch.bfloat16", "logits_saved_bytes": 1502191232, "peak_allocated_bytes": 26403783168, "peak_increment_bytes": 81154560, "pipeline_parallel_size": 2, "projected_rows": 1, "rank": 6, "response_only_enabled": true, "role": "actor", "selected_rows": 0, "tensor_parallel_size": 2, "vocab_shard": 75968}
[36m(WorkerDict pid=3627506)[0m WARNING:2026-09-10 22:54:43,200:VERL_RESPONSE_ONLY_LM_HEAD_PROFILE {"active_ratio": 0.41423948220064727, "actual_logits_bytes": 622329856, "allocated_before_bytes": 26322628608, "backend": "unfused", "calculate_entropy": true, "calculate_sum_pi_squared": false, "context_parallel_size": 2, "data_format": "thd", "dense_logits_bytes": 1502343168, "dense_rows": 9888, "distillation_only": false, "elapsed_s": 0.03072920406702906, "element_size": 2, "entropy_from_logits_chunk_size": 2048, "entropy_from_logits_with_chunking": false, "event_id": 180, "logits_dtype": "torch.bfloat16", "logits_saved_bytes": 880013312, "peak_allocated_bytes": 30050062336, "peak_increment_bytes": 3727433728, "pipeline_parallel_size": 2, "projected_rows": 4096, "rank": 5, "response_only_enabled": true, "role": "actor", "selected_rows": 4096, "tensor_parallel_size": 2, "vocab_shard": 75968}
[36m(WorkerDict pid=3627508)[0m WARNING:2026-09-10 22:54:44,393:VERL_RESPONSE_ONLY_LM_HEAD_PROFILE {"active_ratio": 0.0, "actual_logits_bytes": 151936, "allocated_before_bytes": 26363290624, "backend": "unfused", "calculate_entropy": true, "calculate_sum_pi_squared": false, "context_parallel_size": 2, "data_format": "thd", "dense_logits_bytes": 1502343168, "dense_rows": 9888, "distillation_only": false, "elapsed_s": 0.007479902938939631, "element_size": 2, "entropy_from_logits_chunk_size": 2048, "entropy_from_logits_with_chunking": false, "event_id": 181, "logits_dtype": "torch.bfloat16", "logits_saved_bytes": 1502191232, "peak_allocated_bytes": 26444445184, "peak_increment_bytes": 81154560, "pipeline_parallel_size": 2, "projected_rows": 1, "rank": 7, "response_only_enabled": true, "role": "actor", "selected_rows": 0, "tensor_parallel_size": 2, "vocab_shard": 75968}
[36m(WorkerDict pid=3627507)[0m WARNING:2026-09-10 22:54:44,393:VERL_RESPONSE_ONLY_LM_HEAD_PROFILE {"active_ratio": 0.0, "actual_logits_bytes": 151936, "allocated_before_bytes": 26363290624, "backend": "unfused", "calculate_entropy": true, "calculate_sum_pi_squared": false, "context_parallel_size": 2, "data_format": "thd", "dense_logits_bytes": 1502343168, "dense_rows": 9888, "distillation_only": false, "elapsed_s": 0.0073176330188289285, "element_size": 2, "entropy_from_logits_chunk_size": 2048, "entropy_from_logits_with_chunking": false, "event_id": 181, "logits_dtype": "torch.bfloat16", "logits_saved_bytes": 1502191232, "peak_allocated_bytes": 26444445184, "peak_increment_bytes": 81154560, "pipeline_parallel_size": 2, "projected_rows": 1, "rank": 6, "response_only_enabled": true, "role": "actor", "selected_rows": 0, "tensor_parallel_size": 2, "vocab_shard": 75968}
[36m(WorkerDict pid=3627506)[0m WARNING:2026-09-10 22:54:44,417:VERL_RESPONSE_ONLY_LM_HEAD_PROFILE {"active_ratio": 0.41423948220064727, "actual_logits_bytes": 622329856, "allocated_before_bytes": 26363290624, "backend": "unfused", "calculate_entropy": true, "calculate_sum_pi_squared": false, "context_parallel_size": 2, "data_format": "thd", "dense_logits_bytes": 1502343168, "dense_rows": 9888, "distillation_only": false, "elapsed_s": 0.031163093983195722, "element_size": 2, "entropy_from_logits_chunk_size": 2048, "entropy_from_logits_with_chunking": false, "event_id": 181, "logits_dtype": "torch.bfloat16", "logits_saved_bytes": 880013312, "peak_allocated_bytes": 30090724352, "peak_increment_bytes": 3727433728, "pipeline_parallel_size": 2, "projected_rows": 4096, "rank": 5, "response_only_enabled": true, "role": "actor", "selected_rows": 4096, "tensor_parallel_size": 2, "vocab_shard": 75968}
[36m(WorkerDict pid=3627508)[0m WARNING:2026-09-10 22:54:45,616:VERL_RESPONSE_ONLY_LM_HEAD_PROFILE {"active_ratio": 0.0, "actual_logits_bytes": 151936, "allocated_before_bytes": 26403952128, "backend": "unfused", "calculate_entropy": true, "calculate_sum_pi_squared": false, "context_parallel_size": 2, "data_format": "thd", "dense_logits_bytes": 1502343168, "dense_rows": 9888, "distillation_only": false, "elapsed_s": 0.007398233050480485, "element_size": 2, "entropy_from_logits_chunk_size": 2048, "entropy_from_logits_with_chunking": false, "event_id": 182, "logits_dtype": "torch.bfloat16", "logits_saved_bytes": 1502191232, "peak_allocated_bytes": 26485106688, "peak_increment_bytes": 81154560, "pipeline_parallel_size": 2, "projected_rows": 1, "rank": 7, "response_only_enabled": true, "role": "actor", "selected_rows": 0, "tensor_parallel_size": 2, "vocab_shard": 75968}
[36m(WorkerDict pid=3627507)[0m WARNING:2026-09-10 22:54:45,616:VERL_RESPONSE_ONLY_LM_HEAD_PROFILE {"active_ratio": 0.0, "actual_logits_bytes": 151936, "allocated_before_bytes": 26403952128, "backend": "unfused", "calculate_entropy": true, "calculate_sum_pi_squared": false, "context_parallel_size": 2, "data_format": "thd", "dense_logits_bytes": 1502343168, "dense_rows": 9888, "distillation_only": false, "elapsed_s": 0.007208202965557575, "element_size": 2, "entropy_from_logits_chunk_size": 2048, "entropy_from_logits_with_chunking": false, "event_id": 182, "logits_dtype": "torch.bfloat16", "logits_saved_bytes": 1502191232, "peak_allocated_bytes": 26485106688, "peak_increment_bytes": 81154560, "pipeline_parallel_size": 2, "projected_rows": 1, "rank": 6, "response_only_enabled": true, "role": "actor", "selected_rows": 0, "tensor_parallel_size": 2, "vocab_shard": 75968}
[36m(WorkerDict pid=3627506)[0m WARNING:2026-09-10 22:54:45,640:VERL_RESPONSE_ONLY_LM_HEAD_PROFILE {"active_ratio": 0.41423948220064727, "actual_logits_bytes": 622329856, "allocated_before_bytes": 26403952128, "backend": "unfused", "calculate_entropy": true, "calculate_sum_pi_squared": false, "context_parallel_size": 2, "data_format": "thd", "dense_logits_bytes": 1502343168, "dense_rows": 9888, "distillation_only": false, "elapsed_s": 0.03125989390537143, "element_size": 2, "entropy_from_logits_chunk_size": 2048, "entropy_from_logits_with_chunking": false, "event_id": 182, "logits_dtype": "torch.bfloat16", "logits_saved_bytes": 880013312, "peak_allocated_bytes": 30131385856, "peak_increment_bytes": 3727433728, "pipeline_parallel_size": 2, "projected_rows": 4096, "rank": 5, "response_only_enabled": true, "role": "actor", "selected_rows": 4096, "tensor_parallel_size": 2, "vocab_shard": 75968}
[36m(WorkerDict pid=3627508)[0m WARNING:2026-09-10 22:54:46,838:VERL_RESPONSE_ONLY_LM_HEAD_PROFILE {"active_ratio": 0.0, "actual_logits_bytes": 151936, "allocated_before_bytes": 26444613632, "backend": "unfused", "calculate_entropy": true, "calculate_sum_pi_squared": false, "context_parallel_size": 2, "data_format": "thd", "dense_logits_bytes": 1502343168, "dense_rows": 9888, "distillation_only": false, "elapsed_s": 0.006976132979616523, "element_size": 2, "entropy_from_logits_chunk_size": 2048, "entropy_from_logits_with_chunking": false, "event_id": 183, "logits_dtype": "torch.bfloat16", "logits_saved_bytes": 1502191232, "peak_allocated_bytes": 26525768192, "peak_increment_bytes": 81154560, "pipeline_parallel_size": 2, "projected_rows": 1, "rank": 7, "response_only_enabled": true, "role": "actor", "selected_rows": 0, "tensor_parallel_size": 2, "vocab_shard": 75968}
[36m(WorkerDict pid=3627507)[0m WARNING:2026-09-10 22:54:46,837:VERL_RESPONSE_ONLY_LM_HEAD_PROFILE {"active_ratio": 0.0, "actual_logits_bytes": 151936, "allocated_before_bytes": 26444613632, "backend": "unfused", "calculate_entropy": true, "calculate_sum_pi_squared": false, "context_parallel_size": 2, "data_format": "thd", "dense_logits_bytes": 1502343168, "dense_rows": 9888, "distillation_only": false, "elapsed_s": 0.006804493023082614, "element_size": 2, "entropy_from_logits_chunk_size": 2048, "entropy_from_logits_with_chunking": false, "event_id": 183, "logits_dtype": "torch.bfloat16", "logits_saved_bytes": 1502191232, "peak_allocated_bytes": 26525768192, "peak_increment_bytes": 81154560, "pipeline_parallel_size": 2, "projected_rows": 1, "rank": 6, "response_only_enabled": true, "role": "actor", "selected_rows": 0, "tensor_parallel_size": 2, "vocab_shard": 75968}
[36m(WorkerDict pid=3627506)[0m WARNING:2026-09-10 22:54:46,862:VERL_RESPONSE_ONLY_LM_HEAD_PROFILE {"active_ratio": 0.41423948220064727, "actual_logits_bytes": 622329856, "allocated_before_bytes": 26444613632, "backend": "unfused", "calculate_entropy": true, "calculate_sum_pi_squared": false, "context_parallel_size": 2, "data_format": "thd", "dense_logits_bytes": 1502343168, "dense_rows": 9888, "distillation_only": false, "elapsed_s": 0.03102771390695125, "element_size": 2, "entropy_from_logits_chunk_size": 2048, "entropy_from_logits_with_chunking": false, "event_id": 183, "logits_dtype": "torch.bfloat16", "logits_saved_bytes": 880013312, "peak_allocated_bytes": 30172047360, "peak_increment_bytes": 3727433728, "pipeline_parallel_size": 2, "projected_rows": 4096, "rank": 5, "response_only_enabled": true, "role": "actor", "selected_rows": 4096, "tensor_parallel_size": 2, "vocab_shard": 75968}
[36m(WorkerDict pid=3627508)[0m WARNING:2026-09-10 22:54:49,335:VERL_RESPONSE_ONLY_LM_HEAD_PROFILE {"active_ratio": 0.0, "actual_logits_bytes": 151936, "allocated_before_bytes": 26322628608, "backend": "unfused", "calculate_entropy": true, "calculate_sum_pi_squared": false, "context_parallel_size": 2, "data_format": "thd", "dense_logits_bytes": 1502343168, "dense_rows": 9888, "distillation_only": false, "elapsed_s": 0.007104513002559543, "element_size": 2, "entropy_from_logits_chunk_size": 2048, "entropy_from_logits_with_chunking": false, "event_id": 184, "logits_dtype": "torch.bfloat16", "logits_saved_bytes": 1502191232, "peak_allocated_bytes": 26403783168, "peak_increment_bytes": 81154560, "pipeline_parallel_size": 2, "projected_rows": 1, "rank": 7, "response_only_enabled": true, "role": "actor", "selected_rows": 0, "tensor_parallel_size": 2, "vocab_shard": 75968}
[36m(WorkerDict pid=3627507)[0m WARNING:2026-09-10 22:54:49,334:VERL_RESPONSE_ONLY_LM_HEAD_PROFILE {"active_ratio": 0.0, "actual_logits_bytes": 151936, "allocated_before_bytes": 26322628608, "backend": "unfused", "calculate_entropy": true, "calculate_sum_pi_squared": false, "context_parallel_size": 2, "data_format": "thd", "dense_logits_bytes": 1502343168, "dense_rows": 9888, "distillation_only": false, "elapsed_s": 0.006883483030833304, "element_size": 2, "entropy_from_logits_chunk_size": 2048, "entropy_from_logits_with_chunking": false, "event_id": 184, "logits_dtype": "torch.bfloat16", "logits_saved_bytes": 1502191232, "peak_allocated_bytes": 26403783168, "peak_increment_bytes": 81154560, "pipeline_parallel_size": 2, "projected_rows": 1, "rank": 6, "response_only_enabled": true, "role": "actor", "selected_rows": 0, "tensor_parallel_size": 2, "vocab_shard": 75968}
[36m(WorkerDict pid=3627506)[0m WARNING:2026-09-10 22:54:49,359:VERL_RESPONSE_ONLY_LM_HEAD_PROFILE {"active_ratio": 0.41423948220064727, "actual_logits_bytes": 622329856, "allocated_before_bytes": 26322628608, "backend": "unfused", "calculate_entropy": true, "calculate_sum_pi_squared": false, "context_parallel_size": 2, "data_format": "thd", "dense_logits_bytes": 1502343168, "dense_rows": 9888, "distillation_only": false, "elapsed_s": 0.030912003945559263, "element_size": 2, "entropy_from_logits_chunk_size": 2048, "entropy_from_logits_with_chunking": false, "event_id": 184, "logits_dtype": "torch.bfloat16", "logits_saved_bytes": 880013312, "peak_allocated_bytes": 30050062336, "peak_increment_bytes": 3727433728, "pipeline_parallel_size": 2, "projected_rows": 4096, "rank": 5, "response_only_enabled": true, "role": "actor", "selected_rows": 4096, "tensor_parallel_size": 2, "vocab_shard": 75968}
[36m(WorkerDict pid=3627508)[0m WARNING:2026-09-10 22:54:50,558:VERL_RESPONSE_ONLY_LM_HEAD_PROFILE {"active_ratio": 0.0, "actual_logits_bytes": 151936, "allocated_before_bytes": 26363290624, "backend": "unfused", "calculate_entropy": true, "calculate_sum_pi_squared": false, "context_parallel_size": 2, "data_format": "thd", "dense_logits_bytes": 1502343168, "dense_rows": 9888, "distillation_only": false, "elapsed_s": 0.0069248429499566555, "element_size": 2, "entropy_from_logits_chunk_size": 2048, "entropy_from_logits_with_chunking": false, "event_id": 185, "logits_dtype": "torch.bfloat16", "logits_saved_bytes": 1502191232, "peak_allocated_bytes": 26444445184, "peak_increment_bytes": 81154560, "pipeline_parallel_size": 2, "projected_rows": 1, "rank": 7, "response_only_enabled": true, "role": "actor", "selected_rows": 0, "tensor_parallel_size": 2, "vocab_shard": 75968}
[36m(WorkerDict pid=3627507)[0m WARNING:2026-09-10 22:54:50,558:VERL_RESPONSE_ONLY_LM_HEAD_PROFILE {"active_ratio": 0.0, "actual_logits_bytes": 151936, "allocated_before_bytes": 26363290624, "backend": "unfused", "calculate_entropy": true, "calculate_sum_pi_squared": false, "context_parallel_size": 2, "data_format": "thd", "dense_logits_bytes": 1502343168, "dense_rows": 9888, "distillation_only": false, "elapsed_s": 0.006858243024908006, "element_size": 2, "entropy_from_logits_chunk_size": 2048, "entropy_from_logits_with_chunking": false, "event_id": 185, "logits_dtype": "torch.bfloat16", "logits_saved_bytes": 1502191232, "peak_allocated_bytes": 26444445184, "peak_increment_bytes": 81154560, "pipeline_parallel_size": 2, "projected_rows": 1, "rank": 6, "response_only_enabled": true, "role": "actor", "selected_rows": 0, "tensor_parallel_size": 2, "vocab_shard": 75968}
[36m(WorkerDict pid=3627506)[0m WARNING:2026-09-10 22:54:50,583:VERL_RESPONSE_ONLY_LM_HEAD_PROFILE {"active_ratio": 0.41423948220064727, "actual_logits_bytes": 622329856, "allocated_before_bytes": 26363290624, "backend": "unfused", "calculate_entropy": true, "calculate_sum_pi_squared": false, "context_parallel_size": 2, "data_format": "thd", "dense_logits_bytes": 1502343168, "dense_rows": 9888, "distillation_only": false, "elapsed_s": 0.031096483930014074, "element_size": 2, "entropy_from_logits_chunk_size": 2048, "entropy_from_logits_with_chunking": false, "event_id": 185, "logits_dtype": "torch.bfloat16", "logits_saved_bytes": 880013312, "peak_allocated_bytes": 30090724352, "peak_increment_bytes": 3727433728, "pipeline_parallel_size": 2, "projected_rows": 4096, "rank": 5, "response_only_enabled": true, "role": "actor", "selected_rows": 4096, "tensor_parallel_size": 2, "vocab_shard": 75968}
[36m(WorkerDict pid=3627508)[0m WARNING:2026-09-10 22:54:51,781:VERL_RESPONSE_ONLY_LM_HEAD_PROFILE {"active_ratio": 0.0, "actual_logits_bytes": 151936, "allocated_before_bytes": 26403952128, "backend": "unfused", "calculate_entropy": true, "calculate_sum_pi_squared": false, "context_parallel_size": 2, "data_format": "thd", "dense_logits_bytes": 1502343168, "dense_rows": 9888, "distillation_only": false, "elapsed_s": 0.006934763048775494, "element_size": 2, "entropy_from_logits_chunk_size": 2048, "entropy_from_logits_with_chunking": false, "event_id": 186, "logits_dtype": "torch.bfloat16", "logits_saved_bytes": 1502191232, "peak_allocated_bytes": 26485106688, "peak_increment_bytes": 81154560, "pipeline_parallel_size": 2, "projected_rows": 1, "rank": 7, "response_only_enabled": true, "role": "actor", "selected_rows": 0, "tensor_parallel_size": 2, "vocab_shard": 75968}
[36m(WorkerDict pid=3627507)[0m WARNING:2026-09-10 22:54:51,781:VERL_RESPONSE_ONLY_LM_HEAD_PROFILE {"active_ratio": 0.0, "actual_logits_bytes": 151936, "allocated_before_bytes": 26403952128, "backend": "unfused", "calculate_entropy": true, "calculate_sum_pi_squared": false, "context_parallel_size": 2, "data_format": "thd", "dense_logits_bytes": 1502343168, "dense_rows": 9888, "distillation_only": false, "elapsed_s": 0.006846823031082749, "element_size": 2, "entropy_from_logits_chunk_size": 2048, "entropy_from_logits_with_chunking": false, "event_id": 186, "logits_dtype": "torch.bfloat16", "logits_saved_bytes": 1502191232, "peak_allocated_bytes": 26485106688, "peak_increment_bytes": 81154560, "pipeline_parallel_size": 2, "projected_rows": 1, "rank": 6, "response_only_enabled": true, "role": "actor", "selected_rows": 0, "tensor_parallel_size": 2, "vocab_shard": 75968}
[36m(WorkerDict pid=3627506)[0m WARNING:2026-09-10 22:54:51,806:VERL_RESPONSE_ONLY_LM_HEAD_PROFILE {"active_ratio": 0.41423948220064727, "actual_logits_bytes": 622329856, "allocated_before_bytes": 26403952128, "backend": "unfused", "calculate_entropy": true, "calculate_sum_pi_squared": false, "context_parallel_size": 2, "data_format": "thd", "dense_logits_bytes": 1502343168, "dense_rows": 9888, "distillation_only": false, "elapsed_s": 0.031216743984259665, "element_size": 2, "entropy_from_logits_chunk_size": 2048, "entropy_from_logits_with_chunking": false, "event_id": 186, "logits_dtype": "torch.bfloat16", "logits_saved_bytes": 880013312, "peak_allocated_bytes": 30131385856, "peak_increment_bytes": 3727433728, "pipeline_parallel_size": 2, "projected_rows": 4096, "rank": 5, "response_only_enabled": true, "role": "actor", "selected_rows": 4096, "tensor_parallel_size": 2, "vocab_shard": 75968}
[36m(WorkerDict pid=3627508)[0m WARNING:2026-09-10 22:54:53,001:VERL_RESPONSE_ONLY_LM_HEAD_PROFILE {"active_ratio": 0.0, "actual_logits_bytes": 151936, "allocated_before_bytes": 26444613632, "backend": "unfused", "calculate_entropy": true, "calculate_sum_pi_squared": false, "context_parallel_size": 2, "data_format": "thd", "dense_logits_bytes": 1502343168, "dense_rows": 9888, "distillation_only": false, "elapsed_s": 0.00698595296125859, "element_size": 2, "entropy_from_logits_chunk_size": 2048, "entropy_from_logits_with_chunking": false, "event_id": 187, "logits_dtype": "torch.bfloat16", "logits_saved_bytes": 1502191232, "peak_allocated_bytes": 26525768192, "peak_increment_bytes": 81154560, "pipeline_parallel_size": 2, "projected_rows": 1, "rank": 7, "response_only_enabled": true, "role": "actor", "selected_rows": 0, "tensor_parallel_size": 2, "vocab_shard": 75968}
[36m(WorkerDict pid=3627507)[0m WARNING:2026-09-10 22:54:53,001:VERL_RESPONSE_ONLY_LM_HEAD_PROFILE {"active_ratio": 0.0, "actual_logits_bytes": 151936, "allocated_before_bytes": 26444613632, "backend": "unfused", "calculate_entropy": true, "calculate_sum_pi_squared": false, "context_parallel_size": 2, "data_format": "thd", "dense_logits_bytes": 1502343168, "dense_rows": 9888, "distillation_only": false, "elapsed_s": 0.006810822989791632, "element_size": 2, "entropy_from_logits_chunk_size": 2048, "entropy_from_logits_with_chunking": false, "event_id": 187, "logits_dtype": "torch.bfloat16", "logits_saved_bytes": 1502191232, "peak_allocated_bytes": 26525768192, "peak_increment_bytes": 81154560, "pipeline_parallel_size": 2, "projected_rows": 1, "rank": 6, "response_only_enabled": true, "role": "actor", "selected_rows": 0, "tensor_parallel_size": 2, "vocab_shard": 75968}
[36m(WorkerDict pid=3627506)[0m WARNING:2026-09-10 22:54:53,026:VERL_RESPONSE_ONLY_LM_HEAD_PROFILE {"active_ratio": 0.41423948220064727, "actual_logits_bytes": 622329856, "allocated_before_bytes": 26444613632, "backend": "unfused", "calculate_entropy": true, "calculate_sum_pi_squared": false, "context_parallel_size": 2, "data_format": "thd", "dense_logits_bytes": 1502343168, "dense_rows": 9888, "distillation_only": false, "elapsed_s": 0.031211583991535008, "element_size": 2, "entropy_from_logits_chunk_size": 2048, "entropy_from_logits_with_chunking": false, "event_id": 187, "logits_dtype": "torch.bfloat16", "logits_saved_bytes": 880013312, "peak_allocated_bytes": 30172047360, "peak_increment_bytes": 3727433728, "pipeline_parallel_size": 2, "projected_rows": 4096, "rank": 5, "response_only_enabled": true, "role": "actor", "selected_rows": 4096, "tensor_parallel_size": 2, "vocab_shard": 75968}
[36m(WorkerDict pid=3627508)[0m WARNING:2026-09-10 22:54:55,498:VERL_RESPONSE_ONLY_LM_HEAD_PROFILE {"active_ratio": 0.0, "actual_logits_bytes": 151936, "allocated_before_bytes": 26323286016, "backend": "unfused", "calculate_entropy": true, "calculate_sum_pi_squared": false, "context_parallel_size": 2, "data_format": "thd", "dense_logits_bytes": 1503558656, "dense_rows": 9896, "distillation_only": false, "elapsed_s": 0.007052314002066851, "element_size": 2, "entropy_from_logits_chunk_size": 2048, "entropy_from_logits_with_chunking": false, "event_id": 188, "logits_dtype": "torch.bfloat16", "logits_saved_bytes": 1503406720, "peak_allocated_bytes": 26404506112, "peak_increment_bytes": 81220096, "pipeline_parallel_size": 2, "projected_rows": 1, "rank": 7, "response_only_enabled": true, "role": "actor", "selected_rows": 0, "tensor_parallel_size": 2, "vocab_shard": 75968}
[36m(WorkerDict pid=3627507)[0m WARNING:2026-09-10 22:54:55,498:VERL_RESPONSE_ONLY_LM_HEAD_PROFILE {"active_ratio": 0.0, "actual_logits_bytes": 151936, "allocated_before_bytes": 26323286016, "backend": "unfused", "calculate_entropy": true, "calculate_sum_pi_squared": false, "context_parallel_size": 2, "data_format": "thd", "dense_logits_bytes": 1503558656, "dense_rows": 9896, "distillation_only": false, "elapsed_s": 0.006842823000624776, "element_size": 2, "entropy_from_logits_chunk_size": 2048, "entropy_from_logits_with_chunking": false, "event_id": 188, "logits_dtype": "torch.bfloat16", "logits_saved_bytes": 1503406720, "peak_allocated_bytes": 26404506112, "peak_increment_bytes": 81220096, "pipeline_parallel_size": 2, "projected_rows": 1, "rank": 6, "response_only_enabled": true, "role": "actor", "selected_rows": 0, "tensor_parallel_size": 2, "vocab_shard": 75968}
[36m(WorkerDict pid=3627506)[0m WARNING:2026-09-10 22:54:55,523:VERL_RESPONSE_ONLY_LM_HEAD_PROFILE {"active_ratio": 0.41390460792239286, "actual_logits_bytes": 622329856, "allocated_before_bytes": 26323286016, "backend": "unfused", "calculate_entropy": true, "calculate_sum_pi_squared": false, "context_parallel_size": 2, "data_format": "thd", "dense_logits_bytes": 1503558656, "dense_rows": 9896, "distillation_only": false, "elapsed_s": 0.031044272938743234, "element_size": 2, "entropy_from_logits_chunk_size": 2048, "entropy_from_logits_with_chunking": false, "event_id": 188, "logits_dtype": "torch.bfloat16", "logits_saved_bytes": 881228800, "peak_allocated_bytes": 30050686976, "peak_increment_bytes": 3727400960, "pipeline_parallel_size": 2, "projected_rows": 4096, "rank": 5, "response_only_enabled": true, "role": "actor", "selected_rows": 4096, "tensor_parallel_size": 2, "vocab_shard": 75968}
[36m(WorkerDict pid=3627508)[0m WARNING:2026-09-10 22:54:56,719:VERL_RESPONSE_ONLY_LM_HEAD_PROFILE {"active_ratio": 0.0, "actual_logits_bytes": 151936, "allocated_before_bytes": 26363980800, "backend": "unfused", "calculate_entropy": true, "calculate_sum_pi_squared": false, "context_parallel_size": 2, "data_format": "thd", "dense_logits_bytes": 1503558656, "dense_rows": 9896, "distillation_only": false, "elapsed_s": 0.007146443938836455, "element_size": 2, "entropy_from_logits_chunk_size": 2048, "entropy_from_logits_with_chunking": false, "event_id": 189, "logits_dtype": "torch.bfloat16", "logits_saved_bytes": 1503406720, "peak_allocated_bytes": 26445200896, "peak_increment_bytes": 81220096, "pipeline_parallel_size": 2, "projected_rows": 1, "rank": 7, "response_only_enabled": true, "role": "actor", "selected_rows": 0, "tensor_parallel_size": 2, "vocab_shard": 75968}
[36m(WorkerDict pid=3627507)[0m WARNING:2026-09-10 22:54:56,719:VERL_RESPONSE_ONLY_LM_HEAD_PROFILE {"active_ratio": 0.0, "actual_logits_bytes": 151936, "allocated_before_bytes": 26363980800, "backend": "unfused", "calculate_entropy": true, "calculate_sum_pi_squared": false, "context_parallel_size": 2, "data_format": "thd", "dense_logits_bytes": 1503558656, "dense_rows": 9896, "distillation_only": false, "elapsed_s": 0.007021563011221588, "element_size": 2, "entropy_from_logits_chunk_size": 2048, "entropy_from_logits_with_chunking": false, "event_id": 189, "logits_dtype": "torch.bfloat16", "logits_saved_bytes": 1503406720, "peak_allocated_bytes": 26445200896, "peak_increment_bytes": 81220096, "pipeline_parallel_size": 2, "projected_rows": 1, "rank": 6, "response_only_enabled": true, "role": "actor", "selected_rows": 0, "tensor_parallel_size": 2, "vocab_shard": 75968}
[36m(WorkerDict pid=3627506)[0m WARNING:2026-09-10 22:54:56,744:VERL_RESPONSE_ONLY_LM_HEAD_PROFILE {"active_ratio": 0.41390460792239286, "actual_logits_bytes": 622329856, "allocated_before_bytes": 26363980800, "backend": "unfused", "calculate_entropy": true, "calculate_sum_pi_squared": false, "context_parallel_size": 2, "data_format": "thd", "dense_logits_bytes": 1503558656, "dense_rows": 9896, "distillation_only": false, "elapsed_s": 0.031202704063616693, "element_size": 2, "entropy_from_logits_chunk_size": 2048, "entropy_from_logits_with_chunking": false, "event_id": 189, "logits_dtype": "torch.bfloat16", "logits_saved_bytes": 881228800, "peak_allocated_bytes": 30091381760, "peak_increment_bytes": 3727400960, "pipeline_parallel_size": 2, "projected_rows": 4096, "rank": 5, "response_only_enabled": true, "role": "actor", "selected_rows": 4096, "tensor_parallel_size": 2, "vocab_shard": 75968}
[36m(WorkerDict pid=3627508)[0m WARNING:2026-09-10 22:54:57,943:VERL_RESPONSE_ONLY_LM_HEAD_PROFILE {"active_ratio": 0.0, "actual_logits_bytes": 151936, "allocated_before_bytes": 26404675072, "backend": "unfused", "calculate_entropy": true, "calculate_sum_pi_squared": false, "context_parallel_size": 2, "data_format": "thd", "dense_logits_bytes": 1503558656, "dense_rows": 9896, "distillation_only": false, "elapsed_s": 0.007007973967120051, "element_size": 2, "entropy_from_logits_chunk_size": 2048, "entropy_from_logits_with_chunking": false, "event_id": 190, "logits_dtype": "torch.bfloat16", "logits_saved_bytes": 1503406720, "peak_allocated_bytes": 26485895168, "peak_increment_bytes": 81220096, "pipeline_parallel_size": 2, "projected_rows": 1, "rank": 7, "response_only_enabled": true, "role": "actor", "selected_rows": 0, "tensor_parallel_size": 2, "vocab_shard": 75968}
[36m(WorkerDict pid=3627507)[0m WARNING:2026-09-10 22:54:57,943:VERL_RESPONSE_ONLY_LM_HEAD_PROFILE {"active_ratio": 0.0, "actual_logits_bytes": 151936, "allocated_before_bytes": 26404675072, "backend": "unfused", "calculate_entropy": true, "calculate_sum_pi_squared": false, "context_parallel_size": 2, "data_format": "thd", "dense_logits_bytes": 1503558656, "dense_rows": 9896, "distillation_only": false, "elapsed_s": 0.0068422730546444654, "element_size": 2, "entropy_from_logits_chunk_size": 2048, "entropy_from_logits_with_chunking": false, "event_id": 190, "logits_dtype": "torch.bfloat16", "logits_saved_bytes": 1503406720, "peak_allocated_bytes": 26485895168, "peak_increment_bytes": 81220096, "pipeline_parallel_size": 2, "projected_rows": 1, "rank": 6, "response_only_enabled": true, "role": "actor", "selected_rows": 0, "tensor_parallel_size": 2, "vocab_shard": 75968}
[36m(WorkerDict pid=3627506)[0m WARNING:2026-09-10 22:54:57,968:VERL_RESPONSE_ONLY_LM_HEAD_PROFILE {"active_ratio": 0.41390460792239286, "actual_logits_bytes": 622329856, "allocated_before_bytes": 26404675072, "backend": "unfused", "calculate_entropy": true, "calculate_sum_pi_squared": false, "context_parallel_size": 2, "data_format": "thd", "dense_logits_bytes": 1503558656, "dense_rows": 9896, "distillation_only": false, "elapsed_s": 0.031243333942256868, "element_size": 2, "entropy_from_logits_chunk_size": 2048, "entropy_from_logits_with_chunking": false, "event_id": 190, "logits_dtype": "torch.bfloat16", "logits_saved_bytes": 881228800, "peak_allocated_bytes": 30132076032, "peak_increment_bytes": 3727400960, "pipeline_parallel_size": 2, "projected_rows": 4096, "rank": 5, "response_only_enabled": true, "role": "actor", "selected_rows": 4096, "tensor_parallel_size": 2, "vocab_shard": 75968}
[36m(WorkerDict pid=3627508)[0m WARNING:2026-09-10 22:54:59,168:VERL_RESPONSE_ONLY_LM_HEAD_PROFILE {"active_ratio": 0.0, "actual_logits_bytes": 151936, "allocated_before_bytes": 26445369344, "backend": "unfused", "calculate_entropy": true, "calculate_sum_pi_squared": false, "context_parallel_size": 2, "data_format": "thd", "dense_logits_bytes": 1503558656, "dense_rows": 9896, "distillation_only": false, "elapsed_s": 0.007041952922008932, "element_size": 2, "entropy_from_logits_chunk_size": 2048, "entropy_from_logits_with_chunking": false, "event_id": 191, "logits_dtype": "torch.bfloat16", "logits_saved_bytes": 1503406720, "peak_allocated_bytes": 26526589440, "peak_increment_bytes": 81220096, "pipeline_parallel_size": 2, "projected_rows": 1, "rank": 7, "response_only_enabled": true, "role": "actor", "selected_rows": 0, "tensor_parallel_size": 2, "vocab_shard": 75968}
[36m(WorkerDict pid=3627507)[0m WARNING:2026-09-10 22:54:59,168:VERL_RESPONSE_ONLY_LM_HEAD_PROFILE {"active_ratio": 0.0, "actual_logits_bytes": 151936, "allocated_before_bytes": 26445369344, "backend": "unfused", "calculate_entropy": true, "calculate_sum_pi_squared": false, "context_parallel_size": 2, "data_format": "thd", "dense_logits_bytes": 1503558656, "dense_rows": 9896, "distillation_only": false, "elapsed_s": 0.006980413105338812, "element_size": 2, "entropy_from_logits_chunk_size": 2048, "entropy_from_logits_with_chunking": false, "event_id": 191, "logits_dtype": "torch.bfloat16", "logits_saved_bytes": 1503406720, "peak_allocated_bytes": 26526589440, "peak_increment_bytes": 81220096, "pipeline_parallel_size": 2, "projected_rows": 1, "rank": 6, "response_only_enabled": true, "role": "actor", "selected_rows": 0, "tensor_parallel_size": 2, "vocab_shard": 75968}
[36m(WorkerDict pid=3627506)[0m WARNING:2026-09-10 22:54:59,192:VERL_RESPONSE_ONLY_LM_HEAD_PROFILE {"active_ratio": 0.41390460792239286, "actual_logits_bytes": 622329856, "allocated_before_bytes": 26445369344, "backend": "unfused", "calculate_entropy": true, "calculate_sum_pi_squared": false, "context_parallel_size": 2, "data_format": "thd", "dense_logits_bytes": 1503558656, "dense_rows": 9896, "distillation_only": false, "elapsed_s": 0.031093153986148536, "element_size": 2, "entropy_from_logits_chunk_size": 2048, "entropy_from_logits_with_chunking": false, "event_id": 191, "logits_dtype": "torch.bfloat16", "logits_saved_bytes": 881228800, "peak_allocated_bytes": 30172770304, "peak_increment_bytes": 3727400960, "pipeline_parallel_size": 2, "projected_rows": 4096, "rank": 5, "response_only_enabled": true, "role": "actor", "selected_rows": 4096, "tensor_parallel_size": 2, "vocab_shard": 75968}
[36m(vLLMHttpServer pid=3631065)[0m (EngineCore pid=3631838) WARNING 09-10 22:55:08 [scheduler.py:1948] reset_connector called but no KV connector is configured.
[36m(vLLMHttpServer pid=3631068)[0m (EngineCore pid=3631665) WARNING 09-10 22:55:08 [scheduler.py:1948] reset_connector called but no KV connector is configured.
[36m(WorkerDict pid=3627501)[0m Converting to HuggingFace ━━━━━━━━━━━━━━━━━━━━━━━━━━━━━━━━━━━━━━━━ 100% 0:00:00 (291/291) Qwen3Bridge
[36m(vLLMHttpServer pid=3631065)[0m (EngineCore pid=3631838) WARNING 09-10 22:55:10 [scheduler.py:1948] reset_connector called but no KV connector is configured.
[36m(vLLMHttpServer pid=3631068)[0m (EngineCore pid=3631665) WARNING 09-10 22:55:10 [scheduler.py:1948] reset_connector called but no KV connector is configured.
[36m(vLLMHttpServer pid=3631065)[0m (EngineCore pid=3631838) WARNING 09-10 22:55:12 [scheduler.py:1948] reset_connector called but no KV connector is configured.
[36m(vLLMHttpServer pid=3631068)[0m (EngineCore pid=3631665) WARNING 09-10 22:55:12 [scheduler.py:1948] reset_connector called but no KV connector is configured.
[36m(TaskRunnerV1 pid=3626258)[0m step:4 - global_seqlen/min:316476.0 - global_seqlen/max:316476.0 - global_seqlen/minmax_diff:0.0 - global_seqlen/balanced_min:316476.0 - global_seqlen/balanced_max:316476.0 - global_seqlen/mean:316476.0 - actor/entropy:0.019100705161690712 - training/rollout_probs_diff_valid:1.0 - training/rollout_probs_diff_max:0.6792937517166138 - training/rollout_probs_diff_mean:0.0006861813017167151 - training/rollout_probs_diff_std:0.005159094464033842 - training/rollout_actor_probs_pearson_corr:0.9973401427268982 - rollout_corr/training_ppl:1.0170619487762451 - rollout_corr/training_log_ppl:0.016574999317526817 - rollout_corr/kl:0.0007600388489663601 - rollout_corr/k3_kl:4.491051004151814e-05 - rollout_corr/rollout_ppl:1.0162663459777832 - rollout_corr/rollout_log_ppl:0.01581496186554432 - rollout_corr/log_ppl_diff:0.0007600373355671763 - rollout_corr/log_ppl_abs_diff:0.0007600373355671763 - rollout_corr/log_ppl_diff_max:0.003893725574016571 - rollout_corr/log_ppl_diff_min:0.00016596168279647827 - rollout_corr/ppl_ratio:1.0007606744766235 - rollout_corr/chi2_token:-0.0013499855995178223 - rollout_corr/chi2_seq:-0.9526216387748718 - actor/pg_clipfrac:0.0 - actor/ppo_kl:0.0 - actor/pg_clipfrac_lower:0.0 - actor/pg_loss:-4.202593117952347e-07 - actor/entropy_loss:0.01910070565645583 - actor/kl_loss:0.0 - actor/kl_coef:0.001 - actor/loss:-1.9526109099388123e-05 - actor/grad_norm:0.4511523097753525 - actor/perf/max_memory_allocated_gb:28.100720405578613 - actor/perf/max_memory_reserved_gb:29.32421875 - actor/perf/cpu_memory_used_gb:280.54918384552 - actor/lr:0.0 - perf/mfu/actor:0.33759741768489254 - training/global_step:4 - training/epoch:1 - critic/score/mean:0.9745160341262817 - critic/score/max:0.9994794130325317 - critic/score/min:0.9539076089859009 - critic/rewards/mean:0.9745160341262817 - critic/rewards/max:0.9994794130325317 - critic/rewards/min:0.9539076089859009 - critic/advantages/mean:4.470348358154297e-07 - critic/advantages/max:1.3166486024856567 - critic/advantages/min:-1.3636384010314941 - critic/returns/mean:4.470348358154297e-07 - critic/returns/max:1.3166486024856567 - critic/returns/min:-1.3636384010314941 - response_length/mean:4096.0 - response_length/max:4096.0 - response_length/min:4096.0 - response_length/clip_ratio:1.0 - response_length_non_aborted/mean:4096.0 - response_length_non_aborted/max:4096.0 - response_length_non_aborted/min:4096.0 - response_length_non_aborted/clip_ratio:1.0 - response/aborted_ratio:0.0 - prompt_length/mean:15683.75 - prompt_length/max:15689.0 - prompt_length/min:15677.0 - prompt_length/clip_ratio:0.5 - timing_s/gen:1.429843719000928 - timing_s/old_log_prob:8.622537905001082 - timing_s/ref:10.387418544036336 - timing_s/adv:0.11972097307443619 - timing_s/update_actor:34.82534796802793 - timing_s/update_weights:5.994481050060131 - timing_s/step:61.53653566900175 - timing_per_token_ms/gen:0.021817683700575685 - timing_per_token_ms/update_actor:0.11004103934588381 - timing_per_token_ms/adv:0.00037829400357194915 - timing_per_token_ms/ref:0.03282213673086217 - perf/total_num_tokens:316476 - perf/time_per_step:61.53653566900175 - perf/throughput:642.8619936095557 - training/num_turns/mean:np.float64(2.0) - training/num_turns/max:np.int64(2) - training/num_turns/min:np.int64(2) - training/off_policy/trajectory_spans/mean:np.float64(1.0) - training/off_policy/trajectory_spans/max:np.int64(1) - training/off_policy/trajectory_spans/min:np.int64(1) - training/off_policy/trajectory_staleness/mean:np.float64(-1.0) - training/off_policy/trajectory_staleness/max:np.int64(-1) - training/off_policy/trajectory_staleness/min:np.int64(-1) - training/off_policy/trajectory_staleness_worst/mean:np.float64(-1.0) - training/off_policy/trajectory_staleness_worst/max:np.int64(-1) - training/off_policy/trajectory_staleness_worst/min:np.int64(-1)
[36m(TaskRunnerV1 pid=3626258)[0m 'Final validation metrics: None'
[36m(TaskRunnerV1 pid=3626258)[0m Training Progress: 100%|██████████| 4/4 [05:05<00:00, 69.48s/it]Training Progress: 100%|██████████| 4/4 [05:05<00:00, 76.36s/it]
