+ export CUDA_DEVICE_MAX_CONNECTIONS=1
+ CUDA_DEVICE_MAX_CONNECTIONS=1
+ INFER_BACKEND=vllm
+ MODEL_PATH=/home/p00938733/Qwen3-8B
+ NNODES=1
+ NGPUS_PER_NODE=8
+ train_batch_size=1024
+ ppo_mini_batch_size=256
+ max_prompt_length=16640
+ max_response_length=4096
+ ppo_max_token_len_per_gpu=49152
+ actor_lr=1e-6
+ kl_loss_coef=0.001
+ entropy_coeff=0
+ actor_tp=2
+ actor_pp=2
+ rollout_tp=2
+ rollout_gpu_mem_util=0.6
+ rollout_n=5
+ total_epochs=15
+ save_freq=20
+ test_freq=5
+ project_name=verl_grpo_gsm8k_math
+ experiment_name=qwen3_8b_vllm_megatron
+ DATA=(algorithm.adv_estimator=grpo algorithm.use_kl_in_reward=False data.train_files="['$HOME/data/gsm8k/train.parquet', '$HOME/data/math/train.parquet']" data.val_files="['$HOME/data/gsm8k/test.parquet', '$HOME/data/math/test.parquet']" data.train_batch_size=${train_batch_size} data.max_prompt_length=${max_prompt_length} data.max_response_length=${max_response_length} data.filter_overlong_prompts=True data.truncation='error')
+ MODEL=(actor_rollout_ref.model.path="$MODEL_PATH" actor_rollout_ref.model.use_remove_padding=True)
+ ACTOR=(actor_rollout_ref.actor.optim.lr=${actor_lr} actor_rollout_ref.actor.ppo_mini_batch_size=${ppo_mini_batch_size} actor_rollout_ref.actor.use_dynamic_bsz=True actor_rollout_ref.actor.ppo_max_token_len_per_gpu=${ppo_max_token_len_per_gpu} actor_rollout_ref.actor.use_kl_loss=True actor_rollout_ref.actor.kl_loss_coef=${kl_loss_coef} actor_rollout_ref.actor.kl_loss_type=low_var_kl actor_rollout_ref.actor.entropy_coeff=${entropy_coeff} actor_rollout_ref.actor.megatron.tensor_model_parallel_size=${actor_tp} actor_rollout_ref.actor.megatron.pipeline_model_parallel_size=${actor_pp})
+ ROLLOUT=(actor_rollout_ref.rollout.name=${INFER_BACKEND} actor_rollout_ref.rollout.tensor_model_parallel_size=${rollout_tp} actor_rollout_ref.rollout.gpu_memory_utilization=${rollout_gpu_mem_util} actor_rollout_ref.rollout.n=${rollout_n} actor_rollout_ref.rollout.log_prob_use_dynamic_bsz=True actor_rollout_ref.rollout.log_prob_max_token_len_per_gpu=${ppo_max_token_len_per_gpu})
+ REF=(actor_rollout_ref.ref.log_prob_use_dynamic_bsz=True actor_rollout_ref.ref.log_prob_max_token_len_per_gpu=${ppo_max_token_len_per_gpu} actor_rollout_ref.ref.megatron.tensor_model_parallel_size=${actor_tp} actor_rollout_ref.ref.megatron.pipeline_model_parallel_size=${actor_pp})
+ TRAINER=(trainer.balance_batch=True trainer.logger='["console","wandb"]' trainer.project_name=${project_name} trainer.experiment_name=${experiment_name} trainer.n_gpus_per_node=${NGPUS_PER_NODE} trainer.nnodes=${NNODES} trainer.save_freq=${save_freq} trainer.test_freq=${test_freq} trainer.total_epochs=${total_epochs})
+ EXTRA=(model_engine=megatron)
+ LAUNCH=(python3)
+ RAY=(ray_kwargs.ray_init.runtime_env.py_executable=null)
+ '[' 0 '!=' 0 ']'
+ python3 -m verl.trainer.main_ppo algorithm.adv_estimator=grpo algorithm.use_kl_in_reward=False 'data.train_files=['\''/root/data/gsm8k/train.parquet'\'', '\''/root/data/math/train.parquet'\'']' 'data.val_files=['\''/root/data/gsm8k/test.parquet'\'', '\''/root/data/math/test.parquet'\'']' data.train_batch_size=1024 data.max_prompt_length=16640 data.max_response_length=4096 data.filter_overlong_prompts=True data.truncation=error actor_rollout_ref.model.path=/home/p00938733/Qwen3-8B actor_rollout_ref.model.use_remove_padding=True actor_rollout_ref.actor.optim.lr=1e-6 actor_rollout_ref.actor.ppo_mini_batch_size=256 actor_rollout_ref.actor.use_dynamic_bsz=True actor_rollout_ref.actor.ppo_max_token_len_per_gpu=49152 actor_rollout_ref.actor.use_kl_loss=True actor_rollout_ref.actor.kl_loss_coef=0.001 actor_rollout_ref.actor.kl_loss_type=low_var_kl actor_rollout_ref.actor.entropy_coeff=0 actor_rollout_ref.actor.megatron.tensor_model_parallel_size=2 actor_rollout_ref.actor.megatron.pipeline_model_parallel_size=2 actor_rollout_ref.rollout.name=vllm actor_rollout_ref.rollout.tensor_model_parallel_size=2 actor_rollout_ref.rollout.gpu_memory_utilization=0.6 actor_rollout_ref.rollout.n=5 actor_rollout_ref.rollout.log_prob_use_dynamic_bsz=True actor_rollout_ref.rollout.log_prob_max_token_len_per_gpu=49152 actor_rollout_ref.ref.log_prob_use_dynamic_bsz=True actor_rollout_ref.ref.log_prob_max_token_len_per_gpu=49152 actor_rollout_ref.ref.megatron.tensor_model_parallel_size=2 actor_rollout_ref.ref.megatron.pipeline_model_parallel_size=2 trainer.balance_batch=True 'trainer.logger=["console","wandb"]' trainer.project_name=verl_grpo_gsm8k_math trainer.experiment_name=qwen3_8b_vllm_megatron trainer.n_gpus_per_node=8 trainer.nnodes=1 trainer.save_freq=20 trainer.test_freq=5 trainer.total_epochs=15 model_engine=megatron ray_kwargs.ray_init.runtime_env.py_executable=null actor_rollout_ref.model.path=/home/p00938733/Qwen3-8B data.train_files=/home/p00938733/ruler-verl/16k4k/train.parquet data.val_files=/home/p00938733/ruler-verl/16k4k/test.parquet data.max_prompt_length=16640 data.max_response_length=4096 data.train_batch_size=4 data.gen_batch_size=4 data.shuffle=false data.seed=42 actor_rollout_ref.model.use_remove_padding=true actor_rollout_ref.actor.megatron.vanilla_mbridge=false actor_rollout_ref.actor.megatron.use_remove_padding=true actor_rollout_ref.actor.megatron.sequence_parallel=true actor_rollout_ref.actor.megatron.tensor_model_parallel_size=2 actor_rollout_ref.actor.megatron.pipeline_model_parallel_size=2 actor_rollout_ref.actor.megatron.context_parallel_size=2 actor_rollout_ref.ref.megatron.sequence_parallel=true actor_rollout_ref.ref.megatron.tensor_model_parallel_size=2 actor_rollout_ref.ref.megatron.pipeline_model_parallel_size=2 actor_rollout_ref.ref.megatron.context_parallel_size=2 actor_rollout_ref.actor.megatron.param_offload=true actor_rollout_ref.actor.megatron.optimizer_offload=true actor_rollout_ref.ref.megatron.param_offload=true actor_rollout_ref.actor.ppo_mini_batch_size=1 actor_rollout_ref.actor.data_loader_seed=42 actor_rollout_ref.actor.optim.lr=0.0 actor_rollout_ref.actor.calculate_entropy=true actor_rollout_ref.actor.entropy_coeff=0.001 actor_rollout_ref.rollout.n=4 actor_rollout_ref.rollout.seed=42 actor_rollout_ref.rollout.tensor_model_parallel_size=4 actor_rollout_ref.rollout.gpu_memory_utilization=0.5 actor_rollout_ref.rollout.ignore_eos=true actor_rollout_ref.rollout.max_model_len=20736 trainer.use_v1=true trainer.v1.trainer_mode=sync trainer.total_training_steps=4 trainer.resume_mode=disable trainer.val_before_train=false trainer.n_gpus_per_node=8 trainer.nnodes=1 'trainer.logger=["console"]' trainer.project_name=rlmh_combinations_a100 trainer.experiment_name=rlmh_combinations_a100 trainer.save_freq=-1 trainer.test_freq=-1 skip.rollout.enable=false skip.rollout_tq.enable=true skip.rollout_tq.dump_dir=/home/p00938733/rlmh-cache/16k4k-recompute-20260910-205736 'skip.rollout_tq.steps=[1,2,3,4]' skip.rollout_tq.action=cache data.filter_overlong_prompts=false data.truncation=error data.dataloader_num_workers=0 +data.apply_chat_template_kwargs.enable_thinking=false reward.custom_reward_function.path=/home/p00938733/ruler-verl/ruler_niah_reward.py reward.custom_reward_function.name=compute_score actor_rollout_ref.rollout.temperature=1.0 actor_rollout_ref.rollout.top_p=0.95 actor_rollout_ref.rollout.max_num_batched_tokens=65536 actor_rollout_ref.actor.megatron.override_transformer_config.recompute_granularity=full actor_rollout_ref.actor.megatron.override_transformer_config.recompute_method=uniform actor_rollout_ref.actor.megatron.override_transformer_config.recompute_num_layers=1 actor_rollout_ref.actor.use_dynamic_bsz=false actor_rollout_ref.actor.ppo_micro_batch_size_per_gpu=1 actor_rollout_ref.rollout.log_prob_use_dynamic_bsz=false actor_rollout_ref.rollout.log_prob_micro_batch_size_per_gpu=1 actor_rollout_ref.ref.log_prob_use_dynamic_bsz=false actor_rollout_ref.ref.log_prob_micro_batch_size_per_gpu=1 '+ray_kwargs.ray_init.runtime_env.env_vars.VERL_RESPONSE_ONLY_LM_HEAD_PROFILE="1"' actor_rollout_ref.model.use_fused_kernels=true actor_rollout_ref.actor.megatron.response_only_lm_head=true actor_rollout_ref.ref.megatron.response_only_lm_head=true
/home/p00938733/verl-090/verl/trainer/main_ppo.py:180: UserWarning: Disabled critic as algorithm.adv_estimator != gae. If it is not intended, please set critic.enable=True
  use_critic=need_critic(config),
[validate_config] All configuration checks passed successfully!
ray init kwargs: {'num_cpus': None, 'runtime_env': {'env_vars': {'NCCL_DEBUG': 'WARN', 'VLLM_LOGGING_LEVEL': 'WARN', 'VLLM_ALLOW_RUNTIME_LORA_UPDATING': 'true', 'VLLM_DISABLE_COMPILE_CACHE': '1', 'HCCL_HOST_SOCKET_PORT_RANGE': 'auto', 'HCCL_NPU_SOCKET_PORT_RANGE': 'auto', 'HSA_NO_SCRATCH_RECLAIM': '1', 'VERL_FULL_DETERMINISM': '0', 'VLLM_BATCH_INVARIANT': '0', 'VERL_RL_INSIGHT_ENABLE': '0', 'VERL_RESPONSE_ONLY_LM_HEAD_PROFILE': '1'}, 'working_dir': None, 'py_executable': None}}
2026-09-10 23:06:28,144	INFO worker.py:1814 -- Connecting to existing Ray cluster at address: 10.90.67.85:6389...
2026-09-10 23:06:28,167	INFO worker.py:2003 -- Connected to Ray cluster. View the dashboard at [1m[32mhttp://10.90.67.85:8265 [39m[22m
/opt/dev/lib/python3.12/site-packages/ray/_private/worker.py:2051: FutureWarning: Tip: In future versions of Ray, Ray will no longer override accelerator visible devices env var if num_gpus=0 or num_gpus=None (default). To enable this behavior and turn off this error message, set RAY_ACCEL_ENV_VAR_OVERRIDE_ON_ZERO=0
  warnings.warn(
[36m(TaskRunnerV1 pid=3666120)[0m WARNING:2026-09-10 23:06:40,607:Platform 'nvidia' (PlatformCUDA) is registered but not available. This may be due to this ray actor being a CPU-only actor.
[36m(TaskRunnerV1 pid=3666120)[0m /home/p00938733/verl-090/verl/workers/engine/__init__.py:32: UserWarning: torchtitan engine is not available: ModuleNotFoundError("No module named 'torchtitan'")
[36m(TaskRunnerV1 pid=3666120)[0m   warnings.warn(f"torchtitan engine is not available: {e!r}", stacklevel=1)
[36m(TaskRunnerV1 pid=3666120)[0m /home/p00938733/verl-090/verl/workers/engine/__init__.py:41: UserWarning: veomni engine is not available: ModuleNotFoundError("No module named 'veomni'")
[36m(TaskRunnerV1 pid=3666120)[0m   warnings.warn(f"veomni engine is not available: {e!r}", stacklevel=1)
[36m(TaskRunnerV1 pid=3666120)[0m /home/p00938733/verl-090/verl/workers/engine/__init__.py:50: UserWarning: automodel engine is not available: ModuleNotFoundError("No module named 'nemo_automodel'")
[36m(TaskRunnerV1 pid=3666120)[0m   warnings.warn(f"automodel engine is not available: {e!r}", stacklevel=1)
[36m(TaskRunnerV1 pid=3666120)[0m W0910 23:06:44.891000 3666120 torch/utils/cpp_extension.py:140] No CUDA runtime is found, using CUDA_HOME='/usr/local/cuda'
[36m(TaskRunnerV1 pid=3666120)[0m {'actor_rollout_ref': {'actor': {'_target_': 'verl.workers.config.McoreActorConfig',
[36m(TaskRunnerV1 pid=3666120)[0m                                  'calculate_entropy': True,
[36m(TaskRunnerV1 pid=3666120)[0m                                  'calculate_sum_pi_squared': False,
[36m(TaskRunnerV1 pid=3666120)[0m                                  'checkpoint': {'_target_': 'verl.workers.config.McoreCheckpointConfig',
[36m(TaskRunnerV1 pid=3666120)[0m                                                 'async_save': False,
[36m(TaskRunnerV1 pid=3666120)[0m                                                 'load_contents': ['model',
[36m(TaskRunnerV1 pid=3666120)[0m                                                                   'optimizer',
[36m(TaskRunnerV1 pid=3666120)[0m                                                                   'extra'],
[36m(TaskRunnerV1 pid=3666120)[0m                                                 'mbridge_config': {},
[36m(TaskRunnerV1 pid=3666120)[0m                                                 'save_contents': ['model',
[36m(TaskRunnerV1 pid=3666120)[0m                                                                   'optimizer',
[36m(TaskRunnerV1 pid=3666120)[0m                                                                   'extra'],
[36m(TaskRunnerV1 pid=3666120)[0m                                                 'strict': True},
[36m(TaskRunnerV1 pid=3666120)[0m                                  'clip_ratio': 0.2,
[36m(TaskRunnerV1 pid=3666120)[0m                                  'clip_ratio_c': 3.0,
[36m(TaskRunnerV1 pid=3666120)[0m                                  'clip_ratio_high': 0.2,
[36m(TaskRunnerV1 pid=3666120)[0m                                  'clip_ratio_low': 0.2,
[36m(TaskRunnerV1 pid=3666120)[0m                                  'data_loader_seed': 42,
[36m(TaskRunnerV1 pid=3666120)[0m                                  'entropy_coeff': 0.001,
[36m(TaskRunnerV1 pid=3666120)[0m                                  'entropy_from_logits_chunk_size': 2048,
[36m(TaskRunnerV1 pid=3666120)[0m                                  'entropy_from_logits_with_chunking': False,
[36m(TaskRunnerV1 pid=3666120)[0m                                  'freeze_vision_tower': False,
[36m(TaskRunnerV1 pid=3666120)[0m                                  'kl_loss_coef': 0.001,
[36m(TaskRunnerV1 pid=3666120)[0m                                  'kl_loss_type': 'low_var_kl',
[36m(TaskRunnerV1 pid=3666120)[0m                                  'loss_agg_mode': 'token-mean',
[36m(TaskRunnerV1 pid=3666120)[0m                                  'loss_scale_factor': None,
[36m(TaskRunnerV1 pid=3666120)[0m                                  'megatron': {'_target_': 'verl.workers.config.McoreEngineConfig',
[36m(TaskRunnerV1 pid=3666120)[0m                                               'context_parallel_size': 2,
[36m(TaskRunnerV1 pid=3666120)[0m                                               'dist_checkpointing_path': None,
[36m(TaskRunnerV1 pid=3666120)[0m                                               'dist_checkpointing_prefix': '',
[36m(TaskRunnerV1 pid=3666120)[0m                                               'dist_ckpt_optim_fully_reshardable': False,
[36m(TaskRunnerV1 pid=3666120)[0m                                               'distrib_optim_fully_reshardable_mem_efficient': False,
[36m(TaskRunnerV1 pid=3666120)[0m                                               'dtype': 'bfloat16',
[36m(TaskRunnerV1 pid=3666120)[0m                                               'dynamic_context_parallel': False,
[36m(TaskRunnerV1 pid=3666120)[0m                                               'entropy_from_logits_chunk_size': 2048,
[36m(TaskRunnerV1 pid=3666120)[0m                                               'entropy_from_logits_with_chunking': False,
[36m(TaskRunnerV1 pid=3666120)[0m                                               'expert_model_parallel_size': 1,
[36m(TaskRunnerV1 pid=3666120)[0m                                               'expert_tensor_parallel_size': None,
[36m(TaskRunnerV1 pid=3666120)[0m                                               'forward_only': False,
[36m(TaskRunnerV1 pid=3666120)[0m                                               'max_seqlen_per_dp_cp_rank': None,
[36m(TaskRunnerV1 pid=3666120)[0m                                               'optimizer_offload': True,
[36m(TaskRunnerV1 pid=3666120)[0m                                               'override_ddp_config': {},
[36m(TaskRunnerV1 pid=3666120)[0m                                               'override_mcore_model_config': {},
[36m(TaskRunnerV1 pid=3666120)[0m                                               'override_transformer_config': {'attention_backend': 'flash',
[36m(TaskRunnerV1 pid=3666120)[0m                                                                               'recompute_granularity': 'full',
[36m(TaskRunnerV1 pid=3666120)[0m                                                                               'recompute_method': 'uniform',
[36m(TaskRunnerV1 pid=3666120)[0m                                                                               'recompute_modules': ['core_attn'],
[36m(TaskRunnerV1 pid=3666120)[0m                                                                               'recompute_num_layers': 1},
[36m(TaskRunnerV1 pid=3666120)[0m                                               'pad_bshd_to_minibatch_max': True,
[36m(TaskRunnerV1 pid=3666120)[0m                                               'pad_to_length': False,
[36m(TaskRunnerV1 pid=3666120)[0m                                               'pad_to_length_bucket': 512,
[36m(TaskRunnerV1 pid=3666120)[0m                                               'param_offload': True,
[36m(TaskRunnerV1 pid=3666120)[0m                                               'pipeline_model_parallel_size': 2,
[36m(TaskRunnerV1 pid=3666120)[0m                                               'qat': {'_target_': 'verl.workers.config.QATEngineConfig',
[36m(TaskRunnerV1 pid=3666120)[0m                                                       'activation_observer': None,
[36m(TaskRunnerV1 pid=3666120)[0m                                                       'enable': False,
[36m(TaskRunnerV1 pid=3666120)[0m                                                       'group_size': 16,
[36m(TaskRunnerV1 pid=3666120)[0m                                                       'ignore_patterns': ['lm_head',
[36m(TaskRunnerV1 pid=3666120)[0m                                                                           '*mlp.gate'],
[36m(TaskRunnerV1 pid=3666120)[0m                                                       'mode': 'w4a16',
[36m(TaskRunnerV1 pid=3666120)[0m                                                       'quantization_config_path': None},
[36m(TaskRunnerV1 pid=3666120)[0m                                               'response_only_lm_head': True,
[36m(TaskRunnerV1 pid=3666120)[0m                                               'router_replay': {'_target_': 'verl.workers.config.EngineRouterReplayConfig',
[36m(TaskRunnerV1 pid=3666120)[0m                                                                 'mode': 'disabled',
[36m(TaskRunnerV1 pid=3666120)[0m                                                                 'record_file': None,
[36m(TaskRunnerV1 pid=3666120)[0m                                                                 'replay_file': None},
[36m(TaskRunnerV1 pid=3666120)[0m                                               'seed': 42,
[36m(TaskRunnerV1 pid=3666120)[0m                                               'sequence_parallel': True,
[36m(TaskRunnerV1 pid=3666120)[0m                                               'tensor_model_parallel_size': 2,
[36m(TaskRunnerV1 pid=3666120)[0m                                               'use_dist_checkpointing': False,
[36m(TaskRunnerV1 pid=3666120)[0m                                               'use_distributed_optimizer': True,
[36m(TaskRunnerV1 pid=3666120)[0m                                               'use_mbridge': True,
[36m(TaskRunnerV1 pid=3666120)[0m                                               'use_megatron_fsdp': False,
[36m(TaskRunnerV1 pid=3666120)[0m                                               'use_remove_padding': True,
[36m(TaskRunnerV1 pid=3666120)[0m                                               'vanilla_mbridge': False,
[36m(TaskRunnerV1 pid=3666120)[0m                                               'virtual_pipeline_model_parallel_size': None},
[36m(TaskRunnerV1 pid=3666120)[0m                                  'optim': {'_target_': 'verl.workers.config.McoreOptimizerConfig',
[36m(TaskRunnerV1 pid=3666120)[0m                                            'betas': [0.9, 0.999],
[36m(TaskRunnerV1 pid=3666120)[0m                                            'clip_grad': 1.0,
[36m(TaskRunnerV1 pid=3666120)[0m                                            'exp_avg_dtype': 'fp32',
[36m(TaskRunnerV1 pid=3666120)[0m                                            'exp_avg_sq_dtype': 'fp32',
[36m(TaskRunnerV1 pid=3666120)[0m                                            'lr': 0.0,
[36m(TaskRunnerV1 pid=3666120)[0m                                            'lr_decay_steps': None,
[36m(TaskRunnerV1 pid=3666120)[0m                                            'lr_decay_style': 'constant',
[36m(TaskRunnerV1 pid=3666120)[0m                                            'lr_warmup_init': 0.0,
[36m(TaskRunnerV1 pid=3666120)[0m                                            'lr_warmup_steps': -1,
[36m(TaskRunnerV1 pid=3666120)[0m                                            'lr_warmup_steps_ratio': 0.0,
[36m(TaskRunnerV1 pid=3666120)[0m                                            'lr_wsd_decay_steps': None,
[36m(TaskRunnerV1 pid=3666120)[0m                                            'lr_wsd_decay_style': 'exponential',
[36m(TaskRunnerV1 pid=3666120)[0m                                            'main_grads_dtype': 'fp32',
[36m(TaskRunnerV1 pid=3666120)[0m                                            'min_lr': 0.0,
[36m(TaskRunnerV1 pid=3666120)[0m                                            'muon_coefficient_type': 'quintic',
[36m(TaskRunnerV1 pid=3666120)[0m                                            'muon_extra_scale_factor': 1.0,
[36m(TaskRunnerV1 pid=3666120)[0m                                            'muon_fp32_matmul_prec': 'medium',
[36m(TaskRunnerV1 pid=3666120)[0m                                            'muon_match_adamw_update_rms': False,
[36m(TaskRunnerV1 pid=3666120)[0m                                            'muon_momentum': 0.95,
[36m(TaskRunnerV1 pid=3666120)[0m                                            'muon_nesterov': False,
[36m(TaskRunnerV1 pid=3666120)[0m                                            'muon_num_ns_steps': 5,
[36m(TaskRunnerV1 pid=3666120)[0m                                            'muon_scalar_optimizer': 'adam',
[36m(TaskRunnerV1 pid=3666120)[0m                                            'muon_scale_mode': 'spectral',
[36m(TaskRunnerV1 pid=3666120)[0m                                            'muon_split_qkv': True,
[36m(TaskRunnerV1 pid=3666120)[0m                                            'muon_tp_mode': 'blockwise',
[36m(TaskRunnerV1 pid=3666120)[0m                                            'optimizer': 'adam',
[36m(TaskRunnerV1 pid=3666120)[0m                                            'override_optimizer_config': {},
[36m(TaskRunnerV1 pid=3666120)[0m                                            'total_training_steps': -1,
[36m(TaskRunnerV1 pid=3666120)[0m                                            'use_checkpoint_opt_param_scheduler': False,
[36m(TaskRunnerV1 pid=3666120)[0m                                            'use_layer_wise_distributed_optimizer': False,
[36m(TaskRunnerV1 pid=3666120)[0m                                            'use_precision_aware_optimizer': False,
[36m(TaskRunnerV1 pid=3666120)[0m                                            'weight_decay': 0.01,
[36m(TaskRunnerV1 pid=3666120)[0m                                            'weight_decay_incr_style': 'constant'},
[36m(TaskRunnerV1 pid=3666120)[0m                                  'policy_loss': {'_target_': 'verl.workers.config.PolicyLossConfig',
[36m(TaskRunnerV1 pid=3666120)[0m                                                  'clip_cov_lb': 1.0,
[36m(TaskRunnerV1 pid=3666120)[0m                                                  'clip_cov_ratio': 0.0002,
[36m(TaskRunnerV1 pid=3666120)[0m                                                  'clip_cov_ub': 5.0,
[36m(TaskRunnerV1 pid=3666120)[0m                                                  'dro_beta': None,
[36m(TaskRunnerV1 pid=3666120)[0m                                                  'kl_cov_ratio': 0.0002,
[36m(TaskRunnerV1 pid=3666120)[0m                                                  'loss_mode': 'vanilla',
[36m(TaskRunnerV1 pid=3666120)[0m                                                  'ppo_kl_coef': 0.1},
[36m(TaskRunnerV1 pid=3666120)[0m                                  'ppo_epochs': 1,
[36m(TaskRunnerV1 pid=3666120)[0m                                  'ppo_max_token_len_per_gpu': 49152,
[36m(TaskRunnerV1 pid=3666120)[0m                                  'ppo_micro_batch_size': None,
[36m(TaskRunnerV1 pid=3666120)[0m                                  'ppo_micro_batch_size_per_gpu': 1,
[36m(TaskRunnerV1 pid=3666120)[0m                                  'ppo_mini_batch_size': 1,
[36m(TaskRunnerV1 pid=3666120)[0m                                  'profiler': {'_target_': 'verl.utils.profiler.ProfilerConfig',
[36m(TaskRunnerV1 pid=3666120)[0m                                               'all_ranks': False,
[36m(TaskRunnerV1 pid=3666120)[0m                                               'enable': False,
[36m(TaskRunnerV1 pid=3666120)[0m                                               'finish_hook_all_ranks': False,
[36m(TaskRunnerV1 pid=3666120)[0m                                               'finish_hook_cmd': None,
[36m(TaskRunnerV1 pid=3666120)[0m                                               'finish_hook_ranks': [],
[36m(TaskRunnerV1 pid=3666120)[0m                                               'ranks': [],
[36m(TaskRunnerV1 pid=3666120)[0m                                               'relocate_results': False,
[36m(TaskRunnerV1 pid=3666120)[0m                                               'save_path': 'outputs/profile',
[36m(TaskRunnerV1 pid=3666120)[0m                                               'tool': None,
[36m(TaskRunnerV1 pid=3666120)[0m                                               'tool_config': {'npu': {'_target_': 'verl.utils.profiler.config.NPUToolConfig',
[36m(TaskRunnerV1 pid=3666120)[0m                                                                       'analysis': True,
[36m(TaskRunnerV1 pid=3666120)[0m                                                                       'contents': [],
[36m(TaskRunnerV1 pid=3666120)[0m                                                                       'discrete': False,
[36m(TaskRunnerV1 pid=3666120)[0m                                                                       'level': 'level0'},
[36m(TaskRunnerV1 pid=3666120)[0m                                                               'nsys': {'_target_': 'verl.utils.profiler.config.NsightToolConfig',
[36m(TaskRunnerV1 pid=3666120)[0m                                                                        'discrete': False},
[36m(TaskRunnerV1 pid=3666120)[0m                                                               'precision_debugger': {'_target_': 'verl.utils.profiler.config.PrecisionDebuggerToolConfig',
[36m(TaskRunnerV1 pid=3666120)[0m                                                                                      'config_path': None,
[36m(TaskRunnerV1 pid=3666120)[0m                                                                                      'stages': None,
[36m(TaskRunnerV1 pid=3666120)[0m                                                                                      'steps': None,
[36m(TaskRunnerV1 pid=3666120)[0m                                                                                      'strict': False},
[36m(TaskRunnerV1 pid=3666120)[0m                                                               'torch': {'_target_': 'verl.utils.profiler.config.TorchProfilerToolConfig',
[36m(TaskRunnerV1 pid=3666120)[0m                                                                         'contents': [],
[36m(TaskRunnerV1 pid=3666120)[0m                                                                         'discrete': False,
[36m(TaskRunnerV1 pid=3666120)[0m                                                                         'schedule': {'_target_': 'verl.utils.profiler.config.TorchProfilerScheduleConfig',
[36m(TaskRunnerV1 pid=3666120)[0m                                                                                      'active': 0,
[36m(TaskRunnerV1 pid=3666120)[0m                                                                                      'repeat': 0,
[36m(TaskRunnerV1 pid=3666120)[0m                                                                                      'skip_first': 0,
[36m(TaskRunnerV1 pid=3666120)[0m                                                                                      'wait': 0,
[36m(TaskRunnerV1 pid=3666120)[0m                                                                                      'warmup': 0}},
[36m(TaskRunnerV1 pid=3666120)[0m                                                               'torch_memory': {'_target_': 'verl.utils.profiler.config.TorchMemoryToolConfig',
[36m(TaskRunnerV1 pid=3666120)[0m                                                                                'memory_snapshot_num_steps': 1,
[36m(TaskRunnerV1 pid=3666120)[0m                                                                                'stack_depth': 32,
[36m(TaskRunnerV1 pid=3666120)[0m                                                                                'trace_alloc_max_entries': 100000}}},
[36m(TaskRunnerV1 pid=3666120)[0m                                  'qat': {'activation_observer': 'static_minmax',
[36m(TaskRunnerV1 pid=3666120)[0m                                          'enable': False,
[36m(TaskRunnerV1 pid=3666120)[0m                                          'group_size': 16,
[36m(TaskRunnerV1 pid=3666120)[0m                                          'ignore_patterns': ['lm_head',
[36m(TaskRunnerV1 pid=3666120)[0m                                                              'embed_tokens',
[36m(TaskRunnerV1 pid=3666120)[0m                                                              're:.*mlp.gate$'],
[36m(TaskRunnerV1 pid=3666120)[0m                                          'mode': 'w4a16',
[36m(TaskRunnerV1 pid=3666120)[0m                                          'quantization_config_path': None},
[36m(TaskRunnerV1 pid=3666120)[0m                                  'rollout_n': 4,
[36m(TaskRunnerV1 pid=3666120)[0m                                  'shuffle': False,
[36m(TaskRunnerV1 pid=3666120)[0m                                  'strategy': 'megatron',
[36m(TaskRunnerV1 pid=3666120)[0m                                  'tau_neg': 1.05,
[36m(TaskRunnerV1 pid=3666120)[0m                                  'tau_pos': 1.0,
[36m(TaskRunnerV1 pid=3666120)[0m                                  'use_dynamic_bsz': False,
[36m(TaskRunnerV1 pid=3666120)[0m                                  'use_fused_kernels': True,
[36m(TaskRunnerV1 pid=3666120)[0m                                  'use_kl_loss': True,
[36m(TaskRunnerV1 pid=3666120)[0m                                  'use_prefix_grouper': False,
[36m(TaskRunnerV1 pid=3666120)[0m                                  'use_torch_compile': True},
[36m(TaskRunnerV1 pid=3666120)[0m                        'hybrid_engine': True,
[36m(TaskRunnerV1 pid=3666120)[0m                        'model': {'_target_': 'verl.workers.config.HFModelConfig',
[36m(TaskRunnerV1 pid=3666120)[0m                                  'custom_chat_template': None,
[36m(TaskRunnerV1 pid=3666120)[0m                                  'enable_activation_offload': False,
[36m(TaskRunnerV1 pid=3666120)[0m                                  'enable_gradient_checkpointing': True,
[36m(TaskRunnerV1 pid=3666120)[0m                                  'exclude_modules': None,
[36m(TaskRunnerV1 pid=3666120)[0m                                  'external_lib': None,
[36m(TaskRunnerV1 pid=3666120)[0m                                  'fused_kernel_options': {'impl_backend': 'torch'},
[36m(TaskRunnerV1 pid=3666120)[0m                                  'hf_config_path': None,
[36m(TaskRunnerV1 pid=3666120)[0m                                  'lora': {'a2a_experimental': False,
[36m(TaskRunnerV1 pid=3666120)[0m                                           'adapter_path': None,
[36m(TaskRunnerV1 pid=3666120)[0m                                           'alpha': 32,
[36m(TaskRunnerV1 pid=3666120)[0m                                           'dropout': 0.0,
[36m(TaskRunnerV1 pid=3666120)[0m                                           'dropout_position': 'pre',
[36m(TaskRunnerV1 pid=3666120)[0m                                           'dtype': None,
[36m(TaskRunnerV1 pid=3666120)[0m                                           'exclude_modules': [],
[36m(TaskRunnerV1 pid=3666120)[0m                                           'freeze_language_model': True,
[36m(TaskRunnerV1 pid=3666120)[0m                                           'freeze_vision_model': True,
[36m(TaskRunnerV1 pid=3666120)[0m                                           'freeze_vision_projection': True,
[36m(TaskRunnerV1 pid=3666120)[0m                                           'lora_A_init_method': 'xavier',
[36m(TaskRunnerV1 pid=3666120)[0m                                           'lora_B_init_method': 'zero',
[36m(TaskRunnerV1 pid=3666120)[0m                                           'merge': False,
[36m(TaskRunnerV1 pid=3666120)[0m                                           'rank': 0,
[36m(TaskRunnerV1 pid=3666120)[0m                                           'target_modules': ['linear_qkv',
[36m(TaskRunnerV1 pid=3666120)[0m                                                              'linear_proj',
[36m(TaskRunnerV1 pid=3666120)[0m                                                              'linear_fc1',
[36m(TaskRunnerV1 pid=3666120)[0m                                                              'linear_fc2'],
[36m(TaskRunnerV1 pid=3666120)[0m                                           'type': 'lora'},
[36m(TaskRunnerV1 pid=3666120)[0m                                  'lora_adapter_path': None,
[36m(TaskRunnerV1 pid=3666120)[0m                                  'lora_alpha': 16,
[36m(TaskRunnerV1 pid=3666120)[0m                                  'lora_rank': 0,
[36m(TaskRunnerV1 pid=3666120)[0m                                  'mtp': {'_target_': 'verl.workers.config.MtpConfig',
[36m(TaskRunnerV1 pid=3666120)[0m                                          'detach_encoder': False,
[36m(TaskRunnerV1 pid=3666120)[0m                                          'enable': False,
[36m(TaskRunnerV1 pid=3666120)[0m                                          'enable_rollout': False,
[36m(TaskRunnerV1 pid=3666120)[0m                                          'enable_train': False,
[36m(TaskRunnerV1 pid=3666120)[0m                                          'method': 'mtp',
[36m(TaskRunnerV1 pid=3666120)[0m                                          'mtp_loss_scaling_factor': 0.1,
[36m(TaskRunnerV1 pid=3666120)[0m                                          'num_speculative_tokens': 1,
[36m(TaskRunnerV1 pid=3666120)[0m                                          'speculative_algorithm': 'EAGLE',
[36m(TaskRunnerV1 pid=3666120)[0m                                          'speculative_eagle_topk': 1,
[36m(TaskRunnerV1 pid=3666120)[0m                                          'speculative_num_draft_tokens': 4,
[36m(TaskRunnerV1 pid=3666120)[0m                                          'speculative_num_steps': 3},
[36m(TaskRunnerV1 pid=3666120)[0m                                  'override_config': {},
[36m(TaskRunnerV1 pid=3666120)[0m                                  'path': '/home/p00938733/Qwen3-8B',
[36m(TaskRunnerV1 pid=3666120)[0m                                  'target_modules': 'all-linear',
[36m(TaskRunnerV1 pid=3666120)[0m                                  'tiled_mlp': {'enabled': False,
[36m(TaskRunnerV1 pid=3666120)[0m                                                'num_shards': 4},
[36m(TaskRunnerV1 pid=3666120)[0m                                  'tokenizer_path': None,
[36m(TaskRunnerV1 pid=3666120)[0m                                  'trust_remote_code': False,
[36m(TaskRunnerV1 pid=3666120)[0m                                  'use_fused_kernels': True,
[36m(TaskRunnerV1 pid=3666120)[0m                                  'use_liger': False,
[36m(TaskRunnerV1 pid=3666120)[0m                                  'use_remove_padding': True,
[36m(TaskRunnerV1 pid=3666120)[0m                                  'use_shm': False},
[36m(TaskRunnerV1 pid=3666120)[0m                        'nccl_timeout': 600,
[36m(TaskRunnerV1 pid=3666120)[0m                        'ref': {'_target_': 'verl.workers.config.McoreActorConfig',
[36m(TaskRunnerV1 pid=3666120)[0m                                'entropy_from_logits_chunk_size': 2048,
[36m(TaskRunnerV1 pid=3666120)[0m                                'entropy_from_logits_with_chunking': False,
[36m(TaskRunnerV1 pid=3666120)[0m                                'log_prob_max_token_len_per_gpu': 49152,
[36m(TaskRunnerV1 pid=3666120)[0m                                'log_prob_micro_batch_size': None,
[36m(TaskRunnerV1 pid=3666120)[0m                                'log_prob_micro_batch_size_per_gpu': 1,
[36m(TaskRunnerV1 pid=3666120)[0m                                'log_prob_use_dynamic_bsz': False,
[36m(TaskRunnerV1 pid=3666120)[0m                                'megatron': {'_target_': 'verl.workers.config.McoreEngineConfig',
[36m(TaskRunnerV1 pid=3666120)[0m                                             'context_parallel_size': 2,
[36m(TaskRunnerV1 pid=3666120)[0m                                             'dist_checkpointing_path': None,
[36m(TaskRunnerV1 pid=3666120)[0m                                             'dist_checkpointing_prefix': '',
[36m(TaskRunnerV1 pid=3666120)[0m                                             'dist_ckpt_optim_fully_reshardable': False,
[36m(TaskRunnerV1 pid=3666120)[0m                                             'distrib_optim_fully_reshardable_mem_efficient': False,
[36m(TaskRunnerV1 pid=3666120)[0m                                             'dtype': 'bfloat16',
[36m(TaskRunnerV1 pid=3666120)[0m                                             'dynamic_context_parallel': False,
[36m(TaskRunnerV1 pid=3666120)[0m                                             'entropy_from_logits_chunk_size': 2048,
[36m(TaskRunnerV1 pid=3666120)[0m                                             'entropy_from_logits_with_chunking': False,
[36m(TaskRunnerV1 pid=3666120)[0m                                             'expert_model_parallel_size': 1,
[36m(TaskRunnerV1 pid=3666120)[0m                                             'expert_tensor_parallel_size': None,
[36m(TaskRunnerV1 pid=3666120)[0m                                             'forward_only': True,
[36m(TaskRunnerV1 pid=3666120)[0m                                             'max_seqlen_per_dp_cp_rank': None,
[36m(TaskRunnerV1 pid=3666120)[0m                                             'optimizer_offload': False,
[36m(TaskRunnerV1 pid=3666120)[0m                                             'override_ddp_config': {},
[36m(TaskRunnerV1 pid=3666120)[0m                                             'override_mcore_model_config': {},
[36m(TaskRunnerV1 pid=3666120)[0m                                             'override_transformer_config': {'attention_backend': 'flash',
[36m(TaskRunnerV1 pid=3666120)[0m                                                                             'recompute_granularity': 'full',
[36m(TaskRunnerV1 pid=3666120)[0m                                                                             'recompute_method': 'uniform',
[36m(TaskRunnerV1 pid=3666120)[0m                                                                             'recompute_modules': ['core_attn'],
[36m(TaskRunnerV1 pid=3666120)[0m                                                                             'recompute_num_layers': 1},
[36m(TaskRunnerV1 pid=3666120)[0m                                             'pad_bshd_to_minibatch_max': True,
[36m(TaskRunnerV1 pid=3666120)[0m                                             'pad_to_length': False,
[36m(TaskRunnerV1 pid=3666120)[0m                                             'pad_to_length_bucket': 512,
[36m(TaskRunnerV1 pid=3666120)[0m                                             'param_offload': True,
[36m(TaskRunnerV1 pid=3666120)[0m                                             'pipeline_model_parallel_size': 2,
[36m(TaskRunnerV1 pid=3666120)[0m                                             'qat': {'_target_': 'verl.workers.config.QATEngineConfig',
[36m(TaskRunnerV1 pid=3666120)[0m                                                     'activation_observer': None,
[36m(TaskRunnerV1 pid=3666120)[0m                                                     'enable': False,
[36m(TaskRunnerV1 pid=3666120)[0m                                                     'group_size': 16,
[36m(TaskRunnerV1 pid=3666120)[0m                                                     'ignore_patterns': ['lm_head',
[36m(TaskRunnerV1 pid=3666120)[0m                                                                         '*mlp.gate'],
[36m(TaskRunnerV1 pid=3666120)[0m                                                     'mode': 'w4a16',
[36m(TaskRunnerV1 pid=3666120)[0m                                                     'quantization_config_path': None},
[36m(TaskRunnerV1 pid=3666120)[0m                                             'response_only_lm_head': True,
[36m(TaskRunnerV1 pid=3666120)[0m                                             'router_replay': {'_target_': 'verl.workers.config.EngineRouterReplayConfig',
[36m(TaskRunnerV1 pid=3666120)[0m                                                               'mode': 'disabled',
[36m(TaskRunnerV1 pid=3666120)[0m                                                               'record_file': None,
[36m(TaskRunnerV1 pid=3666120)[0m                                                               'replay_file': None},
[36m(TaskRunnerV1 pid=3666120)[0m                                             'seed': 42,
[36m(TaskRunnerV1 pid=3666120)[0m                                             'sequence_parallel': True,
[36m(TaskRunnerV1 pid=3666120)[0m                                             'tensor_model_parallel_size': 2,
[36m(TaskRunnerV1 pid=3666120)[0m                                             'use_dist_checkpointing': False,
[36m(TaskRunnerV1 pid=3666120)[0m                                             'use_distributed_optimizer': True,
[36m(TaskRunnerV1 pid=3666120)[0m                                             'use_mbridge': True,
[36m(TaskRunnerV1 pid=3666120)[0m                                             'use_megatron_fsdp': False,
[36m(TaskRunnerV1 pid=3666120)[0m                                             'use_remove_padding': True,
[36m(TaskRunnerV1 pid=3666120)[0m                                             'vanilla_mbridge': False,
[36m(TaskRunnerV1 pid=3666120)[0m                                             'virtual_pipeline_model_parallel_size': None},
[36m(TaskRunnerV1 pid=3666120)[0m                                'profiler': {'_target_': 'verl.utils.profiler.ProfilerConfig',
[36m(TaskRunnerV1 pid=3666120)[0m                                             'all_ranks': False,
[36m(TaskRunnerV1 pid=3666120)[0m                                             'enable': False,
[36m(TaskRunnerV1 pid=3666120)[0m                                             'finish_hook_all_ranks': False,
[36m(TaskRunnerV1 pid=3666120)[0m                                             'finish_hook_cmd': None,
[36m(TaskRunnerV1 pid=3666120)[0m                                             'finish_hook_ranks': [],
[36m(TaskRunnerV1 pid=3666120)[0m                                             'ranks': [],
[36m(TaskRunnerV1 pid=3666120)[0m                                             'relocate_results': False,
[36m(TaskRunnerV1 pid=3666120)[0m                                             'save_path': 'outputs/profile',
[36m(TaskRunnerV1 pid=3666120)[0m                                             'tool': None,
[36m(TaskRunnerV1 pid=3666120)[0m                                             'tool_config': {'npu': {'_target_': 'verl.utils.profiler.config.NPUToolConfig',
[36m(TaskRunnerV1 pid=3666120)[0m                                                                     'analysis': True,
[36m(TaskRunnerV1 pid=3666120)[0m                                                                     'contents': [],
[36m(TaskRunnerV1 pid=3666120)[0m                                                                     'discrete': False,
[36m(TaskRunnerV1 pid=3666120)[0m                                                                     'level': 'level0'},
[36m(TaskRunnerV1 pid=3666120)[0m                                                             'nsys': {'_target_': 'verl.utils.profiler.config.NsightToolConfig',
[36m(TaskRunnerV1 pid=3666120)[0m                                                                      'discrete': False},
[36m(TaskRunnerV1 pid=3666120)[0m                                                             'precision_debugger': {'_target_': 'verl.utils.profiler.config.PrecisionDebuggerToolConfig',
[36m(TaskRunnerV1 pid=3666120)[0m                                                                                    'config_path': None,
[36m(TaskRunnerV1 pid=3666120)[0m                                                                                    'stages': None,
[36m(TaskRunnerV1 pid=3666120)[0m                                                                                    'steps': None,
[36m(TaskRunnerV1 pid=3666120)[0m                                                                                    'strict': False},
[36m(TaskRunnerV1 pid=3666120)[0m                                                             'torch': {'_target_': 'verl.utils.profiler.config.TorchProfilerToolConfig',
[36m(TaskRunnerV1 pid=3666120)[0m                                                                       'contents': [],
[36m(TaskRunnerV1 pid=3666120)[0m                                                                       'discrete': False,
[36m(TaskRunnerV1 pid=3666120)[0m                                                                       'schedule': {'_target_': 'verl.utils.profiler.config.TorchProfilerScheduleConfig',
[36m(TaskRunnerV1 pid=3666120)[0m                                                                                    'active': 0,
[36m(TaskRunnerV1 pid=3666120)[0m                                                                                    'repeat': 0,
[36m(TaskRunnerV1 pid=3666120)[0m                                                                                    'skip_first': 0,
[36m(TaskRunnerV1 pid=3666120)[0m                                                                                    'wait': 0,
[36m(TaskRunnerV1 pid=3666120)[0m                                                                                    'warmup': 0}},
[36m(TaskRunnerV1 pid=3666120)[0m                                                             'torch_memory': {'_target_': 'verl.utils.profiler.config.TorchMemoryToolConfig',
[36m(TaskRunnerV1 pid=3666120)[0m                                                                              'memory_snapshot_num_steps': 1,
[36m(TaskRunnerV1 pid=3666120)[0m                                                                              'stack_depth': 32,
[36m(TaskRunnerV1 pid=3666120)[0m                                                                              'trace_alloc_max_entries': 100000}}},
[36m(TaskRunnerV1 pid=3666120)[0m                                'rollout_n': 4,
[36m(TaskRunnerV1 pid=3666120)[0m                                'strategy': 'megatron',
[36m(TaskRunnerV1 pid=3666120)[0m                                'use_torch_compile': True},
[36m(TaskRunnerV1 pid=3666120)[0m                        'rollout': {'_target_': 'verl.workers.config.RolloutConfig',
[36m(TaskRunnerV1 pid=3666120)[0m                                    'agent': {'_target_': 'verl.workers.config.AgentLoopConfig',
[36m(TaskRunnerV1 pid=3666120)[0m                                              'agent_loop_config_path': None,
[36m(TaskRunnerV1 pid=3666120)[0m                                              'custom_async_server': {'_target_': 'verl.workers.config.CustomAsyncServerConfig',
[36m(TaskRunnerV1 pid=3666120)[0m                                                                      'name': None,
[36m(TaskRunnerV1 pid=3666120)[0m                                                                      'path': None},
[36m(TaskRunnerV1 pid=3666120)[0m                                              'default_agent_loop': 'single_turn_agent',
[36m(TaskRunnerV1 pid=3666120)[0m                                              'num_workers': 8},
[36m(TaskRunnerV1 pid=3666120)[0m                                    'calculate_log_probs': True,
[36m(TaskRunnerV1 pid=3666120)[0m                                    'checkpoint_engine': {'_target_': 'verl.workers.config.CheckpointEngineConfig',
[36m(TaskRunnerV1 pid=3666120)[0m                                                          'backend': 'naive',
[36m(TaskRunnerV1 pid=3666120)[0m                                                          'custom_backend_module': None,
[36m(TaskRunnerV1 pid=3666120)[0m                                                          'engine_kwargs': {},
[36m(TaskRunnerV1 pid=3666120)[0m                                                          'update_weights_bucket_megabytes': 2048},
[36m(TaskRunnerV1 pid=3666120)[0m                                    'cudagraph_capture_sizes': None,
[36m(TaskRunnerV1 pid=3666120)[0m                                    'data_parallel_size': 1,
[36m(TaskRunnerV1 pid=3666120)[0m                                    'disable_log_stats': True,
[36m(TaskRunnerV1 pid=3666120)[0m                                    'disaggregation': {'bootstrap_port': None,
[36m(TaskRunnerV1 pid=3666120)[0m                                                       'decode_replicas': 1,
[36m(TaskRunnerV1 pid=3666120)[0m                                                       'decode_tensor_model_parallel_size': None,
[36m(TaskRunnerV1 pid=3666120)[0m                                                       'enabled': False,
[36m(TaskRunnerV1 pid=3666120)[0m                                                       'ib_device': None,
[36m(TaskRunnerV1 pid=3666120)[0m                                                       'prefill_replicas': 1,
[36m(TaskRunnerV1 pid=3666120)[0m                                                       'transfer_backend': 'nixl'},
[36m(TaskRunnerV1 pid=3666120)[0m                                    'do_sample': True,
[36m(TaskRunnerV1 pid=3666120)[0m                                    'dtype': 'bfloat16',
[36m(TaskRunnerV1 pid=3666120)[0m                                    'enable_chunked_prefill': True,
[36m(TaskRunnerV1 pid=3666120)[0m                                    'enable_prefix_caching': True,
[36m(TaskRunnerV1 pid=3666120)[0m                                    'enable_rollout_routing_replay': False,
[36m(TaskRunnerV1 pid=3666120)[0m                                    'enforce_eager': False,
[36m(TaskRunnerV1 pid=3666120)[0m                                    'engine_kwargs': {'sglang': {},
[36m(TaskRunnerV1 pid=3666120)[0m                                                      'trtllm': {},
[36m(TaskRunnerV1 pid=3666120)[0m                                                      'vllm': {}},
[36m(TaskRunnerV1 pid=3666120)[0m                                    'expert_parallel_size': 1,
[36m(TaskRunnerV1 pid=3666120)[0m                                    'free_cache_engine': True,
[36m(TaskRunnerV1 pid=3666120)[0m                                    'full_determinism': False,
[36m(TaskRunnerV1 pid=3666120)[0m                                    'gpu_memory_utilization': 0.5,
[36m(TaskRunnerV1 pid=3666120)[0m                                    'ignore_eos': True,
[36m(TaskRunnerV1 pid=3666120)[0m                                    'layered_summon': False,
[36m(TaskRunnerV1 pid=3666120)[0m                                    'load_format': 'dummy',
[36m(TaskRunnerV1 pid=3666120)[0m                                    'log_prob_max_token_len_per_gpu': 49152,
[36m(TaskRunnerV1 pid=3666120)[0m                                    'log_prob_micro_batch_size': None,
[36m(TaskRunnerV1 pid=3666120)[0m                                    'log_prob_micro_batch_size_per_gpu': 1,
[36m(TaskRunnerV1 pid=3666120)[0m                                    'log_prob_use_dynamic_bsz': False,
[36m(TaskRunnerV1 pid=3666120)[0m                                    'logprobs_mode': 'processed_logprobs',
[36m(TaskRunnerV1 pid=3666120)[0m                                    'max_model_len': 20736,
[36m(TaskRunnerV1 pid=3666120)[0m                                    'max_num_batched_tokens': 65536,
[36m(TaskRunnerV1 pid=3666120)[0m                                    'max_num_seqs': 256,
[36m(TaskRunnerV1 pid=3666120)[0m                                    'mode': 'async',
[36m(TaskRunnerV1 pid=3666120)[0m                                    'moe_load_balance_metrics_interval': 0,
[36m(TaskRunnerV1 pid=3666120)[0m                                    'mtp': {'_target_': 'verl.workers.config.MtpConfig',
[36m(TaskRunnerV1 pid=3666120)[0m                                            'detach_encoder': False,
[36m(TaskRunnerV1 pid=3666120)[0m                                            'enable': False,
[36m(TaskRunnerV1 pid=3666120)[0m                                            'enable_rollout': False,
[36m(TaskRunnerV1 pid=3666120)[0m                                            'enable_train': False,
[36m(TaskRunnerV1 pid=3666120)[0m                                            'method': 'mtp',
[36m(TaskRunnerV1 pid=3666120)[0m                                            'mtp_loss_scaling_factor': 0.1,
[36m(TaskRunnerV1 pid=3666120)[0m                                            'num_speculative_tokens': 1,
[36m(TaskRunnerV1 pid=3666120)[0m                                            'speculative_algorithm': 'EAGLE',
[36m(TaskRunnerV1 pid=3666120)[0m                                            'speculative_eagle_topk': 1,
[36m(TaskRunnerV1 pid=3666120)[0m                                            'speculative_num_draft_tokens': 4,
[36m(TaskRunnerV1 pid=3666120)[0m                                            'speculative_num_steps': 3},
[36m(TaskRunnerV1 pid=3666120)[0m                                    'multi_stage_wake_up': False,
[36m(TaskRunnerV1 pid=3666120)[0m                                    'multi_turn': {'_target_': 'verl.workers.config.MultiTurnConfig',
[36m(TaskRunnerV1 pid=3666120)[0m                                                   'enable': False,
[36m(TaskRunnerV1 pid=3666120)[0m                                                   'format': 'hermes',
[36m(TaskRunnerV1 pid=3666120)[0m                                                   'function_tool_path': None,
[36m(TaskRunnerV1 pid=3666120)[0m                                                   'max_assistant_turns': None,
[36m(TaskRunnerV1 pid=3666120)[0m                                                   'max_parallel_calls': 1,
[36m(TaskRunnerV1 pid=3666120)[0m                                                   'max_tool_response_length': 256,
[36m(TaskRunnerV1 pid=3666120)[0m                                                   'max_user_turns': None,
[36m(TaskRunnerV1 pid=3666120)[0m                                                   'num_repeat_rollouts': None,
[36m(TaskRunnerV1 pid=3666120)[0m                                                   'tokenization_sanity_check_mode': 'strict',
[36m(TaskRunnerV1 pid=3666120)[0m                                                   'tool_config_path': None,
[36m(TaskRunnerV1 pid=3666120)[0m                                                   'tool_response_truncate_side': 'middle',
[36m(TaskRunnerV1 pid=3666120)[0m                                                   'use_inference_chat_template': False},
[36m(TaskRunnerV1 pid=3666120)[0m                                    'n': 4,
[36m(TaskRunnerV1 pid=3666120)[0m                                    'n_gpus_per_node': 8,
[36m(TaskRunnerV1 pid=3666120)[0m                                    'name': 'vllm',
[36m(TaskRunnerV1 pid=3666120)[0m                                    'nnodes': 0,
[36m(TaskRunnerV1 pid=3666120)[0m                                    'over_sample_rate': 0,
[36m(TaskRunnerV1 pid=3666120)[0m                                    'pipeline_model_parallel_size': 1,
[36m(TaskRunnerV1 pid=3666120)[0m                                    'profiler': {'_target_': 'verl.utils.profiler.ProfilerConfig',
[36m(TaskRunnerV1 pid=3666120)[0m                                                 'all_ranks': False,
[36m(TaskRunnerV1 pid=3666120)[0m                                                 'enable': False,
[36m(TaskRunnerV1 pid=3666120)[0m                                                 'finish_hook_all_ranks': False,
[36m(TaskRunnerV1 pid=3666120)[0m                                                 'finish_hook_cmd': None,
[36m(TaskRunnerV1 pid=3666120)[0m                                                 'finish_hook_ranks': [],
[36m(TaskRunnerV1 pid=3666120)[0m                                                 'ranks': [],
[36m(TaskRunnerV1 pid=3666120)[0m                                                 'relocate_results': False,
[36m(TaskRunnerV1 pid=3666120)[0m                                                 'save_path': 'outputs/profile',
[36m(TaskRunnerV1 pid=3666120)[0m                                                 'tool': None,
[36m(TaskRunnerV1 pid=3666120)[0m                                                 'tool_config': {'npu': {'_target_': 'verl.utils.profiler.config.NPUToolConfig',
[36m(TaskRunnerV1 pid=3666120)[0m                                                                         'analysis': True,
[36m(TaskRunnerV1 pid=3666120)[0m                                                                         'contents': [],
[36m(TaskRunnerV1 pid=3666120)[0m                                                                         'discrete': False,
[36m(TaskRunnerV1 pid=3666120)[0m                                                                         'level': 'level0',
[36m(TaskRunnerV1 pid=3666120)[0m                                                                         'profile_token_end': None,
[36m(TaskRunnerV1 pid=3666120)[0m                                                                         'profile_token_start': None},
[36m(TaskRunnerV1 pid=3666120)[0m                                                                 'precision_debugger': {'_target_': 'verl.utils.profiler.config.PrecisionDebuggerToolConfig',
[36m(TaskRunnerV1 pid=3666120)[0m                                                                                        'config_path': None,
[36m(TaskRunnerV1 pid=3666120)[0m                                                                                        'stages': None,
[36m(TaskRunnerV1 pid=3666120)[0m                                                                                        'steps': None,
[36m(TaskRunnerV1 pid=3666120)[0m                                                                                        'strict': False},
[36m(TaskRunnerV1 pid=3666120)[0m                                                                 'torch': {'_target_': 'verl.utils.profiler.config.TorchProfilerToolConfig',
[36m(TaskRunnerV1 pid=3666120)[0m                                                                           'contents': [],
[36m(TaskRunnerV1 pid=3666120)[0m                                                                           'discrete': False,
[36m(TaskRunnerV1 pid=3666120)[0m                                                                           'profile_token_end': None,
[36m(TaskRunnerV1 pid=3666120)[0m                                                                           'profile_token_start': None}}},
[36m(TaskRunnerV1 pid=3666120)[0m                                    'prometheus': {'_target_': 'verl.workers.config.PrometheusConfig',
[36m(TaskRunnerV1 pid=3666120)[0m                                                   'enable': False,
[36m(TaskRunnerV1 pid=3666120)[0m                                                   'file': '/tmp/ray/session_latest/metrics/prometheus/prometheus.yml',
[36m(TaskRunnerV1 pid=3666120)[0m                                                   'port': 9090,
[36m(TaskRunnerV1 pid=3666120)[0m                                                   'served_model_name': '/home/p00938733/Qwen3-8B'},
[36m(TaskRunnerV1 pid=3666120)[0m                                    'prompt_length': 16640,
[36m(TaskRunnerV1 pid=3666120)[0m                                    'qat': {'_target_': 'verl.workers.config.QATEngineConfig',
[36m(TaskRunnerV1 pid=3666120)[0m                                            'activation_observer': None,
[36m(TaskRunnerV1 pid=3666120)[0m                                            'enable': False,
[36m(TaskRunnerV1 pid=3666120)[0m                                            'group_size': 16,
[36m(TaskRunnerV1 pid=3666120)[0m                                            'ignore_patterns': ['lm_head',
[36m(TaskRunnerV1 pid=3666120)[0m                                                                '*mlp.gate'],
[36m(TaskRunnerV1 pid=3666120)[0m                                            'mode': 'w4a16',
[36m(TaskRunnerV1 pid=3666120)[0m                                            'quantization_config_path': None},
[36m(TaskRunnerV1 pid=3666120)[0m                                    'quantization': None,
[36m(TaskRunnerV1 pid=3666120)[0m                                    'quantization_config_file': None,
[36m(TaskRunnerV1 pid=3666120)[0m                                    'response_length': 4096,
[36m(TaskRunnerV1 pid=3666120)[0m                                    'router_config_path': None,
[36m(TaskRunnerV1 pid=3666120)[0m                                    'scheduling_policy': 'fcfs',
[36m(TaskRunnerV1 pid=3666120)[0m                                    'seed': 42,
[36m(TaskRunnerV1 pid=3666120)[0m                                    'skip_tokenizer_init': True,
[36m(TaskRunnerV1 pid=3666120)[0m                                    'temperature': 1.0,
[36m(TaskRunnerV1 pid=3666120)[0m                                    'tensor_model_parallel_size': 4,
[36m(TaskRunnerV1 pid=3666120)[0m                                    'top_k': -1,
[36m(TaskRunnerV1 pid=3666120)[0m                                    'top_p': 0.95,
[36m(TaskRunnerV1 pid=3666120)[0m                                    'trace': {'_target_': 'verl.workers.config.TraceConfig',
[36m(TaskRunnerV1 pid=3666120)[0m                                              'backend': None,
[36m(TaskRunnerV1 pid=3666120)[0m                                              'experiment_name': 'rlmh_combinations_a100',
[36m(TaskRunnerV1 pid=3666120)[0m                                              'max_samples_per_step_per_worker': None,
[36m(TaskRunnerV1 pid=3666120)[0m                                              'project_name': 'rlmh_combinations_a100',
[36m(TaskRunnerV1 pid=3666120)[0m                                              'token2text': False},
[36m(TaskRunnerV1 pid=3666120)[0m                                    'val_kwargs': {'_target_': 'verl.workers.config.SamplingConfig',
[36m(TaskRunnerV1 pid=3666120)[0m                                                   'do_sample': False,
[36m(TaskRunnerV1 pid=3666120)[0m                                                   'n': 1,
[36m(TaskRunnerV1 pid=3666120)[0m                                                   'temperature': 0,
[36m(TaskRunnerV1 pid=3666120)[0m                                                   'top_k': -1,
[36m(TaskRunnerV1 pid=3666120)[0m                                                   'top_p': 1.0}}},
[36m(TaskRunnerV1 pid=3666120)[0m  'algorithm': {'_target_': 'verl.trainer.config.AlgoConfig',
[36m(TaskRunnerV1 pid=3666120)[0m                'adv_estimator': 'grpo',
[36m(TaskRunnerV1 pid=3666120)[0m                'filter_groups': {'_target_': 'verl.trainer.config.FilterGroupsConfig',
[36m(TaskRunnerV1 pid=3666120)[0m                                  'enable': False,
[36m(TaskRunnerV1 pid=3666120)[0m                                  'max_inflight_gen_batches': 1,
[36m(TaskRunnerV1 pid=3666120)[0m                                  'max_num_gen_batches': 0,
[36m(TaskRunnerV1 pid=3666120)[0m                                  'metric': 'reward'},
[36m(TaskRunnerV1 pid=3666120)[0m                'gamma': 1.0,
[36m(TaskRunnerV1 pid=3666120)[0m                'kl_ctrl': {'_target_': 'verl.trainer.config.KLControlConfig',
[36m(TaskRunnerV1 pid=3666120)[0m                            'horizon': 10000,
[36m(TaskRunnerV1 pid=3666120)[0m                            'kl_coef': 0.001,
[36m(TaskRunnerV1 pid=3666120)[0m                            'target_kl': 0.1,
[36m(TaskRunnerV1 pid=3666120)[0m                            'type': 'fixed'},
[36m(TaskRunnerV1 pid=3666120)[0m                'kl_penalty': 'kl',
[36m(TaskRunnerV1 pid=3666120)[0m                'lam': 1.0,
[36m(TaskRunnerV1 pid=3666120)[0m                'norm_adv_by_std_in_grpo': True,
[36m(TaskRunnerV1 pid=3666120)[0m                'pf_ppo': {'reweight_method': 'pow', 'weight_pow': 2.0},
[36m(TaskRunnerV1 pid=3666120)[0m                'rollout_correction': {'bypass_mode': False,
[36m(TaskRunnerV1 pid=3666120)[0m                                       'loss_type': 'ppo_clip',
[36m(TaskRunnerV1 pid=3666120)[0m                                       'rollout_is': None,
[36m(TaskRunnerV1 pid=3666120)[0m                                       'rollout_is_batch_normalize': False,
[36m(TaskRunnerV1 pid=3666120)[0m                                       'rollout_is_threshold': 2.0,
[36m(TaskRunnerV1 pid=3666120)[0m                                       'rollout_rs': None,
[36m(TaskRunnerV1 pid=3666120)[0m                                       'rollout_rs_threshold': None},
[36m(TaskRunnerV1 pid=3666120)[0m                'use_kl_in_reward': False,
[36m(TaskRunnerV1 pid=3666120)[0m                'use_pf_ppo': False},
[36m(TaskRunnerV1 pid=3666120)[0m  'critic': {'_target_': 'verl.workers.config.McoreCriticConfig',
[36m(TaskRunnerV1 pid=3666120)[0m             'checkpoint': {'_target_': 'verl.workers.config.McoreCheckpointConfig',
[36m(TaskRunnerV1 pid=3666120)[0m                            'async_save': False,
[36m(TaskRunnerV1 pid=3666120)[0m                            'load_contents': ['model', 'optimizer', 'extra'],
[36m(TaskRunnerV1 pid=3666120)[0m                            'mbridge_config': {},
[36m(TaskRunnerV1 pid=3666120)[0m                            'save_contents': ['model', 'optimizer', 'extra']},
[36m(TaskRunnerV1 pid=3666120)[0m             'cliprange_value': 0.5,
[36m(TaskRunnerV1 pid=3666120)[0m             'data_loader_seed': 42,
[36m(TaskRunnerV1 pid=3666120)[0m             'enable': None,
[36m(TaskRunnerV1 pid=3666120)[0m             'forward_max_token_len_per_gpu': 32768,
[36m(TaskRunnerV1 pid=3666120)[0m             'loss_agg_mode': 'token-mean',
[36m(TaskRunnerV1 pid=3666120)[0m             'loss_scale_factor': None,
[36m(TaskRunnerV1 pid=3666120)[0m             'megatron': {'_target_': 'verl.workers.config.McoreEngineConfig',
[36m(TaskRunnerV1 pid=3666120)[0m                          'context_parallel_size': 1,
[36m(TaskRunnerV1 pid=3666120)[0m                          'dist_checkpointing_path': None,
[36m(TaskRunnerV1 pid=3666120)[0m                          'dist_checkpointing_prefix': '',
[36m(TaskRunnerV1 pid=3666120)[0m                          'dist_ckpt_optim_fully_reshardable': False,
[36m(TaskRunnerV1 pid=3666120)[0m                          'distrib_optim_fully_reshardable_mem_efficient': False,
[36m(TaskRunnerV1 pid=3666120)[0m                          'dtype': 'bfloat16',
[36m(TaskRunnerV1 pid=3666120)[0m                          'dynamic_context_parallel': False,
[36m(TaskRunnerV1 pid=3666120)[0m                          'entropy_from_logits_chunk_size': 2048,
[36m(TaskRunnerV1 pid=3666120)[0m                          'entropy_from_logits_with_chunking': False,
[36m(TaskRunnerV1 pid=3666120)[0m                          'expert_model_parallel_size': 1,
[36m(TaskRunnerV1 pid=3666120)[0m                          'expert_tensor_parallel_size': None,
[36m(TaskRunnerV1 pid=3666120)[0m                          'forward_only': False,
[36m(TaskRunnerV1 pid=3666120)[0m                          'max_seqlen_per_dp_cp_rank': None,
[36m(TaskRunnerV1 pid=3666120)[0m                          'optimizer_offload': False,
[36m(TaskRunnerV1 pid=3666120)[0m                          'override_ddp_config': {},
[36m(TaskRunnerV1 pid=3666120)[0m                          'override_mcore_model_config': {},
[36m(TaskRunnerV1 pid=3666120)[0m                          'override_transformer_config': {'attention_backend': 'flash',
[36m(TaskRunnerV1 pid=3666120)[0m                                                          'recompute_granularity': None,
[36m(TaskRunnerV1 pid=3666120)[0m                                                          'recompute_method': None,
[36m(TaskRunnerV1 pid=3666120)[0m                                                          'recompute_modules': ['core_attn'],
[36m(TaskRunnerV1 pid=3666120)[0m                                                          'recompute_num_layers': None},
[36m(TaskRunnerV1 pid=3666120)[0m                          'pad_bshd_to_minibatch_max': True,
[36m(TaskRunnerV1 pid=3666120)[0m                          'pad_to_length': False,
[36m(TaskRunnerV1 pid=3666120)[0m                          'pad_to_length_bucket': 512,
[36m(TaskRunnerV1 pid=3666120)[0m                          'param_offload': False,
[36m(TaskRunnerV1 pid=3666120)[0m                          'pipeline_model_parallel_size': 1,
[36m(TaskRunnerV1 pid=3666120)[0m                          'qat': {'_target_': 'verl.workers.config.QATEngineConfig',
[36m(TaskRunnerV1 pid=3666120)[0m                                  'activation_observer': None,
[36m(TaskRunnerV1 pid=3666120)[0m                                  'enable': False,
[36m(TaskRunnerV1 pid=3666120)[0m                                  'group_size': 16,
[36m(TaskRunnerV1 pid=3666120)[0m                                  'ignore_patterns': ['lm_head', '*mlp.gate'],
[36m(TaskRunnerV1 pid=3666120)[0m                                  'mode': 'w4a16',
[36m(TaskRunnerV1 pid=3666120)[0m                                  'quantization_config_path': None},
[36m(TaskRunnerV1 pid=3666120)[0m                          'response_only_lm_head': False,
[36m(TaskRunnerV1 pid=3666120)[0m                          'router_replay': {'_target_': 'verl.workers.config.EngineRouterReplayConfig',
[36m(TaskRunnerV1 pid=3666120)[0m                                            'mode': 'disabled',
[36m(TaskRunnerV1 pid=3666120)[0m                                            'record_file': None,
[36m(TaskRunnerV1 pid=3666120)[0m                                            'replay_file': None},
[36m(TaskRunnerV1 pid=3666120)[0m                          'seed': 42,
[36m(TaskRunnerV1 pid=3666120)[0m                          'sequence_parallel': True,
[36m(TaskRunnerV1 pid=3666120)[0m                          'tensor_model_parallel_size': 1,
[36m(TaskRunnerV1 pid=3666120)[0m                          'use_dist_checkpointing': False,
[36m(TaskRunnerV1 pid=3666120)[0m                          'use_distributed_optimizer': True,
[36m(TaskRunnerV1 pid=3666120)[0m                          'use_mbridge': True,
[36m(TaskRunnerV1 pid=3666120)[0m                          'use_megatron_fsdp': False,
[36m(TaskRunnerV1 pid=3666120)[0m                          'use_remove_padding': True,
[36m(TaskRunnerV1 pid=3666120)[0m                          'vanilla_mbridge': False,
[36m(TaskRunnerV1 pid=3666120)[0m                          'virtual_pipeline_model_parallel_size': None},
[36m(TaskRunnerV1 pid=3666120)[0m             'model': {'_target_': 'verl.workers.config.HFModelConfig',
[36m(TaskRunnerV1 pid=3666120)[0m                       'custom_chat_template': None,
[36m(TaskRunnerV1 pid=3666120)[0m                       'enable_activation_offload': False,
[36m(TaskRunnerV1 pid=3666120)[0m                       'enable_gradient_checkpointing': True,
[36m(TaskRunnerV1 pid=3666120)[0m                       'exclude_modules': None,
[36m(TaskRunnerV1 pid=3666120)[0m                       'external_lib': None,
[36m(TaskRunnerV1 pid=3666120)[0m                       'fused_kernel_options': {'impl_backend': 'torch'},
[36m(TaskRunnerV1 pid=3666120)[0m                       'hf_config_path': None,
[36m(TaskRunnerV1 pid=3666120)[0m                       'lora': {'a2a_experimental': False,
[36m(TaskRunnerV1 pid=3666120)[0m                                'adapter_path': None,
[36m(TaskRunnerV1 pid=3666120)[0m                                'alpha': 32,
[36m(TaskRunnerV1 pid=3666120)[0m                                'dropout': 0.0,
[36m(TaskRunnerV1 pid=3666120)[0m                                'dropout_position': 'pre',
[36m(TaskRunnerV1 pid=3666120)[0m                                'dtype': None,
[36m(TaskRunnerV1 pid=3666120)[0m                                'exclude_modules': [],
[36m(TaskRunnerV1 pid=3666120)[0m                                'freeze_language_model': True,
[36m(TaskRunnerV1 pid=3666120)[0m                                'freeze_vision_model': True,
[36m(TaskRunnerV1 pid=3666120)[0m                                'freeze_vision_projection': True,
[36m(TaskRunnerV1 pid=3666120)[0m                                'lora_A_init_method': 'xavier',
[36m(TaskRunnerV1 pid=3666120)[0m                                'lora_B_init_method': 'zero',
[36m(TaskRunnerV1 pid=3666120)[0m                                'merge': False,
[36m(TaskRunnerV1 pid=3666120)[0m                                'rank': 0,
[36m(TaskRunnerV1 pid=3666120)[0m                                'target_modules': ['linear_qkv',
[36m(TaskRunnerV1 pid=3666120)[0m                                                   'linear_proj',
[36m(TaskRunnerV1 pid=3666120)[0m                                                   'linear_fc1',
[36m(TaskRunnerV1 pid=3666120)[0m                                                   'linear_fc2'],
[36m(TaskRunnerV1 pid=3666120)[0m                                'type': 'lora'},
[36m(TaskRunnerV1 pid=3666120)[0m                       'lora_adapter_path': None,
[36m(TaskRunnerV1 pid=3666120)[0m                       'lora_alpha': 16,
[36m(TaskRunnerV1 pid=3666120)[0m                       'lora_rank': 0,
[36m(TaskRunnerV1 pid=3666120)[0m                       'mtp': {'_target_': 'verl.workers.config.MtpConfig',
[36m(TaskRunnerV1 pid=3666120)[0m                               'detach_encoder': False,
[36m(TaskRunnerV1 pid=3666120)[0m                               'enable': False,
[36m(TaskRunnerV1 pid=3666120)[0m                               'enable_rollout': False,
[36m(TaskRunnerV1 pid=3666120)[0m                               'enable_train': False,
[36m(TaskRunnerV1 pid=3666120)[0m                               'method': 'mtp',
[36m(TaskRunnerV1 pid=3666120)[0m                               'mtp_loss_scaling_factor': 0.1,
[36m(TaskRunnerV1 pid=3666120)[0m                               'num_speculative_tokens': 1,
[36m(TaskRunnerV1 pid=3666120)[0m                               'speculative_algorithm': 'EAGLE',
[36m(TaskRunnerV1 pid=3666120)[0m                               'speculative_eagle_topk': 1,
[36m(TaskRunnerV1 pid=3666120)[0m                               'speculative_num_draft_tokens': 4,
[36m(TaskRunnerV1 pid=3666120)[0m                               'speculative_num_steps': 3},
[36m(TaskRunnerV1 pid=3666120)[0m                       'override_config': {},
[36m(TaskRunnerV1 pid=3666120)[0m                       'path': '~/models/deepseek-llm-7b-chat',
[36m(TaskRunnerV1 pid=3666120)[0m                       'target_modules': 'all-linear',
[36m(TaskRunnerV1 pid=3666120)[0m                       'tiled_mlp': {'enabled': False, 'num_shards': 4},
[36m(TaskRunnerV1 pid=3666120)[0m                       'tokenizer_path': None,
[36m(TaskRunnerV1 pid=3666120)[0m                       'trust_remote_code': False,
[36m(TaskRunnerV1 pid=3666120)[0m                       'use_fused_kernels': False,
[36m(TaskRunnerV1 pid=3666120)[0m                       'use_liger': False,
[36m(TaskRunnerV1 pid=3666120)[0m                       'use_remove_padding': True,
[36m(TaskRunnerV1 pid=3666120)[0m                       'use_shm': False},
[36m(TaskRunnerV1 pid=3666120)[0m             'nccl_timeout': 600,
[36m(TaskRunnerV1 pid=3666120)[0m             'optim': {'_target_': 'verl.workers.config.McoreOptimizerConfig',
[36m(TaskRunnerV1 pid=3666120)[0m                       'betas': [0.9, 0.999],
[36m(TaskRunnerV1 pid=3666120)[0m                       'clip_grad': 1.0,
[36m(TaskRunnerV1 pid=3666120)[0m                       'exp_avg_dtype': 'fp32',
[36m(TaskRunnerV1 pid=3666120)[0m                       'exp_avg_sq_dtype': 'fp32',
[36m(TaskRunnerV1 pid=3666120)[0m                       'lr': 1e-05,
[36m(TaskRunnerV1 pid=3666120)[0m                       'lr_decay_steps': None,
[36m(TaskRunnerV1 pid=3666120)[0m                       'lr_decay_style': 'constant',
[36m(TaskRunnerV1 pid=3666120)[0m                       'lr_warmup_init': 0.0,
[36m(TaskRunnerV1 pid=3666120)[0m                       'lr_warmup_steps': -1,
[36m(TaskRunnerV1 pid=3666120)[0m                       'lr_warmup_steps_ratio': 0.0,
[36m(TaskRunnerV1 pid=3666120)[0m                       'lr_wsd_decay_steps': None,
[36m(TaskRunnerV1 pid=3666120)[0m                       'lr_wsd_decay_style': 'exponential',
[36m(TaskRunnerV1 pid=3666120)[0m                       'main_grads_dtype': 'fp32',
[36m(TaskRunnerV1 pid=3666120)[0m                       'min_lr': 0.0,
[36m(TaskRunnerV1 pid=3666120)[0m                       'muon_coefficient_type': 'quintic',
[36m(TaskRunnerV1 pid=3666120)[0m                       'muon_extra_scale_factor': 1.0,
[36m(TaskRunnerV1 pid=3666120)[0m                       'muon_fp32_matmul_prec': 'medium',
[36m(TaskRunnerV1 pid=3666120)[0m                       'muon_match_adamw_update_rms': False,
[36m(TaskRunnerV1 pid=3666120)[0m                       'muon_momentum': 0.95,
[36m(TaskRunnerV1 pid=3666120)[0m                       'muon_nesterov': False,
[36m(TaskRunnerV1 pid=3666120)[0m                       'muon_num_ns_steps': 5,
[36m(TaskRunnerV1 pid=3666120)[0m                       'muon_scalar_optimizer': 'adam',
[36m(TaskRunnerV1 pid=3666120)[0m                       'muon_scale_mode': 'spectral',
[36m(TaskRunnerV1 pid=3666120)[0m                       'muon_split_qkv': True,
[36m(TaskRunnerV1 pid=3666120)[0m                       'muon_tp_mode': 'blockwise',
[36m(TaskRunnerV1 pid=3666120)[0m                       'optimizer': 'adam',
[36m(TaskRunnerV1 pid=3666120)[0m                       'override_optimizer_config': {},
[36m(TaskRunnerV1 pid=3666120)[0m                       'total_training_steps': -1,
[36m(TaskRunnerV1 pid=3666120)[0m                       'use_checkpoint_opt_param_scheduler': False,
[36m(TaskRunnerV1 pid=3666120)[0m                       'use_layer_wise_distributed_optimizer': False,
[36m(TaskRunnerV1 pid=3666120)[0m                       'use_precision_aware_optimizer': False,
[36m(TaskRunnerV1 pid=3666120)[0m                       'weight_decay': 0.01,
[36m(TaskRunnerV1 pid=3666120)[0m                       'weight_decay_incr_style': 'constant'},
[36m(TaskRunnerV1 pid=3666120)[0m             'ppo_epochs': 1,
[36m(TaskRunnerV1 pid=3666120)[0m             'ppo_max_token_len_per_gpu': 32768,
[36m(TaskRunnerV1 pid=3666120)[0m             'ppo_micro_batch_size': None,
[36m(TaskRunnerV1 pid=3666120)[0m             'ppo_micro_batch_size_per_gpu': None,
[36m(TaskRunnerV1 pid=3666120)[0m             'ppo_mini_batch_size': 1,
[36m(TaskRunnerV1 pid=3666120)[0m             'profiler': {'_target_': 'verl.utils.profiler.ProfilerConfig',
[36m(TaskRunnerV1 pid=3666120)[0m                          'all_ranks': False,
[36m(TaskRunnerV1 pid=3666120)[0m                          'enable': False,
[36m(TaskRunnerV1 pid=3666120)[0m                          'finish_hook_all_ranks': False,
[36m(TaskRunnerV1 pid=3666120)[0m                          'finish_hook_cmd': None,
[36m(TaskRunnerV1 pid=3666120)[0m                          'finish_hook_ranks': [],
[36m(TaskRunnerV1 pid=3666120)[0m                          'ranks': [],
[36m(TaskRunnerV1 pid=3666120)[0m                          'relocate_results': False,
[36m(TaskRunnerV1 pid=3666120)[0m                          'save_path': 'outputs/profile',
[36m(TaskRunnerV1 pid=3666120)[0m                          'tool': None,
[36m(TaskRunnerV1 pid=3666120)[0m                          'tool_config': {'npu': {'_target_': 'verl.utils.profiler.config.NPUToolConfig',
[36m(TaskRunnerV1 pid=3666120)[0m                                                  'analysis': True,
[36m(TaskRunnerV1 pid=3666120)[0m                                                  'contents': [],
[36m(TaskRunnerV1 pid=3666120)[0m                                                  'discrete': False,
[36m(TaskRunnerV1 pid=3666120)[0m                                                  'level': 'level0'},
[36m(TaskRunnerV1 pid=3666120)[0m                                          'nsys': {'_target_': 'verl.utils.profiler.config.NsightToolConfig',
[36m(TaskRunnerV1 pid=3666120)[0m                                                   'discrete': False},
[36m(TaskRunnerV1 pid=3666120)[0m                                          'precision_debugger': {'_target_': 'verl.utils.profiler.config.PrecisionDebuggerToolConfig',
[36m(TaskRunnerV1 pid=3666120)[0m                                                                 'config_path': None,
[36m(TaskRunnerV1 pid=3666120)[0m                                                                 'stages': None,
[36m(TaskRunnerV1 pid=3666120)[0m                                                                 'steps': None,
[36m(TaskRunnerV1 pid=3666120)[0m                                                                 'strict': False},
[36m(TaskRunnerV1 pid=3666120)[0m                                          'torch': {'_target_': 'verl.utils.profiler.config.TorchProfilerToolConfig',
[36m(TaskRunnerV1 pid=3666120)[0m                                                    'contents': [],
[36m(TaskRunnerV1 pid=3666120)[0m                                                    'discrete': False,
[36m(TaskRunnerV1 pid=3666120)[0m                                                    'schedule': {'_target_': 'verl.utils.profiler.config.TorchProfilerScheduleConfig',
[36m(TaskRunnerV1 pid=3666120)[0m                                                                 'active': 0,
[36m(TaskRunnerV1 pid=3666120)[0m                                                                 'repeat': 0,
[36m(TaskRunnerV1 pid=3666120)[0m                                                                 'skip_first': 0,
[36m(TaskRunnerV1 pid=3666120)[0m                                                                 'wait': 0,
[36m(TaskRunnerV1 pid=3666120)[0m                                                                 'warmup': 0}},
[36m(TaskRunnerV1 pid=3666120)[0m                                          'torch_memory': {'_target_': 'verl.utils.profiler.config.TorchMemoryToolConfig',
[36m(TaskRunnerV1 pid=3666120)[0m                                                           'memory_snapshot_num_steps': 1,
[36m(TaskRunnerV1 pid=3666120)[0m                                                           'stack_depth': 32,
[36m(TaskRunnerV1 pid=3666120)[0m                                                           'trace_alloc_max_entries': 100000}}},
[36m(TaskRunnerV1 pid=3666120)[0m             'rollout_n': 4,
[36m(TaskRunnerV1 pid=3666120)[0m             'shuffle': False,
[36m(TaskRunnerV1 pid=3666120)[0m             'strategy': 'megatron',
[36m(TaskRunnerV1 pid=3666120)[0m             'use_dynamic_bsz': False},
[36m(TaskRunnerV1 pid=3666120)[0m  'custom_reward_function': {'name': None, 'path': None},
[36m(TaskRunnerV1 pid=3666120)[0m  'data': {'apply_chat_template_kwargs': {'enable_thinking': False},
[36m(TaskRunnerV1 pid=3666120)[0m           'audio_key': 'audios',
[36m(TaskRunnerV1 pid=3666120)[0m           'custom_cls': {'name': None, 'path': None},
[36m(TaskRunnerV1 pid=3666120)[0m           'dataloader_num_workers': 0,
[36m(TaskRunnerV1 pid=3666120)[0m           'filter_overlong_prompts': False,
[36m(TaskRunnerV1 pid=3666120)[0m           'filter_overlong_prompts_workers': 1,
[36m(TaskRunnerV1 pid=3666120)[0m           'function_tool_path': None,
[36m(TaskRunnerV1 pid=3666120)[0m           'gen_batch_size': 4,
[36m(TaskRunnerV1 pid=3666120)[0m           'image_key': 'images',
[36m(TaskRunnerV1 pid=3666120)[0m           'image_patch_size': 14,
[36m(TaskRunnerV1 pid=3666120)[0m           'max_prompt_length': 16640,
[36m(TaskRunnerV1 pid=3666120)[0m           'max_response_length': 4096,
[36m(TaskRunnerV1 pid=3666120)[0m           'mm_processor_kwargs': {},
[36m(TaskRunnerV1 pid=3666120)[0m           'prompt_key': 'prompt',
[36m(TaskRunnerV1 pid=3666120)[0m           'return_full_prompt': False,
[36m(TaskRunnerV1 pid=3666120)[0m           'return_multi_modal_inputs': True,
[36m(TaskRunnerV1 pid=3666120)[0m           'return_raw_chat': True,
[36m(TaskRunnerV1 pid=3666120)[0m           'return_raw_input_ids': False,
[36m(TaskRunnerV1 pid=3666120)[0m           'reward_fn_key': 'data_source',
[36m(TaskRunnerV1 pid=3666120)[0m           'seed': 42,
[36m(TaskRunnerV1 pid=3666120)[0m           'shuffle': False,
[36m(TaskRunnerV1 pid=3666120)[0m           'tokenizer': None,
[36m(TaskRunnerV1 pid=3666120)[0m           'tool_config_path': None,
[36m(TaskRunnerV1 pid=3666120)[0m           'train_batch_size': 4,
[36m(TaskRunnerV1 pid=3666120)[0m           'train_files': '/home/p00938733/ruler-verl/16k4k/train.parquet',
[36m(TaskRunnerV1 pid=3666120)[0m           'train_max_samples': -1,
[36m(TaskRunnerV1 pid=3666120)[0m           'truncation': 'error',
[36m(TaskRunnerV1 pid=3666120)[0m           'trust_remote_code': False,
[36m(TaskRunnerV1 pid=3666120)[0m           'use_shm': False,
[36m(TaskRunnerV1 pid=3666120)[0m           'val_batch_size': None,
[36m(TaskRunnerV1 pid=3666120)[0m           'val_files': '/home/p00938733/ruler-verl/16k4k/test.parquet',
[36m(TaskRunnerV1 pid=3666120)[0m           'val_max_samples': -1,
[36m(TaskRunnerV1 pid=3666120)[0m           'validation_shuffle': False,
[36m(TaskRunnerV1 pid=3666120)[0m           'video_key': 'videos'},
[36m(TaskRunnerV1 pid=3666120)[0m  'distillation': {'_target_': 'verl.workers.config.DistillationConfig',
[36m(TaskRunnerV1 pid=3666120)[0m                   'distillation_loss': {'_target_': 'verl.workers.config.DistillationLossConfig',
[36m(TaskRunnerV1 pid=3666120)[0m                                         'clip_ratio': 0.2,
[36m(TaskRunnerV1 pid=3666120)[0m                                         'clip_ratio_high': 0.2,
[36m(TaskRunnerV1 pid=3666120)[0m                                         'clip_ratio_low': 0.2,
[36m(TaskRunnerV1 pid=3666120)[0m                                         'distillation_loss_coef': 1.0,
[36m(TaskRunnerV1 pid=3666120)[0m                                         'log_prob_min_clamp': None,
[36m(TaskRunnerV1 pid=3666120)[0m                                         'loss_max_clamp': None,
[36m(TaskRunnerV1 pid=3666120)[0m                                         'loss_mode': 'k3',
[36m(TaskRunnerV1 pid=3666120)[0m                                         'policy_loss_mode': 'vanilla',
[36m(TaskRunnerV1 pid=3666120)[0m                                         'topk': 32,
[36m(TaskRunnerV1 pid=3666120)[0m                                         'use_policy_gradient': False,
[36m(TaskRunnerV1 pid=3666120)[0m                                         'use_task_rewards': True},
[36m(TaskRunnerV1 pid=3666120)[0m                   'enabled': False,
[36m(TaskRunnerV1 pid=3666120)[0m                   'n_gpus_per_node': 8,
[36m(TaskRunnerV1 pid=3666120)[0m                   'nnodes': 0,
[36m(TaskRunnerV1 pid=3666120)[0m                   'teacher_key': 'data_source',
[36m(TaskRunnerV1 pid=3666120)[0m                   'teacher_models': {'teacher_model': {'_target_': 'verl.workers.config.DistillationTeacherModelConfig',
[36m(TaskRunnerV1 pid=3666120)[0m                                                        'inference': {'_target_': 'verl.workers.config.RolloutConfig',
[36m(TaskRunnerV1 pid=3666120)[0m                                                                      'cudagraph_capture_sizes': None,
[36m(TaskRunnerV1 pid=3666120)[0m                                                                      'data_parallel_size': 1,
[36m(TaskRunnerV1 pid=3666120)[0m                                                                      'disable_log_stats': True,
[36m(TaskRunnerV1 pid=3666120)[0m                                                                      'dtype': 'bfloat16',
[36m(TaskRunnerV1 pid=3666120)[0m                                                                      'enable_chunked_prefill': True,
[36m(TaskRunnerV1 pid=3666120)[0m                                                                      'enable_prefix_caching': True,
[36m(TaskRunnerV1 pid=3666120)[0m                                                                      'enforce_eager': True,
[36m(TaskRunnerV1 pid=3666120)[0m                                                                      'engine_kwargs': {},
[36m(TaskRunnerV1 pid=3666120)[0m                                                                      'expert_parallel_size': 1,
[36m(TaskRunnerV1 pid=3666120)[0m                                                                      'free_cache_engine': True,
[36m(TaskRunnerV1 pid=3666120)[0m                                                                      'gpu_memory_utilization': 0.5,
[36m(TaskRunnerV1 pid=3666120)[0m                                                                      'limit_images': None,
[36m(TaskRunnerV1 pid=3666120)[0m                                                                      'load_format': 'auto',
[36m(TaskRunnerV1 pid=3666120)[0m                                                                      'max_model_len': None,
[36m(TaskRunnerV1 pid=3666120)[0m                                                                      'max_num_batched_tokens': 8192,
[36m(TaskRunnerV1 pid=3666120)[0m                                                                      'max_num_seqs': 1024,
[36m(TaskRunnerV1 pid=3666120)[0m                                                                      'name': 'vllm',
[36m(TaskRunnerV1 pid=3666120)[0m                                                                      'prompt_length': 16640,
[36m(TaskRunnerV1 pid=3666120)[0m                                                                      'response_length': 4096,
[36m(TaskRunnerV1 pid=3666120)[0m                                                                      'skip_tokenizer_init': True,
[36m(TaskRunnerV1 pid=3666120)[0m                                                                      'temperature': 1.0,
[36m(TaskRunnerV1 pid=3666120)[0m                                                                      'tensor_model_parallel_size': 2},
[36m(TaskRunnerV1 pid=3666120)[0m                                                        'key': None,
[36m(TaskRunnerV1 pid=3666120)[0m                                                        'model_path': None,
[36m(TaskRunnerV1 pid=3666120)[0m                                                        'num_replicas': 0}}},
[36m(TaskRunnerV1 pid=3666120)[0m  'global_profiler': {'_target_': 'verl.utils.profiler.ProfilerConfig',
[36m(TaskRunnerV1 pid=3666120)[0m                      'finish_hook_all_ranks': False,
[36m(TaskRunnerV1 pid=3666120)[0m                      'finish_hook_cmd': None,
[36m(TaskRunnerV1 pid=3666120)[0m                      'finish_hook_ranks': [],
[36m(TaskRunnerV1 pid=3666120)[0m                      'global_tool_config': {'nsys': {'_target_': 'verl.utils.profiler.config.NsightToolConfig',
[36m(TaskRunnerV1 pid=3666120)[0m                                                      'controller_nsight_options': {'cuda-graph-trace': 'graph',
[36m(TaskRunnerV1 pid=3666120)[0m                                                                                    'cuda-memory-usage': 'true',
[36m(TaskRunnerV1 pid=3666120)[0m                                                                                    'trace': 'cuda,nvtx,cublas,ucx'},
[36m(TaskRunnerV1 pid=3666120)[0m                                                      'discrete': False,
[36m(TaskRunnerV1 pid=3666120)[0m                                                      'worker_nsight_options': {'capture-range': 'cudaProfilerApi',
[36m(TaskRunnerV1 pid=3666120)[0m                                                                                'capture-range-end': None,
[36m(TaskRunnerV1 pid=3666120)[0m                                                                                'cuda-graph-trace': 'graph',
[36m(TaskRunnerV1 pid=3666120)[0m                                                                                'cuda-memory-usage': 'true',
[36m(TaskRunnerV1 pid=3666120)[0m                                                                                'kill': 'none',
[36m(TaskRunnerV1 pid=3666120)[0m                                                                                'trace': 'cuda,nvtx,cublas,ucx'}},
[36m(TaskRunnerV1 pid=3666120)[0m                                             'precision_debugger': {'_target_': 'verl.utils.profiler.config.PrecisionDebuggerToolConfig',
[36m(TaskRunnerV1 pid=3666120)[0m                                                                    'config_path': None,
[36m(TaskRunnerV1 pid=3666120)[0m                                                                    'stages': None,
[36m(TaskRunnerV1 pid=3666120)[0m                                                                    'steps': None,
[36m(TaskRunnerV1 pid=3666120)[0m                                                                    'strict': False},
[36m(TaskRunnerV1 pid=3666120)[0m                                             'torch_memory': {'context': 'all',
[36m(TaskRunnerV1 pid=3666120)[0m                                                              'kw_args': {},
[36m(TaskRunnerV1 pid=3666120)[0m                                                              'memory_snapshot_num_steps': 1,
[36m(TaskRunnerV1 pid=3666120)[0m                                                              'stack_depth': 32,
[36m(TaskRunnerV1 pid=3666120)[0m                                                              'stacks': 'all',
[36m(TaskRunnerV1 pid=3666120)[0m                                                              'trace_alloc_max_entries': 100000}},
[36m(TaskRunnerV1 pid=3666120)[0m                      'profile_continuous_steps': False,
[36m(TaskRunnerV1 pid=3666120)[0m                      'relocate_results': False,
[36m(TaskRunnerV1 pid=3666120)[0m                      'save_path': 'outputs/profile',
[36m(TaskRunnerV1 pid=3666120)[0m                      'steps': None,
[36m(TaskRunnerV1 pid=3666120)[0m                      'tool': None},
[36m(TaskRunnerV1 pid=3666120)[0m  'model_engine': 'megatron',
[36m(TaskRunnerV1 pid=3666120)[0m  'ray_kwargs': {'ray_init': {'num_cpus': None,
[36m(TaskRunnerV1 pid=3666120)[0m                              'runtime_env': {'env_vars': {'VERL_RESPONSE_ONLY_LM_HEAD_PROFILE': '1'},
[36m(TaskRunnerV1 pid=3666120)[0m                                              'py_executable': None}},
[36m(TaskRunnerV1 pid=3666120)[0m                 'timeline_json_file': None},
[36m(TaskRunnerV1 pid=3666120)[0m  'reward': {'_target_': 'verl.workers.config.RewardConfig',
[36m(TaskRunnerV1 pid=3666120)[0m             'custom_reward_function': {'name': 'compute_score',
[36m(TaskRunnerV1 pid=3666120)[0m                                        'path': '/home/p00938733/ruler-verl/ruler_niah_reward.py'},
[36m(TaskRunnerV1 pid=3666120)[0m             'num_workers': 8,
[36m(TaskRunnerV1 pid=3666120)[0m             'reward_manager': {'_target_': 'verl.workers.config.reward.RewardManagerConfig',
[36m(TaskRunnerV1 pid=3666120)[0m                                'module': {'_target_': 'verl.trainer.config.config.ModuleConfig',
[36m(TaskRunnerV1 pid=3666120)[0m                                           'name': 'custom_reward_manager',
[36m(TaskRunnerV1 pid=3666120)[0m                                           'path': None},
[36m(TaskRunnerV1 pid=3666120)[0m                                'name': 'naive',
[36m(TaskRunnerV1 pid=3666120)[0m                                'source': 'register'},
[36m(TaskRunnerV1 pid=3666120)[0m             'reward_model': {'_target_': 'verl.workers.config.RewardModelConfig',
[36m(TaskRunnerV1 pid=3666120)[0m                              'enable': False,
[36m(TaskRunnerV1 pid=3666120)[0m                              'enable_resource_pool': False,
[36m(TaskRunnerV1 pid=3666120)[0m                              'model_path': None,
[36m(TaskRunnerV1 pid=3666120)[0m                              'n_gpus_per_node': 8,
[36m(TaskRunnerV1 pid=3666120)[0m                              'nnodes': 0,
[36m(TaskRunnerV1 pid=3666120)[0m                              'rollout': {'_target_': 'verl.workers.config.RolloutConfig',
[36m(TaskRunnerV1 pid=3666120)[0m                                          'cudagraph_capture_sizes': None,
[36m(TaskRunnerV1 pid=3666120)[0m                                          'data_parallel_size': 1,
[36m(TaskRunnerV1 pid=3666120)[0m                                          'disable_log_stats': True,
[36m(TaskRunnerV1 pid=3666120)[0m                                          'disaggregation': {'bootstrap_port': None,
[36m(TaskRunnerV1 pid=3666120)[0m                                                             'decode_replicas': 1,
[36m(TaskRunnerV1 pid=3666120)[0m                                                             'decode_tensor_model_parallel_size': None,
[36m(TaskRunnerV1 pid=3666120)[0m                                                             'enabled': False,
[36m(TaskRunnerV1 pid=3666120)[0m                                                             'ib_device': None,
[36m(TaskRunnerV1 pid=3666120)[0m                                                             'prefill_replicas': 1,
[36m(TaskRunnerV1 pid=3666120)[0m                                                             'transfer_backend': 'nixl'},
[36m(TaskRunnerV1 pid=3666120)[0m                                          'do_sample': True,
[36m(TaskRunnerV1 pid=3666120)[0m                                          'dtype': 'bfloat16',
[36m(TaskRunnerV1 pid=3666120)[0m                                          'enable_chunked_prefill': True,
[36m(TaskRunnerV1 pid=3666120)[0m                                          'enable_prefix_caching': True,
[36m(TaskRunnerV1 pid=3666120)[0m                                          'enforce_eager': True,
[36m(TaskRunnerV1 pid=3666120)[0m                                          'engine_kwargs': {},
[36m(TaskRunnerV1 pid=3666120)[0m                                          'expert_parallel_size': 1,
[36m(TaskRunnerV1 pid=3666120)[0m                                          'free_cache_engine': True,
[36m(TaskRunnerV1 pid=3666120)[0m                                          'full_determinism': False,
[36m(TaskRunnerV1 pid=3666120)[0m                                          'gpu_memory_utilization': 0.5,
[36m(TaskRunnerV1 pid=3666120)[0m                                          'ignore_eos': False,
[36m(TaskRunnerV1 pid=3666120)[0m                                          'layered_summon': False,
[36m(TaskRunnerV1 pid=3666120)[0m                                          'limit_images': None,
[36m(TaskRunnerV1 pid=3666120)[0m                                          'load_format': 'auto',
[36m(TaskRunnerV1 pid=3666120)[0m                                          'max_model_len': None,
[36m(TaskRunnerV1 pid=3666120)[0m                                          'max_num_batched_tokens': 8192,
[36m(TaskRunnerV1 pid=3666120)[0m                                          'max_num_seqs': 1024,
[36m(TaskRunnerV1 pid=3666120)[0m                                          'mtp': None,
[36m(TaskRunnerV1 pid=3666120)[0m                                          'multi_stage_wake_up': False,
[36m(TaskRunnerV1 pid=3666120)[0m                                          'n': 1,
[36m(TaskRunnerV1 pid=3666120)[0m                                          'name': '???',
[36m(TaskRunnerV1 pid=3666120)[0m                                          'pipeline_model_parallel_size': 1,
[36m(TaskRunnerV1 pid=3666120)[0m                                          'prompt_length': 2048,
[36m(TaskRunnerV1 pid=3666120)[0m                                          'quantization': None,
[36m(TaskRunnerV1 pid=3666120)[0m                                          'quantization_config_file': None,
[36m(TaskRunnerV1 pid=3666120)[0m                                          'response_length': 2048,
[36m(TaskRunnerV1 pid=3666120)[0m                                          'scheduling_policy': 'fcfs',
[36m(TaskRunnerV1 pid=3666120)[0m                                          'seed': 42,
[36m(TaskRunnerV1 pid=3666120)[0m                                          'skip_tokenizer_init': False,
[36m(TaskRunnerV1 pid=3666120)[0m                                          'temperature': 1.0,
[36m(TaskRunnerV1 pid=3666120)[0m                                          'tensor_model_parallel_size': 2,
[36m(TaskRunnerV1 pid=3666120)[0m                                          'top_k': -1,
[36m(TaskRunnerV1 pid=3666120)[0m                                          'top_p': 1}},
[36m(TaskRunnerV1 pid=3666120)[0m             'sandbox_fusion': {'_target_': 'verl.workers.config.SandboxFusionConfig',
[36m(TaskRunnerV1 pid=3666120)[0m                                'max_concurrent': 64,
[36m(TaskRunnerV1 pid=3666120)[0m                                'memory_limit_mb': 1024,
[36m(TaskRunnerV1 pid=3666120)[0m                                'url': None}},
[36m(TaskRunnerV1 pid=3666120)[0m  'reward_model': {'enable': None,
[36m(TaskRunnerV1 pid=3666120)[0m                   'enable_resource_pool': None,
[36m(TaskRunnerV1 pid=3666120)[0m                   'model': {'external_lib': None,
[36m(TaskRunnerV1 pid=3666120)[0m                             'path': None,
[36m(TaskRunnerV1 pid=3666120)[0m                             'trust_remote_code': None},
[36m(TaskRunnerV1 pid=3666120)[0m                   'n_gpus_per_node': None,
[36m(TaskRunnerV1 pid=3666120)[0m                   'nnodes': None,
[36m(TaskRunnerV1 pid=3666120)[0m                   'num_workers': None,
[36m(TaskRunnerV1 pid=3666120)[0m                   'reward_loop_class_name': None,
[36m(TaskRunnerV1 pid=3666120)[0m                   'reward_loop_module_path': None,
[36m(TaskRunnerV1 pid=3666120)[0m                   'reward_loop_source': None,
[36m(TaskRunnerV1 pid=3666120)[0m                   'reward_manager': None,
[36m(TaskRunnerV1 pid=3666120)[0m                   'rollout': {'cudagraph_capture_sizes': None,
[36m(TaskRunnerV1 pid=3666120)[0m                               'data_parallel_size': None,
[36m(TaskRunnerV1 pid=3666120)[0m                               'disable_log_stats': None,
[36m(TaskRunnerV1 pid=3666120)[0m                               'dtype': None,
[36m(TaskRunnerV1 pid=3666120)[0m                               'enable_chunked_prefill': None,
[36m(TaskRunnerV1 pid=3666120)[0m                               'enable_prefix_caching': None,
[36m(TaskRunnerV1 pid=3666120)[0m                               'enforce_eager': None,
[36m(TaskRunnerV1 pid=3666120)[0m                               'engine_kwargs': None,
[36m(TaskRunnerV1 pid=3666120)[0m                               'expert_parallel_size': None,
[36m(TaskRunnerV1 pid=3666120)[0m                               'free_cache_engine': None,
[36m(TaskRunnerV1 pid=3666120)[0m                               'gpu_memory_utilization': None,
[36m(TaskRunnerV1 pid=3666120)[0m                               'limit_images': None,
[36m(TaskRunnerV1 pid=3666120)[0m                               'load_format': None,
[36m(TaskRunnerV1 pid=3666120)[0m                               'max_model_len': None,
[36m(TaskRunnerV1 pid=3666120)[0m                               'max_num_batched_tokens': None,
[36m(TaskRunnerV1 pid=3666120)[0m                               'max_num_seqs': None,
[36m(TaskRunnerV1 pid=3666120)[0m                               'name': None,
[36m(TaskRunnerV1 pid=3666120)[0m                               'prompt_length': None,
[36m(TaskRunnerV1 pid=3666120)[0m                               'response_length': None,
[36m(TaskRunnerV1 pid=3666120)[0m                               'skip_tokenizer_init': None,
[36m(TaskRunnerV1 pid=3666120)[0m                               'tensor_model_parallel_size': None}},
[36m(TaskRunnerV1 pid=3666120)[0m  'sandbox_fusion': {'max_concurrent': None,
[36m(TaskRunnerV1 pid=3666120)[0m                     'memory_limit_mb': None,
[36m(TaskRunnerV1 pid=3666120)[0m                     'url': None},
[36m(TaskRunnerV1 pid=3666120)[0m  'skip': {'_target_': 'verl.utils.skip.SkipManagerConfig',
[36m(TaskRunnerV1 pid=3666120)[0m           'async_rollout': {'action': 'cache',
[36m(TaskRunnerV1 pid=3666120)[0m                             'dump_dir': '~/.verl/rollout_dump',
[36m(TaskRunnerV1 pid=3666120)[0m                             'enable': False,
[36m(TaskRunnerV1 pid=3666120)[0m                             'steps': []},
[36m(TaskRunnerV1 pid=3666120)[0m           'rollout': {'action': 'cache',
[36m(TaskRunnerV1 pid=3666120)[0m                       'dump_dir': '~/.verl/rollout_dump',
[36m(TaskRunnerV1 pid=3666120)[0m                       'enable': False,
[36m(TaskRunnerV1 pid=3666120)[0m                       'steps': []},
[36m(TaskRunnerV1 pid=3666120)[0m           'rollout_tq': {'action': 'cache',
[36m(TaskRunnerV1 pid=3666120)[0m                          'dump_dir': '/home/p00938733/rlmh-cache/16k4k-recompute-20260910-205736',
[36m(TaskRunnerV1 pid=3666120)[0m                          'enable': True,
[36m(TaskRunnerV1 pid=3666120)[0m                          'steps': [1, 2, 3, 4]}},
[36m(TaskRunnerV1 pid=3666120)[0m  'trainer': {'balance_batch': True,
[36m(TaskRunnerV1 pid=3666120)[0m              'checkpoint_callback_class': None,
[36m(TaskRunnerV1 pid=3666120)[0m              'critic_warmup': 0,
[36m(TaskRunnerV1 pid=3666120)[0m              'default_hdfs_dir': None,
[36m(TaskRunnerV1 pid=3666120)[0m              'default_local_dir': 'checkpoints/rlmh_combinations_a100/rlmh_combinations_a100',
[36m(TaskRunnerV1 pid=3666120)[0m              'del_local_ckpt_after_load': False,
[36m(TaskRunnerV1 pid=3666120)[0m              'device': 'cuda',
[36m(TaskRunnerV1 pid=3666120)[0m              'esi_redundant_time': 0,
[36m(TaskRunnerV1 pid=3666120)[0m              'experiment_name': 'rlmh_combinations_a100',
[36m(TaskRunnerV1 pid=3666120)[0m              'log_val_generations': 0,
[36m(TaskRunnerV1 pid=3666120)[0m              'logger': ['console'],
[36m(TaskRunnerV1 pid=3666120)[0m              'max_actor_ckpt_to_keep': None,
[36m(TaskRunnerV1 pid=3666120)[0m              'max_critic_ckpt_to_keep': None,
[36m(TaskRunnerV1 pid=3666120)[0m              'n_gpus_per_node': 8,
[36m(TaskRunnerV1 pid=3666120)[0m              'nnodes': 1,
[36m(TaskRunnerV1 pid=3666120)[0m              'project_name': 'rlmh_combinations_a100',
[36m(TaskRunnerV1 pid=3666120)[0m              'ray_wait_register_center_timeout': 300,
[36m(TaskRunnerV1 pid=3666120)[0m              'resume_from_path': None,
[36m(TaskRunnerV1 pid=3666120)[0m              'resume_mode': 'disable',
[36m(TaskRunnerV1 pid=3666120)[0m              'rollout_data_dir': None,
[36m(TaskRunnerV1 pid=3666120)[0m              'save_freq': -1,
[36m(TaskRunnerV1 pid=3666120)[0m              'test_freq': -1,
[36m(TaskRunnerV1 pid=3666120)[0m              'total_epochs': 15,
[36m(TaskRunnerV1 pid=3666120)[0m              'total_training_steps': 4,
[36m(TaskRunnerV1 pid=3666120)[0m              'use_v1': True,
[36m(TaskRunnerV1 pid=3666120)[0m              'v1': {'colocate_async': {'num_warmup_batches': 1},
[36m(TaskRunnerV1 pid=3666120)[0m                     'sampler': {'custom_sampler': {'name': None, 'path': None},
[36m(TaskRunnerV1 pid=3666120)[0m                                 'max_off_policy_strategy': 'drop',
[36m(TaskRunnerV1 pid=3666120)[0m                                 'max_off_policy_threshold': 8,
[36m(TaskRunnerV1 pid=3666120)[0m                                 'sampler_kwargs': {},
[36m(TaskRunnerV1 pid=3666120)[0m                                 'sync_refill_failed_groups': False},
[36m(TaskRunnerV1 pid=3666120)[0m                     'separate_async': {'hybrid_rollout': {'_target_': 'verl.trainer.config.HybridRolloutSwitchConfig',
[36m(TaskRunnerV1 pid=3666120)[0m                                                           'adaptive_switch_threshold': True,
[36m(TaskRunnerV1 pid=3666120)[0m                                                           'enable_switch': False,
[36m(TaskRunnerV1 pid=3666120)[0m                                                           'switch_cost_window_size': 3,
[36m(TaskRunnerV1 pid=3666120)[0m                                                           'switch_threshold_ratio': 0.4,
[36m(TaskRunnerV1 pid=3666120)[0m                                                           'switch_threshold_release_steps': 2,
[36m(TaskRunnerV1 pid=3666120)[0m                                                           'switch_threshold_step_down': 0.03,
[36m(TaskRunnerV1 pid=3666120)[0m                                                           'switch_threshold_step_up': 0.05},
[36m(TaskRunnerV1 pid=3666120)[0m                                        'num_warmup_batches': 1,
[36m(TaskRunnerV1 pid=3666120)[0m                                        'parameter_sync_step': 4},
[36m(TaskRunnerV1 pid=3666120)[0m                     'sync': {},
[36m(TaskRunnerV1 pid=3666120)[0m                     'trainer_mode': 'sync'},
[36m(TaskRunnerV1 pid=3666120)[0m              'val_before_train': False,
[36m(TaskRunnerV1 pid=3666120)[0m              'val_only': False,
[36m(TaskRunnerV1 pid=3666120)[0m              'validation_data_dir': None},
[36m(TaskRunnerV1 pid=3666120)[0m  'transfer_queue': {'backend': {'MooncakeStore': {'auto_init': False,
[36m(TaskRunnerV1 pid=3666120)[0m                                                   'device_name': '',
[36m(TaskRunnerV1 pid=3666120)[0m                                                   'global_segment_size': 4294967296,
[36m(TaskRunnerV1 pid=3666120)[0m                                                   'local_buffer_size': 1073741824,
[36m(TaskRunnerV1 pid=3666120)[0m                                                   'local_hostname': 'localhost',
[36m(TaskRunnerV1 pid=3666120)[0m                                                   'master_server_address': 'localhost:50124',
[36m(TaskRunnerV1 pid=3666120)[0m                                                   'metadata_server': 'localhost:50123',
[36m(TaskRunnerV1 pid=3666120)[0m                                                   'protocol': 'tcp'},
[36m(TaskRunnerV1 pid=3666120)[0m                                 'SimpleStorage': {'num_data_storage_units': 8,
[36m(TaskRunnerV1 pid=3666120)[0m                                                   'total_storage_size': 100000},
[36m(TaskRunnerV1 pid=3666120)[0m                                 'storage_backend': 'SimpleStorage'},
[36m(TaskRunnerV1 pid=3666120)[0m                     'enable': True,
[36m(TaskRunnerV1 pid=3666120)[0m                     'metrics': {'enabled': False, 'port': 0}}}
[36m(TaskRunnerV1 pid=3666120)[0m /home/p00938733/verl-090/verl/trainer/ppo/v1/trainer_base.py:129: UserWarning: Disabled critic as algorithm.adv_estimator != gae. If it is not intended, please set critic.enable=True
[36m(TaskRunnerV1 pid=3666120)[0m   self.use_critic = need_critic(self.config)
[36m(TaskRunnerV1 pid=3666120)[0m Using dataset class: RLHFDataset
[36m(TaskRunnerV1 pid=3666120)[0m dataset len: 8
[36m(TaskRunnerV1 pid=3666120)[0m Using dataset class: RLHFDataset
[36m(TaskRunnerV1 pid=3666120)[0m INFO:2026-09-10 23:06:58,089:train and validate dataloader initialized, train dataset size: 8, val dataset size: 4
[36m(TaskRunnerV1 pid=3666120)[0m INFO:2026-09-10 23:06:58,089:Total training steps: 4
[36m(TaskRunnerV1 pid=3666120)[0m /home/p00938733/verl-090/verl/trainer/ppo/v1/trainer_base.py:755: UserWarning: Disabled critic as algorithm.adv_estimator != gae. If it is not intended, please set critic.enable=True
[36m(TaskRunnerV1 pid=3666120)[0m   if need_critic(config):
[36m(TaskRunnerV1 pid=3666120)[0m INFO:2026-09-10 23:06:58,095:worker group kwargs: {'device_name': 'cuda'}
[36m(TaskRunnerV1 pid=3666120)[0m dataset len: 4
[36m(TaskRunnerV1 pid=3666120)[0m colocated worker base class <class 'verl.single_controller.base.worker.Worker'>
[36m(TaskRunnerV1 pid=3666120)[0m INFO:2026-09-10 23:06:59,103:create worker group dict_keys(['actor_rollout_ref'])
[36m(WorkerDict pid=3667371)[0m /home/p00938733/verl-090/verl/workers/engine/__init__.py:32: UserWarning: torchtitan engine is not available: ModuleNotFoundError("No module named 'torchtitan'")
[36m(WorkerDict pid=3667371)[0m   warnings.warn(f"torchtitan engine is not available: {e!r}", stacklevel=1)
[36m(WorkerDict pid=3667371)[0m /home/p00938733/verl-090/verl/workers/engine/__init__.py:41: UserWarning: veomni engine is not available: ModuleNotFoundError("No module named 'veomni'")
[36m(WorkerDict pid=3667371)[0m   warnings.warn(f"veomni engine is not available: {e!r}", stacklevel=1)
[36m(WorkerDict pid=3667371)[0m /home/p00938733/verl-090/verl/workers/engine/__init__.py:50: UserWarning: automodel engine is not available: ModuleNotFoundError("No module named 'nemo_automodel'")
[36m(WorkerDict pid=3667371)[0m   warnings.warn(f"automodel engine is not available: {e!r}", stacklevel=1)
[36m(WorkerDict pid=3667370)[0m /home/p00938733/verl-090/verl/workers/engine/__init__.py:32: UserWarning: torchtitan engine is not available: ModuleNotFoundError("No module named 'torchtitan'")
[36m(WorkerDict pid=3667370)[0m   warnings.warn(f"torchtitan engine is not available: {e!r}", stacklevel=1)
[36m(WorkerDict pid=3667370)[0m /home/p00938733/verl-090/verl/workers/engine/__init__.py:41: UserWarning: veomni engine is not available: ModuleNotFoundError("No module named 'veomni'")
[36m(WorkerDict pid=3667370)[0m   warnings.warn(f"veomni engine is not available: {e!r}", stacklevel=1)
[36m(WorkerDict pid=3667370)[0m /home/p00938733/verl-090/verl/workers/engine/__init__.py:50: UserWarning: automodel engine is not available: ModuleNotFoundError("No module named 'nemo_automodel'")
[36m(WorkerDict pid=3667370)[0m   warnings.warn(f"automodel engine is not available: {e!r}", stacklevel=1)
[36m(WorkerDict pid=3667365)[0m /home/p00938733/verl-090/verl/workers/engine/__init__.py:32: UserWarning: torchtitan engine is not available: ModuleNotFoundError("No module named 'torchtitan'")
[36m(WorkerDict pid=3667365)[0m   warnings.warn(f"torchtitan engine is not available: {e!r}", stacklevel=1)
[36m(WorkerDict pid=3667365)[0m /home/p00938733/verl-090/verl/workers/engine/__init__.py:41: UserWarning: veomni engine is not available: ModuleNotFoundError("No module named 'veomni'")
[36m(WorkerDict pid=3667365)[0m   warnings.warn(f"veomni engine is not available: {e!r}", stacklevel=1)
[36m(WorkerDict pid=3667365)[0m /home/p00938733/verl-090/verl/workers/engine/__init__.py:50: UserWarning: automodel engine is not available: ModuleNotFoundError("No module named 'nemo_automodel'")
[36m(WorkerDict pid=3667365)[0m   warnings.warn(f"automodel engine is not available: {e!r}", stacklevel=1)
[36m(WorkerDict pid=3667369)[0m /home/p00938733/verl-090/verl/workers/engine/__init__.py:32: UserWarning: torchtitan engine is not available: ModuleNotFoundError("No module named 'torchtitan'")
[36m(WorkerDict pid=3667369)[0m   warnings.warn(f"torchtitan engine is not available: {e!r}", stacklevel=1)
[36m(WorkerDict pid=3667369)[0m /home/p00938733/verl-090/verl/workers/engine/__init__.py:41: UserWarning: veomni engine is not available: ModuleNotFoundError("No module named 'veomni'")
[36m(WorkerDict pid=3667369)[0m   warnings.warn(f"veomni engine is not available: {e!r}", stacklevel=1)
[36m(WorkerDict pid=3667369)[0m /home/p00938733/verl-090/verl/workers/engine/__init__.py:50: UserWarning: automodel engine is not available: ModuleNotFoundError("No module named 'nemo_automodel'")
[36m(WorkerDict pid=3667369)[0m   warnings.warn(f"automodel engine is not available: {e!r}", stacklevel=1)
[36m(WorkerDict pid=3667372)[0m /home/p00938733/verl-090/verl/workers/engine/__init__.py:32: UserWarning: torchtitan engine is not available: ModuleNotFoundError("No module named 'torchtitan'")
[36m(WorkerDict pid=3667372)[0m   warnings.warn(f"torchtitan engine is not available: {e!r}", stacklevel=1)
[36m(WorkerDict pid=3667372)[0m /home/p00938733/verl-090/verl/workers/engine/__init__.py:41: UserWarning: veomni engine is not available: ModuleNotFoundError("No module named 'veomni'")
[36m(WorkerDict pid=3667372)[0m   warnings.warn(f"veomni engine is not available: {e!r}", stacklevel=1)
[36m(WorkerDict pid=3667372)[0m /home/p00938733/verl-090/verl/workers/engine/__init__.py:50: UserWarning: automodel engine is not available: ModuleNotFoundError("No module named 'nemo_automodel'")
[36m(WorkerDict pid=3667372)[0m   warnings.warn(f"automodel engine is not available: {e!r}", stacklevel=1)
[36m(WorkerDict pid=3667366)[0m /home/p00938733/verl-090/verl/workers/engine/__init__.py:32: UserWarning: torchtitan engine is not available: ModuleNotFoundError("No module named 'torchtitan'")
[36m(WorkerDict pid=3667366)[0m   warnings.warn(f"torchtitan engine is not available: {e!r}", stacklevel=1)
[36m(WorkerDict pid=3667366)[0m /home/p00938733/verl-090/verl/workers/engine/__init__.py:41: UserWarning: veomni engine is not available: ModuleNotFoundError("No module named 'veomni'")
[36m(WorkerDict pid=3667366)[0m   warnings.warn(f"veomni engine is not available: {e!r}", stacklevel=1)
[36m(WorkerDict pid=3667366)[0m /home/p00938733/verl-090/verl/workers/engine/__init__.py:50: UserWarning: automodel engine is not available: ModuleNotFoundError("No module named 'nemo_automodel'")
[36m(WorkerDict pid=3667366)[0m   warnings.warn(f"automodel engine is not available: {e!r}", stacklevel=1)
[36m(WorkerDict pid=3667368)[0m /home/p00938733/verl-090/verl/workers/engine/__init__.py:32: UserWarning: torchtitan engine is not available: ModuleNotFoundError("No module named 'torchtitan'")
[36m(WorkerDict pid=3667368)[0m   warnings.warn(f"torchtitan engine is not available: {e!r}", stacklevel=1)
[36m(WorkerDict pid=3667368)[0m /home/p00938733/verl-090/verl/workers/engine/__init__.py:41: UserWarning: veomni engine is not available: ModuleNotFoundError("No module named 'veomni'")
[36m(WorkerDict pid=3667368)[0m   warnings.warn(f"veomni engine is not available: {e!r}", stacklevel=1)
[36m(WorkerDict pid=3667368)[0m /home/p00938733/verl-090/verl/workers/engine/__init__.py:50: UserWarning: automodel engine is not available: ModuleNotFoundError("No module named 'nemo_automodel'")
[36m(WorkerDict pid=3667368)[0m   warnings.warn(f"automodel engine is not available: {e!r}", stacklevel=1)
[36m(WorkerDict pid=3667367)[0m /home/p00938733/verl-090/verl/workers/engine/__init__.py:32: UserWarning: torchtitan engine is not available: ModuleNotFoundError("No module named 'torchtitan'")
[36m(WorkerDict pid=3667367)[0m   warnings.warn(f"torchtitan engine is not available: {e!r}", stacklevel=1)
[36m(WorkerDict pid=3667367)[0m /home/p00938733/verl-090/verl/workers/engine/__init__.py:41: UserWarning: veomni engine is not available: ModuleNotFoundError("No module named 'veomni'")
[36m(WorkerDict pid=3667367)[0m   warnings.warn(f"veomni engine is not available: {e!r}", stacklevel=1)
[36m(WorkerDict pid=3667367)[0m /home/p00938733/verl-090/verl/workers/engine/__init__.py:50: UserWarning: automodel engine is not available: ModuleNotFoundError("No module named 'nemo_automodel'")
[36m(WorkerDict pid=3667367)[0m   warnings.warn(f"automodel engine is not available: {e!r}", stacklevel=1)
[36m(WorkerDict pid=3667369)[0m /opt/Megatron-Bridge/3rdparty/Megatron-LM/megatron/core/models/mimo/config/base_configs.py:12: UserWarning: MimoModelConfig is experimental and still under active development. The API may change without notice in future releases.
[36m(WorkerDict pid=3667369)[0m   class MimoModelConfig:
[36m(WorkerDict pid=3667369)[0m [transformers] `torch_dtype` is deprecated! Use `dtype` instead!
[36m(WorkerDict pid=3667369)[0m /opt/Megatron-Bridge/3rdparty/Megatron-LM/megatron/core/transformer/transformer_config.py:2191: UserWarning: full scope is deprecated. Use empty cuda_graph_modules to capture the whole layer.
[36m(WorkerDict pid=3667369)[0m   warnings.warn(
[36m(WorkerDict pid=3667369)[0m /opt/Megatron-Bridge/3rdparty/Megatron-LM/megatron/core/models/gpt/gpt_layer_specs.py:216: UserWarning: The fp8 argument in "get_gpt_layer_with_transformer_engine_spec" has been deprecated and will be removed soon. Please update your code accordingly.
[36m(WorkerDict pid=3667369)[0m   warnings.warn(
[36m(WorkerDict pid=3667366)[0m /opt/Megatron-Bridge/3rdparty/Megatron-LM/megatron/core/models/mimo/config/base_configs.py:12: UserWarning: MimoModelConfig is experimental and still under active development. The API may change without notice in future releases.
[36m(WorkerDict pid=3667366)[0m   class MimoModelConfig:
[36m(WorkerDict pid=3667370)[0m /opt/Megatron-Bridge/3rdparty/Megatron-LM/megatron/core/models/mimo/config/base_configs.py:12: UserWarning: MimoModelConfig is experimental and still under active development. The API may change without notice in future releases.
[36m(WorkerDict pid=3667370)[0m   class MimoModelConfig:
[36m(WorkerDict pid=3667368)[0m /opt/Megatron-Bridge/3rdparty/Megatron-LM/megatron/core/models/mimo/config/base_configs.py:12: UserWarning: MimoModelConfig is experimental and still under active development. The API may change without notice in future releases.
[36m(WorkerDict pid=3667368)[0m   class MimoModelConfig:
[36m(WorkerDict pid=3667367)[0m /opt/Megatron-Bridge/3rdparty/Megatron-LM/megatron/core/models/mimo/config/base_configs.py:12: UserWarning: MimoModelConfig is experimental and still under active development. The API may change without notice in future releases.
[36m(WorkerDict pid=3667367)[0m   class MimoModelConfig:
[36m(WorkerDict pid=3667366)[0m [transformers] `torch_dtype` is deprecated! Use `dtype` instead!
[36m(WorkerDict pid=3667366)[0m /opt/Megatron-Bridge/3rdparty/Megatron-LM/megatron/core/transformer/transformer_config.py:2191: UserWarning: full scope is deprecated. Use empty cuda_graph_modules to capture the whole layer.
[36m(WorkerDict pid=3667366)[0m   warnings.warn(
[36m(WorkerDict pid=3667366)[0m /opt/Megatron-Bridge/3rdparty/Megatron-LM/megatron/core/models/gpt/gpt_layer_specs.py:216: UserWarning: The fp8 argument in "get_gpt_layer_with_transformer_engine_spec" has been deprecated and will be removed soon. Please update your code accordingly.
[36m(WorkerDict pid=3667366)[0m   warnings.warn(
[36m(WorkerDict pid=3667368)[0m [transformers] `torch_dtype` is deprecated! Use `dtype` instead!
[36m(WorkerDict pid=3667368)[0m /opt/Megatron-Bridge/3rdparty/Megatron-LM/megatron/core/transformer/transformer_config.py:2191: UserWarning: full scope is deprecated. Use empty cuda_graph_modules to capture the whole layer.
[36m(WorkerDict pid=3667368)[0m   warnings.warn(
[36m(WorkerDict pid=3667368)[0m /opt/Megatron-Bridge/3rdparty/Megatron-LM/megatron/core/models/gpt/gpt_layer_specs.py:216: UserWarning: The fp8 argument in "get_gpt_layer_with_transformer_engine_spec" has been deprecated and will be removed soon. Please update your code accordingly.
[36m(WorkerDict pid=3667368)[0m   warnings.warn(
[36m(WorkerDict pid=3667367)[0m [transformers] `torch_dtype` is deprecated! Use `dtype` instead!
[36m(WorkerDict pid=3667367)[0m /opt/Megatron-Bridge/3rdparty/Megatron-LM/megatron/core/transformer/transformer_config.py:2191: UserWarning: full scope is deprecated. Use empty cuda_graph_modules to capture the whole layer.
[36m(WorkerDict pid=3667367)[0m   warnings.warn(
[36m(WorkerDict pid=3667367)[0m /opt/Megatron-Bridge/3rdparty/Megatron-LM/megatron/core/models/gpt/gpt_layer_specs.py:216: UserWarning: The fp8 argument in "get_gpt_layer_with_transformer_engine_spec" has been deprecated and will be removed soon. Please update your code accordingly.
[36m(WorkerDict pid=3667367)[0m   warnings.warn(
[36m(WorkerDict pid=3667370)[0m [transformers] `torch_dtype` is deprecated! Use `dtype` instead!
[36m(WorkerDict pid=3667370)[0m /opt/Megatron-Bridge/3rdparty/Megatron-LM/megatron/core/transformer/transformer_config.py:2191: UserWarning: full scope is deprecated. Use empty cuda_graph_modules to capture the whole layer.
[36m(WorkerDict pid=3667370)[0m   warnings.warn(
[36m(WorkerDict pid=3667370)[0m /opt/Megatron-Bridge/3rdparty/Megatron-LM/megatron/core/models/gpt/gpt_layer_specs.py:216: UserWarning: The fp8 argument in "get_gpt_layer_with_transformer_engine_spec" has been deprecated and will be removed soon. Please update your code accordingly.
[36m(WorkerDict pid=3667370)[0m   warnings.warn(
[36m(WorkerDict pid=3667371)[0m /opt/Megatron-Bridge/3rdparty/Megatron-LM/megatron/core/models/mimo/config/base_configs.py:12: UserWarning: MimoModelConfig is experimental and still under active development. The API may change without notice in future releases.
[36m(WorkerDict pid=3667371)[0m   class MimoModelConfig:
[36m(WorkerDict pid=3667371)[0m [transformers] `torch_dtype` is deprecated! Use `dtype` instead!
[36m(WorkerDict pid=3667371)[0m /opt/Megatron-Bridge/3rdparty/Megatron-LM/megatron/core/transformer/transformer_config.py:2191: UserWarning: full scope is deprecated. Use empty cuda_graph_modules to capture the whole layer.
[36m(WorkerDict pid=3667371)[0m   warnings.warn(
[36m(WorkerDict pid=3667371)[0m /opt/Megatron-Bridge/3rdparty/Megatron-LM/megatron/core/models/gpt/gpt_layer_specs.py:216: UserWarning: The fp8 argument in "get_gpt_layer_with_transformer_engine_spec" has been deprecated and will be removed soon. Please update your code accordingly.
[36m(WorkerDict pid=3667371)[0m   warnings.warn(
[36m(WorkerDict pid=3667372)[0m /opt/Megatron-Bridge/3rdparty/Megatron-LM/megatron/core/models/mimo/config/base_configs.py:12: UserWarning: MimoModelConfig is experimental and still under active development. The API may change without notice in future releases.
[36m(WorkerDict pid=3667372)[0m   class MimoModelConfig:
[36m(WorkerDict pid=3667372)[0m [transformers] `torch_dtype` is deprecated! Use `dtype` instead!
[36m(WorkerDict pid=3667372)[0m /opt/Megatron-Bridge/3rdparty/Megatron-LM/megatron/core/transformer/transformer_config.py:2191: UserWarning: full scope is deprecated. Use empty cuda_graph_modules to capture the whole layer.
[36m(WorkerDict pid=3667372)[0m   warnings.warn(
[36m(WorkerDict pid=3667372)[0m /opt/Megatron-Bridge/3rdparty/Megatron-LM/megatron/core/models/gpt/gpt_layer_specs.py:216: UserWarning: The fp8 argument in "get_gpt_layer_with_transformer_engine_spec" has been deprecated and will be removed soon. Please update your code accordingly.
[36m(WorkerDict pid=3667372)[0m   warnings.warn(
[36m(WorkerDict pid=3667365)[0m /opt/Megatron-Bridge/3rdparty/Megatron-LM/megatron/core/models/mimo/config/base_configs.py:12: UserWarning: MimoModelConfig is experimental and still under active development. The API may change without notice in future releases.
[36m(WorkerDict pid=3667365)[0m   class MimoModelConfig:
[36m(WorkerDict pid=3667365)[0m [transformers] `torch_dtype` is deprecated! Use `dtype` instead!
[36m(WorkerDict pid=3667365)[0m /opt/Megatron-Bridge/3rdparty/Megatron-LM/megatron/core/transformer/transformer_config.py:2191: UserWarning: full scope is deprecated. Use empty cuda_graph_modules to capture the whole layer.
[36m(WorkerDict pid=3667365)[0m   warnings.warn(
[36m(WorkerDict pid=3667365)[0m /opt/Megatron-Bridge/3rdparty/Megatron-LM/megatron/core/models/gpt/gpt_layer_specs.py:216: UserWarning: The fp8 argument in "get_gpt_layer_with_transformer_engine_spec" has been deprecated and will be removed soon. Please update your code accordingly.
[36m(WorkerDict pid=3667365)[0m   warnings.warn(
[36m(WorkerDict pid=3667368)[0m /opt/dev/lib/python3.12/site-packages/transformer_engine/pytorch/module/base.py:1481: UserWarning: To guarantee overlapping TP and SP collectives with the backwardGEMMs, set environment variable CUDA_DEVICE_MAX_CONNECTIONS = 1
[36m(WorkerDict pid=3667368)[0m   warnings.warn(
[36m(WorkerDict pid=3667367)[0m /opt/dev/lib/python3.12/site-packages/transformer_engine/pytorch/module/base.py:1481: UserWarning: To guarantee overlapping TP and SP collectives with the backwardGEMMs, set environment variable CUDA_DEVICE_MAX_CONNECTIONS = 1
[36m(WorkerDict pid=3667367)[0m   warnings.warn(
[36m(WorkerDict pid=3667369)[0m /opt/dev/lib/python3.12/site-packages/transformer_engine/pytorch/module/base.py:1481: UserWarning: To guarantee overlapping TP and SP collectives with the backwardGEMMs, set environment variable CUDA_DEVICE_MAX_CONNECTIONS = 1
[36m(WorkerDict pid=3667369)[0m   warnings.warn(
[36m(WorkerDict pid=3667366)[0m /opt/dev/lib/python3.12/site-packages/transformer_engine/pytorch/module/base.py:1481: UserWarning: To guarantee overlapping TP and SP collectives with the backwardGEMMs, set environment variable CUDA_DEVICE_MAX_CONNECTIONS = 1
[36m(WorkerDict pid=3667366)[0m   warnings.warn(
[36m(WorkerDict pid=3667370)[0m /opt/dev/lib/python3.12/site-packages/transformer_engine/pytorch/module/base.py:1481: UserWarning: To guarantee overlapping TP and SP collectives with the backwardGEMMs, set environment variable CUDA_DEVICE_MAX_CONNECTIONS = 1
[36m(WorkerDict pid=3667370)[0m   warnings.warn(
[36m(WorkerDict pid=3667371)[0m /opt/dev/lib/python3.12/site-packages/transformer_engine/pytorch/module/base.py:1481: UserWarning: To guarantee overlapping TP and SP collectives with the backwardGEMMs, set environment variable CUDA_DEVICE_MAX_CONNECTIONS = 1
[36m(WorkerDict pid=3667371)[0m   warnings.warn(
[36m(WorkerDict pid=3667372)[0m /opt/dev/lib/python3.12/site-packages/transformer_engine/pytorch/module/base.py:1481: UserWarning: To guarantee overlapping TP and SP collectives with the backwardGEMMs, set environment variable CUDA_DEVICE_MAX_CONNECTIONS = 1
[36m(WorkerDict pid=3667372)[0m   warnings.warn(
[36m(WorkerDict pid=3667365)[0m /opt/dev/lib/python3.12/site-packages/transformer_engine/pytorch/module/base.py:1481: UserWarning: To guarantee overlapping TP and SP collectives with the backwardGEMMs, set environment variable CUDA_DEVICE_MAX_CONNECTIONS = 1
[36m(WorkerDict pid=3667365)[0m   warnings.warn(
[36m(WorkerDict pid=3667366)[0m  > number of parameters on (tensor, pipeline) model parallel rank (1, 0): 2047758848
[36m(WorkerDict pid=3667366)[0m module: 1
[36m(WorkerDict pid=3667369)[0m  > number of parameters on (tensor, pipeline) model parallel rank (0, 1): 2047762944
[36m(WorkerDict pid=3667369)[0m module: 1
[36m(WorkerDict pid=3667367)[0m module: 1
[36m(WorkerDict pid=3667368)[0m module: 1
[36m(WorkerDict pid=3667370)[0m  > number of parameters on (tensor, pipeline) model parallel rank (1, 1): 2047762944
[36m(WorkerDict pid=3667371)[0m module: 1
[36m(WorkerDict pid=3667370)[0m module: 1
[36m(WorkerDict pid=3667365)[0m  > number of parameters on (tensor, pipeline) model parallel rank (0, 0): 2047758848
[36m(WorkerDict pid=3667365)[0m module: 1
[36m(WorkerDict pid=3667372)[0m module: 1
[36m(WorkerDict pid=3667369)[0m NCCL version 2.28.9+cuda12.9
[36m(WorkerDict pid=3667371)[0m NCCL version 2.28.9+cuda12.9
[36m(WorkerDict pid=3667365)[0m NCCL version 2.28.9+cuda12.9
[36m(WorkerDict pid=3667367)[0m NCCL version 2.28.9+cuda12.9
[36m(WorkerDict pid=3667368)[0m /home/p00938733/verl-090/verl/utils/megatron_utils.py:627: UserWarning: TypedStorage is deprecated. It will be removed in the future and UntypedStorage will be the only storage class. This should only matter to you if you are using storages directly.  To access UntypedStorage directly, use tensor.untyped_storage() instead of tensor.storage()
[36m(WorkerDict pid=3667368)[0m   tensor.storage().size() == tensor.numel()
[36m(WorkerDict pid=3667367)[0m /home/p00938733/verl-090/verl/utils/megatron_utils.py:627: UserWarning: TypedStorage is deprecated. It will be removed in the future and UntypedStorage will be the only storage class. This should only matter to you if you are using storages directly.  To access UntypedStorage directly, use tensor.untyped_storage() instead of tensor.storage()
[36m(WorkerDict pid=3667367)[0m   tensor.storage().size() == tensor.numel()
[36m(WorkerDict pid=3667367)[0m module: 1
[36m(WorkerDict pid=3667368)[0m module: 1
[36m(WorkerDict pid=3667365)[0m Loading from /home/p00938733/Qwen3-8B ━━━━━━━━━━━━━━━━━━━━━━━━━━━━━━━━━━━━━━━━ 100% 0:00:00 (291/291) Qwen3Bridge
[36m(WorkerDict pid=3667365)[0m Float16Module contains 2.05B parameters
[36m(WorkerDict pid=3667365)[0m /home/p00938733/verl-090/verl/utils/megatron_utils.py:627: UserWarning: TypedStorage is deprecated. It will be removed in the future and UntypedStorage will be the only storage class. This should only matter to you if you are using storages directly.  To access UntypedStorage directly, use tensor.untyped_storage() instead of tensor.storage()
[36m(WorkerDict pid=3667365)[0m   tensor.storage().size() == tensor.numel()
[36m(WorkerDict pid=3667366)[0m /home/p00938733/verl-090/verl/utils/megatron_utils.py:627: UserWarning: TypedStorage is deprecated. It will be removed in the future and UntypedStorage will be the only storage class. This should only matter to you if you are using storages directly.  To access UntypedStorage directly, use tensor.untyped_storage() instead of tensor.storage()
[36m(WorkerDict pid=3667366)[0m   tensor.storage().size() == tensor.numel()
[36m(WorkerDict pid=3667365)[0m  > number of parameters on (tensor, pipeline) model parallel rank (0, 0): 2047758848
[36m(WorkerDict pid=3667365)[0m module: 1
[36m(WorkerDict pid=3667366)[0m  > number of parameters on (tensor, pipeline) model parallel rank (1, 0): 2047758848
[36m(WorkerDict pid=3667366)[0m module: 1
[36m(WorkerDict pid=3667371)[0m /home/p00938733/verl-090/verl/utils/megatron_utils.py:627: UserWarning: TypedStorage is deprecated. It will be removed in the future and UntypedStorage will be the only storage class. This should only matter to you if you are using storages directly.  To access UntypedStorage directly, use tensor.untyped_storage() instead of tensor.storage()
[36m(WorkerDict pid=3667371)[0m   tensor.storage().size() == tensor.numel()
[36m(WorkerDict pid=3667372)[0m /home/p00938733/verl-090/verl/utils/megatron_utils.py:627: UserWarning: TypedStorage is deprecated. It will be removed in the future and UntypedStorage will be the only storage class. This should only matter to you if you are using storages directly.  To access UntypedStorage directly, use tensor.untyped_storage() instead of tensor.storage()
[36m(WorkerDict pid=3667372)[0m   tensor.storage().size() == tensor.numel()
[36m(WorkerDict pid=3667370)[0m /home/p00938733/verl-090/verl/utils/megatron_utils.py:627: UserWarning: TypedStorage is deprecated. It will be removed in the future and UntypedStorage will be the only storage class. This should only matter to you if you are using storages directly.  To access UntypedStorage directly, use tensor.untyped_storage() instead of tensor.storage()
[36m(WorkerDict pid=3667370)[0m   tensor.storage().size() == tensor.numel()
[36m(WorkerDict pid=3667369)[0m /home/p00938733/verl-090/verl/utils/megatron_utils.py:627: UserWarning: TypedStorage is deprecated. It will be removed in the future and UntypedStorage will be the only storage class. This should only matter to you if you are using storages directly.  To access UntypedStorage directly, use tensor.untyped_storage() instead of tensor.storage()
[36m(WorkerDict pid=3667369)[0m   tensor.storage().size() == tensor.numel()
[36m(WorkerDict pid=3667371)[0m module: 1
[36m(WorkerDict pid=3667372)[0m module: 1
[36m(WorkerDict pid=3667370)[0m  > number of parameters on (tensor, pipeline) model parallel rank (1, 1): 2047762944
[36m(WorkerDict pid=3667370)[0m module: 1
[36m(WorkerDict pid=3667369)[0m  > number of parameters on (tensor, pipeline) model parallel rank (0, 1): 2047762944
[36m(WorkerDict pid=3667369)[0m module: 1
[36m(WorkerDict pid=3667365)[0m Loading from /home/p00938733/Qwen3-8B ━━━━━━━━━━━━━━━━━━━━━━━━━━━━━━━━━━━━━━━━ 100% 0:00:00 (291/291) Qwen3Bridge
[36m(WorkerDict pid=3667365)[0m DistributedDataParallel contains 2.05B parameters
[36m(WorkerDict pid=3667365)[0m optimizer config after override: {'optimizer': 'adam', 'lr': 0.0, 'min_lr': 0.0, 'clip_grad': 1.0, 'weight_decay': 0.01, 'use_distributed_optimizer': True, 'bf16': True, 'params_dtype': torch.bfloat16}
[36m(TaskRunnerV1 pid=3666120)[0m INFO:2026-09-10 23:08:19,578:actor and ref model engine initialized
[36m(TaskRunnerV1 pid=3666120)[0m INFO:2026-09-10 23:08:19,786:reward loop manager initialized
[36m(TaskRunnerV1 pid=3666120)[0m [transformers] `Qwen2VLImageProcessorFast` is deprecated. The `Fast` suffix for image processors has been removed; use `Qwen2VLImageProcessor` instead.
[36m(pid=3670936)[0m [transformers] `Qwen2VLImageProcessorFast` is deprecated. The `Fast` suffix for image processors has been removed; use `Qwen2VLImageProcessor` instead.
[36m(pid=3670937)[0m [transformers] `Qwen2VLImageProcessorFast` is deprecated. The `Fast` suffix for image processors has been removed; use `Qwen2VLImageProcessor` instead.
[36m(vLLMHttpServer pid=3670936)[0m ['serve',
[36m(vLLMHttpServer pid=3670936)[0m  '/home/p00938733/Qwen3-8B',
[36m(vLLMHttpServer pid=3670936)[0m  '--dtype',
[36m(vLLMHttpServer pid=3670936)[0m  'bfloat16',
[36m(vLLMHttpServer pid=3670936)[0m  '--load_format',
[36m(vLLMHttpServer pid=3670936)[0m  'dummy',
[36m(vLLMHttpServer pid=3670936)[0m  '--distributed_executor_backend',
[36m(vLLMHttpServer pid=3670936)[0m  'mp',
[36m(vLLMHttpServer pid=3670936)[0m  '--worker_extension_cls',
[36m(vLLMHttpServer pid=3670936)[0m  'verl.workers.rollout.vllm_rollout.utils.vLLMColocateWorkerExtension',
[36m(vLLMHttpServer pid=3670936)[0m  '--max_model_len',
[36m(vLLMHttpServer pid=3670936)[0m  '20736',
[36m(vLLMHttpServer pid=3670936)[0m  '--max_num_seqs',
[36m(vLLMHttpServer pid=3670936)[0m  '256',
[36m(vLLMHttpServer pid=3670936)[0m  '--enable_chunked_prefill',
[36m(vLLMHttpServer pid=3670936)[0m  '--max_num_batched_tokens',
[36m(vLLMHttpServer pid=3670936)[0m  '65536',
[36m(vLLMHttpServer pid=3670936)[0m  '--enable_prefix_caching',
[36m(vLLMHttpServer pid=3670936)[0m  '--enable_sleep_mode',
[36m(vLLMHttpServer pid=3670936)[0m  '--logprobs_mode',
[36m(vLLMHttpServer pid=3670936)[0m  'processed_logprobs',
[36m(vLLMHttpServer pid=3670936)[0m  '--gpu_memory_utilization',
[36m(vLLMHttpServer pid=3670936)[0m  '0.5',
[36m(vLLMHttpServer pid=3670936)[0m  '--disable_log_stats',
[36m(vLLMHttpServer pid=3670936)[0m  '--tensor_parallel_size',
[36m(vLLMHttpServer pid=3670936)[0m  '4',
[36m(vLLMHttpServer pid=3670936)[0m  '--seed',
[36m(vLLMHttpServer pid=3670936)[0m  '42',
[36m(vLLMHttpServer pid=3670936)[0m  '--override_generation_config',
[36m(vLLMHttpServer pid=3670936)[0m  '{"temperature": 1.0, "top_k": -1, "top_p": 0.95, "repetition_penalty": 1.0, '
[36m(vLLMHttpServer pid=3670936)[0m  '"max_new_tokens": 4096}',
[36m(vLLMHttpServer pid=3670936)[0m  '--hf_overrides',
[36m(vLLMHttpServer pid=3670936)[0m  '{}',
[36m(vLLMHttpServer pid=3670936)[0m  '--scheduling_policy',
[36m(vLLMHttpServer pid=3670936)[0m  'fcfs',
[36m(vLLMHttpServer pid=3670936)[0m  '--compilation_config',
[36m(vLLMHttpServer pid=3670936)[0m  '{"cudagraph_mode": "FULL_AND_PIECEWISE"}']
[36m(vLLMHttpServer pid=3670936)[0m WARNING 09-10 23:08:39 [envs.py:2057] Unknown vLLM environment variable detected: VLLM_USE_V1
[36m(vLLMHttpServer pid=3670937)[0m WARNING 09-10 23:08:39 [envs.py:2057] Unknown vLLM environment variable detected: VLLM_USE_V1
[36m(vLLMHttpServer pid=3670937)[0m WARNING 09-10 23:08:42 [system_utils.py:157] We must use the `spawn` multiprocessing start method. Overriding VLLM_WORKER_MULTIPROC_METHOD to 'spawn'. See https://docs.vllm.ai/en/latest/usage/troubleshooting.html#python-multiprocessing for more information. Reasons: In a Ray actor and can only be spawned; CUDA is initialized
[36m(vLLMHttpServer pid=3670936)[0m WARNING 09-10 23:08:43 [system_utils.py:157] We must use the `spawn` multiprocessing start method. Overriding VLLM_WORKER_MULTIPROC_METHOD to 'spawn'. See https://docs.vllm.ai/en/latest/usage/troubleshooting.html#python-multiprocessing for more information. Reasons: In a Ray actor and can only be spawned; CUDA is initialized
[36m(vLLMHttpServer pid=3670936)[0m [transformers] `Qwen2VLImageProcessorFast` is deprecated. The `Fast` suffix for image processors has been removed; use `Qwen2VLImageProcessor` instead.
[36m(vLLMHttpServer pid=3670936)[0m [transformers] `Qwen2VLImageProcessorFast` is deprecated. The `Fast` suffix for image processors has been removed; use `Qwen2VLImageProcessor` instead.
[36m(vLLMHttpServer pid=3670937)[0m [transformers] `Qwen2VLImageProcessorFast` is deprecated. The `Fast` suffix for image processors has been removed; use `Qwen2VLImageProcessor` instead.
[36m(vLLMHttpServer pid=3670936)[0m [transformers] `Qwen2VLImageProcessorFast` is deprecated. The `Fast` suffix for image processors has been removed; use `Qwen2VLImageProcessor` instead.
[36m(vLLMHttpServer pid=3670936)[0m [transformers] `Qwen2VLImageProcessorFast` is deprecated. The `Fast` suffix for image processors has been removed; use `Qwen2VLImageProcessor` instead.
[36m(vLLMHttpServer pid=3670937)[0m [transformers] `Qwen2VLImageProcessorFast` is deprecated. The `Fast` suffix for image processors has been removed; use `Qwen2VLImageProcessor` instead.
[36m(vLLMHttpServer pid=3670937)[0m [transformers] `Qwen2VLImageProcessorFast` is deprecated. The `Fast` suffix for image processors has been removed; use `Qwen2VLImageProcessor` instead.
[36m(vLLMHttpServer pid=3670937)[0m [transformers] `Qwen2VLImageProcessorFast` is deprecated. The `Fast` suffix for image processors has been removed; use `Qwen2VLImageProcessor` instead.
[36m(vLLMHttpServer pid=3670936)[0m (Worker pid=3671741) <frozen importlib._bootstrap_external>:1297: FutureWarning: The cuda.cudart module is deprecated and will be removed in a future release, please switch to use the cuda.bindings.runtime module instead.
[36m(vLLMHttpServer pid=3670936)[0m (Worker pid=3671741) <frozen importlib._bootstrap_external>:1297: FutureWarning: The cuda.nvrtc module is deprecated and will be removed in a future release, please switch to use the cuda.bindings.nvrtc module instead.
[36m(vLLMHttpServer pid=3670936)[0m (Worker pid=3671740) <frozen importlib._bootstrap_external>:1297: FutureWarning: The cuda.cudart module is deprecated and will be removed in a future release, please switch to use the cuda.bindings.runtime module instead.
[36m(vLLMHttpServer pid=3670936)[0m (Worker pid=3671740) <frozen importlib._bootstrap_external>:1297: FutureWarning: The cuda.nvrtc module is deprecated and will be removed in a future release, please switch to use the cuda.bindings.nvrtc module instead.
[36m(vLLMHttpServer pid=3670936)[0m (Worker pid=3671739) <frozen importlib._bootstrap_external>:1297: FutureWarning: The cuda.cudart module is deprecated and will be removed in a future release, please switch to use the cuda.bindings.runtime module instead.
[36m(vLLMHttpServer pid=3670936)[0m (Worker pid=3671739) <frozen importlib._bootstrap_external>:1297: FutureWarning: The cuda.nvrtc module is deprecated and will be removed in a future release, please switch to use the cuda.bindings.nvrtc module instead.
[36m(vLLMHttpServer pid=3670936)[0m (Worker pid=3671742) <frozen importlib._bootstrap_external>:1297: FutureWarning: The cuda.cudart module is deprecated and will be removed in a future release, please switch to use the cuda.bindings.runtime module instead.
[36m(vLLMHttpServer pid=3670936)[0m (Worker pid=3671742) <frozen importlib._bootstrap_external>:1297: FutureWarning: The cuda.nvrtc module is deprecated and will be removed in a future release, please switch to use the cuda.bindings.nvrtc module instead.
[36m(vLLMHttpServer pid=3670937)[0m (Worker pid=3671751) <frozen importlib._bootstrap_external>:1297: FutureWarning: The cuda.cudart module is deprecated and will be removed in a future release, please switch to use the cuda.bindings.runtime module instead.
[36m(vLLMHttpServer pid=3670937)[0m (Worker pid=3671749) <frozen importlib._bootstrap_external>:1297: FutureWarning: The cuda.cudart module is deprecated and will be removed in a future release, please switch to use the cuda.bindings.runtime module instead.
[36m(vLLMHttpServer pid=3670937)[0m (Worker pid=3671751) <frozen importlib._bootstrap_external>:1297: FutureWarning: The cuda.nvrtc module is deprecated and will be removed in a future release, please switch to use the cuda.bindings.nvrtc module instead.
[36m(vLLMHttpServer pid=3670937)[0m (Worker pid=3671749) <frozen importlib._bootstrap_external>:1297: FutureWarning: The cuda.nvrtc module is deprecated and will be removed in a future release, please switch to use the cuda.bindings.nvrtc module instead.
[36m(vLLMHttpServer pid=3670937)[0m (Worker pid=3671752) <frozen importlib._bootstrap_external>:1297: FutureWarning: The cuda.cudart module is deprecated and will be removed in a future release, please switch to use the cuda.bindings.runtime module instead.
[36m(vLLMHttpServer pid=3670937)[0m (Worker pid=3671752) <frozen importlib._bootstrap_external>:1297: FutureWarning: The cuda.nvrtc module is deprecated and will be removed in a future release, please switch to use the cuda.bindings.nvrtc module instead.
[36m(vLLMHttpServer pid=3670937)[0m (Worker pid=3671750) <frozen importlib._bootstrap_external>:1297: FutureWarning: The cuda.cudart module is deprecated and will be removed in a future release, please switch to use the cuda.bindings.runtime module instead.
[36m(vLLMHttpServer pid=3670937)[0m (Worker pid=3671750) <frozen importlib._bootstrap_external>:1297: FutureWarning: The cuda.nvrtc module is deprecated and will be removed in a future release, please switch to use the cuda.bindings.nvrtc module instead.
[36m(vLLMHttpServer pid=3670936)[0m NCCL version 2.28.9+cuda12.9
[36m(vLLMHttpServer pid=3670937)[0m NCCL version 2.28.9+cuda12.9
[36m(vLLMHttpServer pid=3670936)[0m (Worker pid=3671739) (Worker pid=3671740) WARNING 09-10 23:09:06 [symm_mem.py:66] SymmMemCommunicator: Device capability 8.0 not supported, communicator is not available.
[36m(vLLMHttpServer pid=3670936)[0m WARNING 09-10 23:09:06 [symm_mem.py:66] SymmMemCommunicator: Device capability 8.0 not supported, communicator is not available.
[36m(vLLMHttpServer pid=3670936)[0m (Worker pid=3671742) WARNING 09-10 23:09:06 [symm_mem.py:66] SymmMemCommunicator: Device capability 8.0 not supported, communicator is not available.
[36m(vLLMHttpServer pid=3670936)[0m (Worker pid=3671741) WARNING 09-10 23:09:06 [symm_mem.py:66] SymmMemCommunicator: Device capability 8.0 not supported, communicator is not available.
[36m(vLLMHttpServer pid=3670937)[0m (Worker pid=3671752) WARNING 09-10 23:09:06 [symm_mem.py:66] SymmMemCommunicator: Device capability 8.0 not supported, communicator is not available.
[36m(vLLMHttpServer pid=3670937)[0m (Worker pid=3671749) WARNING 09-10 23:09:06 [symm_mem.py:66] SymmMemCommunicator: Device capability 8.0 not supported, communicator is not available.
[36m(vLLMHttpServer pid=3670937)[0m (Worker pid=3671750) WARNING 09-10 23:09:06 [symm_mem.py:66] SymmMemCommunicator: Device capability 8.0 not supported, communicator is not available.
[36m(vLLMHttpServer pid=3670937)[0m (Worker pid=3671751) WARNING 09-10 23:09:06 [symm_mem.py:66] SymmMemCommunicator: Device capability 8.0 not supported, communicator is not available.
[36m(vLLMHttpServer pid=3670937)[0m (Worker_TP0 pid=3671749) Capturing CUDA graphs (PIECEWISE):   0%|          | 0/51 [00:00<?, ?it/s]
[36m(vLLMHttpServer pid=3670937)[0m Capturing CUDA graphs (PIECEWISE):   2%|▏         | 1/51 [00:00<00:05,  9.92it/s]
[36m(vLLMHttpServer pid=3670937)[0m Capturing CUDA graphs (PIECEWISE):   8%|▊         | 4/51 [00:00<00:02, 18.07it/s]
[36m(vLLMHttpServer pid=3670937)[0m Capturing CUDA graphs (PIECEWISE):  14%|█▎        | 7/51 [00:00<00:02, 20.88it/s]
[36m(vLLMHttpServer pid=3670937)[0m Capturing CUDA graphs (PIECEWISE):  20%|█▉        | 10/51 [00:00<00:01, 21.57it/s]
[36m(vLLMHttpServer pid=3670936)[0m (Worker_TP0 pid=3671739) Capturing CUDA graphs (PIECEWISE):   0%|          | 0/51 [00:00<?, ?it/s]
[36m(vLLMHttpServer pid=3670937)[0m Capturing CUDA graphs (PIECEWISE):  25%|██▌       | 13/51 [00:00<00:02, 16.49it/s]
[36m(vLLMHttpServer pid=3670936)[0m Capturing CUDA graphs (PIECEWISE):   2%|▏         | 1/51 [00:00<00:08,  5.62it/s]
[36m(vLLMHttpServer pid=3670936)[0m Capturing CUDA graphs (PIECEWISE):   4%|▍         | 2/51 [00:00<00:06,  7.35it/s]
[36m(vLLMHttpServer pid=3670937)[0m Capturing CUDA graphs (PIECEWISE):  29%|██▉       | 15/51 [00:00<00:02, 14.92it/s]
[36m(vLLMHttpServer pid=3670936)[0m Capturing CUDA graphs (PIECEWISE):  10%|▉         | 5/51 [00:00<00:03, 14.36it/s]
[36m(vLLMHttpServer pid=3670937)[0m Capturing CUDA graphs (PIECEWISE):  35%|███▌      | 18/51 [00:01<00:01, 17.41it/s]
[36m(vLLMHttpServer pid=3670936)[0m Capturing CUDA graphs (PIECEWISE):  16%|█▌        | 8/51 [00:00<00:02, 17.89it/s]
[36m(vLLMHttpServer pid=3670937)[0m Capturing CUDA graphs (PIECEWISE):  41%|████      | 21/51 [00:01<00:01, 19.21it/s]
[36m(vLLMHttpServer pid=3670936)[0m Capturing CUDA graphs (PIECEWISE):  22%|██▏       | 11/51 [00:00<00:02, 19.46it/s]
[36m(vLLMHttpServer pid=3670937)[0m Capturing CUDA graphs (PIECEWISE):  47%|████▋     | 24/51 [00:01<00:01, 20.43it/s]
[36m(vLLMHttpServer pid=3670936)[0m Capturing CUDA graphs (PIECEWISE):  27%|██▋       | 14/51 [00:00<00:01, 20.82it/s]
[36m(vLLMHttpServer pid=3670937)[0m Capturing CUDA graphs (PIECEWISE):  53%|█████▎    | 27/51 [00:01<00:01, 21.75it/s]
[36m(vLLMHttpServer pid=3670936)[0m Capturing CUDA graphs (PIECEWISE):  33%|███▎      | 17/51 [00:00<00:01, 21.76it/s]
[36m(vLLMHttpServer pid=3670937)[0m Capturing CUDA graphs (PIECEWISE):  59%|█████▉    | 30/51 [00:01<00:00, 22.68it/s]
[36m(vLLMHttpServer pid=3670936)[0m Capturing CUDA graphs (PIECEWISE):  39%|███▉      | 20/51 [00:01<00:01, 22.37it/s]
[36m(vLLMHttpServer pid=3670937)[0m Capturing CUDA graphs (PIECEWISE):  65%|██████▍   | 33/51 [00:01<00:00, 23.30it/s]
[36m(vLLMHttpServer pid=3670936)[0m Capturing CUDA graphs (PIECEWISE):  45%|████▌     | 23/51 [00:01<00:01, 22.67it/s]
[36m(vLLMHttpServer pid=3670937)[0m Capturing CUDA graphs (PIECEWISE):  71%|███████   | 36/51 [00:01<00:00, 23.55it/s]
[36m(vLLMHttpServer pid=3670936)[0m Capturing CUDA graphs (PIECEWISE):  51%|█████     | 26/51 [00:01<00:01, 22.79it/s]
[36m(vLLMHttpServer pid=3670937)[0m Capturing CUDA graphs (PIECEWISE):  76%|███████▋  | 39/51 [00:01<00:00, 23.67it/s]
[36m(vLLMHttpServer pid=3670936)[0m Capturing CUDA graphs (PIECEWISE):  57%|█████▋    | 29/51 [00:01<00:00, 23.12it/s]
[36m(vLLMHttpServer pid=3670937)[0m Capturing CUDA graphs (PIECEWISE):  82%|████████▏ | 42/51 [00:02<00:00, 23.88it/s]
[36m(vLLMHttpServer pid=3670936)[0m Capturing CUDA graphs (PIECEWISE):  63%|██████▎   | 32/51 [00:01<00:00, 23.28it/s]
[36m(vLLMHttpServer pid=3670937)[0m Capturing CUDA graphs (PIECEWISE):  88%|████████▊ | 45/51 [00:02<00:00, 23.47it/s]
[36m(vLLMHttpServer pid=3670937)[0m Capturing CUDA graphs (PIECEWISE):  94%|█████████▍| 48/51 [00:02<00:00, 23.19it/s]
[36m(vLLMHttpServer pid=3670936)[0m Capturing CUDA graphs (PIECEWISE):  69%|██████▊   | 35/51 [00:01<00:00, 19.07it/s]
[36m(vLLMHttpServer pid=3670937)[0m Capturing CUDA graphs (PIECEWISE): 100%|██████████| 51/51 [00:02<00:00, 21.11it/s]Capturing CUDA graphs (PIECEWISE): 100%|██████████| 51/51 [00:02<00:00, 20.75it/s]
[36m(vLLMHttpServer pid=3670937)[0m (Worker_TP0 pid=3671749) Capturing CUDA graphs (FULL):   0%|          | 0/35 [00:00<?, ?it/s]
[36m(vLLMHttpServer pid=3670937)[0m Capturing CUDA graphs (FULL):   3%|▎         | 1/35 [00:00<00:03,  9.12it/s]
[36m(vLLMHttpServer pid=3670936)[0m Capturing CUDA graphs (PIECEWISE):  75%|███████▍  | 38/51 [00:02<00:00, 17.10it/s]
[36m(vLLMHttpServer pid=3670937)[0m Capturing CUDA graphs (FULL):  11%|█▏        | 4/35 [00:00<00:01, 18.41it/s]
[36m(vLLMHttpServer pid=3670936)[0m Capturing CUDA graphs (PIECEWISE):  80%|████████  | 41/51 [00:02<00:00, 18.54it/s]
[36m(vLLMHttpServer pid=3670937)[0m Capturing CUDA graphs (FULL):  20%|██        | 7/35 [00:00<00:01, 21.11it/s]
[36m(vLLMHttpServer pid=3670936)[0m Capturing CUDA graphs (PIECEWISE):  86%|████████▋ | 44/51 [00:02<00:00, 19.88it/s]
[36m(vLLMHttpServer pid=3670937)[0m Capturing CUDA graphs (FULL):  29%|██▊       | 10/35 [00:00<00:01, 22.15it/s]
[36m(vLLMHttpServer pid=3670936)[0m Capturing CUDA graphs (PIECEWISE):  92%|█████████▏| 47/51 [00:02<00:00, 20.27it/s]
[36m(vLLMHttpServer pid=3670937)[0m Capturing CUDA graphs (FULL):  37%|███▋      | 13/35 [00:00<00:01, 20.74it/s]
[36m(vLLMHttpServer pid=3670936)[0m Capturing CUDA graphs (PIECEWISE):  98%|█████████▊| 50/51 [00:02<00:00, 17.03it/s]Capturing CUDA graphs (PIECEWISE): 100%|██████████| 51/51 [00:02<00:00, 18.83it/s]
[36m(vLLMHttpServer pid=3670936)[0m (Worker_TP0 pid=3671739) Capturing CUDA graphs (FULL):   0%|          | 0/35 [00:00<?, ?it/s]
[36m(vLLMHttpServer pid=3670937)[0m Capturing CUDA graphs (FULL):  46%|████▌     | 16/35 [00:00<00:00, 19.12it/s]
[36m(vLLMHttpServer pid=3670936)[0m Capturing CUDA graphs (FULL):   3%|▎         | 1/35 [00:00<00:03,  9.44it/s]
[36m(vLLMHttpServer pid=3670937)[0m Capturing CUDA graphs (FULL):  51%|█████▏    | 18/35 [00:00<00:01, 16.31it/s]
[36m(vLLMHttpServer pid=3670936)[0m Capturing CUDA graphs (FULL):  11%|█▏        | 4/35 [00:00<00:01, 18.15it/s]
[36m(vLLMHttpServer pid=3670937)[0m Capturing CUDA graphs (FULL):  60%|██████    | 21/35 [00:01<00:00, 18.38it/s]
[36m(vLLMHttpServer pid=3670936)[0m Capturing CUDA graphs (FULL):  20%|██        | 7/35 [00:00<00:01, 20.79it/s]
[36m(vLLMHttpServer pid=3670937)[0m Capturing CUDA graphs (FULL):  69%|██████▊   | 24/35 [00:01<00:00, 20.06it/s]
[36m(vLLMHttpServer pid=3670936)[0m Capturing CUDA graphs (FULL):  29%|██▊       | 10/35 [00:00<00:01, 21.84it/s]
[36m(vLLMHttpServer pid=3670937)[0m Capturing CUDA graphs (FULL):  77%|███████▋  | 27/35 [00:01<00:00, 21.43it/s]
[36m(vLLMHttpServer pid=3670936)[0m Capturing CUDA graphs (FULL):  37%|███▋      | 13/35 [00:00<00:00, 22.30it/s]
[36m(vLLMHttpServer pid=3670937)[0m Capturing CUDA graphs (FULL):  86%|████████▌ | 30/35 [00:01<00:00, 22.44it/s]
[36m(vLLMHttpServer pid=3670936)[0m Capturing CUDA graphs (FULL):  46%|████▌     | 16/35 [00:00<00:00, 22.94it/s]
[36m(vLLMHttpServer pid=3670937)[0m Capturing CUDA graphs (FULL):  94%|█████████▍| 33/35 [00:01<00:00, 23.14it/s]
[36m(vLLMHttpServer pid=3670937)[0m Capturing CUDA graphs (FULL): 100%|██████████| 35/35 [00:01<00:00, 20.75it/s]
[36m(vLLMHttpServer pid=3670936)[0m Capturing CUDA graphs (FULL):  54%|█████▍    | 19/35 [00:00<00:00, 23.08it/s]
[36m(vLLMHttpServer pid=3670936)[0m Capturing CUDA graphs (FULL):  63%|██████▎   | 22/35 [00:01<00:00, 23.21it/s]
[36m(vLLMHttpServer pid=3670936)[0m Capturing CUDA graphs (FULL):  71%|███████▏  | 25/35 [00:01<00:00, 23.45it/s]
[36m(vLLMHttpServer pid=3670936)[0m Capturing CUDA graphs (FULL):  80%|████████  | 28/35 [00:01<00:00, 23.80it/s]
[36m(vLLMHttpServer pid=3670936)[0m Capturing CUDA graphs (FULL):  89%|████████▊ | 31/35 [00:01<00:00, 24.09it/s]
[36m(vLLMHttpServer pid=3670936)[0m Capturing CUDA graphs (FULL):  97%|█████████▋| 34/35 [00:01<00:00, 24.23it/s]Capturing CUDA graphs (FULL): 100%|██████████| 35/35 [00:01<00:00, 22.87it/s]
[36m(vLLMHttpServer pid=3670937)[0m WARNING 09-10 23:09:31 [api_router.py:30] LoRA dynamic loading & unloading is enabled in the API server. This should ONLY be used for local development!
[36m(vLLMHttpServer pid=3670937)[0m WARNING 09-10 23:09:31 [model.py:1509] Default vLLM sampling parameters have been overridden by the model's `generation_config.json`: `{'repetition_penalty': 1.0, 'temperature': 1.0, 'top_k': -1, 'top_p': 0.95, 'max_tokens': 4096}`. If this is not intended, please relaunch vLLM instance with `--generation-config vllm`.
[36m(vLLMHttpServer pid=3670936)[0m WARNING 09-10 23:09:32 [api_router.py:30] LoRA dynamic loading & unloading is enabled in the API server. This should ONLY be used for local development!
[36m(vLLMHttpServer pid=3670936)[0m WARNING 09-10 23:09:32 [model.py:1509] Default vLLM sampling parameters have been overridden by the model's `generation_config.json`: `{'repetition_penalty': 1.0, 'temperature': 1.0, 'top_k': -1, 'top_p': 0.95, 'max_tokens': 4096}`. If this is not intended, please relaunch vLLM instance with `--generation-config vllm`.
[36m(TaskRunnerV1 pid=3666120)[0m INFO:2026-09-10 23:09:33,149:checkpoint engine manager initialized
[36m(TaskRunnerV1 pid=3666120)[0m LLMServerManager: ['10.90.67.85:42135', '10.90.67.85:32873']
[36m(TaskRunnerV1 pid=3666120)[0m INFO:2026-09-10 23:09:34,791:all initialize finished, ready to fit
[36m(WorkerDict pid=3667368)[0m /home/p00938733/verl-090/verl/plugin/platform/platform_cuda.py:99: FutureWarning: torch.cuda._set_allocator_settings is deprecated. Use torch._C._accelerator_setAllocatorSettings instead.
[36m(WorkerDict pid=3667368)[0m   torch.cuda.memory._set_allocator_settings(settings)
[36m(WorkerDict pid=3667367)[0m /home/p00938733/verl-090/verl/plugin/platform/platform_cuda.py:99: FutureWarning: torch.cuda._set_allocator_settings is deprecated. Use torch._C._accelerator_setAllocatorSettings instead.
[36m(WorkerDict pid=3667367)[0m   torch.cuda.memory._set_allocator_settings(settings)
[36m(WorkerDict pid=3667371)[0m /home/p00938733/verl-090/verl/plugin/platform/platform_cuda.py:99: FutureWarning: torch.cuda._set_allocator_settings is deprecated. Use torch._C._accelerator_setAllocatorSettings instead.
[36m(WorkerDict pid=3667371)[0m   torch.cuda.memory._set_allocator_settings(settings)
[36m(WorkerDict pid=3667365)[0m /home/p00938733/verl-090/verl/plugin/platform/platform_cuda.py:99: FutureWarning: torch.cuda._set_allocator_settings is deprecated. Use torch._C._accelerator_setAllocatorSettings instead.
[36m(WorkerDict pid=3667365)[0m   torch.cuda.memory._set_allocator_settings(settings)
[36m(WorkerDict pid=3667370)[0m /home/p00938733/verl-090/verl/plugin/platform/platform_cuda.py:99: FutureWarning: torch.cuda._set_allocator_settings is deprecated. Use torch._C._accelerator_setAllocatorSettings instead.
[36m(WorkerDict pid=3667370)[0m   torch.cuda.memory._set_allocator_settings(settings)
[36m(WorkerDict pid=3667369)[0m /home/p00938733/verl-090/verl/plugin/platform/platform_cuda.py:99: FutureWarning: torch.cuda._set_allocator_settings is deprecated. Use torch._C._accelerator_setAllocatorSettings instead.
[36m(WorkerDict pid=3667369)[0m   torch.cuda.memory._set_allocator_settings(settings)
[36m(WorkerDict pid=3667372)[0m /home/p00938733/verl-090/verl/plugin/platform/platform_cuda.py:99: FutureWarning: torch.cuda._set_allocator_settings is deprecated. Use torch._C._accelerator_setAllocatorSettings instead.
[36m(WorkerDict pid=3667372)[0m   torch.cuda.memory._set_allocator_settings(settings)
[36m(WorkerDict pid=3667366)[0m /home/p00938733/verl-090/verl/plugin/platform/platform_cuda.py:99: FutureWarning: torch.cuda._set_allocator_settings is deprecated. Use torch._C._accelerator_setAllocatorSettings instead.
[36m(WorkerDict pid=3667366)[0m   torch.cuda.memory._set_allocator_settings(settings)
[36m(WorkerDict pid=3667369)[0m [transformers] `Qwen2VLImageProcessorFast` is deprecated. The `Fast` suffix for image processors has been removed; use `Qwen2VLImageProcessor` instead.
[36m(WorkerDict pid=3667365)[0m [transformers] `Qwen2VLImageProcessorFast` is deprecated. The `Fast` suffix for image processors has been removed; use `Qwen2VLImageProcessor` instead.
[36m(vLLMHttpServer pid=3670936)[0m (EngineCore pid=3671537) WARNING 09-10 23:09:36 [scheduler.py:1948] reset_connector called but no KV connector is configured.
[36m(vLLMHttpServer pid=3670937)[0m (EngineCore pid=3671530) WARNING 09-10 23:09:36 [scheduler.py:1948] reset_connector called but no KV connector is configured.
[36m(WorkerDict pid=3667366)[0m NCCL version 2.28.9+cuda12.9
[36m(WorkerDict pid=3667368)[0m NCCL version 2.28.9+cuda12.9
[36m(GlobalRequestLoadBalancer pid=3673561)[0m W0910 23:09:42.792000 3673561 torch/utils/cpp_extension.py:140] No CUDA runtime is found, using CUDA_HOME='/usr/local/cuda'
[36m(GlobalRequestLoadBalancer pid=3673561)[0m [transformers] `Qwen2VLImageProcessorFast` is deprecated. The `Fast` suffix for image processors has been removed; use `Qwen2VLImageProcessor` instead.
[36m(WorkerDict pid=3667365)[0m Converting to HuggingFace ━━━━━━━━━━━━━━━━━━━━━━━━━━━━━━━━━━━━━━━━ 100% 0:00:00 (291/291) Qwen3Bridge
[36m(vLLMHttpServer pid=3670937)[0m (EngineCore pid=3671530) WARNING 09-10 23:10:03 [scheduler.py:1948] reset_connector called but no KV connector is configured.
[36m(vLLMHttpServer pid=3670936)[0m (EngineCore pid=3671537) WARNING 09-10 23:10:03 [scheduler.py:1948] reset_connector called but no KV connector is configured.
[36m(vLLMHttpServer pid=3670937)[0m (EngineCore pid=3671530) WARNING 09-10 23:10:04 [scheduler.py:1948] reset_connector called but no KV connector is configured.
[36m(vLLMHttpServer pid=3670936)[0m (EngineCore pid=3671537) WARNING 09-10 23:10:05 [scheduler.py:1948] reset_connector called but no KV connector is configured.
[36m(TaskRunnerV1 pid=3666120)[0m Training Progress:   0%|          | 0/4 [00:00<?, ?it/s]
[36m(TaskRunnerV1 pid=3666120)[0m [RolloutTqSkip()] [33mInjected 16 cached trajectories from step 1 (4 prompts x 4) into TQ partition 'train' at current step 1[0m
[36m(WorkerDict pid=3667368)[0m Using blocking ray.get inside async actor. This blocks the event loop. Please use `await` on object ref with asyncio.gather if you want to yield execution to the event loop instead.
[36m(WorkerDict pid=3667367)[0m Using blocking ray.get inside async actor. This blocks the event loop. Please use `await` on object ref with asyncio.gather if you want to yield execution to the event loop instead.
[36m(WorkerDict pid=3667371)[0m Using blocking ray.get inside async actor. This blocks the event loop. Please use `await` on object ref with asyncio.gather if you want to yield execution to the event loop instead.
[36m(WorkerDict pid=3667365)[0m Using blocking ray.get inside async actor. This blocks the event loop. Please use `await` on object ref with asyncio.gather if you want to yield execution to the event loop instead.
[36m(WorkerDict pid=3667370)[0m Using blocking ray.get inside async actor. This blocks the event loop. Please use `await` on object ref with asyncio.gather if you want to yield execution to the event loop instead.
[36m(WorkerDict pid=3667369)[0m Using blocking ray.get inside async actor. This blocks the event loop. Please use `await` on object ref with asyncio.gather if you want to yield execution to the event loop instead.
[36m(WorkerDict pid=3667372)[0m Using blocking ray.get inside async actor. This blocks the event loop. Please use `await` on object ref with asyncio.gather if you want to yield execution to the event loop instead.
[36m(WorkerDict pid=3667366)[0m Using blocking ray.get inside async actor. This blocks the event loop. Please use `await` on object ref with asyncio.gather if you want to yield execution to the event loop instead.
[36m(WorkerDict pid=3667370)[0m NCCL version 2.28.9+cuda12.9
[36m(WorkerDict pid=3667372)[0m NCCL version 2.28.9+cuda12.9
[36m(WorkerDict pid=3667368)[0m WARNING:2026-09-10 23:10:08,944:flash-attn v4 may provide important feature support or performance improvement. Please install flash-attn v4 by 
[36m(WorkerDict pid=3667368)[0m pip install flash-attn-4==4.0.0b11 nvidia-cutlass-dsl[cu13]
[36m(WorkerDict pid=3667367)[0m WARNING:2026-09-10 23:10:08,945:flash-attn v4 may provide important feature support or performance improvement. Please install flash-attn v4 by 
[36m(WorkerDict pid=3667367)[0m pip install flash-attn-4==4.0.0b11 nvidia-cutlass-dsl[cu13]
[36m(WorkerDict pid=3667366)[0m WARNING:2026-09-10 23:10:08,972:flash-attn v4 may provide important feature support or performance improvement. Please install flash-attn v4 by 
[36m(WorkerDict pid=3667366)[0m pip install flash-attn-4==4.0.0b11 nvidia-cutlass-dsl[cu13]
[36m(WorkerDict pid=3667367)[0m [rank2]:[W910 23:10:14.640825750 ProcessGroupNCCL.cpp:4094] Warning: An unbatched P2P op (send/recv) was called on this ProcessGroup with size 2.  In lazy initialization mode, this will result in a new 2-rank NCCL communicator to be created. (function operator())
[36m(WorkerDict pid=3667371)[0m [rank6]:[W910 23:10:14.646307582 ProcessGroupNCCL.cpp:4094] Warning: An unbatched P2P op (send/recv) was called on this ProcessGroup with size 2.  In lazy initialization mode, this will result in a new 2-rank NCCL communicator to be created. (function operator())
[36m(pid=3674440)[0m WARNING:2026-09-10 23:10:17,919:Platform 'nvidia' (PlatformCUDA) is registered but not available. This may be due to this ray actor being a CPU-only actor.
[36m(pid=3674440)[0m /home/p00938733/verl-090/verl/workers/engine/__init__.py:32: UserWarning: torchtitan engine is not available: ModuleNotFoundError("No module named 'torchtitan'")
[36m(pid=3674440)[0m   warnings.warn(f"torchtitan engine is not available: {e!r}", stacklevel=1)
[36m(pid=3674440)[0m /home/p00938733/verl-090/verl/workers/engine/__init__.py:41: UserWarning: veomni engine is not available: ModuleNotFoundError("No module named 'veomni'")
[36m(pid=3674440)[0m   warnings.warn(f"veomni engine is not available: {e!r}", stacklevel=1)
[36m(pid=3674440)[0m /home/p00938733/verl-090/verl/workers/engine/__init__.py:50: UserWarning: automodel engine is not available: ModuleNotFoundError("No module named 'nemo_automodel'")
[36m(pid=3674440)[0m   warnings.warn(f"automodel engine is not available: {e!r}", stacklevel=1)
[36m(pid=3674442)[0m WARNING:2026-09-10 23:10:26,272:No supported accelerator detected. Registered: ('nvidia', 'huawei', 'amd'). Falling back to 'nvidia'.
[36m(pid=3674442)[0m WARNING:2026-09-10 23:10:26,273:Platform 'nvidia' (PlatformCUDA) is registered but not available. This may be due to this ray actor being a CPU-only actor.
[36m(pid=3674442)[0m /home/p00938733/verl-090/verl/workers/engine/__init__.py:32: UserWarning: torchtitan engine is not available: ModuleNotFoundError("No module named 'torchtitan'")
[36m(pid=3674442)[0m   warnings.warn(f"torchtitan engine is not available: {e!r}", stacklevel=1)
[36m(pid=3674442)[0m /home/p00938733/verl-090/verl/workers/engine/__init__.py:41: UserWarning: veomni engine is not available: ModuleNotFoundError("No module named 'veomni'")
[36m(pid=3674442)[0m   warnings.warn(f"veomni engine is not available: {e!r}", stacklevel=1)
[36m(pid=3674442)[0m /home/p00938733/verl-090/verl/workers/engine/__init__.py:50: UserWarning: automodel engine is not available: ModuleNotFoundError("No module named 'nemo_automodel'")
[36m(pid=3674442)[0m   warnings.warn(f"automodel engine is not available: {e!r}", stacklevel=1)
[36m(pid=3674439)[0m WARNING:2026-09-10 23:10:26,374:No supported accelerator detected. Registered: ('nvidia', 'huawei', 'amd'). Falling back to 'nvidia'.
[36m(pid=3674439)[0m WARNING:2026-09-10 23:10:26,375:Platform 'nvidia' (PlatformCUDA) is registered but not available. This may be due to this ray actor being a CPU-only actor.
[36m(pid=3674439)[0m /home/p00938733/verl-090/verl/workers/engine/__init__.py:32: UserWarning: torchtitan engine is not available: ModuleNotFoundError("No module named 'torchtitan'")
[36m(pid=3674439)[0m   warnings.warn(f"torchtitan engine is not available: {e!r}", stacklevel=1)
[36m(pid=3674439)[0m /home/p00938733/verl-090/verl/workers/engine/__init__.py:41: UserWarning: veomni engine is not available: ModuleNotFoundError("No module named 'veomni'")
[36m(pid=3674439)[0m   warnings.warn(f"veomni engine is not available: {e!r}", stacklevel=1)
[36m(pid=3674439)[0m /home/p00938733/verl-090/verl/workers/engine/__init__.py:50: UserWarning: automodel engine is not available: ModuleNotFoundError("No module named 'nemo_automodel'")
[36m(pid=3674439)[0m   warnings.warn(f"automodel engine is not available: {e!r}", stacklevel=1)
[36m(pid=3674438)[0m WARNING:2026-09-10 23:10:26,462:No supported accelerator detected. Registered: ('nvidia', 'huawei', 'amd'). Falling back to 'nvidia'.
[36m(pid=3674438)[0m WARNING:2026-09-10 23:10:26,463:Platform 'nvidia' (PlatformCUDA) is registered but not available. This may be due to this ray actor being a CPU-only actor.
[36m(pid=3674438)[0m /home/p00938733/verl-090/verl/workers/engine/__init__.py:32: UserWarning: torchtitan engine is not available: ModuleNotFoundError("No module named 'torchtitan'")
[36m(pid=3674438)[0m   warnings.warn(f"torchtitan engine is not available: {e!r}", stacklevel=1)
[36m(pid=3674438)[0m /home/p00938733/verl-090/verl/workers/engine/__init__.py:41: UserWarning: veomni engine is not available: ModuleNotFoundError("No module named 'veomni'")
[36m(pid=3674438)[0m   warnings.warn(f"veomni engine is not available: {e!r}", stacklevel=1)
[36m(pid=3674438)[0m /home/p00938733/verl-090/verl/workers/engine/__init__.py:50: UserWarning: automodel engine is not available: ModuleNotFoundError("No module named 'nemo_automodel'")
[36m(pid=3674438)[0m   warnings.warn(f"automodel engine is not available: {e!r}", stacklevel=1)
[36m(pid=3674441)[0m WARNING:2026-09-10 23:10:26,546:No supported accelerator detected. Registered: ('nvidia', 'huawei', 'amd'). Falling back to 'nvidia'.
[36m(pid=3674441)[0m WARNING:2026-09-10 23:10:26,548:Platform 'nvidia' (PlatformCUDA) is registered but not available. This may be due to this ray actor being a CPU-only actor.
[36m(pid=3674441)[0m /home/p00938733/verl-090/verl/workers/engine/__init__.py:32: UserWarning: torchtitan engine is not available: ModuleNotFoundError("No module named 'torchtitan'")
[36m(pid=3674441)[0m   warnings.warn(f"torchtitan engine is not available: {e!r}", stacklevel=1)
[36m(pid=3674441)[0m /home/p00938733/verl-090/verl/workers/engine/__init__.py:41: UserWarning: veomni engine is not available: ModuleNotFoundError("No module named 'veomni'")
[36m(pid=3674441)[0m   warnings.warn(f"veomni engine is not available: {e!r}", stacklevel=1)
[36m(pid=3674441)[0m /home/p00938733/verl-090/verl/workers/engine/__init__.py:50: UserWarning: automodel engine is not available: ModuleNotFoundError("No module named 'nemo_automodel'")
[36m(pid=3674441)[0m   warnings.warn(f"automodel engine is not available: {e!r}", stacklevel=1)
[36m(pid=3674444)[0m WARNING:2026-09-10 23:10:26,632:No supported accelerator detected. Registered: ('nvidia', 'huawei', 'amd'). Falling back to 'nvidia'.
[36m(pid=3674444)[0m WARNING:2026-09-10 23:10:26,634:Platform 'nvidia' (PlatformCUDA) is registered but not available. This may be due to this ray actor being a CPU-only actor.
[36m(pid=3674444)[0m /home/p00938733/verl-090/verl/workers/engine/__init__.py:32: UserWarning: torchtitan engine is not available: ModuleNotFoundError("No module named 'torchtitan'")
[36m(pid=3674444)[0m   warnings.warn(f"torchtitan engine is not available: {e!r}", stacklevel=1)
[36m(pid=3674444)[0m /home/p00938733/verl-090/verl/workers/engine/__init__.py:41: UserWarning: veomni engine is not available: ModuleNotFoundError("No module named 'veomni'")
[36m(pid=3674444)[0m   warnings.warn(f"veomni engine is not available: {e!r}", stacklevel=1)
[36m(pid=3674444)[0m /home/p00938733/verl-090/verl/workers/engine/__init__.py:50: UserWarning: automodel engine is not available: ModuleNotFoundError("No module named 'nemo_automodel'")
[36m(pid=3674444)[0m   warnings.warn(f"automodel engine is not available: {e!r}", stacklevel=1)
[36m(pid=3674443)[0m WARNING:2026-09-10 23:10:26,714:No supported accelerator detected. Registered: ('nvidia', 'huawei', 'amd'). Falling back to 'nvidia'.
[36m(pid=3674443)[0m WARNING:2026-09-10 23:10:26,716:Platform 'nvidia' (PlatformCUDA) is registered but not available. This may be due to this ray actor being a CPU-only actor.
[36m(pid=3674443)[0m /home/p00938733/verl-090/verl/workers/engine/__init__.py:32: UserWarning: torchtitan engine is not available: ModuleNotFoundError("No module named 'torchtitan'")
[36m(pid=3674443)[0m   warnings.warn(f"torchtitan engine is not available: {e!r}", stacklevel=1)
[36m(pid=3674443)[0m /home/p00938733/verl-090/verl/workers/engine/__init__.py:41: UserWarning: veomni engine is not available: ModuleNotFoundError("No module named 'veomni'")
[36m(pid=3674443)[0m   warnings.warn(f"veomni engine is not available: {e!r}", stacklevel=1)
[36m(pid=3674443)[0m /home/p00938733/verl-090/verl/workers/engine/__init__.py:50: UserWarning: automodel engine is not available: ModuleNotFoundError("No module named 'nemo_automodel'")
[36m(pid=3674443)[0m   warnings.warn(f"automodel engine is not available: {e!r}", stacklevel=1)
[36m(pid=3674445)[0m WARNING:2026-09-10 23:10:26,797:No supported accelerator detected. Registered: ('nvidia', 'huawei', 'amd'). Falling back to 'nvidia'.
[36m(pid=3674445)[0m WARNING:2026-09-10 23:10:26,798:Platform 'nvidia' (PlatformCUDA) is registered but not available. This may be due to this ray actor being a CPU-only actor.
[36m(pid=3674445)[0m /home/p00938733/verl-090/verl/workers/engine/__init__.py:32: UserWarning: torchtitan engine is not available: ModuleNotFoundError("No module named 'torchtitan'")
[36m(pid=3674445)[0m   warnings.warn(f"torchtitan engine is not available: {e!r}", stacklevel=1)
[36m(pid=3674445)[0m /home/p00938733/verl-090/verl/workers/engine/__init__.py:41: UserWarning: veomni engine is not available: ModuleNotFoundError("No module named 'veomni'")
[36m(pid=3674445)[0m   warnings.warn(f"veomni engine is not available: {e!r}", stacklevel=1)
[36m(pid=3674445)[0m /home/p00938733/verl-090/verl/workers/engine/__init__.py:50: UserWarning: automodel engine is not available: ModuleNotFoundError("No module named 'nemo_automodel'")
[36m(pid=3674445)[0m   warnings.warn(f"automodel engine is not available: {e!r}", stacklevel=1)
[36m(WorkerDict pid=3667368)[0m [rank3]:[W910 23:10:28.138331441 ProcessGroupNCCL.cpp:4094] Warning: An unbatched P2P op (send/recv) was called on this ProcessGroup with size 2.  In lazy initialization mode, this will result in a new 2-rank NCCL communicator to be created. (function operator())
[36m(WorkerDict pid=3667372)[0m [rank7]:[W910 23:10:28.157169809 ProcessGroupNCCL.cpp:4094] Warning: An unbatched P2P op (send/recv) was called on this ProcessGroup with size 2.  In lazy initialization mode, this will result in a new 2-rank NCCL communicator to be created. (function operator())
[36m(pid=3674440)[0m W0910 23:10:30.114000 3674440 torch/utils/cpp_extension.py:140] No CUDA runtime is found, using CUDA_HOME='/usr/local/cuda'
[36m(WorkerDict pid=3667365)[0m [rank0]:[W910 23:10:30.794400491 ProcessGroupNCCL.cpp:4094] Warning: An unbatched P2P op (send/recv) was called on this ProcessGroup with size 2.  In lazy initialization mode, this will result in a new 2-rank NCCL communicator to be created. (function operator())
[36m(WorkerDict pid=3667369)[0m [rank4]:[W910 23:10:30.797491553 ProcessGroupNCCL.cpp:4094] Warning: An unbatched P2P op (send/recv) was called on this ProcessGroup with size 2.  In lazy initialization mode, this will result in a new 2-rank NCCL communicator to be created. (function operator())
[36m(pid=3674439)[0m W0910 23:10:30.722000 3674439 torch/utils/cpp_extension.py:140] No CUDA runtime is found, using CUDA_HOME='/usr/local/cuda'
[36m(pid=3674441)[0m W0910 23:10:30.790000 3674441 torch/utils/cpp_extension.py:140] No CUDA runtime is found, using CUDA_HOME='/usr/local/cuda'
[36m(pid=3674438)[0m W0910 23:10:30.808000 3674438 torch/utils/cpp_extension.py:140] No CUDA runtime is found, using CUDA_HOME='/usr/local/cuda'
[36m(pid=3674442)[0m W0910 23:10:30.827000 3674442 torch/utils/cpp_extension.py:140] No CUDA runtime is found, using CUDA_HOME='/usr/local/cuda'
[36m(pid=3674443)[0m W0910 23:10:30.842000 3674443 torch/utils/cpp_extension.py:140] No CUDA runtime is found, using CUDA_HOME='/usr/local/cuda'
[36m(pid=3674444)[0m W0910 23:10:30.838000 3674444 torch/utils/cpp_extension.py:140] No CUDA runtime is found, using CUDA_HOME='/usr/local/cuda'
[36m(pid=3674445)[0m W0910 23:10:30.858000 3674445 torch/utils/cpp_extension.py:140] No CUDA runtime is found, using CUDA_HOME='/usr/local/cuda'
[36m(WorkerDict pid=3667370)[0m [rank5]:[W910 23:10:31.923923646 ProcessGroupNCCL.cpp:4094] Warning: An unbatched P2P op (send/recv) was called on this ProcessGroup with size 2.  In lazy initialization mode, this will result in a new 2-rank NCCL communicator to be created. (function operator())
[36m(WorkerDict pid=3667366)[0m [rank1]:[W910 23:10:31.917865133 ProcessGroupNCCL.cpp:4094] Warning: An unbatched P2P op (send/recv) was called on this ProcessGroup with size 2.  In lazy initialization mode, this will result in a new 2-rank NCCL communicator to be created. (function operator())
[36m(WorkerDict pid=3667371)[0m WARNING:2026-09-10 23:10:31,918:flash-attn v4 may provide important feature support or performance improvement. Please install flash-attn v4 by 
[36m(WorkerDict pid=3667371)[0m pip install flash-attn-4==4.0.0b11 nvidia-cutlass-dsl[cu13]
[36m(WorkerDict pid=3667372)[0m WARNING:2026-09-10 23:10:31,953:flash-attn v4 may provide important feature support or performance improvement. Please install flash-attn v4 by 
[36m(WorkerDict pid=3667372)[0m pip install flash-attn-4==4.0.0b11 nvidia-cutlass-dsl[cu13]
[36m(AgentLoopWorkerTQ pid=3674440)[0m Using blocking ray.get inside async actor. This blocks the event loop. Please use `await` on object ref with asyncio.gather if you want to yield execution to the event loop instead.
[36m(AgentLoopWorkerTQ pid=3674440)[0m Using dataset class: RLHFDataset
[36m(WorkerDict pid=3667370)[0m WARNING:2026-09-10 23:10:33,735:flash-attn v4 may provide important feature support or performance improvement. Please install flash-attn v4 by 
[36m(WorkerDict pid=3667370)[0m pip install flash-attn-4==4.0.0b11 nvidia-cutlass-dsl[cu13]
[36m(AgentLoopWorkerTQ pid=3674439)[0m Using dataset class: RLHFDataset
[36m(AgentLoopWorkerTQ pid=3674439)[0m Using blocking ray.get inside async actor. This blocks the event loop. Please use `await` on object ref with asyncio.gather if you want to yield execution to the event loop instead.
[36m(AgentLoopWorkerTQ pid=3674441)[0m Using dataset class: RLHFDataset
[36m(AgentLoopWorkerTQ pid=3674444)[0m Using blocking ray.get inside async actor. This blocks the event loop. Please use `await` on object ref with asyncio.gather if you want to yield execution to the event loop instead.
[36m(AgentLoopWorkerTQ pid=3674444)[0m Using dataset class: RLHFDataset
[36m(AgentLoopWorkerTQ pid=3674445)[0m Using dataset class: RLHFDataset
[36m(AgentLoopWorkerTQ pid=3674445)[0m Using blocking ray.get inside async actor. This blocks the event loop. Please use `await` on object ref with asyncio.gather if you want to yield execution to the event loop instead.
[36m(AgentLoopWorkerTQ pid=3674441)[0m Using blocking ray.get inside async actor. This blocks the event loop. Please use `await` on object ref with asyncio.gather if you want to yield execution to the event loop instead.
[36m(AgentLoopWorkerTQ pid=3674443)[0m Using blocking ray.get inside async actor. This blocks the event loop. Please use `await` on object ref with asyncio.gather if you want to yield execution to the event loop instead.
[36m(AgentLoopWorkerTQ pid=3674443)[0m Using dataset class: RLHFDataset
[36m(AgentLoopWorkerTQ pid=3674438)[0m Using blocking ray.get inside async actor. This blocks the event loop. Please use `await` on object ref with asyncio.gather if you want to yield execution to the event loop instead.
[36m(AgentLoopWorkerTQ pid=3674438)[0m Using dataset class: RLHFDataset
[36m(AgentLoopWorkerTQ pid=3674442)[0m Using blocking ray.get inside async actor. This blocks the event loop. Please use `await` on object ref with asyncio.gather if you want to yield execution to the event loop instead.
[36m(AgentLoopWorkerTQ pid=3674442)[0m Using dataset class: RLHFDataset
[36m(WorkerDict pid=3667371)[0m WARNING:2026-09-10 23:10:40,211:VERL_RESPONSE_ONLY_LM_HEAD_PROFILE {"active_ratio": 0.0, "actual_logits_bytes": 0, "allocated_before_bytes": 4194535424, "backend": "fused", "calculate_entropy": true, "calculate_sum_pi_squared": false, "context_parallel_size": 2, "data_format": "thd", "dense_logits_bytes": 0, "dense_rows": 10184, "distillation_only": false, "elapsed_s": 0.4193494380451739, "element_size": 0, "entropy_from_logits_chunk_size": 2048, "entropy_from_logits_with_chunking": false, "event_id": 0, "logits_dtype": "none", "logits_saved_bytes": 0, "peak_allocated_bytes": 4278087680, "peak_increment_bytes": 83552256, "pipeline_parallel_size": 2, "projected_rows": 1, "rank": 6, "response_only_enabled": true, "role": "actor", "selected_rows": 0, "tensor_parallel_size": 2, "vocab_shard": 75968}
[36m(WorkerDict pid=3667372)[0m WARNING:2026-09-10 23:10:40,207:VERL_RESPONSE_ONLY_LM_HEAD_PROFILE {"active_ratio": 0.0, "actual_logits_bytes": 0, "allocated_before_bytes": 4194535424, "backend": "fused", "calculate_entropy": true, "calculate_sum_pi_squared": false, "context_parallel_size": 2, "data_format": "thd", "dense_logits_bytes": 0, "dense_rows": 10184, "distillation_only": false, "elapsed_s": 0.4157370360335335, "element_size": 0, "entropy_from_logits_chunk_size": 2048, "entropy_from_logits_with_chunking": false, "event_id": 0, "logits_dtype": "none", "logits_saved_bytes": 0, "peak_allocated_bytes": 4278087680, "peak_increment_bytes": 83552256, "pipeline_parallel_size": 2, "projected_rows": 1, "rank": 7, "response_only_enabled": true, "role": "actor", "selected_rows": 0, "tensor_parallel_size": 2, "vocab_shard": 75968}
[36m(WorkerDict pid=3667370)[0m WARNING:2026-09-10 23:10:40,340:VERL_RESPONSE_ONLY_LM_HEAD_PROFILE {"active_ratio": 0.40219952867242736, "actual_logits_bytes": 0, "allocated_before_bytes": 4194535424, "backend": "fused", "calculate_entropy": true, "calculate_sum_pi_squared": false, "context_parallel_size": 2, "data_format": "thd", "dense_logits_bytes": 0, "dense_rows": 10184, "distillation_only": false, "elapsed_s": 0.5520277160685509, "element_size": 0, "entropy_from_logits_chunk_size": 2048, "entropy_from_logits_with_chunking": false, "event_id": 0, "logits_dtype": "none", "logits_saved_bytes": 0, "peak_allocated_bytes": 4311582720, "peak_increment_bytes": 117047296, "pipeline_parallel_size": 2, "projected_rows": 4096, "rank": 5, "response_only_enabled": true, "role": "actor", "selected_rows": 4096, "tensor_parallel_size": 2, "vocab_shard": 75968}
[36m(WorkerDict pid=3667371)[0m WARNING:2026-09-10 23:10:44,304:VERL_RESPONSE_ONLY_LM_HEAD_PROFILE {"active_ratio": 0.0, "actual_logits_bytes": 0, "allocated_before_bytes": 4194700800, "backend": "fused", "calculate_entropy": true, "calculate_sum_pi_squared": false, "context_parallel_size": 2, "data_format": "thd", "dense_logits_bytes": 0, "dense_rows": 10184, "distillation_only": false, "elapsed_s": 0.005511812982149422, "element_size": 0, "entropy_from_logits_chunk_size": 2048, "entropy_from_logits_with_chunking": false, "event_id": 1, "logits_dtype": "none", "logits_saved_bytes": 0, "peak_allocated_bytes": 4278253056, "peak_increment_bytes": 83552256, "pipeline_parallel_size": 2, "projected_rows": 1, "rank": 6, "response_only_enabled": true, "role": "actor", "selected_rows": 0, "tensor_parallel_size": 2, "vocab_shard": 75968}
[36m(WorkerDict pid=3667372)[0m WARNING:2026-09-10 23:10:44,304:VERL_RESPONSE_ONLY_LM_HEAD_PROFILE {"active_ratio": 0.0, "actual_logits_bytes": 0, "allocated_before_bytes": 4194700800, "backend": "fused", "calculate_entropy": true, "calculate_sum_pi_squared": false, "context_parallel_size": 2, "data_format": "thd", "dense_logits_bytes": 0, "dense_rows": 10184, "distillation_only": false, "elapsed_s": 0.005512543022632599, "element_size": 0, "entropy_from_logits_chunk_size": 2048, "entropy_from_logits_with_chunking": false, "event_id": 1, "logits_dtype": "none", "logits_saved_bytes": 0, "peak_allocated_bytes": 4278253056, "peak_increment_bytes": 83552256, "pipeline_parallel_size": 2, "projected_rows": 1, "rank": 7, "response_only_enabled": true, "role": "actor", "selected_rows": 0, "tensor_parallel_size": 2, "vocab_shard": 75968}
[36m(WorkerDict pid=3667370)[0m WARNING:2026-09-10 23:10:44,409:VERL_RESPONSE_ONLY_LM_HEAD_PROFILE {"active_ratio": 0.40219952867242736, "actual_logits_bytes": 0, "allocated_before_bytes": 4194700800, "backend": "fused", "calculate_entropy": true, "calculate_sum_pi_squared": false, "context_parallel_size": 2, "data_format": "thd", "dense_logits_bytes": 0, "dense_rows": 10184, "distillation_only": false, "elapsed_s": 0.13150824804324657, "element_size": 0, "entropy_from_logits_chunk_size": 2048, "entropy_from_logits_with_chunking": false, "event_id": 1, "logits_dtype": "none", "logits_saved_bytes": 0, "peak_allocated_bytes": 4311748096, "peak_increment_bytes": 117047296, "pipeline_parallel_size": 2, "projected_rows": 4096, "rank": 5, "response_only_enabled": true, "role": "actor", "selected_rows": 4096, "tensor_parallel_size": 2, "vocab_shard": 75968}
[36m(WorkerDict pid=3667371)[0m WARNING:2026-09-10 23:10:44,711:VERL_RESPONSE_ONLY_LM_HEAD_PROFILE {"active_ratio": 0.0, "actual_logits_bytes": 0, "allocated_before_bytes": 4194865664, "backend": "fused", "calculate_entropy": true, "calculate_sum_pi_squared": false, "context_parallel_size": 2, "data_format": "thd", "dense_logits_bytes": 0, "dense_rows": 10184, "distillation_only": false, "elapsed_s": 0.0055025831097736955, "element_size": 0, "entropy_from_logits_chunk_size": 2048, "entropy_from_logits_with_chunking": false, "event_id": 2, "logits_dtype": "none", "logits_saved_bytes": 0, "peak_allocated_bytes": 4278417920, "peak_increment_bytes": 83552256, "pipeline_parallel_size": 2, "projected_rows": 1, "rank": 6, "response_only_enabled": true, "role": "actor", "selected_rows": 0, "tensor_parallel_size": 2, "vocab_shard": 75968}
[36m(WorkerDict pid=3667372)[0m WARNING:2026-09-10 23:10:44,711:VERL_RESPONSE_ONLY_LM_HEAD_PROFILE {"active_ratio": 0.0, "actual_logits_bytes": 0, "allocated_before_bytes": 4194865664, "backend": "fused", "calculate_entropy": true, "calculate_sum_pi_squared": false, "context_parallel_size": 2, "data_format": "thd", "dense_logits_bytes": 0, "dense_rows": 10184, "distillation_only": false, "elapsed_s": 0.005470172967761755, "element_size": 0, "entropy_from_logits_chunk_size": 2048, "entropy_from_logits_with_chunking": false, "event_id": 2, "logits_dtype": "none", "logits_saved_bytes": 0, "peak_allocated_bytes": 4278417920, "peak_increment_bytes": 83552256, "pipeline_parallel_size": 2, "projected_rows": 1, "rank": 7, "response_only_enabled": true, "role": "actor", "selected_rows": 0, "tensor_parallel_size": 2, "vocab_shard": 75968}
[36m(WorkerDict pid=3667370)[0m WARNING:2026-09-10 23:10:44,837:VERL_RESPONSE_ONLY_LM_HEAD_PROFILE {"active_ratio": 0.40219952867242736, "actual_logits_bytes": 0, "allocated_before_bytes": 4194865664, "backend": "fused", "calculate_entropy": true, "calculate_sum_pi_squared": false, "context_parallel_size": 2, "data_format": "thd", "dense_logits_bytes": 0, "dense_rows": 10184, "distillation_only": false, "elapsed_s": 0.13083424896467477, "element_size": 0, "entropy_from_logits_chunk_size": 2048, "entropy_from_logits_with_chunking": false, "event_id": 2, "logits_dtype": "none", "logits_saved_bytes": 0, "peak_allocated_bytes": 4311912960, "peak_increment_bytes": 117047296, "pipeline_parallel_size": 2, "projected_rows": 4096, "rank": 5, "response_only_enabled": true, "role": "actor", "selected_rows": 4096, "tensor_parallel_size": 2, "vocab_shard": 75968}
[36m(WorkerDict pid=3667371)[0m WARNING:2026-09-10 23:10:45,140:VERL_RESPONSE_ONLY_LM_HEAD_PROFILE {"active_ratio": 0.0, "actual_logits_bytes": 0, "allocated_before_bytes": 4195030528, "backend": "fused", "calculate_entropy": true, "calculate_sum_pi_squared": false, "context_parallel_size": 2, "data_format": "thd", "dense_logits_bytes": 0, "dense_rows": 10184, "distillation_only": false, "elapsed_s": 0.005505491979420185, "element_size": 0, "entropy_from_logits_chunk_size": 2048, "entropy_from_logits_with_chunking": false, "event_id": 3, "logits_dtype": "none", "logits_saved_bytes": 0, "peak_allocated_bytes": 4278582784, "peak_increment_bytes": 83552256, "pipeline_parallel_size": 2, "projected_rows": 1, "rank": 6, "response_only_enabled": true, "role": "actor", "selected_rows": 0, "tensor_parallel_size": 2, "vocab_shard": 75968}
[36m(WorkerDict pid=3667372)[0m WARNING:2026-09-10 23:10:45,140:VERL_RESPONSE_ONLY_LM_HEAD_PROFILE {"active_ratio": 0.0, "actual_logits_bytes": 0, "allocated_before_bytes": 4195030528, "backend": "fused", "calculate_entropy": true, "calculate_sum_pi_squared": false, "context_parallel_size": 2, "data_format": "thd", "dense_logits_bytes": 0, "dense_rows": 10184, "distillation_only": false, "elapsed_s": 0.005560191930271685, "element_size": 0, "entropy_from_logits_chunk_size": 2048, "entropy_from_logits_with_chunking": false, "event_id": 3, "logits_dtype": "none", "logits_saved_bytes": 0, "peak_allocated_bytes": 4278582784, "peak_increment_bytes": 83552256, "pipeline_parallel_size": 2, "projected_rows": 1, "rank": 7, "response_only_enabled": true, "role": "actor", "selected_rows": 0, "tensor_parallel_size": 2, "vocab_shard": 75968}
[36m(WorkerDict pid=3667370)[0m WARNING:2026-09-10 23:10:45,267:VERL_RESPONSE_ONLY_LM_HEAD_PROFILE {"active_ratio": 0.40219952867242736, "actual_logits_bytes": 0, "allocated_before_bytes": 4195030528, "backend": "fused", "calculate_entropy": true, "calculate_sum_pi_squared": false, "context_parallel_size": 2, "data_format": "thd", "dense_logits_bytes": 0, "dense_rows": 10184, "distillation_only": false, "elapsed_s": 0.13189591898117214, "element_size": 0, "entropy_from_logits_chunk_size": 2048, "entropy_from_logits_with_chunking": false, "event_id": 3, "logits_dtype": "none", "logits_saved_bytes": 0, "peak_allocated_bytes": 4312077824, "peak_increment_bytes": 117047296, "pipeline_parallel_size": 2, "projected_rows": 4096, "rank": 5, "response_only_enabled": true, "role": "actor", "selected_rows": 4096, "tensor_parallel_size": 2, "vocab_shard": 75968}
[36m(WorkerDict pid=3667371)[0m WARNING:2026-09-10 23:10:45,680:VERL_RESPONSE_ONLY_LM_HEAD_PROFILE {"active_ratio": 0.0, "actual_logits_bytes": 0, "allocated_before_bytes": 4202945536, "backend": "fused", "calculate_entropy": true, "calculate_sum_pi_squared": false, "context_parallel_size": 2, "data_format": "thd", "dense_logits_bytes": 0, "dense_rows": 9896, "distillation_only": false, "elapsed_s": 0.005540553014725447, "element_size": 0, "entropy_from_logits_chunk_size": 2048, "entropy_from_logits_with_chunking": false, "event_id": 4, "logits_dtype": "none", "logits_saved_bytes": 0, "peak_allocated_bytes": 4284135424, "peak_increment_bytes": 81189888, "pipeline_parallel_size": 2, "projected_rows": 1, "rank": 6, "response_only_enabled": true, "role": "actor", "selected_rows": 0, "tensor_parallel_size": 2, "vocab_shard": 75968}
[36m(WorkerDict pid=3667372)[0m WARNING:2026-09-10 23:10:45,680:VERL_RESPONSE_ONLY_LM_HEAD_PROFILE {"active_ratio": 0.0, "actual_logits_bytes": 0, "allocated_before_bytes": 4202945536, "backend": "fused", "calculate_entropy": true, "calculate_sum_pi_squared": false, "context_parallel_size": 2, "data_format": "thd", "dense_logits_bytes": 0, "dense_rows": 9896, "distillation_only": false, "elapsed_s": 0.005511803086847067, "element_size": 0, "entropy_from_logits_chunk_size": 2048, "entropy_from_logits_with_chunking": false, "event_id": 4, "logits_dtype": "none", "logits_saved_bytes": 0, "peak_allocated_bytes": 4284135424, "peak_increment_bytes": 81189888, "pipeline_parallel_size": 2, "projected_rows": 1, "rank": 7, "response_only_enabled": true, "role": "actor", "selected_rows": 0, "tensor_parallel_size": 2, "vocab_shard": 75968}
[36m(WorkerDict pid=3667370)[0m WARNING:2026-09-10 23:10:45,805:VERL_RESPONSE_ONLY_LM_HEAD_PROFILE {"active_ratio": 0.41390460792239286, "actual_logits_bytes": 0, "allocated_before_bytes": 4202945536, "backend": "fused", "calculate_entropy": true, "calculate_sum_pi_squared": false, "context_parallel_size": 2, "data_format": "thd", "dense_logits_bytes": 0, "dense_rows": 9896, "distillation_only": false, "elapsed_s": 0.13031239900738, "element_size": 0, "entropy_from_logits_chunk_size": 2048, "entropy_from_logits_with_chunking": false, "event_id": 4, "logits_dtype": "none", "logits_saved_bytes": 0, "peak_allocated_bytes": 4317633536, "peak_increment_bytes": 114688000, "pipeline_parallel_size": 2, "projected_rows": 4096, "rank": 5, "response_only_enabled": true, "role": "actor", "selected_rows": 4096, "tensor_parallel_size": 2, "vocab_shard": 75968}
[36m(WorkerDict pid=3667371)[0m WARNING:2026-09-10 23:10:46,101:VERL_RESPONSE_ONLY_LM_HEAD_PROFILE {"active_ratio": 0.0, "actual_logits_bytes": 0, "allocated_before_bytes": 4203105280, "backend": "fused", "calculate_entropy": true, "calculate_sum_pi_squared": false, "context_parallel_size": 2, "data_format": "thd", "dense_logits_bytes": 0, "dense_rows": 9896, "distillation_only": false, "elapsed_s": 0.00551959197036922, "element_size": 0, "entropy_from_logits_chunk_size": 2048, "entropy_from_logits_with_chunking": false, "event_id": 5, "logits_dtype": "none", "logits_saved_bytes": 0, "peak_allocated_bytes": 4284295168, "peak_increment_bytes": 81189888, "pipeline_parallel_size": 2, "projected_rows": 1, "rank": 6, "response_only_enabled": true, "role": "actor", "selected_rows": 0, "tensor_parallel_size": 2, "vocab_shard": 75968}
[36m(WorkerDict pid=3667372)[0m WARNING:2026-09-10 23:10:46,101:VERL_RESPONSE_ONLY_LM_HEAD_PROFILE {"active_ratio": 0.0, "actual_logits_bytes": 0, "allocated_before_bytes": 4203105280, "backend": "fused", "calculate_entropy": true, "calculate_sum_pi_squared": false, "context_parallel_size": 2, "data_format": "thd", "dense_logits_bytes": 0, "dense_rows": 9896, "distillation_only": false, "elapsed_s": 0.0055156119633466005, "element_size": 0, "entropy_from_logits_chunk_size": 2048, "entropy_from_logits_with_chunking": false, "event_id": 5, "logits_dtype": "none", "logits_saved_bytes": 0, "peak_allocated_bytes": 4284295168, "peak_increment_bytes": 81189888, "pipeline_parallel_size": 2, "projected_rows": 1, "rank": 7, "response_only_enabled": true, "role": "actor", "selected_rows": 0, "tensor_parallel_size": 2, "vocab_shard": 75968}
[36m(WorkerDict pid=3667370)[0m WARNING:2026-09-10 23:10:46,225:VERL_RESPONSE_ONLY_LM_HEAD_PROFILE {"active_ratio": 0.41390460792239286, "actual_logits_bytes": 0, "allocated_before_bytes": 4203105280, "backend": "fused", "calculate_entropy": true, "calculate_sum_pi_squared": false, "context_parallel_size": 2, "data_format": "thd", "dense_logits_bytes": 0, "dense_rows": 9896, "distillation_only": false, "elapsed_s": 0.1296261779498309, "element_size": 0, "entropy_from_logits_chunk_size": 2048, "entropy_from_logits_with_chunking": false, "event_id": 5, "logits_dtype": "none", "logits_saved_bytes": 0, "peak_allocated_bytes": 4317793280, "peak_increment_bytes": 114688000, "pipeline_parallel_size": 2, "projected_rows": 4096, "rank": 5, "response_only_enabled": true, "role": "actor", "selected_rows": 4096, "tensor_parallel_size": 2, "vocab_shard": 75968}
[36m(WorkerDict pid=3667371)[0m WARNING:2026-09-10 23:10:46,520:VERL_RESPONSE_ONLY_LM_HEAD_PROFILE {"active_ratio": 0.0, "actual_logits_bytes": 0, "allocated_before_bytes": 4203265024, "backend": "fused", "calculate_entropy": true, "calculate_sum_pi_squared": false, "context_parallel_size": 2, "data_format": "thd", "dense_logits_bytes": 0, "dense_rows": 9896, "distillation_only": false, "elapsed_s": 0.005525142070837319, "element_size": 0, "entropy_from_logits_chunk_size": 2048, "entropy_from_logits_with_chunking": false, "event_id": 6, "logits_dtype": "none", "logits_saved_bytes": 0, "peak_allocated_bytes": 4284454912, "peak_increment_bytes": 81189888, "pipeline_parallel_size": 2, "projected_rows": 1, "rank": 6, "response_only_enabled": true, "role": "actor", "selected_rows": 0, "tensor_parallel_size": 2, "vocab_shard": 75968}
[36m(WorkerDict pid=3667372)[0m WARNING:2026-09-10 23:10:46,520:VERL_RESPONSE_ONLY_LM_HEAD_PROFILE {"active_ratio": 0.0, "actual_logits_bytes": 0, "allocated_before_bytes": 4203265024, "backend": "fused", "calculate_entropy": true, "calculate_sum_pi_squared": false, "context_parallel_size": 2, "data_format": "thd", "dense_logits_bytes": 0, "dense_rows": 9896, "distillation_only": false, "elapsed_s": 0.005545021966099739, "element_size": 0, "entropy_from_logits_chunk_size": 2048, "entropy_from_logits_with_chunking": false, "event_id": 6, "logits_dtype": "none", "logits_saved_bytes": 0, "peak_allocated_bytes": 4284454912, "peak_increment_bytes": 81189888, "pipeline_parallel_size": 2, "projected_rows": 1, "rank": 7, "response_only_enabled": true, "role": "actor", "selected_rows": 0, "tensor_parallel_size": 2, "vocab_shard": 75968}
[36m(WorkerDict pid=3667370)[0m WARNING:2026-09-10 23:10:46,645:VERL_RESPONSE_ONLY_LM_HEAD_PROFILE {"active_ratio": 0.41390460792239286, "actual_logits_bytes": 0, "allocated_before_bytes": 4203265024, "backend": "fused", "calculate_entropy": true, "calculate_sum_pi_squared": false, "context_parallel_size": 2, "data_format": "thd", "dense_logits_bytes": 0, "dense_rows": 9896, "distillation_only": false, "elapsed_s": 0.13005760801024735, "element_size": 0, "entropy_from_logits_chunk_size": 2048, "entropy_from_logits_with_chunking": false, "event_id": 6, "logits_dtype": "none", "logits_saved_bytes": 0, "peak_allocated_bytes": 4317953024, "peak_increment_bytes": 114688000, "pipeline_parallel_size": 2, "projected_rows": 4096, "rank": 5, "response_only_enabled": true, "role": "actor", "selected_rows": 4096, "tensor_parallel_size": 2, "vocab_shard": 75968}
[36m(WorkerDict pid=3667371)[0m WARNING:2026-09-10 23:10:46,941:VERL_RESPONSE_ONLY_LM_HEAD_PROFILE {"active_ratio": 0.0, "actual_logits_bytes": 0, "allocated_before_bytes": 4203424768, "backend": "fused", "calculate_entropy": true, "calculate_sum_pi_squared": false, "context_parallel_size": 2, "data_format": "thd", "dense_logits_bytes": 0, "dense_rows": 9896, "distillation_only": false, "elapsed_s": 0.005608121980912983, "element_size": 0, "entropy_from_logits_chunk_size": 2048, "entropy_from_logits_with_chunking": false, "event_id": 7, "logits_dtype": "none", "logits_saved_bytes": 0, "peak_allocated_bytes": 4284614656, "peak_increment_bytes": 81189888, "pipeline_parallel_size": 2, "projected_rows": 1, "rank": 6, "response_only_enabled": true, "role": "actor", "selected_rows": 0, "tensor_parallel_size": 2, "vocab_shard": 75968}
[36m(WorkerDict pid=3667372)[0m WARNING:2026-09-10 23:10:46,941:VERL_RESPONSE_ONLY_LM_HEAD_PROFILE {"active_ratio": 0.0, "actual_logits_bytes": 0, "allocated_before_bytes": 4203424768, "backend": "fused", "calculate_entropy": true, "calculate_sum_pi_squared": false, "context_parallel_size": 2, "data_format": "thd", "dense_logits_bytes": 0, "dense_rows": 9896, "distillation_only": false, "elapsed_s": 0.005622931988909841, "element_size": 0, "entropy_from_logits_chunk_size": 2048, "entropy_from_logits_with_chunking": false, "event_id": 7, "logits_dtype": "none", "logits_saved_bytes": 0, "peak_allocated_bytes": 4284614656, "peak_increment_bytes": 81189888, "pipeline_parallel_size": 2, "projected_rows": 1, "rank": 7, "response_only_enabled": true, "role": "actor", "selected_rows": 0, "tensor_parallel_size": 2, "vocab_shard": 75968}
[36m(WorkerDict pid=3667370)[0m WARNING:2026-09-10 23:10:47,065:VERL_RESPONSE_ONLY_LM_HEAD_PROFILE {"active_ratio": 0.41390460792239286, "actual_logits_bytes": 0, "allocated_before_bytes": 4203424768, "backend": "fused", "calculate_entropy": true, "calculate_sum_pi_squared": false, "context_parallel_size": 2, "data_format": "thd", "dense_logits_bytes": 0, "dense_rows": 9896, "distillation_only": false, "elapsed_s": 0.1301367679843679, "element_size": 0, "entropy_from_logits_chunk_size": 2048, "entropy_from_logits_with_chunking": false, "event_id": 7, "logits_dtype": "none", "logits_saved_bytes": 0, "peak_allocated_bytes": 4318112768, "peak_increment_bytes": 114688000, "pipeline_parallel_size": 2, "projected_rows": 4096, "rank": 5, "response_only_enabled": true, "role": "actor", "selected_rows": 4096, "tensor_parallel_size": 2, "vocab_shard": 75968}
[36m(WorkerDict pid=3667371)[0m WARNING:2026-09-10 23:10:47,370:VERL_RESPONSE_ONLY_LM_HEAD_PROFILE {"active_ratio": 0.0, "actual_logits_bytes": 0, "allocated_before_bytes": 4205967872, "backend": "fused", "calculate_entropy": true, "calculate_sum_pi_squared": false, "context_parallel_size": 2, "data_format": "thd", "dense_logits_bytes": 0, "dense_rows": 10184, "distillation_only": false, "elapsed_s": 0.005512052099220455, "element_size": 0, "entropy_from_logits_chunk_size": 2048, "entropy_from_logits_with_chunking": false, "event_id": 8, "logits_dtype": "none", "logits_saved_bytes": 0, "peak_allocated_bytes": 4289520128, "peak_increment_bytes": 83552256, "pipeline_parallel_size": 2, "projected_rows": 1, "rank": 6, "response_only_enabled": true, "role": "actor", "selected_rows": 0, "tensor_parallel_size": 2, "vocab_shard": 75968}
[36m(WorkerDict pid=3667372)[0m WARNING:2026-09-10 23:10:47,370:VERL_RESPONSE_ONLY_LM_HEAD_PROFILE {"active_ratio": 0.0, "actual_logits_bytes": 0, "allocated_before_bytes": 4205967872, "backend": "fused", "calculate_entropy": true, "calculate_sum_pi_squared": false, "context_parallel_size": 2, "data_format": "thd", "dense_logits_bytes": 0, "dense_rows": 10184, "distillation_only": false, "elapsed_s": 0.0055425920290872455, "element_size": 0, "entropy_from_logits_chunk_size": 2048, "entropy_from_logits_with_chunking": false, "event_id": 8, "logits_dtype": "none", "logits_saved_bytes": 0, "peak_allocated_bytes": 4289520128, "peak_increment_bytes": 83552256, "pipeline_parallel_size": 2, "projected_rows": 1, "rank": 7, "response_only_enabled": true, "role": "actor", "selected_rows": 0, "tensor_parallel_size": 2, "vocab_shard": 75968}
[36m(WorkerDict pid=3667370)[0m WARNING:2026-09-10 23:10:47,496:VERL_RESPONSE_ONLY_LM_HEAD_PROFILE {"active_ratio": 0.40219952867242736, "actual_logits_bytes": 0, "allocated_before_bytes": 4205967872, "backend": "fused", "calculate_entropy": true, "calculate_sum_pi_squared": false, "context_parallel_size": 2, "data_format": "thd", "dense_logits_bytes": 0, "dense_rows": 10184, "distillation_only": false, "elapsed_s": 0.13142447895370424, "element_size": 0, "entropy_from_logits_chunk_size": 2048, "entropy_from_logits_with_chunking": false, "event_id": 8, "logits_dtype": "none", "logits_saved_bytes": 0, "peak_allocated_bytes": 4323015168, "peak_increment_bytes": 117047296, "pipeline_parallel_size": 2, "projected_rows": 4096, "rank": 5, "response_only_enabled": true, "role": "actor", "selected_rows": 4096, "tensor_parallel_size": 2, "vocab_shard": 75968}
[36m(WorkerDict pid=3667371)[0m WARNING:2026-09-10 23:10:47,801:VERL_RESPONSE_ONLY_LM_HEAD_PROFILE {"active_ratio": 0.0, "actual_logits_bytes": 0, "allocated_before_bytes": 4206132736, "backend": "fused", "calculate_entropy": true, "calculate_sum_pi_squared": false, "context_parallel_size": 2, "data_format": "thd", "dense_logits_bytes": 0, "dense_rows": 10184, "distillation_only": false, "elapsed_s": 0.005598432966507971, "element_size": 0, "entropy_from_logits_chunk_size": 2048, "entropy_from_logits_with_chunking": false, "event_id": 9, "logits_dtype": "none", "logits_saved_bytes": 0, "peak_allocated_bytes": 4289684992, "peak_increment_bytes": 83552256, "pipeline_parallel_size": 2, "projected_rows": 1, "rank": 6, "response_only_enabled": true, "role": "actor", "selected_rows": 0, "tensor_parallel_size": 2, "vocab_shard": 75968}
[36m(WorkerDict pid=3667372)[0m WARNING:2026-09-10 23:10:47,801:VERL_RESPONSE_ONLY_LM_HEAD_PROFILE {"active_ratio": 0.0, "actual_logits_bytes": 0, "allocated_before_bytes": 4206132736, "backend": "fused", "calculate_entropy": true, "calculate_sum_pi_squared": false, "context_parallel_size": 2, "data_format": "thd", "dense_logits_bytes": 0, "dense_rows": 10184, "distillation_only": false, "elapsed_s": 0.005585692939348519, "element_size": 0, "entropy_from_logits_chunk_size": 2048, "entropy_from_logits_with_chunking": false, "event_id": 9, "logits_dtype": "none", "logits_saved_bytes": 0, "peak_allocated_bytes": 4289684992, "peak_increment_bytes": 83552256, "pipeline_parallel_size": 2, "projected_rows": 1, "rank": 7, "response_only_enabled": true, "role": "actor", "selected_rows": 0, "tensor_parallel_size": 2, "vocab_shard": 75968}
[36m(WorkerDict pid=3667370)[0m WARNING:2026-09-10 23:10:47,926:VERL_RESPONSE_ONLY_LM_HEAD_PROFILE {"active_ratio": 0.40219952867242736, "actual_logits_bytes": 0, "allocated_before_bytes": 4206132736, "backend": "fused", "calculate_entropy": true, "calculate_sum_pi_squared": false, "context_parallel_size": 2, "data_format": "thd", "dense_logits_bytes": 0, "dense_rows": 10184, "distillation_only": false, "elapsed_s": 0.13017145893536508, "element_size": 0, "entropy_from_logits_chunk_size": 2048, "entropy_from_logits_with_chunking": false, "event_id": 9, "logits_dtype": "none", "logits_saved_bytes": 0, "peak_allocated_bytes": 4323180032, "peak_increment_bytes": 117047296, "pipeline_parallel_size": 2, "projected_rows": 4096, "rank": 5, "response_only_enabled": true, "role": "actor", "selected_rows": 4096, "tensor_parallel_size": 2, "vocab_shard": 75968}
[36m(WorkerDict pid=3667371)[0m WARNING:2026-09-10 23:10:48,229:VERL_RESPONSE_ONLY_LM_HEAD_PROFILE {"active_ratio": 0.0, "actual_logits_bytes": 0, "allocated_before_bytes": 4206297600, "backend": "fused", "calculate_entropy": true, "calculate_sum_pi_squared": false, "context_parallel_size": 2, "data_format": "thd", "dense_logits_bytes": 0, "dense_rows": 10184, "distillation_only": false, "elapsed_s": 0.0056317419512197375, "element_size": 0, "entropy_from_logits_chunk_size": 2048, "entropy_from_logits_with_chunking": false, "event_id": 10, "logits_dtype": "none", "logits_saved_bytes": 0, "peak_allocated_bytes": 4289849856, "peak_increment_bytes": 83552256, "pipeline_parallel_size": 2, "projected_rows": 1, "rank": 6, "response_only_enabled": true, "role": "actor", "selected_rows": 0, "tensor_parallel_size": 2, "vocab_shard": 75968}
[36m(WorkerDict pid=3667372)[0m WARNING:2026-09-10 23:10:48,229:VERL_RESPONSE_ONLY_LM_HEAD_PROFILE {"active_ratio": 0.0, "actual_logits_bytes": 0, "allocated_before_bytes": 4206297600, "backend": "fused", "calculate_entropy": true, "calculate_sum_pi_squared": false, "context_parallel_size": 2, "data_format": "thd", "dense_logits_bytes": 0, "dense_rows": 10184, "distillation_only": false, "elapsed_s": 0.005623981938697398, "element_size": 0, "entropy_from_logits_chunk_size": 2048, "entropy_from_logits_with_chunking": false, "event_id": 10, "logits_dtype": "none", "logits_saved_bytes": 0, "peak_allocated_bytes": 4289849856, "peak_increment_bytes": 83552256, "pipeline_parallel_size": 2, "projected_rows": 1, "rank": 7, "response_only_enabled": true, "role": "actor", "selected_rows": 0, "tensor_parallel_size": 2, "vocab_shard": 75968}
[36m(WorkerDict pid=3667370)[0m WARNING:2026-09-10 23:10:48,354:VERL_RESPONSE_ONLY_LM_HEAD_PROFILE {"active_ratio": 0.40219952867242736, "actual_logits_bytes": 0, "allocated_before_bytes": 4206297600, "backend": "fused", "calculate_entropy": true, "calculate_sum_pi_squared": false, "context_parallel_size": 2, "data_format": "thd", "dense_logits_bytes": 0, "dense_rows": 10184, "distillation_only": false, "elapsed_s": 0.1301418381044641, "element_size": 0, "entropy_from_logits_chunk_size": 2048, "entropy_from_logits_with_chunking": false, "event_id": 10, "logits_dtype": "none", "logits_saved_bytes": 0, "peak_allocated_bytes": 4323344896, "peak_increment_bytes": 117047296, "pipeline_parallel_size": 2, "projected_rows": 4096, "rank": 5, "response_only_enabled": true, "role": "actor", "selected_rows": 4096, "tensor_parallel_size": 2, "vocab_shard": 75968}
[36m(WorkerDict pid=3667371)[0m WARNING:2026-09-10 23:10:48,658:VERL_RESPONSE_ONLY_LM_HEAD_PROFILE {"active_ratio": 0.0, "actual_logits_bytes": 0, "allocated_before_bytes": 4206462464, "backend": "fused", "calculate_entropy": true, "calculate_sum_pi_squared": false, "context_parallel_size": 2, "data_format": "thd", "dense_logits_bytes": 0, "dense_rows": 10184, "distillation_only": false, "elapsed_s": 0.005573532078415155, "element_size": 0, "entropy_from_logits_chunk_size": 2048, "entropy_from_logits_with_chunking": false, "event_id": 11, "logits_dtype": "none", "logits_saved_bytes": 0, "peak_allocated_bytes": 4290014720, "peak_increment_bytes": 83552256, "pipeline_parallel_size": 2, "projected_rows": 1, "rank": 6, "response_only_enabled": true, "role": "actor", "selected_rows": 0, "tensor_parallel_size": 2, "vocab_shard": 75968}
[36m(WorkerDict pid=3667372)[0m WARNING:2026-09-10 23:10:48,658:VERL_RESPONSE_ONLY_LM_HEAD_PROFILE {"active_ratio": 0.0, "actual_logits_bytes": 0, "allocated_before_bytes": 4206462464, "backend": "fused", "calculate_entropy": true, "calculate_sum_pi_squared": false, "context_parallel_size": 2, "data_format": "thd", "dense_logits_bytes": 0, "dense_rows": 10184, "distillation_only": false, "elapsed_s": 0.005556671996600926, "element_size": 0, "entropy_from_logits_chunk_size": 2048, "entropy_from_logits_with_chunking": false, "event_id": 11, "logits_dtype": "none", "logits_saved_bytes": 0, "peak_allocated_bytes": 4290014720, "peak_increment_bytes": 83552256, "pipeline_parallel_size": 2, "projected_rows": 1, "rank": 7, "response_only_enabled": true, "role": "actor", "selected_rows": 0, "tensor_parallel_size": 2, "vocab_shard": 75968}
[36m(WorkerDict pid=3667370)[0m WARNING:2026-09-10 23:10:48,783:VERL_RESPONSE_ONLY_LM_HEAD_PROFILE {"active_ratio": 0.40219952867242736, "actual_logits_bytes": 0, "allocated_before_bytes": 4206462464, "backend": "fused", "calculate_entropy": true, "calculate_sum_pi_squared": false, "context_parallel_size": 2, "data_format": "thd", "dense_logits_bytes": 0, "dense_rows": 10184, "distillation_only": false, "elapsed_s": 0.13002845796290785, "element_size": 0, "entropy_from_logits_chunk_size": 2048, "entropy_from_logits_with_chunking": false, "event_id": 11, "logits_dtype": "none", "logits_saved_bytes": 0, "peak_allocated_bytes": 4323509760, "peak_increment_bytes": 117047296, "pipeline_parallel_size": 2, "projected_rows": 4096, "rank": 5, "response_only_enabled": true, "role": "actor", "selected_rows": 4096, "tensor_parallel_size": 2, "vocab_shard": 75968}
[36m(WorkerDict pid=3667371)[0m WARNING:2026-09-10 23:10:49,086:VERL_RESPONSE_ONLY_LM_HEAD_PROFILE {"active_ratio": 0.0, "actual_logits_bytes": 0, "allocated_before_bytes": 4206627328, "backend": "fused", "calculate_entropy": true, "calculate_sum_pi_squared": false, "context_parallel_size": 2, "data_format": "thd", "dense_logits_bytes": 0, "dense_rows": 10184, "distillation_only": false, "elapsed_s": 0.005575522081926465, "element_size": 0, "entropy_from_logits_chunk_size": 2048, "entropy_from_logits_with_chunking": false, "event_id": 12, "logits_dtype": "none", "logits_saved_bytes": 0, "peak_allocated_bytes": 4290179584, "peak_increment_bytes": 83552256, "pipeline_parallel_size": 2, "projected_rows": 1, "rank": 6, "response_only_enabled": true, "role": "actor", "selected_rows": 0, "tensor_parallel_size": 2, "vocab_shard": 75968}
[36m(WorkerDict pid=3667372)[0m WARNING:2026-09-10 23:10:49,086:VERL_RESPONSE_ONLY_LM_HEAD_PROFILE {"active_ratio": 0.0, "actual_logits_bytes": 0, "allocated_before_bytes": 4206627328, "backend": "fused", "calculate_entropy": true, "calculate_sum_pi_squared": false, "context_parallel_size": 2, "data_format": "thd", "dense_logits_bytes": 0, "dense_rows": 10184, "distillation_only": false, "elapsed_s": 0.005538232042454183, "element_size": 0, "entropy_from_logits_chunk_size": 2048, "entropy_from_logits_with_chunking": false, "event_id": 12, "logits_dtype": "none", "logits_saved_bytes": 0, "peak_allocated_bytes": 4290179584, "peak_increment_bytes": 83552256, "pipeline_parallel_size": 2, "projected_rows": 1, "rank": 7, "response_only_enabled": true, "role": "actor", "selected_rows": 0, "tensor_parallel_size": 2, "vocab_shard": 75968}
[36m(WorkerDict pid=3667370)[0m WARNING:2026-09-10 23:10:49,211:VERL_RESPONSE_ONLY_LM_HEAD_PROFILE {"active_ratio": 0.40219952867242736, "actual_logits_bytes": 0, "allocated_before_bytes": 4206627328, "backend": "fused", "calculate_entropy": true, "calculate_sum_pi_squared": false, "context_parallel_size": 2, "data_format": "thd", "dense_logits_bytes": 0, "dense_rows": 10184, "distillation_only": false, "elapsed_s": 0.1299246079288423, "element_size": 0, "entropy_from_logits_chunk_size": 2048, "entropy_from_logits_with_chunking": false, "event_id": 12, "logits_dtype": "none", "logits_saved_bytes": 0, "peak_allocated_bytes": 4323674624, "peak_increment_bytes": 117047296, "pipeline_parallel_size": 2, "projected_rows": 4096, "rank": 5, "response_only_enabled": true, "role": "actor", "selected_rows": 4096, "tensor_parallel_size": 2, "vocab_shard": 75968}
[36m(WorkerDict pid=3667371)[0m WARNING:2026-09-10 23:10:49,515:VERL_RESPONSE_ONLY_LM_HEAD_PROFILE {"active_ratio": 0.0, "actual_logits_bytes": 0, "allocated_before_bytes": 4206792192, "backend": "fused", "calculate_entropy": true, "calculate_sum_pi_squared": false, "context_parallel_size": 2, "data_format": "thd", "dense_logits_bytes": 0, "dense_rows": 10184, "distillation_only": false, "elapsed_s": 0.005686211981810629, "element_size": 0, "entropy_from_logits_chunk_size": 2048, "entropy_from_logits_with_chunking": false, "event_id": 13, "logits_dtype": "none", "logits_saved_bytes": 0, "peak_allocated_bytes": 4290344448, "peak_increment_bytes": 83552256, "pipeline_parallel_size": 2, "projected_rows": 1, "rank": 6, "response_only_enabled": true, "role": "actor", "selected_rows": 0, "tensor_parallel_size": 2, "vocab_shard": 75968}
[36m(WorkerDict pid=3667372)[0m WARNING:2026-09-10 23:10:49,515:VERL_RESPONSE_ONLY_LM_HEAD_PROFILE {"active_ratio": 0.0, "actual_logits_bytes": 0, "allocated_before_bytes": 4206792192, "backend": "fused", "calculate_entropy": true, "calculate_sum_pi_squared": false, "context_parallel_size": 2, "data_format": "thd", "dense_logits_bytes": 0, "dense_rows": 10184, "distillation_only": false, "elapsed_s": 0.005701821995899081, "element_size": 0, "entropy_from_logits_chunk_size": 2048, "entropy_from_logits_with_chunking": false, "event_id": 13, "logits_dtype": "none", "logits_saved_bytes": 0, "peak_allocated_bytes": 4290344448, "peak_increment_bytes": 83552256, "pipeline_parallel_size": 2, "projected_rows": 1, "rank": 7, "response_only_enabled": true, "role": "actor", "selected_rows": 0, "tensor_parallel_size": 2, "vocab_shard": 75968}
[36m(WorkerDict pid=3667370)[0m WARNING:2026-09-10 23:10:49,640:VERL_RESPONSE_ONLY_LM_HEAD_PROFILE {"active_ratio": 0.40219952867242736, "actual_logits_bytes": 0, "allocated_before_bytes": 4206792192, "backend": "fused", "calculate_entropy": true, "calculate_sum_pi_squared": false, "context_parallel_size": 2, "data_format": "thd", "dense_logits_bytes": 0, "dense_rows": 10184, "distillation_only": false, "elapsed_s": 0.13011541799642146, "element_size": 0, "entropy_from_logits_chunk_size": 2048, "entropy_from_logits_with_chunking": false, "event_id": 13, "logits_dtype": "none", "logits_saved_bytes": 0, "peak_allocated_bytes": 4323839488, "peak_increment_bytes": 117047296, "pipeline_parallel_size": 2, "projected_rows": 4096, "rank": 5, "response_only_enabled": true, "role": "actor", "selected_rows": 4096, "tensor_parallel_size": 2, "vocab_shard": 75968}
[36m(WorkerDict pid=3667371)[0m WARNING:2026-09-10 23:10:49,944:VERL_RESPONSE_ONLY_LM_HEAD_PROFILE {"active_ratio": 0.0, "actual_logits_bytes": 0, "allocated_before_bytes": 4206957056, "backend": "fused", "calculate_entropy": true, "calculate_sum_pi_squared": false, "context_parallel_size": 2, "data_format": "thd", "dense_logits_bytes": 0, "dense_rows": 10184, "distillation_only": false, "elapsed_s": 0.005532022914849222, "element_size": 0, "entropy_from_logits_chunk_size": 2048, "entropy_from_logits_with_chunking": false, "event_id": 14, "logits_dtype": "none", "logits_saved_bytes": 0, "peak_allocated_bytes": 4290509312, "peak_increment_bytes": 83552256, "pipeline_parallel_size": 2, "projected_rows": 1, "rank": 6, "response_only_enabled": true, "role": "actor", "selected_rows": 0, "tensor_parallel_size": 2, "vocab_shard": 75968}
[36m(WorkerDict pid=3667372)[0m WARNING:2026-09-10 23:10:49,944:VERL_RESPONSE_ONLY_LM_HEAD_PROFILE {"active_ratio": 0.0, "actual_logits_bytes": 0, "allocated_before_bytes": 4206957056, "backend": "fused", "calculate_entropy": true, "calculate_sum_pi_squared": false, "context_parallel_size": 2, "data_format": "thd", "dense_logits_bytes": 0, "dense_rows": 10184, "distillation_only": false, "elapsed_s": 0.005555203068070114, "element_size": 0, "entropy_from_logits_chunk_size": 2048, "entropy_from_logits_with_chunking": false, "event_id": 14, "logits_dtype": "none", "logits_saved_bytes": 0, "peak_allocated_bytes": 4290509312, "peak_increment_bytes": 83552256, "pipeline_parallel_size": 2, "projected_rows": 1, "rank": 7, "response_only_enabled": true, "role": "actor", "selected_rows": 0, "tensor_parallel_size": 2, "vocab_shard": 75968}
[36m(WorkerDict pid=3667370)[0m WARNING:2026-09-10 23:10:50,068:VERL_RESPONSE_ONLY_LM_HEAD_PROFILE {"active_ratio": 0.40219952867242736, "actual_logits_bytes": 0, "allocated_before_bytes": 4206957056, "backend": "fused", "calculate_entropy": true, "calculate_sum_pi_squared": false, "context_parallel_size": 2, "data_format": "thd", "dense_logits_bytes": 0, "dense_rows": 10184, "distillation_only": false, "elapsed_s": 0.12985761801246554, "element_size": 0, "entropy_from_logits_chunk_size": 2048, "entropy_from_logits_with_chunking": false, "event_id": 14, "logits_dtype": "none", "logits_saved_bytes": 0, "peak_allocated_bytes": 4324004352, "peak_increment_bytes": 117047296, "pipeline_parallel_size": 2, "projected_rows": 4096, "rank": 5, "response_only_enabled": true, "role": "actor", "selected_rows": 4096, "tensor_parallel_size": 2, "vocab_shard": 75968}
[36m(WorkerDict pid=3667371)[0m WARNING:2026-09-10 23:10:50,373:VERL_RESPONSE_ONLY_LM_HEAD_PROFILE {"active_ratio": 0.0, "actual_logits_bytes": 0, "allocated_before_bytes": 4207121920, "backend": "fused", "calculate_entropy": true, "calculate_sum_pi_squared": false, "context_parallel_size": 2, "data_format": "thd", "dense_logits_bytes": 0, "dense_rows": 10184, "distillation_only": false, "elapsed_s": 0.00561017298605293, "element_size": 0, "entropy_from_logits_chunk_size": 2048, "entropy_from_logits_with_chunking": false, "event_id": 15, "logits_dtype": "none", "logits_saved_bytes": 0, "peak_allocated_bytes": 4290674176, "peak_increment_bytes": 83552256, "pipeline_parallel_size": 2, "projected_rows": 1, "rank": 6, "response_only_enabled": true, "role": "actor", "selected_rows": 0, "tensor_parallel_size": 2, "vocab_shard": 75968}
[36m(WorkerDict pid=3667372)[0m WARNING:2026-09-10 23:10:50,373:VERL_RESPONSE_ONLY_LM_HEAD_PROFILE {"active_ratio": 0.0, "actual_logits_bytes": 0, "allocated_before_bytes": 4207121920, "backend": "fused", "calculate_entropy": true, "calculate_sum_pi_squared": false, "context_parallel_size": 2, "data_format": "thd", "dense_logits_bytes": 0, "dense_rows": 10184, "distillation_only": false, "elapsed_s": 0.005632282933220267, "element_size": 0, "entropy_from_logits_chunk_size": 2048, "entropy_from_logits_with_chunking": false, "event_id": 15, "logits_dtype": "none", "logits_saved_bytes": 0, "peak_allocated_bytes": 4290674176, "peak_increment_bytes": 83552256, "pipeline_parallel_size": 2, "projected_rows": 1, "rank": 7, "response_only_enabled": true, "role": "actor", "selected_rows": 0, "tensor_parallel_size": 2, "vocab_shard": 75968}
[36m(WorkerDict pid=3667370)[0m WARNING:2026-09-10 23:10:50,497:VERL_RESPONSE_ONLY_LM_HEAD_PROFILE {"active_ratio": 0.40219952867242736, "actual_logits_bytes": 0, "allocated_before_bytes": 4207121920, "backend": "fused", "calculate_entropy": true, "calculate_sum_pi_squared": false, "context_parallel_size": 2, "data_format": "thd", "dense_logits_bytes": 0, "dense_rows": 10184, "distillation_only": false, "elapsed_s": 0.12988363800104707, "element_size": 0, "entropy_from_logits_chunk_size": 2048, "entropy_from_logits_with_chunking": false, "event_id": 15, "logits_dtype": "none", "logits_saved_bytes": 0, "peak_allocated_bytes": 4324169216, "peak_increment_bytes": 117047296, "pipeline_parallel_size": 2, "projected_rows": 4096, "rank": 5, "response_only_enabled": true, "role": "actor", "selected_rows": 4096, "tensor_parallel_size": 2, "vocab_shard": 75968}
[36m(WorkerDict pid=3667371)[0m WARNING:2026-09-10 23:10:54,889:VERL_RESPONSE_ONLY_LM_HEAD_PROFILE {"active_ratio": 0.0, "actual_logits_bytes": 0, "allocated_before_bytes": 4256936448, "backend": "fused", "calculate_entropy": false, "calculate_sum_pi_squared": false, "context_parallel_size": 2, "data_format": "thd", "dense_logits_bytes": 0, "dense_rows": 10184, "distillation_only": false, "elapsed_s": 0.005550452042371035, "element_size": 0, "entropy_from_logits_chunk_size": 2048, "entropy_from_logits_with_chunking": false, "event_id": 16, "logits_dtype": "none", "logits_saved_bytes": 0, "peak_allocated_bytes": 4340488704, "peak_increment_bytes": 83552256, "pipeline_parallel_size": 2, "projected_rows": 1, "rank": 6, "response_only_enabled": true, "role": "ref", "selected_rows": 0, "tensor_parallel_size": 2, "vocab_shard": 75968}
[36m(WorkerDict pid=3667372)[0m WARNING:2026-09-10 23:10:54,889:VERL_RESPONSE_ONLY_LM_HEAD_PROFILE {"active_ratio": 0.0, "actual_logits_bytes": 0, "allocated_before_bytes": 4256936448, "backend": "fused", "calculate_entropy": false, "calculate_sum_pi_squared": false, "context_parallel_size": 2, "data_format": "thd", "dense_logits_bytes": 0, "dense_rows": 10184, "distillation_only": false, "elapsed_s": 0.005596401984803379, "element_size": 0, "entropy_from_logits_chunk_size": 2048, "entropy_from_logits_with_chunking": false, "event_id": 16, "logits_dtype": "none", "logits_saved_bytes": 0, "peak_allocated_bytes": 4340488704, "peak_increment_bytes": 83552256, "pipeline_parallel_size": 2, "projected_rows": 1, "rank": 7, "response_only_enabled": true, "role": "ref", "selected_rows": 0, "tensor_parallel_size": 2, "vocab_shard": 75968}
[36m(WorkerDict pid=3667370)[0m WARNING:2026-09-10 23:10:55,009:VERL_RESPONSE_ONLY_LM_HEAD_PROFILE {"active_ratio": 0.40219952867242736, "actual_logits_bytes": 0, "allocated_before_bytes": 4256936448, "backend": "fused", "calculate_entropy": false, "calculate_sum_pi_squared": false, "context_parallel_size": 2, "data_format": "thd", "dense_logits_bytes": 0, "dense_rows": 10184, "distillation_only": false, "elapsed_s": 0.1282119369134307, "element_size": 0, "entropy_from_logits_chunk_size": 2048, "entropy_from_logits_with_chunking": false, "event_id": 16, "logits_dtype": "none", "logits_saved_bytes": 0, "peak_allocated_bytes": 4373983744, "peak_increment_bytes": 117047296, "pipeline_parallel_size": 2, "projected_rows": 4096, "rank": 5, "response_only_enabled": true, "role": "ref", "selected_rows": 4096, "tensor_parallel_size": 2, "vocab_shard": 75968}
[36m(WorkerDict pid=3667371)[0m WARNING:2026-09-10 23:10:55,312:VERL_RESPONSE_ONLY_LM_HEAD_PROFILE {"active_ratio": 0.0, "actual_logits_bytes": 0, "allocated_before_bytes": 4257019392, "backend": "fused", "calculate_entropy": false, "calculate_sum_pi_squared": false, "context_parallel_size": 2, "data_format": "thd", "dense_logits_bytes": 0, "dense_rows": 10184, "distillation_only": false, "elapsed_s": 0.005701082991436124, "element_size": 0, "entropy_from_logits_chunk_size": 2048, "entropy_from_logits_with_chunking": false, "event_id": 17, "logits_dtype": "none", "logits_saved_bytes": 0, "peak_allocated_bytes": 4340571648, "peak_increment_bytes": 83552256, "pipeline_parallel_size": 2, "projected_rows": 1, "rank": 6, "response_only_enabled": true, "role": "ref", "selected_rows": 0, "tensor_parallel_size": 2, "vocab_shard": 75968}
[36m(WorkerDict pid=3667372)[0m WARNING:2026-09-10 23:10:55,312:VERL_RESPONSE_ONLY_LM_HEAD_PROFILE {"active_ratio": 0.0, "actual_logits_bytes": 0, "allocated_before_bytes": 4257019392, "backend": "fused", "calculate_entropy": false, "calculate_sum_pi_squared": false, "context_parallel_size": 2, "data_format": "thd", "dense_logits_bytes": 0, "dense_rows": 10184, "distillation_only": false, "elapsed_s": 0.005690632970072329, "element_size": 0, "entropy_from_logits_chunk_size": 2048, "entropy_from_logits_with_chunking": false, "event_id": 17, "logits_dtype": "none", "logits_saved_bytes": 0, "peak_allocated_bytes": 4340571648, "peak_increment_bytes": 83552256, "pipeline_parallel_size": 2, "projected_rows": 1, "rank": 7, "response_only_enabled": true, "role": "ref", "selected_rows": 0, "tensor_parallel_size": 2, "vocab_shard": 75968}
[36m(WorkerDict pid=3667370)[0m WARNING:2026-09-10 23:10:55,438:VERL_RESPONSE_ONLY_LM_HEAD_PROFILE {"active_ratio": 0.40219952867242736, "actual_logits_bytes": 0, "allocated_before_bytes": 4257019392, "backend": "fused", "calculate_entropy": false, "calculate_sum_pi_squared": false, "context_parallel_size": 2, "data_format": "thd", "dense_logits_bytes": 0, "dense_rows": 10184, "distillation_only": false, "elapsed_s": 0.13073912891559303, "element_size": 0, "entropy_from_logits_chunk_size": 2048, "entropy_from_logits_with_chunking": false, "event_id": 17, "logits_dtype": "none", "logits_saved_bytes": 0, "peak_allocated_bytes": 4374066688, "peak_increment_bytes": 117047296, "pipeline_parallel_size": 2, "projected_rows": 4096, "rank": 5, "response_only_enabled": true, "role": "ref", "selected_rows": 4096, "tensor_parallel_size": 2, "vocab_shard": 75968}
[36m(WorkerDict pid=3667371)[0m WARNING:2026-09-10 23:10:55,742:VERL_RESPONSE_ONLY_LM_HEAD_PROFILE {"active_ratio": 0.0, "actual_logits_bytes": 0, "allocated_before_bytes": 4257101824, "backend": "fused", "calculate_entropy": false, "calculate_sum_pi_squared": false, "context_parallel_size": 2, "data_format": "thd", "dense_logits_bytes": 0, "dense_rows": 10184, "distillation_only": false, "elapsed_s": 0.005564213031902909, "element_size": 0, "entropy_from_logits_chunk_size": 2048, "entropy_from_logits_with_chunking": false, "event_id": 18, "logits_dtype": "none", "logits_saved_bytes": 0, "peak_allocated_bytes": 4340654080, "peak_increment_bytes": 83552256, "pipeline_parallel_size": 2, "projected_rows": 1, "rank": 6, "response_only_enabled": true, "role": "ref", "selected_rows": 0, "tensor_parallel_size": 2, "vocab_shard": 75968}
[36m(WorkerDict pid=3667372)[0m WARNING:2026-09-10 23:10:55,742:VERL_RESPONSE_ONLY_LM_HEAD_PROFILE {"active_ratio": 0.0, "actual_logits_bytes": 0, "allocated_before_bytes": 4257101824, "backend": "fused", "calculate_entropy": false, "calculate_sum_pi_squared": false, "context_parallel_size": 2, "data_format": "thd", "dense_logits_bytes": 0, "dense_rows": 10184, "distillation_only": false, "elapsed_s": 0.0055628829868510365, "element_size": 0, "entropy_from_logits_chunk_size": 2048, "entropy_from_logits_with_chunking": false, "event_id": 18, "logits_dtype": "none", "logits_saved_bytes": 0, "peak_allocated_bytes": 4340654080, "peak_increment_bytes": 83552256, "pipeline_parallel_size": 2, "projected_rows": 1, "rank": 7, "response_only_enabled": true, "role": "ref", "selected_rows": 0, "tensor_parallel_size": 2, "vocab_shard": 75968}
[36m(WorkerDict pid=3667370)[0m WARNING:2026-09-10 23:10:55,868:VERL_RESPONSE_ONLY_LM_HEAD_PROFILE {"active_ratio": 0.40219952867242736, "actual_logits_bytes": 0, "allocated_before_bytes": 4257101824, "backend": "fused", "calculate_entropy": false, "calculate_sum_pi_squared": false, "context_parallel_size": 2, "data_format": "thd", "dense_logits_bytes": 0, "dense_rows": 10184, "distillation_only": false, "elapsed_s": 0.13172581908293068, "element_size": 0, "entropy_from_logits_chunk_size": 2048, "entropy_from_logits_with_chunking": false, "event_id": 18, "logits_dtype": "none", "logits_saved_bytes": 0, "peak_allocated_bytes": 4374149120, "peak_increment_bytes": 117047296, "pipeline_parallel_size": 2, "projected_rows": 4096, "rank": 5, "response_only_enabled": true, "role": "ref", "selected_rows": 4096, "tensor_parallel_size": 2, "vocab_shard": 75968}
[36m(WorkerDict pid=3667371)[0m WARNING:2026-09-10 23:10:56,171:VERL_RESPONSE_ONLY_LM_HEAD_PROFILE {"active_ratio": 0.0, "actual_logits_bytes": 0, "allocated_before_bytes": 4257184256, "backend": "fused", "calculate_entropy": false, "calculate_sum_pi_squared": false, "context_parallel_size": 2, "data_format": "thd", "dense_logits_bytes": 0, "dense_rows": 10184, "distillation_only": false, "elapsed_s": 0.005600273027084768, "element_size": 0, "entropy_from_logits_chunk_size": 2048, "entropy_from_logits_with_chunking": false, "event_id": 19, "logits_dtype": "none", "logits_saved_bytes": 0, "peak_allocated_bytes": 4340736512, "peak_increment_bytes": 83552256, "pipeline_parallel_size": 2, "projected_rows": 1, "rank": 6, "response_only_enabled": true, "role": "ref", "selected_rows": 0, "tensor_parallel_size": 2, "vocab_shard": 75968}
[36m(WorkerDict pid=3667372)[0m WARNING:2026-09-10 23:10:56,171:VERL_RESPONSE_ONLY_LM_HEAD_PROFILE {"active_ratio": 0.0, "actual_logits_bytes": 0, "allocated_before_bytes": 4257184256, "backend": "fused", "calculate_entropy": false, "calculate_sum_pi_squared": false, "context_parallel_size": 2, "data_format": "thd", "dense_logits_bytes": 0, "dense_rows": 10184, "distillation_only": false, "elapsed_s": 0.005580032942816615, "element_size": 0, "entropy_from_logits_chunk_size": 2048, "entropy_from_logits_with_chunking": false, "event_id": 19, "logits_dtype": "none", "logits_saved_bytes": 0, "peak_allocated_bytes": 4340736512, "peak_increment_bytes": 83552256, "pipeline_parallel_size": 2, "projected_rows": 1, "rank": 7, "response_only_enabled": true, "role": "ref", "selected_rows": 0, "tensor_parallel_size": 2, "vocab_shard": 75968}
[36m(WorkerDict pid=3667370)[0m WARNING:2026-09-10 23:10:56,297:VERL_RESPONSE_ONLY_LM_HEAD_PROFILE {"active_ratio": 0.40219952867242736, "actual_logits_bytes": 0, "allocated_before_bytes": 4257184256, "backend": "fused", "calculate_entropy": false, "calculate_sum_pi_squared": false, "context_parallel_size": 2, "data_format": "thd", "dense_logits_bytes": 0, "dense_rows": 10184, "distillation_only": false, "elapsed_s": 0.13076143898069859, "element_size": 0, "entropy_from_logits_chunk_size": 2048, "entropy_from_logits_with_chunking": false, "event_id": 19, "logits_dtype": "none", "logits_saved_bytes": 0, "peak_allocated_bytes": 4374231552, "peak_increment_bytes": 117047296, "pipeline_parallel_size": 2, "projected_rows": 4096, "rank": 5, "response_only_enabled": true, "role": "ref", "selected_rows": 4096, "tensor_parallel_size": 2, "vocab_shard": 75968}
[36m(WorkerDict pid=3667371)[0m WARNING:2026-09-10 23:10:56,596:VERL_RESPONSE_ONLY_LM_HEAD_PROFILE {"active_ratio": 0.0, "actual_logits_bytes": 0, "allocated_before_bytes": 4265014272, "backend": "fused", "calculate_entropy": false, "calculate_sum_pi_squared": false, "context_parallel_size": 2, "data_format": "thd", "dense_logits_bytes": 0, "dense_rows": 9896, "distillation_only": false, "elapsed_s": 0.005526911932975054, "element_size": 0, "entropy_from_logits_chunk_size": 2048, "entropy_from_logits_with_chunking": false, "event_id": 20, "logits_dtype": "none", "logits_saved_bytes": 0, "peak_allocated_bytes": 4346204160, "peak_increment_bytes": 81189888, "pipeline_parallel_size": 2, "projected_rows": 1, "rank": 6, "response_only_enabled": true, "role": "ref", "selected_rows": 0, "tensor_parallel_size": 2, "vocab_shard": 75968}
[36m(WorkerDict pid=3667372)[0m WARNING:2026-09-10 23:10:56,596:VERL_RESPONSE_ONLY_LM_HEAD_PROFILE {"active_ratio": 0.0, "actual_logits_bytes": 0, "allocated_before_bytes": 4265014272, "backend": "fused", "calculate_entropy": false, "calculate_sum_pi_squared": false, "context_parallel_size": 2, "data_format": "thd", "dense_logits_bytes": 0, "dense_rows": 9896, "distillation_only": false, "elapsed_s": 0.005543923005461693, "element_size": 0, "entropy_from_logits_chunk_size": 2048, "entropy_from_logits_with_chunking": false, "event_id": 20, "logits_dtype": "none", "logits_saved_bytes": 0, "peak_allocated_bytes": 4346204160, "peak_increment_bytes": 81189888, "pipeline_parallel_size": 2, "projected_rows": 1, "rank": 7, "response_only_enabled": true, "role": "ref", "selected_rows": 0, "tensor_parallel_size": 2, "vocab_shard": 75968}
[36m(WorkerDict pid=3667370)[0m WARNING:2026-09-10 23:10:56,720:VERL_RESPONSE_ONLY_LM_HEAD_PROFILE {"active_ratio": 0.41390460792239286, "actual_logits_bytes": 0, "allocated_before_bytes": 4265014272, "backend": "fused", "calculate_entropy": false, "calculate_sum_pi_squared": false, "context_parallel_size": 2, "data_format": "thd", "dense_logits_bytes": 0, "dense_rows": 9896, "distillation_only": false, "elapsed_s": 0.1299939580494538, "element_size": 0, "entropy_from_logits_chunk_size": 2048, "entropy_from_logits_with_chunking": false, "event_id": 20, "logits_dtype": "none", "logits_saved_bytes": 0, "peak_allocated_bytes": 4379702272, "peak_increment_bytes": 114688000, "pipeline_parallel_size": 2, "projected_rows": 4096, "rank": 5, "response_only_enabled": true, "role": "ref", "selected_rows": 4096, "tensor_parallel_size": 2, "vocab_shard": 75968}
[36m(WorkerDict pid=3667371)[0m WARNING:2026-09-10 23:10:57,016:VERL_RESPONSE_ONLY_LM_HEAD_PROFILE {"active_ratio": 0.0, "actual_logits_bytes": 0, "allocated_before_bytes": 4265094144, "backend": "fused", "calculate_entropy": false, "calculate_sum_pi_squared": false, "context_parallel_size": 2, "data_format": "thd", "dense_logits_bytes": 0, "dense_rows": 9896, "distillation_only": false, "elapsed_s": 0.005581501987762749, "element_size": 0, "entropy_from_logits_chunk_size": 2048, "entropy_from_logits_with_chunking": false, "event_id": 21, "logits_dtype": "none", "logits_saved_bytes": 0, "peak_allocated_bytes": 4346284032, "peak_increment_bytes": 81189888, "pipeline_parallel_size": 2, "projected_rows": 1, "rank": 6, "response_only_enabled": true, "role": "ref", "selected_rows": 0, "tensor_parallel_size": 2, "vocab_shard": 75968}
[36m(WorkerDict pid=3667372)[0m WARNING:2026-09-10 23:10:57,016:VERL_RESPONSE_ONLY_LM_HEAD_PROFILE {"active_ratio": 0.0, "actual_logits_bytes": 0, "allocated_before_bytes": 4265094144, "backend": "fused", "calculate_entropy": false, "calculate_sum_pi_squared": false, "context_parallel_size": 2, "data_format": "thd", "dense_logits_bytes": 0, "dense_rows": 9896, "distillation_only": false, "elapsed_s": 0.00554626202210784, "element_size": 0, "entropy_from_logits_chunk_size": 2048, "entropy_from_logits_with_chunking": false, "event_id": 21, "logits_dtype": "none", "logits_saved_bytes": 0, "peak_allocated_bytes": 4346284032, "peak_increment_bytes": 81189888, "pipeline_parallel_size": 2, "projected_rows": 1, "rank": 7, "response_only_enabled": true, "role": "ref", "selected_rows": 0, "tensor_parallel_size": 2, "vocab_shard": 75968}
[36m(WorkerDict pid=3667370)[0m WARNING:2026-09-10 23:10:57,140:VERL_RESPONSE_ONLY_LM_HEAD_PROFILE {"active_ratio": 0.41390460792239286, "actual_logits_bytes": 0, "allocated_before_bytes": 4265094144, "backend": "fused", "calculate_entropy": false, "calculate_sum_pi_squared": false, "context_parallel_size": 2, "data_format": "thd", "dense_logits_bytes": 0, "dense_rows": 9896, "distillation_only": false, "elapsed_s": 0.12979210796765983, "element_size": 0, "entropy_from_logits_chunk_size": 2048, "entropy_from_logits_with_chunking": false, "event_id": 21, "logits_dtype": "none", "logits_saved_bytes": 0, "peak_allocated_bytes": 4379782144, "peak_increment_bytes": 114688000, "pipeline_parallel_size": 2, "projected_rows": 4096, "rank": 5, "response_only_enabled": true, "role": "ref", "selected_rows": 4096, "tensor_parallel_size": 2, "vocab_shard": 75968}
[36m(WorkerDict pid=3667372)[0m WARNING:2026-09-10 23:10:57,436:VERL_RESPONSE_ONLY_LM_HEAD_PROFILE {"active_ratio": 0.0, "actual_logits_bytes": 0, "allocated_before_bytes": 4265174016, "backend": "fused", "calculate_entropy": false, "calculate_sum_pi_squared": false, "context_parallel_size": 2, "data_format": "thd", "dense_logits_bytes": 0, "dense_rows": 9896, "distillation_only": false, "elapsed_s": 0.005552891991101205, "element_size": 0, "entropy_from_logits_chunk_size": 2048, "entropy_from_logits_with_chunking": false, "event_id": 22, "logits_dtype": "none", "logits_saved_bytes": 0, "peak_allocated_bytes": 4346363904, "peak_increment_bytes": 81189888, "pipeline_parallel_size": 2, "projected_rows": 1, "rank": 7, "response_only_enabled": true, "role": "ref", "selected_rows": 0, "tensor_parallel_size": 2, "vocab_shard": 75968}
[36m(WorkerDict pid=3667371)[0m WARNING:2026-09-10 23:10:57,436:VERL_RESPONSE_ONLY_LM_HEAD_PROFILE {"active_ratio": 0.0, "actual_logits_bytes": 0, "allocated_before_bytes": 4265174016, "backend": "fused", "calculate_entropy": false, "calculate_sum_pi_squared": false, "context_parallel_size": 2, "data_format": "thd", "dense_logits_bytes": 0, "dense_rows": 9896, "distillation_only": false, "elapsed_s": 0.005558551987633109, "element_size": 0, "entropy_from_logits_chunk_size": 2048, "entropy_from_logits_with_chunking": false, "event_id": 22, "logits_dtype": "none", "logits_saved_bytes": 0, "peak_allocated_bytes": 4346363904, "peak_increment_bytes": 81189888, "pipeline_parallel_size": 2, "projected_rows": 1, "rank": 6, "response_only_enabled": true, "role": "ref", "selected_rows": 0, "tensor_parallel_size": 2, "vocab_shard": 75968}
[36m(WorkerDict pid=3667370)[0m WARNING:2026-09-10 23:10:57,560:VERL_RESPONSE_ONLY_LM_HEAD_PROFILE {"active_ratio": 0.41390460792239286, "actual_logits_bytes": 0, "allocated_before_bytes": 4265174016, "backend": "fused", "calculate_entropy": false, "calculate_sum_pi_squared": false, "context_parallel_size": 2, "data_format": "thd", "dense_logits_bytes": 0, "dense_rows": 9896, "distillation_only": false, "elapsed_s": 0.12996290798764676, "element_size": 0, "entropy_from_logits_chunk_size": 2048, "entropy_from_logits_with_chunking": false, "event_id": 22, "logits_dtype": "none", "logits_saved_bytes": 0, "peak_allocated_bytes": 4379862016, "peak_increment_bytes": 114688000, "pipeline_parallel_size": 2, "projected_rows": 4096, "rank": 5, "response_only_enabled": true, "role": "ref", "selected_rows": 4096, "tensor_parallel_size": 2, "vocab_shard": 75968}
[36m(WorkerDict pid=3667371)[0m WARNING:2026-09-10 23:10:57,856:VERL_RESPONSE_ONLY_LM_HEAD_PROFILE {"active_ratio": 0.0, "actual_logits_bytes": 0, "allocated_before_bytes": 4265253888, "backend": "fused", "calculate_entropy": false, "calculate_sum_pi_squared": false, "context_parallel_size": 2, "data_format": "thd", "dense_logits_bytes": 0, "dense_rows": 9896, "distillation_only": false, "elapsed_s": 0.00562380300834775, "element_size": 0, "entropy_from_logits_chunk_size": 2048, "entropy_from_logits_with_chunking": false, "event_id": 23, "logits_dtype": "none", "logits_saved_bytes": 0, "peak_allocated_bytes": 4346443776, "peak_increment_bytes": 81189888, "pipeline_parallel_size": 2, "projected_rows": 1, "rank": 6, "response_only_enabled": true, "role": "ref", "selected_rows": 0, "tensor_parallel_size": 2, "vocab_shard": 75968}
[36m(WorkerDict pid=3667372)[0m WARNING:2026-09-10 23:10:57,856:VERL_RESPONSE_ONLY_LM_HEAD_PROFILE {"active_ratio": 0.0, "actual_logits_bytes": 0, "allocated_before_bytes": 4265253888, "backend": "fused", "calculate_entropy": false, "calculate_sum_pi_squared": false, "context_parallel_size": 2, "data_format": "thd", "dense_logits_bytes": 0, "dense_rows": 9896, "distillation_only": false, "elapsed_s": 0.0056154129561036825, "element_size": 0, "entropy_from_logits_chunk_size": 2048, "entropy_from_logits_with_chunking": false, "event_id": 23, "logits_dtype": "none", "logits_saved_bytes": 0, "peak_allocated_bytes": 4346443776, "peak_increment_bytes": 81189888, "pipeline_parallel_size": 2, "projected_rows": 1, "rank": 7, "response_only_enabled": true, "role": "ref", "selected_rows": 0, "tensor_parallel_size": 2, "vocab_shard": 75968}
[36m(WorkerDict pid=3667370)[0m WARNING:2026-09-10 23:10:57,980:VERL_RESPONSE_ONLY_LM_HEAD_PROFILE {"active_ratio": 0.41390460792239286, "actual_logits_bytes": 0, "allocated_before_bytes": 4265253888, "backend": "fused", "calculate_entropy": false, "calculate_sum_pi_squared": false, "context_parallel_size": 2, "data_format": "thd", "dense_logits_bytes": 0, "dense_rows": 9896, "distillation_only": false, "elapsed_s": 0.13001948792953044, "element_size": 0, "entropy_from_logits_chunk_size": 2048, "entropy_from_logits_with_chunking": false, "event_id": 23, "logits_dtype": "none", "logits_saved_bytes": 0, "peak_allocated_bytes": 4379941888, "peak_increment_bytes": 114688000, "pipeline_parallel_size": 2, "projected_rows": 4096, "rank": 5, "response_only_enabled": true, "role": "ref", "selected_rows": 4096, "tensor_parallel_size": 2, "vocab_shard": 75968}
[36m(WorkerDict pid=3667371)[0m WARNING:2026-09-10 23:10:58,285:VERL_RESPONSE_ONLY_LM_HEAD_PROFILE {"active_ratio": 0.0, "actual_logits_bytes": 0, "allocated_before_bytes": 4267719680, "backend": "fused", "calculate_entropy": false, "calculate_sum_pi_squared": false, "context_parallel_size": 2, "data_format": "thd", "dense_logits_bytes": 0, "dense_rows": 10184, "distillation_only": false, "elapsed_s": 0.005560802994295955, "element_size": 0, "entropy_from_logits_chunk_size": 2048, "entropy_from_logits_with_chunking": false, "event_id": 24, "logits_dtype": "none", "logits_saved_bytes": 0, "peak_allocated_bytes": 4351271936, "peak_increment_bytes": 83552256, "pipeline_parallel_size": 2, "projected_rows": 1, "rank": 6, "response_only_enabled": true, "role": "ref", "selected_rows": 0, "tensor_parallel_size": 2, "vocab_shard": 75968}
[36m(WorkerDict pid=3667372)[0m WARNING:2026-09-10 23:10:58,285:VERL_RESPONSE_ONLY_LM_HEAD_PROFILE {"active_ratio": 0.0, "actual_logits_bytes": 0, "allocated_before_bytes": 4267719680, "backend": "fused", "calculate_entropy": false, "calculate_sum_pi_squared": false, "context_parallel_size": 2, "data_format": "thd", "dense_logits_bytes": 0, "dense_rows": 10184, "distillation_only": false, "elapsed_s": 0.005564862978644669, "element_size": 0, "entropy_from_logits_chunk_size": 2048, "entropy_from_logits_with_chunking": false, "event_id": 24, "logits_dtype": "none", "logits_saved_bytes": 0, "peak_allocated_bytes": 4351271936, "peak_increment_bytes": 83552256, "pipeline_parallel_size": 2, "projected_rows": 1, "rank": 7, "response_only_enabled": true, "role": "ref", "selected_rows": 0, "tensor_parallel_size": 2, "vocab_shard": 75968}
[36m(WorkerDict pid=3667370)[0m WARNING:2026-09-10 23:10:58,412:VERL_RESPONSE_ONLY_LM_HEAD_PROFILE {"active_ratio": 0.40219952867242736, "actual_logits_bytes": 0, "allocated_before_bytes": 4267719680, "backend": "fused", "calculate_entropy": false, "calculate_sum_pi_squared": false, "context_parallel_size": 2, "data_format": "thd", "dense_logits_bytes": 0, "dense_rows": 10184, "distillation_only": false, "elapsed_s": 0.1319221790181473, "element_size": 0, "entropy_from_logits_chunk_size": 2048, "entropy_from_logits_with_chunking": false, "event_id": 24, "logits_dtype": "none", "logits_saved_bytes": 0, "peak_allocated_bytes": 4384766976, "peak_increment_bytes": 117047296, "pipeline_parallel_size": 2, "projected_rows": 4096, "rank": 5, "response_only_enabled": true, "role": "ref", "selected_rows": 4096, "tensor_parallel_size": 2, "vocab_shard": 75968}
[36m(WorkerDict pid=3667371)[0m WARNING:2026-09-10 23:10:58,715:VERL_RESPONSE_ONLY_LM_HEAD_PROFILE {"active_ratio": 0.0, "actual_logits_bytes": 0, "allocated_before_bytes": 4267802112, "backend": "fused", "calculate_entropy": false, "calculate_sum_pi_squared": false, "context_parallel_size": 2, "data_format": "thd", "dense_logits_bytes": 0, "dense_rows": 10184, "distillation_only": false, "elapsed_s": 0.005605843034572899, "element_size": 0, "entropy_from_logits_chunk_size": 2048, "entropy_from_logits_with_chunking": false, "event_id": 25, "logits_dtype": "none", "logits_saved_bytes": 0, "peak_allocated_bytes": 4351354368, "peak_increment_bytes": 83552256, "pipeline_parallel_size": 2, "projected_rows": 1, "rank": 6, "response_only_enabled": true, "role": "ref", "selected_rows": 0, "tensor_parallel_size": 2, "vocab_shard": 75968}
[36m(WorkerDict pid=3667372)[0m WARNING:2026-09-10 23:10:58,715:VERL_RESPONSE_ONLY_LM_HEAD_PROFILE {"active_ratio": 0.0, "actual_logits_bytes": 0, "allocated_before_bytes": 4267802112, "backend": "fused", "calculate_entropy": false, "calculate_sum_pi_squared": false, "context_parallel_size": 2, "data_format": "thd", "dense_logits_bytes": 0, "dense_rows": 10184, "distillation_only": false, "elapsed_s": 0.00557369296438992, "element_size": 0, "entropy_from_logits_chunk_size": 2048, "entropy_from_logits_with_chunking": false, "event_id": 25, "logits_dtype": "none", "logits_saved_bytes": 0, "peak_allocated_bytes": 4351354368, "peak_increment_bytes": 83552256, "pipeline_parallel_size": 2, "projected_rows": 1, "rank": 7, "response_only_enabled": true, "role": "ref", "selected_rows": 0, "tensor_parallel_size": 2, "vocab_shard": 75968}
[36m(WorkerDict pid=3667370)[0m WARNING:2026-09-10 23:10:58,840:VERL_RESPONSE_ONLY_LM_HEAD_PROFILE {"active_ratio": 0.40219952867242736, "actual_logits_bytes": 0, "allocated_before_bytes": 4267802112, "backend": "fused", "calculate_entropy": false, "calculate_sum_pi_squared": false, "context_parallel_size": 2, "data_format": "thd", "dense_logits_bytes": 0, "dense_rows": 10184, "distillation_only": false, "elapsed_s": 0.1302258080104366, "element_size": 0, "entropy_from_logits_chunk_size": 2048, "entropy_from_logits_with_chunking": false, "event_id": 25, "logits_dtype": "none", "logits_saved_bytes": 0, "peak_allocated_bytes": 4384849408, "peak_increment_bytes": 117047296, "pipeline_parallel_size": 2, "projected_rows": 4096, "rank": 5, "response_only_enabled": true, "role": "ref", "selected_rows": 4096, "tensor_parallel_size": 2, "vocab_shard": 75968}
[36m(WorkerDict pid=3667371)[0m WARNING:2026-09-10 23:10:59,144:VERL_RESPONSE_ONLY_LM_HEAD_PROFILE {"active_ratio": 0.0, "actual_logits_bytes": 0, "allocated_before_bytes": 4267884544, "backend": "fused", "calculate_entropy": false, "calculate_sum_pi_squared": false, "context_parallel_size": 2, "data_format": "thd", "dense_logits_bytes": 0, "dense_rows": 10184, "distillation_only": false, "elapsed_s": 0.005581482080742717, "element_size": 0, "entropy_from_logits_chunk_size": 2048, "entropy_from_logits_with_chunking": false, "event_id": 26, "logits_dtype": "none", "logits_saved_bytes": 0, "peak_allocated_bytes": 4351436800, "peak_increment_bytes": 83552256, "pipeline_parallel_size": 2, "projected_rows": 1, "rank": 6, "response_only_enabled": true, "role": "ref", "selected_rows": 0, "tensor_parallel_size": 2, "vocab_shard": 75968}
[36m(WorkerDict pid=3667372)[0m WARNING:2026-09-10 23:10:59,144:VERL_RESPONSE_ONLY_LM_HEAD_PROFILE {"active_ratio": 0.0, "actual_logits_bytes": 0, "allocated_before_bytes": 4267884544, "backend": "fused", "calculate_entropy": false, "calculate_sum_pi_squared": false, "context_parallel_size": 2, "data_format": "thd", "dense_logits_bytes": 0, "dense_rows": 10184, "distillation_only": false, "elapsed_s": 0.005582162062637508, "element_size": 0, "entropy_from_logits_chunk_size": 2048, "entropy_from_logits_with_chunking": false, "event_id": 26, "logits_dtype": "none", "logits_saved_bytes": 0, "peak_allocated_bytes": 4351436800, "peak_increment_bytes": 83552256, "pipeline_parallel_size": 2, "projected_rows": 1, "rank": 7, "response_only_enabled": true, "role": "ref", "selected_rows": 0, "tensor_parallel_size": 2, "vocab_shard": 75968}
[36m(WorkerDict pid=3667370)[0m WARNING:2026-09-10 23:10:59,269:VERL_RESPONSE_ONLY_LM_HEAD_PROFILE {"active_ratio": 0.40219952867242736, "actual_logits_bytes": 0, "allocated_before_bytes": 4267884544, "backend": "fused", "calculate_entropy": false, "calculate_sum_pi_squared": false, "context_parallel_size": 2, "data_format": "thd", "dense_logits_bytes": 0, "dense_rows": 10184, "distillation_only": false, "elapsed_s": 0.130401317961514, "element_size": 0, "entropy_from_logits_chunk_size": 2048, "entropy_from_logits_with_chunking": false, "event_id": 26, "logits_dtype": "none", "logits_saved_bytes": 0, "peak_allocated_bytes": 4384931840, "peak_increment_bytes": 117047296, "pipeline_parallel_size": 2, "projected_rows": 4096, "rank": 5, "response_only_enabled": true, "role": "ref", "selected_rows": 4096, "tensor_parallel_size": 2, "vocab_shard": 75968}
[36m(WorkerDict pid=3667371)[0m WARNING:2026-09-10 23:10:59,573:VERL_RESPONSE_ONLY_LM_HEAD_PROFILE {"active_ratio": 0.0, "actual_logits_bytes": 0, "allocated_before_bytes": 4267966976, "backend": "fused", "calculate_entropy": false, "calculate_sum_pi_squared": false, "context_parallel_size": 2, "data_format": "thd", "dense_logits_bytes": 0, "dense_rows": 10184, "distillation_only": false, "elapsed_s": 0.005534952040761709, "element_size": 0, "entropy_from_logits_chunk_size": 2048, "entropy_from_logits_with_chunking": false, "event_id": 27, "logits_dtype": "none", "logits_saved_bytes": 0, "peak_allocated_bytes": 4351519232, "peak_increment_bytes": 83552256, "pipeline_parallel_size": 2, "projected_rows": 1, "rank": 6, "response_only_enabled": true, "role": "ref", "selected_rows": 0, "tensor_parallel_size": 2, "vocab_shard": 75968}
[36m(WorkerDict pid=3667372)[0m WARNING:2026-09-10 23:10:59,573:VERL_RESPONSE_ONLY_LM_HEAD_PROFILE {"active_ratio": 0.0, "actual_logits_bytes": 0, "allocated_before_bytes": 4267966976, "backend": "fused", "calculate_entropy": false, "calculate_sum_pi_squared": false, "context_parallel_size": 2, "data_format": "thd", "dense_logits_bytes": 0, "dense_rows": 10184, "distillation_only": false, "elapsed_s": 0.005520632024854422, "element_size": 0, "entropy_from_logits_chunk_size": 2048, "entropy_from_logits_with_chunking": false, "event_id": 27, "logits_dtype": "none", "logits_saved_bytes": 0, "peak_allocated_bytes": 4351519232, "peak_increment_bytes": 83552256, "pipeline_parallel_size": 2, "projected_rows": 1, "rank": 7, "response_only_enabled": true, "role": "ref", "selected_rows": 0, "tensor_parallel_size": 2, "vocab_shard": 75968}
[36m(WorkerDict pid=3667370)[0m WARNING:2026-09-10 23:10:59,698:VERL_RESPONSE_ONLY_LM_HEAD_PROFILE {"active_ratio": 0.40219952867242736, "actual_logits_bytes": 0, "allocated_before_bytes": 4267966976, "backend": "fused", "calculate_entropy": false, "calculate_sum_pi_squared": false, "context_parallel_size": 2, "data_format": "thd", "dense_logits_bytes": 0, "dense_rows": 10184, "distillation_only": false, "elapsed_s": 0.13026939798146486, "element_size": 0, "entropy_from_logits_chunk_size": 2048, "entropy_from_logits_with_chunking": false, "event_id": 27, "logits_dtype": "none", "logits_saved_bytes": 0, "peak_allocated_bytes": 4385014272, "peak_increment_bytes": 117047296, "pipeline_parallel_size": 2, "projected_rows": 4096, "rank": 5, "response_only_enabled": true, "role": "ref", "selected_rows": 4096, "tensor_parallel_size": 2, "vocab_shard": 75968}
[36m(WorkerDict pid=3667371)[0m WARNING:2026-09-10 23:11:00,001:VERL_RESPONSE_ONLY_LM_HEAD_PROFILE {"active_ratio": 0.0, "actual_logits_bytes": 0, "allocated_before_bytes": 4268049408, "backend": "fused", "calculate_entropy": false, "calculate_sum_pi_squared": false, "context_parallel_size": 2, "data_format": "thd", "dense_logits_bytes": 0, "dense_rows": 10184, "distillation_only": false, "elapsed_s": 0.005528112989850342, "element_size": 0, "entropy_from_logits_chunk_size": 2048, "entropy_from_logits_with_chunking": false, "event_id": 28, "logits_dtype": "none", "logits_saved_bytes": 0, "peak_allocated_bytes": 4351601664, "peak_increment_bytes": 83552256, "pipeline_parallel_size": 2, "projected_rows": 1, "rank": 6, "response_only_enabled": true, "role": "ref", "selected_rows": 0, "tensor_parallel_size": 2, "vocab_shard": 75968}
[36m(WorkerDict pid=3667372)[0m WARNING:2026-09-10 23:11:00,001:VERL_RESPONSE_ONLY_LM_HEAD_PROFILE {"active_ratio": 0.0, "actual_logits_bytes": 0, "allocated_before_bytes": 4268049408, "backend": "fused", "calculate_entropy": false, "calculate_sum_pi_squared": false, "context_parallel_size": 2, "data_format": "thd", "dense_logits_bytes": 0, "dense_rows": 10184, "distillation_only": false, "elapsed_s": 0.0055404630256816745, "element_size": 0, "entropy_from_logits_chunk_size": 2048, "entropy_from_logits_with_chunking": false, "event_id": 28, "logits_dtype": "none", "logits_saved_bytes": 0, "peak_allocated_bytes": 4351601664, "peak_increment_bytes": 83552256, "pipeline_parallel_size": 2, "projected_rows": 1, "rank": 7, "response_only_enabled": true, "role": "ref", "selected_rows": 0, "tensor_parallel_size": 2, "vocab_shard": 75968}
[36m(WorkerDict pid=3667370)[0m WARNING:2026-09-10 23:11:00,128:VERL_RESPONSE_ONLY_LM_HEAD_PROFILE {"active_ratio": 0.40219952867242736, "actual_logits_bytes": 0, "allocated_before_bytes": 4268049408, "backend": "fused", "calculate_entropy": false, "calculate_sum_pi_squared": false, "context_parallel_size": 2, "data_format": "thd", "dense_logits_bytes": 0, "dense_rows": 10184, "distillation_only": false, "elapsed_s": 0.13174828805495054, "element_size": 0, "entropy_from_logits_chunk_size": 2048, "entropy_from_logits_with_chunking": false, "event_id": 28, "logits_dtype": "none", "logits_saved_bytes": 0, "peak_allocated_bytes": 4385096704, "peak_increment_bytes": 117047296, "pipeline_parallel_size": 2, "projected_rows": 4096, "rank": 5, "response_only_enabled": true, "role": "ref", "selected_rows": 4096, "tensor_parallel_size": 2, "vocab_shard": 75968}
[36m(WorkerDict pid=3667371)[0m WARNING:2026-09-10 23:11:00,431:VERL_RESPONSE_ONLY_LM_HEAD_PROFILE {"active_ratio": 0.0, "actual_logits_bytes": 0, "allocated_before_bytes": 4268131840, "backend": "fused", "calculate_entropy": false, "calculate_sum_pi_squared": false, "context_parallel_size": 2, "data_format": "thd", "dense_logits_bytes": 0, "dense_rows": 10184, "distillation_only": false, "elapsed_s": 0.005570532055571675, "element_size": 0, "entropy_from_logits_chunk_size": 2048, "entropy_from_logits_with_chunking": false, "event_id": 29, "logits_dtype": "none", "logits_saved_bytes": 0, "peak_allocated_bytes": 4351684096, "peak_increment_bytes": 83552256, "pipeline_parallel_size": 2, "projected_rows": 1, "rank": 6, "response_only_enabled": true, "role": "ref", "selected_rows": 0, "tensor_parallel_size": 2, "vocab_shard": 75968}
[36m(WorkerDict pid=3667372)[0m WARNING:2026-09-10 23:11:00,431:VERL_RESPONSE_ONLY_LM_HEAD_PROFILE {"active_ratio": 0.0, "actual_logits_bytes": 0, "allocated_before_bytes": 4268131840, "backend": "fused", "calculate_entropy": false, "calculate_sum_pi_squared": false, "context_parallel_size": 2, "data_format": "thd", "dense_logits_bytes": 0, "dense_rows": 10184, "distillation_only": false, "elapsed_s": 0.005543531966395676, "element_size": 0, "entropy_from_logits_chunk_size": 2048, "entropy_from_logits_with_chunking": false, "event_id": 29, "logits_dtype": "none", "logits_saved_bytes": 0, "peak_allocated_bytes": 4351684096, "peak_increment_bytes": 83552256, "pipeline_parallel_size": 2, "projected_rows": 1, "rank": 7, "response_only_enabled": true, "role": "ref", "selected_rows": 0, "tensor_parallel_size": 2, "vocab_shard": 75968}
[36m(WorkerDict pid=3667370)[0m WARNING:2026-09-10 23:11:00,556:VERL_RESPONSE_ONLY_LM_HEAD_PROFILE {"active_ratio": 0.40219952867242736, "actual_logits_bytes": 0, "allocated_before_bytes": 4268131840, "backend": "fused", "calculate_entropy": false, "calculate_sum_pi_squared": false, "context_parallel_size": 2, "data_format": "thd", "dense_logits_bytes": 0, "dense_rows": 10184, "distillation_only": false, "elapsed_s": 0.13051324803382158, "element_size": 0, "entropy_from_logits_chunk_size": 2048, "entropy_from_logits_with_chunking": false, "event_id": 29, "logits_dtype": "none", "logits_saved_bytes": 0, "peak_allocated_bytes": 4385179136, "peak_increment_bytes": 117047296, "pipeline_parallel_size": 2, "projected_rows": 4096, "rank": 5, "response_only_enabled": true, "role": "ref", "selected_rows": 4096, "tensor_parallel_size": 2, "vocab_shard": 75968}
[36m(WorkerDict pid=3667371)[0m WARNING:2026-09-10 23:11:00,861:VERL_RESPONSE_ONLY_LM_HEAD_PROFILE {"active_ratio": 0.0, "actual_logits_bytes": 0, "allocated_before_bytes": 4268214272, "backend": "fused", "calculate_entropy": false, "calculate_sum_pi_squared": false, "context_parallel_size": 2, "data_format": "thd", "dense_logits_bytes": 0, "dense_rows": 10184, "distillation_only": false, "elapsed_s": 0.005595832015387714, "element_size": 0, "entropy_from_logits_chunk_size": 2048, "entropy_from_logits_with_chunking": false, "event_id": 30, "logits_dtype": "none", "logits_saved_bytes": 0, "peak_allocated_bytes": 4351766528, "peak_increment_bytes": 83552256, "pipeline_parallel_size": 2, "projected_rows": 1, "rank": 6, "response_only_enabled": true, "role": "ref", "selected_rows": 0, "tensor_parallel_size": 2, "vocab_shard": 75968}
[36m(WorkerDict pid=3667372)[0m WARNING:2026-09-10 23:11:00,861:VERL_RESPONSE_ONLY_LM_HEAD_PROFILE {"active_ratio": 0.0, "actual_logits_bytes": 0, "allocated_before_bytes": 4268214272, "backend": "fused", "calculate_entropy": false, "calculate_sum_pi_squared": false, "context_parallel_size": 2, "data_format": "thd", "dense_logits_bytes": 0, "dense_rows": 10184, "distillation_only": false, "elapsed_s": 0.005644191987812519, "element_size": 0, "entropy_from_logits_chunk_size": 2048, "entropy_from_logits_with_chunking": false, "event_id": 30, "logits_dtype": "none", "logits_saved_bytes": 0, "peak_allocated_bytes": 4351766528, "peak_increment_bytes": 83552256, "pipeline_parallel_size": 2, "projected_rows": 1, "rank": 7, "response_only_enabled": true, "role": "ref", "selected_rows": 0, "tensor_parallel_size": 2, "vocab_shard": 75968}
[36m(WorkerDict pid=3667370)[0m WARNING:2026-09-10 23:11:00,987:VERL_RESPONSE_ONLY_LM_HEAD_PROFILE {"active_ratio": 0.40219952867242736, "actual_logits_bytes": 0, "allocated_before_bytes": 4268214272, "backend": "fused", "calculate_entropy": false, "calculate_sum_pi_squared": false, "context_parallel_size": 2, "data_format": "thd", "dense_logits_bytes": 0, "dense_rows": 10184, "distillation_only": false, "elapsed_s": 0.13200408895500004, "element_size": 0, "entropy_from_logits_chunk_size": 2048, "entropy_from_logits_with_chunking": false, "event_id": 30, "logits_dtype": "none", "logits_saved_bytes": 0, "peak_allocated_bytes": 4385261568, "peak_increment_bytes": 117047296, "pipeline_parallel_size": 2, "projected_rows": 4096, "rank": 5, "response_only_enabled": true, "role": "ref", "selected_rows": 4096, "tensor_parallel_size": 2, "vocab_shard": 75968}
[36m(WorkerDict pid=3667371)[0m WARNING:2026-09-10 23:11:01,292:VERL_RESPONSE_ONLY_LM_HEAD_PROFILE {"active_ratio": 0.0, "actual_logits_bytes": 0, "allocated_before_bytes": 4268296704, "backend": "fused", "calculate_entropy": false, "calculate_sum_pi_squared": false, "context_parallel_size": 2, "data_format": "thd", "dense_logits_bytes": 0, "dense_rows": 10184, "distillation_only": false, "elapsed_s": 0.005589083069935441, "element_size": 0, "entropy_from_logits_chunk_size": 2048, "entropy_from_logits_with_chunking": false, "event_id": 31, "logits_dtype": "none", "logits_saved_bytes": 0, "peak_allocated_bytes": 4351848960, "peak_increment_bytes": 83552256, "pipeline_parallel_size": 2, "projected_rows": 1, "rank": 6, "response_only_enabled": true, "role": "ref", "selected_rows": 0, "tensor_parallel_size": 2, "vocab_shard": 75968}
[36m(WorkerDict pid=3667372)[0m WARNING:2026-09-10 23:11:01,292:VERL_RESPONSE_ONLY_LM_HEAD_PROFILE {"active_ratio": 0.0, "actual_logits_bytes": 0, "allocated_before_bytes": 4268296704, "backend": "fused", "calculate_entropy": false, "calculate_sum_pi_squared": false, "context_parallel_size": 2, "data_format": "thd", "dense_logits_bytes": 0, "dense_rows": 10184, "distillation_only": false, "elapsed_s": 0.0055837929248809814, "element_size": 0, "entropy_from_logits_chunk_size": 2048, "entropy_from_logits_with_chunking": false, "event_id": 31, "logits_dtype": "none", "logits_saved_bytes": 0, "peak_allocated_bytes": 4351848960, "peak_increment_bytes": 83552256, "pipeline_parallel_size": 2, "projected_rows": 1, "rank": 7, "response_only_enabled": true, "role": "ref", "selected_rows": 0, "tensor_parallel_size": 2, "vocab_shard": 75968}
[36m(WorkerDict pid=3667370)[0m WARNING:2026-09-10 23:11:01,416:VERL_RESPONSE_ONLY_LM_HEAD_PROFILE {"active_ratio": 0.40219952867242736, "actual_logits_bytes": 0, "allocated_before_bytes": 4268296704, "backend": "fused", "calculate_entropy": false, "calculate_sum_pi_squared": false, "context_parallel_size": 2, "data_format": "thd", "dense_logits_bytes": 0, "dense_rows": 10184, "distillation_only": false, "elapsed_s": 0.1302460579900071, "element_size": 0, "entropy_from_logits_chunk_size": 2048, "entropy_from_logits_with_chunking": false, "event_id": 31, "logits_dtype": "none", "logits_saved_bytes": 0, "peak_allocated_bytes": 4385344000, "peak_increment_bytes": 117047296, "pipeline_parallel_size": 2, "projected_rows": 4096, "rank": 5, "response_only_enabled": true, "role": "ref", "selected_rows": 4096, "tensor_parallel_size": 2, "vocab_shard": 75968}
[36m(WorkerDict pid=3667371)[0m WARNING:2026-09-10 23:11:07,861:VERL_RESPONSE_ONLY_LM_HEAD_PROFILE {"active_ratio": 0.0, "actual_logits_bytes": 0, "allocated_before_bytes": 17304555520, "backend": "fused", "calculate_entropy": true, "calculate_sum_pi_squared": false, "context_parallel_size": 2, "data_format": "thd", "dense_logits_bytes": 0, "dense_rows": 10184, "distillation_only": false, "elapsed_s": 0.005614591995254159, "element_size": 0, "entropy_from_logits_chunk_size": 2048, "entropy_from_logits_with_chunking": false, "event_id": 32, "logits_dtype": "none", "logits_saved_bytes": 0, "peak_allocated_bytes": 17388108800, "peak_increment_bytes": 83553280, "pipeline_parallel_size": 2, "projected_rows": 1, "rank": 6, "response_only_enabled": true, "role": "actor", "selected_rows": 0, "tensor_parallel_size": 2, "vocab_shard": 75968}
[36m(WorkerDict pid=3667372)[0m WARNING:2026-09-10 23:11:07,861:VERL_RESPONSE_ONLY_LM_HEAD_PROFILE {"active_ratio": 0.0, "actual_logits_bytes": 0, "allocated_before_bytes": 17304555520, "backend": "fused", "calculate_entropy": true, "calculate_sum_pi_squared": false, "context_parallel_size": 2, "data_format": "thd", "dense_logits_bytes": 0, "dense_rows": 10184, "distillation_only": false, "elapsed_s": 0.005632131942547858, "element_size": 0, "entropy_from_logits_chunk_size": 2048, "entropy_from_logits_with_chunking": false, "event_id": 32, "logits_dtype": "none", "logits_saved_bytes": 0, "peak_allocated_bytes": 17388108800, "peak_increment_bytes": 83553280, "pipeline_parallel_size": 2, "projected_rows": 1, "rank": 7, "response_only_enabled": true, "role": "actor", "selected_rows": 0, "tensor_parallel_size": 2, "vocab_shard": 75968}
[36m(WorkerDict pid=3667370)[0m WARNING:2026-09-10 23:11:07,987:VERL_RESPONSE_ONLY_LM_HEAD_PROFILE {"active_ratio": 0.40219952867242736, "actual_logits_bytes": 0, "allocated_before_bytes": 17304555520, "backend": "fused", "calculate_entropy": true, "calculate_sum_pi_squared": false, "context_parallel_size": 2, "data_format": "thd", "dense_logits_bytes": 0, "dense_rows": 10184, "distillation_only": false, "elapsed_s": 0.1311892889207229, "element_size": 0, "entropy_from_logits_chunk_size": 2048, "entropy_from_logits_with_chunking": false, "event_id": 32, "logits_dtype": "none", "logits_saved_bytes": 0, "peak_allocated_bytes": 17421602816, "peak_increment_bytes": 117047296, "pipeline_parallel_size": 2, "projected_rows": 4096, "rank": 5, "response_only_enabled": true, "role": "actor", "selected_rows": 4096, "tensor_parallel_size": 2, "vocab_shard": 75968}
[36m(WorkerDict pid=3667371)[0m /opt/dev/lib/python3.12/site-packages/torch/autograd/graph.py:869: UserWarning: c10d::broadcast_: an autograd kernel was not registered to the Autograd key(s) but we are trying to backprop through it. This may lead to silently incorrect behavior. This behavior is deprecated and will be removed in a future version of PyTorch. If your operator is differentiable, please ensure you have registered an autograd kernel to the correct Autograd key (e.g. DispatchKey::Autograd, DispatchKey::CompositeImplicitAutograd). If your operator is not differentiable, or to squash this warning and use the previous behavior, please register torch::CppFunction::makeFallthrough() to DispatchKey::Autograd. (Triggered internally at /pytorch/torch/csrc/autograd/autograd_not_implemented_fallback.cpp:76.)
[36m(WorkerDict pid=3667371)[0m   return Variable._execution_engine.run_backward(  # Calls into the C++ engine to run the backward pass
[36m(WorkerDict pid=3667370)[0m /opt/dev/lib/python3.12/site-packages/torch/autograd/graph.py:869: UserWarning: c10d::broadcast_: an autograd kernel was not registered to the Autograd key(s) but we are trying to backprop through it. This may lead to silently incorrect behavior. This behavior is deprecated and will be removed in a future version of PyTorch. If your operator is differentiable, please ensure you have registered an autograd kernel to the correct Autograd key (e.g. DispatchKey::Autograd, DispatchKey::CompositeImplicitAutograd). If your operator is not differentiable, or to squash this warning and use the previous behavior, please register torch::CppFunction::makeFallthrough() to DispatchKey::Autograd. (Triggered internally at /pytorch/torch/csrc/autograd/autograd_not_implemented_fallback.cpp:76.)
[36m(WorkerDict pid=3667370)[0m   return Variable._execution_engine.run_backward(  # Calls into the C++ engine to run the backward pass
[36m(WorkerDict pid=3667369)[0m /opt/dev/lib/python3.12/site-packages/torch/autograd/graph.py:869: UserWarning: c10d::broadcast_: an autograd kernel was not registered to the Autograd key(s) but we are trying to backprop through it. This may lead to silently incorrect behavior. This behavior is deprecated and will be removed in a future version of PyTorch. If your operator is differentiable, please ensure you have registered an autograd kernel to the correct Autograd key (e.g. DispatchKey::Autograd, DispatchKey::CompositeImplicitAutograd). If your operator is not differentiable, or to squash this warning and use the previous behavior, please register torch::CppFunction::makeFallthrough() to DispatchKey::Autograd. (Triggered internally at /pytorch/torch/csrc/autograd/autograd_not_implemented_fallback.cpp:76.)
[36m(WorkerDict pid=3667369)[0m   return Variable._execution_engine.run_backward(  # Calls into the C++ engine to run the backward pass
[36m(WorkerDict pid=3667372)[0m /opt/dev/lib/python3.12/site-packages/torch/autograd/graph.py:869: UserWarning: c10d::broadcast_: an autograd kernel was not registered to the Autograd key(s) but we are trying to backprop through it. This may lead to silently incorrect behavior. This behavior is deprecated and will be removed in a future version of PyTorch. If your operator is differentiable, please ensure you have registered an autograd kernel to the correct Autograd key (e.g. DispatchKey::Autograd, DispatchKey::CompositeImplicitAutograd). If your operator is not differentiable, or to squash this warning and use the previous behavior, please register torch::CppFunction::makeFallthrough() to DispatchKey::Autograd. (Triggered internally at /pytorch/torch/csrc/autograd/autograd_not_implemented_fallback.cpp:76.)
[36m(WorkerDict pid=3667372)[0m   return Variable._execution_engine.run_backward(  # Calls into the C++ engine to run the backward pass
[36m(WorkerDict pid=3667371)[0m /opt/Megatron-Bridge/3rdparty/Megatron-LM/megatron/core/pipeline_parallel/schedules.py:211: UserWarning: The AccumulateGrad node's stream does not match the stream of the node that produced the incoming gradient. This may incur unnecessary synchronization and break CUDA graph capture if the AccumulateGrad node's stream is the default stream. This mismatch is caused by an AccumulateGrad node created prior to the current iteration being kept alive. This can happen if the autograd graph is still being kept alive by tensors such as the loss, or if you are using DDP, which will stash a reference to the node. To resolve the mismatch, delete all references to the autograd graph or ensure that DDP initialization is performed under the same stream as subsequent forwards. If the mismatch is intentional, you can use torch.autograd.graph.set_warn_on_accumulate_grad_stream_mismatch(False) to suppress this warning. (Triggered internally at /pytorch/torch/csrc/autograd/input_buffer.cpp:240.)
[36m(WorkerDict pid=3667371)[0m   Variable._execution_engine.run_backward(
[36m(WorkerDict pid=3667371)[0m /opt/Megatron-Bridge/3rdparty/Megatron-LM/megatron/core/pipeline_parallel/schedules.py:211: UserWarning: c10d::broadcast_: an autograd kernel was not registered to the Autograd key(s) but we are trying to backprop through it. This may lead to silently incorrect behavior. This behavior is deprecated and will be removed in a future version of PyTorch. If your operator is differentiable, please ensure you have registered an autograd kernel to the correct Autograd key (e.g. DispatchKey::Autograd, DispatchKey::CompositeImplicitAutograd). If your operator is not differentiable, or to squash this warning and use the previous behavior, please register torch::CppFunction::makeFallthrough() to DispatchKey::Autograd. (Triggered internally at /pytorch/torch/csrc/autograd/autograd_not_implemented_fallback.cpp:76.)
[36m(WorkerDict pid=3667371)[0m   Variable._execution_engine.run_backward(
[36m(WorkerDict pid=3667370)[0m /opt/Megatron-Bridge/3rdparty/Megatron-LM/megatron/core/pipeline_parallel/schedules.py:211: UserWarning: The AccumulateGrad node's stream does not match the stream of the node that produced the incoming gradient. This may incur unnecessary synchronization and break CUDA graph capture if the AccumulateGrad node's stream is the default stream. This mismatch is caused by an AccumulateGrad node created prior to the current iteration being kept alive. This can happen if the autograd graph is still being kept alive by tensors such as the loss, or if you are using DDP, which will stash a reference to the node. To resolve the mismatch, delete all references to the autograd graph or ensure that DDP initialization is performed under the same stream as subsequent forwards. If the mismatch is intentional, you can use torch.autograd.graph.set_warn_on_accumulate_grad_stream_mismatch(False) to suppress this warning. (Triggered internally at /pytorch/torch/csrc/autograd/input_buffer.cpp:240.)
[36m(WorkerDict pid=3667370)[0m   Variable._execution_engine.run_backward(
[36m(WorkerDict pid=3667370)[0m /opt/Megatron-Bridge/3rdparty/Megatron-LM/megatron/core/pipeline_parallel/schedules.py:211: UserWarning: c10d::broadcast_: an autograd kernel was not registered to the Autograd key(s) but we are trying to backprop through it. This may lead to silently incorrect behavior. This behavior is deprecated and will be removed in a future version of PyTorch. If your operator is differentiable, please ensure you have registered an autograd kernel to the correct Autograd key (e.g. DispatchKey::Autograd, DispatchKey::CompositeImplicitAutograd). If your operator is not differentiable, or to squash this warning and use the previous behavior, please register torch::CppFunction::makeFallthrough() to DispatchKey::Autograd. (Triggered internally at /pytorch/torch/csrc/autograd/autograd_not_implemented_fallback.cpp:76.)
[36m(WorkerDict pid=3667370)[0m   Variable._execution_engine.run_backward(
[36m(WorkerDict pid=3667369)[0m /opt/Megatron-Bridge/3rdparty/Megatron-LM/megatron/core/pipeline_parallel/schedules.py:211: UserWarning: The AccumulateGrad node's stream does not match the stream of the node that produced the incoming gradient. This may incur unnecessary synchronization and break CUDA graph capture if the AccumulateGrad node's stream is the default stream. This mismatch is caused by an AccumulateGrad node created prior to the current iteration being kept alive. This can happen if the autograd graph is still being kept alive by tensors such as the loss, or if you are using DDP, which will stash a reference to the node. To resolve the mismatch, delete all references to the autograd graph or ensure that DDP initialization is performed under the same stream as subsequent forwards. If the mismatch is intentional, you can use torch.autograd.graph.set_warn_on_accumulate_grad_stream_mismatch(False) to suppress this warning. (Triggered internally at /pytorch/torch/csrc/autograd/input_buffer.cpp:240.)
[36m(WorkerDict pid=3667369)[0m   Variable._execution_engine.run_backward(
[36m(WorkerDict pid=3667369)[0m /opt/Megatron-Bridge/3rdparty/Megatron-LM/megatron/core/pipeline_parallel/schedules.py:211: UserWarning: c10d::broadcast_: an autograd kernel was not registered to the Autograd key(s) but we are trying to backprop through it. This may lead to silently incorrect behavior. This behavior is deprecated and will be removed in a future version of PyTorch. If your operator is differentiable, please ensure you have registered an autograd kernel to the correct Autograd key (e.g. DispatchKey::Autograd, DispatchKey::CompositeImplicitAutograd). If your operator is not differentiable, or to squash this warning and use the previous behavior, please register torch::CppFunction::makeFallthrough() to DispatchKey::Autograd. (Triggered internally at /pytorch/torch/csrc/autograd/autograd_not_implemented_fallback.cpp:76.)
[36m(WorkerDict pid=3667369)[0m   Variable._execution_engine.run_backward(
[36m(WorkerDict pid=3667372)[0m /opt/Megatron-Bridge/3rdparty/Megatron-LM/megatron/core/pipeline_parallel/schedules.py:211: UserWarning: The AccumulateGrad node's stream does not match the stream of the node that produced the incoming gradient. This may incur unnecessary synchronization and break CUDA graph capture if the AccumulateGrad node's stream is the default stream. This mismatch is caused by an AccumulateGrad node created prior to the current iteration being kept alive. This can happen if the autograd graph is still being kept alive by tensors such as the loss, or if you are using DDP, which will stash a reference to the node. To resolve the mismatch, delete all references to the autograd graph or ensure that DDP initialization is performed under the same stream as subsequent forwards. If the mismatch is intentional, you can use torch.autograd.graph.set_warn_on_accumulate_grad_stream_mismatch(False) to suppress this warning. (Triggered internally at /pytorch/torch/csrc/autograd/input_buffer.cpp:240.)
[36m(WorkerDict pid=3667372)[0m   Variable._execution_engine.run_backward(
[36m(WorkerDict pid=3667372)[0m /opt/Megatron-Bridge/3rdparty/Megatron-LM/megatron/core/pipeline_parallel/schedules.py:211: UserWarning: c10d::broadcast_: an autograd kernel was not registered to the Autograd key(s) but we are trying to backprop through it. This may lead to silently incorrect behavior. This behavior is deprecated and will be removed in a future version of PyTorch. If your operator is differentiable, please ensure you have registered an autograd kernel to the correct Autograd key (e.g. DispatchKey::Autograd, DispatchKey::CompositeImplicitAutograd). If your operator is not differentiable, or to squash this warning and use the previous behavior, please register torch::CppFunction::makeFallthrough() to DispatchKey::Autograd. (Triggered internally at /pytorch/torch/csrc/autograd/autograd_not_implemented_fallback.cpp:76.)
[36m(WorkerDict pid=3667372)[0m   Variable._execution_engine.run_backward(
[36m(WorkerDict pid=3667367)[0m [rank2]:[W910 23:11:14.576107680 ProcessGroupNCCL.cpp:4094] Warning: An unbatched P2P op (send/recv) was called on this ProcessGroup with size 8.  In lazy initialization mode, this will result in a new 2-rank NCCL communicator to be created. (function operator())
[36m(WorkerDict pid=3667371)[0m [rank6]:[W910 23:11:14.576062850 ProcessGroupNCCL.cpp:4094] Warning: An unbatched P2P op (send/recv) was called on this ProcessGroup with size 8.  In lazy initialization mode, this will result in a new 2-rank NCCL communicator to be created. (function operator())
[36m(WorkerDict pid=3667368)[0m [rank3]:[W910 23:11:16.676135372 ProcessGroupNCCL.cpp:4094] Warning: An unbatched P2P op (send/recv) was called on this ProcessGroup with size 8.  In lazy initialization mode, this will result in a new 2-rank NCCL communicator to be created. (function operator())
[36m(WorkerDict pid=3667372)[0m [rank7]:[W910 23:11:16.675824792 ProcessGroupNCCL.cpp:4094] Warning: An unbatched P2P op (send/recv) was called on this ProcessGroup with size 8.  In lazy initialization mode, this will result in a new 2-rank NCCL communicator to be created. (function operator())
[36m(WorkerDict pid=3667365)[0m [rank0]:[W910 23:11:16.424406046 ProcessGroupNCCL.cpp:4094] Warning: An unbatched P2P op (send/recv) was called on this ProcessGroup with size 8.  In lazy initialization mode, this will result in a new 2-rank NCCL communicator to be created. (function operator())
[36m(WorkerDict pid=3667369)[0m [rank4]:[W910 23:11:16.423509596 ProcessGroupNCCL.cpp:4094] Warning: An unbatched P2P op (send/recv) was called on this ProcessGroup with size 8.  In lazy initialization mode, this will result in a new 2-rank NCCL communicator to be created. (function operator())
[36m(WorkerDict pid=3667370)[0m [rank5]:[W910 23:11:18.246459621 ProcessGroupNCCL.cpp:4094] Warning: An unbatched P2P op (send/recv) was called on this ProcessGroup with size 8.  In lazy initialization mode, this will result in a new 2-rank NCCL communicator to be created. (function operator())
[36m(WorkerDict pid=3667366)[0m [rank1]:[W910 23:11:18.246453491 ProcessGroupNCCL.cpp:4094] Warning: An unbatched P2P op (send/recv) was called on this ProcessGroup with size 8.  In lazy initialization mode, this will result in a new 2-rank NCCL communicator to be created. (function operator())
[36m(WorkerDict pid=3667371)[0m WARNING:2026-09-10 23:11:20,870:VERL_RESPONSE_ONLY_LM_HEAD_PROFILE {"active_ratio": 0.0, "actual_logits_bytes": 0, "allocated_before_bytes": 17547892736, "backend": "fused", "calculate_entropy": true, "calculate_sum_pi_squared": false, "context_parallel_size": 2, "data_format": "thd", "dense_logits_bytes": 0, "dense_rows": 10184, "distillation_only": false, "elapsed_s": 0.005731793004088104, "element_size": 0, "entropy_from_logits_chunk_size": 2048, "entropy_from_logits_with_chunking": false, "event_id": 33, "logits_dtype": "none", "logits_saved_bytes": 0, "peak_allocated_bytes": 17631446016, "peak_increment_bytes": 83553280, "pipeline_parallel_size": 2, "projected_rows": 1, "rank": 6, "response_only_enabled": true, "role": "actor", "selected_rows": 0, "tensor_parallel_size": 2, "vocab_shard": 75968}
[36m(WorkerDict pid=3667372)[0m WARNING:2026-09-10 23:11:20,870:VERL_RESPONSE_ONLY_LM_HEAD_PROFILE {"active_ratio": 0.0, "actual_logits_bytes": 0, "allocated_before_bytes": 17547892736, "backend": "fused", "calculate_entropy": true, "calculate_sum_pi_squared": false, "context_parallel_size": 2, "data_format": "thd", "dense_logits_bytes": 0, "dense_rows": 10184, "distillation_only": false, "elapsed_s": 0.005646042060106993, "element_size": 0, "entropy_from_logits_chunk_size": 2048, "entropy_from_logits_with_chunking": false, "event_id": 33, "logits_dtype": "none", "logits_saved_bytes": 0, "peak_allocated_bytes": 17631446016, "peak_increment_bytes": 83553280, "pipeline_parallel_size": 2, "projected_rows": 1, "rank": 7, "response_only_enabled": true, "role": "actor", "selected_rows": 0, "tensor_parallel_size": 2, "vocab_shard": 75968}
[36m(WorkerDict pid=3667368)[0m /opt/dev/lib/python3.12/site-packages/torch/autograd/graph.py:869: UserWarning: The AccumulateGrad node's stream does not match the stream of the node that produced the incoming gradient. This may incur unnecessary synchronization and break CUDA graph capture if the AccumulateGrad node's stream is the default stream. This mismatch is caused by an AccumulateGrad node created prior to the current iteration being kept alive. This can happen if the autograd graph is still being kept alive by tensors such as the loss, or if you are using DDP, which will stash a reference to the node. To resolve the mismatch, delete all references to the autograd graph or ensure that DDP initialization is performed under the same stream as subsequent forwards. If the mismatch is intentional, you can use torch.autograd.graph.set_warn_on_accumulate_grad_stream_mismatch(False) to suppress this warning. (Triggered internally at /pytorch/torch/csrc/autograd/input_buffer.cpp:240.)
[36m(WorkerDict pid=3667368)[0m   return Variable._execution_engine.run_backward(  # Calls into the C++ engine to run the backward pass
[36m(WorkerDict pid=3667368)[0m /opt/dev/lib/python3.12/site-packages/torch/autograd/graph.py:869: UserWarning: c10d::broadcast_: an autograd kernel was not registered to the Autograd key(s) but we are trying to backprop through it. This may lead to silently incorrect behavior. This behavior is deprecated and will be removed in a future version of PyTorch. If your operator is differentiable, please ensure you have registered an autograd kernel to the correct Autograd key (e.g. DispatchKey::Autograd, DispatchKey::CompositeImplicitAutograd). If your operator is not differentiable, or to squash this warning and use the previous behavior, please register torch::CppFunction::makeFallthrough() to DispatchKey::Autograd. (Triggered internally at /pytorch/torch/csrc/autograd/autograd_not_implemented_fallback.cpp:76.)
[36m(WorkerDict pid=3667368)[0m   return Variable._execution_engine.run_backward(  # Calls into the C++ engine to run the backward pass
[36m(WorkerDict pid=3667367)[0m /opt/dev/lib/python3.12/site-packages/torch/autograd/graph.py:869: UserWarning: The AccumulateGrad node's stream does not match the stream of the node that produced the incoming gradient. This may incur unnecessary synchronization and break CUDA graph capture if the AccumulateGrad node's stream is the default stream. This mismatch is caused by an AccumulateGrad node created prior to the current iteration being kept alive. This can happen if the autograd graph is still being kept alive by tensors such as the loss, or if you are using DDP, which will stash a reference to the node. To resolve the mismatch, delete all references to the autograd graph or ensure that DDP initialization is performed under the same stream as subsequent forwards. If the mismatch is intentional, you can use torch.autograd.graph.set_warn_on_accumulate_grad_stream_mismatch(False) to suppress this warning. (Triggered internally at /pytorch/torch/csrc/autograd/input_buffer.cpp:240.)
[36m(WorkerDict pid=3667367)[0m   return Variable._execution_engine.run_backward(  # Calls into the C++ engine to run the backward pass
[36m(WorkerDict pid=3667367)[0m /opt/dev/lib/python3.12/site-packages/torch/autograd/graph.py:869: UserWarning: c10d::broadcast_: an autograd kernel was not registered to the Autograd key(s) but we are trying to backprop through it. This may lead to silently incorrect behavior. This behavior is deprecated and will be removed in a future version of PyTorch. If your operator is differentiable, please ensure you have registered an autograd kernel to the correct Autograd key (e.g. DispatchKey::Autograd, DispatchKey::CompositeImplicitAutograd). If your operator is not differentiable, or to squash this warning and use the previous behavior, please register torch::CppFunction::makeFallthrough() to DispatchKey::Autograd. (Triggered internally at /pytorch/torch/csrc/autograd/autograd_not_implemented_fallback.cpp:76.)
[36m(WorkerDict pid=3667367)[0m   return Variable._execution_engine.run_backward(  # Calls into the C++ engine to run the backward pass
[36m(WorkerDict pid=3667365)[0m /opt/dev/lib/python3.12/site-packages/torch/autograd/graph.py:869: UserWarning: The AccumulateGrad node's stream does not match the stream of the node that produced the incoming gradient. This may incur unnecessary synchronization and break CUDA graph capture if the AccumulateGrad node's stream is the default stream. This mismatch is caused by an AccumulateGrad node created prior to the current iteration being kept alive. This can happen if the autograd graph is still being kept alive by tensors such as the loss, or if you are using DDP, which will stash a reference to the node. To resolve the mismatch, delete all references to the autograd graph or ensure that DDP initialization is performed under the same stream as subsequent forwards. If the mismatch is intentional, you can use torch.autograd.graph.set_warn_on_accumulate_grad_stream_mismatch(False) to suppress this warning. (Triggered internally at /pytorch/torch/csrc/autograd/input_buffer.cpp:240.)
[36m(WorkerDict pid=3667365)[0m   return Variable._execution_engine.run_backward(  # Calls into the C++ engine to run the backward pass
[36m(WorkerDict pid=3667365)[0m /opt/dev/lib/python3.12/site-packages/torch/autograd/graph.py:869: UserWarning: c10d::broadcast_: an autograd kernel was not registered to the Autograd key(s) but we are trying to backprop through it. This may lead to silently incorrect behavior. This behavior is deprecated and will be removed in a future version of PyTorch. If your operator is differentiable, please ensure you have registered an autograd kernel to the correct Autograd key (e.g. DispatchKey::Autograd, DispatchKey::CompositeImplicitAutograd). If your operator is not differentiable, or to squash this warning and use the previous behavior, please register torch::CppFunction::makeFallthrough() to DispatchKey::Autograd. (Triggered internally at /pytorch/torch/csrc/autograd/autograd_not_implemented_fallback.cpp:76.)
[36m(WorkerDict pid=3667365)[0m   return Variable._execution_engine.run_backward(  # Calls into the C++ engine to run the backward pass
[36m(WorkerDict pid=3667370)[0m WARNING:2026-09-10 23:11:20,996:VERL_RESPONSE_ONLY_LM_HEAD_PROFILE {"active_ratio": 0.40219952867242736, "actual_logits_bytes": 0, "allocated_before_bytes": 17547892736, "backend": "fused", "calculate_entropy": true, "calculate_sum_pi_squared": false, "context_parallel_size": 2, "data_format": "thd", "dense_logits_bytes": 0, "dense_rows": 10184, "distillation_only": false, "elapsed_s": 0.12954182806424797, "element_size": 0, "entropy_from_logits_chunk_size": 2048, "entropy_from_logits_with_chunking": false, "event_id": 33, "logits_dtype": "none", "logits_saved_bytes": 0, "peak_allocated_bytes": 17664940032, "peak_increment_bytes": 117047296, "pipeline_parallel_size": 2, "projected_rows": 4096, "rank": 5, "response_only_enabled": true, "role": "actor", "selected_rows": 4096, "tensor_parallel_size": 2, "vocab_shard": 75968}
[36m(WorkerDict pid=3667366)[0m /opt/dev/lib/python3.12/site-packages/torch/autograd/graph.py:869: UserWarning: The AccumulateGrad node's stream does not match the stream of the node that produced the incoming gradient. This may incur unnecessary synchronization and break CUDA graph capture if the AccumulateGrad node's stream is the default stream. This mismatch is caused by an AccumulateGrad node created prior to the current iteration being kept alive. This can happen if the autograd graph is still being kept alive by tensors such as the loss, or if you are using DDP, which will stash a reference to the node. To resolve the mismatch, delete all references to the autograd graph or ensure that DDP initialization is performed under the same stream as subsequent forwards. If the mismatch is intentional, you can use torch.autograd.graph.set_warn_on_accumulate_grad_stream_mismatch(False) to suppress this warning. (Triggered internally at /pytorch/torch/csrc/autograd/input_buffer.cpp:240.)
[36m(WorkerDict pid=3667366)[0m   return Variable._execution_engine.run_backward(  # Calls into the C++ engine to run the backward pass
[36m(WorkerDict pid=3667366)[0m /opt/dev/lib/python3.12/site-packages/torch/autograd/graph.py:869: UserWarning: c10d::broadcast_: an autograd kernel was not registered to the Autograd key(s) but we are trying to backprop through it. This may lead to silently incorrect behavior. This behavior is deprecated and will be removed in a future version of PyTorch. If your operator is differentiable, please ensure you have registered an autograd kernel to the correct Autograd key (e.g. DispatchKey::Autograd, DispatchKey::CompositeImplicitAutograd). If your operator is not differentiable, or to squash this warning and use the previous behavior, please register torch::CppFunction::makeFallthrough() to DispatchKey::Autograd. (Triggered internally at /pytorch/torch/csrc/autograd/autograd_not_implemented_fallback.cpp:76.)
[36m(WorkerDict pid=3667366)[0m   return Variable._execution_engine.run_backward(  # Calls into the C++ engine to run the backward pass
[36m(WorkerDict pid=3667368)[0m /opt/Megatron-Bridge/3rdparty/Megatron-LM/megatron/core/pipeline_parallel/schedules.py:211: UserWarning: c10d::broadcast_: an autograd kernel was not registered to the Autograd key(s) but we are trying to backprop through it. This may lead to silently incorrect behavior. This behavior is deprecated and will be removed in a future version of PyTorch. If your operator is differentiable, please ensure you have registered an autograd kernel to the correct Autograd key (e.g. DispatchKey::Autograd, DispatchKey::CompositeImplicitAutograd). If your operator is not differentiable, or to squash this warning and use the previous behavior, please register torch::CppFunction::makeFallthrough() to DispatchKey::Autograd. (Triggered internally at /pytorch/torch/csrc/autograd/autograd_not_implemented_fallback.cpp:76.)
[36m(WorkerDict pid=3667368)[0m   Variable._execution_engine.run_backward(
[36m(WorkerDict pid=3667367)[0m /opt/Megatron-Bridge/3rdparty/Megatron-LM/megatron/core/pipeline_parallel/schedules.py:211: UserWarning: c10d::broadcast_: an autograd kernel was not registered to the Autograd key(s) but we are trying to backprop through it. This may lead to silently incorrect behavior. This behavior is deprecated and will be removed in a future version of PyTorch. If your operator is differentiable, please ensure you have registered an autograd kernel to the correct Autograd key (e.g. DispatchKey::Autograd, DispatchKey::CompositeImplicitAutograd). If your operator is not differentiable, or to squash this warning and use the previous behavior, please register torch::CppFunction::makeFallthrough() to DispatchKey::Autograd. (Triggered internally at /pytorch/torch/csrc/autograd/autograd_not_implemented_fallback.cpp:76.)
[36m(WorkerDict pid=3667367)[0m   Variable._execution_engine.run_backward(
[36m(WorkerDict pid=3667365)[0m /opt/Megatron-Bridge/3rdparty/Megatron-LM/megatron/core/pipeline_parallel/schedules.py:211: UserWarning: c10d::broadcast_: an autograd kernel was not registered to the Autograd key(s) but we are trying to backprop through it. This may lead to silently incorrect behavior. This behavior is deprecated and will be removed in a future version of PyTorch. If your operator is differentiable, please ensure you have registered an autograd kernel to the correct Autograd key (e.g. DispatchKey::Autograd, DispatchKey::CompositeImplicitAutograd). If your operator is not differentiable, or to squash this warning and use the previous behavior, please register torch::CppFunction::makeFallthrough() to DispatchKey::Autograd. (Triggered internally at /pytorch/torch/csrc/autograd/autograd_not_implemented_fallback.cpp:76.)
[36m(WorkerDict pid=3667365)[0m   Variable._execution_engine.run_backward(
[36m(WorkerDict pid=3667366)[0m /opt/Megatron-Bridge/3rdparty/Megatron-LM/megatron/core/pipeline_parallel/schedules.py:211: UserWarning: c10d::broadcast_: an autograd kernel was not registered to the Autograd key(s) but we are trying to backprop through it. This may lead to silently incorrect behavior. This behavior is deprecated and will be removed in a future version of PyTorch. If your operator is differentiable, please ensure you have registered an autograd kernel to the correct Autograd key (e.g. DispatchKey::Autograd, DispatchKey::CompositeImplicitAutograd). If your operator is not differentiable, or to squash this warning and use the previous behavior, please register torch::CppFunction::makeFallthrough() to DispatchKey::Autograd. (Triggered internally at /pytorch/torch/csrc/autograd/autograd_not_implemented_fallback.cpp:76.)
[36m(WorkerDict pid=3667366)[0m   Variable._execution_engine.run_backward(
[36m(WorkerDict pid=3667371)[0m WARNING:2026-09-10 23:11:22,543:VERL_RESPONSE_ONLY_LM_HEAD_PROFILE {"active_ratio": 0.0, "actual_logits_bytes": 0, "allocated_before_bytes": 17589771776, "backend": "fused", "calculate_entropy": true, "calculate_sum_pi_squared": false, "context_parallel_size": 2, "data_format": "thd", "dense_logits_bytes": 0, "dense_rows": 10184, "distillation_only": false, "elapsed_s": 0.00569660309702158, "element_size": 0, "entropy_from_logits_chunk_size": 2048, "entropy_from_logits_with_chunking": false, "event_id": 34, "logits_dtype": "none", "logits_saved_bytes": 0, "peak_allocated_bytes": 17673325056, "peak_increment_bytes": 83553280, "pipeline_parallel_size": 2, "projected_rows": 1, "rank": 6, "response_only_enabled": true, "role": "actor", "selected_rows": 0, "tensor_parallel_size": 2, "vocab_shard": 75968}
[36m(WorkerDict pid=3667372)[0m WARNING:2026-09-10 23:11:22,543:VERL_RESPONSE_ONLY_LM_HEAD_PROFILE {"active_ratio": 0.0, "actual_logits_bytes": 0, "allocated_before_bytes": 17589771776, "backend": "fused", "calculate_entropy": true, "calculate_sum_pi_squared": false, "context_parallel_size": 2, "data_format": "thd", "dense_logits_bytes": 0, "dense_rows": 10184, "distillation_only": false, "elapsed_s": 0.005719952983781695, "element_size": 0, "entropy_from_logits_chunk_size": 2048, "entropy_from_logits_with_chunking": false, "event_id": 34, "logits_dtype": "none", "logits_saved_bytes": 0, "peak_allocated_bytes": 17673325056, "peak_increment_bytes": 83553280, "pipeline_parallel_size": 2, "projected_rows": 1, "rank": 7, "response_only_enabled": true, "role": "actor", "selected_rows": 0, "tensor_parallel_size": 2, "vocab_shard": 75968}
[36m(WorkerDict pid=3667370)[0m WARNING:2026-09-10 23:11:22,668:VERL_RESPONSE_ONLY_LM_HEAD_PROFILE {"active_ratio": 0.40219952867242736, "actual_logits_bytes": 0, "allocated_before_bytes": 17589771776, "backend": "fused", "calculate_entropy": true, "calculate_sum_pi_squared": false, "context_parallel_size": 2, "data_format": "thd", "dense_logits_bytes": 0, "dense_rows": 10184, "distillation_only": false, "elapsed_s": 0.1307185289915651, "element_size": 0, "entropy_from_logits_chunk_size": 2048, "entropy_from_logits_with_chunking": false, "event_id": 34, "logits_dtype": "none", "logits_saved_bytes": 0, "peak_allocated_bytes": 17706819072, "peak_increment_bytes": 117047296, "pipeline_parallel_size": 2, "projected_rows": 4096, "rank": 5, "response_only_enabled": true, "role": "actor", "selected_rows": 4096, "tensor_parallel_size": 2, "vocab_shard": 75968}
[36m(WorkerDict pid=3667371)[0m WARNING:2026-09-10 23:11:24,037:VERL_RESPONSE_ONLY_LM_HEAD_PROFILE {"active_ratio": 0.0, "actual_logits_bytes": 0, "allocated_before_bytes": 17631650816, "backend": "fused", "calculate_entropy": true, "calculate_sum_pi_squared": false, "context_parallel_size": 2, "data_format": "thd", "dense_logits_bytes": 0, "dense_rows": 10184, "distillation_only": false, "elapsed_s": 0.00561366300098598, "element_size": 0, "entropy_from_logits_chunk_size": 2048, "entropy_from_logits_with_chunking": false, "event_id": 35, "logits_dtype": "none", "logits_saved_bytes": 0, "peak_allocated_bytes": 17715204096, "peak_increment_bytes": 83553280, "pipeline_parallel_size": 2, "projected_rows": 1, "rank": 6, "response_only_enabled": true, "role": "actor", "selected_rows": 0, "tensor_parallel_size": 2, "vocab_shard": 75968}
[36m(WorkerDict pid=3667372)[0m WARNING:2026-09-10 23:11:24,037:VERL_RESPONSE_ONLY_LM_HEAD_PROFILE {"active_ratio": 0.0, "actual_logits_bytes": 0, "allocated_before_bytes": 17631650816, "backend": "fused", "calculate_entropy": true, "calculate_sum_pi_squared": false, "context_parallel_size": 2, "data_format": "thd", "dense_logits_bytes": 0, "dense_rows": 10184, "distillation_only": false, "elapsed_s": 0.0056217730743810534, "element_size": 0, "entropy_from_logits_chunk_size": 2048, "entropy_from_logits_with_chunking": false, "event_id": 35, "logits_dtype": "none", "logits_saved_bytes": 0, "peak_allocated_bytes": 17715204096, "peak_increment_bytes": 83553280, "pipeline_parallel_size": 2, "projected_rows": 1, "rank": 7, "response_only_enabled": true, "role": "actor", "selected_rows": 0, "tensor_parallel_size": 2, "vocab_shard": 75968}
[36m(WorkerDict pid=3667370)[0m WARNING:2026-09-10 23:11:24,162:VERL_RESPONSE_ONLY_LM_HEAD_PROFILE {"active_ratio": 0.40219952867242736, "actual_logits_bytes": 0, "allocated_before_bytes": 17631650816, "backend": "fused", "calculate_entropy": true, "calculate_sum_pi_squared": false, "context_parallel_size": 2, "data_format": "thd", "dense_logits_bytes": 0, "dense_rows": 10184, "distillation_only": false, "elapsed_s": 0.1301277979509905, "element_size": 0, "entropy_from_logits_chunk_size": 2048, "entropy_from_logits_with_chunking": false, "event_id": 35, "logits_dtype": "none", "logits_saved_bytes": 0, "peak_allocated_bytes": 17748698112, "peak_increment_bytes": 117047296, "pipeline_parallel_size": 2, "projected_rows": 4096, "rank": 5, "response_only_enabled": true, "role": "actor", "selected_rows": 4096, "tensor_parallel_size": 2, "vocab_shard": 75968}
[36m(WorkerDict pid=3667371)[0m WARNING:2026-09-10 23:11:39,167:VERL_RESPONSE_ONLY_LM_HEAD_PROFILE {"active_ratio": 0.0, "actual_logits_bytes": 0, "allocated_before_bytes": 25673444864, "backend": "fused", "calculate_entropy": true, "calculate_sum_pi_squared": false, "context_parallel_size": 2, "data_format": "thd", "dense_logits_bytes": 0, "dense_rows": 9896, "distillation_only": false, "elapsed_s": 0.0056370520032942295, "element_size": 0, "entropy_from_logits_chunk_size": 2048, "entropy_from_logits_with_chunking": false, "event_id": 36, "logits_dtype": "none", "logits_saved_bytes": 0, "peak_allocated_bytes": 25754635776, "peak_increment_bytes": 81190912, "pipeline_parallel_size": 2, "projected_rows": 1, "rank": 6, "response_only_enabled": true, "role": "actor", "selected_rows": 0, "tensor_parallel_size": 2, "vocab_shard": 75968}
[36m(WorkerDict pid=3667372)[0m WARNING:2026-09-10 23:11:39,167:VERL_RESPONSE_ONLY_LM_HEAD_PROFILE {"active_ratio": 0.0, "actual_logits_bytes": 0, "allocated_before_bytes": 25673444864, "backend": "fused", "calculate_entropy": true, "calculate_sum_pi_squared": false, "context_parallel_size": 2, "data_format": "thd", "dense_logits_bytes": 0, "dense_rows": 9896, "distillation_only": false, "elapsed_s": 0.005505471955984831, "element_size": 0, "entropy_from_logits_chunk_size": 2048, "entropy_from_logits_with_chunking": false, "event_id": 36, "logits_dtype": "none", "logits_saved_bytes": 0, "peak_allocated_bytes": 25754635776, "peak_increment_bytes": 81190912, "pipeline_parallel_size": 2, "projected_rows": 1, "rank": 7, "response_only_enabled": true, "role": "actor", "selected_rows": 0, "tensor_parallel_size": 2, "vocab_shard": 75968}
[36m(WorkerDict pid=3667370)[0m WARNING:2026-09-10 23:11:39,292:VERL_RESPONSE_ONLY_LM_HEAD_PROFILE {"active_ratio": 0.41390460792239286, "actual_logits_bytes": 0, "allocated_before_bytes": 25673444864, "backend": "fused", "calculate_entropy": true, "calculate_sum_pi_squared": false, "context_parallel_size": 2, "data_format": "thd", "dense_logits_bytes": 0, "dense_rows": 9896, "distillation_only": false, "elapsed_s": 0.1300046679098159, "element_size": 0, "entropy_from_logits_chunk_size": 2048, "entropy_from_logits_with_chunking": false, "event_id": 36, "logits_dtype": "none", "logits_saved_bytes": 0, "peak_allocated_bytes": 25788132864, "peak_increment_bytes": 114688000, "pipeline_parallel_size": 2, "projected_rows": 4096, "rank": 5, "response_only_enabled": true, "role": "actor", "selected_rows": 4096, "tensor_parallel_size": 2, "vocab_shard": 75968}
[36m(WorkerDict pid=3667371)[0m WARNING:2026-09-10 23:11:40,621:VERL_RESPONSE_ONLY_LM_HEAD_PROFILE {"active_ratio": 0.0, "actual_logits_bytes": 0, "allocated_before_bytes": 25714139648, "backend": "fused", "calculate_entropy": true, "calculate_sum_pi_squared": false, "context_parallel_size": 2, "data_format": "thd", "dense_logits_bytes": 0, "dense_rows": 9896, "distillation_only": false, "elapsed_s": 0.005604682024568319, "element_size": 0, "entropy_from_logits_chunk_size": 2048, "entropy_from_logits_with_chunking": false, "event_id": 37, "logits_dtype": "none", "logits_saved_bytes": 0, "peak_allocated_bytes": 25795330560, "peak_increment_bytes": 81190912, "pipeline_parallel_size": 2, "projected_rows": 1, "rank": 6, "response_only_enabled": true, "role": "actor", "selected_rows": 0, "tensor_parallel_size": 2, "vocab_shard": 75968}
[36m(WorkerDict pid=3667372)[0m WARNING:2026-09-10 23:11:40,621:VERL_RESPONSE_ONLY_LM_HEAD_PROFILE {"active_ratio": 0.0, "actual_logits_bytes": 0, "allocated_before_bytes": 25714139648, "backend": "fused", "calculate_entropy": true, "calculate_sum_pi_squared": false, "context_parallel_size": 2, "data_format": "thd", "dense_logits_bytes": 0, "dense_rows": 9896, "distillation_only": false, "elapsed_s": 0.005588572006672621, "element_size": 0, "entropy_from_logits_chunk_size": 2048, "entropy_from_logits_with_chunking": false, "event_id": 37, "logits_dtype": "none", "logits_saved_bytes": 0, "peak_allocated_bytes": 25795330560, "peak_increment_bytes": 81190912, "pipeline_parallel_size": 2, "projected_rows": 1, "rank": 7, "response_only_enabled": true, "role": "actor", "selected_rows": 0, "tensor_parallel_size": 2, "vocab_shard": 75968}
[36m(WorkerDict pid=3667370)[0m WARNING:2026-09-10 23:11:40,746:VERL_RESPONSE_ONLY_LM_HEAD_PROFILE {"active_ratio": 0.41390460792239286, "actual_logits_bytes": 0, "allocated_before_bytes": 25714139648, "backend": "fused", "calculate_entropy": true, "calculate_sum_pi_squared": false, "context_parallel_size": 2, "data_format": "thd", "dense_logits_bytes": 0, "dense_rows": 9896, "distillation_only": false, "elapsed_s": 0.13017841801047325, "element_size": 0, "entropy_from_logits_chunk_size": 2048, "entropy_from_logits_with_chunking": false, "event_id": 37, "logits_dtype": "none", "logits_saved_bytes": 0, "peak_allocated_bytes": 25828827648, "peak_increment_bytes": 114688000, "pipeline_parallel_size": 2, "projected_rows": 4096, "rank": 5, "response_only_enabled": true, "role": "actor", "selected_rows": 4096, "tensor_parallel_size": 2, "vocab_shard": 75968}
[36m(WorkerDict pid=3667371)[0m WARNING:2026-09-10 23:11:42,075:VERL_RESPONSE_ONLY_LM_HEAD_PROFILE {"active_ratio": 0.0, "actual_logits_bytes": 0, "allocated_before_bytes": 25754833920, "backend": "fused", "calculate_entropy": true, "calculate_sum_pi_squared": false, "context_parallel_size": 2, "data_format": "thd", "dense_logits_bytes": 0, "dense_rows": 9896, "distillation_only": false, "elapsed_s": 0.005602771998383105, "element_size": 0, "entropy_from_logits_chunk_size": 2048, "entropy_from_logits_with_chunking": false, "event_id": 38, "logits_dtype": "none", "logits_saved_bytes": 0, "peak_allocated_bytes": 25836024832, "peak_increment_bytes": 81190912, "pipeline_parallel_size": 2, "projected_rows": 1, "rank": 6, "response_only_enabled": true, "role": "actor", "selected_rows": 0, "tensor_parallel_size": 2, "vocab_shard": 75968}
[36m(WorkerDict pid=3667372)[0m WARNING:2026-09-10 23:11:42,075:VERL_RESPONSE_ONLY_LM_HEAD_PROFILE {"active_ratio": 0.0, "actual_logits_bytes": 0, "allocated_before_bytes": 25754833920, "backend": "fused", "calculate_entropy": true, "calculate_sum_pi_squared": false, "context_parallel_size": 2, "data_format": "thd", "dense_logits_bytes": 0, "dense_rows": 9896, "distillation_only": false, "elapsed_s": 0.005642552045173943, "element_size": 0, "entropy_from_logits_chunk_size": 2048, "entropy_from_logits_with_chunking": false, "event_id": 38, "logits_dtype": "none", "logits_saved_bytes": 0, "peak_allocated_bytes": 25836024832, "peak_increment_bytes": 81190912, "pipeline_parallel_size": 2, "projected_rows": 1, "rank": 7, "response_only_enabled": true, "role": "actor", "selected_rows": 0, "tensor_parallel_size": 2, "vocab_shard": 75968}
[36m(WorkerDict pid=3667370)[0m WARNING:2026-09-10 23:11:42,200:VERL_RESPONSE_ONLY_LM_HEAD_PROFILE {"active_ratio": 0.41390460792239286, "actual_logits_bytes": 0, "allocated_before_bytes": 25754833920, "backend": "fused", "calculate_entropy": true, "calculate_sum_pi_squared": false, "context_parallel_size": 2, "data_format": "thd", "dense_logits_bytes": 0, "dense_rows": 9896, "distillation_only": false, "elapsed_s": 0.13070858805440366, "element_size": 0, "entropy_from_logits_chunk_size": 2048, "entropy_from_logits_with_chunking": false, "event_id": 38, "logits_dtype": "none", "logits_saved_bytes": 0, "peak_allocated_bytes": 25869521920, "peak_increment_bytes": 114688000, "pipeline_parallel_size": 2, "projected_rows": 4096, "rank": 5, "response_only_enabled": true, "role": "actor", "selected_rows": 4096, "tensor_parallel_size": 2, "vocab_shard": 75968}
[36m(WorkerDict pid=3667371)[0m WARNING:2026-09-10 23:11:43,531:VERL_RESPONSE_ONLY_LM_HEAD_PROFILE {"active_ratio": 0.0, "actual_logits_bytes": 0, "allocated_before_bytes": 25795528192, "backend": "fused", "calculate_entropy": true, "calculate_sum_pi_squared": false, "context_parallel_size": 2, "data_format": "thd", "dense_logits_bytes": 0, "dense_rows": 9896, "distillation_only": false, "elapsed_s": 0.005755511927418411, "element_size": 0, "entropy_from_logits_chunk_size": 2048, "entropy_from_logits_with_chunking": false, "event_id": 39, "logits_dtype": "none", "logits_saved_bytes": 0, "peak_allocated_bytes": 25876719104, "peak_increment_bytes": 81190912, "pipeline_parallel_size": 2, "projected_rows": 1, "rank": 6, "response_only_enabled": true, "role": "actor", "selected_rows": 0, "tensor_parallel_size": 2, "vocab_shard": 75968}
[36m(WorkerDict pid=3667372)[0m WARNING:2026-09-10 23:11:43,531:VERL_RESPONSE_ONLY_LM_HEAD_PROFILE {"active_ratio": 0.0, "actual_logits_bytes": 0, "allocated_before_bytes": 25795528192, "backend": "fused", "calculate_entropy": true, "calculate_sum_pi_squared": false, "context_parallel_size": 2, "data_format": "thd", "dense_logits_bytes": 0, "dense_rows": 9896, "distillation_only": false, "elapsed_s": 0.005599062074907124, "element_size": 0, "entropy_from_logits_chunk_size": 2048, "entropy_from_logits_with_chunking": false, "event_id": 39, "logits_dtype": "none", "logits_saved_bytes": 0, "peak_allocated_bytes": 25876719104, "peak_increment_bytes": 81190912, "pipeline_parallel_size": 2, "projected_rows": 1, "rank": 7, "response_only_enabled": true, "role": "actor", "selected_rows": 0, "tensor_parallel_size": 2, "vocab_shard": 75968}
[36m(WorkerDict pid=3667370)[0m WARNING:2026-09-10 23:11:43,657:VERL_RESPONSE_ONLY_LM_HEAD_PROFILE {"active_ratio": 0.41390460792239286, "actual_logits_bytes": 0, "allocated_before_bytes": 25795528192, "backend": "fused", "calculate_entropy": true, "calculate_sum_pi_squared": false, "context_parallel_size": 2, "data_format": "thd", "dense_logits_bytes": 0, "dense_rows": 9896, "distillation_only": false, "elapsed_s": 0.13109646900556982, "element_size": 0, "entropy_from_logits_chunk_size": 2048, "entropy_from_logits_with_chunking": false, "event_id": 39, "logits_dtype": "none", "logits_saved_bytes": 0, "peak_allocated_bytes": 25910216192, "peak_increment_bytes": 114688000, "pipeline_parallel_size": 2, "projected_rows": 4096, "rank": 5, "response_only_enabled": true, "role": "actor", "selected_rows": 4096, "tensor_parallel_size": 2, "vocab_shard": 75968}
[36m(WorkerDict pid=3667371)[0m WARNING:2026-09-10 23:11:46,275:VERL_RESPONSE_ONLY_LM_HEAD_PROFILE {"active_ratio": 0.0, "actual_logits_bytes": 0, "allocated_before_bytes": 25697064960, "backend": "fused", "calculate_entropy": true, "calculate_sum_pi_squared": false, "context_parallel_size": 2, "data_format": "thd", "dense_logits_bytes": 0, "dense_rows": 10184, "distillation_only": false, "elapsed_s": 0.005772643024101853, "element_size": 0, "entropy_from_logits_chunk_size": 2048, "entropy_from_logits_with_chunking": false, "event_id": 40, "logits_dtype": "none", "logits_saved_bytes": 0, "peak_allocated_bytes": 25780618240, "peak_increment_bytes": 83553280, "pipeline_parallel_size": 2, "projected_rows": 1, "rank": 6, "response_only_enabled": true, "role": "actor", "selected_rows": 0, "tensor_parallel_size": 2, "vocab_shard": 75968}
[36m(WorkerDict pid=3667372)[0m WARNING:2026-09-10 23:11:46,275:VERL_RESPONSE_ONLY_LM_HEAD_PROFILE {"active_ratio": 0.0, "actual_logits_bytes": 0, "allocated_before_bytes": 25697064960, "backend": "fused", "calculate_entropy": true, "calculate_sum_pi_squared": false, "context_parallel_size": 2, "data_format": "thd", "dense_logits_bytes": 0, "dense_rows": 10184, "distillation_only": false, "elapsed_s": 0.0059165830025449395, "element_size": 0, "entropy_from_logits_chunk_size": 2048, "entropy_from_logits_with_chunking": false, "event_id": 40, "logits_dtype": "none", "logits_saved_bytes": 0, "peak_allocated_bytes": 25780618240, "peak_increment_bytes": 83553280, "pipeline_parallel_size": 2, "projected_rows": 1, "rank": 7, "response_only_enabled": true, "role": "actor", "selected_rows": 0, "tensor_parallel_size": 2, "vocab_shard": 75968}
[36m(WorkerDict pid=3667370)[0m WARNING:2026-09-10 23:11:46,400:VERL_RESPONSE_ONLY_LM_HEAD_PROFILE {"active_ratio": 0.40219952867242736, "actual_logits_bytes": 0, "allocated_before_bytes": 25697064960, "backend": "fused", "calculate_entropy": true, "calculate_sum_pi_squared": false, "context_parallel_size": 2, "data_format": "thd", "dense_logits_bytes": 0, "dense_rows": 10184, "distillation_only": false, "elapsed_s": 0.13103163905907422, "element_size": 0, "entropy_from_logits_chunk_size": 2048, "entropy_from_logits_with_chunking": false, "event_id": 40, "logits_dtype": "none", "logits_saved_bytes": 0, "peak_allocated_bytes": 25814112256, "peak_increment_bytes": 117047296, "pipeline_parallel_size": 2, "projected_rows": 4096, "rank": 5, "response_only_enabled": true, "role": "actor", "selected_rows": 4096, "tensor_parallel_size": 2, "vocab_shard": 75968}
[36m(WorkerDict pid=3667371)[0m WARNING:2026-09-10 23:11:47,769:VERL_RESPONSE_ONLY_LM_HEAD_PROFILE {"active_ratio": 0.0, "actual_logits_bytes": 0, "allocated_before_bytes": 25738944512, "backend": "fused", "calculate_entropy": true, "calculate_sum_pi_squared": false, "context_parallel_size": 2, "data_format": "thd", "dense_logits_bytes": 0, "dense_rows": 10184, "distillation_only": false, "elapsed_s": 0.005594472982920706, "element_size": 0, "entropy_from_logits_chunk_size": 2048, "entropy_from_logits_with_chunking": false, "event_id": 41, "logits_dtype": "none", "logits_saved_bytes": 0, "peak_allocated_bytes": 25822497792, "peak_increment_bytes": 83553280, "pipeline_parallel_size": 2, "projected_rows": 1, "rank": 6, "response_only_enabled": true, "role": "actor", "selected_rows": 0, "tensor_parallel_size": 2, "vocab_shard": 75968}
[36m(WorkerDict pid=3667372)[0m WARNING:2026-09-10 23:11:47,769:VERL_RESPONSE_ONLY_LM_HEAD_PROFILE {"active_ratio": 0.0, "actual_logits_bytes": 0, "allocated_before_bytes": 25738944512, "backend": "fused", "calculate_entropy": true, "calculate_sum_pi_squared": false, "context_parallel_size": 2, "data_format": "thd", "dense_logits_bytes": 0, "dense_rows": 10184, "distillation_only": false, "elapsed_s": 0.005682713002897799, "element_size": 0, "entropy_from_logits_chunk_size": 2048, "entropy_from_logits_with_chunking": false, "event_id": 41, "logits_dtype": "none", "logits_saved_bytes": 0, "peak_allocated_bytes": 25822497792, "peak_increment_bytes": 83553280, "pipeline_parallel_size": 2, "projected_rows": 1, "rank": 7, "response_only_enabled": true, "role": "actor", "selected_rows": 0, "tensor_parallel_size": 2, "vocab_shard": 75968}
[36m(WorkerDict pid=3667370)[0m WARNING:2026-09-10 23:11:47,893:VERL_RESPONSE_ONLY_LM_HEAD_PROFILE {"active_ratio": 0.40219952867242736, "actual_logits_bytes": 0, "allocated_before_bytes": 25738944512, "backend": "fused", "calculate_entropy": true, "calculate_sum_pi_squared": false, "context_parallel_size": 2, "data_format": "thd", "dense_logits_bytes": 0, "dense_rows": 10184, "distillation_only": false, "elapsed_s": 0.12993061798624694, "element_size": 0, "entropy_from_logits_chunk_size": 2048, "entropy_from_logits_with_chunking": false, "event_id": 41, "logits_dtype": "none", "logits_saved_bytes": 0, "peak_allocated_bytes": 25855991808, "peak_increment_bytes": 117047296, "pipeline_parallel_size": 2, "projected_rows": 4096, "rank": 5, "response_only_enabled": true, "role": "actor", "selected_rows": 4096, "tensor_parallel_size": 2, "vocab_shard": 75968}
[36m(WorkerDict pid=3667371)[0m WARNING:2026-09-10 23:11:49,267:VERL_RESPONSE_ONLY_LM_HEAD_PROFILE {"active_ratio": 0.0, "actual_logits_bytes": 0, "allocated_before_bytes": 25780823552, "backend": "fused", "calculate_entropy": true, "calculate_sum_pi_squared": false, "context_parallel_size": 2, "data_format": "thd", "dense_logits_bytes": 0, "dense_rows": 10184, "distillation_only": false, "elapsed_s": 0.005614172085188329, "element_size": 0, "entropy_from_logits_chunk_size": 2048, "entropy_from_logits_with_chunking": false, "event_id": 42, "logits_dtype": "none", "logits_saved_bytes": 0, "peak_allocated_bytes": 25864376832, "peak_increment_bytes": 83553280, "pipeline_parallel_size": 2, "projected_rows": 1, "rank": 6, "response_only_enabled": true, "role": "actor", "selected_rows": 0, "tensor_parallel_size": 2, "vocab_shard": 75968}
[36m(WorkerDict pid=3667372)[0m WARNING:2026-09-10 23:11:49,267:VERL_RESPONSE_ONLY_LM_HEAD_PROFILE {"active_ratio": 0.0, "actual_logits_bytes": 0, "allocated_before_bytes": 25780823552, "backend": "fused", "calculate_entropy": true, "calculate_sum_pi_squared": false, "context_parallel_size": 2, "data_format": "thd", "dense_logits_bytes": 0, "dense_rows": 10184, "distillation_only": false, "elapsed_s": 0.005719022010453045, "element_size": 0, "entropy_from_logits_chunk_size": 2048, "entropy_from_logits_with_chunking": false, "event_id": 42, "logits_dtype": "none", "logits_saved_bytes": 0, "peak_allocated_bytes": 25864376832, "peak_increment_bytes": 83553280, "pipeline_parallel_size": 2, "projected_rows": 1, "rank": 7, "response_only_enabled": true, "role": "actor", "selected_rows": 0, "tensor_parallel_size": 2, "vocab_shard": 75968}
[36m(WorkerDict pid=3667370)[0m WARNING:2026-09-10 23:11:49,392:VERL_RESPONSE_ONLY_LM_HEAD_PROFILE {"active_ratio": 0.40219952867242736, "actual_logits_bytes": 0, "allocated_before_bytes": 25780823552, "backend": "fused", "calculate_entropy": true, "calculate_sum_pi_squared": false, "context_parallel_size": 2, "data_format": "thd", "dense_logits_bytes": 0, "dense_rows": 10184, "distillation_only": false, "elapsed_s": 0.1302295479690656, "element_size": 0, "entropy_from_logits_chunk_size": 2048, "entropy_from_logits_with_chunking": false, "event_id": 42, "logits_dtype": "none", "logits_saved_bytes": 0, "peak_allocated_bytes": 25897870848, "peak_increment_bytes": 117047296, "pipeline_parallel_size": 2, "projected_rows": 4096, "rank": 5, "response_only_enabled": true, "role": "actor", "selected_rows": 4096, "tensor_parallel_size": 2, "vocab_shard": 75968}
[36m(WorkerDict pid=3667371)[0m WARNING:2026-09-10 23:11:50,773:VERL_RESPONSE_ONLY_LM_HEAD_PROFILE {"active_ratio": 0.0, "actual_logits_bytes": 0, "allocated_before_bytes": 25822702592, "backend": "fused", "calculate_entropy": true, "calculate_sum_pi_squared": false, "context_parallel_size": 2, "data_format": "thd", "dense_logits_bytes": 0, "dense_rows": 10184, "distillation_only": false, "elapsed_s": 0.0056063830852508545, "element_size": 0, "entropy_from_logits_chunk_size": 2048, "entropy_from_logits_with_chunking": false, "event_id": 43, "logits_dtype": "none", "logits_saved_bytes": 0, "peak_allocated_bytes": 25906255872, "peak_increment_bytes": 83553280, "pipeline_parallel_size": 2, "projected_rows": 1, "rank": 6, "response_only_enabled": true, "role": "actor", "selected_rows": 0, "tensor_parallel_size": 2, "vocab_shard": 75968}
[36m(WorkerDict pid=3667372)[0m WARNING:2026-09-10 23:11:50,773:VERL_RESPONSE_ONLY_LM_HEAD_PROFILE {"active_ratio": 0.0, "actual_logits_bytes": 0, "allocated_before_bytes": 25822702592, "backend": "fused", "calculate_entropy": true, "calculate_sum_pi_squared": false, "context_parallel_size": 2, "data_format": "thd", "dense_logits_bytes": 0, "dense_rows": 10184, "distillation_only": false, "elapsed_s": 0.005703422939404845, "element_size": 0, "entropy_from_logits_chunk_size": 2048, "entropy_from_logits_with_chunking": false, "event_id": 43, "logits_dtype": "none", "logits_saved_bytes": 0, "peak_allocated_bytes": 25906255872, "peak_increment_bytes": 83553280, "pipeline_parallel_size": 2, "projected_rows": 1, "rank": 7, "response_only_enabled": true, "role": "actor", "selected_rows": 0, "tensor_parallel_size": 2, "vocab_shard": 75968}
[36m(WorkerDict pid=3667370)[0m WARNING:2026-09-10 23:11:50,898:VERL_RESPONSE_ONLY_LM_HEAD_PROFILE {"active_ratio": 0.40219952867242736, "actual_logits_bytes": 0, "allocated_before_bytes": 25822702592, "backend": "fused", "calculate_entropy": true, "calculate_sum_pi_squared": false, "context_parallel_size": 2, "data_format": "thd", "dense_logits_bytes": 0, "dense_rows": 10184, "distillation_only": false, "elapsed_s": 0.1304290279513225, "element_size": 0, "entropy_from_logits_chunk_size": 2048, "entropy_from_logits_with_chunking": false, "event_id": 43, "logits_dtype": "none", "logits_saved_bytes": 0, "peak_allocated_bytes": 25939749888, "peak_increment_bytes": 117047296, "pipeline_parallel_size": 2, "projected_rows": 4096, "rank": 5, "response_only_enabled": true, "role": "actor", "selected_rows": 4096, "tensor_parallel_size": 2, "vocab_shard": 75968}
[36m(WorkerDict pid=3667371)[0m WARNING:2026-09-10 23:11:53,569:VERL_RESPONSE_ONLY_LM_HEAD_PROFILE {"active_ratio": 0.0, "actual_logits_bytes": 0, "allocated_before_bytes": 25697064960, "backend": "fused", "calculate_entropy": true, "calculate_sum_pi_squared": false, "context_parallel_size": 2, "data_format": "thd", "dense_logits_bytes": 0, "dense_rows": 10184, "distillation_only": false, "elapsed_s": 0.005680452915839851, "element_size": 0, "entropy_from_logits_chunk_size": 2048, "entropy_from_logits_with_chunking": false, "event_id": 44, "logits_dtype": "none", "logits_saved_bytes": 0, "peak_allocated_bytes": 25780618240, "peak_increment_bytes": 83553280, "pipeline_parallel_size": 2, "projected_rows": 1, "rank": 6, "response_only_enabled": true, "role": "actor", "selected_rows": 0, "tensor_parallel_size": 2, "vocab_shard": 75968}
[36m(WorkerDict pid=3667372)[0m WARNING:2026-09-10 23:11:53,569:VERL_RESPONSE_ONLY_LM_HEAD_PROFILE {"active_ratio": 0.0, "actual_logits_bytes": 0, "allocated_before_bytes": 25697064960, "backend": "fused", "calculate_entropy": true, "calculate_sum_pi_squared": false, "context_parallel_size": 2, "data_format": "thd", "dense_logits_bytes": 0, "dense_rows": 10184, "distillation_only": false, "elapsed_s": 0.005746132927015424, "element_size": 0, "entropy_from_logits_chunk_size": 2048, "entropy_from_logits_with_chunking": false, "event_id": 44, "logits_dtype": "none", "logits_saved_bytes": 0, "peak_allocated_bytes": 25780618240, "peak_increment_bytes": 83553280, "pipeline_parallel_size": 2, "projected_rows": 1, "rank": 7, "response_only_enabled": true, "role": "actor", "selected_rows": 0, "tensor_parallel_size": 2, "vocab_shard": 75968}
[36m(WorkerDict pid=3667370)[0m WARNING:2026-09-10 23:11:53,695:VERL_RESPONSE_ONLY_LM_HEAD_PROFILE {"active_ratio": 0.40219952867242736, "actual_logits_bytes": 0, "allocated_before_bytes": 25697064960, "backend": "fused", "calculate_entropy": true, "calculate_sum_pi_squared": false, "context_parallel_size": 2, "data_format": "thd", "dense_logits_bytes": 0, "dense_rows": 10184, "distillation_only": false, "elapsed_s": 0.13098489900585264, "element_size": 0, "entropy_from_logits_chunk_size": 2048, "entropy_from_logits_with_chunking": false, "event_id": 44, "logits_dtype": "none", "logits_saved_bytes": 0, "peak_allocated_bytes": 25814112256, "peak_increment_bytes": 117047296, "pipeline_parallel_size": 2, "projected_rows": 4096, "rank": 5, "response_only_enabled": true, "role": "actor", "selected_rows": 4096, "tensor_parallel_size": 2, "vocab_shard": 75968}
[36m(WorkerDict pid=3667371)[0m WARNING:2026-09-10 23:11:55,067:VERL_RESPONSE_ONLY_LM_HEAD_PROFILE {"active_ratio": 0.0, "actual_logits_bytes": 0, "allocated_before_bytes": 25738944512, "backend": "fused", "calculate_entropy": true, "calculate_sum_pi_squared": false, "context_parallel_size": 2, "data_format": "thd", "dense_logits_bytes": 0, "dense_rows": 10184, "distillation_only": false, "elapsed_s": 0.005654031992889941, "element_size": 0, "entropy_from_logits_chunk_size": 2048, "entropy_from_logits_with_chunking": false, "event_id": 45, "logits_dtype": "none", "logits_saved_bytes": 0, "peak_allocated_bytes": 25822497792, "peak_increment_bytes": 83553280, "pipeline_parallel_size": 2, "projected_rows": 1, "rank": 6, "response_only_enabled": true, "role": "actor", "selected_rows": 0, "tensor_parallel_size": 2, "vocab_shard": 75968}
[36m(WorkerDict pid=3667372)[0m WARNING:2026-09-10 23:11:55,067:VERL_RESPONSE_ONLY_LM_HEAD_PROFILE {"active_ratio": 0.0, "actual_logits_bytes": 0, "allocated_before_bytes": 25738944512, "backend": "fused", "calculate_entropy": true, "calculate_sum_pi_squared": false, "context_parallel_size": 2, "data_format": "thd", "dense_logits_bytes": 0, "dense_rows": 10184, "distillation_only": false, "elapsed_s": 0.0057590720243752, "element_size": 0, "entropy_from_logits_chunk_size": 2048, "entropy_from_logits_with_chunking": false, "event_id": 45, "logits_dtype": "none", "logits_saved_bytes": 0, "peak_allocated_bytes": 25822497792, "peak_increment_bytes": 83553280, "pipeline_parallel_size": 2, "projected_rows": 1, "rank": 7, "response_only_enabled": true, "role": "actor", "selected_rows": 0, "tensor_parallel_size": 2, "vocab_shard": 75968}
[36m(WorkerDict pid=3667370)[0m WARNING:2026-09-10 23:11:55,194:VERL_RESPONSE_ONLY_LM_HEAD_PROFILE {"active_ratio": 0.40219952867242736, "actual_logits_bytes": 0, "allocated_before_bytes": 25738944512, "backend": "fused", "calculate_entropy": true, "calculate_sum_pi_squared": false, "context_parallel_size": 2, "data_format": "thd", "dense_logits_bytes": 0, "dense_rows": 10184, "distillation_only": false, "elapsed_s": 0.13168912893161178, "element_size": 0, "entropy_from_logits_chunk_size": 2048, "entropy_from_logits_with_chunking": false, "event_id": 45, "logits_dtype": "none", "logits_saved_bytes": 0, "peak_allocated_bytes": 25855991808, "peak_increment_bytes": 117047296, "pipeline_parallel_size": 2, "projected_rows": 4096, "rank": 5, "response_only_enabled": true, "role": "actor", "selected_rows": 4096, "tensor_parallel_size": 2, "vocab_shard": 75968}
[36m(WorkerDict pid=3667371)[0m WARNING:2026-09-10 23:11:56,565:VERL_RESPONSE_ONLY_LM_HEAD_PROFILE {"active_ratio": 0.0, "actual_logits_bytes": 0, "allocated_before_bytes": 25780823552, "backend": "fused", "calculate_entropy": true, "calculate_sum_pi_squared": false, "context_parallel_size": 2, "data_format": "thd", "dense_logits_bytes": 0, "dense_rows": 10184, "distillation_only": false, "elapsed_s": 0.005632893065921962, "element_size": 0, "entropy_from_logits_chunk_size": 2048, "entropy_from_logits_with_chunking": false, "event_id": 46, "logits_dtype": "none", "logits_saved_bytes": 0, "peak_allocated_bytes": 25864376832, "peak_increment_bytes": 83553280, "pipeline_parallel_size": 2, "projected_rows": 1, "rank": 6, "response_only_enabled": true, "role": "actor", "selected_rows": 0, "tensor_parallel_size": 2, "vocab_shard": 75968}
[36m(WorkerDict pid=3667372)[0m WARNING:2026-09-10 23:11:56,565:VERL_RESPONSE_ONLY_LM_HEAD_PROFILE {"active_ratio": 0.0, "actual_logits_bytes": 0, "allocated_before_bytes": 25780823552, "backend": "fused", "calculate_entropy": true, "calculate_sum_pi_squared": false, "context_parallel_size": 2, "data_format": "thd", "dense_logits_bytes": 0, "dense_rows": 10184, "distillation_only": false, "elapsed_s": 0.005680702975951135, "element_size": 0, "entropy_from_logits_chunk_size": 2048, "entropy_from_logits_with_chunking": false, "event_id": 46, "logits_dtype": "none", "logits_saved_bytes": 0, "peak_allocated_bytes": 25864376832, "peak_increment_bytes": 83553280, "pipeline_parallel_size": 2, "projected_rows": 1, "rank": 7, "response_only_enabled": true, "role": "actor", "selected_rows": 0, "tensor_parallel_size": 2, "vocab_shard": 75968}
[36m(WorkerDict pid=3667370)[0m WARNING:2026-09-10 23:11:56,691:VERL_RESPONSE_ONLY_LM_HEAD_PROFILE {"active_ratio": 0.40219952867242736, "actual_logits_bytes": 0, "allocated_before_bytes": 25780823552, "backend": "fused", "calculate_entropy": true, "calculate_sum_pi_squared": false, "context_parallel_size": 2, "data_format": "thd", "dense_logits_bytes": 0, "dense_rows": 10184, "distillation_only": false, "elapsed_s": 0.13108091801404953, "element_size": 0, "entropy_from_logits_chunk_size": 2048, "entropy_from_logits_with_chunking": false, "event_id": 46, "logits_dtype": "none", "logits_saved_bytes": 0, "peak_allocated_bytes": 25897870848, "peak_increment_bytes": 117047296, "pipeline_parallel_size": 2, "projected_rows": 4096, "rank": 5, "response_only_enabled": true, "role": "actor", "selected_rows": 4096, "tensor_parallel_size": 2, "vocab_shard": 75968}
[36m(WorkerDict pid=3667371)[0m WARNING:2026-09-10 23:11:58,067:VERL_RESPONSE_ONLY_LM_HEAD_PROFILE {"active_ratio": 0.0, "actual_logits_bytes": 0, "allocated_before_bytes": 25822702592, "backend": "fused", "calculate_entropy": true, "calculate_sum_pi_squared": false, "context_parallel_size": 2, "data_format": "thd", "dense_logits_bytes": 0, "dense_rows": 10184, "distillation_only": false, "elapsed_s": 0.00579477206338197, "element_size": 0, "entropy_from_logits_chunk_size": 2048, "entropy_from_logits_with_chunking": false, "event_id": 47, "logits_dtype": "none", "logits_saved_bytes": 0, "peak_allocated_bytes": 25906255872, "peak_increment_bytes": 83553280, "pipeline_parallel_size": 2, "projected_rows": 1, "rank": 6, "response_only_enabled": true, "role": "actor", "selected_rows": 0, "tensor_parallel_size": 2, "vocab_shard": 75968}
[36m(WorkerDict pid=3667372)[0m WARNING:2026-09-10 23:11:58,067:VERL_RESPONSE_ONLY_LM_HEAD_PROFILE {"active_ratio": 0.0, "actual_logits_bytes": 0, "allocated_before_bytes": 25822702592, "backend": "fused", "calculate_entropy": true, "calculate_sum_pi_squared": false, "context_parallel_size": 2, "data_format": "thd", "dense_logits_bytes": 0, "dense_rows": 10184, "distillation_only": false, "elapsed_s": 0.005636531976051629, "element_size": 0, "entropy_from_logits_chunk_size": 2048, "entropy_from_logits_with_chunking": false, "event_id": 47, "logits_dtype": "none", "logits_saved_bytes": 0, "peak_allocated_bytes": 25906255872, "peak_increment_bytes": 83553280, "pipeline_parallel_size": 2, "projected_rows": 1, "rank": 7, "response_only_enabled": true, "role": "actor", "selected_rows": 0, "tensor_parallel_size": 2, "vocab_shard": 75968}
[36m(WorkerDict pid=3667370)[0m WARNING:2026-09-10 23:11:58,192:VERL_RESPONSE_ONLY_LM_HEAD_PROFILE {"active_ratio": 0.40219952867242736, "actual_logits_bytes": 0, "allocated_before_bytes": 25822702592, "backend": "fused", "calculate_entropy": true, "calculate_sum_pi_squared": false, "context_parallel_size": 2, "data_format": "thd", "dense_logits_bytes": 0, "dense_rows": 10184, "distillation_only": false, "elapsed_s": 0.13084617804270238, "element_size": 0, "entropy_from_logits_chunk_size": 2048, "entropy_from_logits_with_chunking": false, "event_id": 47, "logits_dtype": "none", "logits_saved_bytes": 0, "peak_allocated_bytes": 25939749888, "peak_increment_bytes": 117047296, "pipeline_parallel_size": 2, "projected_rows": 4096, "rank": 5, "response_only_enabled": true, "role": "actor", "selected_rows": 4096, "tensor_parallel_size": 2, "vocab_shard": 75968}
[36m(WorkerDict pid=3667368)[0m /home/p00938733/verl-090/verl/plugin/platform/platform_cuda.py:99: FutureWarning: torch.cuda._set_allocator_settings is deprecated. Use torch._C._accelerator_setAllocatorSettings instead.
[36m(WorkerDict pid=3667368)[0m   torch.cuda.memory._set_allocator_settings(settings)
[36m(WorkerDict pid=3667367)[0m /home/p00938733/verl-090/verl/plugin/platform/platform_cuda.py:99: FutureWarning: torch.cuda._set_allocator_settings is deprecated. Use torch._C._accelerator_setAllocatorSettings instead.
[36m(WorkerDict pid=3667367)[0m   torch.cuda.memory._set_allocator_settings(settings)
[36m(WorkerDict pid=3667371)[0m /home/p00938733/verl-090/verl/plugin/platform/platform_cuda.py:99: FutureWarning: torch.cuda._set_allocator_settings is deprecated. Use torch._C._accelerator_setAllocatorSettings instead.
[36m(WorkerDict pid=3667371)[0m   torch.cuda.memory._set_allocator_settings(settings)
[36m(WorkerDict pid=3667372)[0m /home/p00938733/verl-090/verl/plugin/platform/platform_cuda.py:99: FutureWarning: torch.cuda._set_allocator_settings is deprecated. Use torch._C._accelerator_setAllocatorSettings instead.
[36m(WorkerDict pid=3667372)[0m   torch.cuda.memory._set_allocator_settings(settings)
[36m(vLLMHttpServer pid=3670936)[0m (EngineCore pid=3671537) WARNING 09-10 23:12:11 [scheduler.py:1948] reset_connector called but no KV connector is configured.
[36m(vLLMHttpServer pid=3670937)[0m (EngineCore pid=3671530) WARNING 09-10 23:12:11 [scheduler.py:1948] reset_connector called but no KV connector is configured.
[36m(WorkerDict pid=3667365)[0m Converting to HuggingFace ━━━━━━━━━━━━━━━━━━━━━━━━━━━━━━━━━━━━━━━━ 100% 0:00:00 (291/291) Qwen3Bridge
[36m(vLLMHttpServer pid=3670936)[0m (EngineCore pid=3671537) WARNING 09-10 23:12:13 [scheduler.py:1948] reset_connector called but no KV connector is configured.
[36m(vLLMHttpServer pid=3670937)[0m (EngineCore pid=3671530) WARNING 09-10 23:12:13 [scheduler.py:1948] reset_connector called but no KV connector is configured.
[36m(TransferQueueController pid=3666520)[0m 2026-09-10 23:12:15,614 - INFO - transfer_queue.utils.perf_utils - TQ_CONTROLLER_a4d0d62a: [Performance] Total success requests: 30, Total req/min: 5.54, Total avg process time: 0.0008s; 
[36m(TransferQueueController pid=3666520)[0m Time range: last 5.41 minutes; 
[36m(TransferQueueController pid=3666520)[0m Per-operation statistics: KV_RETRIEVE_META: req_count=13, req/min=2.40, avg_time=0.001573s, max_time=0.002267s, min_time=0.000365s; NOTIFY_DATA_UPDATE: req_count=6, req/min=1.11, avg_time=0.000383s, max_time=0.000705s, min_time=0.000269s; SET_CUSTOM_META: req_count=7, req/min=1.29, avg_time=0.000034s, max_time=0.000045s, min_time=0.000021s; KV_LIST: req_count=1, req/min=0.18, avg_time=0.000032s, max_time=0.000032s, min_time=0.000032s; CLEAR_META: req_count=1, req/min=0.18, avg_time=0.000218s, max_time=0.000218s, min_time=0.000218s; KV_RETRIEVE_KEYS: req_count=2, req/min=0.37, avg_time=0.000059s, max_time=0.000059s, min_time=0.000059s
[36m(SimpleStorageUnit pid=3666593)[0m 2026-09-10 23:12:15,645 - INFO - transfer_queue.utils.perf_utils - TQ_STORAGE_UNIT_28b9d075: [Performance] Total success requests: 35, Total req/min: 6.55, Total avg process time: 0.0146s; 
[36m(SimpleStorageUnit pid=3666593)[0m Time range: last 5.35 minutes; 
[36m(SimpleStorageUnit pid=3666593)[0m Per-operation statistics: PUT_DATA: req_count=6, req/min=1.12, avg_time=0.015526s, max_time=0.017739s, min_time=0.013385s; CLEAR_DATA: req_count=1, req/min=0.19, avg_time=0.010446s, max_time=0.010446s, min_time=0.010446s; GET_DATA: req_count=28, req/min=5.24, avg_time=0.014514s, max_time=0.018412s, min_time=0.008720s
[36m(SimpleStorageUnit pid=3666594)[0m 2026-09-10 23:12:15,646 - INFO - transfer_queue.utils.perf_utils - TQ_STORAGE_UNIT_55c3f514: [Performance] Total success requests: 35, Total req/min: 6.55, Total avg process time: 0.0141s; 
[36m(SimpleStorageUnit pid=3666594)[0m Time range: last 5.35 minutes; 
[36m(SimpleStorageUnit pid=3666594)[0m Per-operation statistics: PUT_DATA: req_count=6, req/min=1.12, avg_time=0.013777s, max_time=0.016203s, min_time=0.007707s; CLEAR_DATA: req_count=1, req/min=0.19, avg_time=0.006344s, max_time=0.006344s, min_time=0.006344s; GET_DATA: req_count=28, req/min=5.24, avg_time=0.014396s, max_time=0.018188s, min_time=0.006988s
[36m(SimpleStorageUnit pid=3666595)[0m 2026-09-10 23:12:15,647 - INFO - transfer_queue.utils.perf_utils - TQ_STORAGE_UNIT_27cc5535: [Performance] Total success requests: 35, Total req/min: 6.55, Total avg process time: 0.0145s; 
[36m(SimpleStorageUnit pid=3666595)[0m Time range: last 5.35 minutes; 
[36m(SimpleStorageUnit pid=3666595)[0m Per-operation statistics: PUT_DATA: req_count=6, req/min=1.12, avg_time=0.015301s, max_time=0.016274s, min_time=0.013297s; CLEAR_DATA: req_count=1, req/min=0.19, avg_time=0.010525s, max_time=0.010525s, min_time=0.010525s; GET_DATA: req_count=28, req/min=5.24, avg_time=0.014438s, max_time=0.017865s, min_time=0.006944s
[36m(SimpleStorageUnit pid=3666592)[0m 2026-09-10 23:12:15,644 - INFO - transfer_queue.utils.perf_utils - TQ_STORAGE_UNIT_937c71d8: [Performance] Total success requests: 35, Total req/min: 6.54, Total avg process time: 0.0146s; 
[36m(SimpleStorageUnit pid=3666592)[0m Time range: last 5.35 minutes; 
[36m(SimpleStorageUnit pid=3666592)[0m Per-operation statistics: PUT_DATA: req_count=6, req/min=1.12, avg_time=0.013362s, max_time=0.015247s, min_time=0.009635s; CLEAR_DATA: req_count=1, req/min=0.19, avg_time=0.009915s, max_time=0.009915s, min_time=0.009915s; GET_DATA: req_count=28, req/min=5.24, avg_time=0.015006s, max_time=0.018468s, min_time=0.009096s
[36m(SimpleStorageUnit pid=3666596)[0m 2026-09-10 23:12:15,648 - INFO - transfer_queue.utils.perf_utils - TQ_STORAGE_UNIT_25ae864b: [Performance] Total success requests: 34, Total req/min: 6.36, Total avg process time: 0.0147s; 
[36m(SimpleStorageUnit pid=3666596)[0m Time range: last 5.35 minutes; 
[36m(SimpleStorageUnit pid=3666596)[0m Per-operation statistics: PUT_DATA: req_count=6, req/min=1.12, avg_time=0.015609s, max_time=0.016325s, min_time=0.013535s; GET_DATA: req_count=28, req/min=5.24, avg_time=0.014518s, max_time=0.017604s, min_time=0.008956s
[36m(SimpleStorageUnit pid=3666599)[0m 2026-09-10 23:12:15,649 - INFO - transfer_queue.utils.perf_utils - TQ_STORAGE_UNIT_f60015f2: [Performance] Total success requests: 34, Total req/min: 6.36, Total avg process time: 0.0140s; 
[36m(SimpleStorageUnit pid=3666599)[0m Time range: last 5.35 minutes; 
[36m(SimpleStorageUnit pid=3666599)[0m Per-operation statistics: PUT_DATA: req_count=6, req/min=1.12, avg_time=0.013890s, max_time=0.015743s, min_time=0.011346s; GET_DATA: req_count=28, req/min=5.24, avg_time=0.014049s, max_time=0.018571s, min_time=0.009076s
[36m(SimpleStorageUnit pid=3666598)[0m 2026-09-10 23:12:15,648 - INFO - transfer_queue.utils.perf_utils - TQ_STORAGE_UNIT_8d211451: [Performance] Total success requests: 34, Total req/min: 6.35, Total avg process time: 0.0145s; 
[36m(SimpleStorageUnit pid=3666598)[0m Time range: last 5.35 minutes; 
[36m(SimpleStorageUnit pid=3666598)[0m Per-operation statistics: PUT_DATA: req_count=6, req/min=1.12, avg_time=0.014132s, max_time=0.014923s, min_time=0.012956s; GET_DATA: req_count=28, req/min=5.23, avg_time=0.014534s, max_time=0.017386s, min_time=0.007551s
[36m(SimpleStorageUnit pid=3666597)[0m 2026-09-10 23:12:15,648 - INFO - transfer_queue.utils.perf_utils - TQ_STORAGE_UNIT_26411915: [Performance] Total success requests: 34, Total req/min: 6.36, Total avg process time: 0.0142s; 
[36m(SimpleStorageUnit pid=3666597)[0m Time range: last 5.34 minutes; 
[36m(SimpleStorageUnit pid=3666597)[0m Per-operation statistics: PUT_DATA: req_count=6, req/min=1.12, avg_time=0.015284s, max_time=0.015953s, min_time=0.013707s; GET_DATA: req_count=28, req/min=5.24, avg_time=0.014005s, max_time=0.017774s, min_time=0.008526s
[36m(vLLMHttpServer pid=3670936)[0m (EngineCore pid=3671537) WARNING 09-10 23:12:15 [scheduler.py:1948] reset_connector called but no KV connector is configured.
[36m(vLLMHttpServer pid=3670937)[0m (EngineCore pid=3671530) WARNING 09-10 23:12:15 [scheduler.py:1948] reset_connector called but no KV connector is configured.
[36m(TaskRunnerV1 pid=3666120)[0m Training Progress:  25%|██▌       | 1/4 [02:09<06:29, 129.84s/it]
[36m(TaskRunnerV1 pid=3666120)[0m step:1 - global_seqlen/min:323496.0 - global_seqlen/max:323496.0 - global_seqlen/minmax_diff:0.0 - global_seqlen/balanced_min:323496.0 - global_seqlen/balanced_max:323496.0 - global_seqlen/mean:323496.0 - actor/entropy:0.018581809476017952 - training/rollout_probs_diff_valid:1.0 - training/rollout_probs_diff_max:0.10089439153671265 - training/rollout_probs_diff_mean:0.0006615174934267998 - training/rollout_probs_diff_std:0.004254989791661501 - training/rollout_actor_probs_pearson_corr:0.9981994032859802 - rollout_corr/training_ppl:1.0159626007080078 - rollout_corr/training_log_ppl:0.015597646124660969 - rollout_corr/kl:0.0007782871834933758 - rollout_corr/k3_kl:3.843858576146886e-05 - rollout_corr/rollout_ppl:1.01515531539917 - rollout_corr/rollout_log_ppl:0.01481935940682888 - rollout_corr/log_ppl_diff:0.0007782872999086976 - rollout_corr/log_ppl_abs_diff:0.0007782872999086976 - rollout_corr/log_ppl_diff_max:0.0034398362040519714 - rollout_corr/log_ppl_diff_min:0.00018164049834012985 - rollout_corr/ppl_ratio:1.0007787942886353 - rollout_corr/chi2_token:-0.001403510570526123 - rollout_corr/chi2_seq:-0.9546932578086853 - actor/pg_clipfrac:0.0 - actor/ppo_kl:0.0 - actor/pg_clipfrac_lower:0.0 - actor/pg_loss:-1.5152618288993835e-06 - actor/entropy_loss:0.018581810494652018 - actor/kl_loss:0.0 - actor/kl_coef:0.001 - actor/loss:-2.0101666450500488e-05 - actor/grad_norm:0.22908754274249077 - actor/perf/max_memory_allocated_gb:25.137531757354736 - actor/perf/max_memory_reserved_gb:25.37890625 - actor/perf/cpu_memory_used_gb:191.77496337890625 - actor/lr:0.0 - perf/mfu/actor:0.23762235260932724 - training/global_step:1 - training/epoch:0 - critic/score/mean:0.9816933274269104 - critic/score/max:0.9982255101203918 - critic/score/min:0.9599252343177795 - critic/rewards/mean:0.9816933274269104 - critic/rewards/max:0.9982255101203918 - critic/rewards/min:0.9599252343177795 - critic/advantages/mean:1.51805579662323e-06 - critic/advantages/max:1.474368691444397 - critic/advantages/min:-1.4772932529449463 - critic/returns/mean:1.51805579662323e-06 - critic/returns/max:1.474368691444397 - critic/returns/min:-1.4772932529449463 - response_length/mean:4096.0 - response_length/max:4096.0 - response_length/min:4096.0 - response_length/clip_ratio:1.0 - response_length_non_aborted/mean:4096.0 - response_length_non_aborted/max:4096.0 - response_length_non_aborted/min:4096.0 - response_length_non_aborted/clip_ratio:1.0 - response/aborted_ratio:0.0 - prompt_length/mean:16122.5 - prompt_length/max:16267.0 - prompt_length/min:15689.0 - prompt_length/clip_ratio:0.75 - timing_s/gen:1.4163901540450752 - timing_s/old_log_prob:44.2855293470202 - timing_s/ref:12.2434909529984 - timing_s/adv:0.119815933983773 - timing_s/update_actor:66.28402504092082 - timing_s/update_weights:5.21713030198589 - timing_s/step:129.74401841999497 - timing_per_token_ms/adv:0.00037037840957468714 - timing_per_token_ms/ref:0.037847426097999355 - timing_per_token_ms/update_actor:0.2048990560653635 - timing_per_token_ms/gen:0.021612398590775683 - perf/total_num_tokens:323496 - perf/time_per_step:129.74401841999497 - perf/throughput:311.66754731691134 - training/num_turns/mean:np.float64(2.0) - training/num_turns/max:np.int64(2) - training/num_turns/min:np.int64(2) - training/off_policy/trajectory_spans/mean:np.float64(1.0) - training/off_policy/trajectory_spans/max:np.int64(1) - training/off_policy/trajectory_spans/min:np.int64(1) - training/off_policy/trajectory_staleness/mean:np.float64(-1.0) - training/off_policy/trajectory_staleness/max:np.int64(-1) - training/off_policy/trajectory_staleness/min:np.int64(-1) - training/off_policy/trajectory_staleness_worst/mean:np.float64(-1.0) - training/off_policy/trajectory_staleness_worst/max:np.int64(-1) - training/off_policy/trajectory_staleness_worst/min:np.int64(-1)
[36m(TaskRunnerV1 pid=3666120)[0m [RolloutTqSkip()] [33mInjected 16 cached trajectories from step 2 (4 prompts x 4) into TQ partition 'train' at current step 2[0m
[36m(WorkerDict pid=3667371)[0m WARNING:2026-09-10 23:12:19,470:VERL_RESPONSE_ONLY_LM_HEAD_PROFILE {"active_ratio": 0.0, "actual_logits_bytes": 0, "allocated_before_bytes": 4273080832, "backend": "fused", "calculate_entropy": true, "calculate_sum_pi_squared": false, "context_parallel_size": 2, "data_format": "thd", "dense_logits_bytes": 0, "dense_rows": 9896, "distillation_only": false, "elapsed_s": 0.005870503024198115, "element_size": 0, "entropy_from_logits_chunk_size": 2048, "entropy_from_logits_with_chunking": false, "event_id": 48, "logits_dtype": "none", "logits_saved_bytes": 0, "peak_allocated_bytes": 4354270720, "peak_increment_bytes": 81189888, "pipeline_parallel_size": 2, "projected_rows": 1, "rank": 6, "response_only_enabled": true, "role": "actor", "selected_rows": 0, "tensor_parallel_size": 2, "vocab_shard": 75968}
[36m(WorkerDict pid=3667372)[0m WARNING:2026-09-10 23:12:19,470:VERL_RESPONSE_ONLY_LM_HEAD_PROFILE {"active_ratio": 0.0, "actual_logits_bytes": 0, "allocated_before_bytes": 4273080832, "backend": "fused", "calculate_entropy": true, "calculate_sum_pi_squared": false, "context_parallel_size": 2, "data_format": "thd", "dense_logits_bytes": 0, "dense_rows": 9896, "distillation_only": false, "elapsed_s": 0.005620781914331019, "element_size": 0, "entropy_from_logits_chunk_size": 2048, "entropy_from_logits_with_chunking": false, "event_id": 48, "logits_dtype": "none", "logits_saved_bytes": 0, "peak_allocated_bytes": 4354270720, "peak_increment_bytes": 81189888, "pipeline_parallel_size": 2, "projected_rows": 1, "rank": 7, "response_only_enabled": true, "role": "actor", "selected_rows": 0, "tensor_parallel_size": 2, "vocab_shard": 75968}
[36m(WorkerDict pid=3667370)[0m WARNING:2026-09-10 23:12:19,594:VERL_RESPONSE_ONLY_LM_HEAD_PROFILE {"active_ratio": 0.41390460792239286, "actual_logits_bytes": 0, "allocated_before_bytes": 4273080832, "backend": "fused", "calculate_entropy": true, "calculate_sum_pi_squared": false, "context_parallel_size": 2, "data_format": "thd", "dense_logits_bytes": 0, "dense_rows": 9896, "distillation_only": false, "elapsed_s": 0.12993644794914871, "element_size": 0, "entropy_from_logits_chunk_size": 2048, "entropy_from_logits_with_chunking": false, "event_id": 48, "logits_dtype": "none", "logits_saved_bytes": 0, "peak_allocated_bytes": 4387768832, "peak_increment_bytes": 114688000, "pipeline_parallel_size": 2, "projected_rows": 4096, "rank": 5, "response_only_enabled": true, "role": "actor", "selected_rows": 4096, "tensor_parallel_size": 2, "vocab_shard": 75968}
[36m(WorkerDict pid=3667371)[0m WARNING:2026-09-10 23:12:19,891:VERL_RESPONSE_ONLY_LM_HEAD_PROFILE {"active_ratio": 0.0, "actual_logits_bytes": 0, "allocated_before_bytes": 4273241088, "backend": "fused", "calculate_entropy": true, "calculate_sum_pi_squared": false, "context_parallel_size": 2, "data_format": "thd", "dense_logits_bytes": 0, "dense_rows": 9896, "distillation_only": false, "elapsed_s": 0.005569752072915435, "element_size": 0, "entropy_from_logits_chunk_size": 2048, "entropy_from_logits_with_chunking": false, "event_id": 49, "logits_dtype": "none", "logits_saved_bytes": 0, "peak_allocated_bytes": 4354430976, "peak_increment_bytes": 81189888, "pipeline_parallel_size": 2, "projected_rows": 1, "rank": 6, "response_only_enabled": true, "role": "actor", "selected_rows": 0, "tensor_parallel_size": 2, "vocab_shard": 75968}
[36m(WorkerDict pid=3667372)[0m WARNING:2026-09-10 23:12:19,891:VERL_RESPONSE_ONLY_LM_HEAD_PROFILE {"active_ratio": 0.0, "actual_logits_bytes": 0, "allocated_before_bytes": 4273241088, "backend": "fused", "calculate_entropy": true, "calculate_sum_pi_squared": false, "context_parallel_size": 2, "data_format": "thd", "dense_logits_bytes": 0, "dense_rows": 9896, "distillation_only": false, "elapsed_s": 0.005551891983486712, "element_size": 0, "entropy_from_logits_chunk_size": 2048, "entropy_from_logits_with_chunking": false, "event_id": 49, "logits_dtype": "none", "logits_saved_bytes": 0, "peak_allocated_bytes": 4354430976, "peak_increment_bytes": 81189888, "pipeline_parallel_size": 2, "projected_rows": 1, "rank": 7, "response_only_enabled": true, "role": "actor", "selected_rows": 0, "tensor_parallel_size": 2, "vocab_shard": 75968}
[36m(WorkerDict pid=3667370)[0m WARNING:2026-09-10 23:12:20,016:VERL_RESPONSE_ONLY_LM_HEAD_PROFILE {"active_ratio": 0.41390460792239286, "actual_logits_bytes": 0, "allocated_before_bytes": 4273241088, "backend": "fused", "calculate_entropy": true, "calculate_sum_pi_squared": false, "context_parallel_size": 2, "data_format": "thd", "dense_logits_bytes": 0, "dense_rows": 9896, "distillation_only": false, "elapsed_s": 0.13000843790359795, "element_size": 0, "entropy_from_logits_chunk_size": 2048, "entropy_from_logits_with_chunking": false, "event_id": 49, "logits_dtype": "none", "logits_saved_bytes": 0, "peak_allocated_bytes": 4387929088, "peak_increment_bytes": 114688000, "pipeline_parallel_size": 2, "projected_rows": 4096, "rank": 5, "response_only_enabled": true, "role": "actor", "selected_rows": 4096, "tensor_parallel_size": 2, "vocab_shard": 75968}
[36m(WorkerDict pid=3667371)[0m WARNING:2026-09-10 23:12:20,311:VERL_RESPONSE_ONLY_LM_HEAD_PROFILE {"active_ratio": 0.0, "actual_logits_bytes": 0, "allocated_before_bytes": 4273400832, "backend": "fused", "calculate_entropy": true, "calculate_sum_pi_squared": false, "context_parallel_size": 2, "data_format": "thd", "dense_logits_bytes": 0, "dense_rows": 9896, "distillation_only": false, "elapsed_s": 0.00554238201584667, "element_size": 0, "entropy_from_logits_chunk_size": 2048, "entropy_from_logits_with_chunking": false, "event_id": 50, "logits_dtype": "none", "logits_saved_bytes": 0, "peak_allocated_bytes": 4354590720, "peak_increment_bytes": 81189888, "pipeline_parallel_size": 2, "projected_rows": 1, "rank": 6, "response_only_enabled": true, "role": "actor", "selected_rows": 0, "tensor_parallel_size": 2, "vocab_shard": 75968}
[36m(WorkerDict pid=3667372)[0m WARNING:2026-09-10 23:12:20,311:VERL_RESPONSE_ONLY_LM_HEAD_PROFILE {"active_ratio": 0.0, "actual_logits_bytes": 0, "allocated_before_bytes": 4273400832, "backend": "fused", "calculate_entropy": true, "calculate_sum_pi_squared": false, "context_parallel_size": 2, "data_format": "thd", "dense_logits_bytes": 0, "dense_rows": 9896, "distillation_only": false, "elapsed_s": 0.005513431970030069, "element_size": 0, "entropy_from_logits_chunk_size": 2048, "entropy_from_logits_with_chunking": false, "event_id": 50, "logits_dtype": "none", "logits_saved_bytes": 0, "peak_allocated_bytes": 4354590720, "peak_increment_bytes": 81189888, "pipeline_parallel_size": 2, "projected_rows": 1, "rank": 7, "response_only_enabled": true, "role": "actor", "selected_rows": 0, "tensor_parallel_size": 2, "vocab_shard": 75968}
[36m(WorkerDict pid=3667370)[0m WARNING:2026-09-10 23:12:20,436:VERL_RESPONSE_ONLY_LM_HEAD_PROFILE {"active_ratio": 0.41390460792239286, "actual_logits_bytes": 0, "allocated_before_bytes": 4273400832, "backend": "fused", "calculate_entropy": true, "calculate_sum_pi_squared": false, "context_parallel_size": 2, "data_format": "thd", "dense_logits_bytes": 0, "dense_rows": 9896, "distillation_only": false, "elapsed_s": 0.13011291797738522, "element_size": 0, "entropy_from_logits_chunk_size": 2048, "entropy_from_logits_with_chunking": false, "event_id": 50, "logits_dtype": "none", "logits_saved_bytes": 0, "peak_allocated_bytes": 4388088832, "peak_increment_bytes": 114688000, "pipeline_parallel_size": 2, "projected_rows": 4096, "rank": 5, "response_only_enabled": true, "role": "actor", "selected_rows": 4096, "tensor_parallel_size": 2, "vocab_shard": 75968}
[36m(WorkerDict pid=3667371)[0m WARNING:2026-09-10 23:12:20,732:VERL_RESPONSE_ONLY_LM_HEAD_PROFILE {"active_ratio": 0.0, "actual_logits_bytes": 0, "allocated_before_bytes": 4273560576, "backend": "fused", "calculate_entropy": true, "calculate_sum_pi_squared": false, "context_parallel_size": 2, "data_format": "thd", "dense_logits_bytes": 0, "dense_rows": 9896, "distillation_only": false, "elapsed_s": 0.00551382196135819, "element_size": 0, "entropy_from_logits_chunk_size": 2048, "entropy_from_logits_with_chunking": false, "event_id": 51, "logits_dtype": "none", "logits_saved_bytes": 0, "peak_allocated_bytes": 4354750464, "peak_increment_bytes": 81189888, "pipeline_parallel_size": 2, "projected_rows": 1, "rank": 6, "response_only_enabled": true, "role": "actor", "selected_rows": 0, "tensor_parallel_size": 2, "vocab_shard": 75968}
[36m(WorkerDict pid=3667372)[0m WARNING:2026-09-10 23:12:20,732:VERL_RESPONSE_ONLY_LM_HEAD_PROFILE {"active_ratio": 0.0, "actual_logits_bytes": 0, "allocated_before_bytes": 4273560576, "backend": "fused", "calculate_entropy": true, "calculate_sum_pi_squared": false, "context_parallel_size": 2, "data_format": "thd", "dense_logits_bytes": 0, "dense_rows": 9896, "distillation_only": false, "elapsed_s": 0.005519911996088922, "element_size": 0, "entropy_from_logits_chunk_size": 2048, "entropy_from_logits_with_chunking": false, "event_id": 51, "logits_dtype": "none", "logits_saved_bytes": 0, "peak_allocated_bytes": 4354750464, "peak_increment_bytes": 81189888, "pipeline_parallel_size": 2, "projected_rows": 1, "rank": 7, "response_only_enabled": true, "role": "actor", "selected_rows": 0, "tensor_parallel_size": 2, "vocab_shard": 75968}
[36m(WorkerDict pid=3667370)[0m WARNING:2026-09-10 23:12:20,858:VERL_RESPONSE_ONLY_LM_HEAD_PROFILE {"active_ratio": 0.41390460792239286, "actual_logits_bytes": 0, "allocated_before_bytes": 4273560576, "backend": "fused", "calculate_entropy": true, "calculate_sum_pi_squared": false, "context_parallel_size": 2, "data_format": "thd", "dense_logits_bytes": 0, "dense_rows": 9896, "distillation_only": false, "elapsed_s": 0.13172836904413998, "element_size": 0, "entropy_from_logits_chunk_size": 2048, "entropy_from_logits_with_chunking": false, "event_id": 51, "logits_dtype": "none", "logits_saved_bytes": 0, "peak_allocated_bytes": 4388248576, "peak_increment_bytes": 114688000, "pipeline_parallel_size": 2, "projected_rows": 4096, "rank": 5, "response_only_enabled": true, "role": "actor", "selected_rows": 4096, "tensor_parallel_size": 2, "vocab_shard": 75968}
[36m(WorkerDict pid=3667371)[0m WARNING:2026-09-10 23:12:21,155:VERL_RESPONSE_ONLY_LM_HEAD_PROFILE {"active_ratio": 0.0, "actual_logits_bytes": 0, "allocated_before_bytes": 4273720320, "backend": "fused", "calculate_entropy": true, "calculate_sum_pi_squared": false, "context_parallel_size": 2, "data_format": "thd", "dense_logits_bytes": 0, "dense_rows": 9896, "distillation_only": false, "elapsed_s": 0.005556642077863216, "element_size": 0, "entropy_from_logits_chunk_size": 2048, "entropy_from_logits_with_chunking": false, "event_id": 52, "logits_dtype": "none", "logits_saved_bytes": 0, "peak_allocated_bytes": 4354910208, "peak_increment_bytes": 81189888, "pipeline_parallel_size": 2, "projected_rows": 1, "rank": 6, "response_only_enabled": true, "role": "actor", "selected_rows": 0, "tensor_parallel_size": 2, "vocab_shard": 75968}
[36m(WorkerDict pid=3667372)[0m WARNING:2026-09-10 23:12:21,155:VERL_RESPONSE_ONLY_LM_HEAD_PROFILE {"active_ratio": 0.0, "actual_logits_bytes": 0, "allocated_before_bytes": 4273720320, "backend": "fused", "calculate_entropy": true, "calculate_sum_pi_squared": false, "context_parallel_size": 2, "data_format": "thd", "dense_logits_bytes": 0, "dense_rows": 9896, "distillation_only": false, "elapsed_s": 0.005535532021895051, "element_size": 0, "entropy_from_logits_chunk_size": 2048, "entropy_from_logits_with_chunking": false, "event_id": 52, "logits_dtype": "none", "logits_saved_bytes": 0, "peak_allocated_bytes": 4354910208, "peak_increment_bytes": 81189888, "pipeline_parallel_size": 2, "projected_rows": 1, "rank": 7, "response_only_enabled": true, "role": "actor", "selected_rows": 0, "tensor_parallel_size": 2, "vocab_shard": 75968}
[36m(WorkerDict pid=3667370)[0m WARNING:2026-09-10 23:12:21,280:VERL_RESPONSE_ONLY_LM_HEAD_PROFILE {"active_ratio": 0.41390460792239286, "actual_logits_bytes": 0, "allocated_before_bytes": 4273720320, "backend": "fused", "calculate_entropy": true, "calculate_sum_pi_squared": false, "context_parallel_size": 2, "data_format": "thd", "dense_logits_bytes": 0, "dense_rows": 9896, "distillation_only": false, "elapsed_s": 0.1304426280548796, "element_size": 0, "entropy_from_logits_chunk_size": 2048, "entropy_from_logits_with_chunking": false, "event_id": 52, "logits_dtype": "none", "logits_saved_bytes": 0, "peak_allocated_bytes": 4388408320, "peak_increment_bytes": 114688000, "pipeline_parallel_size": 2, "projected_rows": 4096, "rank": 5, "response_only_enabled": true, "role": "actor", "selected_rows": 4096, "tensor_parallel_size": 2, "vocab_shard": 75968}
[36m(WorkerDict pid=3667371)[0m WARNING:2026-09-10 23:12:21,578:VERL_RESPONSE_ONLY_LM_HEAD_PROFILE {"active_ratio": 0.0, "actual_logits_bytes": 0, "allocated_before_bytes": 4273880064, "backend": "fused", "calculate_entropy": true, "calculate_sum_pi_squared": false, "context_parallel_size": 2, "data_format": "thd", "dense_logits_bytes": 0, "dense_rows": 9896, "distillation_only": false, "elapsed_s": 0.005552142974920571, "element_size": 0, "entropy_from_logits_chunk_size": 2048, "entropy_from_logits_with_chunking": false, "event_id": 53, "logits_dtype": "none", "logits_saved_bytes": 0, "peak_allocated_bytes": 4355069952, "peak_increment_bytes": 81189888, "pipeline_parallel_size": 2, "projected_rows": 1, "rank": 6, "response_only_enabled": true, "role": "actor", "selected_rows": 0, "tensor_parallel_size": 2, "vocab_shard": 75968}
[36m(WorkerDict pid=3667372)[0m WARNING:2026-09-10 23:12:21,578:VERL_RESPONSE_ONLY_LM_HEAD_PROFILE {"active_ratio": 0.0, "actual_logits_bytes": 0, "allocated_before_bytes": 4273880064, "backend": "fused", "calculate_entropy": true, "calculate_sum_pi_squared": false, "context_parallel_size": 2, "data_format": "thd", "dense_logits_bytes": 0, "dense_rows": 9896, "distillation_only": false, "elapsed_s": 0.005534012918360531, "element_size": 0, "entropy_from_logits_chunk_size": 2048, "entropy_from_logits_with_chunking": false, "event_id": 53, "logits_dtype": "none", "logits_saved_bytes": 0, "peak_allocated_bytes": 4355069952, "peak_increment_bytes": 81189888, "pipeline_parallel_size": 2, "projected_rows": 1, "rank": 7, "response_only_enabled": true, "role": "actor", "selected_rows": 0, "tensor_parallel_size": 2, "vocab_shard": 75968}
[36m(WorkerDict pid=3667370)[0m WARNING:2026-09-10 23:12:21,703:VERL_RESPONSE_ONLY_LM_HEAD_PROFILE {"active_ratio": 0.41390460792239286, "actual_logits_bytes": 0, "allocated_before_bytes": 4273880064, "backend": "fused", "calculate_entropy": true, "calculate_sum_pi_squared": false, "context_parallel_size": 2, "data_format": "thd", "dense_logits_bytes": 0, "dense_rows": 9896, "distillation_only": false, "elapsed_s": 0.1305079379817471, "element_size": 0, "entropy_from_logits_chunk_size": 2048, "entropy_from_logits_with_chunking": false, "event_id": 53, "logits_dtype": "none", "logits_saved_bytes": 0, "peak_allocated_bytes": 4388568064, "peak_increment_bytes": 114688000, "pipeline_parallel_size": 2, "projected_rows": 4096, "rank": 5, "response_only_enabled": true, "role": "actor", "selected_rows": 4096, "tensor_parallel_size": 2, "vocab_shard": 75968}
[36m(WorkerDict pid=3667371)[0m WARNING:2026-09-10 23:12:22,001:VERL_RESPONSE_ONLY_LM_HEAD_PROFILE {"active_ratio": 0.0, "actual_logits_bytes": 0, "allocated_before_bytes": 4274039808, "backend": "fused", "calculate_entropy": true, "calculate_sum_pi_squared": false, "context_parallel_size": 2, "data_format": "thd", "dense_logits_bytes": 0, "dense_rows": 9896, "distillation_only": false, "elapsed_s": 0.0056174329947680235, "element_size": 0, "entropy_from_logits_chunk_size": 2048, "entropy_from_logits_with_chunking": false, "event_id": 54, "logits_dtype": "none", "logits_saved_bytes": 0, "peak_allocated_bytes": 4355229696, "peak_increment_bytes": 81189888, "pipeline_parallel_size": 2, "projected_rows": 1, "rank": 6, "response_only_enabled": true, "role": "actor", "selected_rows": 0, "tensor_parallel_size": 2, "vocab_shard": 75968}
[36m(WorkerDict pid=3667372)[0m WARNING:2026-09-10 23:12:22,001:VERL_RESPONSE_ONLY_LM_HEAD_PROFILE {"active_ratio": 0.0, "actual_logits_bytes": 0, "allocated_before_bytes": 4274039808, "backend": "fused", "calculate_entropy": true, "calculate_sum_pi_squared": false, "context_parallel_size": 2, "data_format": "thd", "dense_logits_bytes": 0, "dense_rows": 9896, "distillation_only": false, "elapsed_s": 0.005623362958431244, "element_size": 0, "entropy_from_logits_chunk_size": 2048, "entropy_from_logits_with_chunking": false, "event_id": 54, "logits_dtype": "none", "logits_saved_bytes": 0, "peak_allocated_bytes": 4355229696, "peak_increment_bytes": 81189888, "pipeline_parallel_size": 2, "projected_rows": 1, "rank": 7, "response_only_enabled": true, "role": "actor", "selected_rows": 0, "tensor_parallel_size": 2, "vocab_shard": 75968}
[36m(WorkerDict pid=3667370)[0m WARNING:2026-09-10 23:12:22,126:VERL_RESPONSE_ONLY_LM_HEAD_PROFILE {"active_ratio": 0.41390460792239286, "actual_logits_bytes": 0, "allocated_before_bytes": 4274039808, "backend": "fused", "calculate_entropy": true, "calculate_sum_pi_squared": false, "context_parallel_size": 2, "data_format": "thd", "dense_logits_bytes": 0, "dense_rows": 9896, "distillation_only": false, "elapsed_s": 0.1307361590443179, "element_size": 0, "entropy_from_logits_chunk_size": 2048, "entropy_from_logits_with_chunking": false, "event_id": 54, "logits_dtype": "none", "logits_saved_bytes": 0, "peak_allocated_bytes": 4388727808, "peak_increment_bytes": 114688000, "pipeline_parallel_size": 2, "projected_rows": 4096, "rank": 5, "response_only_enabled": true, "role": "actor", "selected_rows": 4096, "tensor_parallel_size": 2, "vocab_shard": 75968}
[36m(WorkerDict pid=3667371)[0m WARNING:2026-09-10 23:12:22,423:VERL_RESPONSE_ONLY_LM_HEAD_PROFILE {"active_ratio": 0.0, "actual_logits_bytes": 0, "allocated_before_bytes": 4274199552, "backend": "fused", "calculate_entropy": true, "calculate_sum_pi_squared": false, "context_parallel_size": 2, "data_format": "thd", "dense_logits_bytes": 0, "dense_rows": 9896, "distillation_only": false, "elapsed_s": 0.005616052076220512, "element_size": 0, "entropy_from_logits_chunk_size": 2048, "entropy_from_logits_with_chunking": false, "event_id": 55, "logits_dtype": "none", "logits_saved_bytes": 0, "peak_allocated_bytes": 4355389440, "peak_increment_bytes": 81189888, "pipeline_parallel_size": 2, "projected_rows": 1, "rank": 6, "response_only_enabled": true, "role": "actor", "selected_rows": 0, "tensor_parallel_size": 2, "vocab_shard": 75968}
[36m(WorkerDict pid=3667372)[0m WARNING:2026-09-10 23:12:22,423:VERL_RESPONSE_ONLY_LM_HEAD_PROFILE {"active_ratio": 0.0, "actual_logits_bytes": 0, "allocated_before_bytes": 4274199552, "backend": "fused", "calculate_entropy": true, "calculate_sum_pi_squared": false, "context_parallel_size": 2, "data_format": "thd", "dense_logits_bytes": 0, "dense_rows": 9896, "distillation_only": false, "elapsed_s": 0.005694831954315305, "element_size": 0, "entropy_from_logits_chunk_size": 2048, "entropy_from_logits_with_chunking": false, "event_id": 55, "logits_dtype": "none", "logits_saved_bytes": 0, "peak_allocated_bytes": 4355389440, "peak_increment_bytes": 81189888, "pipeline_parallel_size": 2, "projected_rows": 1, "rank": 7, "response_only_enabled": true, "role": "actor", "selected_rows": 0, "tensor_parallel_size": 2, "vocab_shard": 75968}
[36m(WorkerDict pid=3667370)[0m WARNING:2026-09-10 23:12:22,548:VERL_RESPONSE_ONLY_LM_HEAD_PROFILE {"active_ratio": 0.41390460792239286, "actual_logits_bytes": 0, "allocated_before_bytes": 4274199552, "backend": "fused", "calculate_entropy": true, "calculate_sum_pi_squared": false, "context_parallel_size": 2, "data_format": "thd", "dense_logits_bytes": 0, "dense_rows": 9896, "distillation_only": false, "elapsed_s": 0.1301900380058214, "element_size": 0, "entropy_from_logits_chunk_size": 2048, "entropy_from_logits_with_chunking": false, "event_id": 55, "logits_dtype": "none", "logits_saved_bytes": 0, "peak_allocated_bytes": 4388887552, "peak_increment_bytes": 114688000, "pipeline_parallel_size": 2, "projected_rows": 4096, "rank": 5, "response_only_enabled": true, "role": "actor", "selected_rows": 4096, "tensor_parallel_size": 2, "vocab_shard": 75968}
[36m(WorkerDict pid=3667371)[0m WARNING:2026-09-10 23:12:22,847:VERL_RESPONSE_ONLY_LM_HEAD_PROFILE {"active_ratio": 0.0, "actual_logits_bytes": 0, "allocated_before_bytes": 4284417024, "backend": "fused", "calculate_entropy": true, "calculate_sum_pi_squared": false, "context_parallel_size": 2, "data_format": "thd", "dense_logits_bytes": 0, "dense_rows": 9888, "distillation_only": false, "elapsed_s": 0.0055743829580023885, "element_size": 0, "entropy_from_logits_chunk_size": 2048, "entropy_from_logits_with_chunking": false, "event_id": 56, "logits_dtype": "none", "logits_saved_bytes": 0, "peak_allocated_bytes": 4365541376, "peak_increment_bytes": 81124352, "pipeline_parallel_size": 2, "projected_rows": 1, "rank": 6, "response_only_enabled": true, "role": "actor", "selected_rows": 0, "tensor_parallel_size": 2, "vocab_shard": 75968}
[36m(WorkerDict pid=3667372)[0m WARNING:2026-09-10 23:12:22,847:VERL_RESPONSE_ONLY_LM_HEAD_PROFILE {"active_ratio": 0.0, "actual_logits_bytes": 0, "allocated_before_bytes": 4284417024, "backend": "fused", "calculate_entropy": true, "calculate_sum_pi_squared": false, "context_parallel_size": 2, "data_format": "thd", "dense_logits_bytes": 0, "dense_rows": 9888, "distillation_only": false, "elapsed_s": 0.005619712988846004, "element_size": 0, "entropy_from_logits_chunk_size": 2048, "entropy_from_logits_with_chunking": false, "event_id": 56, "logits_dtype": "none", "logits_saved_bytes": 0, "peak_allocated_bytes": 4365541376, "peak_increment_bytes": 81124352, "pipeline_parallel_size": 2, "projected_rows": 1, "rank": 7, "response_only_enabled": true, "role": "actor", "selected_rows": 0, "tensor_parallel_size": 2, "vocab_shard": 75968}
[36m(WorkerDict pid=3667370)[0m WARNING:2026-09-10 23:12:22,972:VERL_RESPONSE_ONLY_LM_HEAD_PROFILE {"active_ratio": 0.41423948220064727, "actual_logits_bytes": 0, "allocated_before_bytes": 4284417024, "backend": "fused", "calculate_entropy": true, "calculate_sum_pi_squared": false, "context_parallel_size": 2, "data_format": "thd", "dense_logits_bytes": 0, "dense_rows": 9888, "distillation_only": false, "elapsed_s": 0.13038287800736725, "element_size": 0, "entropy_from_logits_chunk_size": 2048, "entropy_from_logits_with_chunking": false, "event_id": 56, "logits_dtype": "none", "logits_saved_bytes": 0, "peak_allocated_bytes": 4399039488, "peak_increment_bytes": 114622464, "pipeline_parallel_size": 2, "projected_rows": 4096, "rank": 5, "response_only_enabled": true, "role": "actor", "selected_rows": 4096, "tensor_parallel_size": 2, "vocab_shard": 75968}
[36m(WorkerDict pid=3667371)[0m WARNING:2026-09-10 23:12:23,270:VERL_RESPONSE_ONLY_LM_HEAD_PROFILE {"active_ratio": 0.0, "actual_logits_bytes": 0, "allocated_before_bytes": 4284576768, "backend": "fused", "calculate_entropy": true, "calculate_sum_pi_squared": false, "context_parallel_size": 2, "data_format": "thd", "dense_logits_bytes": 0, "dense_rows": 9888, "distillation_only": false, "elapsed_s": 0.0055856830440461636, "element_size": 0, "entropy_from_logits_chunk_size": 2048, "entropy_from_logits_with_chunking": false, "event_id": 57, "logits_dtype": "none", "logits_saved_bytes": 0, "peak_allocated_bytes": 4365701120, "peak_increment_bytes": 81124352, "pipeline_parallel_size": 2, "projected_rows": 1, "rank": 6, "response_only_enabled": true, "role": "actor", "selected_rows": 0, "tensor_parallel_size": 2, "vocab_shard": 75968}
[36m(WorkerDict pid=3667372)[0m WARNING:2026-09-10 23:12:23,270:VERL_RESPONSE_ONLY_LM_HEAD_PROFILE {"active_ratio": 0.0, "actual_logits_bytes": 0, "allocated_before_bytes": 4284576768, "backend": "fused", "calculate_entropy": true, "calculate_sum_pi_squared": false, "context_parallel_size": 2, "data_format": "thd", "dense_logits_bytes": 0, "dense_rows": 9888, "distillation_only": false, "elapsed_s": 0.005531813018023968, "element_size": 0, "entropy_from_logits_chunk_size": 2048, "entropy_from_logits_with_chunking": false, "event_id": 57, "logits_dtype": "none", "logits_saved_bytes": 0, "peak_allocated_bytes": 4365701120, "peak_increment_bytes": 81124352, "pipeline_parallel_size": 2, "projected_rows": 1, "rank": 7, "response_only_enabled": true, "role": "actor", "selected_rows": 0, "tensor_parallel_size": 2, "vocab_shard": 75968}
[36m(WorkerDict pid=3667370)[0m WARNING:2026-09-10 23:12:23,395:VERL_RESPONSE_ONLY_LM_HEAD_PROFILE {"active_ratio": 0.41423948220064727, "actual_logits_bytes": 0, "allocated_before_bytes": 4284576768, "backend": "fused", "calculate_entropy": true, "calculate_sum_pi_squared": false, "context_parallel_size": 2, "data_format": "thd", "dense_logits_bytes": 0, "dense_rows": 9888, "distillation_only": false, "elapsed_s": 0.13051651907153428, "element_size": 0, "entropy_from_logits_chunk_size": 2048, "entropy_from_logits_with_chunking": false, "event_id": 57, "logits_dtype": "none", "logits_saved_bytes": 0, "peak_allocated_bytes": 4399199232, "peak_increment_bytes": 114622464, "pipeline_parallel_size": 2, "projected_rows": 4096, "rank": 5, "response_only_enabled": true, "role": "actor", "selected_rows": 4096, "tensor_parallel_size": 2, "vocab_shard": 75968}
[36m(WorkerDict pid=3667371)[0m WARNING:2026-09-10 23:12:23,692:VERL_RESPONSE_ONLY_LM_HEAD_PROFILE {"active_ratio": 0.0, "actual_logits_bytes": 0, "allocated_before_bytes": 4284736512, "backend": "fused", "calculate_entropy": true, "calculate_sum_pi_squared": false, "context_parallel_size": 2, "data_format": "thd", "dense_logits_bytes": 0, "dense_rows": 9888, "distillation_only": false, "elapsed_s": 0.005550551926717162, "element_size": 0, "entropy_from_logits_chunk_size": 2048, "entropy_from_logits_with_chunking": false, "event_id": 58, "logits_dtype": "none", "logits_saved_bytes": 0, "peak_allocated_bytes": 4365860864, "peak_increment_bytes": 81124352, "pipeline_parallel_size": 2, "projected_rows": 1, "rank": 6, "response_only_enabled": true, "role": "actor", "selected_rows": 0, "tensor_parallel_size": 2, "vocab_shard": 75968}
[36m(WorkerDict pid=3667372)[0m WARNING:2026-09-10 23:12:23,692:VERL_RESPONSE_ONLY_LM_HEAD_PROFILE {"active_ratio": 0.0, "actual_logits_bytes": 0, "allocated_before_bytes": 4284736512, "backend": "fused", "calculate_entropy": true, "calculate_sum_pi_squared": false, "context_parallel_size": 2, "data_format": "thd", "dense_logits_bytes": 0, "dense_rows": 9888, "distillation_only": false, "elapsed_s": 0.005532042006962001, "element_size": 0, "entropy_from_logits_chunk_size": 2048, "entropy_from_logits_with_chunking": false, "event_id": 58, "logits_dtype": "none", "logits_saved_bytes": 0, "peak_allocated_bytes": 4365860864, "peak_increment_bytes": 81124352, "pipeline_parallel_size": 2, "projected_rows": 1, "rank": 7, "response_only_enabled": true, "role": "actor", "selected_rows": 0, "tensor_parallel_size": 2, "vocab_shard": 75968}
[36m(WorkerDict pid=3667370)[0m WARNING:2026-09-10 23:12:23,817:VERL_RESPONSE_ONLY_LM_HEAD_PROFILE {"active_ratio": 0.41423948220064727, "actual_logits_bytes": 0, "allocated_before_bytes": 4284736512, "backend": "fused", "calculate_entropy": true, "calculate_sum_pi_squared": false, "context_parallel_size": 2, "data_format": "thd", "dense_logits_bytes": 0, "dense_rows": 9888, "distillation_only": false, "elapsed_s": 0.13007687800563872, "element_size": 0, "entropy_from_logits_chunk_size": 2048, "entropy_from_logits_with_chunking": false, "event_id": 58, "logits_dtype": "none", "logits_saved_bytes": 0, "peak_allocated_bytes": 4399358976, "peak_increment_bytes": 114622464, "pipeline_parallel_size": 2, "projected_rows": 4096, "rank": 5, "response_only_enabled": true, "role": "actor", "selected_rows": 4096, "tensor_parallel_size": 2, "vocab_shard": 75968}
[36m(WorkerDict pid=3667371)[0m WARNING:2026-09-10 23:12:24,122:VERL_RESPONSE_ONLY_LM_HEAD_PROFILE {"active_ratio": 0.0, "actual_logits_bytes": 0, "allocated_before_bytes": 4284896256, "backend": "fused", "calculate_entropy": true, "calculate_sum_pi_squared": false, "context_parallel_size": 2, "data_format": "thd", "dense_logits_bytes": 0, "dense_rows": 9888, "distillation_only": false, "elapsed_s": 0.005622733035124838, "element_size": 0, "entropy_from_logits_chunk_size": 2048, "entropy_from_logits_with_chunking": false, "event_id": 59, "logits_dtype": "none", "logits_saved_bytes": 0, "peak_allocated_bytes": 4366020608, "peak_increment_bytes": 81124352, "pipeline_parallel_size": 2, "projected_rows": 1, "rank": 6, "response_only_enabled": true, "role": "actor", "selected_rows": 0, "tensor_parallel_size": 2, "vocab_shard": 75968}
[36m(WorkerDict pid=3667372)[0m WARNING:2026-09-10 23:12:24,122:VERL_RESPONSE_ONLY_LM_HEAD_PROFILE {"active_ratio": 0.0, "actual_logits_bytes": 0, "allocated_before_bytes": 4284896256, "backend": "fused", "calculate_entropy": true, "calculate_sum_pi_squared": false, "context_parallel_size": 2, "data_format": "thd", "dense_logits_bytes": 0, "dense_rows": 9888, "distillation_only": false, "elapsed_s": 0.005491042975336313, "element_size": 0, "entropy_from_logits_chunk_size": 2048, "entropy_from_logits_with_chunking": false, "event_id": 59, "logits_dtype": "none", "logits_saved_bytes": 0, "peak_allocated_bytes": 4366020608, "peak_increment_bytes": 81124352, "pipeline_parallel_size": 2, "projected_rows": 1, "rank": 7, "response_only_enabled": true, "role": "actor", "selected_rows": 0, "tensor_parallel_size": 2, "vocab_shard": 75968}
[36m(WorkerDict pid=3667370)[0m WARNING:2026-09-10 23:12:24,248:VERL_RESPONSE_ONLY_LM_HEAD_PROFILE {"active_ratio": 0.41423948220064727, "actual_logits_bytes": 0, "allocated_before_bytes": 4284896256, "backend": "fused", "calculate_entropy": true, "calculate_sum_pi_squared": false, "context_parallel_size": 2, "data_format": "thd", "dense_logits_bytes": 0, "dense_rows": 9888, "distillation_only": false, "elapsed_s": 0.13089441903866827, "element_size": 0, "entropy_from_logits_chunk_size": 2048, "entropy_from_logits_with_chunking": false, "event_id": 59, "logits_dtype": "none", "logits_saved_bytes": 0, "peak_allocated_bytes": 4399518720, "peak_increment_bytes": 114622464, "pipeline_parallel_size": 2, "projected_rows": 4096, "rank": 5, "response_only_enabled": true, "role": "actor", "selected_rows": 4096, "tensor_parallel_size": 2, "vocab_shard": 75968}
[36m(WorkerDict pid=3667371)[0m WARNING:2026-09-10 23:12:24,546:VERL_RESPONSE_ONLY_LM_HEAD_PROFILE {"active_ratio": 0.0, "actual_logits_bytes": 0, "allocated_before_bytes": 4285056000, "backend": "fused", "calculate_entropy": true, "calculate_sum_pi_squared": false, "context_parallel_size": 2, "data_format": "thd", "dense_logits_bytes": 0, "dense_rows": 9888, "distillation_only": false, "elapsed_s": 0.005677971988916397, "element_size": 0, "entropy_from_logits_chunk_size": 2048, "entropy_from_logits_with_chunking": false, "event_id": 60, "logits_dtype": "none", "logits_saved_bytes": 0, "peak_allocated_bytes": 4366180352, "peak_increment_bytes": 81124352, "pipeline_parallel_size": 2, "projected_rows": 1, "rank": 6, "response_only_enabled": true, "role": "actor", "selected_rows": 0, "tensor_parallel_size": 2, "vocab_shard": 75968}
[36m(WorkerDict pid=3667372)[0m WARNING:2026-09-10 23:12:24,546:VERL_RESPONSE_ONLY_LM_HEAD_PROFILE {"active_ratio": 0.0, "actual_logits_bytes": 0, "allocated_before_bytes": 4285056000, "backend": "fused", "calculate_entropy": true, "calculate_sum_pi_squared": false, "context_parallel_size": 2, "data_format": "thd", "dense_logits_bytes": 0, "dense_rows": 9888, "distillation_only": false, "elapsed_s": 0.005673011997714639, "element_size": 0, "entropy_from_logits_chunk_size": 2048, "entropy_from_logits_with_chunking": false, "event_id": 60, "logits_dtype": "none", "logits_saved_bytes": 0, "peak_allocated_bytes": 4366180352, "peak_increment_bytes": 81124352, "pipeline_parallel_size": 2, "projected_rows": 1, "rank": 7, "response_only_enabled": true, "role": "actor", "selected_rows": 0, "tensor_parallel_size": 2, "vocab_shard": 75968}
[36m(WorkerDict pid=3667370)[0m WARNING:2026-09-10 23:12:24,672:VERL_RESPONSE_ONLY_LM_HEAD_PROFILE {"active_ratio": 0.41423948220064727, "actual_logits_bytes": 0, "allocated_before_bytes": 4285056000, "backend": "fused", "calculate_entropy": true, "calculate_sum_pi_squared": false, "context_parallel_size": 2, "data_format": "thd", "dense_logits_bytes": 0, "dense_rows": 9888, "distillation_only": false, "elapsed_s": 0.13096566905733198, "element_size": 0, "entropy_from_logits_chunk_size": 2048, "entropy_from_logits_with_chunking": false, "event_id": 60, "logits_dtype": "none", "logits_saved_bytes": 0, "peak_allocated_bytes": 4399678464, "peak_increment_bytes": 114622464, "pipeline_parallel_size": 2, "projected_rows": 4096, "rank": 5, "response_only_enabled": true, "role": "actor", "selected_rows": 4096, "tensor_parallel_size": 2, "vocab_shard": 75968}
[36m(WorkerDict pid=3667371)[0m WARNING:2026-09-10 23:12:24,969:VERL_RESPONSE_ONLY_LM_HEAD_PROFILE {"active_ratio": 0.0, "actual_logits_bytes": 0, "allocated_before_bytes": 4285215744, "backend": "fused", "calculate_entropy": true, "calculate_sum_pi_squared": false, "context_parallel_size": 2, "data_format": "thd", "dense_logits_bytes": 0, "dense_rows": 9888, "distillation_only": false, "elapsed_s": 0.00559278205037117, "element_size": 0, "entropy_from_logits_chunk_size": 2048, "entropy_from_logits_with_chunking": false, "event_id": 61, "logits_dtype": "none", "logits_saved_bytes": 0, "peak_allocated_bytes": 4366340096, "peak_increment_bytes": 81124352, "pipeline_parallel_size": 2, "projected_rows": 1, "rank": 6, "response_only_enabled": true, "role": "actor", "selected_rows": 0, "tensor_parallel_size": 2, "vocab_shard": 75968}
[36m(WorkerDict pid=3667372)[0m WARNING:2026-09-10 23:12:24,969:VERL_RESPONSE_ONLY_LM_HEAD_PROFILE {"active_ratio": 0.0, "actual_logits_bytes": 0, "allocated_before_bytes": 4285215744, "backend": "fused", "calculate_entropy": true, "calculate_sum_pi_squared": false, "context_parallel_size": 2, "data_format": "thd", "dense_logits_bytes": 0, "dense_rows": 9888, "distillation_only": false, "elapsed_s": 0.005639121984131634, "element_size": 0, "entropy_from_logits_chunk_size": 2048, "entropy_from_logits_with_chunking": false, "event_id": 61, "logits_dtype": "none", "logits_saved_bytes": 0, "peak_allocated_bytes": 4366340096, "peak_increment_bytes": 81124352, "pipeline_parallel_size": 2, "projected_rows": 1, "rank": 7, "response_only_enabled": true, "role": "actor", "selected_rows": 0, "tensor_parallel_size": 2, "vocab_shard": 75968}
[36m(WorkerDict pid=3667370)[0m WARNING:2026-09-10 23:12:25,095:VERL_RESPONSE_ONLY_LM_HEAD_PROFILE {"active_ratio": 0.41423948220064727, "actual_logits_bytes": 0, "allocated_before_bytes": 4285215744, "backend": "fused", "calculate_entropy": true, "calculate_sum_pi_squared": false, "context_parallel_size": 2, "data_format": "thd", "dense_logits_bytes": 0, "dense_rows": 9888, "distillation_only": false, "elapsed_s": 0.1307795780012384, "element_size": 0, "entropy_from_logits_chunk_size": 2048, "entropy_from_logits_with_chunking": false, "event_id": 61, "logits_dtype": "none", "logits_saved_bytes": 0, "peak_allocated_bytes": 4399838208, "peak_increment_bytes": 114622464, "pipeline_parallel_size": 2, "projected_rows": 4096, "rank": 5, "response_only_enabled": true, "role": "actor", "selected_rows": 4096, "tensor_parallel_size": 2, "vocab_shard": 75968}
[36m(WorkerDict pid=3667371)[0m WARNING:2026-09-10 23:12:25,392:VERL_RESPONSE_ONLY_LM_HEAD_PROFILE {"active_ratio": 0.0, "actual_logits_bytes": 0, "allocated_before_bytes": 4285375488, "backend": "fused", "calculate_entropy": true, "calculate_sum_pi_squared": false, "context_parallel_size": 2, "data_format": "thd", "dense_logits_bytes": 0, "dense_rows": 9888, "distillation_only": false, "elapsed_s": 0.0055357119999825954, "element_size": 0, "entropy_from_logits_chunk_size": 2048, "entropy_from_logits_with_chunking": false, "event_id": 62, "logits_dtype": "none", "logits_saved_bytes": 0, "peak_allocated_bytes": 4366499840, "peak_increment_bytes": 81124352, "pipeline_parallel_size": 2, "projected_rows": 1, "rank": 6, "response_only_enabled": true, "role": "actor", "selected_rows": 0, "tensor_parallel_size": 2, "vocab_shard": 75968}
[36m(WorkerDict pid=3667372)[0m WARNING:2026-09-10 23:12:25,392:VERL_RESPONSE_ONLY_LM_HEAD_PROFILE {"active_ratio": 0.0, "actual_logits_bytes": 0, "allocated_before_bytes": 4285375488, "backend": "fused", "calculate_entropy": true, "calculate_sum_pi_squared": false, "context_parallel_size": 2, "data_format": "thd", "dense_logits_bytes": 0, "dense_rows": 9888, "distillation_only": false, "elapsed_s": 0.005584931932389736, "element_size": 0, "entropy_from_logits_chunk_size": 2048, "entropy_from_logits_with_chunking": false, "event_id": 62, "logits_dtype": "none", "logits_saved_bytes": 0, "peak_allocated_bytes": 4366499840, "peak_increment_bytes": 81124352, "pipeline_parallel_size": 2, "projected_rows": 1, "rank": 7, "response_only_enabled": true, "role": "actor", "selected_rows": 0, "tensor_parallel_size": 2, "vocab_shard": 75968}
[36m(WorkerDict pid=3667370)[0m WARNING:2026-09-10 23:12:25,517:VERL_RESPONSE_ONLY_LM_HEAD_PROFILE {"active_ratio": 0.41423948220064727, "actual_logits_bytes": 0, "allocated_before_bytes": 4285375488, "backend": "fused", "calculate_entropy": true, "calculate_sum_pi_squared": false, "context_parallel_size": 2, "data_format": "thd", "dense_logits_bytes": 0, "dense_rows": 9888, "distillation_only": false, "elapsed_s": 0.13019516796339303, "element_size": 0, "entropy_from_logits_chunk_size": 2048, "entropy_from_logits_with_chunking": false, "event_id": 62, "logits_dtype": "none", "logits_saved_bytes": 0, "peak_allocated_bytes": 4399997952, "peak_increment_bytes": 114622464, "pipeline_parallel_size": 2, "projected_rows": 4096, "rank": 5, "response_only_enabled": true, "role": "actor", "selected_rows": 4096, "tensor_parallel_size": 2, "vocab_shard": 75968}
[36m(WorkerDict pid=3667371)[0m WARNING:2026-09-10 23:12:25,814:VERL_RESPONSE_ONLY_LM_HEAD_PROFILE {"active_ratio": 0.0, "actual_logits_bytes": 0, "allocated_before_bytes": 4285535232, "backend": "fused", "calculate_entropy": true, "calculate_sum_pi_squared": false, "context_parallel_size": 2, "data_format": "thd", "dense_logits_bytes": 0, "dense_rows": 9888, "distillation_only": false, "elapsed_s": 0.005587831954471767, "element_size": 0, "entropy_from_logits_chunk_size": 2048, "entropy_from_logits_with_chunking": false, "event_id": 63, "logits_dtype": "none", "logits_saved_bytes": 0, "peak_allocated_bytes": 4366659584, "peak_increment_bytes": 81124352, "pipeline_parallel_size": 2, "projected_rows": 1, "rank": 6, "response_only_enabled": true, "role": "actor", "selected_rows": 0, "tensor_parallel_size": 2, "vocab_shard": 75968}
[36m(WorkerDict pid=3667372)[0m WARNING:2026-09-10 23:12:25,814:VERL_RESPONSE_ONLY_LM_HEAD_PROFILE {"active_ratio": 0.0, "actual_logits_bytes": 0, "allocated_before_bytes": 4285535232, "backend": "fused", "calculate_entropy": true, "calculate_sum_pi_squared": false, "context_parallel_size": 2, "data_format": "thd", "dense_logits_bytes": 0, "dense_rows": 9888, "distillation_only": false, "elapsed_s": 0.005595832015387714, "element_size": 0, "entropy_from_logits_chunk_size": 2048, "entropy_from_logits_with_chunking": false, "event_id": 63, "logits_dtype": "none", "logits_saved_bytes": 0, "peak_allocated_bytes": 4366659584, "peak_increment_bytes": 81124352, "pipeline_parallel_size": 2, "projected_rows": 1, "rank": 7, "response_only_enabled": true, "role": "actor", "selected_rows": 0, "tensor_parallel_size": 2, "vocab_shard": 75968}
[36m(WorkerDict pid=3667370)[0m WARNING:2026-09-10 23:12:25,939:VERL_RESPONSE_ONLY_LM_HEAD_PROFILE {"active_ratio": 0.41423948220064727, "actual_logits_bytes": 0, "allocated_before_bytes": 4285535232, "backend": "fused", "calculate_entropy": true, "calculate_sum_pi_squared": false, "context_parallel_size": 2, "data_format": "thd", "dense_logits_bytes": 0, "dense_rows": 9888, "distillation_only": false, "elapsed_s": 0.13021865801420063, "element_size": 0, "entropy_from_logits_chunk_size": 2048, "entropy_from_logits_with_chunking": false, "event_id": 63, "logits_dtype": "none", "logits_saved_bytes": 0, "peak_allocated_bytes": 4400157696, "peak_increment_bytes": 114622464, "pipeline_parallel_size": 2, "projected_rows": 4096, "rank": 5, "response_only_enabled": true, "role": "actor", "selected_rows": 4096, "tensor_parallel_size": 2, "vocab_shard": 75968}
[36m(WorkerDict pid=3667371)[0m WARNING:2026-09-10 23:12:30,525:VERL_RESPONSE_ONLY_LM_HEAD_PROFILE {"active_ratio": 0.0, "actual_logits_bytes": 0, "allocated_before_bytes": 4282116608, "backend": "fused", "calculate_entropy": false, "calculate_sum_pi_squared": false, "context_parallel_size": 2, "data_format": "thd", "dense_logits_bytes": 0, "dense_rows": 9896, "distillation_only": false, "elapsed_s": 0.005543892038986087, "element_size": 0, "entropy_from_logits_chunk_size": 2048, "entropy_from_logits_with_chunking": false, "event_id": 64, "logits_dtype": "none", "logits_saved_bytes": 0, "peak_allocated_bytes": 4363306496, "peak_increment_bytes": 81189888, "pipeline_parallel_size": 2, "projected_rows": 1, "rank": 6, "response_only_enabled": true, "role": "ref", "selected_rows": 0, "tensor_parallel_size": 2, "vocab_shard": 75968}
[36m(WorkerDict pid=3667372)[0m WARNING:2026-09-10 23:12:30,525:VERL_RESPONSE_ONLY_LM_HEAD_PROFILE {"active_ratio": 0.0, "actual_logits_bytes": 0, "allocated_before_bytes": 4282116608, "backend": "fused", "calculate_entropy": false, "calculate_sum_pi_squared": false, "context_parallel_size": 2, "data_format": "thd", "dense_logits_bytes": 0, "dense_rows": 9896, "distillation_only": false, "elapsed_s": 0.005577501957304776, "element_size": 0, "entropy_from_logits_chunk_size": 2048, "entropy_from_logits_with_chunking": false, "event_id": 64, "logits_dtype": "none", "logits_saved_bytes": 0, "peak_allocated_bytes": 4363306496, "peak_increment_bytes": 81189888, "pipeline_parallel_size": 2, "projected_rows": 1, "rank": 7, "response_only_enabled": true, "role": "ref", "selected_rows": 0, "tensor_parallel_size": 2, "vocab_shard": 75968}
[36m(WorkerDict pid=3667370)[0m WARNING:2026-09-10 23:12:30,651:VERL_RESPONSE_ONLY_LM_HEAD_PROFILE {"active_ratio": 0.41390460792239286, "actual_logits_bytes": 0, "allocated_before_bytes": 4282116608, "backend": "fused", "calculate_entropy": false, "calculate_sum_pi_squared": false, "context_parallel_size": 2, "data_format": "thd", "dense_logits_bytes": 0, "dense_rows": 9896, "distillation_only": false, "elapsed_s": 0.13037078792694956, "element_size": 0, "entropy_from_logits_chunk_size": 2048, "entropy_from_logits_with_chunking": false, "event_id": 64, "logits_dtype": "none", "logits_saved_bytes": 0, "peak_allocated_bytes": 4396804608, "peak_increment_bytes": 114688000, "pipeline_parallel_size": 2, "projected_rows": 4096, "rank": 5, "response_only_enabled": true, "role": "ref", "selected_rows": 4096, "tensor_parallel_size": 2, "vocab_shard": 75968}
[36m(WorkerDict pid=3667371)[0m WARNING:2026-09-10 23:12:30,947:VERL_RESPONSE_ONLY_LM_HEAD_PROFILE {"active_ratio": 0.0, "actual_logits_bytes": 0, "allocated_before_bytes": 4282196992, "backend": "fused", "calculate_entropy": false, "calculate_sum_pi_squared": false, "context_parallel_size": 2, "data_format": "thd", "dense_logits_bytes": 0, "dense_rows": 9896, "distillation_only": false, "elapsed_s": 0.00558341306168586, "element_size": 0, "entropy_from_logits_chunk_size": 2048, "entropy_from_logits_with_chunking": false, "event_id": 65, "logits_dtype": "none", "logits_saved_bytes": 0, "peak_allocated_bytes": 4363386880, "peak_increment_bytes": 81189888, "pipeline_parallel_size": 2, "projected_rows": 1, "rank": 6, "response_only_enabled": true, "role": "ref", "selected_rows": 0, "tensor_parallel_size": 2, "vocab_shard": 75968}
[36m(WorkerDict pid=3667372)[0m WARNING:2026-09-10 23:12:30,947:VERL_RESPONSE_ONLY_LM_HEAD_PROFILE {"active_ratio": 0.0, "actual_logits_bytes": 0, "allocated_before_bytes": 4282196992, "backend": "fused", "calculate_entropy": false, "calculate_sum_pi_squared": false, "context_parallel_size": 2, "data_format": "thd", "dense_logits_bytes": 0, "dense_rows": 9896, "distillation_only": false, "elapsed_s": 0.005647653015330434, "element_size": 0, "entropy_from_logits_chunk_size": 2048, "entropy_from_logits_with_chunking": false, "event_id": 65, "logits_dtype": "none", "logits_saved_bytes": 0, "peak_allocated_bytes": 4363386880, "peak_increment_bytes": 81189888, "pipeline_parallel_size": 2, "projected_rows": 1, "rank": 7, "response_only_enabled": true, "role": "ref", "selected_rows": 0, "tensor_parallel_size": 2, "vocab_shard": 75968}
[36m(WorkerDict pid=3667370)[0m WARNING:2026-09-10 23:12:31,072:VERL_RESPONSE_ONLY_LM_HEAD_PROFILE {"active_ratio": 0.41390460792239286, "actual_logits_bytes": 0, "allocated_before_bytes": 4282196992, "backend": "fused", "calculate_entropy": false, "calculate_sum_pi_squared": false, "context_parallel_size": 2, "data_format": "thd", "dense_logits_bytes": 0, "dense_rows": 9896, "distillation_only": false, "elapsed_s": 0.13105861900839955, "element_size": 0, "entropy_from_logits_chunk_size": 2048, "entropy_from_logits_with_chunking": false, "event_id": 65, "logits_dtype": "none", "logits_saved_bytes": 0, "peak_allocated_bytes": 4396884992, "peak_increment_bytes": 114688000, "pipeline_parallel_size": 2, "projected_rows": 4096, "rank": 5, "response_only_enabled": true, "role": "ref", "selected_rows": 4096, "tensor_parallel_size": 2, "vocab_shard": 75968}
[36m(WorkerDict pid=3667371)[0m WARNING:2026-09-10 23:12:31,368:VERL_RESPONSE_ONLY_LM_HEAD_PROFILE {"active_ratio": 0.0, "actual_logits_bytes": 0, "allocated_before_bytes": 4282276864, "backend": "fused", "calculate_entropy": false, "calculate_sum_pi_squared": false, "context_parallel_size": 2, "data_format": "thd", "dense_logits_bytes": 0, "dense_rows": 9896, "distillation_only": false, "elapsed_s": 0.005604412988759577, "element_size": 0, "entropy_from_logits_chunk_size": 2048, "entropy_from_logits_with_chunking": false, "event_id": 66, "logits_dtype": "none", "logits_saved_bytes": 0, "peak_allocated_bytes": 4363466752, "peak_increment_bytes": 81189888, "pipeline_parallel_size": 2, "projected_rows": 1, "rank": 6, "response_only_enabled": true, "role": "ref", "selected_rows": 0, "tensor_parallel_size": 2, "vocab_shard": 75968}
[36m(WorkerDict pid=3667372)[0m WARNING:2026-09-10 23:12:31,368:VERL_RESPONSE_ONLY_LM_HEAD_PROFILE {"active_ratio": 0.0, "actual_logits_bytes": 0, "allocated_before_bytes": 4282276864, "backend": "fused", "calculate_entropy": false, "calculate_sum_pi_squared": false, "context_parallel_size": 2, "data_format": "thd", "dense_logits_bytes": 0, "dense_rows": 9896, "distillation_only": false, "elapsed_s": 0.005683062947355211, "element_size": 0, "entropy_from_logits_chunk_size": 2048, "entropy_from_logits_with_chunking": false, "event_id": 66, "logits_dtype": "none", "logits_saved_bytes": 0, "peak_allocated_bytes": 4363466752, "peak_increment_bytes": 81189888, "pipeline_parallel_size": 2, "projected_rows": 1, "rank": 7, "response_only_enabled": true, "role": "ref", "selected_rows": 0, "tensor_parallel_size": 2, "vocab_shard": 75968}
[36m(WorkerDict pid=3667370)[0m WARNING:2026-09-10 23:12:31,492:VERL_RESPONSE_ONLY_LM_HEAD_PROFILE {"active_ratio": 0.41390460792239286, "actual_logits_bytes": 0, "allocated_before_bytes": 4282276864, "backend": "fused", "calculate_entropy": false, "calculate_sum_pi_squared": false, "context_parallel_size": 2, "data_format": "thd", "dense_logits_bytes": 0, "dense_rows": 9896, "distillation_only": false, "elapsed_s": 0.130034908070229, "element_size": 0, "entropy_from_logits_chunk_size": 2048, "entropy_from_logits_with_chunking": false, "event_id": 66, "logits_dtype": "none", "logits_saved_bytes": 0, "peak_allocated_bytes": 4396964864, "peak_increment_bytes": 114688000, "pipeline_parallel_size": 2, "projected_rows": 4096, "rank": 5, "response_only_enabled": true, "role": "ref", "selected_rows": 4096, "tensor_parallel_size": 2, "vocab_shard": 75968}
[36m(WorkerDict pid=3667371)[0m WARNING:2026-09-10 23:12:31,787:VERL_RESPONSE_ONLY_LM_HEAD_PROFILE {"active_ratio": 0.0, "actual_logits_bytes": 0, "allocated_before_bytes": 4282356736, "backend": "fused", "calculate_entropy": false, "calculate_sum_pi_squared": false, "context_parallel_size": 2, "data_format": "thd", "dense_logits_bytes": 0, "dense_rows": 9896, "distillation_only": false, "elapsed_s": 0.005577971925958991, "element_size": 0, "entropy_from_logits_chunk_size": 2048, "entropy_from_logits_with_chunking": false, "event_id": 67, "logits_dtype": "none", "logits_saved_bytes": 0, "peak_allocated_bytes": 4363546624, "peak_increment_bytes": 81189888, "pipeline_parallel_size": 2, "projected_rows": 1, "rank": 6, "response_only_enabled": true, "role": "ref", "selected_rows": 0, "tensor_parallel_size": 2, "vocab_shard": 75968}
[36m(WorkerDict pid=3667372)[0m WARNING:2026-09-10 23:12:31,787:VERL_RESPONSE_ONLY_LM_HEAD_PROFILE {"active_ratio": 0.0, "actual_logits_bytes": 0, "allocated_before_bytes": 4282356736, "backend": "fused", "calculate_entropy": false, "calculate_sum_pi_squared": false, "context_parallel_size": 2, "data_format": "thd", "dense_logits_bytes": 0, "dense_rows": 9896, "distillation_only": false, "elapsed_s": 0.00563411193434149, "element_size": 0, "entropy_from_logits_chunk_size": 2048, "entropy_from_logits_with_chunking": false, "event_id": 67, "logits_dtype": "none", "logits_saved_bytes": 0, "peak_allocated_bytes": 4363546624, "peak_increment_bytes": 81189888, "pipeline_parallel_size": 2, "projected_rows": 1, "rank": 7, "response_only_enabled": true, "role": "ref", "selected_rows": 0, "tensor_parallel_size": 2, "vocab_shard": 75968}
[36m(WorkerDict pid=3667370)[0m WARNING:2026-09-10 23:12:31,912:VERL_RESPONSE_ONLY_LM_HEAD_PROFILE {"active_ratio": 0.41390460792239286, "actual_logits_bytes": 0, "allocated_before_bytes": 4282356736, "backend": "fused", "calculate_entropy": false, "calculate_sum_pi_squared": false, "context_parallel_size": 2, "data_format": "thd", "dense_logits_bytes": 0, "dense_rows": 9896, "distillation_only": false, "elapsed_s": 0.13016223802696913, "element_size": 0, "entropy_from_logits_chunk_size": 2048, "entropy_from_logits_with_chunking": false, "event_id": 67, "logits_dtype": "none", "logits_saved_bytes": 0, "peak_allocated_bytes": 4397044736, "peak_increment_bytes": 114688000, "pipeline_parallel_size": 2, "projected_rows": 4096, "rank": 5, "response_only_enabled": true, "role": "ref", "selected_rows": 4096, "tensor_parallel_size": 2, "vocab_shard": 75968}
[36m(WorkerDict pid=3667371)[0m WARNING:2026-09-10 23:12:32,207:VERL_RESPONSE_ONLY_LM_HEAD_PROFILE {"active_ratio": 0.0, "actual_logits_bytes": 0, "allocated_before_bytes": 4282436608, "backend": "fused", "calculate_entropy": false, "calculate_sum_pi_squared": false, "context_parallel_size": 2, "data_format": "thd", "dense_logits_bytes": 0, "dense_rows": 9896, "distillation_only": false, "elapsed_s": 0.005559511948376894, "element_size": 0, "entropy_from_logits_chunk_size": 2048, "entropy_from_logits_with_chunking": false, "event_id": 68, "logits_dtype": "none", "logits_saved_bytes": 0, "peak_allocated_bytes": 4363626496, "peak_increment_bytes": 81189888, "pipeline_parallel_size": 2, "projected_rows": 1, "rank": 6, "response_only_enabled": true, "role": "ref", "selected_rows": 0, "tensor_parallel_size": 2, "vocab_shard": 75968}
[36m(WorkerDict pid=3667372)[0m WARNING:2026-09-10 23:12:32,207:VERL_RESPONSE_ONLY_LM_HEAD_PROFILE {"active_ratio": 0.0, "actual_logits_bytes": 0, "allocated_before_bytes": 4282436608, "backend": "fused", "calculate_entropy": false, "calculate_sum_pi_squared": false, "context_parallel_size": 2, "data_format": "thd", "dense_logits_bytes": 0, "dense_rows": 9896, "distillation_only": false, "elapsed_s": 0.005573651986196637, "element_size": 0, "entropy_from_logits_chunk_size": 2048, "entropy_from_logits_with_chunking": false, "event_id": 68, "logits_dtype": "none", "logits_saved_bytes": 0, "peak_allocated_bytes": 4363626496, "peak_increment_bytes": 81189888, "pipeline_parallel_size": 2, "projected_rows": 1, "rank": 7, "response_only_enabled": true, "role": "ref", "selected_rows": 0, "tensor_parallel_size": 2, "vocab_shard": 75968}
[36m(WorkerDict pid=3667370)[0m WARNING:2026-09-10 23:12:32,333:VERL_RESPONSE_ONLY_LM_HEAD_PROFILE {"active_ratio": 0.41390460792239286, "actual_logits_bytes": 0, "allocated_before_bytes": 4282436608, "backend": "fused", "calculate_entropy": false, "calculate_sum_pi_squared": false, "context_parallel_size": 2, "data_format": "thd", "dense_logits_bytes": 0, "dense_rows": 9896, "distillation_only": false, "elapsed_s": 0.1301475779619068, "element_size": 0, "entropy_from_logits_chunk_size": 2048, "entropy_from_logits_with_chunking": false, "event_id": 68, "logits_dtype": "none", "logits_saved_bytes": 0, "peak_allocated_bytes": 4397124608, "peak_increment_bytes": 114688000, "pipeline_parallel_size": 2, "projected_rows": 4096, "rank": 5, "response_only_enabled": true, "role": "ref", "selected_rows": 4096, "tensor_parallel_size": 2, "vocab_shard": 75968}
[36m(WorkerDict pid=3667371)[0m WARNING:2026-09-10 23:12:32,628:VERL_RESPONSE_ONLY_LM_HEAD_PROFILE {"active_ratio": 0.0, "actual_logits_bytes": 0, "allocated_before_bytes": 4282516480, "backend": "fused", "calculate_entropy": false, "calculate_sum_pi_squared": false, "context_parallel_size": 2, "data_format": "thd", "dense_logits_bytes": 0, "dense_rows": 9896, "distillation_only": false, "elapsed_s": 0.005534831900149584, "element_size": 0, "entropy_from_logits_chunk_size": 2048, "entropy_from_logits_with_chunking": false, "event_id": 69, "logits_dtype": "none", "logits_saved_bytes": 0, "peak_allocated_bytes": 4363706368, "peak_increment_bytes": 81189888, "pipeline_parallel_size": 2, "projected_rows": 1, "rank": 6, "response_only_enabled": true, "role": "ref", "selected_rows": 0, "tensor_parallel_size": 2, "vocab_shard": 75968}
[36m(WorkerDict pid=3667372)[0m WARNING:2026-09-10 23:12:32,628:VERL_RESPONSE_ONLY_LM_HEAD_PROFILE {"active_ratio": 0.0, "actual_logits_bytes": 0, "allocated_before_bytes": 4282516480, "backend": "fused", "calculate_entropy": false, "calculate_sum_pi_squared": false, "context_parallel_size": 2, "data_format": "thd", "dense_logits_bytes": 0, "dense_rows": 9896, "distillation_only": false, "elapsed_s": 0.00553185201715678, "element_size": 0, "entropy_from_logits_chunk_size": 2048, "entropy_from_logits_with_chunking": false, "event_id": 69, "logits_dtype": "none", "logits_saved_bytes": 0, "peak_allocated_bytes": 4363706368, "peak_increment_bytes": 81189888, "pipeline_parallel_size": 2, "projected_rows": 1, "rank": 7, "response_only_enabled": true, "role": "ref", "selected_rows": 0, "tensor_parallel_size": 2, "vocab_shard": 75968}
[36m(WorkerDict pid=3667370)[0m WARNING:2026-09-10 23:12:32,752:VERL_RESPONSE_ONLY_LM_HEAD_PROFILE {"active_ratio": 0.41390460792239286, "actual_logits_bytes": 0, "allocated_before_bytes": 4282516480, "backend": "fused", "calculate_entropy": false, "calculate_sum_pi_squared": false, "context_parallel_size": 2, "data_format": "thd", "dense_logits_bytes": 0, "dense_rows": 9896, "distillation_only": false, "elapsed_s": 0.13017324800603092, "element_size": 0, "entropy_from_logits_chunk_size": 2048, "entropy_from_logits_with_chunking": false, "event_id": 69, "logits_dtype": "none", "logits_saved_bytes": 0, "peak_allocated_bytes": 4397204480, "peak_increment_bytes": 114688000, "pipeline_parallel_size": 2, "projected_rows": 4096, "rank": 5, "response_only_enabled": true, "role": "ref", "selected_rows": 4096, "tensor_parallel_size": 2, "vocab_shard": 75968}
[36m(WorkerDict pid=3667371)[0m WARNING:2026-09-10 23:12:33,048:VERL_RESPONSE_ONLY_LM_HEAD_PROFILE {"active_ratio": 0.0, "actual_logits_bytes": 0, "allocated_before_bytes": 4282596352, "backend": "fused", "calculate_entropy": false, "calculate_sum_pi_squared": false, "context_parallel_size": 2, "data_format": "thd", "dense_logits_bytes": 0, "dense_rows": 9896, "distillation_only": false, "elapsed_s": 0.005587193067185581, "element_size": 0, "entropy_from_logits_chunk_size": 2048, "entropy_from_logits_with_chunking": false, "event_id": 70, "logits_dtype": "none", "logits_saved_bytes": 0, "peak_allocated_bytes": 4363786240, "peak_increment_bytes": 81189888, "pipeline_parallel_size": 2, "projected_rows": 1, "rank": 6, "response_only_enabled": true, "role": "ref", "selected_rows": 0, "tensor_parallel_size": 2, "vocab_shard": 75968}
[36m(WorkerDict pid=3667372)[0m WARNING:2026-09-10 23:12:33,048:VERL_RESPONSE_ONLY_LM_HEAD_PROFILE {"active_ratio": 0.0, "actual_logits_bytes": 0, "allocated_before_bytes": 4282596352, "backend": "fused", "calculate_entropy": false, "calculate_sum_pi_squared": false, "context_parallel_size": 2, "data_format": "thd", "dense_logits_bytes": 0, "dense_rows": 9896, "distillation_only": false, "elapsed_s": 0.005557273048907518, "element_size": 0, "entropy_from_logits_chunk_size": 2048, "entropy_from_logits_with_chunking": false, "event_id": 70, "logits_dtype": "none", "logits_saved_bytes": 0, "peak_allocated_bytes": 4363786240, "peak_increment_bytes": 81189888, "pipeline_parallel_size": 2, "projected_rows": 1, "rank": 7, "response_only_enabled": true, "role": "ref", "selected_rows": 0, "tensor_parallel_size": 2, "vocab_shard": 75968}
[36m(WorkerDict pid=3667370)[0m WARNING:2026-09-10 23:12:33,172:VERL_RESPONSE_ONLY_LM_HEAD_PROFILE {"active_ratio": 0.41390460792239286, "actual_logits_bytes": 0, "allocated_before_bytes": 4282596352, "backend": "fused", "calculate_entropy": false, "calculate_sum_pi_squared": false, "context_parallel_size": 2, "data_format": "thd", "dense_logits_bytes": 0, "dense_rows": 9896, "distillation_only": false, "elapsed_s": 0.1300962489331141, "element_size": 0, "entropy_from_logits_chunk_size": 2048, "entropy_from_logits_with_chunking": false, "event_id": 70, "logits_dtype": "none", "logits_saved_bytes": 0, "peak_allocated_bytes": 4397284352, "peak_increment_bytes": 114688000, "pipeline_parallel_size": 2, "projected_rows": 4096, "rank": 5, "response_only_enabled": true, "role": "ref", "selected_rows": 4096, "tensor_parallel_size": 2, "vocab_shard": 75968}
[36m(WorkerDict pid=3667371)[0m WARNING:2026-09-10 23:12:33,468:VERL_RESPONSE_ONLY_LM_HEAD_PROFILE {"active_ratio": 0.0, "actual_logits_bytes": 0, "allocated_before_bytes": 4282676224, "backend": "fused", "calculate_entropy": false, "calculate_sum_pi_squared": false, "context_parallel_size": 2, "data_format": "thd", "dense_logits_bytes": 0, "dense_rows": 9896, "distillation_only": false, "elapsed_s": 0.00559397297911346, "element_size": 0, "entropy_from_logits_chunk_size": 2048, "entropy_from_logits_with_chunking": false, "event_id": 71, "logits_dtype": "none", "logits_saved_bytes": 0, "peak_allocated_bytes": 4363866112, "peak_increment_bytes": 81189888, "pipeline_parallel_size": 2, "projected_rows": 1, "rank": 6, "response_only_enabled": true, "role": "ref", "selected_rows": 0, "tensor_parallel_size": 2, "vocab_shard": 75968}
[36m(WorkerDict pid=3667372)[0m WARNING:2026-09-10 23:12:33,468:VERL_RESPONSE_ONLY_LM_HEAD_PROFILE {"active_ratio": 0.0, "actual_logits_bytes": 0, "allocated_before_bytes": 4282676224, "backend": "fused", "calculate_entropy": false, "calculate_sum_pi_squared": false, "context_parallel_size": 2, "data_format": "thd", "dense_logits_bytes": 0, "dense_rows": 9896, "distillation_only": false, "elapsed_s": 0.005540612968616188, "element_size": 0, "entropy_from_logits_chunk_size": 2048, "entropy_from_logits_with_chunking": false, "event_id": 71, "logits_dtype": "none", "logits_saved_bytes": 0, "peak_allocated_bytes": 4363866112, "peak_increment_bytes": 81189888, "pipeline_parallel_size": 2, "projected_rows": 1, "rank": 7, "response_only_enabled": true, "role": "ref", "selected_rows": 0, "tensor_parallel_size": 2, "vocab_shard": 75968}
[36m(WorkerDict pid=3667370)[0m WARNING:2026-09-10 23:12:33,593:VERL_RESPONSE_ONLY_LM_HEAD_PROFILE {"active_ratio": 0.41390460792239286, "actual_logits_bytes": 0, "allocated_before_bytes": 4282676224, "backend": "fused", "calculate_entropy": false, "calculate_sum_pi_squared": false, "context_parallel_size": 2, "data_format": "thd", "dense_logits_bytes": 0, "dense_rows": 9896, "distillation_only": false, "elapsed_s": 0.1309910590061918, "element_size": 0, "entropy_from_logits_chunk_size": 2048, "entropy_from_logits_with_chunking": false, "event_id": 71, "logits_dtype": "none", "logits_saved_bytes": 0, "peak_allocated_bytes": 4397364224, "peak_increment_bytes": 114688000, "pipeline_parallel_size": 2, "projected_rows": 4096, "rank": 5, "response_only_enabled": true, "role": "ref", "selected_rows": 4096, "tensor_parallel_size": 2, "vocab_shard": 75968}
[36m(WorkerDict pid=3667371)[0m WARNING:2026-09-10 23:12:33,892:VERL_RESPONSE_ONLY_LM_HEAD_PROFILE {"active_ratio": 0.0, "actual_logits_bytes": 0, "allocated_before_bytes": 4292813824, "backend": "fused", "calculate_entropy": false, "calculate_sum_pi_squared": false, "context_parallel_size": 2, "data_format": "thd", "dense_logits_bytes": 0, "dense_rows": 9888, "distillation_only": false, "elapsed_s": 0.005603311932645738, "element_size": 0, "entropy_from_logits_chunk_size": 2048, "entropy_from_logits_with_chunking": false, "event_id": 72, "logits_dtype": "none", "logits_saved_bytes": 0, "peak_allocated_bytes": 4373938176, "peak_increment_bytes": 81124352, "pipeline_parallel_size": 2, "projected_rows": 1, "rank": 6, "response_only_enabled": true, "role": "ref", "selected_rows": 0, "tensor_parallel_size": 2, "vocab_shard": 75968}
[36m(WorkerDict pid=3667372)[0m WARNING:2026-09-10 23:12:33,892:VERL_RESPONSE_ONLY_LM_HEAD_PROFILE {"active_ratio": 0.0, "actual_logits_bytes": 0, "allocated_before_bytes": 4292813824, "backend": "fused", "calculate_entropy": false, "calculate_sum_pi_squared": false, "context_parallel_size": 2, "data_format": "thd", "dense_logits_bytes": 0, "dense_rows": 9888, "distillation_only": false, "elapsed_s": 0.0055801019771024585, "element_size": 0, "entropy_from_logits_chunk_size": 2048, "entropy_from_logits_with_chunking": false, "event_id": 72, "logits_dtype": "none", "logits_saved_bytes": 0, "peak_allocated_bytes": 4373938176, "peak_increment_bytes": 81124352, "pipeline_parallel_size": 2, "projected_rows": 1, "rank": 7, "response_only_enabled": true, "role": "ref", "selected_rows": 0, "tensor_parallel_size": 2, "vocab_shard": 75968}
[36m(WorkerDict pid=3667370)[0m WARNING:2026-09-10 23:12:34,018:VERL_RESPONSE_ONLY_LM_HEAD_PROFILE {"active_ratio": 0.41423948220064727, "actual_logits_bytes": 0, "allocated_before_bytes": 4292813824, "backend": "fused", "calculate_entropy": false, "calculate_sum_pi_squared": false, "context_parallel_size": 2, "data_format": "thd", "dense_logits_bytes": 0, "dense_rows": 9888, "distillation_only": false, "elapsed_s": 0.13062849803827703, "element_size": 0, "entropy_from_logits_chunk_size": 2048, "entropy_from_logits_with_chunking": false, "event_id": 72, "logits_dtype": "none", "logits_saved_bytes": 0, "peak_allocated_bytes": 4407436288, "peak_increment_bytes": 114622464, "pipeline_parallel_size": 2, "projected_rows": 4096, "rank": 5, "response_only_enabled": true, "role": "ref", "selected_rows": 4096, "tensor_parallel_size": 2, "vocab_shard": 75968}
[36m(WorkerDict pid=3667371)[0m WARNING:2026-09-10 23:12:34,314:VERL_RESPONSE_ONLY_LM_HEAD_PROFILE {"active_ratio": 0.0, "actual_logits_bytes": 0, "allocated_before_bytes": 4292893696, "backend": "fused", "calculate_entropy": false, "calculate_sum_pi_squared": false, "context_parallel_size": 2, "data_format": "thd", "dense_logits_bytes": 0, "dense_rows": 9888, "distillation_only": false, "elapsed_s": 0.005562682985328138, "element_size": 0, "entropy_from_logits_chunk_size": 2048, "entropy_from_logits_with_chunking": false, "event_id": 73, "logits_dtype": "none", "logits_saved_bytes": 0, "peak_allocated_bytes": 4374018048, "peak_increment_bytes": 81124352, "pipeline_parallel_size": 2, "projected_rows": 1, "rank": 6, "response_only_enabled": true, "role": "ref", "selected_rows": 0, "tensor_parallel_size": 2, "vocab_shard": 75968}
[36m(WorkerDict pid=3667372)[0m WARNING:2026-09-10 23:12:34,314:VERL_RESPONSE_ONLY_LM_HEAD_PROFILE {"active_ratio": 0.0, "actual_logits_bytes": 0, "allocated_before_bytes": 4292893696, "backend": "fused", "calculate_entropy": false, "calculate_sum_pi_squared": false, "context_parallel_size": 2, "data_format": "thd", "dense_logits_bytes": 0, "dense_rows": 9888, "distillation_only": false, "elapsed_s": 0.005565532948821783, "element_size": 0, "entropy_from_logits_chunk_size": 2048, "entropy_from_logits_with_chunking": false, "event_id": 73, "logits_dtype": "none", "logits_saved_bytes": 0, "peak_allocated_bytes": 4374018048, "peak_increment_bytes": 81124352, "pipeline_parallel_size": 2, "projected_rows": 1, "rank": 7, "response_only_enabled": true, "role": "ref", "selected_rows": 0, "tensor_parallel_size": 2, "vocab_shard": 75968}
[36m(WorkerDict pid=3667370)[0m WARNING:2026-09-10 23:12:34,439:VERL_RESPONSE_ONLY_LM_HEAD_PROFILE {"active_ratio": 0.41423948220064727, "actual_logits_bytes": 0, "allocated_before_bytes": 4292893696, "backend": "fused", "calculate_entropy": false, "calculate_sum_pi_squared": false, "context_parallel_size": 2, "data_format": "thd", "dense_logits_bytes": 0, "dense_rows": 9888, "distillation_only": false, "elapsed_s": 0.1309162089601159, "element_size": 0, "entropy_from_logits_chunk_size": 2048, "entropy_from_logits_with_chunking": false, "event_id": 73, "logits_dtype": "none", "logits_saved_bytes": 0, "peak_allocated_bytes": 4407516160, "peak_increment_bytes": 114622464, "pipeline_parallel_size": 2, "projected_rows": 4096, "rank": 5, "response_only_enabled": true, "role": "ref", "selected_rows": 4096, "tensor_parallel_size": 2, "vocab_shard": 75968}
[36m(WorkerDict pid=3667371)[0m WARNING:2026-09-10 23:12:34,735:VERL_RESPONSE_ONLY_LM_HEAD_PROFILE {"active_ratio": 0.0, "actual_logits_bytes": 0, "allocated_before_bytes": 4292973568, "backend": "fused", "calculate_entropy": false, "calculate_sum_pi_squared": false, "context_parallel_size": 2, "data_format": "thd", "dense_logits_bytes": 0, "dense_rows": 9888, "distillation_only": false, "elapsed_s": 0.005568391992710531, "element_size": 0, "entropy_from_logits_chunk_size": 2048, "entropy_from_logits_with_chunking": false, "event_id": 74, "logits_dtype": "none", "logits_saved_bytes": 0, "peak_allocated_bytes": 4374097920, "peak_increment_bytes": 81124352, "pipeline_parallel_size": 2, "projected_rows": 1, "rank": 6, "response_only_enabled": true, "role": "ref", "selected_rows": 0, "tensor_parallel_size": 2, "vocab_shard": 75968}
[36m(WorkerDict pid=3667372)[0m WARNING:2026-09-10 23:12:34,735:VERL_RESPONSE_ONLY_LM_HEAD_PROFILE {"active_ratio": 0.0, "actual_logits_bytes": 0, "allocated_before_bytes": 4292973568, "backend": "fused", "calculate_entropy": false, "calculate_sum_pi_squared": false, "context_parallel_size": 2, "data_format": "thd", "dense_logits_bytes": 0, "dense_rows": 9888, "distillation_only": false, "elapsed_s": 0.005585912032984197, "element_size": 0, "entropy_from_logits_chunk_size": 2048, "entropy_from_logits_with_chunking": false, "event_id": 74, "logits_dtype": "none", "logits_saved_bytes": 0, "peak_allocated_bytes": 4374097920, "peak_increment_bytes": 81124352, "pipeline_parallel_size": 2, "projected_rows": 1, "rank": 7, "response_only_enabled": true, "role": "ref", "selected_rows": 0, "tensor_parallel_size": 2, "vocab_shard": 75968}
[36m(WorkerDict pid=3667370)[0m WARNING:2026-09-10 23:12:34,861:VERL_RESPONSE_ONLY_LM_HEAD_PROFILE {"active_ratio": 0.41423948220064727, "actual_logits_bytes": 0, "allocated_before_bytes": 4292973568, "backend": "fused", "calculate_entropy": false, "calculate_sum_pi_squared": false, "context_parallel_size": 2, "data_format": "thd", "dense_logits_bytes": 0, "dense_rows": 9888, "distillation_only": false, "elapsed_s": 0.13034596806392074, "element_size": 0, "entropy_from_logits_chunk_size": 2048, "entropy_from_logits_with_chunking": false, "event_id": 74, "logits_dtype": "none", "logits_saved_bytes": 0, "peak_allocated_bytes": 4407596032, "peak_increment_bytes": 114622464, "pipeline_parallel_size": 2, "projected_rows": 4096, "rank": 5, "response_only_enabled": true, "role": "ref", "selected_rows": 4096, "tensor_parallel_size": 2, "vocab_shard": 75968}
[36m(WorkerDict pid=3667371)[0m WARNING:2026-09-10 23:12:35,158:VERL_RESPONSE_ONLY_LM_HEAD_PROFILE {"active_ratio": 0.0, "actual_logits_bytes": 0, "allocated_before_bytes": 4293053440, "backend": "fused", "calculate_entropy": false, "calculate_sum_pi_squared": false, "context_parallel_size": 2, "data_format": "thd", "dense_logits_bytes": 0, "dense_rows": 9888, "distillation_only": false, "elapsed_s": 0.0055688919965177774, "element_size": 0, "entropy_from_logits_chunk_size": 2048, "entropy_from_logits_with_chunking": false, "event_id": 75, "logits_dtype": "none", "logits_saved_bytes": 0, "peak_allocated_bytes": 4374177792, "peak_increment_bytes": 81124352, "pipeline_parallel_size": 2, "projected_rows": 1, "rank": 6, "response_only_enabled": true, "role": "ref", "selected_rows": 0, "tensor_parallel_size": 2, "vocab_shard": 75968}
[36m(WorkerDict pid=3667372)[0m WARNING:2026-09-10 23:12:35,158:VERL_RESPONSE_ONLY_LM_HEAD_PROFILE {"active_ratio": 0.0, "actual_logits_bytes": 0, "allocated_before_bytes": 4293053440, "backend": "fused", "calculate_entropy": false, "calculate_sum_pi_squared": false, "context_parallel_size": 2, "data_format": "thd", "dense_logits_bytes": 0, "dense_rows": 9888, "distillation_only": false, "elapsed_s": 0.005570132052525878, "element_size": 0, "entropy_from_logits_chunk_size": 2048, "entropy_from_logits_with_chunking": false, "event_id": 75, "logits_dtype": "none", "logits_saved_bytes": 0, "peak_allocated_bytes": 4374177792, "peak_increment_bytes": 81124352, "pipeline_parallel_size": 2, "projected_rows": 1, "rank": 7, "response_only_enabled": true, "role": "ref", "selected_rows": 0, "tensor_parallel_size": 2, "vocab_shard": 75968}
[36m(WorkerDict pid=3667370)[0m WARNING:2026-09-10 23:12:35,283:VERL_RESPONSE_ONLY_LM_HEAD_PROFILE {"active_ratio": 0.41423948220064727, "actual_logits_bytes": 0, "allocated_before_bytes": 4293053440, "backend": "fused", "calculate_entropy": false, "calculate_sum_pi_squared": false, "context_parallel_size": 2, "data_format": "thd", "dense_logits_bytes": 0, "dense_rows": 9888, "distillation_only": false, "elapsed_s": 0.13014503801241517, "element_size": 0, "entropy_from_logits_chunk_size": 2048, "entropy_from_logits_with_chunking": false, "event_id": 75, "logits_dtype": "none", "logits_saved_bytes": 0, "peak_allocated_bytes": 4407675904, "peak_increment_bytes": 114622464, "pipeline_parallel_size": 2, "projected_rows": 4096, "rank": 5, "response_only_enabled": true, "role": "ref", "selected_rows": 4096, "tensor_parallel_size": 2, "vocab_shard": 75968}
[36m(WorkerDict pid=3667371)[0m WARNING:2026-09-10 23:12:35,578:VERL_RESPONSE_ONLY_LM_HEAD_PROFILE {"active_ratio": 0.0, "actual_logits_bytes": 0, "allocated_before_bytes": 4293133312, "backend": "fused", "calculate_entropy": false, "calculate_sum_pi_squared": false, "context_parallel_size": 2, "data_format": "thd", "dense_logits_bytes": 0, "dense_rows": 9888, "distillation_only": false, "elapsed_s": 0.0055757720256224275, "element_size": 0, "entropy_from_logits_chunk_size": 2048, "entropy_from_logits_with_chunking": false, "event_id": 76, "logits_dtype": "none", "logits_saved_bytes": 0, "peak_allocated_bytes": 4374257664, "peak_increment_bytes": 81124352, "pipeline_parallel_size": 2, "projected_rows": 1, "rank": 6, "response_only_enabled": true, "role": "ref", "selected_rows": 0, "tensor_parallel_size": 2, "vocab_shard": 75968}
[36m(WorkerDict pid=3667372)[0m WARNING:2026-09-10 23:12:35,578:VERL_RESPONSE_ONLY_LM_HEAD_PROFILE {"active_ratio": 0.0, "actual_logits_bytes": 0, "allocated_before_bytes": 4293133312, "backend": "fused", "calculate_entropy": false, "calculate_sum_pi_squared": false, "context_parallel_size": 2, "data_format": "thd", "dense_logits_bytes": 0, "dense_rows": 9888, "distillation_only": false, "elapsed_s": 0.005552522023208439, "element_size": 0, "entropy_from_logits_chunk_size": 2048, "entropy_from_logits_with_chunking": false, "event_id": 76, "logits_dtype": "none", "logits_saved_bytes": 0, "peak_allocated_bytes": 4374257664, "peak_increment_bytes": 81124352, "pipeline_parallel_size": 2, "projected_rows": 1, "rank": 7, "response_only_enabled": true, "role": "ref", "selected_rows": 0, "tensor_parallel_size": 2, "vocab_shard": 75968}
[36m(WorkerDict pid=3667370)[0m WARNING:2026-09-10 23:12:35,703:VERL_RESPONSE_ONLY_LM_HEAD_PROFILE {"active_ratio": 0.41423948220064727, "actual_logits_bytes": 0, "allocated_before_bytes": 4293133312, "backend": "fused", "calculate_entropy": false, "calculate_sum_pi_squared": false, "context_parallel_size": 2, "data_format": "thd", "dense_logits_bytes": 0, "dense_rows": 9888, "distillation_only": false, "elapsed_s": 0.1302924380870536, "element_size": 0, "entropy_from_logits_chunk_size": 2048, "entropy_from_logits_with_chunking": false, "event_id": 76, "logits_dtype": "none", "logits_saved_bytes": 0, "peak_allocated_bytes": 4407755776, "peak_increment_bytes": 114622464, "pipeline_parallel_size": 2, "projected_rows": 4096, "rank": 5, "response_only_enabled": true, "role": "ref", "selected_rows": 4096, "tensor_parallel_size": 2, "vocab_shard": 75968}
[36m(WorkerDict pid=3667371)[0m WARNING:2026-09-10 23:12:35,999:VERL_RESPONSE_ONLY_LM_HEAD_PROFILE {"active_ratio": 0.0, "actual_logits_bytes": 0, "allocated_before_bytes": 4293213184, "backend": "fused", "calculate_entropy": false, "calculate_sum_pi_squared": false, "context_parallel_size": 2, "data_format": "thd", "dense_logits_bytes": 0, "dense_rows": 9888, "distillation_only": false, "elapsed_s": 0.0055747919250279665, "element_size": 0, "entropy_from_logits_chunk_size": 2048, "entropy_from_logits_with_chunking": false, "event_id": 77, "logits_dtype": "none", "logits_saved_bytes": 0, "peak_allocated_bytes": 4374337536, "peak_increment_bytes": 81124352, "pipeline_parallel_size": 2, "projected_rows": 1, "rank": 6, "response_only_enabled": true, "role": "ref", "selected_rows": 0, "tensor_parallel_size": 2, "vocab_shard": 75968}
[36m(WorkerDict pid=3667372)[0m WARNING:2026-09-10 23:12:35,999:VERL_RESPONSE_ONLY_LM_HEAD_PROFILE {"active_ratio": 0.0, "actual_logits_bytes": 0, "allocated_before_bytes": 4293213184, "backend": "fused", "calculate_entropy": false, "calculate_sum_pi_squared": false, "context_parallel_size": 2, "data_format": "thd", "dense_logits_bytes": 0, "dense_rows": 9888, "distillation_only": false, "elapsed_s": 0.0055715920170769095, "element_size": 0, "entropy_from_logits_chunk_size": 2048, "entropy_from_logits_with_chunking": false, "event_id": 77, "logits_dtype": "none", "logits_saved_bytes": 0, "peak_allocated_bytes": 4374337536, "peak_increment_bytes": 81124352, "pipeline_parallel_size": 2, "projected_rows": 1, "rank": 7, "response_only_enabled": true, "role": "ref", "selected_rows": 0, "tensor_parallel_size": 2, "vocab_shard": 75968}
[36m(WorkerDict pid=3667370)[0m WARNING:2026-09-10 23:12:36,124:VERL_RESPONSE_ONLY_LM_HEAD_PROFILE {"active_ratio": 0.41423948220064727, "actual_logits_bytes": 0, "allocated_before_bytes": 4293213184, "backend": "fused", "calculate_entropy": false, "calculate_sum_pi_squared": false, "context_parallel_size": 2, "data_format": "thd", "dense_logits_bytes": 0, "dense_rows": 9888, "distillation_only": false, "elapsed_s": 0.13005059794522822, "element_size": 0, "entropy_from_logits_chunk_size": 2048, "entropy_from_logits_with_chunking": false, "event_id": 77, "logits_dtype": "none", "logits_saved_bytes": 0, "peak_allocated_bytes": 4407835648, "peak_increment_bytes": 114622464, "pipeline_parallel_size": 2, "projected_rows": 4096, "rank": 5, "response_only_enabled": true, "role": "ref", "selected_rows": 4096, "tensor_parallel_size": 2, "vocab_shard": 75968}
[36m(WorkerDict pid=3667371)[0m WARNING:2026-09-10 23:12:36,420:VERL_RESPONSE_ONLY_LM_HEAD_PROFILE {"active_ratio": 0.0, "actual_logits_bytes": 0, "allocated_before_bytes": 4293293056, "backend": "fused", "calculate_entropy": false, "calculate_sum_pi_squared": false, "context_parallel_size": 2, "data_format": "thd", "dense_logits_bytes": 0, "dense_rows": 9888, "distillation_only": false, "elapsed_s": 0.005577762960456312, "element_size": 0, "entropy_from_logits_chunk_size": 2048, "entropy_from_logits_with_chunking": false, "event_id": 78, "logits_dtype": "none", "logits_saved_bytes": 0, "peak_allocated_bytes": 4374417408, "peak_increment_bytes": 81124352, "pipeline_parallel_size": 2, "projected_rows": 1, "rank": 6, "response_only_enabled": true, "role": "ref", "selected_rows": 0, "tensor_parallel_size": 2, "vocab_shard": 75968}
[36m(WorkerDict pid=3667372)[0m WARNING:2026-09-10 23:12:36,420:VERL_RESPONSE_ONLY_LM_HEAD_PROFILE {"active_ratio": 0.0, "actual_logits_bytes": 0, "allocated_before_bytes": 4293293056, "backend": "fused", "calculate_entropy": false, "calculate_sum_pi_squared": false, "context_parallel_size": 2, "data_format": "thd", "dense_logits_bytes": 0, "dense_rows": 9888, "distillation_only": false, "elapsed_s": 0.005569353001192212, "element_size": 0, "entropy_from_logits_chunk_size": 2048, "entropy_from_logits_with_chunking": false, "event_id": 78, "logits_dtype": "none", "logits_saved_bytes": 0, "peak_allocated_bytes": 4374417408, "peak_increment_bytes": 81124352, "pipeline_parallel_size": 2, "projected_rows": 1, "rank": 7, "response_only_enabled": true, "role": "ref", "selected_rows": 0, "tensor_parallel_size": 2, "vocab_shard": 75968}
[36m(WorkerDict pid=3667370)[0m WARNING:2026-09-10 23:12:36,546:VERL_RESPONSE_ONLY_LM_HEAD_PROFILE {"active_ratio": 0.41423948220064727, "actual_logits_bytes": 0, "allocated_before_bytes": 4293293056, "backend": "fused", "calculate_entropy": false, "calculate_sum_pi_squared": false, "context_parallel_size": 2, "data_format": "thd", "dense_logits_bytes": 0, "dense_rows": 9888, "distillation_only": false, "elapsed_s": 0.1302214979659766, "element_size": 0, "entropy_from_logits_chunk_size": 2048, "entropy_from_logits_with_chunking": false, "event_id": 78, "logits_dtype": "none", "logits_saved_bytes": 0, "peak_allocated_bytes": 4407915520, "peak_increment_bytes": 114622464, "pipeline_parallel_size": 2, "projected_rows": 4096, "rank": 5, "response_only_enabled": true, "role": "ref", "selected_rows": 4096, "tensor_parallel_size": 2, "vocab_shard": 75968}
[36m(WorkerDict pid=3667371)[0m WARNING:2026-09-10 23:12:36,843:VERL_RESPONSE_ONLY_LM_HEAD_PROFILE {"active_ratio": 0.0, "actual_logits_bytes": 0, "allocated_before_bytes": 4293372928, "backend": "fused", "calculate_entropy": false, "calculate_sum_pi_squared": false, "context_parallel_size": 2, "data_format": "thd", "dense_logits_bytes": 0, "dense_rows": 9888, "distillation_only": false, "elapsed_s": 0.005572602967731655, "element_size": 0, "entropy_from_logits_chunk_size": 2048, "entropy_from_logits_with_chunking": false, "event_id": 79, "logits_dtype": "none", "logits_saved_bytes": 0, "peak_allocated_bytes": 4374497280, "peak_increment_bytes": 81124352, "pipeline_parallel_size": 2, "projected_rows": 1, "rank": 6, "response_only_enabled": true, "role": "ref", "selected_rows": 0, "tensor_parallel_size": 2, "vocab_shard": 75968}
[36m(WorkerDict pid=3667372)[0m WARNING:2026-09-10 23:12:36,843:VERL_RESPONSE_ONLY_LM_HEAD_PROFILE {"active_ratio": 0.0, "actual_logits_bytes": 0, "allocated_before_bytes": 4293372928, "backend": "fused", "calculate_entropy": false, "calculate_sum_pi_squared": false, "context_parallel_size": 2, "data_format": "thd", "dense_logits_bytes": 0, "dense_rows": 9888, "distillation_only": false, "elapsed_s": 0.0055745430290699005, "element_size": 0, "entropy_from_logits_chunk_size": 2048, "entropy_from_logits_with_chunking": false, "event_id": 79, "logits_dtype": "none", "logits_saved_bytes": 0, "peak_allocated_bytes": 4374497280, "peak_increment_bytes": 81124352, "pipeline_parallel_size": 2, "projected_rows": 1, "rank": 7, "response_only_enabled": true, "role": "ref", "selected_rows": 0, "tensor_parallel_size": 2, "vocab_shard": 75968}
[36m(WorkerDict pid=3667370)[0m WARNING:2026-09-10 23:12:36,970:VERL_RESPONSE_ONLY_LM_HEAD_PROFILE {"active_ratio": 0.41423948220064727, "actual_logits_bytes": 0, "allocated_before_bytes": 4293372928, "backend": "fused", "calculate_entropy": false, "calculate_sum_pi_squared": false, "context_parallel_size": 2, "data_format": "thd", "dense_logits_bytes": 0, "dense_rows": 9888, "distillation_only": false, "elapsed_s": 0.13123298902064562, "element_size": 0, "entropy_from_logits_chunk_size": 2048, "entropy_from_logits_with_chunking": false, "event_id": 79, "logits_dtype": "none", "logits_saved_bytes": 0, "peak_allocated_bytes": 4407995392, "peak_increment_bytes": 114622464, "pipeline_parallel_size": 2, "projected_rows": 4096, "rank": 5, "response_only_enabled": true, "role": "ref", "selected_rows": 4096, "tensor_parallel_size": 2, "vocab_shard": 75968}
[36m(WorkerDict pid=3667371)[0m WARNING:2026-09-10 23:12:44,442:VERL_RESPONSE_ONLY_LM_HEAD_PROFILE {"active_ratio": 0.0, "actual_logits_bytes": 0, "allocated_before_bytes": 25499545088, "backend": "fused", "calculate_entropy": true, "calculate_sum_pi_squared": false, "context_parallel_size": 2, "data_format": "thd", "dense_logits_bytes": 0, "dense_rows": 9896, "distillation_only": false, "elapsed_s": 0.005644791992381215, "element_size": 0, "entropy_from_logits_chunk_size": 2048, "entropy_from_logits_with_chunking": false, "event_id": 80, "logits_dtype": "none", "logits_saved_bytes": 0, "peak_allocated_bytes": 25580736000, "peak_increment_bytes": 81190912, "pipeline_parallel_size": 2, "projected_rows": 1, "rank": 6, "response_only_enabled": true, "role": "actor", "selected_rows": 0, "tensor_parallel_size": 2, "vocab_shard": 75968}
[36m(WorkerDict pid=3667372)[0m WARNING:2026-09-10 23:12:44,442:VERL_RESPONSE_ONLY_LM_HEAD_PROFILE {"active_ratio": 0.0, "actual_logits_bytes": 0, "allocated_before_bytes": 25499545088, "backend": "fused", "calculate_entropy": true, "calculate_sum_pi_squared": false, "context_parallel_size": 2, "data_format": "thd", "dense_logits_bytes": 0, "dense_rows": 9896, "distillation_only": false, "elapsed_s": 0.005620941985398531, "element_size": 0, "entropy_from_logits_chunk_size": 2048, "entropy_from_logits_with_chunking": false, "event_id": 80, "logits_dtype": "none", "logits_saved_bytes": 0, "peak_allocated_bytes": 25580736000, "peak_increment_bytes": 81190912, "pipeline_parallel_size": 2, "projected_rows": 1, "rank": 7, "response_only_enabled": true, "role": "actor", "selected_rows": 0, "tensor_parallel_size": 2, "vocab_shard": 75968}
[36m(WorkerDict pid=3667370)[0m WARNING:2026-09-10 23:12:44,566:VERL_RESPONSE_ONLY_LM_HEAD_PROFILE {"active_ratio": 0.41390460792239286, "actual_logits_bytes": 0, "allocated_before_bytes": 25499545088, "backend": "fused", "calculate_entropy": true, "calculate_sum_pi_squared": false, "context_parallel_size": 2, "data_format": "thd", "dense_logits_bytes": 0, "dense_rows": 9896, "distillation_only": false, "elapsed_s": 0.12991764803882688, "element_size": 0, "entropy_from_logits_chunk_size": 2048, "entropy_from_logits_with_chunking": false, "event_id": 80, "logits_dtype": "none", "logits_saved_bytes": 0, "peak_allocated_bytes": 25614233088, "peak_increment_bytes": 114688000, "pipeline_parallel_size": 2, "projected_rows": 4096, "rank": 5, "response_only_enabled": true, "role": "actor", "selected_rows": 4096, "tensor_parallel_size": 2, "vocab_shard": 75968}
[36m(WorkerDict pid=3667371)[0m WARNING:2026-09-10 23:12:45,900:VERL_RESPONSE_ONLY_LM_HEAD_PROFILE {"active_ratio": 0.0, "actual_logits_bytes": 0, "allocated_before_bytes": 25733177856, "backend": "fused", "calculate_entropy": true, "calculate_sum_pi_squared": false, "context_parallel_size": 2, "data_format": "thd", "dense_logits_bytes": 0, "dense_rows": 9896, "distillation_only": false, "elapsed_s": 0.005655052023939788, "element_size": 0, "entropy_from_logits_chunk_size": 2048, "entropy_from_logits_with_chunking": false, "event_id": 81, "logits_dtype": "none", "logits_saved_bytes": 0, "peak_allocated_bytes": 25814368768, "peak_increment_bytes": 81190912, "pipeline_parallel_size": 2, "projected_rows": 1, "rank": 6, "response_only_enabled": true, "role": "actor", "selected_rows": 0, "tensor_parallel_size": 2, "vocab_shard": 75968}
[36m(WorkerDict pid=3667372)[0m WARNING:2026-09-10 23:12:45,900:VERL_RESPONSE_ONLY_LM_HEAD_PROFILE {"active_ratio": 0.0, "actual_logits_bytes": 0, "allocated_before_bytes": 25733177856, "backend": "fused", "calculate_entropy": true, "calculate_sum_pi_squared": false, "context_parallel_size": 2, "data_format": "thd", "dense_logits_bytes": 0, "dense_rows": 9896, "distillation_only": false, "elapsed_s": 0.0055804719449952245, "element_size": 0, "entropy_from_logits_chunk_size": 2048, "entropy_from_logits_with_chunking": false, "event_id": 81, "logits_dtype": "none", "logits_saved_bytes": 0, "peak_allocated_bytes": 25814368768, "peak_increment_bytes": 81190912, "pipeline_parallel_size": 2, "projected_rows": 1, "rank": 7, "response_only_enabled": true, "role": "actor", "selected_rows": 0, "tensor_parallel_size": 2, "vocab_shard": 75968}
[36m(WorkerDict pid=3667370)[0m WARNING:2026-09-10 23:12:46,026:VERL_RESPONSE_ONLY_LM_HEAD_PROFILE {"active_ratio": 0.41390460792239286, "actual_logits_bytes": 0, "allocated_before_bytes": 25733177856, "backend": "fused", "calculate_entropy": true, "calculate_sum_pi_squared": false, "context_parallel_size": 2, "data_format": "thd", "dense_logits_bytes": 0, "dense_rows": 9896, "distillation_only": false, "elapsed_s": 0.13153631810564548, "element_size": 0, "entropy_from_logits_chunk_size": 2048, "entropy_from_logits_with_chunking": false, "event_id": 81, "logits_dtype": "none", "logits_saved_bytes": 0, "peak_allocated_bytes": 25847865856, "peak_increment_bytes": 114688000, "pipeline_parallel_size": 2, "projected_rows": 4096, "rank": 5, "response_only_enabled": true, "role": "actor", "selected_rows": 4096, "tensor_parallel_size": 2, "vocab_shard": 75968}
[36m(WorkerDict pid=3667371)[0m WARNING:2026-09-10 23:12:47,363:VERL_RESPONSE_ONLY_LM_HEAD_PROFILE {"active_ratio": 0.0, "actual_logits_bytes": 0, "allocated_before_bytes": 25773872128, "backend": "fused", "calculate_entropy": true, "calculate_sum_pi_squared": false, "context_parallel_size": 2, "data_format": "thd", "dense_logits_bytes": 0, "dense_rows": 9896, "distillation_only": false, "elapsed_s": 0.005600292002782226, "element_size": 0, "entropy_from_logits_chunk_size": 2048, "entropy_from_logits_with_chunking": false, "event_id": 82, "logits_dtype": "none", "logits_saved_bytes": 0, "peak_allocated_bytes": 25855063040, "peak_increment_bytes": 81190912, "pipeline_parallel_size": 2, "projected_rows": 1, "rank": 6, "response_only_enabled": true, "role": "actor", "selected_rows": 0, "tensor_parallel_size": 2, "vocab_shard": 75968}
[36m(WorkerDict pid=3667372)[0m WARNING:2026-09-10 23:12:47,363:VERL_RESPONSE_ONLY_LM_HEAD_PROFILE {"active_ratio": 0.0, "actual_logits_bytes": 0, "allocated_before_bytes": 25773872128, "backend": "fused", "calculate_entropy": true, "calculate_sum_pi_squared": false, "context_parallel_size": 2, "data_format": "thd", "dense_logits_bytes": 0, "dense_rows": 9896, "distillation_only": false, "elapsed_s": 0.005608442006632686, "element_size": 0, "entropy_from_logits_chunk_size": 2048, "entropy_from_logits_with_chunking": false, "event_id": 82, "logits_dtype": "none", "logits_saved_bytes": 0, "peak_allocated_bytes": 25855063040, "peak_increment_bytes": 81190912, "pipeline_parallel_size": 2, "projected_rows": 1, "rank": 7, "response_only_enabled": true, "role": "actor", "selected_rows": 0, "tensor_parallel_size": 2, "vocab_shard": 75968}
[36m(WorkerDict pid=3667370)[0m WARNING:2026-09-10 23:12:47,488:VERL_RESPONSE_ONLY_LM_HEAD_PROFILE {"active_ratio": 0.41390460792239286, "actual_logits_bytes": 0, "allocated_before_bytes": 25773872128, "backend": "fused", "calculate_entropy": true, "calculate_sum_pi_squared": false, "context_parallel_size": 2, "data_format": "thd", "dense_logits_bytes": 0, "dense_rows": 9896, "distillation_only": false, "elapsed_s": 0.130223298096098, "element_size": 0, "entropy_from_logits_chunk_size": 2048, "entropy_from_logits_with_chunking": false, "event_id": 82, "logits_dtype": "none", "logits_saved_bytes": 0, "peak_allocated_bytes": 25888560128, "peak_increment_bytes": 114688000, "pipeline_parallel_size": 2, "projected_rows": 4096, "rank": 5, "response_only_enabled": true, "role": "actor", "selected_rows": 4096, "tensor_parallel_size": 2, "vocab_shard": 75968}
[36m(WorkerDict pid=3667371)[0m WARNING:2026-09-10 23:12:48,825:VERL_RESPONSE_ONLY_LM_HEAD_PROFILE {"active_ratio": 0.0, "actual_logits_bytes": 0, "allocated_before_bytes": 25814566400, "backend": "fused", "calculate_entropy": true, "calculate_sum_pi_squared": false, "context_parallel_size": 2, "data_format": "thd", "dense_logits_bytes": 0, "dense_rows": 9896, "distillation_only": false, "elapsed_s": 0.005632622982375324, "element_size": 0, "entropy_from_logits_chunk_size": 2048, "entropy_from_logits_with_chunking": false, "event_id": 83, "logits_dtype": "none", "logits_saved_bytes": 0, "peak_allocated_bytes": 25895757312, "peak_increment_bytes": 81190912, "pipeline_parallel_size": 2, "projected_rows": 1, "rank": 6, "response_only_enabled": true, "role": "actor", "selected_rows": 0, "tensor_parallel_size": 2, "vocab_shard": 75968}
[36m(WorkerDict pid=3667372)[0m WARNING:2026-09-10 23:12:48,825:VERL_RESPONSE_ONLY_LM_HEAD_PROFILE {"active_ratio": 0.0, "actual_logits_bytes": 0, "allocated_before_bytes": 25814566400, "backend": "fused", "calculate_entropy": true, "calculate_sum_pi_squared": false, "context_parallel_size": 2, "data_format": "thd", "dense_logits_bytes": 0, "dense_rows": 9896, "distillation_only": false, "elapsed_s": 0.005598902935162187, "element_size": 0, "entropy_from_logits_chunk_size": 2048, "entropy_from_logits_with_chunking": false, "event_id": 83, "logits_dtype": "none", "logits_saved_bytes": 0, "peak_allocated_bytes": 25895757312, "peak_increment_bytes": 81190912, "pipeline_parallel_size": 2, "projected_rows": 1, "rank": 7, "response_only_enabled": true, "role": "actor", "selected_rows": 0, "tensor_parallel_size": 2, "vocab_shard": 75968}
[36m(WorkerDict pid=3667370)[0m WARNING:2026-09-10 23:12:48,949:VERL_RESPONSE_ONLY_LM_HEAD_PROFILE {"active_ratio": 0.41390460792239286, "actual_logits_bytes": 0, "allocated_before_bytes": 25814566400, "backend": "fused", "calculate_entropy": true, "calculate_sum_pi_squared": false, "context_parallel_size": 2, "data_format": "thd", "dense_logits_bytes": 0, "dense_rows": 9896, "distillation_only": false, "elapsed_s": 0.13033871806692332, "element_size": 0, "entropy_from_logits_chunk_size": 2048, "entropy_from_logits_with_chunking": false, "event_id": 83, "logits_dtype": "none", "logits_saved_bytes": 0, "peak_allocated_bytes": 25929254400, "peak_increment_bytes": 114688000, "pipeline_parallel_size": 2, "projected_rows": 4096, "rank": 5, "response_only_enabled": true, "role": "actor", "selected_rows": 4096, "tensor_parallel_size": 2, "vocab_shard": 75968}
[36m(WorkerDict pid=3667371)[0m WARNING:2026-09-10 23:12:51,560:VERL_RESPONSE_ONLY_LM_HEAD_PROFILE {"active_ratio": 0.0, "actual_logits_bytes": 0, "allocated_before_bytes": 25692483072, "backend": "fused", "calculate_entropy": true, "calculate_sum_pi_squared": false, "context_parallel_size": 2, "data_format": "thd", "dense_logits_bytes": 0, "dense_rows": 9896, "distillation_only": false, "elapsed_s": 0.005710521945729852, "element_size": 0, "entropy_from_logits_chunk_size": 2048, "entropy_from_logits_with_chunking": false, "event_id": 84, "logits_dtype": "none", "logits_saved_bytes": 0, "peak_allocated_bytes": 25773673984, "peak_increment_bytes": 81190912, "pipeline_parallel_size": 2, "projected_rows": 1, "rank": 6, "response_only_enabled": true, "role": "actor", "selected_rows": 0, "tensor_parallel_size": 2, "vocab_shard": 75968}
[36m(WorkerDict pid=3667372)[0m WARNING:2026-09-10 23:12:51,560:VERL_RESPONSE_ONLY_LM_HEAD_PROFILE {"active_ratio": 0.0, "actual_logits_bytes": 0, "allocated_before_bytes": 25692483072, "backend": "fused", "calculate_entropy": true, "calculate_sum_pi_squared": false, "context_parallel_size": 2, "data_format": "thd", "dense_logits_bytes": 0, "dense_rows": 9896, "distillation_only": false, "elapsed_s": 0.005668682046234608, "element_size": 0, "entropy_from_logits_chunk_size": 2048, "entropy_from_logits_with_chunking": false, "event_id": 84, "logits_dtype": "none", "logits_saved_bytes": 0, "peak_allocated_bytes": 25773673984, "peak_increment_bytes": 81190912, "pipeline_parallel_size": 2, "projected_rows": 1, "rank": 7, "response_only_enabled": true, "role": "actor", "selected_rows": 0, "tensor_parallel_size": 2, "vocab_shard": 75968}
[36m(WorkerDict pid=3667370)[0m WARNING:2026-09-10 23:12:51,685:VERL_RESPONSE_ONLY_LM_HEAD_PROFILE {"active_ratio": 0.41390460792239286, "actual_logits_bytes": 0, "allocated_before_bytes": 25692483072, "backend": "fused", "calculate_entropy": true, "calculate_sum_pi_squared": false, "context_parallel_size": 2, "data_format": "thd", "dense_logits_bytes": 0, "dense_rows": 9896, "distillation_only": false, "elapsed_s": 0.13017431797925383, "element_size": 0, "entropy_from_logits_chunk_size": 2048, "entropy_from_logits_with_chunking": false, "event_id": 84, "logits_dtype": "none", "logits_saved_bytes": 0, "peak_allocated_bytes": 25807171072, "peak_increment_bytes": 114688000, "pipeline_parallel_size": 2, "projected_rows": 4096, "rank": 5, "response_only_enabled": true, "role": "actor", "selected_rows": 4096, "tensor_parallel_size": 2, "vocab_shard": 75968}
[36m(WorkerDict pid=3667371)[0m WARNING:2026-09-10 23:12:53,023:VERL_RESPONSE_ONLY_LM_HEAD_PROFILE {"active_ratio": 0.0, "actual_logits_bytes": 0, "allocated_before_bytes": 25733177856, "backend": "fused", "calculate_entropy": true, "calculate_sum_pi_squared": false, "context_parallel_size": 2, "data_format": "thd", "dense_logits_bytes": 0, "dense_rows": 9896, "distillation_only": false, "elapsed_s": 0.00564153294544667, "element_size": 0, "entropy_from_logits_chunk_size": 2048, "entropy_from_logits_with_chunking": false, "event_id": 85, "logits_dtype": "none", "logits_saved_bytes": 0, "peak_allocated_bytes": 25814368768, "peak_increment_bytes": 81190912, "pipeline_parallel_size": 2, "projected_rows": 1, "rank": 6, "response_only_enabled": true, "role": "actor", "selected_rows": 0, "tensor_parallel_size": 2, "vocab_shard": 75968}
[36m(WorkerDict pid=3667372)[0m WARNING:2026-09-10 23:12:53,023:VERL_RESPONSE_ONLY_LM_HEAD_PROFILE {"active_ratio": 0.0, "actual_logits_bytes": 0, "allocated_before_bytes": 25733177856, "backend": "fused", "calculate_entropy": true, "calculate_sum_pi_squared": false, "context_parallel_size": 2, "data_format": "thd", "dense_logits_bytes": 0, "dense_rows": 9896, "distillation_only": false, "elapsed_s": 0.005675222957506776, "element_size": 0, "entropy_from_logits_chunk_size": 2048, "entropy_from_logits_with_chunking": false, "event_id": 85, "logits_dtype": "none", "logits_saved_bytes": 0, "peak_allocated_bytes": 25814368768, "peak_increment_bytes": 81190912, "pipeline_parallel_size": 2, "projected_rows": 1, "rank": 7, "response_only_enabled": true, "role": "actor", "selected_rows": 0, "tensor_parallel_size": 2, "vocab_shard": 75968}
[36m(WorkerDict pid=3667370)[0m WARNING:2026-09-10 23:12:53,148:VERL_RESPONSE_ONLY_LM_HEAD_PROFILE {"active_ratio": 0.41390460792239286, "actual_logits_bytes": 0, "allocated_before_bytes": 25733177856, "backend": "fused", "calculate_entropy": true, "calculate_sum_pi_squared": false, "context_parallel_size": 2, "data_format": "thd", "dense_logits_bytes": 0, "dense_rows": 9896, "distillation_only": false, "elapsed_s": 0.13059870793949813, "element_size": 0, "entropy_from_logits_chunk_size": 2048, "entropy_from_logits_with_chunking": false, "event_id": 85, "logits_dtype": "none", "logits_saved_bytes": 0, "peak_allocated_bytes": 25847865856, "peak_increment_bytes": 114688000, "pipeline_parallel_size": 2, "projected_rows": 4096, "rank": 5, "response_only_enabled": true, "role": "actor", "selected_rows": 4096, "tensor_parallel_size": 2, "vocab_shard": 75968}
[36m(WorkerDict pid=3667371)[0m WARNING:2026-09-10 23:12:54,488:VERL_RESPONSE_ONLY_LM_HEAD_PROFILE {"active_ratio": 0.0, "actual_logits_bytes": 0, "allocated_before_bytes": 25773872128, "backend": "fused", "calculate_entropy": true, "calculate_sum_pi_squared": false, "context_parallel_size": 2, "data_format": "thd", "dense_logits_bytes": 0, "dense_rows": 9896, "distillation_only": false, "elapsed_s": 0.005650331964716315, "element_size": 0, "entropy_from_logits_chunk_size": 2048, "entropy_from_logits_with_chunking": false, "event_id": 86, "logits_dtype": "none", "logits_saved_bytes": 0, "peak_allocated_bytes": 25855063040, "peak_increment_bytes": 81190912, "pipeline_parallel_size": 2, "projected_rows": 1, "rank": 6, "response_only_enabled": true, "role": "actor", "selected_rows": 0, "tensor_parallel_size": 2, "vocab_shard": 75968}
[36m(WorkerDict pid=3667372)[0m WARNING:2026-09-10 23:12:54,488:VERL_RESPONSE_ONLY_LM_HEAD_PROFILE {"active_ratio": 0.0, "actual_logits_bytes": 0, "allocated_before_bytes": 25773872128, "backend": "fused", "calculate_entropy": true, "calculate_sum_pi_squared": false, "context_parallel_size": 2, "data_format": "thd", "dense_logits_bytes": 0, "dense_rows": 9896, "distillation_only": false, "elapsed_s": 0.005677461973391473, "element_size": 0, "entropy_from_logits_chunk_size": 2048, "entropy_from_logits_with_chunking": false, "event_id": 86, "logits_dtype": "none", "logits_saved_bytes": 0, "peak_allocated_bytes": 25855063040, "peak_increment_bytes": 81190912, "pipeline_parallel_size": 2, "projected_rows": 1, "rank": 7, "response_only_enabled": true, "role": "actor", "selected_rows": 0, "tensor_parallel_size": 2, "vocab_shard": 75968}
[36m(WorkerDict pid=3667370)[0m WARNING:2026-09-10 23:12:54,613:VERL_RESPONSE_ONLY_LM_HEAD_PROFILE {"active_ratio": 0.41390460792239286, "actual_logits_bytes": 0, "allocated_before_bytes": 25773872128, "backend": "fused", "calculate_entropy": true, "calculate_sum_pi_squared": false, "context_parallel_size": 2, "data_format": "thd", "dense_logits_bytes": 0, "dense_rows": 9896, "distillation_only": false, "elapsed_s": 0.13039241801016033, "element_size": 0, "entropy_from_logits_chunk_size": 2048, "entropy_from_logits_with_chunking": false, "event_id": 86, "logits_dtype": "none", "logits_saved_bytes": 0, "peak_allocated_bytes": 25888560128, "peak_increment_bytes": 114688000, "pipeline_parallel_size": 2, "projected_rows": 4096, "rank": 5, "response_only_enabled": true, "role": "actor", "selected_rows": 4096, "tensor_parallel_size": 2, "vocab_shard": 75968}
[36m(WorkerDict pid=3667371)[0m WARNING:2026-09-10 23:12:55,959:VERL_RESPONSE_ONLY_LM_HEAD_PROFILE {"active_ratio": 0.0, "actual_logits_bytes": 0, "allocated_before_bytes": 25814566400, "backend": "fused", "calculate_entropy": true, "calculate_sum_pi_squared": false, "context_parallel_size": 2, "data_format": "thd", "dense_logits_bytes": 0, "dense_rows": 9896, "distillation_only": false, "elapsed_s": 0.005644132965244353, "element_size": 0, "entropy_from_logits_chunk_size": 2048, "entropy_from_logits_with_chunking": false, "event_id": 87, "logits_dtype": "none", "logits_saved_bytes": 0, "peak_allocated_bytes": 25895757312, "peak_increment_bytes": 81190912, "pipeline_parallel_size": 2, "projected_rows": 1, "rank": 6, "response_only_enabled": true, "role": "actor", "selected_rows": 0, "tensor_parallel_size": 2, "vocab_shard": 75968}
[36m(WorkerDict pid=3667372)[0m WARNING:2026-09-10 23:12:55,959:VERL_RESPONSE_ONLY_LM_HEAD_PROFILE {"active_ratio": 0.0, "actual_logits_bytes": 0, "allocated_before_bytes": 25814566400, "backend": "fused", "calculate_entropy": true, "calculate_sum_pi_squared": false, "context_parallel_size": 2, "data_format": "thd", "dense_logits_bytes": 0, "dense_rows": 9896, "distillation_only": false, "elapsed_s": 0.005676413071341813, "element_size": 0, "entropy_from_logits_chunk_size": 2048, "entropy_from_logits_with_chunking": false, "event_id": 87, "logits_dtype": "none", "logits_saved_bytes": 0, "peak_allocated_bytes": 25895757312, "peak_increment_bytes": 81190912, "pipeline_parallel_size": 2, "projected_rows": 1, "rank": 7, "response_only_enabled": true, "role": "actor", "selected_rows": 0, "tensor_parallel_size": 2, "vocab_shard": 75968}
[36m(WorkerDict pid=3667370)[0m WARNING:2026-09-10 23:12:56,085:VERL_RESPONSE_ONLY_LM_HEAD_PROFILE {"active_ratio": 0.41390460792239286, "actual_logits_bytes": 0, "allocated_before_bytes": 25814566400, "backend": "fused", "calculate_entropy": true, "calculate_sum_pi_squared": false, "context_parallel_size": 2, "data_format": "thd", "dense_logits_bytes": 0, "dense_rows": 9896, "distillation_only": false, "elapsed_s": 0.1317076189443469, "element_size": 0, "entropy_from_logits_chunk_size": 2048, "entropy_from_logits_with_chunking": false, "event_id": 87, "logits_dtype": "none", "logits_saved_bytes": 0, "peak_allocated_bytes": 25929254400, "peak_increment_bytes": 114688000, "pipeline_parallel_size": 2, "projected_rows": 4096, "rank": 5, "response_only_enabled": true, "role": "actor", "selected_rows": 4096, "tensor_parallel_size": 2, "vocab_shard": 75968}
[36m(WorkerDict pid=3667371)[0m WARNING:2026-09-10 23:12:58,696:VERL_RESPONSE_ONLY_LM_HEAD_PROFILE {"active_ratio": 0.0, "actual_logits_bytes": 0, "allocated_before_bytes": 25691825664, "backend": "fused", "calculate_entropy": true, "calculate_sum_pi_squared": false, "context_parallel_size": 2, "data_format": "thd", "dense_logits_bytes": 0, "dense_rows": 9888, "distillation_only": false, "elapsed_s": 0.00560489296913147, "element_size": 0, "entropy_from_logits_chunk_size": 2048, "entropy_from_logits_with_chunking": false, "event_id": 88, "logits_dtype": "none", "logits_saved_bytes": 0, "peak_allocated_bytes": 25772951040, "peak_increment_bytes": 81125376, "pipeline_parallel_size": 2, "projected_rows": 1, "rank": 6, "response_only_enabled": true, "role": "actor", "selected_rows": 0, "tensor_parallel_size": 2, "vocab_shard": 75968}
[36m(WorkerDict pid=3667372)[0m WARNING:2026-09-10 23:12:58,696:VERL_RESPONSE_ONLY_LM_HEAD_PROFILE {"active_ratio": 0.0, "actual_logits_bytes": 0, "allocated_before_bytes": 25691825664, "backend": "fused", "calculate_entropy": true, "calculate_sum_pi_squared": false, "context_parallel_size": 2, "data_format": "thd", "dense_logits_bytes": 0, "dense_rows": 9888, "distillation_only": false, "elapsed_s": 0.0056639129761606455, "element_size": 0, "entropy_from_logits_chunk_size": 2048, "entropy_from_logits_with_chunking": false, "event_id": 88, "logits_dtype": "none", "logits_saved_bytes": 0, "peak_allocated_bytes": 25772951040, "peak_increment_bytes": 81125376, "pipeline_parallel_size": 2, "projected_rows": 1, "rank": 7, "response_only_enabled": true, "role": "actor", "selected_rows": 0, "tensor_parallel_size": 2, "vocab_shard": 75968}
[36m(WorkerDict pid=3667370)[0m WARNING:2026-09-10 23:12:58,822:VERL_RESPONSE_ONLY_LM_HEAD_PROFILE {"active_ratio": 0.41423948220064727, "actual_logits_bytes": 0, "allocated_before_bytes": 25691825664, "backend": "fused", "calculate_entropy": true, "calculate_sum_pi_squared": false, "context_parallel_size": 2, "data_format": "thd", "dense_logits_bytes": 0, "dense_rows": 9888, "distillation_only": false, "elapsed_s": 0.1308379489928484, "element_size": 0, "entropy_from_logits_chunk_size": 2048, "entropy_from_logits_with_chunking": false, "event_id": 88, "logits_dtype": "none", "logits_saved_bytes": 0, "peak_allocated_bytes": 25806448128, "peak_increment_bytes": 114622464, "pipeline_parallel_size": 2, "projected_rows": 4096, "rank": 5, "response_only_enabled": true, "role": "actor", "selected_rows": 4096, "tensor_parallel_size": 2, "vocab_shard": 75968}
[36m(WorkerDict pid=3667371)[0m WARNING:2026-09-10 23:13:00,157:VERL_RESPONSE_ONLY_LM_HEAD_PROFILE {"active_ratio": 0.0, "actual_logits_bytes": 0, "allocated_before_bytes": 25732487680, "backend": "fused", "calculate_entropy": true, "calculate_sum_pi_squared": false, "context_parallel_size": 2, "data_format": "thd", "dense_logits_bytes": 0, "dense_rows": 9888, "distillation_only": false, "elapsed_s": 0.005567183019593358, "element_size": 0, "entropy_from_logits_chunk_size": 2048, "entropy_from_logits_with_chunking": false, "event_id": 89, "logits_dtype": "none", "logits_saved_bytes": 0, "peak_allocated_bytes": 25813613056, "peak_increment_bytes": 81125376, "pipeline_parallel_size": 2, "projected_rows": 1, "rank": 6, "response_only_enabled": true, "role": "actor", "selected_rows": 0, "tensor_parallel_size": 2, "vocab_shard": 75968}
[36m(WorkerDict pid=3667372)[0m WARNING:2026-09-10 23:13:00,157:VERL_RESPONSE_ONLY_LM_HEAD_PROFILE {"active_ratio": 0.0, "actual_logits_bytes": 0, "allocated_before_bytes": 25732487680, "backend": "fused", "calculate_entropy": true, "calculate_sum_pi_squared": false, "context_parallel_size": 2, "data_format": "thd", "dense_logits_bytes": 0, "dense_rows": 9888, "distillation_only": false, "elapsed_s": 0.005612882901914418, "element_size": 0, "entropy_from_logits_chunk_size": 2048, "entropy_from_logits_with_chunking": false, "event_id": 89, "logits_dtype": "none", "logits_saved_bytes": 0, "peak_allocated_bytes": 25813613056, "peak_increment_bytes": 81125376, "pipeline_parallel_size": 2, "projected_rows": 1, "rank": 7, "response_only_enabled": true, "role": "actor", "selected_rows": 0, "tensor_parallel_size": 2, "vocab_shard": 75968}
[36m(WorkerDict pid=3667370)[0m WARNING:2026-09-10 23:13:00,283:VERL_RESPONSE_ONLY_LM_HEAD_PROFILE {"active_ratio": 0.41423948220064727, "actual_logits_bytes": 0, "allocated_before_bytes": 25732487680, "backend": "fused", "calculate_entropy": true, "calculate_sum_pi_squared": false, "context_parallel_size": 2, "data_format": "thd", "dense_logits_bytes": 0, "dense_rows": 9888, "distillation_only": false, "elapsed_s": 0.130940699018538, "element_size": 0, "entropy_from_logits_chunk_size": 2048, "entropy_from_logits_with_chunking": false, "event_id": 89, "logits_dtype": "none", "logits_saved_bytes": 0, "peak_allocated_bytes": 25847110144, "peak_increment_bytes": 114622464, "pipeline_parallel_size": 2, "projected_rows": 4096, "rank": 5, "response_only_enabled": true, "role": "actor", "selected_rows": 4096, "tensor_parallel_size": 2, "vocab_shard": 75968}
[36m(WorkerDict pid=3667371)[0m WARNING:2026-09-10 23:13:01,621:VERL_RESPONSE_ONLY_LM_HEAD_PROFILE {"active_ratio": 0.0, "actual_logits_bytes": 0, "allocated_before_bytes": 25773149184, "backend": "fused", "calculate_entropy": true, "calculate_sum_pi_squared": false, "context_parallel_size": 2, "data_format": "thd", "dense_logits_bytes": 0, "dense_rows": 9888, "distillation_only": false, "elapsed_s": 0.0056244219886139035, "element_size": 0, "entropy_from_logits_chunk_size": 2048, "entropy_from_logits_with_chunking": false, "event_id": 90, "logits_dtype": "none", "logits_saved_bytes": 0, "peak_allocated_bytes": 25854274560, "peak_increment_bytes": 81125376, "pipeline_parallel_size": 2, "projected_rows": 1, "rank": 6, "response_only_enabled": true, "role": "actor", "selected_rows": 0, "tensor_parallel_size": 2, "vocab_shard": 75968}
[36m(WorkerDict pid=3667372)[0m WARNING:2026-09-10 23:13:01,621:VERL_RESPONSE_ONLY_LM_HEAD_PROFILE {"active_ratio": 0.0, "actual_logits_bytes": 0, "allocated_before_bytes": 25773149184, "backend": "fused", "calculate_entropy": true, "calculate_sum_pi_squared": false, "context_parallel_size": 2, "data_format": "thd", "dense_logits_bytes": 0, "dense_rows": 9888, "distillation_only": false, "elapsed_s": 0.005651762010529637, "element_size": 0, "entropy_from_logits_chunk_size": 2048, "entropy_from_logits_with_chunking": false, "event_id": 90, "logits_dtype": "none", "logits_saved_bytes": 0, "peak_allocated_bytes": 25854274560, "peak_increment_bytes": 81125376, "pipeline_parallel_size": 2, "projected_rows": 1, "rank": 7, "response_only_enabled": true, "role": "actor", "selected_rows": 0, "tensor_parallel_size": 2, "vocab_shard": 75968}
[36m(WorkerDict pid=3667370)[0m WARNING:2026-09-10 23:13:01,746:VERL_RESPONSE_ONLY_LM_HEAD_PROFILE {"active_ratio": 0.41423948220064727, "actual_logits_bytes": 0, "allocated_before_bytes": 25773149184, "backend": "fused", "calculate_entropy": true, "calculate_sum_pi_squared": false, "context_parallel_size": 2, "data_format": "thd", "dense_logits_bytes": 0, "dense_rows": 9888, "distillation_only": false, "elapsed_s": 0.13020866794977337, "element_size": 0, "entropy_from_logits_chunk_size": 2048, "entropy_from_logits_with_chunking": false, "event_id": 90, "logits_dtype": "none", "logits_saved_bytes": 0, "peak_allocated_bytes": 25887771648, "peak_increment_bytes": 114622464, "pipeline_parallel_size": 2, "projected_rows": 4096, "rank": 5, "response_only_enabled": true, "role": "actor", "selected_rows": 4096, "tensor_parallel_size": 2, "vocab_shard": 75968}
[36m(WorkerDict pid=3667371)[0m WARNING:2026-09-10 23:13:03,088:VERL_RESPONSE_ONLY_LM_HEAD_PROFILE {"active_ratio": 0.0, "actual_logits_bytes": 0, "allocated_before_bytes": 25813810688, "backend": "fused", "calculate_entropy": true, "calculate_sum_pi_squared": false, "context_parallel_size": 2, "data_format": "thd", "dense_logits_bytes": 0, "dense_rows": 9888, "distillation_only": false, "elapsed_s": 0.005565663101151586, "element_size": 0, "entropy_from_logits_chunk_size": 2048, "entropy_from_logits_with_chunking": false, "event_id": 91, "logits_dtype": "none", "logits_saved_bytes": 0, "peak_allocated_bytes": 25894936064, "peak_increment_bytes": 81125376, "pipeline_parallel_size": 2, "projected_rows": 1, "rank": 6, "response_only_enabled": true, "role": "actor", "selected_rows": 0, "tensor_parallel_size": 2, "vocab_shard": 75968}
[36m(WorkerDict pid=3667372)[0m WARNING:2026-09-10 23:13:03,088:VERL_RESPONSE_ONLY_LM_HEAD_PROFILE {"active_ratio": 0.0, "actual_logits_bytes": 0, "allocated_before_bytes": 25813810688, "backend": "fused", "calculate_entropy": true, "calculate_sum_pi_squared": false, "context_parallel_size": 2, "data_format": "thd", "dense_logits_bytes": 0, "dense_rows": 9888, "distillation_only": false, "elapsed_s": 0.005660573020577431, "element_size": 0, "entropy_from_logits_chunk_size": 2048, "entropy_from_logits_with_chunking": false, "event_id": 91, "logits_dtype": "none", "logits_saved_bytes": 0, "peak_allocated_bytes": 25894936064, "peak_increment_bytes": 81125376, "pipeline_parallel_size": 2, "projected_rows": 1, "rank": 7, "response_only_enabled": true, "role": "actor", "selected_rows": 0, "tensor_parallel_size": 2, "vocab_shard": 75968}
[36m(WorkerDict pid=3667370)[0m WARNING:2026-09-10 23:13:03,213:VERL_RESPONSE_ONLY_LM_HEAD_PROFILE {"active_ratio": 0.41423948220064727, "actual_logits_bytes": 0, "allocated_before_bytes": 25813810688, "backend": "fused", "calculate_entropy": true, "calculate_sum_pi_squared": false, "context_parallel_size": 2, "data_format": "thd", "dense_logits_bytes": 0, "dense_rows": 9888, "distillation_only": false, "elapsed_s": 0.1304937789682299, "element_size": 0, "entropy_from_logits_chunk_size": 2048, "entropy_from_logits_with_chunking": false, "event_id": 91, "logits_dtype": "none", "logits_saved_bytes": 0, "peak_allocated_bytes": 25928433152, "peak_increment_bytes": 114622464, "pipeline_parallel_size": 2, "projected_rows": 4096, "rank": 5, "response_only_enabled": true, "role": "actor", "selected_rows": 4096, "tensor_parallel_size": 2, "vocab_shard": 75968}
[36m(WorkerDict pid=3667371)[0m WARNING:2026-09-10 23:13:05,821:VERL_RESPONSE_ONLY_LM_HEAD_PROFILE {"active_ratio": 0.0, "actual_logits_bytes": 0, "allocated_before_bytes": 25691825664, "backend": "fused", "calculate_entropy": true, "calculate_sum_pi_squared": false, "context_parallel_size": 2, "data_format": "thd", "dense_logits_bytes": 0, "dense_rows": 9888, "distillation_only": false, "elapsed_s": 0.005590743036009371, "element_size": 0, "entropy_from_logits_chunk_size": 2048, "entropy_from_logits_with_chunking": false, "event_id": 92, "logits_dtype": "none", "logits_saved_bytes": 0, "peak_allocated_bytes": 25772951040, "peak_increment_bytes": 81125376, "pipeline_parallel_size": 2, "projected_rows": 1, "rank": 6, "response_only_enabled": true, "role": "actor", "selected_rows": 0, "tensor_parallel_size": 2, "vocab_shard": 75968}
[36m(WorkerDict pid=3667372)[0m WARNING:2026-09-10 23:13:05,821:VERL_RESPONSE_ONLY_LM_HEAD_PROFILE {"active_ratio": 0.0, "actual_logits_bytes": 0, "allocated_before_bytes": 25691825664, "backend": "fused", "calculate_entropy": true, "calculate_sum_pi_squared": false, "context_parallel_size": 2, "data_format": "thd", "dense_logits_bytes": 0, "dense_rows": 9888, "distillation_only": false, "elapsed_s": 0.005625053076073527, "element_size": 0, "entropy_from_logits_chunk_size": 2048, "entropy_from_logits_with_chunking": false, "event_id": 92, "logits_dtype": "none", "logits_saved_bytes": 0, "peak_allocated_bytes": 25772951040, "peak_increment_bytes": 81125376, "pipeline_parallel_size": 2, "projected_rows": 1, "rank": 7, "response_only_enabled": true, "role": "actor", "selected_rows": 0, "tensor_parallel_size": 2, "vocab_shard": 75968}
[36m(WorkerDict pid=3667370)[0m WARNING:2026-09-10 23:13:05,947:VERL_RESPONSE_ONLY_LM_HEAD_PROFILE {"active_ratio": 0.41423948220064727, "actual_logits_bytes": 0, "allocated_before_bytes": 25691825664, "backend": "fused", "calculate_entropy": true, "calculate_sum_pi_squared": false, "context_parallel_size": 2, "data_format": "thd", "dense_logits_bytes": 0, "dense_rows": 9888, "distillation_only": false, "elapsed_s": 0.13117452908772975, "element_size": 0, "entropy_from_logits_chunk_size": 2048, "entropy_from_logits_with_chunking": false, "event_id": 92, "logits_dtype": "none", "logits_saved_bytes": 0, "peak_allocated_bytes": 25806448128, "peak_increment_bytes": 114622464, "pipeline_parallel_size": 2, "projected_rows": 4096, "rank": 5, "response_only_enabled": true, "role": "actor", "selected_rows": 4096, "tensor_parallel_size": 2, "vocab_shard": 75968}
[36m(WorkerDict pid=3667371)[0m WARNING:2026-09-10 23:13:07,284:VERL_RESPONSE_ONLY_LM_HEAD_PROFILE {"active_ratio": 0.0, "actual_logits_bytes": 0, "allocated_before_bytes": 25732487680, "backend": "fused", "calculate_entropy": true, "calculate_sum_pi_squared": false, "context_parallel_size": 2, "data_format": "thd", "dense_logits_bytes": 0, "dense_rows": 9888, "distillation_only": false, "elapsed_s": 0.005685103009454906, "element_size": 0, "entropy_from_logits_chunk_size": 2048, "entropy_from_logits_with_chunking": false, "event_id": 93, "logits_dtype": "none", "logits_saved_bytes": 0, "peak_allocated_bytes": 25813613056, "peak_increment_bytes": 81125376, "pipeline_parallel_size": 2, "projected_rows": 1, "rank": 6, "response_only_enabled": true, "role": "actor", "selected_rows": 0, "tensor_parallel_size": 2, "vocab_shard": 75968}
[36m(WorkerDict pid=3667372)[0m WARNING:2026-09-10 23:13:07,284:VERL_RESPONSE_ONLY_LM_HEAD_PROFILE {"active_ratio": 0.0, "actual_logits_bytes": 0, "allocated_before_bytes": 25732487680, "backend": "fused", "calculate_entropy": true, "calculate_sum_pi_squared": false, "context_parallel_size": 2, "data_format": "thd", "dense_logits_bytes": 0, "dense_rows": 9888, "distillation_only": false, "elapsed_s": 0.005586902960203588, "element_size": 0, "entropy_from_logits_chunk_size": 2048, "entropy_from_logits_with_chunking": false, "event_id": 93, "logits_dtype": "none", "logits_saved_bytes": 0, "peak_allocated_bytes": 25813613056, "peak_increment_bytes": 81125376, "pipeline_parallel_size": 2, "projected_rows": 1, "rank": 7, "response_only_enabled": true, "role": "actor", "selected_rows": 0, "tensor_parallel_size": 2, "vocab_shard": 75968}
[36m(WorkerDict pid=3667370)[0m WARNING:2026-09-10 23:13:07,409:VERL_RESPONSE_ONLY_LM_HEAD_PROFILE {"active_ratio": 0.41423948220064727, "actual_logits_bytes": 0, "allocated_before_bytes": 25732487680, "backend": "fused", "calculate_entropy": true, "calculate_sum_pi_squared": false, "context_parallel_size": 2, "data_format": "thd", "dense_logits_bytes": 0, "dense_rows": 9888, "distillation_only": false, "elapsed_s": 0.1305756689980626, "element_size": 0, "entropy_from_logits_chunk_size": 2048, "entropy_from_logits_with_chunking": false, "event_id": 93, "logits_dtype": "none", "logits_saved_bytes": 0, "peak_allocated_bytes": 25847110144, "peak_increment_bytes": 114622464, "pipeline_parallel_size": 2, "projected_rows": 4096, "rank": 5, "response_only_enabled": true, "role": "actor", "selected_rows": 4096, "tensor_parallel_size": 2, "vocab_shard": 75968}
[36m(WorkerDict pid=3667371)[0m WARNING:2026-09-10 23:13:08,751:VERL_RESPONSE_ONLY_LM_HEAD_PROFILE {"active_ratio": 0.0, "actual_logits_bytes": 0, "allocated_before_bytes": 25773149184, "backend": "fused", "calculate_entropy": true, "calculate_sum_pi_squared": false, "context_parallel_size": 2, "data_format": "thd", "dense_logits_bytes": 0, "dense_rows": 9888, "distillation_only": false, "elapsed_s": 0.0056905519450083375, "element_size": 0, "entropy_from_logits_chunk_size": 2048, "entropy_from_logits_with_chunking": false, "event_id": 94, "logits_dtype": "none", "logits_saved_bytes": 0, "peak_allocated_bytes": 25854274560, "peak_increment_bytes": 81125376, "pipeline_parallel_size": 2, "projected_rows": 1, "rank": 6, "response_only_enabled": true, "role": "actor", "selected_rows": 0, "tensor_parallel_size": 2, "vocab_shard": 75968}
[36m(WorkerDict pid=3667372)[0m WARNING:2026-09-10 23:13:08,751:VERL_RESPONSE_ONLY_LM_HEAD_PROFILE {"active_ratio": 0.0, "actual_logits_bytes": 0, "allocated_before_bytes": 25773149184, "backend": "fused", "calculate_entropy": true, "calculate_sum_pi_squared": false, "context_parallel_size": 2, "data_format": "thd", "dense_logits_bytes": 0, "dense_rows": 9888, "distillation_only": false, "elapsed_s": 0.0056829319801181555, "element_size": 0, "entropy_from_logits_chunk_size": 2048, "entropy_from_logits_with_chunking": false, "event_id": 94, "logits_dtype": "none", "logits_saved_bytes": 0, "peak_allocated_bytes": 25854274560, "peak_increment_bytes": 81125376, "pipeline_parallel_size": 2, "projected_rows": 1, "rank": 7, "response_only_enabled": true, "role": "actor", "selected_rows": 0, "tensor_parallel_size": 2, "vocab_shard": 75968}
[36m(WorkerDict pid=3667370)[0m WARNING:2026-09-10 23:13:08,876:VERL_RESPONSE_ONLY_LM_HEAD_PROFILE {"active_ratio": 0.41423948220064727, "actual_logits_bytes": 0, "allocated_before_bytes": 25773149184, "backend": "fused", "calculate_entropy": true, "calculate_sum_pi_squared": false, "context_parallel_size": 2, "data_format": "thd", "dense_logits_bytes": 0, "dense_rows": 9888, "distillation_only": false, "elapsed_s": 0.1311104780761525, "element_size": 0, "entropy_from_logits_chunk_size": 2048, "entropy_from_logits_with_chunking": false, "event_id": 94, "logits_dtype": "none", "logits_saved_bytes": 0, "peak_allocated_bytes": 25887771648, "peak_increment_bytes": 114622464, "pipeline_parallel_size": 2, "projected_rows": 4096, "rank": 5, "response_only_enabled": true, "role": "actor", "selected_rows": 4096, "tensor_parallel_size": 2, "vocab_shard": 75968}
[36m(WorkerDict pid=3667371)[0m WARNING:2026-09-10 23:13:10,213:VERL_RESPONSE_ONLY_LM_HEAD_PROFILE {"active_ratio": 0.0, "actual_logits_bytes": 0, "allocated_before_bytes": 25813810688, "backend": "fused", "calculate_entropy": true, "calculate_sum_pi_squared": false, "context_parallel_size": 2, "data_format": "thd", "dense_logits_bytes": 0, "dense_rows": 9888, "distillation_only": false, "elapsed_s": 0.005733502912335098, "element_size": 0, "entropy_from_logits_chunk_size": 2048, "entropy_from_logits_with_chunking": false, "event_id": 95, "logits_dtype": "none", "logits_saved_bytes": 0, "peak_allocated_bytes": 25894936064, "peak_increment_bytes": 81125376, "pipeline_parallel_size": 2, "projected_rows": 1, "rank": 6, "response_only_enabled": true, "role": "actor", "selected_rows": 0, "tensor_parallel_size": 2, "vocab_shard": 75968}
[36m(WorkerDict pid=3667372)[0m WARNING:2026-09-10 23:13:10,213:VERL_RESPONSE_ONLY_LM_HEAD_PROFILE {"active_ratio": 0.0, "actual_logits_bytes": 0, "allocated_before_bytes": 25813810688, "backend": "fused", "calculate_entropy": true, "calculate_sum_pi_squared": false, "context_parallel_size": 2, "data_format": "thd", "dense_logits_bytes": 0, "dense_rows": 9888, "distillation_only": false, "elapsed_s": 0.005741133005358279, "element_size": 0, "entropy_from_logits_chunk_size": 2048, "entropy_from_logits_with_chunking": false, "event_id": 95, "logits_dtype": "none", "logits_saved_bytes": 0, "peak_allocated_bytes": 25894936064, "peak_increment_bytes": 81125376, "pipeline_parallel_size": 2, "projected_rows": 1, "rank": 7, "response_only_enabled": true, "role": "actor", "selected_rows": 0, "tensor_parallel_size": 2, "vocab_shard": 75968}
[36m(WorkerDict pid=3667370)[0m WARNING:2026-09-10 23:13:10,338:VERL_RESPONSE_ONLY_LM_HEAD_PROFILE {"active_ratio": 0.41423948220064727, "actual_logits_bytes": 0, "allocated_before_bytes": 25813810688, "backend": "fused", "calculate_entropy": true, "calculate_sum_pi_squared": false, "context_parallel_size": 2, "data_format": "thd", "dense_logits_bytes": 0, "dense_rows": 9888, "distillation_only": false, "elapsed_s": 0.13084314891602844, "element_size": 0, "entropy_from_logits_chunk_size": 2048, "entropy_from_logits_with_chunking": false, "event_id": 95, "logits_dtype": "none", "logits_saved_bytes": 0, "peak_allocated_bytes": 25928433152, "peak_increment_bytes": 114622464, "pipeline_parallel_size": 2, "projected_rows": 4096, "rank": 5, "response_only_enabled": true, "role": "actor", "selected_rows": 4096, "tensor_parallel_size": 2, "vocab_shard": 75968}
[36m(vLLMHttpServer pid=3670936)[0m (EngineCore pid=3671537) WARNING 09-10 23:13:18 [scheduler.py:1948] reset_connector called but no KV connector is configured.
[36m(vLLMHttpServer pid=3670937)[0m (EngineCore pid=3671530) WARNING 09-10 23:13:18 [scheduler.py:1948] reset_connector called but no KV connector is configured.
[36m(WorkerDict pid=3667365)[0m Converting to HuggingFace ━━━━━━━━━━━━━━━━━━━━━━━━━━━━━━━━━━━━━━━━ 100% 0:00:00 (291/291) Qwen3Bridge
[36m(vLLMHttpServer pid=3670936)[0m (EngineCore pid=3671537) WARNING 09-10 23:13:20 [scheduler.py:1948] reset_connector called but no KV connector is configured.
[36m(vLLMHttpServer pid=3670937)[0m (EngineCore pid=3671530) WARNING 09-10 23:13:20 [scheduler.py:1948] reset_connector called but no KV connector is configured.
[36m(vLLMHttpServer pid=3670936)[0m (EngineCore pid=3671537) WARNING 09-10 23:13:21 [scheduler.py:1948] reset_connector called but no KV connector is configured.
[36m(vLLMHttpServer pid=3670937)[0m (EngineCore pid=3671530) WARNING 09-10 23:13:22 [scheduler.py:1948] reset_connector called but no KV connector is configured.
[36m(TaskRunnerV1 pid=3666120)[0m Training Progress:  50%|█████     | 2/4 [03:16<03:05, 92.68s/it] 
[36m(TaskRunnerV1 pid=3666120)[0m step:2 - global_seqlen/min:316476.0 - global_seqlen/max:316476.0 - global_seqlen/minmax_diff:0.0 - global_seqlen/balanced_min:316476.0 - global_seqlen/balanced_max:316476.0 - global_seqlen/mean:316476.0 - actor/entropy:0.01156141608953476 - training/rollout_probs_diff_valid:1.0 - training/rollout_probs_diff_max:0.3239685893058777 - training/rollout_probs_diff_mean:0.000528595526702702 - training/rollout_probs_diff_std:0.003976061940193176 - training/rollout_actor_probs_pearson_corr:0.9974086880683899 - rollout_corr/training_ppl:1.009521245956421 - rollout_corr/training_log_ppl:0.009464859962463379 - rollout_corr/kl:0.0005049507017247379 - rollout_corr/k3_kl:2.5536568500683643e-05 - rollout_corr/rollout_ppl:1.009010910987854 - rollout_corr/rollout_log_ppl:0.008959909901022911 - rollout_corr/log_ppl_diff:0.0005049507599323988 - rollout_corr/log_ppl_abs_diff:0.0005049507599323988 - rollout_corr/log_ppl_diff_max:0.0008323788642883301 - rollout_corr/log_ppl_diff_min:0.0001952934544533491 - rollout_corr/ppl_ratio:1.0005050897598267 - rollout_corr/chi2_token:-0.0009098052978515625 - rollout_corr/chi2_seq:-0.9583136439323425 - actor/pg_clipfrac:0.0 - actor/ppo_kl:0.0 - actor/pg_clipfrac_lower:0.0 - actor/pg_loss:-5.499459803104401e-07 - actor/entropy_loss:0.011561417224584147 - actor/kl_loss:0.0 - actor/kl_coef:0.001 - actor/loss:-1.2109987437725067e-05 - actor/grad_norm:0.24056588485836983 - actor/perf/max_memory_allocated_gb:25.099173545837402 - actor/perf/max_memory_reserved_gb:25.359375 - actor/perf/cpu_memory_used_gb:278.4976406097412 - actor/lr:0.0 - perf/mfu/actor:0.28873318603829795 - training/global_step:2 - training/epoch:0 - critic/score/mean:0.9723192453384399 - critic/score/max:0.9996973276138306 - critic/score/min:0.9515789151191711 - critic/rewards/mean:0.9723192453384399 - critic/rewards/max:0.9996973276138306 - critic/rewards/min:0.9515789151191711 - critic/advantages/mean:5.289912223815918e-07 - critic/advantages/max:1.3407050371170044 - critic/advantages/min:-1.136406421661377 - critic/returns/mean:5.289912223815918e-07 - critic/returns/max:1.3407050371170044 - critic/returns/min:-1.136406421661377 - response_length/mean:4096.0 - response_length/max:4096.0 - response_length/min:4096.0 - response_length/clip_ratio:1.0 - response_length_non_aborted/mean:4096.0 - response_length_non_aborted/max:4096.0 - response_length_non_aborted/min:4096.0 - response_length_non_aborted/clip_ratio:1.0 - response/aborted_ratio:0.0 - prompt_length/mean:15683.75 - prompt_length/max:15689.0 - prompt_length/min:15677.0 - prompt_length/clip_ratio:0.5 - timing_s/gen:2.006894916994497 - timing_s/old_log_prob:9.496512855985202 - timing_s/ref:12.075964307994582 - timing_s/adv:0.11519369203597307 - timing_s/update_actor:37.97108916391153 - timing_s/update_weights:4.758165066945367 - timing_s/step:66.58116554503795 - timing_per_token_ms/adv:0.00036398871331782846 - timing_per_token_ms/ref:0.03815759902170965 - timing_per_token_ms/update_actor:0.11998094378060747 - timing_per_token_ms/gen:0.03062278620902248 - perf/total_num_tokens:316476 - perf/time_per_step:66.58116554503795 - perf/throughput:594.1545131594385 - training/num_turns/mean:np.float64(2.0) - training/num_turns/max:np.int64(2) - training/num_turns/min:np.int64(2) - training/off_policy/trajectory_spans/mean:np.float64(1.0) - training/off_policy/trajectory_spans/max:np.int64(1) - training/off_policy/trajectory_spans/min:np.int64(1) - training/off_policy/trajectory_staleness/mean:np.float64(-1.0) - training/off_policy/trajectory_staleness/max:np.int64(-1) - training/off_policy/trajectory_staleness/min:np.int64(-1) - training/off_policy/trajectory_staleness_worst/mean:np.float64(-1.0) - training/off_policy/trajectory_staleness_worst/max:np.int64(-1) - training/off_policy/trajectory_staleness_worst/min:np.int64(-1)
[36m(TaskRunnerV1 pid=3666120)[0m [RolloutTqSkip()] [33mInjected 16 cached trajectories from step 3 (4 prompts x 4) into TQ partition 'train' at current step 3[0m
[36m(WorkerDict pid=3667371)[0m WARNING:2026-09-10 23:13:25,693:VERL_RESPONSE_ONLY_LM_HEAD_PROFILE {"active_ratio": 0.0, "actual_logits_bytes": 0, "allocated_before_bytes": 4294502400, "backend": "fused", "calculate_entropy": true, "calculate_sum_pi_squared": false, "context_parallel_size": 2, "data_format": "thd", "dense_logits_bytes": 0, "dense_rows": 10184, "distillation_only": false, "elapsed_s": 0.005551842041313648, "element_size": 0, "entropy_from_logits_chunk_size": 2048, "entropy_from_logits_with_chunking": false, "event_id": 96, "logits_dtype": "none", "logits_saved_bytes": 0, "peak_allocated_bytes": 4378054656, "peak_increment_bytes": 83552256, "pipeline_parallel_size": 2, "projected_rows": 1, "rank": 6, "response_only_enabled": true, "role": "actor", "selected_rows": 0, "tensor_parallel_size": 2, "vocab_shard": 75968}
[36m(WorkerDict pid=3667372)[0m WARNING:2026-09-10 23:13:25,693:VERL_RESPONSE_ONLY_LM_HEAD_PROFILE {"active_ratio": 0.0, "actual_logits_bytes": 0, "allocated_before_bytes": 4294502400, "backend": "fused", "calculate_entropy": true, "calculate_sum_pi_squared": false, "context_parallel_size": 2, "data_format": "thd", "dense_logits_bytes": 0, "dense_rows": 10184, "distillation_only": false, "elapsed_s": 0.0054960319539532065, "element_size": 0, "entropy_from_logits_chunk_size": 2048, "entropy_from_logits_with_chunking": false, "event_id": 96, "logits_dtype": "none", "logits_saved_bytes": 0, "peak_allocated_bytes": 4378054656, "peak_increment_bytes": 83552256, "pipeline_parallel_size": 2, "projected_rows": 1, "rank": 7, "response_only_enabled": true, "role": "actor", "selected_rows": 0, "tensor_parallel_size": 2, "vocab_shard": 75968}
[36m(WorkerDict pid=3667370)[0m WARNING:2026-09-10 23:13:25,819:VERL_RESPONSE_ONLY_LM_HEAD_PROFILE {"active_ratio": 0.40219952867242736, "actual_logits_bytes": 0, "allocated_before_bytes": 4294502400, "backend": "fused", "calculate_entropy": true, "calculate_sum_pi_squared": false, "context_parallel_size": 2, "data_format": "thd", "dense_logits_bytes": 0, "dense_rows": 10184, "distillation_only": false, "elapsed_s": 0.13031206803862005, "element_size": 0, "entropy_from_logits_chunk_size": 2048, "entropy_from_logits_with_chunking": false, "event_id": 96, "logits_dtype": "none", "logits_saved_bytes": 0, "peak_allocated_bytes": 4411549696, "peak_increment_bytes": 117047296, "pipeline_parallel_size": 2, "projected_rows": 4096, "rank": 5, "response_only_enabled": true, "role": "actor", "selected_rows": 4096, "tensor_parallel_size": 2, "vocab_shard": 75968}
[36m(WorkerDict pid=3667371)[0m WARNING:2026-09-10 23:13:26,124:VERL_RESPONSE_ONLY_LM_HEAD_PROFILE {"active_ratio": 0.0, "actual_logits_bytes": 0, "allocated_before_bytes": 4294667776, "backend": "fused", "calculate_entropy": true, "calculate_sum_pi_squared": false, "context_parallel_size": 2, "data_format": "thd", "dense_logits_bytes": 0, "dense_rows": 10184, "distillation_only": false, "elapsed_s": 0.005526743014343083, "element_size": 0, "entropy_from_logits_chunk_size": 2048, "entropy_from_logits_with_chunking": false, "event_id": 97, "logits_dtype": "none", "logits_saved_bytes": 0, "peak_allocated_bytes": 4378220032, "peak_increment_bytes": 83552256, "pipeline_parallel_size": 2, "projected_rows": 1, "rank": 6, "response_only_enabled": true, "role": "actor", "selected_rows": 0, "tensor_parallel_size": 2, "vocab_shard": 75968}
[36m(WorkerDict pid=3667372)[0m WARNING:2026-09-10 23:13:26,124:VERL_RESPONSE_ONLY_LM_HEAD_PROFILE {"active_ratio": 0.0, "actual_logits_bytes": 0, "allocated_before_bytes": 4294667776, "backend": "fused", "calculate_entropy": true, "calculate_sum_pi_squared": false, "context_parallel_size": 2, "data_format": "thd", "dense_logits_bytes": 0, "dense_rows": 10184, "distillation_only": false, "elapsed_s": 0.005578793003223836, "element_size": 0, "entropy_from_logits_chunk_size": 2048, "entropy_from_logits_with_chunking": false, "event_id": 97, "logits_dtype": "none", "logits_saved_bytes": 0, "peak_allocated_bytes": 4378220032, "peak_increment_bytes": 83552256, "pipeline_parallel_size": 2, "projected_rows": 1, "rank": 7, "response_only_enabled": true, "role": "actor", "selected_rows": 0, "tensor_parallel_size": 2, "vocab_shard": 75968}
[36m(WorkerDict pid=3667370)[0m WARNING:2026-09-10 23:13:26,249:VERL_RESPONSE_ONLY_LM_HEAD_PROFILE {"active_ratio": 0.40219952867242736, "actual_logits_bytes": 0, "allocated_before_bytes": 4294667776, "backend": "fused", "calculate_entropy": true, "calculate_sum_pi_squared": false, "context_parallel_size": 2, "data_format": "thd", "dense_logits_bytes": 0, "dense_rows": 10184, "distillation_only": false, "elapsed_s": 0.13006036798469722, "element_size": 0, "entropy_from_logits_chunk_size": 2048, "entropy_from_logits_with_chunking": false, "event_id": 97, "logits_dtype": "none", "logits_saved_bytes": 0, "peak_allocated_bytes": 4411715072, "peak_increment_bytes": 117047296, "pipeline_parallel_size": 2, "projected_rows": 4096, "rank": 5, "response_only_enabled": true, "role": "actor", "selected_rows": 4096, "tensor_parallel_size": 2, "vocab_shard": 75968}
[36m(WorkerDict pid=3667371)[0m WARNING:2026-09-10 23:13:26,555:VERL_RESPONSE_ONLY_LM_HEAD_PROFILE {"active_ratio": 0.0, "actual_logits_bytes": 0, "allocated_before_bytes": 4294832640, "backend": "fused", "calculate_entropy": true, "calculate_sum_pi_squared": false, "context_parallel_size": 2, "data_format": "thd", "dense_logits_bytes": 0, "dense_rows": 10184, "distillation_only": false, "elapsed_s": 0.005664461990818381, "element_size": 0, "entropy_from_logits_chunk_size": 2048, "entropy_from_logits_with_chunking": false, "event_id": 98, "logits_dtype": "none", "logits_saved_bytes": 0, "peak_allocated_bytes": 4378384896, "peak_increment_bytes": 83552256, "pipeline_parallel_size": 2, "projected_rows": 1, "rank": 6, "response_only_enabled": true, "role": "actor", "selected_rows": 0, "tensor_parallel_size": 2, "vocab_shard": 75968}
[36m(WorkerDict pid=3667372)[0m WARNING:2026-09-10 23:13:26,555:VERL_RESPONSE_ONLY_LM_HEAD_PROFILE {"active_ratio": 0.0, "actual_logits_bytes": 0, "allocated_before_bytes": 4294832640, "backend": "fused", "calculate_entropy": true, "calculate_sum_pi_squared": false, "context_parallel_size": 2, "data_format": "thd", "dense_logits_bytes": 0, "dense_rows": 10184, "distillation_only": false, "elapsed_s": 0.00571405200753361, "element_size": 0, "entropy_from_logits_chunk_size": 2048, "entropy_from_logits_with_chunking": false, "event_id": 98, "logits_dtype": "none", "logits_saved_bytes": 0, "peak_allocated_bytes": 4378384896, "peak_increment_bytes": 83552256, "pipeline_parallel_size": 2, "projected_rows": 1, "rank": 7, "response_only_enabled": true, "role": "actor", "selected_rows": 0, "tensor_parallel_size": 2, "vocab_shard": 75968}
[36m(WorkerDict pid=3667370)[0m WARNING:2026-09-10 23:13:26,682:VERL_RESPONSE_ONLY_LM_HEAD_PROFILE {"active_ratio": 0.40219952867242736, "actual_logits_bytes": 0, "allocated_before_bytes": 4294832640, "backend": "fused", "calculate_entropy": true, "calculate_sum_pi_squared": false, "context_parallel_size": 2, "data_format": "thd", "dense_logits_bytes": 0, "dense_rows": 10184, "distillation_only": false, "elapsed_s": 0.13234760891646147, "element_size": 0, "entropy_from_logits_chunk_size": 2048, "entropy_from_logits_with_chunking": false, "event_id": 98, "logits_dtype": "none", "logits_saved_bytes": 0, "peak_allocated_bytes": 4411879936, "peak_increment_bytes": 117047296, "pipeline_parallel_size": 2, "projected_rows": 4096, "rank": 5, "response_only_enabled": true, "role": "actor", "selected_rows": 4096, "tensor_parallel_size": 2, "vocab_shard": 75968}
[36m(WorkerDict pid=3667371)[0m WARNING:2026-09-10 23:13:26,988:VERL_RESPONSE_ONLY_LM_HEAD_PROFILE {"active_ratio": 0.0, "actual_logits_bytes": 0, "allocated_before_bytes": 4294997504, "backend": "fused", "calculate_entropy": true, "calculate_sum_pi_squared": false, "context_parallel_size": 2, "data_format": "thd", "dense_logits_bytes": 0, "dense_rows": 10184, "distillation_only": false, "elapsed_s": 0.005601543001830578, "element_size": 0, "entropy_from_logits_chunk_size": 2048, "entropy_from_logits_with_chunking": false, "event_id": 99, "logits_dtype": "none", "logits_saved_bytes": 0, "peak_allocated_bytes": 4378549760, "peak_increment_bytes": 83552256, "pipeline_parallel_size": 2, "projected_rows": 1, "rank": 6, "response_only_enabled": true, "role": "actor", "selected_rows": 0, "tensor_parallel_size": 2, "vocab_shard": 75968}
[36m(WorkerDict pid=3667372)[0m WARNING:2026-09-10 23:13:26,988:VERL_RESPONSE_ONLY_LM_HEAD_PROFILE {"active_ratio": 0.0, "actual_logits_bytes": 0, "allocated_before_bytes": 4294997504, "backend": "fused", "calculate_entropy": true, "calculate_sum_pi_squared": false, "context_parallel_size": 2, "data_format": "thd", "dense_logits_bytes": 0, "dense_rows": 10184, "distillation_only": false, "elapsed_s": 0.0055954629788175225, "element_size": 0, "entropy_from_logits_chunk_size": 2048, "entropy_from_logits_with_chunking": false, "event_id": 99, "logits_dtype": "none", "logits_saved_bytes": 0, "peak_allocated_bytes": 4378549760, "peak_increment_bytes": 83552256, "pipeline_parallel_size": 2, "projected_rows": 1, "rank": 7, "response_only_enabled": true, "role": "actor", "selected_rows": 0, "tensor_parallel_size": 2, "vocab_shard": 75968}
[36m(WorkerDict pid=3667370)[0m WARNING:2026-09-10 23:13:27,113:VERL_RESPONSE_ONLY_LM_HEAD_PROFILE {"active_ratio": 0.40219952867242736, "actual_logits_bytes": 0, "allocated_before_bytes": 4294997504, "backend": "fused", "calculate_entropy": true, "calculate_sum_pi_squared": false, "context_parallel_size": 2, "data_format": "thd", "dense_logits_bytes": 0, "dense_rows": 10184, "distillation_only": false, "elapsed_s": 0.13039101799950004, "element_size": 0, "entropy_from_logits_chunk_size": 2048, "entropy_from_logits_with_chunking": false, "event_id": 99, "logits_dtype": "none", "logits_saved_bytes": 0, "peak_allocated_bytes": 4412044800, "peak_increment_bytes": 117047296, "pipeline_parallel_size": 2, "projected_rows": 4096, "rank": 5, "response_only_enabled": true, "role": "actor", "selected_rows": 4096, "tensor_parallel_size": 2, "vocab_shard": 75968}
[36m(WorkerDict pid=3667371)[0m WARNING:2026-09-10 23:13:27,411:VERL_RESPONSE_ONLY_LM_HEAD_PROFILE {"active_ratio": 0.0, "actual_logits_bytes": 0, "allocated_before_bytes": 4292779008, "backend": "fused", "calculate_entropy": true, "calculate_sum_pi_squared": false, "context_parallel_size": 2, "data_format": "thd", "dense_logits_bytes": 0, "dense_rows": 9896, "distillation_only": false, "elapsed_s": 0.005536413053050637, "element_size": 0, "entropy_from_logits_chunk_size": 2048, "entropy_from_logits_with_chunking": false, "event_id": 100, "logits_dtype": "none", "logits_saved_bytes": 0, "peak_allocated_bytes": 4373968896, "peak_increment_bytes": 81189888, "pipeline_parallel_size": 2, "projected_rows": 1, "rank": 6, "response_only_enabled": true, "role": "actor", "selected_rows": 0, "tensor_parallel_size": 2, "vocab_shard": 75968}
[36m(WorkerDict pid=3667372)[0m WARNING:2026-09-10 23:13:27,410:VERL_RESPONSE_ONLY_LM_HEAD_PROFILE {"active_ratio": 0.0, "actual_logits_bytes": 0, "allocated_before_bytes": 4292779008, "backend": "fused", "calculate_entropy": true, "calculate_sum_pi_squared": false, "context_parallel_size": 2, "data_format": "thd", "dense_logits_bytes": 0, "dense_rows": 9896, "distillation_only": false, "elapsed_s": 0.005542513099499047, "element_size": 0, "entropy_from_logits_chunk_size": 2048, "entropy_from_logits_with_chunking": false, "event_id": 100, "logits_dtype": "none", "logits_saved_bytes": 0, "peak_allocated_bytes": 4373968896, "peak_increment_bytes": 81189888, "pipeline_parallel_size": 2, "projected_rows": 1, "rank": 7, "response_only_enabled": true, "role": "actor", "selected_rows": 0, "tensor_parallel_size": 2, "vocab_shard": 75968}
[36m(WorkerDict pid=3667370)[0m WARNING:2026-09-10 23:13:27,535:VERL_RESPONSE_ONLY_LM_HEAD_PROFILE {"active_ratio": 0.41390460792239286, "actual_logits_bytes": 0, "allocated_before_bytes": 4292779008, "backend": "fused", "calculate_entropy": true, "calculate_sum_pi_squared": false, "context_parallel_size": 2, "data_format": "thd", "dense_logits_bytes": 0, "dense_rows": 9896, "distillation_only": false, "elapsed_s": 0.1303731589578092, "element_size": 0, "entropy_from_logits_chunk_size": 2048, "entropy_from_logits_with_chunking": false, "event_id": 100, "logits_dtype": "none", "logits_saved_bytes": 0, "peak_allocated_bytes": 4407467008, "peak_increment_bytes": 114688000, "pipeline_parallel_size": 2, "projected_rows": 4096, "rank": 5, "response_only_enabled": true, "role": "actor", "selected_rows": 4096, "tensor_parallel_size": 2, "vocab_shard": 75968}
[36m(WorkerDict pid=3667371)[0m WARNING:2026-09-10 23:13:27,832:VERL_RESPONSE_ONLY_LM_HEAD_PROFILE {"active_ratio": 0.0, "actual_logits_bytes": 0, "allocated_before_bytes": 4292938752, "backend": "fused", "calculate_entropy": true, "calculate_sum_pi_squared": false, "context_parallel_size": 2, "data_format": "thd", "dense_logits_bytes": 0, "dense_rows": 9896, "distillation_only": false, "elapsed_s": 0.005566361942328513, "element_size": 0, "entropy_from_logits_chunk_size": 2048, "entropy_from_logits_with_chunking": false, "event_id": 101, "logits_dtype": "none", "logits_saved_bytes": 0, "peak_allocated_bytes": 4374128640, "peak_increment_bytes": 81189888, "pipeline_parallel_size": 2, "projected_rows": 1, "rank": 6, "response_only_enabled": true, "role": "actor", "selected_rows": 0, "tensor_parallel_size": 2, "vocab_shard": 75968}
[36m(WorkerDict pid=3667372)[0m WARNING:2026-09-10 23:13:27,832:VERL_RESPONSE_ONLY_LM_HEAD_PROFILE {"active_ratio": 0.0, "actual_logits_bytes": 0, "allocated_before_bytes": 4292938752, "backend": "fused", "calculate_entropy": true, "calculate_sum_pi_squared": false, "context_parallel_size": 2, "data_format": "thd", "dense_logits_bytes": 0, "dense_rows": 9896, "distillation_only": false, "elapsed_s": 0.005555692012421787, "element_size": 0, "entropy_from_logits_chunk_size": 2048, "entropy_from_logits_with_chunking": false, "event_id": 101, "logits_dtype": "none", "logits_saved_bytes": 0, "peak_allocated_bytes": 4374128640, "peak_increment_bytes": 81189888, "pipeline_parallel_size": 2, "projected_rows": 1, "rank": 7, "response_only_enabled": true, "role": "actor", "selected_rows": 0, "tensor_parallel_size": 2, "vocab_shard": 75968}
[36m(WorkerDict pid=3667370)[0m WARNING:2026-09-10 23:13:27,957:VERL_RESPONSE_ONLY_LM_HEAD_PROFILE {"active_ratio": 0.41390460792239286, "actual_logits_bytes": 0, "allocated_before_bytes": 4292938752, "backend": "fused", "calculate_entropy": true, "calculate_sum_pi_squared": false, "context_parallel_size": 2, "data_format": "thd", "dense_logits_bytes": 0, "dense_rows": 9896, "distillation_only": false, "elapsed_s": 0.13014184799976647, "element_size": 0, "entropy_from_logits_chunk_size": 2048, "entropy_from_logits_with_chunking": false, "event_id": 101, "logits_dtype": "none", "logits_saved_bytes": 0, "peak_allocated_bytes": 4407626752, "peak_increment_bytes": 114688000, "pipeline_parallel_size": 2, "projected_rows": 4096, "rank": 5, "response_only_enabled": true, "role": "actor", "selected_rows": 4096, "tensor_parallel_size": 2, "vocab_shard": 75968}
[36m(WorkerDict pid=3667371)[0m WARNING:2026-09-10 23:13:28,255:VERL_RESPONSE_ONLY_LM_HEAD_PROFILE {"active_ratio": 0.0, "actual_logits_bytes": 0, "allocated_before_bytes": 4293098496, "backend": "fused", "calculate_entropy": true, "calculate_sum_pi_squared": false, "context_parallel_size": 2, "data_format": "thd", "dense_logits_bytes": 0, "dense_rows": 9896, "distillation_only": false, "elapsed_s": 0.005564882070757449, "element_size": 0, "entropy_from_logits_chunk_size": 2048, "entropy_from_logits_with_chunking": false, "event_id": 102, "logits_dtype": "none", "logits_saved_bytes": 0, "peak_allocated_bytes": 4374288384, "peak_increment_bytes": 81189888, "pipeline_parallel_size": 2, "projected_rows": 1, "rank": 6, "response_only_enabled": true, "role": "actor", "selected_rows": 0, "tensor_parallel_size": 2, "vocab_shard": 75968}
[36m(WorkerDict pid=3667372)[0m WARNING:2026-09-10 23:13:28,255:VERL_RESPONSE_ONLY_LM_HEAD_PROFILE {"active_ratio": 0.0, "actual_logits_bytes": 0, "allocated_before_bytes": 4293098496, "backend": "fused", "calculate_entropy": true, "calculate_sum_pi_squared": false, "context_parallel_size": 2, "data_format": "thd", "dense_logits_bytes": 0, "dense_rows": 9896, "distillation_only": false, "elapsed_s": 0.005561592057347298, "element_size": 0, "entropy_from_logits_chunk_size": 2048, "entropy_from_logits_with_chunking": false, "event_id": 102, "logits_dtype": "none", "logits_saved_bytes": 0, "peak_allocated_bytes": 4374288384, "peak_increment_bytes": 81189888, "pipeline_parallel_size": 2, "projected_rows": 1, "rank": 7, "response_only_enabled": true, "role": "actor", "selected_rows": 0, "tensor_parallel_size": 2, "vocab_shard": 75968}
[36m(WorkerDict pid=3667370)[0m WARNING:2026-09-10 23:13:28,380:VERL_RESPONSE_ONLY_LM_HEAD_PROFILE {"active_ratio": 0.41390460792239286, "actual_logits_bytes": 0, "allocated_before_bytes": 4293098496, "backend": "fused", "calculate_entropy": true, "calculate_sum_pi_squared": false, "context_parallel_size": 2, "data_format": "thd", "dense_logits_bytes": 0, "dense_rows": 9896, "distillation_only": false, "elapsed_s": 0.1301750079728663, "element_size": 0, "entropy_from_logits_chunk_size": 2048, "entropy_from_logits_with_chunking": false, "event_id": 102, "logits_dtype": "none", "logits_saved_bytes": 0, "peak_allocated_bytes": 4407786496, "peak_increment_bytes": 114688000, "pipeline_parallel_size": 2, "projected_rows": 4096, "rank": 5, "response_only_enabled": true, "role": "actor", "selected_rows": 4096, "tensor_parallel_size": 2, "vocab_shard": 75968}
[36m(WorkerDict pid=3667371)[0m WARNING:2026-09-10 23:13:28,677:VERL_RESPONSE_ONLY_LM_HEAD_PROFILE {"active_ratio": 0.0, "actual_logits_bytes": 0, "allocated_before_bytes": 4293258240, "backend": "fused", "calculate_entropy": true, "calculate_sum_pi_squared": false, "context_parallel_size": 2, "data_format": "thd", "dense_logits_bytes": 0, "dense_rows": 9896, "distillation_only": false, "elapsed_s": 0.005602363031357527, "element_size": 0, "entropy_from_logits_chunk_size": 2048, "entropy_from_logits_with_chunking": false, "event_id": 103, "logits_dtype": "none", "logits_saved_bytes": 0, "peak_allocated_bytes": 4374448128, "peak_increment_bytes": 81189888, "pipeline_parallel_size": 2, "projected_rows": 1, "rank": 6, "response_only_enabled": true, "role": "actor", "selected_rows": 0, "tensor_parallel_size": 2, "vocab_shard": 75968}
[36m(WorkerDict pid=3667372)[0m WARNING:2026-09-10 23:13:28,677:VERL_RESPONSE_ONLY_LM_HEAD_PROFILE {"active_ratio": 0.0, "actual_logits_bytes": 0, "allocated_before_bytes": 4293258240, "backend": "fused", "calculate_entropy": true, "calculate_sum_pi_squared": false, "context_parallel_size": 2, "data_format": "thd", "dense_logits_bytes": 0, "dense_rows": 9896, "distillation_only": false, "elapsed_s": 0.005630463012494147, "element_size": 0, "entropy_from_logits_chunk_size": 2048, "entropy_from_logits_with_chunking": false, "event_id": 103, "logits_dtype": "none", "logits_saved_bytes": 0, "peak_allocated_bytes": 4374448128, "peak_increment_bytes": 81189888, "pipeline_parallel_size": 2, "projected_rows": 1, "rank": 7, "response_only_enabled": true, "role": "actor", "selected_rows": 0, "tensor_parallel_size": 2, "vocab_shard": 75968}
[36m(WorkerDict pid=3667370)[0m WARNING:2026-09-10 23:13:28,801:VERL_RESPONSE_ONLY_LM_HEAD_PROFILE {"active_ratio": 0.41390460792239286, "actual_logits_bytes": 0, "allocated_before_bytes": 4293258240, "backend": "fused", "calculate_entropy": true, "calculate_sum_pi_squared": false, "context_parallel_size": 2, "data_format": "thd", "dense_logits_bytes": 0, "dense_rows": 9896, "distillation_only": false, "elapsed_s": 0.12953404791187495, "element_size": 0, "entropy_from_logits_chunk_size": 2048, "entropy_from_logits_with_chunking": false, "event_id": 103, "logits_dtype": "none", "logits_saved_bytes": 0, "peak_allocated_bytes": 4407946240, "peak_increment_bytes": 114688000, "pipeline_parallel_size": 2, "projected_rows": 4096, "rank": 5, "response_only_enabled": true, "role": "actor", "selected_rows": 4096, "tensor_parallel_size": 2, "vocab_shard": 75968}
[36m(WorkerDict pid=3667371)[0m WARNING:2026-09-10 23:13:29,107:VERL_RESPONSE_ONLY_LM_HEAD_PROFILE {"active_ratio": 0.0, "actual_logits_bytes": 0, "allocated_before_bytes": 4295801344, "backend": "fused", "calculate_entropy": true, "calculate_sum_pi_squared": false, "context_parallel_size": 2, "data_format": "thd", "dense_logits_bytes": 0, "dense_rows": 10184, "distillation_only": false, "elapsed_s": 0.005635842098854482, "element_size": 0, "entropy_from_logits_chunk_size": 2048, "entropy_from_logits_with_chunking": false, "event_id": 104, "logits_dtype": "none", "logits_saved_bytes": 0, "peak_allocated_bytes": 4379353600, "peak_increment_bytes": 83552256, "pipeline_parallel_size": 2, "projected_rows": 1, "rank": 6, "response_only_enabled": true, "role": "actor", "selected_rows": 0, "tensor_parallel_size": 2, "vocab_shard": 75968}
[36m(WorkerDict pid=3667372)[0m WARNING:2026-09-10 23:13:29,107:VERL_RESPONSE_ONLY_LM_HEAD_PROFILE {"active_ratio": 0.0, "actual_logits_bytes": 0, "allocated_before_bytes": 4295801344, "backend": "fused", "calculate_entropy": true, "calculate_sum_pi_squared": false, "context_parallel_size": 2, "data_format": "thd", "dense_logits_bytes": 0, "dense_rows": 10184, "distillation_only": false, "elapsed_s": 0.005622912081889808, "element_size": 0, "entropy_from_logits_chunk_size": 2048, "entropy_from_logits_with_chunking": false, "event_id": 104, "logits_dtype": "none", "logits_saved_bytes": 0, "peak_allocated_bytes": 4379353600, "peak_increment_bytes": 83552256, "pipeline_parallel_size": 2, "projected_rows": 1, "rank": 7, "response_only_enabled": true, "role": "actor", "selected_rows": 0, "tensor_parallel_size": 2, "vocab_shard": 75968}
[36m(WorkerDict pid=3667370)[0m WARNING:2026-09-10 23:13:29,233:VERL_RESPONSE_ONLY_LM_HEAD_PROFILE {"active_ratio": 0.40219952867242736, "actual_logits_bytes": 0, "allocated_before_bytes": 4295801344, "backend": "fused", "calculate_entropy": true, "calculate_sum_pi_squared": false, "context_parallel_size": 2, "data_format": "thd", "dense_logits_bytes": 0, "dense_rows": 10184, "distillation_only": false, "elapsed_s": 0.1303262880537659, "element_size": 0, "entropy_from_logits_chunk_size": 2048, "entropy_from_logits_with_chunking": false, "event_id": 104, "logits_dtype": "none", "logits_saved_bytes": 0, "peak_allocated_bytes": 4412848640, "peak_increment_bytes": 117047296, "pipeline_parallel_size": 2, "projected_rows": 4096, "rank": 5, "response_only_enabled": true, "role": "actor", "selected_rows": 4096, "tensor_parallel_size": 2, "vocab_shard": 75968}
[36m(WorkerDict pid=3667371)[0m WARNING:2026-09-10 23:13:29,538:VERL_RESPONSE_ONLY_LM_HEAD_PROFILE {"active_ratio": 0.0, "actual_logits_bytes": 0, "allocated_before_bytes": 4295966208, "backend": "fused", "calculate_entropy": true, "calculate_sum_pi_squared": false, "context_parallel_size": 2, "data_format": "thd", "dense_logits_bytes": 0, "dense_rows": 10184, "distillation_only": false, "elapsed_s": 0.005605862010270357, "element_size": 0, "entropy_from_logits_chunk_size": 2048, "entropy_from_logits_with_chunking": false, "event_id": 105, "logits_dtype": "none", "logits_saved_bytes": 0, "peak_allocated_bytes": 4379518464, "peak_increment_bytes": 83552256, "pipeline_parallel_size": 2, "projected_rows": 1, "rank": 6, "response_only_enabled": true, "role": "actor", "selected_rows": 0, "tensor_parallel_size": 2, "vocab_shard": 75968}
[36m(WorkerDict pid=3667372)[0m WARNING:2026-09-10 23:13:29,538:VERL_RESPONSE_ONLY_LM_HEAD_PROFILE {"active_ratio": 0.0, "actual_logits_bytes": 0, "allocated_before_bytes": 4295966208, "backend": "fused", "calculate_entropy": true, "calculate_sum_pi_squared": false, "context_parallel_size": 2, "data_format": "thd", "dense_logits_bytes": 0, "dense_rows": 10184, "distillation_only": false, "elapsed_s": 0.005570882000029087, "element_size": 0, "entropy_from_logits_chunk_size": 2048, "entropy_from_logits_with_chunking": false, "event_id": 105, "logits_dtype": "none", "logits_saved_bytes": 0, "peak_allocated_bytes": 4379518464, "peak_increment_bytes": 83552256, "pipeline_parallel_size": 2, "projected_rows": 1, "rank": 7, "response_only_enabled": true, "role": "actor", "selected_rows": 0, "tensor_parallel_size": 2, "vocab_shard": 75968}
[36m(WorkerDict pid=3667370)[0m WARNING:2026-09-10 23:13:29,664:VERL_RESPONSE_ONLY_LM_HEAD_PROFILE {"active_ratio": 0.40219952867242736, "actual_logits_bytes": 0, "allocated_before_bytes": 4295966208, "backend": "fused", "calculate_entropy": true, "calculate_sum_pi_squared": false, "context_parallel_size": 2, "data_format": "thd", "dense_logits_bytes": 0, "dense_rows": 10184, "distillation_only": false, "elapsed_s": 0.1304263179190457, "element_size": 0, "entropy_from_logits_chunk_size": 2048, "entropy_from_logits_with_chunking": false, "event_id": 105, "logits_dtype": "none", "logits_saved_bytes": 0, "peak_allocated_bytes": 4413013504, "peak_increment_bytes": 117047296, "pipeline_parallel_size": 2, "projected_rows": 4096, "rank": 5, "response_only_enabled": true, "role": "actor", "selected_rows": 4096, "tensor_parallel_size": 2, "vocab_shard": 75968}
[36m(WorkerDict pid=3667371)[0m WARNING:2026-09-10 23:13:30,037:VERL_RESPONSE_ONLY_LM_HEAD_PROFILE {"active_ratio": 0.0, "actual_logits_bytes": 0, "allocated_before_bytes": 4296131072, "backend": "fused", "calculate_entropy": true, "calculate_sum_pi_squared": false, "context_parallel_size": 2, "data_format": "thd", "dense_logits_bytes": 0, "dense_rows": 10184, "distillation_only": false, "elapsed_s": 0.005643913056701422, "element_size": 0, "entropy_from_logits_chunk_size": 2048, "entropy_from_logits_with_chunking": false, "event_id": 106, "logits_dtype": "none", "logits_saved_bytes": 0, "peak_allocated_bytes": 4379683328, "peak_increment_bytes": 83552256, "pipeline_parallel_size": 2, "projected_rows": 1, "rank": 6, "response_only_enabled": true, "role": "actor", "selected_rows": 0, "tensor_parallel_size": 2, "vocab_shard": 75968}
[36m(WorkerDict pid=3667372)[0m WARNING:2026-09-10 23:13:30,037:VERL_RESPONSE_ONLY_LM_HEAD_PROFILE {"active_ratio": 0.0, "actual_logits_bytes": 0, "allocated_before_bytes": 4296131072, "backend": "fused", "calculate_entropy": true, "calculate_sum_pi_squared": false, "context_parallel_size": 2, "data_format": "thd", "dense_logits_bytes": 0, "dense_rows": 10184, "distillation_only": false, "elapsed_s": 0.005618873052299023, "element_size": 0, "entropy_from_logits_chunk_size": 2048, "entropy_from_logits_with_chunking": false, "event_id": 106, "logits_dtype": "none", "logits_saved_bytes": 0, "peak_allocated_bytes": 4379683328, "peak_increment_bytes": 83552256, "pipeline_parallel_size": 2, "projected_rows": 1, "rank": 7, "response_only_enabled": true, "role": "actor", "selected_rows": 0, "tensor_parallel_size": 2, "vocab_shard": 75968}
[36m(WorkerDict pid=3667370)[0m WARNING:2026-09-10 23:13:30,163:VERL_RESPONSE_ONLY_LM_HEAD_PROFILE {"active_ratio": 0.40219952867242736, "actual_logits_bytes": 0, "allocated_before_bytes": 4296131072, "backend": "fused", "calculate_entropy": true, "calculate_sum_pi_squared": false, "context_parallel_size": 2, "data_format": "thd", "dense_logits_bytes": 0, "dense_rows": 10184, "distillation_only": false, "elapsed_s": 0.13117551791947335, "element_size": 0, "entropy_from_logits_chunk_size": 2048, "entropy_from_logits_with_chunking": false, "event_id": 106, "logits_dtype": "none", "logits_saved_bytes": 0, "peak_allocated_bytes": 4413178368, "peak_increment_bytes": 117047296, "pipeline_parallel_size": 2, "projected_rows": 4096, "rank": 5, "response_only_enabled": true, "role": "actor", "selected_rows": 4096, "tensor_parallel_size": 2, "vocab_shard": 75968}
[36m(WorkerDict pid=3667371)[0m WARNING:2026-09-10 23:13:30,468:VERL_RESPONSE_ONLY_LM_HEAD_PROFILE {"active_ratio": 0.0, "actual_logits_bytes": 0, "allocated_before_bytes": 4296295936, "backend": "fused", "calculate_entropy": true, "calculate_sum_pi_squared": false, "context_parallel_size": 2, "data_format": "thd", "dense_logits_bytes": 0, "dense_rows": 10184, "distillation_only": false, "elapsed_s": 0.00560877297539264, "element_size": 0, "entropy_from_logits_chunk_size": 2048, "entropy_from_logits_with_chunking": false, "event_id": 107, "logits_dtype": "none", "logits_saved_bytes": 0, "peak_allocated_bytes": 4379848192, "peak_increment_bytes": 83552256, "pipeline_parallel_size": 2, "projected_rows": 1, "rank": 6, "response_only_enabled": true, "role": "actor", "selected_rows": 0, "tensor_parallel_size": 2, "vocab_shard": 75968}
[36m(WorkerDict pid=3667372)[0m WARNING:2026-09-10 23:13:30,468:VERL_RESPONSE_ONLY_LM_HEAD_PROFILE {"active_ratio": 0.0, "actual_logits_bytes": 0, "allocated_before_bytes": 4296295936, "backend": "fused", "calculate_entropy": true, "calculate_sum_pi_squared": false, "context_parallel_size": 2, "data_format": "thd", "dense_logits_bytes": 0, "dense_rows": 10184, "distillation_only": false, "elapsed_s": 0.0056260229321196675, "element_size": 0, "entropy_from_logits_chunk_size": 2048, "entropy_from_logits_with_chunking": false, "event_id": 107, "logits_dtype": "none", "logits_saved_bytes": 0, "peak_allocated_bytes": 4379848192, "peak_increment_bytes": 83552256, "pipeline_parallel_size": 2, "projected_rows": 1, "rank": 7, "response_only_enabled": true, "role": "actor", "selected_rows": 0, "tensor_parallel_size": 2, "vocab_shard": 75968}
[36m(WorkerDict pid=3667370)[0m WARNING:2026-09-10 23:13:30,593:VERL_RESPONSE_ONLY_LM_HEAD_PROFILE {"active_ratio": 0.40219952867242736, "actual_logits_bytes": 0, "allocated_before_bytes": 4296295936, "backend": "fused", "calculate_entropy": true, "calculate_sum_pi_squared": false, "context_parallel_size": 2, "data_format": "thd", "dense_logits_bytes": 0, "dense_rows": 10184, "distillation_only": false, "elapsed_s": 0.13058597897179425, "element_size": 0, "entropy_from_logits_chunk_size": 2048, "entropy_from_logits_with_chunking": false, "event_id": 107, "logits_dtype": "none", "logits_saved_bytes": 0, "peak_allocated_bytes": 4413343232, "peak_increment_bytes": 117047296, "pipeline_parallel_size": 2, "projected_rows": 4096, "rank": 5, "response_only_enabled": true, "role": "actor", "selected_rows": 4096, "tensor_parallel_size": 2, "vocab_shard": 75968}
[36m(WorkerDict pid=3667371)[0m WARNING:2026-09-10 23:13:30,900:VERL_RESPONSE_ONLY_LM_HEAD_PROFILE {"active_ratio": 0.0, "actual_logits_bytes": 0, "allocated_before_bytes": 4296460800, "backend": "fused", "calculate_entropy": true, "calculate_sum_pi_squared": false, "context_parallel_size": 2, "data_format": "thd", "dense_logits_bytes": 0, "dense_rows": 10184, "distillation_only": false, "elapsed_s": 0.006683223065920174, "element_size": 0, "entropy_from_logits_chunk_size": 2048, "entropy_from_logits_with_chunking": false, "event_id": 108, "logits_dtype": "none", "logits_saved_bytes": 0, "peak_allocated_bytes": 4380013056, "peak_increment_bytes": 83552256, "pipeline_parallel_size": 2, "projected_rows": 1, "rank": 6, "response_only_enabled": true, "role": "actor", "selected_rows": 0, "tensor_parallel_size": 2, "vocab_shard": 75968}
[36m(WorkerDict pid=3667372)[0m WARNING:2026-09-10 23:13:30,900:VERL_RESPONSE_ONLY_LM_HEAD_PROFILE {"active_ratio": 0.0, "actual_logits_bytes": 0, "allocated_before_bytes": 4296460800, "backend": "fused", "calculate_entropy": true, "calculate_sum_pi_squared": false, "context_parallel_size": 2, "data_format": "thd", "dense_logits_bytes": 0, "dense_rows": 10184, "distillation_only": false, "elapsed_s": 0.0066749530378729105, "element_size": 0, "entropy_from_logits_chunk_size": 2048, "entropy_from_logits_with_chunking": false, "event_id": 108, "logits_dtype": "none", "logits_saved_bytes": 0, "peak_allocated_bytes": 4380013056, "peak_increment_bytes": 83552256, "pipeline_parallel_size": 2, "projected_rows": 1, "rank": 7, "response_only_enabled": true, "role": "actor", "selected_rows": 0, "tensor_parallel_size": 2, "vocab_shard": 75968}
[36m(WorkerDict pid=3667370)[0m WARNING:2026-09-10 23:13:31,024:VERL_RESPONSE_ONLY_LM_HEAD_PROFILE {"active_ratio": 0.40219952867242736, "actual_logits_bytes": 0, "allocated_before_bytes": 4296460800, "backend": "fused", "calculate_entropy": true, "calculate_sum_pi_squared": false, "context_parallel_size": 2, "data_format": "thd", "dense_logits_bytes": 0, "dense_rows": 10184, "distillation_only": false, "elapsed_s": 0.13023471797350794, "element_size": 0, "entropy_from_logits_chunk_size": 2048, "entropy_from_logits_with_chunking": false, "event_id": 108, "logits_dtype": "none", "logits_saved_bytes": 0, "peak_allocated_bytes": 4413508096, "peak_increment_bytes": 117047296, "pipeline_parallel_size": 2, "projected_rows": 4096, "rank": 5, "response_only_enabled": true, "role": "actor", "selected_rows": 4096, "tensor_parallel_size": 2, "vocab_shard": 75968}
[36m(WorkerDict pid=3667371)[0m WARNING:2026-09-10 23:13:31,329:VERL_RESPONSE_ONLY_LM_HEAD_PROFILE {"active_ratio": 0.0, "actual_logits_bytes": 0, "allocated_before_bytes": 4296625664, "backend": "fused", "calculate_entropy": true, "calculate_sum_pi_squared": false, "context_parallel_size": 2, "data_format": "thd", "dense_logits_bytes": 0, "dense_rows": 10184, "distillation_only": false, "elapsed_s": 0.005563503014855087, "element_size": 0, "entropy_from_logits_chunk_size": 2048, "entropy_from_logits_with_chunking": false, "event_id": 109, "logits_dtype": "none", "logits_saved_bytes": 0, "peak_allocated_bytes": 4380177920, "peak_increment_bytes": 83552256, "pipeline_parallel_size": 2, "projected_rows": 1, "rank": 6, "response_only_enabled": true, "role": "actor", "selected_rows": 0, "tensor_parallel_size": 2, "vocab_shard": 75968}
[36m(WorkerDict pid=3667372)[0m WARNING:2026-09-10 23:13:31,329:VERL_RESPONSE_ONLY_LM_HEAD_PROFILE {"active_ratio": 0.0, "actual_logits_bytes": 0, "allocated_before_bytes": 4296625664, "backend": "fused", "calculate_entropy": true, "calculate_sum_pi_squared": false, "context_parallel_size": 2, "data_format": "thd", "dense_logits_bytes": 0, "dense_rows": 10184, "distillation_only": false, "elapsed_s": 0.005585132981650531, "element_size": 0, "entropy_from_logits_chunk_size": 2048, "entropy_from_logits_with_chunking": false, "event_id": 109, "logits_dtype": "none", "logits_saved_bytes": 0, "peak_allocated_bytes": 4380177920, "peak_increment_bytes": 83552256, "pipeline_parallel_size": 2, "projected_rows": 1, "rank": 7, "response_only_enabled": true, "role": "actor", "selected_rows": 0, "tensor_parallel_size": 2, "vocab_shard": 75968}
[36m(WorkerDict pid=3667370)[0m WARNING:2026-09-10 23:13:31,455:VERL_RESPONSE_ONLY_LM_HEAD_PROFILE {"active_ratio": 0.40219952867242736, "actual_logits_bytes": 0, "allocated_before_bytes": 4296625664, "backend": "fused", "calculate_entropy": true, "calculate_sum_pi_squared": false, "context_parallel_size": 2, "data_format": "thd", "dense_logits_bytes": 0, "dense_rows": 10184, "distillation_only": false, "elapsed_s": 0.13094235898461193, "element_size": 0, "entropy_from_logits_chunk_size": 2048, "entropy_from_logits_with_chunking": false, "event_id": 109, "logits_dtype": "none", "logits_saved_bytes": 0, "peak_allocated_bytes": 4413672960, "peak_increment_bytes": 117047296, "pipeline_parallel_size": 2, "projected_rows": 4096, "rank": 5, "response_only_enabled": true, "role": "actor", "selected_rows": 4096, "tensor_parallel_size": 2, "vocab_shard": 75968}
[36m(WorkerDict pid=3667371)[0m WARNING:2026-09-10 23:13:31,760:VERL_RESPONSE_ONLY_LM_HEAD_PROFILE {"active_ratio": 0.0, "actual_logits_bytes": 0, "allocated_before_bytes": 4296790528, "backend": "fused", "calculate_entropy": true, "calculate_sum_pi_squared": false, "context_parallel_size": 2, "data_format": "thd", "dense_logits_bytes": 0, "dense_rows": 10184, "distillation_only": false, "elapsed_s": 0.005545661901123822, "element_size": 0, "entropy_from_logits_chunk_size": 2048, "entropy_from_logits_with_chunking": false, "event_id": 110, "logits_dtype": "none", "logits_saved_bytes": 0, "peak_allocated_bytes": 4380342784, "peak_increment_bytes": 83552256, "pipeline_parallel_size": 2, "projected_rows": 1, "rank": 6, "response_only_enabled": true, "role": "actor", "selected_rows": 0, "tensor_parallel_size": 2, "vocab_shard": 75968}
[36m(WorkerDict pid=3667372)[0m WARNING:2026-09-10 23:13:31,760:VERL_RESPONSE_ONLY_LM_HEAD_PROFILE {"active_ratio": 0.0, "actual_logits_bytes": 0, "allocated_before_bytes": 4296790528, "backend": "fused", "calculate_entropy": true, "calculate_sum_pi_squared": false, "context_parallel_size": 2, "data_format": "thd", "dense_logits_bytes": 0, "dense_rows": 10184, "distillation_only": false, "elapsed_s": 0.0055753219639882445, "element_size": 0, "entropy_from_logits_chunk_size": 2048, "entropy_from_logits_with_chunking": false, "event_id": 110, "logits_dtype": "none", "logits_saved_bytes": 0, "peak_allocated_bytes": 4380342784, "peak_increment_bytes": 83552256, "pipeline_parallel_size": 2, "projected_rows": 1, "rank": 7, "response_only_enabled": true, "role": "actor", "selected_rows": 0, "tensor_parallel_size": 2, "vocab_shard": 75968}
[36m(WorkerDict pid=3667370)[0m WARNING:2026-09-10 23:13:31,885:VERL_RESPONSE_ONLY_LM_HEAD_PROFILE {"active_ratio": 0.40219952867242736, "actual_logits_bytes": 0, "allocated_before_bytes": 4296790528, "backend": "fused", "calculate_entropy": true, "calculate_sum_pi_squared": false, "context_parallel_size": 2, "data_format": "thd", "dense_logits_bytes": 0, "dense_rows": 10184, "distillation_only": false, "elapsed_s": 0.1305633980082348, "element_size": 0, "entropy_from_logits_chunk_size": 2048, "entropy_from_logits_with_chunking": false, "event_id": 110, "logits_dtype": "none", "logits_saved_bytes": 0, "peak_allocated_bytes": 4413837824, "peak_increment_bytes": 117047296, "pipeline_parallel_size": 2, "projected_rows": 4096, "rank": 5, "response_only_enabled": true, "role": "actor", "selected_rows": 4096, "tensor_parallel_size": 2, "vocab_shard": 75968}
[36m(WorkerDict pid=3667371)[0m WARNING:2026-09-10 23:13:32,245:VERL_RESPONSE_ONLY_LM_HEAD_PROFILE {"active_ratio": 0.0, "actual_logits_bytes": 0, "allocated_before_bytes": 4296955392, "backend": "fused", "calculate_entropy": true, "calculate_sum_pi_squared": false, "context_parallel_size": 2, "data_format": "thd", "dense_logits_bytes": 0, "dense_rows": 10184, "distillation_only": false, "elapsed_s": 0.005522811901755631, "element_size": 0, "entropy_from_logits_chunk_size": 2048, "entropy_from_logits_with_chunking": false, "event_id": 111, "logits_dtype": "none", "logits_saved_bytes": 0, "peak_allocated_bytes": 4380507648, "peak_increment_bytes": 83552256, "pipeline_parallel_size": 2, "projected_rows": 1, "rank": 6, "response_only_enabled": true, "role": "actor", "selected_rows": 0, "tensor_parallel_size": 2, "vocab_shard": 75968}
[36m(WorkerDict pid=3667372)[0m WARNING:2026-09-10 23:13:32,245:VERL_RESPONSE_ONLY_LM_HEAD_PROFILE {"active_ratio": 0.0, "actual_logits_bytes": 0, "allocated_before_bytes": 4296955392, "backend": "fused", "calculate_entropy": true, "calculate_sum_pi_squared": false, "context_parallel_size": 2, "data_format": "thd", "dense_logits_bytes": 0, "dense_rows": 10184, "distillation_only": false, "elapsed_s": 0.005476332036778331, "element_size": 0, "entropy_from_logits_chunk_size": 2048, "entropy_from_logits_with_chunking": false, "event_id": 111, "logits_dtype": "none", "logits_saved_bytes": 0, "peak_allocated_bytes": 4380507648, "peak_increment_bytes": 83552256, "pipeline_parallel_size": 2, "projected_rows": 1, "rank": 7, "response_only_enabled": true, "role": "actor", "selected_rows": 0, "tensor_parallel_size": 2, "vocab_shard": 75968}
[36m(WorkerDict pid=3667370)[0m WARNING:2026-09-10 23:13:32,372:VERL_RESPONSE_ONLY_LM_HEAD_PROFILE {"active_ratio": 0.40219952867242736, "actual_logits_bytes": 0, "allocated_before_bytes": 4296955392, "backend": "fused", "calculate_entropy": true, "calculate_sum_pi_squared": false, "context_parallel_size": 2, "data_format": "thd", "dense_logits_bytes": 0, "dense_rows": 10184, "distillation_only": false, "elapsed_s": 0.1305123990168795, "element_size": 0, "entropy_from_logits_chunk_size": 2048, "entropy_from_logits_with_chunking": false, "event_id": 111, "logits_dtype": "none", "logits_saved_bytes": 0, "peak_allocated_bytes": 4414002688, "peak_increment_bytes": 117047296, "pipeline_parallel_size": 2, "projected_rows": 4096, "rank": 5, "response_only_enabled": true, "role": "actor", "selected_rows": 4096, "tensor_parallel_size": 2, "vocab_shard": 75968}
[36m(WorkerDict pid=3667371)[0m WARNING:2026-09-10 23:13:36,989:VERL_RESPONSE_ONLY_LM_HEAD_PROFILE {"active_ratio": 0.0, "actual_logits_bytes": 0, "allocated_before_bytes": 4295840256, "backend": "fused", "calculate_entropy": false, "calculate_sum_pi_squared": false, "context_parallel_size": 2, "data_format": "thd", "dense_logits_bytes": 0, "dense_rows": 10184, "distillation_only": false, "elapsed_s": 0.005641403025947511, "element_size": 0, "entropy_from_logits_chunk_size": 2048, "entropy_from_logits_with_chunking": false, "event_id": 112, "logits_dtype": "none", "logits_saved_bytes": 0, "peak_allocated_bytes": 4379392512, "peak_increment_bytes": 83552256, "pipeline_parallel_size": 2, "projected_rows": 1, "rank": 6, "response_only_enabled": true, "role": "ref", "selected_rows": 0, "tensor_parallel_size": 2, "vocab_shard": 75968}
[36m(WorkerDict pid=3667372)[0m WARNING:2026-09-10 23:13:36,989:VERL_RESPONSE_ONLY_LM_HEAD_PROFILE {"active_ratio": 0.0, "actual_logits_bytes": 0, "allocated_before_bytes": 4295840256, "backend": "fused", "calculate_entropy": false, "calculate_sum_pi_squared": false, "context_parallel_size": 2, "data_format": "thd", "dense_logits_bytes": 0, "dense_rows": 10184, "distillation_only": false, "elapsed_s": 0.005673662992194295, "element_size": 0, "entropy_from_logits_chunk_size": 2048, "entropy_from_logits_with_chunking": false, "event_id": 112, "logits_dtype": "none", "logits_saved_bytes": 0, "peak_allocated_bytes": 4379392512, "peak_increment_bytes": 83552256, "pipeline_parallel_size": 2, "projected_rows": 1, "rank": 7, "response_only_enabled": true, "role": "ref", "selected_rows": 0, "tensor_parallel_size": 2, "vocab_shard": 75968}
[36m(WorkerDict pid=3667370)[0m WARNING:2026-09-10 23:13:37,114:VERL_RESPONSE_ONLY_LM_HEAD_PROFILE {"active_ratio": 0.40219952867242736, "actual_logits_bytes": 0, "allocated_before_bytes": 4295840256, "backend": "fused", "calculate_entropy": false, "calculate_sum_pi_squared": false, "context_parallel_size": 2, "data_format": "thd", "dense_logits_bytes": 0, "dense_rows": 10184, "distillation_only": false, "elapsed_s": 0.1309358390280977, "element_size": 0, "entropy_from_logits_chunk_size": 2048, "entropy_from_logits_with_chunking": false, "event_id": 112, "logits_dtype": "none", "logits_saved_bytes": 0, "peak_allocated_bytes": 4412887552, "peak_increment_bytes": 117047296, "pipeline_parallel_size": 2, "projected_rows": 4096, "rank": 5, "response_only_enabled": true, "role": "ref", "selected_rows": 4096, "tensor_parallel_size": 2, "vocab_shard": 75968}
[36m(WorkerDict pid=3667371)[0m WARNING:2026-09-10 23:13:37,418:VERL_RESPONSE_ONLY_LM_HEAD_PROFILE {"active_ratio": 0.0, "actual_logits_bytes": 0, "allocated_before_bytes": 4295923200, "backend": "fused", "calculate_entropy": false, "calculate_sum_pi_squared": false, "context_parallel_size": 2, "data_format": "thd", "dense_logits_bytes": 0, "dense_rows": 10184, "distillation_only": false, "elapsed_s": 0.00558895303402096, "element_size": 0, "entropy_from_logits_chunk_size": 2048, "entropy_from_logits_with_chunking": false, "event_id": 113, "logits_dtype": "none", "logits_saved_bytes": 0, "peak_allocated_bytes": 4379475456, "peak_increment_bytes": 83552256, "pipeline_parallel_size": 2, "projected_rows": 1, "rank": 6, "response_only_enabled": true, "role": "ref", "selected_rows": 0, "tensor_parallel_size": 2, "vocab_shard": 75968}
[36m(WorkerDict pid=3667372)[0m WARNING:2026-09-10 23:13:37,418:VERL_RESPONSE_ONLY_LM_HEAD_PROFILE {"active_ratio": 0.0, "actual_logits_bytes": 0, "allocated_before_bytes": 4295923200, "backend": "fused", "calculate_entropy": false, "calculate_sum_pi_squared": false, "context_parallel_size": 2, "data_format": "thd", "dense_logits_bytes": 0, "dense_rows": 10184, "distillation_only": false, "elapsed_s": 0.005610652966424823, "element_size": 0, "entropy_from_logits_chunk_size": 2048, "entropy_from_logits_with_chunking": false, "event_id": 113, "logits_dtype": "none", "logits_saved_bytes": 0, "peak_allocated_bytes": 4379475456, "peak_increment_bytes": 83552256, "pipeline_parallel_size": 2, "projected_rows": 1, "rank": 7, "response_only_enabled": true, "role": "ref", "selected_rows": 0, "tensor_parallel_size": 2, "vocab_shard": 75968}
[36m(WorkerDict pid=3667370)[0m WARNING:2026-09-10 23:13:37,543:VERL_RESPONSE_ONLY_LM_HEAD_PROFILE {"active_ratio": 0.40219952867242736, "actual_logits_bytes": 0, "allocated_before_bytes": 4295923200, "backend": "fused", "calculate_entropy": false, "calculate_sum_pi_squared": false, "context_parallel_size": 2, "data_format": "thd", "dense_logits_bytes": 0, "dense_rows": 10184, "distillation_only": false, "elapsed_s": 0.13025237899273634, "element_size": 0, "entropy_from_logits_chunk_size": 2048, "entropy_from_logits_with_chunking": false, "event_id": 113, "logits_dtype": "none", "logits_saved_bytes": 0, "peak_allocated_bytes": 4412970496, "peak_increment_bytes": 117047296, "pipeline_parallel_size": 2, "projected_rows": 4096, "rank": 5, "response_only_enabled": true, "role": "ref", "selected_rows": 4096, "tensor_parallel_size": 2, "vocab_shard": 75968}
[36m(WorkerDict pid=3667371)[0m WARNING:2026-09-10 23:13:37,849:VERL_RESPONSE_ONLY_LM_HEAD_PROFILE {"active_ratio": 0.0, "actual_logits_bytes": 0, "allocated_before_bytes": 4296005632, "backend": "fused", "calculate_entropy": false, "calculate_sum_pi_squared": false, "context_parallel_size": 2, "data_format": "thd", "dense_logits_bytes": 0, "dense_rows": 10184, "distillation_only": false, "elapsed_s": 0.0056128319120034575, "element_size": 0, "entropy_from_logits_chunk_size": 2048, "entropy_from_logits_with_chunking": false, "event_id": 114, "logits_dtype": "none", "logits_saved_bytes": 0, "peak_allocated_bytes": 4379557888, "peak_increment_bytes": 83552256, "pipeline_parallel_size": 2, "projected_rows": 1, "rank": 6, "response_only_enabled": true, "role": "ref", "selected_rows": 0, "tensor_parallel_size": 2, "vocab_shard": 75968}
[36m(WorkerDict pid=3667372)[0m WARNING:2026-09-10 23:13:37,849:VERL_RESPONSE_ONLY_LM_HEAD_PROFILE {"active_ratio": 0.0, "actual_logits_bytes": 0, "allocated_before_bytes": 4296005632, "backend": "fused", "calculate_entropy": false, "calculate_sum_pi_squared": false, "context_parallel_size": 2, "data_format": "thd", "dense_logits_bytes": 0, "dense_rows": 10184, "distillation_only": false, "elapsed_s": 0.00568285200279206, "element_size": 0, "entropy_from_logits_chunk_size": 2048, "entropy_from_logits_with_chunking": false, "event_id": 114, "logits_dtype": "none", "logits_saved_bytes": 0, "peak_allocated_bytes": 4379557888, "peak_increment_bytes": 83552256, "pipeline_parallel_size": 2, "projected_rows": 1, "rank": 7, "response_only_enabled": true, "role": "ref", "selected_rows": 0, "tensor_parallel_size": 2, "vocab_shard": 75968}
[36m(WorkerDict pid=3667370)[0m WARNING:2026-09-10 23:13:37,973:VERL_RESPONSE_ONLY_LM_HEAD_PROFILE {"active_ratio": 0.40219952867242736, "actual_logits_bytes": 0, "allocated_before_bytes": 4296005632, "backend": "fused", "calculate_entropy": false, "calculate_sum_pi_squared": false, "context_parallel_size": 2, "data_format": "thd", "dense_logits_bytes": 0, "dense_rows": 10184, "distillation_only": false, "elapsed_s": 0.13018490793183446, "element_size": 0, "entropy_from_logits_chunk_size": 2048, "entropy_from_logits_with_chunking": false, "event_id": 114, "logits_dtype": "none", "logits_saved_bytes": 0, "peak_allocated_bytes": 4413052928, "peak_increment_bytes": 117047296, "pipeline_parallel_size": 2, "projected_rows": 4096, "rank": 5, "response_only_enabled": true, "role": "ref", "selected_rows": 4096, "tensor_parallel_size": 2, "vocab_shard": 75968}
[36m(WorkerDict pid=3667371)[0m WARNING:2026-09-10 23:13:38,278:VERL_RESPONSE_ONLY_LM_HEAD_PROFILE {"active_ratio": 0.0, "actual_logits_bytes": 0, "allocated_before_bytes": 4296088064, "backend": "fused", "calculate_entropy": false, "calculate_sum_pi_squared": false, "context_parallel_size": 2, "data_format": "thd", "dense_logits_bytes": 0, "dense_rows": 10184, "distillation_only": false, "elapsed_s": 0.005612522014416754, "element_size": 0, "entropy_from_logits_chunk_size": 2048, "entropy_from_logits_with_chunking": false, "event_id": 115, "logits_dtype": "none", "logits_saved_bytes": 0, "peak_allocated_bytes": 4379640320, "peak_increment_bytes": 83552256, "pipeline_parallel_size": 2, "projected_rows": 1, "rank": 6, "response_only_enabled": true, "role": "ref", "selected_rows": 0, "tensor_parallel_size": 2, "vocab_shard": 75968}
[36m(WorkerDict pid=3667372)[0m WARNING:2026-09-10 23:13:38,278:VERL_RESPONSE_ONLY_LM_HEAD_PROFILE {"active_ratio": 0.0, "actual_logits_bytes": 0, "allocated_before_bytes": 4296088064, "backend": "fused", "calculate_entropy": false, "calculate_sum_pi_squared": false, "context_parallel_size": 2, "data_format": "thd", "dense_logits_bytes": 0, "dense_rows": 10184, "distillation_only": false, "elapsed_s": 0.005623472039587796, "element_size": 0, "entropy_from_logits_chunk_size": 2048, "entropy_from_logits_with_chunking": false, "event_id": 115, "logits_dtype": "none", "logits_saved_bytes": 0, "peak_allocated_bytes": 4379640320, "peak_increment_bytes": 83552256, "pipeline_parallel_size": 2, "projected_rows": 1, "rank": 7, "response_only_enabled": true, "role": "ref", "selected_rows": 0, "tensor_parallel_size": 2, "vocab_shard": 75968}
[36m(WorkerDict pid=3667370)[0m WARNING:2026-09-10 23:13:38,407:VERL_RESPONSE_ONLY_LM_HEAD_PROFILE {"active_ratio": 0.40219952867242736, "actual_logits_bytes": 0, "allocated_before_bytes": 4296088064, "backend": "fused", "calculate_entropy": false, "calculate_sum_pi_squared": false, "context_parallel_size": 2, "data_format": "thd", "dense_logits_bytes": 0, "dense_rows": 10184, "distillation_only": false, "elapsed_s": 0.1341334900353104, "element_size": 0, "entropy_from_logits_chunk_size": 2048, "entropy_from_logits_with_chunking": false, "event_id": 115, "logits_dtype": "none", "logits_saved_bytes": 0, "peak_allocated_bytes": 4413135360, "peak_increment_bytes": 117047296, "pipeline_parallel_size": 2, "projected_rows": 4096, "rank": 5, "response_only_enabled": true, "role": "ref", "selected_rows": 4096, "tensor_parallel_size": 2, "vocab_shard": 75968}
[36m(WorkerDict pid=3667371)[0m WARNING:2026-09-10 23:13:38,705:VERL_RESPONSE_ONLY_LM_HEAD_PROFILE {"active_ratio": 0.0, "actual_logits_bytes": 0, "allocated_before_bytes": 4293784576, "backend": "fused", "calculate_entropy": false, "calculate_sum_pi_squared": false, "context_parallel_size": 2, "data_format": "thd", "dense_logits_bytes": 0, "dense_rows": 9896, "distillation_only": false, "elapsed_s": 0.005558392032980919, "element_size": 0, "entropy_from_logits_chunk_size": 2048, "entropy_from_logits_with_chunking": false, "event_id": 116, "logits_dtype": "none", "logits_saved_bytes": 0, "peak_allocated_bytes": 4374974464, "peak_increment_bytes": 81189888, "pipeline_parallel_size": 2, "projected_rows": 1, "rank": 6, "response_only_enabled": true, "role": "ref", "selected_rows": 0, "tensor_parallel_size": 2, "vocab_shard": 75968}
[36m(WorkerDict pid=3667372)[0m WARNING:2026-09-10 23:13:38,705:VERL_RESPONSE_ONLY_LM_HEAD_PROFILE {"active_ratio": 0.0, "actual_logits_bytes": 0, "allocated_before_bytes": 4293784576, "backend": "fused", "calculate_entropy": false, "calculate_sum_pi_squared": false, "context_parallel_size": 2, "data_format": "thd", "dense_logits_bytes": 0, "dense_rows": 9896, "distillation_only": false, "elapsed_s": 0.005564702092669904, "element_size": 0, "entropy_from_logits_chunk_size": 2048, "entropy_from_logits_with_chunking": false, "event_id": 116, "logits_dtype": "none", "logits_saved_bytes": 0, "peak_allocated_bytes": 4374974464, "peak_increment_bytes": 81189888, "pipeline_parallel_size": 2, "projected_rows": 1, "rank": 7, "response_only_enabled": true, "role": "ref", "selected_rows": 0, "tensor_parallel_size": 2, "vocab_shard": 75968}
[36m(WorkerDict pid=3667370)[0m WARNING:2026-09-10 23:13:38,831:VERL_RESPONSE_ONLY_LM_HEAD_PROFILE {"active_ratio": 0.41390460792239286, "actual_logits_bytes": 0, "allocated_before_bytes": 4293784576, "backend": "fused", "calculate_entropy": false, "calculate_sum_pi_squared": false, "context_parallel_size": 2, "data_format": "thd", "dense_logits_bytes": 0, "dense_rows": 9896, "distillation_only": false, "elapsed_s": 0.13089099794160575, "element_size": 0, "entropy_from_logits_chunk_size": 2048, "entropy_from_logits_with_chunking": false, "event_id": 116, "logits_dtype": "none", "logits_saved_bytes": 0, "peak_allocated_bytes": 4408472576, "peak_increment_bytes": 114688000, "pipeline_parallel_size": 2, "projected_rows": 4096, "rank": 5, "response_only_enabled": true, "role": "ref", "selected_rows": 4096, "tensor_parallel_size": 2, "vocab_shard": 75968}
[36m(WorkerDict pid=3667371)[0m WARNING:2026-09-10 23:13:39,129:VERL_RESPONSE_ONLY_LM_HEAD_PROFILE {"active_ratio": 0.0, "actual_logits_bytes": 0, "allocated_before_bytes": 4293864448, "backend": "fused", "calculate_entropy": false, "calculate_sum_pi_squared": false, "context_parallel_size": 2, "data_format": "thd", "dense_logits_bytes": 0, "dense_rows": 9896, "distillation_only": false, "elapsed_s": 0.005575411953032017, "element_size": 0, "entropy_from_logits_chunk_size": 2048, "entropy_from_logits_with_chunking": false, "event_id": 117, "logits_dtype": "none", "logits_saved_bytes": 0, "peak_allocated_bytes": 4375054336, "peak_increment_bytes": 81189888, "pipeline_parallel_size": 2, "projected_rows": 1, "rank": 6, "response_only_enabled": true, "role": "ref", "selected_rows": 0, "tensor_parallel_size": 2, "vocab_shard": 75968}
[36m(WorkerDict pid=3667372)[0m WARNING:2026-09-10 23:13:39,128:VERL_RESPONSE_ONLY_LM_HEAD_PROFILE {"active_ratio": 0.0, "actual_logits_bytes": 0, "allocated_before_bytes": 4293864448, "backend": "fused", "calculate_entropy": false, "calculate_sum_pi_squared": false, "context_parallel_size": 2, "data_format": "thd", "dense_logits_bytes": 0, "dense_rows": 9896, "distillation_only": false, "elapsed_s": 0.005583251942880452, "element_size": 0, "entropy_from_logits_chunk_size": 2048, "entropy_from_logits_with_chunking": false, "event_id": 117, "logits_dtype": "none", "logits_saved_bytes": 0, "peak_allocated_bytes": 4375054336, "peak_increment_bytes": 81189888, "pipeline_parallel_size": 2, "projected_rows": 1, "rank": 7, "response_only_enabled": true, "role": "ref", "selected_rows": 0, "tensor_parallel_size": 2, "vocab_shard": 75968}
[36m(WorkerDict pid=3667370)[0m WARNING:2026-09-10 23:13:39,254:VERL_RESPONSE_ONLY_LM_HEAD_PROFILE {"active_ratio": 0.41390460792239286, "actual_logits_bytes": 0, "allocated_before_bytes": 4293864448, "backend": "fused", "calculate_entropy": false, "calculate_sum_pi_squared": false, "context_parallel_size": 2, "data_format": "thd", "dense_logits_bytes": 0, "dense_rows": 9896, "distillation_only": false, "elapsed_s": 0.130855898023583, "element_size": 0, "entropy_from_logits_chunk_size": 2048, "entropy_from_logits_with_chunking": false, "event_id": 117, "logits_dtype": "none", "logits_saved_bytes": 0, "peak_allocated_bytes": 4408552448, "peak_increment_bytes": 114688000, "pipeline_parallel_size": 2, "projected_rows": 4096, "rank": 5, "response_only_enabled": true, "role": "ref", "selected_rows": 4096, "tensor_parallel_size": 2, "vocab_shard": 75968}
[36m(WorkerDict pid=3667371)[0m WARNING:2026-09-10 23:13:39,551:VERL_RESPONSE_ONLY_LM_HEAD_PROFILE {"active_ratio": 0.0, "actual_logits_bytes": 0, "allocated_before_bytes": 4293944320, "backend": "fused", "calculate_entropy": false, "calculate_sum_pi_squared": false, "context_parallel_size": 2, "data_format": "thd", "dense_logits_bytes": 0, "dense_rows": 9896, "distillation_only": false, "elapsed_s": 0.005586902028881013, "element_size": 0, "entropy_from_logits_chunk_size": 2048, "entropy_from_logits_with_chunking": false, "event_id": 118, "logits_dtype": "none", "logits_saved_bytes": 0, "peak_allocated_bytes": 4375134208, "peak_increment_bytes": 81189888, "pipeline_parallel_size": 2, "projected_rows": 1, "rank": 6, "response_only_enabled": true, "role": "ref", "selected_rows": 0, "tensor_parallel_size": 2, "vocab_shard": 75968}
[36m(WorkerDict pid=3667372)[0m WARNING:2026-09-10 23:13:39,551:VERL_RESPONSE_ONLY_LM_HEAD_PROFILE {"active_ratio": 0.0, "actual_logits_bytes": 0, "allocated_before_bytes": 4293944320, "backend": "fused", "calculate_entropy": false, "calculate_sum_pi_squared": false, "context_parallel_size": 2, "data_format": "thd", "dense_logits_bytes": 0, "dense_rows": 9896, "distillation_only": false, "elapsed_s": 0.005584512022323906, "element_size": 0, "entropy_from_logits_chunk_size": 2048, "entropy_from_logits_with_chunking": false, "event_id": 118, "logits_dtype": "none", "logits_saved_bytes": 0, "peak_allocated_bytes": 4375134208, "peak_increment_bytes": 81189888, "pipeline_parallel_size": 2, "projected_rows": 1, "rank": 7, "response_only_enabled": true, "role": "ref", "selected_rows": 0, "tensor_parallel_size": 2, "vocab_shard": 75968}
[36m(WorkerDict pid=3667370)[0m WARNING:2026-09-10 23:13:39,677:VERL_RESPONSE_ONLY_LM_HEAD_PROFILE {"active_ratio": 0.41390460792239286, "actual_logits_bytes": 0, "allocated_before_bytes": 4293944320, "backend": "fused", "calculate_entropy": false, "calculate_sum_pi_squared": false, "context_parallel_size": 2, "data_format": "thd", "dense_logits_bytes": 0, "dense_rows": 9896, "distillation_only": false, "elapsed_s": 0.1307130380300805, "element_size": 0, "entropy_from_logits_chunk_size": 2048, "entropy_from_logits_with_chunking": false, "event_id": 118, "logits_dtype": "none", "logits_saved_bytes": 0, "peak_allocated_bytes": 4408632320, "peak_increment_bytes": 114688000, "pipeline_parallel_size": 2, "projected_rows": 4096, "rank": 5, "response_only_enabled": true, "role": "ref", "selected_rows": 4096, "tensor_parallel_size": 2, "vocab_shard": 75968}
[36m(WorkerDict pid=3667371)[0m WARNING:2026-09-10 23:13:39,974:VERL_RESPONSE_ONLY_LM_HEAD_PROFILE {"active_ratio": 0.0, "actual_logits_bytes": 0, "allocated_before_bytes": 4294024192, "backend": "fused", "calculate_entropy": false, "calculate_sum_pi_squared": false, "context_parallel_size": 2, "data_format": "thd", "dense_logits_bytes": 0, "dense_rows": 9896, "distillation_only": false, "elapsed_s": 0.005613441928289831, "element_size": 0, "entropy_from_logits_chunk_size": 2048, "entropy_from_logits_with_chunking": false, "event_id": 119, "logits_dtype": "none", "logits_saved_bytes": 0, "peak_allocated_bytes": 4375214080, "peak_increment_bytes": 81189888, "pipeline_parallel_size": 2, "projected_rows": 1, "rank": 6, "response_only_enabled": true, "role": "ref", "selected_rows": 0, "tensor_parallel_size": 2, "vocab_shard": 75968}
[36m(WorkerDict pid=3667372)[0m WARNING:2026-09-10 23:13:39,974:VERL_RESPONSE_ONLY_LM_HEAD_PROFILE {"active_ratio": 0.0, "actual_logits_bytes": 0, "allocated_before_bytes": 4294024192, "backend": "fused", "calculate_entropy": false, "calculate_sum_pi_squared": false, "context_parallel_size": 2, "data_format": "thd", "dense_logits_bytes": 0, "dense_rows": 9896, "distillation_only": false, "elapsed_s": 0.00567281199619174, "element_size": 0, "entropy_from_logits_chunk_size": 2048, "entropy_from_logits_with_chunking": false, "event_id": 119, "logits_dtype": "none", "logits_saved_bytes": 0, "peak_allocated_bytes": 4375214080, "peak_increment_bytes": 81189888, "pipeline_parallel_size": 2, "projected_rows": 1, "rank": 7, "response_only_enabled": true, "role": "ref", "selected_rows": 0, "tensor_parallel_size": 2, "vocab_shard": 75968}
[36m(WorkerDict pid=3667370)[0m WARNING:2026-09-10 23:13:40,099:VERL_RESPONSE_ONLY_LM_HEAD_PROFILE {"active_ratio": 0.41390460792239286, "actual_logits_bytes": 0, "allocated_before_bytes": 4294024192, "backend": "fused", "calculate_entropy": false, "calculate_sum_pi_squared": false, "context_parallel_size": 2, "data_format": "thd", "dense_logits_bytes": 0, "dense_rows": 9896, "distillation_only": false, "elapsed_s": 0.13048765796702355, "element_size": 0, "entropy_from_logits_chunk_size": 2048, "entropy_from_logits_with_chunking": false, "event_id": 119, "logits_dtype": "none", "logits_saved_bytes": 0, "peak_allocated_bytes": 4408712192, "peak_increment_bytes": 114688000, "pipeline_parallel_size": 2, "projected_rows": 4096, "rank": 5, "response_only_enabled": true, "role": "ref", "selected_rows": 4096, "tensor_parallel_size": 2, "vocab_shard": 75968}
[36m(WorkerDict pid=3667371)[0m WARNING:2026-09-10 23:13:40,405:VERL_RESPONSE_ONLY_LM_HEAD_PROFILE {"active_ratio": 0.0, "actual_logits_bytes": 0, "allocated_before_bytes": 4296489984, "backend": "fused", "calculate_entropy": false, "calculate_sum_pi_squared": false, "context_parallel_size": 2, "data_format": "thd", "dense_logits_bytes": 0, "dense_rows": 10184, "distillation_only": false, "elapsed_s": 0.005563503014855087, "element_size": 0, "entropy_from_logits_chunk_size": 2048, "entropy_from_logits_with_chunking": false, "event_id": 120, "logits_dtype": "none", "logits_saved_bytes": 0, "peak_allocated_bytes": 4380042240, "peak_increment_bytes": 83552256, "pipeline_parallel_size": 2, "projected_rows": 1, "rank": 6, "response_only_enabled": true, "role": "ref", "selected_rows": 0, "tensor_parallel_size": 2, "vocab_shard": 75968}
[36m(WorkerDict pid=3667372)[0m WARNING:2026-09-10 23:13:40,405:VERL_RESPONSE_ONLY_LM_HEAD_PROFILE {"active_ratio": 0.0, "actual_logits_bytes": 0, "allocated_before_bytes": 4296489984, "backend": "fused", "calculate_entropy": false, "calculate_sum_pi_squared": false, "context_parallel_size": 2, "data_format": "thd", "dense_logits_bytes": 0, "dense_rows": 10184, "distillation_only": false, "elapsed_s": 0.005598783027380705, "element_size": 0, "entropy_from_logits_chunk_size": 2048, "entropy_from_logits_with_chunking": false, "event_id": 120, "logits_dtype": "none", "logits_saved_bytes": 0, "peak_allocated_bytes": 4380042240, "peak_increment_bytes": 83552256, "pipeline_parallel_size": 2, "projected_rows": 1, "rank": 7, "response_only_enabled": true, "role": "ref", "selected_rows": 0, "tensor_parallel_size": 2, "vocab_shard": 75968}
[36m(WorkerDict pid=3667370)[0m WARNING:2026-09-10 23:13:40,531:VERL_RESPONSE_ONLY_LM_HEAD_PROFILE {"active_ratio": 0.40219952867242736, "actual_logits_bytes": 0, "allocated_before_bytes": 4296489984, "backend": "fused", "calculate_entropy": false, "calculate_sum_pi_squared": false, "context_parallel_size": 2, "data_format": "thd", "dense_logits_bytes": 0, "dense_rows": 10184, "distillation_only": false, "elapsed_s": 0.13176897901576012, "element_size": 0, "entropy_from_logits_chunk_size": 2048, "entropy_from_logits_with_chunking": false, "event_id": 120, "logits_dtype": "none", "logits_saved_bytes": 0, "peak_allocated_bytes": 4413537280, "peak_increment_bytes": 117047296, "pipeline_parallel_size": 2, "projected_rows": 4096, "rank": 5, "response_only_enabled": true, "role": "ref", "selected_rows": 4096, "tensor_parallel_size": 2, "vocab_shard": 75968}
[36m(WorkerDict pid=3667371)[0m WARNING:2026-09-10 23:13:40,837:VERL_RESPONSE_ONLY_LM_HEAD_PROFILE {"active_ratio": 0.0, "actual_logits_bytes": 0, "allocated_before_bytes": 4296572416, "backend": "fused", "calculate_entropy": false, "calculate_sum_pi_squared": false, "context_parallel_size": 2, "data_format": "thd", "dense_logits_bytes": 0, "dense_rows": 10184, "distillation_only": false, "elapsed_s": 0.005624072044156492, "element_size": 0, "entropy_from_logits_chunk_size": 2048, "entropy_from_logits_with_chunking": false, "event_id": 121, "logits_dtype": "none", "logits_saved_bytes": 0, "peak_allocated_bytes": 4380124672, "peak_increment_bytes": 83552256, "pipeline_parallel_size": 2, "projected_rows": 1, "rank": 6, "response_only_enabled": true, "role": "ref", "selected_rows": 0, "tensor_parallel_size": 2, "vocab_shard": 75968}
[36m(WorkerDict pid=3667372)[0m WARNING:2026-09-10 23:13:40,837:VERL_RESPONSE_ONLY_LM_HEAD_PROFILE {"active_ratio": 0.0, "actual_logits_bytes": 0, "allocated_before_bytes": 4296572416, "backend": "fused", "calculate_entropy": false, "calculate_sum_pi_squared": false, "context_parallel_size": 2, "data_format": "thd", "dense_logits_bytes": 0, "dense_rows": 10184, "distillation_only": false, "elapsed_s": 0.005653001950122416, "element_size": 0, "entropy_from_logits_chunk_size": 2048, "entropy_from_logits_with_chunking": false, "event_id": 121, "logits_dtype": "none", "logits_saved_bytes": 0, "peak_allocated_bytes": 4380124672, "peak_increment_bytes": 83552256, "pipeline_parallel_size": 2, "projected_rows": 1, "rank": 7, "response_only_enabled": true, "role": "ref", "selected_rows": 0, "tensor_parallel_size": 2, "vocab_shard": 75968}
[36m(WorkerDict pid=3667370)[0m WARNING:2026-09-10 23:13:40,963:VERL_RESPONSE_ONLY_LM_HEAD_PROFILE {"active_ratio": 0.40219952867242736, "actual_logits_bytes": 0, "allocated_before_bytes": 4296572416, "backend": "fused", "calculate_entropy": false, "calculate_sum_pi_squared": false, "context_parallel_size": 2, "data_format": "thd", "dense_logits_bytes": 0, "dense_rows": 10184, "distillation_only": false, "elapsed_s": 0.13049199804663658, "element_size": 0, "entropy_from_logits_chunk_size": 2048, "entropy_from_logits_with_chunking": false, "event_id": 121, "logits_dtype": "none", "logits_saved_bytes": 0, "peak_allocated_bytes": 4413619712, "peak_increment_bytes": 117047296, "pipeline_parallel_size": 2, "projected_rows": 4096, "rank": 5, "response_only_enabled": true, "role": "ref", "selected_rows": 4096, "tensor_parallel_size": 2, "vocab_shard": 75968}
[36m(WorkerDict pid=3667371)[0m WARNING:2026-09-10 23:13:41,270:VERL_RESPONSE_ONLY_LM_HEAD_PROFILE {"active_ratio": 0.0, "actual_logits_bytes": 0, "allocated_before_bytes": 4296654848, "backend": "fused", "calculate_entropy": false, "calculate_sum_pi_squared": false, "context_parallel_size": 2, "data_format": "thd", "dense_logits_bytes": 0, "dense_rows": 10184, "distillation_only": false, "elapsed_s": 0.00560502300504595, "element_size": 0, "entropy_from_logits_chunk_size": 2048, "entropy_from_logits_with_chunking": false, "event_id": 122, "logits_dtype": "none", "logits_saved_bytes": 0, "peak_allocated_bytes": 4380207104, "peak_increment_bytes": 83552256, "pipeline_parallel_size": 2, "projected_rows": 1, "rank": 6, "response_only_enabled": true, "role": "ref", "selected_rows": 0, "tensor_parallel_size": 2, "vocab_shard": 75968}
[36m(WorkerDict pid=3667372)[0m WARNING:2026-09-10 23:13:41,270:VERL_RESPONSE_ONLY_LM_HEAD_PROFILE {"active_ratio": 0.0, "actual_logits_bytes": 0, "allocated_before_bytes": 4296654848, "backend": "fused", "calculate_entropy": false, "calculate_sum_pi_squared": false, "context_parallel_size": 2, "data_format": "thd", "dense_logits_bytes": 0, "dense_rows": 10184, "distillation_only": false, "elapsed_s": 0.005621682968921959, "element_size": 0, "entropy_from_logits_chunk_size": 2048, "entropy_from_logits_with_chunking": false, "event_id": 122, "logits_dtype": "none", "logits_saved_bytes": 0, "peak_allocated_bytes": 4380207104, "peak_increment_bytes": 83552256, "pipeline_parallel_size": 2, "projected_rows": 1, "rank": 7, "response_only_enabled": true, "role": "ref", "selected_rows": 0, "tensor_parallel_size": 2, "vocab_shard": 75968}
[36m(WorkerDict pid=3667370)[0m WARNING:2026-09-10 23:13:41,396:VERL_RESPONSE_ONLY_LM_HEAD_PROFILE {"active_ratio": 0.40219952867242736, "actual_logits_bytes": 0, "allocated_before_bytes": 4296654848, "backend": "fused", "calculate_entropy": false, "calculate_sum_pi_squared": false, "context_parallel_size": 2, "data_format": "thd", "dense_logits_bytes": 0, "dense_rows": 10184, "distillation_only": false, "elapsed_s": 0.1310033689951524, "element_size": 0, "entropy_from_logits_chunk_size": 2048, "entropy_from_logits_with_chunking": false, "event_id": 122, "logits_dtype": "none", "logits_saved_bytes": 0, "peak_allocated_bytes": 4413702144, "peak_increment_bytes": 117047296, "pipeline_parallel_size": 2, "projected_rows": 4096, "rank": 5, "response_only_enabled": true, "role": "ref", "selected_rows": 4096, "tensor_parallel_size": 2, "vocab_shard": 75968}
[36m(WorkerDict pid=3667371)[0m WARNING:2026-09-10 23:13:41,701:VERL_RESPONSE_ONLY_LM_HEAD_PROFILE {"active_ratio": 0.0, "actual_logits_bytes": 0, "allocated_before_bytes": 4296737280, "backend": "fused", "calculate_entropy": false, "calculate_sum_pi_squared": false, "context_parallel_size": 2, "data_format": "thd", "dense_logits_bytes": 0, "dense_rows": 10184, "distillation_only": false, "elapsed_s": 0.005657472065649927, "element_size": 0, "entropy_from_logits_chunk_size": 2048, "entropy_from_logits_with_chunking": false, "event_id": 123, "logits_dtype": "none", "logits_saved_bytes": 0, "peak_allocated_bytes": 4380289536, "peak_increment_bytes": 83552256, "pipeline_parallel_size": 2, "projected_rows": 1, "rank": 6, "response_only_enabled": true, "role": "ref", "selected_rows": 0, "tensor_parallel_size": 2, "vocab_shard": 75968}
[36m(WorkerDict pid=3667372)[0m WARNING:2026-09-10 23:13:41,701:VERL_RESPONSE_ONLY_LM_HEAD_PROFILE {"active_ratio": 0.0, "actual_logits_bytes": 0, "allocated_before_bytes": 4296737280, "backend": "fused", "calculate_entropy": false, "calculate_sum_pi_squared": false, "context_parallel_size": 2, "data_format": "thd", "dense_logits_bytes": 0, "dense_rows": 10184, "distillation_only": false, "elapsed_s": 0.005610732012428343, "element_size": 0, "entropy_from_logits_chunk_size": 2048, "entropy_from_logits_with_chunking": false, "event_id": 123, "logits_dtype": "none", "logits_saved_bytes": 0, "peak_allocated_bytes": 4380289536, "peak_increment_bytes": 83552256, "pipeline_parallel_size": 2, "projected_rows": 1, "rank": 7, "response_only_enabled": true, "role": "ref", "selected_rows": 0, "tensor_parallel_size": 2, "vocab_shard": 75968}
[36m(WorkerDict pid=3667370)[0m WARNING:2026-09-10 23:13:41,827:VERL_RESPONSE_ONLY_LM_HEAD_PROFILE {"active_ratio": 0.40219952867242736, "actual_logits_bytes": 0, "allocated_before_bytes": 4296737280, "backend": "fused", "calculate_entropy": false, "calculate_sum_pi_squared": false, "context_parallel_size": 2, "data_format": "thd", "dense_logits_bytes": 0, "dense_rows": 10184, "distillation_only": false, "elapsed_s": 0.13097205804660916, "element_size": 0, "entropy_from_logits_chunk_size": 2048, "entropy_from_logits_with_chunking": false, "event_id": 123, "logits_dtype": "none", "logits_saved_bytes": 0, "peak_allocated_bytes": 4413784576, "peak_increment_bytes": 117047296, "pipeline_parallel_size": 2, "projected_rows": 4096, "rank": 5, "response_only_enabled": true, "role": "ref", "selected_rows": 4096, "tensor_parallel_size": 2, "vocab_shard": 75968}
[36m(WorkerDict pid=3667371)[0m WARNING:2026-09-10 23:13:42,132:VERL_RESPONSE_ONLY_LM_HEAD_PROFILE {"active_ratio": 0.0, "actual_logits_bytes": 0, "allocated_before_bytes": 4296819712, "backend": "fused", "calculate_entropy": false, "calculate_sum_pi_squared": false, "context_parallel_size": 2, "data_format": "thd", "dense_logits_bytes": 0, "dense_rows": 10184, "distillation_only": false, "elapsed_s": 0.005645833094604313, "element_size": 0, "entropy_from_logits_chunk_size": 2048, "entropy_from_logits_with_chunking": false, "event_id": 124, "logits_dtype": "none", "logits_saved_bytes": 0, "peak_allocated_bytes": 4380371968, "peak_increment_bytes": 83552256, "pipeline_parallel_size": 2, "projected_rows": 1, "rank": 6, "response_only_enabled": true, "role": "ref", "selected_rows": 0, "tensor_parallel_size": 2, "vocab_shard": 75968}
[36m(WorkerDict pid=3667372)[0m WARNING:2026-09-10 23:13:42,132:VERL_RESPONSE_ONLY_LM_HEAD_PROFILE {"active_ratio": 0.0, "actual_logits_bytes": 0, "allocated_before_bytes": 4296819712, "backend": "fused", "calculate_entropy": false, "calculate_sum_pi_squared": false, "context_parallel_size": 2, "data_format": "thd", "dense_logits_bytes": 0, "dense_rows": 10184, "distillation_only": false, "elapsed_s": 0.005685872980393469, "element_size": 0, "entropy_from_logits_chunk_size": 2048, "entropy_from_logits_with_chunking": false, "event_id": 124, "logits_dtype": "none", "logits_saved_bytes": 0, "peak_allocated_bytes": 4380371968, "peak_increment_bytes": 83552256, "pipeline_parallel_size": 2, "projected_rows": 1, "rank": 7, "response_only_enabled": true, "role": "ref", "selected_rows": 0, "tensor_parallel_size": 2, "vocab_shard": 75968}
[36m(WorkerDict pid=3667370)[0m WARNING:2026-09-10 23:13:42,257:VERL_RESPONSE_ONLY_LM_HEAD_PROFILE {"active_ratio": 0.40219952867242736, "actual_logits_bytes": 0, "allocated_before_bytes": 4296819712, "backend": "fused", "calculate_entropy": false, "calculate_sum_pi_squared": false, "context_parallel_size": 2, "data_format": "thd", "dense_logits_bytes": 0, "dense_rows": 10184, "distillation_only": false, "elapsed_s": 0.13036696799099445, "element_size": 0, "entropy_from_logits_chunk_size": 2048, "entropy_from_logits_with_chunking": false, "event_id": 124, "logits_dtype": "none", "logits_saved_bytes": 0, "peak_allocated_bytes": 4413867008, "peak_increment_bytes": 117047296, "pipeline_parallel_size": 2, "projected_rows": 4096, "rank": 5, "response_only_enabled": true, "role": "ref", "selected_rows": 4096, "tensor_parallel_size": 2, "vocab_shard": 75968}
[36m(WorkerDict pid=3667371)[0m WARNING:2026-09-10 23:13:42,563:VERL_RESPONSE_ONLY_LM_HEAD_PROFILE {"active_ratio": 0.0, "actual_logits_bytes": 0, "allocated_before_bytes": 4296902144, "backend": "fused", "calculate_entropy": false, "calculate_sum_pi_squared": false, "context_parallel_size": 2, "data_format": "thd", "dense_logits_bytes": 0, "dense_rows": 10184, "distillation_only": false, "elapsed_s": 0.005613823072053492, "element_size": 0, "entropy_from_logits_chunk_size": 2048, "entropy_from_logits_with_chunking": false, "event_id": 125, "logits_dtype": "none", "logits_saved_bytes": 0, "peak_allocated_bytes": 4380454400, "peak_increment_bytes": 83552256, "pipeline_parallel_size": 2, "projected_rows": 1, "rank": 6, "response_only_enabled": true, "role": "ref", "selected_rows": 0, "tensor_parallel_size": 2, "vocab_shard": 75968}
[36m(WorkerDict pid=3667372)[0m WARNING:2026-09-10 23:13:42,563:VERL_RESPONSE_ONLY_LM_HEAD_PROFILE {"active_ratio": 0.0, "actual_logits_bytes": 0, "allocated_before_bytes": 4296902144, "backend": "fused", "calculate_entropy": false, "calculate_sum_pi_squared": false, "context_parallel_size": 2, "data_format": "thd", "dense_logits_bytes": 0, "dense_rows": 10184, "distillation_only": false, "elapsed_s": 0.005577913019806147, "element_size": 0, "entropy_from_logits_chunk_size": 2048, "entropy_from_logits_with_chunking": false, "event_id": 125, "logits_dtype": "none", "logits_saved_bytes": 0, "peak_allocated_bytes": 4380454400, "peak_increment_bytes": 83552256, "pipeline_parallel_size": 2, "projected_rows": 1, "rank": 7, "response_only_enabled": true, "role": "ref", "selected_rows": 0, "tensor_parallel_size": 2, "vocab_shard": 75968}
[36m(WorkerDict pid=3667370)[0m WARNING:2026-09-10 23:13:42,688:VERL_RESPONSE_ONLY_LM_HEAD_PROFILE {"active_ratio": 0.40219952867242736, "actual_logits_bytes": 0, "allocated_before_bytes": 4296902144, "backend": "fused", "calculate_entropy": false, "calculate_sum_pi_squared": false, "context_parallel_size": 2, "data_format": "thd", "dense_logits_bytes": 0, "dense_rows": 10184, "distillation_only": false, "elapsed_s": 0.13053638907149434, "element_size": 0, "entropy_from_logits_chunk_size": 2048, "entropy_from_logits_with_chunking": false, "event_id": 125, "logits_dtype": "none", "logits_saved_bytes": 0, "peak_allocated_bytes": 4413949440, "peak_increment_bytes": 117047296, "pipeline_parallel_size": 2, "projected_rows": 4096, "rank": 5, "response_only_enabled": true, "role": "ref", "selected_rows": 4096, "tensor_parallel_size": 2, "vocab_shard": 75968}
[36m(WorkerDict pid=3667371)[0m WARNING:2026-09-10 23:13:42,995:VERL_RESPONSE_ONLY_LM_HEAD_PROFILE {"active_ratio": 0.0, "actual_logits_bytes": 0, "allocated_before_bytes": 4296984576, "backend": "fused", "calculate_entropy": false, "calculate_sum_pi_squared": false, "context_parallel_size": 2, "data_format": "thd", "dense_logits_bytes": 0, "dense_rows": 10184, "distillation_only": false, "elapsed_s": 0.005646742996759713, "element_size": 0, "entropy_from_logits_chunk_size": 2048, "entropy_from_logits_with_chunking": false, "event_id": 126, "logits_dtype": "none", "logits_saved_bytes": 0, "peak_allocated_bytes": 4380536832, "peak_increment_bytes": 83552256, "pipeline_parallel_size": 2, "projected_rows": 1, "rank": 6, "response_only_enabled": true, "role": "ref", "selected_rows": 0, "tensor_parallel_size": 2, "vocab_shard": 75968}
[36m(WorkerDict pid=3667372)[0m WARNING:2026-09-10 23:13:42,995:VERL_RESPONSE_ONLY_LM_HEAD_PROFILE {"active_ratio": 0.0, "actual_logits_bytes": 0, "allocated_before_bytes": 4296984576, "backend": "fused", "calculate_entropy": false, "calculate_sum_pi_squared": false, "context_parallel_size": 2, "data_format": "thd", "dense_logits_bytes": 0, "dense_rows": 10184, "distillation_only": false, "elapsed_s": 0.0056533729657530785, "element_size": 0, "entropy_from_logits_chunk_size": 2048, "entropy_from_logits_with_chunking": false, "event_id": 126, "logits_dtype": "none", "logits_saved_bytes": 0, "peak_allocated_bytes": 4380536832, "peak_increment_bytes": 83552256, "pipeline_parallel_size": 2, "projected_rows": 1, "rank": 7, "response_only_enabled": true, "role": "ref", "selected_rows": 0, "tensor_parallel_size": 2, "vocab_shard": 75968}
[36m(WorkerDict pid=3667370)[0m WARNING:2026-09-10 23:13:43,121:VERL_RESPONSE_ONLY_LM_HEAD_PROFILE {"active_ratio": 0.40219952867242736, "actual_logits_bytes": 0, "allocated_before_bytes": 4296984576, "backend": "fused", "calculate_entropy": false, "calculate_sum_pi_squared": false, "context_parallel_size": 2, "data_format": "thd", "dense_logits_bytes": 0, "dense_rows": 10184, "distillation_only": false, "elapsed_s": 0.1309215580113232, "element_size": 0, "entropy_from_logits_chunk_size": 2048, "entropy_from_logits_with_chunking": false, "event_id": 126, "logits_dtype": "none", "logits_saved_bytes": 0, "peak_allocated_bytes": 4414031872, "peak_increment_bytes": 117047296, "pipeline_parallel_size": 2, "projected_rows": 4096, "rank": 5, "response_only_enabled": true, "role": "ref", "selected_rows": 4096, "tensor_parallel_size": 2, "vocab_shard": 75968}
[36m(WorkerDict pid=3667371)[0m WARNING:2026-09-10 23:13:43,477:VERL_RESPONSE_ONLY_LM_HEAD_PROFILE {"active_ratio": 0.0, "actual_logits_bytes": 0, "allocated_before_bytes": 4297067008, "backend": "fused", "calculate_entropy": false, "calculate_sum_pi_squared": false, "context_parallel_size": 2, "data_format": "thd", "dense_logits_bytes": 0, "dense_rows": 10184, "distillation_only": false, "elapsed_s": 0.005568612017668784, "element_size": 0, "entropy_from_logits_chunk_size": 2048, "entropy_from_logits_with_chunking": false, "event_id": 127, "logits_dtype": "none", "logits_saved_bytes": 0, "peak_allocated_bytes": 4380619264, "peak_increment_bytes": 83552256, "pipeline_parallel_size": 2, "projected_rows": 1, "rank": 6, "response_only_enabled": true, "role": "ref", "selected_rows": 0, "tensor_parallel_size": 2, "vocab_shard": 75968}
[36m(WorkerDict pid=3667372)[0m WARNING:2026-09-10 23:13:43,477:VERL_RESPONSE_ONLY_LM_HEAD_PROFILE {"active_ratio": 0.0, "actual_logits_bytes": 0, "allocated_before_bytes": 4297067008, "backend": "fused", "calculate_entropy": false, "calculate_sum_pi_squared": false, "context_parallel_size": 2, "data_format": "thd", "dense_logits_bytes": 0, "dense_rows": 10184, "distillation_only": false, "elapsed_s": 0.0055726219434291124, "element_size": 0, "entropy_from_logits_chunk_size": 2048, "entropy_from_logits_with_chunking": false, "event_id": 127, "logits_dtype": "none", "logits_saved_bytes": 0, "peak_allocated_bytes": 4380619264, "peak_increment_bytes": 83552256, "pipeline_parallel_size": 2, "projected_rows": 1, "rank": 7, "response_only_enabled": true, "role": "ref", "selected_rows": 0, "tensor_parallel_size": 2, "vocab_shard": 75968}
[36m(WorkerDict pid=3667370)[0m WARNING:2026-09-10 23:13:43,603:VERL_RESPONSE_ONLY_LM_HEAD_PROFILE {"active_ratio": 0.40219952867242736, "actual_logits_bytes": 0, "allocated_before_bytes": 4297067008, "backend": "fused", "calculate_entropy": false, "calculate_sum_pi_squared": false, "context_parallel_size": 2, "data_format": "thd", "dense_logits_bytes": 0, "dense_rows": 10184, "distillation_only": false, "elapsed_s": 0.13125267799478024, "element_size": 0, "entropy_from_logits_chunk_size": 2048, "entropy_from_logits_with_chunking": false, "event_id": 127, "logits_dtype": "none", "logits_saved_bytes": 0, "peak_allocated_bytes": 4414114304, "peak_increment_bytes": 117047296, "pipeline_parallel_size": 2, "projected_rows": 4096, "rank": 5, "response_only_enabled": true, "role": "ref", "selected_rows": 4096, "tensor_parallel_size": 2, "vocab_shard": 75968}
[36m(WorkerDict pid=3667371)[0m WARNING:2026-09-10 23:13:51,410:VERL_RESPONSE_ONLY_LM_HEAD_PROFILE {"active_ratio": 0.0, "actual_logits_bytes": 0, "allocated_before_bytes": 25524377600, "backend": "fused", "calculate_entropy": true, "calculate_sum_pi_squared": false, "context_parallel_size": 2, "data_format": "thd", "dense_logits_bytes": 0, "dense_rows": 10184, "distillation_only": false, "elapsed_s": 0.005639071925543249, "element_size": 0, "entropy_from_logits_chunk_size": 2048, "entropy_from_logits_with_chunking": false, "event_id": 128, "logits_dtype": "none", "logits_saved_bytes": 0, "peak_allocated_bytes": 25607930880, "peak_increment_bytes": 83553280, "pipeline_parallel_size": 2, "projected_rows": 1, "rank": 6, "response_only_enabled": true, "role": "actor", "selected_rows": 0, "tensor_parallel_size": 2, "vocab_shard": 75968}
[36m(WorkerDict pid=3667372)[0m WARNING:2026-09-10 23:13:51,410:VERL_RESPONSE_ONLY_LM_HEAD_PROFILE {"active_ratio": 0.0, "actual_logits_bytes": 0, "allocated_before_bytes": 25524377600, "backend": "fused", "calculate_entropy": true, "calculate_sum_pi_squared": false, "context_parallel_size": 2, "data_format": "thd", "dense_logits_bytes": 0, "dense_rows": 10184, "distillation_only": false, "elapsed_s": 0.005663492018356919, "element_size": 0, "entropy_from_logits_chunk_size": 2048, "entropy_from_logits_with_chunking": false, "event_id": 128, "logits_dtype": "none", "logits_saved_bytes": 0, "peak_allocated_bytes": 25607930880, "peak_increment_bytes": 83553280, "pipeline_parallel_size": 2, "projected_rows": 1, "rank": 7, "response_only_enabled": true, "role": "actor", "selected_rows": 0, "tensor_parallel_size": 2, "vocab_shard": 75968}
[36m(WorkerDict pid=3667370)[0m WARNING:2026-09-10 23:13:51,534:VERL_RESPONSE_ONLY_LM_HEAD_PROFILE {"active_ratio": 0.40219952867242736, "actual_logits_bytes": 0, "allocated_before_bytes": 25524377600, "backend": "fused", "calculate_entropy": true, "calculate_sum_pi_squared": false, "context_parallel_size": 2, "data_format": "thd", "dense_logits_bytes": 0, "dense_rows": 10184, "distillation_only": false, "elapsed_s": 0.1301277179736644, "element_size": 0, "entropy_from_logits_chunk_size": 2048, "entropy_from_logits_with_chunking": false, "event_id": 128, "logits_dtype": "none", "logits_saved_bytes": 0, "peak_allocated_bytes": 25641424896, "peak_increment_bytes": 117047296, "pipeline_parallel_size": 2, "projected_rows": 4096, "rank": 5, "response_only_enabled": true, "role": "actor", "selected_rows": 4096, "tensor_parallel_size": 2, "vocab_shard": 75968}
[36m(WorkerDict pid=3667371)[0m WARNING:2026-09-10 23:13:52,961:VERL_RESPONSE_ONLY_LM_HEAD_PROFILE {"active_ratio": 0.0, "actual_logits_bytes": 0, "allocated_before_bytes": 25759195136, "backend": "fused", "calculate_entropy": true, "calculate_sum_pi_squared": false, "context_parallel_size": 2, "data_format": "thd", "dense_logits_bytes": 0, "dense_rows": 10184, "distillation_only": false, "elapsed_s": 0.005607382976450026, "element_size": 0, "entropy_from_logits_chunk_size": 2048, "entropy_from_logits_with_chunking": false, "event_id": 129, "logits_dtype": "none", "logits_saved_bytes": 0, "peak_allocated_bytes": 25842748416, "peak_increment_bytes": 83553280, "pipeline_parallel_size": 2, "projected_rows": 1, "rank": 6, "response_only_enabled": true, "role": "actor", "selected_rows": 0, "tensor_parallel_size": 2, "vocab_shard": 75968}
[36m(WorkerDict pid=3667372)[0m WARNING:2026-09-10 23:13:52,961:VERL_RESPONSE_ONLY_LM_HEAD_PROFILE {"active_ratio": 0.0, "actual_logits_bytes": 0, "allocated_before_bytes": 25759195136, "backend": "fused", "calculate_entropy": true, "calculate_sum_pi_squared": false, "context_parallel_size": 2, "data_format": "thd", "dense_logits_bytes": 0, "dense_rows": 10184, "distillation_only": false, "elapsed_s": 0.0056217730743810534, "element_size": 0, "entropy_from_logits_chunk_size": 2048, "entropy_from_logits_with_chunking": false, "event_id": 129, "logits_dtype": "none", "logits_saved_bytes": 0, "peak_allocated_bytes": 25842748416, "peak_increment_bytes": 83553280, "pipeline_parallel_size": 2, "projected_rows": 1, "rank": 7, "response_only_enabled": true, "role": "actor", "selected_rows": 0, "tensor_parallel_size": 2, "vocab_shard": 75968}
[36m(WorkerDict pid=3667370)[0m WARNING:2026-09-10 23:13:53,087:VERL_RESPONSE_ONLY_LM_HEAD_PROFILE {"active_ratio": 0.40219952867242736, "actual_logits_bytes": 0, "allocated_before_bytes": 25759195136, "backend": "fused", "calculate_entropy": true, "calculate_sum_pi_squared": false, "context_parallel_size": 2, "data_format": "thd", "dense_logits_bytes": 0, "dense_rows": 10184, "distillation_only": false, "elapsed_s": 0.13047180802095681, "element_size": 0, "entropy_from_logits_chunk_size": 2048, "entropy_from_logits_with_chunking": false, "event_id": 129, "logits_dtype": "none", "logits_saved_bytes": 0, "peak_allocated_bytes": 25876242432, "peak_increment_bytes": 117047296, "pipeline_parallel_size": 2, "projected_rows": 4096, "rank": 5, "response_only_enabled": true, "role": "actor", "selected_rows": 4096, "tensor_parallel_size": 2, "vocab_shard": 75968}
[36m(WorkerDict pid=3667371)[0m WARNING:2026-09-10 23:13:54,547:VERL_RESPONSE_ONLY_LM_HEAD_PROFILE {"active_ratio": 0.0, "actual_logits_bytes": 0, "allocated_before_bytes": 25801074176, "backend": "fused", "calculate_entropy": true, "calculate_sum_pi_squared": false, "context_parallel_size": 2, "data_format": "thd", "dense_logits_bytes": 0, "dense_rows": 10184, "distillation_only": false, "elapsed_s": 0.005658193025738001, "element_size": 0, "entropy_from_logits_chunk_size": 2048, "entropy_from_logits_with_chunking": false, "event_id": 130, "logits_dtype": "none", "logits_saved_bytes": 0, "peak_allocated_bytes": 25884627456, "peak_increment_bytes": 83553280, "pipeline_parallel_size": 2, "projected_rows": 1, "rank": 6, "response_only_enabled": true, "role": "actor", "selected_rows": 0, "tensor_parallel_size": 2, "vocab_shard": 75968}
[36m(WorkerDict pid=3667372)[0m WARNING:2026-09-10 23:13:54,547:VERL_RESPONSE_ONLY_LM_HEAD_PROFILE {"active_ratio": 0.0, "actual_logits_bytes": 0, "allocated_before_bytes": 25801074176, "backend": "fused", "calculate_entropy": true, "calculate_sum_pi_squared": false, "context_parallel_size": 2, "data_format": "thd", "dense_logits_bytes": 0, "dense_rows": 10184, "distillation_only": false, "elapsed_s": 0.00569043296854943, "element_size": 0, "entropy_from_logits_chunk_size": 2048, "entropy_from_logits_with_chunking": false, "event_id": 130, "logits_dtype": "none", "logits_saved_bytes": 0, "peak_allocated_bytes": 25884627456, "peak_increment_bytes": 83553280, "pipeline_parallel_size": 2, "projected_rows": 1, "rank": 7, "response_only_enabled": true, "role": "actor", "selected_rows": 0, "tensor_parallel_size": 2, "vocab_shard": 75968}
[36m(WorkerDict pid=3667370)[0m WARNING:2026-09-10 23:13:54,673:VERL_RESPONSE_ONLY_LM_HEAD_PROFILE {"active_ratio": 0.40219952867242736, "actual_logits_bytes": 0, "allocated_before_bytes": 25801074176, "backend": "fused", "calculate_entropy": true, "calculate_sum_pi_squared": false, "context_parallel_size": 2, "data_format": "thd", "dense_logits_bytes": 0, "dense_rows": 10184, "distillation_only": false, "elapsed_s": 0.1312077579787001, "element_size": 0, "entropy_from_logits_chunk_size": 2048, "entropy_from_logits_with_chunking": false, "event_id": 130, "logits_dtype": "none", "logits_saved_bytes": 0, "peak_allocated_bytes": 25918121472, "peak_increment_bytes": 117047296, "pipeline_parallel_size": 2, "projected_rows": 4096, "rank": 5, "response_only_enabled": true, "role": "actor", "selected_rows": 4096, "tensor_parallel_size": 2, "vocab_shard": 75968}
[36m(WorkerDict pid=3667371)[0m WARNING:2026-09-10 23:13:56,056:VERL_RESPONSE_ONLY_LM_HEAD_PROFILE {"active_ratio": 0.0, "actual_logits_bytes": 0, "allocated_before_bytes": 25842953216, "backend": "fused", "calculate_entropy": true, "calculate_sum_pi_squared": false, "context_parallel_size": 2, "data_format": "thd", "dense_logits_bytes": 0, "dense_rows": 10184, "distillation_only": false, "elapsed_s": 0.0056292020017281175, "element_size": 0, "entropy_from_logits_chunk_size": 2048, "entropy_from_logits_with_chunking": false, "event_id": 131, "logits_dtype": "none", "logits_saved_bytes": 0, "peak_allocated_bytes": 25926506496, "peak_increment_bytes": 83553280, "pipeline_parallel_size": 2, "projected_rows": 1, "rank": 6, "response_only_enabled": true, "role": "actor", "selected_rows": 0, "tensor_parallel_size": 2, "vocab_shard": 75968}
[36m(WorkerDict pid=3667372)[0m WARNING:2026-09-10 23:13:56,056:VERL_RESPONSE_ONLY_LM_HEAD_PROFILE {"active_ratio": 0.0, "actual_logits_bytes": 0, "allocated_before_bytes": 25842953216, "backend": "fused", "calculate_entropy": true, "calculate_sum_pi_squared": false, "context_parallel_size": 2, "data_format": "thd", "dense_logits_bytes": 0, "dense_rows": 10184, "distillation_only": false, "elapsed_s": 0.005629771971143782, "element_size": 0, "entropy_from_logits_chunk_size": 2048, "entropy_from_logits_with_chunking": false, "event_id": 131, "logits_dtype": "none", "logits_saved_bytes": 0, "peak_allocated_bytes": 25926506496, "peak_increment_bytes": 83553280, "pipeline_parallel_size": 2, "projected_rows": 1, "rank": 7, "response_only_enabled": true, "role": "actor", "selected_rows": 0, "tensor_parallel_size": 2, "vocab_shard": 75968}
[36m(WorkerDict pid=3667370)[0m WARNING:2026-09-10 23:13:56,181:VERL_RESPONSE_ONLY_LM_HEAD_PROFILE {"active_ratio": 0.40219952867242736, "actual_logits_bytes": 0, "allocated_before_bytes": 25842953216, "backend": "fused", "calculate_entropy": true, "calculate_sum_pi_squared": false, "context_parallel_size": 2, "data_format": "thd", "dense_logits_bytes": 0, "dense_rows": 10184, "distillation_only": false, "elapsed_s": 0.13055435800924897, "element_size": 0, "entropy_from_logits_chunk_size": 2048, "entropy_from_logits_with_chunking": false, "event_id": 131, "logits_dtype": "none", "logits_saved_bytes": 0, "peak_allocated_bytes": 25960000512, "peak_increment_bytes": 117047296, "pipeline_parallel_size": 2, "projected_rows": 4096, "rank": 5, "response_only_enabled": true, "role": "actor", "selected_rows": 4096, "tensor_parallel_size": 2, "vocab_shard": 75968}
[36m(WorkerDict pid=3667371)[0m WARNING:2026-09-10 23:13:58,853:VERL_RESPONSE_ONLY_LM_HEAD_PROFILE {"active_ratio": 0.0, "actual_logits_bytes": 0, "allocated_before_bytes": 25693695488, "backend": "fused", "calculate_entropy": true, "calculate_sum_pi_squared": false, "context_parallel_size": 2, "data_format": "thd", "dense_logits_bytes": 0, "dense_rows": 9896, "distillation_only": false, "elapsed_s": 0.005678902962245047, "element_size": 0, "entropy_from_logits_chunk_size": 2048, "entropy_from_logits_with_chunking": false, "event_id": 132, "logits_dtype": "none", "logits_saved_bytes": 0, "peak_allocated_bytes": 25774886400, "peak_increment_bytes": 81190912, "pipeline_parallel_size": 2, "projected_rows": 1, "rank": 6, "response_only_enabled": true, "role": "actor", "selected_rows": 0, "tensor_parallel_size": 2, "vocab_shard": 75968}
[36m(WorkerDict pid=3667372)[0m WARNING:2026-09-10 23:13:58,853:VERL_RESPONSE_ONLY_LM_HEAD_PROFILE {"active_ratio": 0.0, "actual_logits_bytes": 0, "allocated_before_bytes": 25693695488, "backend": "fused", "calculate_entropy": true, "calculate_sum_pi_squared": false, "context_parallel_size": 2, "data_format": "thd", "dense_logits_bytes": 0, "dense_rows": 9896, "distillation_only": false, "elapsed_s": 0.005629863007925451, "element_size": 0, "entropy_from_logits_chunk_size": 2048, "entropy_from_logits_with_chunking": false, "event_id": 132, "logits_dtype": "none", "logits_saved_bytes": 0, "peak_allocated_bytes": 25774886400, "peak_increment_bytes": 81190912, "pipeline_parallel_size": 2, "projected_rows": 1, "rank": 7, "response_only_enabled": true, "role": "actor", "selected_rows": 0, "tensor_parallel_size": 2, "vocab_shard": 75968}
[36m(WorkerDict pid=3667370)[0m WARNING:2026-09-10 23:13:58,979:VERL_RESPONSE_ONLY_LM_HEAD_PROFILE {"active_ratio": 0.41390460792239286, "actual_logits_bytes": 0, "allocated_before_bytes": 25693695488, "backend": "fused", "calculate_entropy": true, "calculate_sum_pi_squared": false, "context_parallel_size": 2, "data_format": "thd", "dense_logits_bytes": 0, "dense_rows": 9896, "distillation_only": false, "elapsed_s": 0.1306855889270082, "element_size": 0, "entropy_from_logits_chunk_size": 2048, "entropy_from_logits_with_chunking": false, "event_id": 132, "logits_dtype": "none", "logits_saved_bytes": 0, "peak_allocated_bytes": 25808383488, "peak_increment_bytes": 114688000, "pipeline_parallel_size": 2, "projected_rows": 4096, "rank": 5, "response_only_enabled": true, "role": "actor", "selected_rows": 4096, "tensor_parallel_size": 2, "vocab_shard": 75968}
[36m(WorkerDict pid=3667371)[0m WARNING:2026-09-10 23:14:00,316:VERL_RESPONSE_ONLY_LM_HEAD_PROFILE {"active_ratio": 0.0, "actual_logits_bytes": 0, "allocated_before_bytes": 25734390272, "backend": "fused", "calculate_entropy": true, "calculate_sum_pi_squared": false, "context_parallel_size": 2, "data_format": "thd", "dense_logits_bytes": 0, "dense_rows": 9896, "distillation_only": false, "elapsed_s": 0.005567312939092517, "element_size": 0, "entropy_from_logits_chunk_size": 2048, "entropy_from_logits_with_chunking": false, "event_id": 133, "logits_dtype": "none", "logits_saved_bytes": 0, "peak_allocated_bytes": 25815581184, "peak_increment_bytes": 81190912, "pipeline_parallel_size": 2, "projected_rows": 1, "rank": 6, "response_only_enabled": true, "role": "actor", "selected_rows": 0, "tensor_parallel_size": 2, "vocab_shard": 75968}
[36m(WorkerDict pid=3667372)[0m WARNING:2026-09-10 23:14:00,315:VERL_RESPONSE_ONLY_LM_HEAD_PROFILE {"active_ratio": 0.0, "actual_logits_bytes": 0, "allocated_before_bytes": 25734390272, "backend": "fused", "calculate_entropy": true, "calculate_sum_pi_squared": false, "context_parallel_size": 2, "data_format": "thd", "dense_logits_bytes": 0, "dense_rows": 9896, "distillation_only": false, "elapsed_s": 0.005606272956356406, "element_size": 0, "entropy_from_logits_chunk_size": 2048, "entropy_from_logits_with_chunking": false, "event_id": 133, "logits_dtype": "none", "logits_saved_bytes": 0, "peak_allocated_bytes": 25815581184, "peak_increment_bytes": 81190912, "pipeline_parallel_size": 2, "projected_rows": 1, "rank": 7, "response_only_enabled": true, "role": "actor", "selected_rows": 0, "tensor_parallel_size": 2, "vocab_shard": 75968}
[36m(WorkerDict pid=3667370)[0m WARNING:2026-09-10 23:14:00,441:VERL_RESPONSE_ONLY_LM_HEAD_PROFILE {"active_ratio": 0.41390460792239286, "actual_logits_bytes": 0, "allocated_before_bytes": 25734390272, "backend": "fused", "calculate_entropy": true, "calculate_sum_pi_squared": false, "context_parallel_size": 2, "data_format": "thd", "dense_logits_bytes": 0, "dense_rows": 9896, "distillation_only": false, "elapsed_s": 0.13103647902607918, "element_size": 0, "entropy_from_logits_chunk_size": 2048, "entropy_from_logits_with_chunking": false, "event_id": 133, "logits_dtype": "none", "logits_saved_bytes": 0, "peak_allocated_bytes": 25849078272, "peak_increment_bytes": 114688000, "pipeline_parallel_size": 2, "projected_rows": 4096, "rank": 5, "response_only_enabled": true, "role": "actor", "selected_rows": 4096, "tensor_parallel_size": 2, "vocab_shard": 75968}
[36m(WorkerDict pid=3667371)[0m WARNING:2026-09-10 23:14:01,790:VERL_RESPONSE_ONLY_LM_HEAD_PROFILE {"active_ratio": 0.0, "actual_logits_bytes": 0, "allocated_before_bytes": 25775084544, "backend": "fused", "calculate_entropy": true, "calculate_sum_pi_squared": false, "context_parallel_size": 2, "data_format": "thd", "dense_logits_bytes": 0, "dense_rows": 9896, "distillation_only": false, "elapsed_s": 0.005586363025940955, "element_size": 0, "entropy_from_logits_chunk_size": 2048, "entropy_from_logits_with_chunking": false, "event_id": 134, "logits_dtype": "none", "logits_saved_bytes": 0, "peak_allocated_bytes": 25856275456, "peak_increment_bytes": 81190912, "pipeline_parallel_size": 2, "projected_rows": 1, "rank": 6, "response_only_enabled": true, "role": "actor", "selected_rows": 0, "tensor_parallel_size": 2, "vocab_shard": 75968}
[36m(WorkerDict pid=3667372)[0m WARNING:2026-09-10 23:14:01,790:VERL_RESPONSE_ONLY_LM_HEAD_PROFILE {"active_ratio": 0.0, "actual_logits_bytes": 0, "allocated_before_bytes": 25775084544, "backend": "fused", "calculate_entropy": true, "calculate_sum_pi_squared": false, "context_parallel_size": 2, "data_format": "thd", "dense_logits_bytes": 0, "dense_rows": 9896, "distillation_only": false, "elapsed_s": 0.0057055429788306355, "element_size": 0, "entropy_from_logits_chunk_size": 2048, "entropy_from_logits_with_chunking": false, "event_id": 134, "logits_dtype": "none", "logits_saved_bytes": 0, "peak_allocated_bytes": 25856275456, "peak_increment_bytes": 81190912, "pipeline_parallel_size": 2, "projected_rows": 1, "rank": 7, "response_only_enabled": true, "role": "actor", "selected_rows": 0, "tensor_parallel_size": 2, "vocab_shard": 75968}
[36m(WorkerDict pid=3667370)[0m WARNING:2026-09-10 23:14:01,915:VERL_RESPONSE_ONLY_LM_HEAD_PROFILE {"active_ratio": 0.41390460792239286, "actual_logits_bytes": 0, "allocated_before_bytes": 25775084544, "backend": "fused", "calculate_entropy": true, "calculate_sum_pi_squared": false, "context_parallel_size": 2, "data_format": "thd", "dense_logits_bytes": 0, "dense_rows": 9896, "distillation_only": false, "elapsed_s": 0.13042327901348472, "element_size": 0, "entropy_from_logits_chunk_size": 2048, "entropy_from_logits_with_chunking": false, "event_id": 134, "logits_dtype": "none", "logits_saved_bytes": 0, "peak_allocated_bytes": 25889772544, "peak_increment_bytes": 114688000, "pipeline_parallel_size": 2, "projected_rows": 4096, "rank": 5, "response_only_enabled": true, "role": "actor", "selected_rows": 4096, "tensor_parallel_size": 2, "vocab_shard": 75968}
[36m(WorkerDict pid=3667371)[0m WARNING:2026-09-10 23:14:03,255:VERL_RESPONSE_ONLY_LM_HEAD_PROFILE {"active_ratio": 0.0, "actual_logits_bytes": 0, "allocated_before_bytes": 25815778816, "backend": "fused", "calculate_entropy": true, "calculate_sum_pi_squared": false, "context_parallel_size": 2, "data_format": "thd", "dense_logits_bytes": 0, "dense_rows": 9896, "distillation_only": false, "elapsed_s": 0.005630693049170077, "element_size": 0, "entropy_from_logits_chunk_size": 2048, "entropy_from_logits_with_chunking": false, "event_id": 135, "logits_dtype": "none", "logits_saved_bytes": 0, "peak_allocated_bytes": 25896969728, "peak_increment_bytes": 81190912, "pipeline_parallel_size": 2, "projected_rows": 1, "rank": 6, "response_only_enabled": true, "role": "actor", "selected_rows": 0, "tensor_parallel_size": 2, "vocab_shard": 75968}
[36m(WorkerDict pid=3667372)[0m WARNING:2026-09-10 23:14:03,255:VERL_RESPONSE_ONLY_LM_HEAD_PROFILE {"active_ratio": 0.0, "actual_logits_bytes": 0, "allocated_before_bytes": 25815778816, "backend": "fused", "calculate_entropy": true, "calculate_sum_pi_squared": false, "context_parallel_size": 2, "data_format": "thd", "dense_logits_bytes": 0, "dense_rows": 9896, "distillation_only": false, "elapsed_s": 0.0056689929915592074, "element_size": 0, "entropy_from_logits_chunk_size": 2048, "entropy_from_logits_with_chunking": false, "event_id": 135, "logits_dtype": "none", "logits_saved_bytes": 0, "peak_allocated_bytes": 25896969728, "peak_increment_bytes": 81190912, "pipeline_parallel_size": 2, "projected_rows": 1, "rank": 7, "response_only_enabled": true, "role": "actor", "selected_rows": 0, "tensor_parallel_size": 2, "vocab_shard": 75968}
[36m(WorkerDict pid=3667370)[0m WARNING:2026-09-10 23:14:03,381:VERL_RESPONSE_ONLY_LM_HEAD_PROFILE {"active_ratio": 0.41390460792239286, "actual_logits_bytes": 0, "allocated_before_bytes": 25815778816, "backend": "fused", "calculate_entropy": true, "calculate_sum_pi_squared": false, "context_parallel_size": 2, "data_format": "thd", "dense_logits_bytes": 0, "dense_rows": 9896, "distillation_only": false, "elapsed_s": 0.13134784903377295, "element_size": 0, "entropy_from_logits_chunk_size": 2048, "entropy_from_logits_with_chunking": false, "event_id": 135, "logits_dtype": "none", "logits_saved_bytes": 0, "peak_allocated_bytes": 25930466816, "peak_increment_bytes": 114688000, "pipeline_parallel_size": 2, "projected_rows": 4096, "rank": 5, "response_only_enabled": true, "role": "actor", "selected_rows": 4096, "tensor_parallel_size": 2, "vocab_shard": 75968}
[36m(WorkerDict pid=3667371)[0m WARNING:2026-09-10 23:14:06,014:VERL_RESPONSE_ONLY_LM_HEAD_PROFILE {"active_ratio": 0.0, "actual_logits_bytes": 0, "allocated_before_bytes": 25717315584, "backend": "fused", "calculate_entropy": true, "calculate_sum_pi_squared": false, "context_parallel_size": 2, "data_format": "thd", "dense_logits_bytes": 0, "dense_rows": 10184, "distillation_only": false, "elapsed_s": 0.00566028303001076, "element_size": 0, "entropy_from_logits_chunk_size": 2048, "entropy_from_logits_with_chunking": false, "event_id": 136, "logits_dtype": "none", "logits_saved_bytes": 0, "peak_allocated_bytes": 25800868864, "peak_increment_bytes": 83553280, "pipeline_parallel_size": 2, "projected_rows": 1, "rank": 6, "response_only_enabled": true, "role": "actor", "selected_rows": 0, "tensor_parallel_size": 2, "vocab_shard": 75968}
[36m(WorkerDict pid=3667372)[0m WARNING:2026-09-10 23:14:06,014:VERL_RESPONSE_ONLY_LM_HEAD_PROFILE {"active_ratio": 0.0, "actual_logits_bytes": 0, "allocated_before_bytes": 25717315584, "backend": "fused", "calculate_entropy": true, "calculate_sum_pi_squared": false, "context_parallel_size": 2, "data_format": "thd", "dense_logits_bytes": 0, "dense_rows": 10184, "distillation_only": false, "elapsed_s": 0.005707803065888584, "element_size": 0, "entropy_from_logits_chunk_size": 2048, "entropy_from_logits_with_chunking": false, "event_id": 136, "logits_dtype": "none", "logits_saved_bytes": 0, "peak_allocated_bytes": 25800868864, "peak_increment_bytes": 83553280, "pipeline_parallel_size": 2, "projected_rows": 1, "rank": 7, "response_only_enabled": true, "role": "actor", "selected_rows": 0, "tensor_parallel_size": 2, "vocab_shard": 75968}
[36m(WorkerDict pid=3667370)[0m WARNING:2026-09-10 23:14:06,139:VERL_RESPONSE_ONLY_LM_HEAD_PROFILE {"active_ratio": 0.40219952867242736, "actual_logits_bytes": 0, "allocated_before_bytes": 25717315584, "backend": "fused", "calculate_entropy": true, "calculate_sum_pi_squared": false, "context_parallel_size": 2, "data_format": "thd", "dense_logits_bytes": 0, "dense_rows": 10184, "distillation_only": false, "elapsed_s": 0.13096384890377522, "element_size": 0, "entropy_from_logits_chunk_size": 2048, "entropy_from_logits_with_chunking": false, "event_id": 136, "logits_dtype": "none", "logits_saved_bytes": 0, "peak_allocated_bytes": 25834362880, "peak_increment_bytes": 117047296, "pipeline_parallel_size": 2, "projected_rows": 4096, "rank": 5, "response_only_enabled": true, "role": "actor", "selected_rows": 4096, "tensor_parallel_size": 2, "vocab_shard": 75968}
[36m(WorkerDict pid=3667371)[0m WARNING:2026-09-10 23:14:07,516:VERL_RESPONSE_ONLY_LM_HEAD_PROFILE {"active_ratio": 0.0, "actual_logits_bytes": 0, "allocated_before_bytes": 25759195136, "backend": "fused", "calculate_entropy": true, "calculate_sum_pi_squared": false, "context_parallel_size": 2, "data_format": "thd", "dense_logits_bytes": 0, "dense_rows": 10184, "distillation_only": false, "elapsed_s": 0.0056198620004579425, "element_size": 0, "entropy_from_logits_chunk_size": 2048, "entropy_from_logits_with_chunking": false, "event_id": 137, "logits_dtype": "none", "logits_saved_bytes": 0, "peak_allocated_bytes": 25842748416, "peak_increment_bytes": 83553280, "pipeline_parallel_size": 2, "projected_rows": 1, "rank": 6, "response_only_enabled": true, "role": "actor", "selected_rows": 0, "tensor_parallel_size": 2, "vocab_shard": 75968}
[36m(WorkerDict pid=3667372)[0m WARNING:2026-09-10 23:14:07,515:VERL_RESPONSE_ONLY_LM_HEAD_PROFILE {"active_ratio": 0.0, "actual_logits_bytes": 0, "allocated_before_bytes": 25759195136, "backend": "fused", "calculate_entropy": true, "calculate_sum_pi_squared": false, "context_parallel_size": 2, "data_format": "thd", "dense_logits_bytes": 0, "dense_rows": 10184, "distillation_only": false, "elapsed_s": 0.005642511998303235, "element_size": 0, "entropy_from_logits_chunk_size": 2048, "entropy_from_logits_with_chunking": false, "event_id": 137, "logits_dtype": "none", "logits_saved_bytes": 0, "peak_allocated_bytes": 25842748416, "peak_increment_bytes": 83553280, "pipeline_parallel_size": 2, "projected_rows": 1, "rank": 7, "response_only_enabled": true, "role": "actor", "selected_rows": 0, "tensor_parallel_size": 2, "vocab_shard": 75968}
[36m(WorkerDict pid=3667370)[0m WARNING:2026-09-10 23:14:07,641:VERL_RESPONSE_ONLY_LM_HEAD_PROFILE {"active_ratio": 0.40219952867242736, "actual_logits_bytes": 0, "allocated_before_bytes": 25759195136, "backend": "fused", "calculate_entropy": true, "calculate_sum_pi_squared": false, "context_parallel_size": 2, "data_format": "thd", "dense_logits_bytes": 0, "dense_rows": 10184, "distillation_only": false, "elapsed_s": 0.13046305801253766, "element_size": 0, "entropy_from_logits_chunk_size": 2048, "entropy_from_logits_with_chunking": false, "event_id": 137, "logits_dtype": "none", "logits_saved_bytes": 0, "peak_allocated_bytes": 25876242432, "peak_increment_bytes": 117047296, "pipeline_parallel_size": 2, "projected_rows": 4096, "rank": 5, "response_only_enabled": true, "role": "actor", "selected_rows": 4096, "tensor_parallel_size": 2, "vocab_shard": 75968}
[36m(WorkerDict pid=3667371)[0m WARNING:2026-09-10 23:14:09,018:VERL_RESPONSE_ONLY_LM_HEAD_PROFILE {"active_ratio": 0.0, "actual_logits_bytes": 0, "allocated_before_bytes": 25801074176, "backend": "fused", "calculate_entropy": true, "calculate_sum_pi_squared": false, "context_parallel_size": 2, "data_format": "thd", "dense_logits_bytes": 0, "dense_rows": 10184, "distillation_only": false, "elapsed_s": 0.0056474130833521485, "element_size": 0, "entropy_from_logits_chunk_size": 2048, "entropy_from_logits_with_chunking": false, "event_id": 138, "logits_dtype": "none", "logits_saved_bytes": 0, "peak_allocated_bytes": 25884627456, "peak_increment_bytes": 83553280, "pipeline_parallel_size": 2, "projected_rows": 1, "rank": 6, "response_only_enabled": true, "role": "actor", "selected_rows": 0, "tensor_parallel_size": 2, "vocab_shard": 75968}
[36m(WorkerDict pid=3667372)[0m WARNING:2026-09-10 23:14:09,018:VERL_RESPONSE_ONLY_LM_HEAD_PROFILE {"active_ratio": 0.0, "actual_logits_bytes": 0, "allocated_before_bytes": 25801074176, "backend": "fused", "calculate_entropy": true, "calculate_sum_pi_squared": false, "context_parallel_size": 2, "data_format": "thd", "dense_logits_bytes": 0, "dense_rows": 10184, "distillation_only": false, "elapsed_s": 0.005691102938726544, "element_size": 0, "entropy_from_logits_chunk_size": 2048, "entropy_from_logits_with_chunking": false, "event_id": 138, "logits_dtype": "none", "logits_saved_bytes": 0, "peak_allocated_bytes": 25884627456, "peak_increment_bytes": 83553280, "pipeline_parallel_size": 2, "projected_rows": 1, "rank": 7, "response_only_enabled": true, "role": "actor", "selected_rows": 0, "tensor_parallel_size": 2, "vocab_shard": 75968}
[36m(WorkerDict pid=3667370)[0m WARNING:2026-09-10 23:14:09,143:VERL_RESPONSE_ONLY_LM_HEAD_PROFILE {"active_ratio": 0.40219952867242736, "actual_logits_bytes": 0, "allocated_before_bytes": 25801074176, "backend": "fused", "calculate_entropy": true, "calculate_sum_pi_squared": false, "context_parallel_size": 2, "data_format": "thd", "dense_logits_bytes": 0, "dense_rows": 10184, "distillation_only": false, "elapsed_s": 0.13033079891465604, "element_size": 0, "entropy_from_logits_chunk_size": 2048, "entropy_from_logits_with_chunking": false, "event_id": 138, "logits_dtype": "none", "logits_saved_bytes": 0, "peak_allocated_bytes": 25918121472, "peak_increment_bytes": 117047296, "pipeline_parallel_size": 2, "projected_rows": 4096, "rank": 5, "response_only_enabled": true, "role": "actor", "selected_rows": 4096, "tensor_parallel_size": 2, "vocab_shard": 75968}
[36m(WorkerDict pid=3667371)[0m WARNING:2026-09-10 23:14:10,516:VERL_RESPONSE_ONLY_LM_HEAD_PROFILE {"active_ratio": 0.0, "actual_logits_bytes": 0, "allocated_before_bytes": 25842953216, "backend": "fused", "calculate_entropy": true, "calculate_sum_pi_squared": false, "context_parallel_size": 2, "data_format": "thd", "dense_logits_bytes": 0, "dense_rows": 10184, "distillation_only": false, "elapsed_s": 0.005720922956243157, "element_size": 0, "entropy_from_logits_chunk_size": 2048, "entropy_from_logits_with_chunking": false, "event_id": 139, "logits_dtype": "none", "logits_saved_bytes": 0, "peak_allocated_bytes": 25926506496, "peak_increment_bytes": 83553280, "pipeline_parallel_size": 2, "projected_rows": 1, "rank": 6, "response_only_enabled": true, "role": "actor", "selected_rows": 0, "tensor_parallel_size": 2, "vocab_shard": 75968}
[36m(WorkerDict pid=3667372)[0m WARNING:2026-09-10 23:14:10,516:VERL_RESPONSE_ONLY_LM_HEAD_PROFILE {"active_ratio": 0.0, "actual_logits_bytes": 0, "allocated_before_bytes": 25842953216, "backend": "fused", "calculate_entropy": true, "calculate_sum_pi_squared": false, "context_parallel_size": 2, "data_format": "thd", "dense_logits_bytes": 0, "dense_rows": 10184, "distillation_only": false, "elapsed_s": 0.005625932943075895, "element_size": 0, "entropy_from_logits_chunk_size": 2048, "entropy_from_logits_with_chunking": false, "event_id": 139, "logits_dtype": "none", "logits_saved_bytes": 0, "peak_allocated_bytes": 25926506496, "peak_increment_bytes": 83553280, "pipeline_parallel_size": 2, "projected_rows": 1, "rank": 7, "response_only_enabled": true, "role": "actor", "selected_rows": 0, "tensor_parallel_size": 2, "vocab_shard": 75968}
[36m(WorkerDict pid=3667370)[0m WARNING:2026-09-10 23:14:10,642:VERL_RESPONSE_ONLY_LM_HEAD_PROFILE {"active_ratio": 0.40219952867242736, "actual_logits_bytes": 0, "allocated_before_bytes": 25842953216, "backend": "fused", "calculate_entropy": true, "calculate_sum_pi_squared": false, "context_parallel_size": 2, "data_format": "thd", "dense_logits_bytes": 0, "dense_rows": 10184, "distillation_only": false, "elapsed_s": 0.13049312902148813, "element_size": 0, "entropy_from_logits_chunk_size": 2048, "entropy_from_logits_with_chunking": false, "event_id": 139, "logits_dtype": "none", "logits_saved_bytes": 0, "peak_allocated_bytes": 25960000512, "peak_increment_bytes": 117047296, "pipeline_parallel_size": 2, "projected_rows": 4096, "rank": 5, "response_only_enabled": true, "role": "actor", "selected_rows": 4096, "tensor_parallel_size": 2, "vocab_shard": 75968}
[36m(WorkerDict pid=3667371)[0m WARNING:2026-09-10 23:14:13,331:VERL_RESPONSE_ONLY_LM_HEAD_PROFILE {"active_ratio": 0.0, "actual_logits_bytes": 0, "allocated_before_bytes": 25717315584, "backend": "fused", "calculate_entropy": true, "calculate_sum_pi_squared": false, "context_parallel_size": 2, "data_format": "thd", "dense_logits_bytes": 0, "dense_rows": 10184, "distillation_only": false, "elapsed_s": 0.005645042983815074, "element_size": 0, "entropy_from_logits_chunk_size": 2048, "entropy_from_logits_with_chunking": false, "event_id": 140, "logits_dtype": "none", "logits_saved_bytes": 0, "peak_allocated_bytes": 25800868864, "peak_increment_bytes": 83553280, "pipeline_parallel_size": 2, "projected_rows": 1, "rank": 6, "response_only_enabled": true, "role": "actor", "selected_rows": 0, "tensor_parallel_size": 2, "vocab_shard": 75968}
[36m(WorkerDict pid=3667372)[0m WARNING:2026-09-10 23:14:13,331:VERL_RESPONSE_ONLY_LM_HEAD_PROFILE {"active_ratio": 0.0, "actual_logits_bytes": 0, "allocated_before_bytes": 25717315584, "backend": "fused", "calculate_entropy": true, "calculate_sum_pi_squared": false, "context_parallel_size": 2, "data_format": "thd", "dense_logits_bytes": 0, "dense_rows": 10184, "distillation_only": false, "elapsed_s": 0.005645973025821149, "element_size": 0, "entropy_from_logits_chunk_size": 2048, "entropy_from_logits_with_chunking": false, "event_id": 140, "logits_dtype": "none", "logits_saved_bytes": 0, "peak_allocated_bytes": 25800868864, "peak_increment_bytes": 83553280, "pipeline_parallel_size": 2, "projected_rows": 1, "rank": 7, "response_only_enabled": true, "role": "actor", "selected_rows": 0, "tensor_parallel_size": 2, "vocab_shard": 75968}
[36m(WorkerDict pid=3667370)[0m WARNING:2026-09-10 23:14:13,457:VERL_RESPONSE_ONLY_LM_HEAD_PROFILE {"active_ratio": 0.40219952867242736, "actual_logits_bytes": 0, "allocated_before_bytes": 25717315584, "backend": "fused", "calculate_entropy": true, "calculate_sum_pi_squared": false, "context_parallel_size": 2, "data_format": "thd", "dense_logits_bytes": 0, "dense_rows": 10184, "distillation_only": false, "elapsed_s": 0.13102425797842443, "element_size": 0, "entropy_from_logits_chunk_size": 2048, "entropy_from_logits_with_chunking": false, "event_id": 140, "logits_dtype": "none", "logits_saved_bytes": 0, "peak_allocated_bytes": 25834362880, "peak_increment_bytes": 117047296, "pipeline_parallel_size": 2, "projected_rows": 4096, "rank": 5, "response_only_enabled": true, "role": "actor", "selected_rows": 4096, "tensor_parallel_size": 2, "vocab_shard": 75968}
[36m(WorkerDict pid=3667371)[0m WARNING:2026-09-10 23:14:14,834:VERL_RESPONSE_ONLY_LM_HEAD_PROFILE {"active_ratio": 0.0, "actual_logits_bytes": 0, "allocated_before_bytes": 25759195136, "backend": "fused", "calculate_entropy": true, "calculate_sum_pi_squared": false, "context_parallel_size": 2, "data_format": "thd", "dense_logits_bytes": 0, "dense_rows": 10184, "distillation_only": false, "elapsed_s": 0.005633833003230393, "element_size": 0, "entropy_from_logits_chunk_size": 2048, "entropy_from_logits_with_chunking": false, "event_id": 141, "logits_dtype": "none", "logits_saved_bytes": 0, "peak_allocated_bytes": 25842748416, "peak_increment_bytes": 83553280, "pipeline_parallel_size": 2, "projected_rows": 1, "rank": 6, "response_only_enabled": true, "role": "actor", "selected_rows": 0, "tensor_parallel_size": 2, "vocab_shard": 75968}
[36m(WorkerDict pid=3667372)[0m WARNING:2026-09-10 23:14:14,834:VERL_RESPONSE_ONLY_LM_HEAD_PROFILE {"active_ratio": 0.0, "actual_logits_bytes": 0, "allocated_before_bytes": 25759195136, "backend": "fused", "calculate_entropy": true, "calculate_sum_pi_squared": false, "context_parallel_size": 2, "data_format": "thd", "dense_logits_bytes": 0, "dense_rows": 10184, "distillation_only": false, "elapsed_s": 0.00565363303758204, "element_size": 0, "entropy_from_logits_chunk_size": 2048, "entropy_from_logits_with_chunking": false, "event_id": 141, "logits_dtype": "none", "logits_saved_bytes": 0, "peak_allocated_bytes": 25842748416, "peak_increment_bytes": 83553280, "pipeline_parallel_size": 2, "projected_rows": 1, "rank": 7, "response_only_enabled": true, "role": "actor", "selected_rows": 0, "tensor_parallel_size": 2, "vocab_shard": 75968}
[36m(WorkerDict pid=3667370)[0m WARNING:2026-09-10 23:14:14,959:VERL_RESPONSE_ONLY_LM_HEAD_PROFILE {"active_ratio": 0.40219952867242736, "actual_logits_bytes": 0, "allocated_before_bytes": 25759195136, "backend": "fused", "calculate_entropy": true, "calculate_sum_pi_squared": false, "context_parallel_size": 2, "data_format": "thd", "dense_logits_bytes": 0, "dense_rows": 10184, "distillation_only": false, "elapsed_s": 0.13049804896581918, "element_size": 0, "entropy_from_logits_chunk_size": 2048, "entropy_from_logits_with_chunking": false, "event_id": 141, "logits_dtype": "none", "logits_saved_bytes": 0, "peak_allocated_bytes": 25876242432, "peak_increment_bytes": 117047296, "pipeline_parallel_size": 2, "projected_rows": 4096, "rank": 5, "response_only_enabled": true, "role": "actor", "selected_rows": 4096, "tensor_parallel_size": 2, "vocab_shard": 75968}
[36m(WorkerDict pid=3667371)[0m WARNING:2026-09-10 23:14:16,336:VERL_RESPONSE_ONLY_LM_HEAD_PROFILE {"active_ratio": 0.0, "actual_logits_bytes": 0, "allocated_before_bytes": 25801074176, "backend": "fused", "calculate_entropy": true, "calculate_sum_pi_squared": false, "context_parallel_size": 2, "data_format": "thd", "dense_logits_bytes": 0, "dense_rows": 10184, "distillation_only": false, "elapsed_s": 0.0056657419772818685, "element_size": 0, "entropy_from_logits_chunk_size": 2048, "entropy_from_logits_with_chunking": false, "event_id": 142, "logits_dtype": "none", "logits_saved_bytes": 0, "peak_allocated_bytes": 25884627456, "peak_increment_bytes": 83553280, "pipeline_parallel_size": 2, "projected_rows": 1, "rank": 6, "response_only_enabled": true, "role": "actor", "selected_rows": 0, "tensor_parallel_size": 2, "vocab_shard": 75968}
[36m(WorkerDict pid=3667372)[0m WARNING:2026-09-10 23:14:16,336:VERL_RESPONSE_ONLY_LM_HEAD_PROFILE {"active_ratio": 0.0, "actual_logits_bytes": 0, "allocated_before_bytes": 25801074176, "backend": "fused", "calculate_entropy": true, "calculate_sum_pi_squared": false, "context_parallel_size": 2, "data_format": "thd", "dense_logits_bytes": 0, "dense_rows": 10184, "distillation_only": false, "elapsed_s": 0.00573169207200408, "element_size": 0, "entropy_from_logits_chunk_size": 2048, "entropy_from_logits_with_chunking": false, "event_id": 142, "logits_dtype": "none", "logits_saved_bytes": 0, "peak_allocated_bytes": 25884627456, "peak_increment_bytes": 83553280, "pipeline_parallel_size": 2, "projected_rows": 1, "rank": 7, "response_only_enabled": true, "role": "actor", "selected_rows": 0, "tensor_parallel_size": 2, "vocab_shard": 75968}
[36m(WorkerDict pid=3667370)[0m WARNING:2026-09-10 23:14:16,461:VERL_RESPONSE_ONLY_LM_HEAD_PROFILE {"active_ratio": 0.40219952867242736, "actual_logits_bytes": 0, "allocated_before_bytes": 25801074176, "backend": "fused", "calculate_entropy": true, "calculate_sum_pi_squared": false, "context_parallel_size": 2, "data_format": "thd", "dense_logits_bytes": 0, "dense_rows": 10184, "distillation_only": false, "elapsed_s": 0.13059305807109922, "element_size": 0, "entropy_from_logits_chunk_size": 2048, "entropy_from_logits_with_chunking": false, "event_id": 142, "logits_dtype": "none", "logits_saved_bytes": 0, "peak_allocated_bytes": 25918121472, "peak_increment_bytes": 117047296, "pipeline_parallel_size": 2, "projected_rows": 4096, "rank": 5, "response_only_enabled": true, "role": "actor", "selected_rows": 4096, "tensor_parallel_size": 2, "vocab_shard": 75968}
[36m(WorkerDict pid=3667371)[0m WARNING:2026-09-10 23:14:17,832:VERL_RESPONSE_ONLY_LM_HEAD_PROFILE {"active_ratio": 0.0, "actual_logits_bytes": 0, "allocated_before_bytes": 25842953216, "backend": "fused", "calculate_entropy": true, "calculate_sum_pi_squared": false, "context_parallel_size": 2, "data_format": "thd", "dense_logits_bytes": 0, "dense_rows": 10184, "distillation_only": false, "elapsed_s": 0.005720122018828988, "element_size": 0, "entropy_from_logits_chunk_size": 2048, "entropy_from_logits_with_chunking": false, "event_id": 143, "logits_dtype": "none", "logits_saved_bytes": 0, "peak_allocated_bytes": 25926506496, "peak_increment_bytes": 83553280, "pipeline_parallel_size": 2, "projected_rows": 1, "rank": 6, "response_only_enabled": true, "role": "actor", "selected_rows": 0, "tensor_parallel_size": 2, "vocab_shard": 75968}
[36m(WorkerDict pid=3667372)[0m WARNING:2026-09-10 23:14:17,832:VERL_RESPONSE_ONLY_LM_HEAD_PROFILE {"active_ratio": 0.0, "actual_logits_bytes": 0, "allocated_before_bytes": 25842953216, "backend": "fused", "calculate_entropy": true, "calculate_sum_pi_squared": false, "context_parallel_size": 2, "data_format": "thd", "dense_logits_bytes": 0, "dense_rows": 10184, "distillation_only": false, "elapsed_s": 0.005630002007819712, "element_size": 0, "entropy_from_logits_chunk_size": 2048, "entropy_from_logits_with_chunking": false, "event_id": 143, "logits_dtype": "none", "logits_saved_bytes": 0, "peak_allocated_bytes": 25926506496, "peak_increment_bytes": 83553280, "pipeline_parallel_size": 2, "projected_rows": 1, "rank": 7, "response_only_enabled": true, "role": "actor", "selected_rows": 0, "tensor_parallel_size": 2, "vocab_shard": 75968}
[36m(WorkerDict pid=3667370)[0m WARNING:2026-09-10 23:14:17,957:VERL_RESPONSE_ONLY_LM_HEAD_PROFILE {"active_ratio": 0.40219952867242736, "actual_logits_bytes": 0, "allocated_before_bytes": 25842953216, "backend": "fused", "calculate_entropy": true, "calculate_sum_pi_squared": false, "context_parallel_size": 2, "data_format": "thd", "dense_logits_bytes": 0, "dense_rows": 10184, "distillation_only": false, "elapsed_s": 0.1305556680308655, "element_size": 0, "entropy_from_logits_chunk_size": 2048, "entropy_from_logits_with_chunking": false, "event_id": 143, "logits_dtype": "none", "logits_saved_bytes": 0, "peak_allocated_bytes": 25960000512, "peak_increment_bytes": 117047296, "pipeline_parallel_size": 2, "projected_rows": 4096, "rank": 5, "response_only_enabled": true, "role": "actor", "selected_rows": 4096, "tensor_parallel_size": 2, "vocab_shard": 75968}
[36m(vLLMHttpServer pid=3670936)[0m (EngineCore pid=3671537) WARNING 09-10 23:14:25 [scheduler.py:1948] reset_connector called but no KV connector is configured.
[36m(vLLMHttpServer pid=3670937)[0m (EngineCore pid=3671530) WARNING 09-10 23:14:25 [scheduler.py:1948] reset_connector called but no KV connector is configured.
[36m(WorkerDict pid=3667365)[0m Converting to HuggingFace ━━━━━━━━━━━━━━━━━━━━━━━━━━━━━━━━━━━━━━━━ 100% 0:00:00 (291/291) Qwen3Bridge
[36m(vLLMHttpServer pid=3670936)[0m (EngineCore pid=3671537) WARNING 09-10 23:14:27 [scheduler.py:1948] reset_connector called but no KV connector is configured.
[36m(vLLMHttpServer pid=3670937)[0m (EngineCore pid=3671530) WARNING 09-10 23:14:27 [scheduler.py:1948] reset_connector called but no KV connector is configured.
[36m(vLLMHttpServer pid=3670936)[0m (EngineCore pid=3671537) WARNING 09-10 23:14:29 [scheduler.py:1948] reset_connector called but no KV connector is configured.
[36m(vLLMHttpServer pid=3670937)[0m (EngineCore pid=3671530) WARNING 09-10 23:14:29 [scheduler.py:1948] reset_connector called but no KV connector is configured.
[36m(TaskRunnerV1 pid=3666120)[0m Training Progress:  75%|███████▌  | 3/4 [04:24<01:21, 81.26s/it]
[36m(TaskRunnerV1 pid=3666120)[0m step:3 - global_seqlen/min:323496.0 - global_seqlen/max:323496.0 - global_seqlen/minmax_diff:0.0 - global_seqlen/balanced_min:323496.0 - global_seqlen/balanced_max:323496.0 - global_seqlen/mean:323496.0 - actor/entropy:0.01267644390463829 - training/rollout_probs_diff_valid:1.0 - training/rollout_probs_diff_max:0.16910213232040405 - training/rollout_probs_diff_mean:0.0005600393051281571 - training/rollout_probs_diff_std:0.0040146224200725555 - training/rollout_actor_probs_pearson_corr:0.9976773262023926 - rollout_corr/training_ppl:1.0102064609527588 - rollout_corr/training_log_ppl:0.010135934688150883 - rollout_corr/kl:0.0005976178217679262 - rollout_corr/k3_kl:3.104181814705953e-05 - rollout_corr/rollout_ppl:1.0096015930175781 - rollout_corr/rollout_log_ppl:0.009538316167891026 - rollout_corr/log_ppl_diff:0.0005976178217679262 - rollout_corr/log_ppl_abs_diff:0.0005976178217679262 - rollout_corr/log_ppl_diff_max:0.0013145096600055695 - rollout_corr/log_ppl_diff_min:0.00010249577462673187 - rollout_corr/ppl_ratio:1.0005978345870972 - rollout_corr/chi2_token:-0.0010741949081420898 - rollout_corr/chi2_seq:-0.9575679898262024 - actor/pg_clipfrac:0.0 - actor/ppo_kl:0.0 - actor/pg_clipfrac_lower:0.0 - actor/pg_loss:7.543712854385376e-08 - actor/entropy_loss:0.012676444341195747 - actor/kl_loss:0.0 - actor/kl_coef:0.001 - actor/loss:-1.259148120880127e-05 - actor/grad_norm:0.23288119584321976 - actor/perf/max_memory_allocated_gb:25.156391620635986 - actor/perf/max_memory_reserved_gb:25.45703125 - actor/perf/cpu_memory_used_gb:278.98040676116943 - actor/lr:0.0 - perf/mfu/actor:0.3023201316955019 - training/global_step:3 - training/epoch:1 - critic/score/mean:0.973810076713562 - critic/score/max:0.9984735250473022 - critic/score/min:0.9506916999816895 - critic/rewards/mean:0.973810076713562 - critic/rewards/max:0.9984735250473022 - critic/rewards/min:0.9506916999816895 - critic/advantages/mean:-1.043081283569336e-07 - critic/advantages/max:1.3374347686767578 - critic/advantages/min:-1.228617787361145 - critic/returns/mean:-1.043081283569336e-07 - critic/returns/max:1.3374347686767578 - critic/returns/min:-1.228617787361145 - response_length/mean:4096.0 - response_length/max:4096.0 - response_length/min:4096.0 - response_length/clip_ratio:1.0 - response_length_non_aborted/mean:4096.0 - response_length_non_aborted/max:4096.0 - response_length_non_aborted/min:4096.0 - response_length_non_aborted/clip_ratio:1.0 - response/aborted_ratio:0.0 - prompt_length/mean:16122.5 - prompt_length/max:16267.0 - prompt_length/min:15689.0 - prompt_length/clip_ratio:0.75 - timing_s/gen:1.5149158569984138 - timing_s/old_log_prob:9.799302619998343 - timing_s/ref:12.917717795004137 - timing_s/adv:0.1095990389585495 - timing_s/update_actor:37.7783586679725 - timing_s/update_weights:5.286857423023321 - timing_s/step:67.56548761401791 - timing_per_token_ms/adv:0.00033879565422308003 - timing_per_token_ms/ref:0.03993161521318389 - timing_per_token_ms/update_actor:0.1167815325938265 - timing_per_token_ms/gen:0.02311578150937521 - perf/total_num_tokens:323496 - perf/time_per_step:67.56548761401791 - perf/throughput:598.4860233823056 - training/num_turns/mean:np.float64(2.0) - training/num_turns/max:np.int64(2) - training/num_turns/min:np.int64(2) - training/off_policy/trajectory_spans/mean:np.float64(1.0) - training/off_policy/trajectory_spans/max:np.int64(1) - training/off_policy/trajectory_spans/min:np.int64(1) - training/off_policy/trajectory_staleness/mean:np.float64(-1.0) - training/off_policy/trajectory_staleness/max:np.int64(-1) - training/off_policy/trajectory_staleness/min:np.int64(-1) - training/off_policy/trajectory_staleness_worst/mean:np.float64(-1.0) - training/off_policy/trajectory_staleness_worst/max:np.int64(-1) - training/off_policy/trajectory_staleness_worst/min:np.int64(-1)
[36m(TaskRunnerV1 pid=3666120)[0m [RolloutTqSkip()] [33mInjected 16 cached trajectories from step 4 (4 prompts x 4) into TQ partition 'train' at current step 4[0m
[36m(WorkerDict pid=3667371)[0m WARNING:2026-09-10 23:14:33,950:VERL_RESPONSE_ONLY_LM_HEAD_PROFILE {"active_ratio": 0.0, "actual_logits_bytes": 0, "allocated_before_bytes": 4293331456, "backend": "fused", "calculate_entropy": true, "calculate_sum_pi_squared": false, "context_parallel_size": 2, "data_format": "thd", "dense_logits_bytes": 0, "dense_rows": 9896, "distillation_only": false, "elapsed_s": 0.005608922918327153, "element_size": 0, "entropy_from_logits_chunk_size": 2048, "entropy_from_logits_with_chunking": false, "event_id": 144, "logits_dtype": "none", "logits_saved_bytes": 0, "peak_allocated_bytes": 4374521344, "peak_increment_bytes": 81189888, "pipeline_parallel_size": 2, "projected_rows": 1, "rank": 6, "response_only_enabled": true, "role": "actor", "selected_rows": 0, "tensor_parallel_size": 2, "vocab_shard": 75968}
[36m(WorkerDict pid=3667372)[0m WARNING:2026-09-10 23:14:33,950:VERL_RESPONSE_ONLY_LM_HEAD_PROFILE {"active_ratio": 0.0, "actual_logits_bytes": 0, "allocated_before_bytes": 4293331456, "backend": "fused", "calculate_entropy": true, "calculate_sum_pi_squared": false, "context_parallel_size": 2, "data_format": "thd", "dense_logits_bytes": 0, "dense_rows": 9896, "distillation_only": false, "elapsed_s": 0.005576372961513698, "element_size": 0, "entropy_from_logits_chunk_size": 2048, "entropy_from_logits_with_chunking": false, "event_id": 144, "logits_dtype": "none", "logits_saved_bytes": 0, "peak_allocated_bytes": 4374521344, "peak_increment_bytes": 81189888, "pipeline_parallel_size": 2, "projected_rows": 1, "rank": 7, "response_only_enabled": true, "role": "actor", "selected_rows": 0, "tensor_parallel_size": 2, "vocab_shard": 75968}
[36m(WorkerDict pid=3667370)[0m WARNING:2026-09-10 23:14:34,075:VERL_RESPONSE_ONLY_LM_HEAD_PROFILE {"active_ratio": 0.41390460792239286, "actual_logits_bytes": 0, "allocated_before_bytes": 4293331456, "backend": "fused", "calculate_entropy": true, "calculate_sum_pi_squared": false, "context_parallel_size": 2, "data_format": "thd", "dense_logits_bytes": 0, "dense_rows": 9896, "distillation_only": false, "elapsed_s": 0.13044598803389817, "element_size": 0, "entropy_from_logits_chunk_size": 2048, "entropy_from_logits_with_chunking": false, "event_id": 144, "logits_dtype": "none", "logits_saved_bytes": 0, "peak_allocated_bytes": 4408019456, "peak_increment_bytes": 114688000, "pipeline_parallel_size": 2, "projected_rows": 4096, "rank": 5, "response_only_enabled": true, "role": "actor", "selected_rows": 4096, "tensor_parallel_size": 2, "vocab_shard": 75968}
[36m(WorkerDict pid=3667371)[0m WARNING:2026-09-10 23:14:34,374:VERL_RESPONSE_ONLY_LM_HEAD_PROFILE {"active_ratio": 0.0, "actual_logits_bytes": 0, "allocated_before_bytes": 4293491712, "backend": "fused", "calculate_entropy": true, "calculate_sum_pi_squared": false, "context_parallel_size": 2, "data_format": "thd", "dense_logits_bytes": 0, "dense_rows": 9896, "distillation_only": false, "elapsed_s": 0.0055828319163993, "element_size": 0, "entropy_from_logits_chunk_size": 2048, "entropy_from_logits_with_chunking": false, "event_id": 145, "logits_dtype": "none", "logits_saved_bytes": 0, "peak_allocated_bytes": 4374681600, "peak_increment_bytes": 81189888, "pipeline_parallel_size": 2, "projected_rows": 1, "rank": 6, "response_only_enabled": true, "role": "actor", "selected_rows": 0, "tensor_parallel_size": 2, "vocab_shard": 75968}
[36m(WorkerDict pid=3667372)[0m WARNING:2026-09-10 23:14:34,374:VERL_RESPONSE_ONLY_LM_HEAD_PROFILE {"active_ratio": 0.0, "actual_logits_bytes": 0, "allocated_before_bytes": 4293491712, "backend": "fused", "calculate_entropy": true, "calculate_sum_pi_squared": false, "context_parallel_size": 2, "data_format": "thd", "dense_logits_bytes": 0, "dense_rows": 9896, "distillation_only": false, "elapsed_s": 0.0055846720933914185, "element_size": 0, "entropy_from_logits_chunk_size": 2048, "entropy_from_logits_with_chunking": false, "event_id": 145, "logits_dtype": "none", "logits_saved_bytes": 0, "peak_allocated_bytes": 4374681600, "peak_increment_bytes": 81189888, "pipeline_parallel_size": 2, "projected_rows": 1, "rank": 7, "response_only_enabled": true, "role": "actor", "selected_rows": 0, "tensor_parallel_size": 2, "vocab_shard": 75968}
[36m(WorkerDict pid=3667370)[0m WARNING:2026-09-10 23:14:34,500:VERL_RESPONSE_ONLY_LM_HEAD_PROFILE {"active_ratio": 0.41390460792239286, "actual_logits_bytes": 0, "allocated_before_bytes": 4293491712, "backend": "fused", "calculate_entropy": true, "calculate_sum_pi_squared": false, "context_parallel_size": 2, "data_format": "thd", "dense_logits_bytes": 0, "dense_rows": 9896, "distillation_only": false, "elapsed_s": 0.13086663791909814, "element_size": 0, "entropy_from_logits_chunk_size": 2048, "entropy_from_logits_with_chunking": false, "event_id": 145, "logits_dtype": "none", "logits_saved_bytes": 0, "peak_allocated_bytes": 4408179712, "peak_increment_bytes": 114688000, "pipeline_parallel_size": 2, "projected_rows": 4096, "rank": 5, "response_only_enabled": true, "role": "actor", "selected_rows": 4096, "tensor_parallel_size": 2, "vocab_shard": 75968}
[36m(WorkerDict pid=3667371)[0m WARNING:2026-09-10 23:14:34,798:VERL_RESPONSE_ONLY_LM_HEAD_PROFILE {"active_ratio": 0.0, "actual_logits_bytes": 0, "allocated_before_bytes": 4293651456, "backend": "fused", "calculate_entropy": true, "calculate_sum_pi_squared": false, "context_parallel_size": 2, "data_format": "thd", "dense_logits_bytes": 0, "dense_rows": 9896, "distillation_only": false, "elapsed_s": 0.005597032024525106, "element_size": 0, "entropy_from_logits_chunk_size": 2048, "entropy_from_logits_with_chunking": false, "event_id": 146, "logits_dtype": "none", "logits_saved_bytes": 0, "peak_allocated_bytes": 4374841344, "peak_increment_bytes": 81189888, "pipeline_parallel_size": 2, "projected_rows": 1, "rank": 6, "response_only_enabled": true, "role": "actor", "selected_rows": 0, "tensor_parallel_size": 2, "vocab_shard": 75968}
[36m(WorkerDict pid=3667372)[0m WARNING:2026-09-10 23:14:34,798:VERL_RESPONSE_ONLY_LM_HEAD_PROFILE {"active_ratio": 0.0, "actual_logits_bytes": 0, "allocated_before_bytes": 4293651456, "backend": "fused", "calculate_entropy": true, "calculate_sum_pi_squared": false, "context_parallel_size": 2, "data_format": "thd", "dense_logits_bytes": 0, "dense_rows": 9896, "distillation_only": false, "elapsed_s": 0.005592931993305683, "element_size": 0, "entropy_from_logits_chunk_size": 2048, "entropy_from_logits_with_chunking": false, "event_id": 146, "logits_dtype": "none", "logits_saved_bytes": 0, "peak_allocated_bytes": 4374841344, "peak_increment_bytes": 81189888, "pipeline_parallel_size": 2, "projected_rows": 1, "rank": 7, "response_only_enabled": true, "role": "actor", "selected_rows": 0, "tensor_parallel_size": 2, "vocab_shard": 75968}
[36m(WorkerDict pid=3667370)[0m WARNING:2026-09-10 23:14:34,925:VERL_RESPONSE_ONLY_LM_HEAD_PROFILE {"active_ratio": 0.41390460792239286, "actual_logits_bytes": 0, "allocated_before_bytes": 4293651456, "backend": "fused", "calculate_entropy": true, "calculate_sum_pi_squared": false, "context_parallel_size": 2, "data_format": "thd", "dense_logits_bytes": 0, "dense_rows": 9896, "distillation_only": false, "elapsed_s": 0.13272080896422267, "element_size": 0, "entropy_from_logits_chunk_size": 2048, "entropy_from_logits_with_chunking": false, "event_id": 146, "logits_dtype": "none", "logits_saved_bytes": 0, "peak_allocated_bytes": 4408339456, "peak_increment_bytes": 114688000, "pipeline_parallel_size": 2, "projected_rows": 4096, "rank": 5, "response_only_enabled": true, "role": "actor", "selected_rows": 4096, "tensor_parallel_size": 2, "vocab_shard": 75968}
[36m(WorkerDict pid=3667371)[0m WARNING:2026-09-10 23:14:35,223:VERL_RESPONSE_ONLY_LM_HEAD_PROFILE {"active_ratio": 0.0, "actual_logits_bytes": 0, "allocated_before_bytes": 4293811200, "backend": "fused", "calculate_entropy": true, "calculate_sum_pi_squared": false, "context_parallel_size": 2, "data_format": "thd", "dense_logits_bytes": 0, "dense_rows": 9896, "distillation_only": false, "elapsed_s": 0.005583552992902696, "element_size": 0, "entropy_from_logits_chunk_size": 2048, "entropy_from_logits_with_chunking": false, "event_id": 147, "logits_dtype": "none", "logits_saved_bytes": 0, "peak_allocated_bytes": 4375001088, "peak_increment_bytes": 81189888, "pipeline_parallel_size": 2, "projected_rows": 1, "rank": 6, "response_only_enabled": true, "role": "actor", "selected_rows": 0, "tensor_parallel_size": 2, "vocab_shard": 75968}
[36m(WorkerDict pid=3667372)[0m WARNING:2026-09-10 23:14:35,223:VERL_RESPONSE_ONLY_LM_HEAD_PROFILE {"active_ratio": 0.0, "actual_logits_bytes": 0, "allocated_before_bytes": 4293811200, "backend": "fused", "calculate_entropy": true, "calculate_sum_pi_squared": false, "context_parallel_size": 2, "data_format": "thd", "dense_logits_bytes": 0, "dense_rows": 9896, "distillation_only": false, "elapsed_s": 0.0055747329024598, "element_size": 0, "entropy_from_logits_chunk_size": 2048, "entropy_from_logits_with_chunking": false, "event_id": 147, "logits_dtype": "none", "logits_saved_bytes": 0, "peak_allocated_bytes": 4375001088, "peak_increment_bytes": 81189888, "pipeline_parallel_size": 2, "projected_rows": 1, "rank": 7, "response_only_enabled": true, "role": "actor", "selected_rows": 0, "tensor_parallel_size": 2, "vocab_shard": 75968}
[36m(WorkerDict pid=3667370)[0m WARNING:2026-09-10 23:14:35,349:VERL_RESPONSE_ONLY_LM_HEAD_PROFILE {"active_ratio": 0.41390460792239286, "actual_logits_bytes": 0, "allocated_before_bytes": 4293811200, "backend": "fused", "calculate_entropy": true, "calculate_sum_pi_squared": false, "context_parallel_size": 2, "data_format": "thd", "dense_logits_bytes": 0, "dense_rows": 9896, "distillation_only": false, "elapsed_s": 0.13106602896004915, "element_size": 0, "entropy_from_logits_chunk_size": 2048, "entropy_from_logits_with_chunking": false, "event_id": 147, "logits_dtype": "none", "logits_saved_bytes": 0, "peak_allocated_bytes": 4408499200, "peak_increment_bytes": 114688000, "pipeline_parallel_size": 2, "projected_rows": 4096, "rank": 5, "response_only_enabled": true, "role": "actor", "selected_rows": 4096, "tensor_parallel_size": 2, "vocab_shard": 75968}
[36m(WorkerDict pid=3667371)[0m WARNING:2026-09-10 23:14:35,648:VERL_RESPONSE_ONLY_LM_HEAD_PROFILE {"active_ratio": 0.0, "actual_logits_bytes": 0, "allocated_before_bytes": 4293903360, "backend": "fused", "calculate_entropy": true, "calculate_sum_pi_squared": false, "context_parallel_size": 2, "data_format": "thd", "dense_logits_bytes": 0, "dense_rows": 9888, "distillation_only": false, "elapsed_s": 0.005577262956649065, "element_size": 0, "entropy_from_logits_chunk_size": 2048, "entropy_from_logits_with_chunking": false, "event_id": 148, "logits_dtype": "none", "logits_saved_bytes": 0, "peak_allocated_bytes": 4375027712, "peak_increment_bytes": 81124352, "pipeline_parallel_size": 2, "projected_rows": 1, "rank": 6, "response_only_enabled": true, "role": "actor", "selected_rows": 0, "tensor_parallel_size": 2, "vocab_shard": 75968}
[36m(WorkerDict pid=3667372)[0m WARNING:2026-09-10 23:14:35,648:VERL_RESPONSE_ONLY_LM_HEAD_PROFILE {"active_ratio": 0.0, "actual_logits_bytes": 0, "allocated_before_bytes": 4293903360, "backend": "fused", "calculate_entropy": true, "calculate_sum_pi_squared": false, "context_parallel_size": 2, "data_format": "thd", "dense_logits_bytes": 0, "dense_rows": 9888, "distillation_only": false, "elapsed_s": 0.005554112954996526, "element_size": 0, "entropy_from_logits_chunk_size": 2048, "entropy_from_logits_with_chunking": false, "event_id": 148, "logits_dtype": "none", "logits_saved_bytes": 0, "peak_allocated_bytes": 4375027712, "peak_increment_bytes": 81124352, "pipeline_parallel_size": 2, "projected_rows": 1, "rank": 7, "response_only_enabled": true, "role": "actor", "selected_rows": 0, "tensor_parallel_size": 2, "vocab_shard": 75968}
[36m(WorkerDict pid=3667370)[0m WARNING:2026-09-10 23:14:35,774:VERL_RESPONSE_ONLY_LM_HEAD_PROFILE {"active_ratio": 0.41423948220064727, "actual_logits_bytes": 0, "allocated_before_bytes": 4293903360, "backend": "fused", "calculate_entropy": true, "calculate_sum_pi_squared": false, "context_parallel_size": 2, "data_format": "thd", "dense_logits_bytes": 0, "dense_rows": 9888, "distillation_only": false, "elapsed_s": 0.13080479891505092, "element_size": 0, "entropy_from_logits_chunk_size": 2048, "entropy_from_logits_with_chunking": false, "event_id": 148, "logits_dtype": "none", "logits_saved_bytes": 0, "peak_allocated_bytes": 4408525824, "peak_increment_bytes": 114622464, "pipeline_parallel_size": 2, "projected_rows": 4096, "rank": 5, "response_only_enabled": true, "role": "actor", "selected_rows": 4096, "tensor_parallel_size": 2, "vocab_shard": 75968}
[36m(WorkerDict pid=3667371)[0m WARNING:2026-09-10 23:14:36,071:VERL_RESPONSE_ONLY_LM_HEAD_PROFILE {"active_ratio": 0.0, "actual_logits_bytes": 0, "allocated_before_bytes": 4294063104, "backend": "fused", "calculate_entropy": true, "calculate_sum_pi_squared": false, "context_parallel_size": 2, "data_format": "thd", "dense_logits_bytes": 0, "dense_rows": 9888, "distillation_only": false, "elapsed_s": 0.005603293073363602, "element_size": 0, "entropy_from_logits_chunk_size": 2048, "entropy_from_logits_with_chunking": false, "event_id": 149, "logits_dtype": "none", "logits_saved_bytes": 0, "peak_allocated_bytes": 4375187456, "peak_increment_bytes": 81124352, "pipeline_parallel_size": 2, "projected_rows": 1, "rank": 6, "response_only_enabled": true, "role": "actor", "selected_rows": 0, "tensor_parallel_size": 2, "vocab_shard": 75968}
[36m(WorkerDict pid=3667372)[0m WARNING:2026-09-10 23:14:36,071:VERL_RESPONSE_ONLY_LM_HEAD_PROFILE {"active_ratio": 0.0, "actual_logits_bytes": 0, "allocated_before_bytes": 4294063104, "backend": "fused", "calculate_entropy": true, "calculate_sum_pi_squared": false, "context_parallel_size": 2, "data_format": "thd", "dense_logits_bytes": 0, "dense_rows": 9888, "distillation_only": false, "elapsed_s": 0.005626993020996451, "element_size": 0, "entropy_from_logits_chunk_size": 2048, "entropy_from_logits_with_chunking": false, "event_id": 149, "logits_dtype": "none", "logits_saved_bytes": 0, "peak_allocated_bytes": 4375187456, "peak_increment_bytes": 81124352, "pipeline_parallel_size": 2, "projected_rows": 1, "rank": 7, "response_only_enabled": true, "role": "actor", "selected_rows": 0, "tensor_parallel_size": 2, "vocab_shard": 75968}
[36m(WorkerDict pid=3667370)[0m WARNING:2026-09-10 23:14:36,196:VERL_RESPONSE_ONLY_LM_HEAD_PROFILE {"active_ratio": 0.41423948220064727, "actual_logits_bytes": 0, "allocated_before_bytes": 4294063104, "backend": "fused", "calculate_entropy": true, "calculate_sum_pi_squared": false, "context_parallel_size": 2, "data_format": "thd", "dense_logits_bytes": 0, "dense_rows": 9888, "distillation_only": false, "elapsed_s": 0.13040196907240897, "element_size": 0, "entropy_from_logits_chunk_size": 2048, "entropy_from_logits_with_chunking": false, "event_id": 149, "logits_dtype": "none", "logits_saved_bytes": 0, "peak_allocated_bytes": 4408685568, "peak_increment_bytes": 114622464, "pipeline_parallel_size": 2, "projected_rows": 4096, "rank": 5, "response_only_enabled": true, "role": "actor", "selected_rows": 4096, "tensor_parallel_size": 2, "vocab_shard": 75968}
[36m(WorkerDict pid=3667371)[0m WARNING:2026-09-10 23:14:36,494:VERL_RESPONSE_ONLY_LM_HEAD_PROFILE {"active_ratio": 0.0, "actual_logits_bytes": 0, "allocated_before_bytes": 4294222848, "backend": "fused", "calculate_entropy": true, "calculate_sum_pi_squared": false, "context_parallel_size": 2, "data_format": "thd", "dense_logits_bytes": 0, "dense_rows": 9888, "distillation_only": false, "elapsed_s": 0.005599371972493827, "element_size": 0, "entropy_from_logits_chunk_size": 2048, "entropy_from_logits_with_chunking": false, "event_id": 150, "logits_dtype": "none", "logits_saved_bytes": 0, "peak_allocated_bytes": 4375347200, "peak_increment_bytes": 81124352, "pipeline_parallel_size": 2, "projected_rows": 1, "rank": 6, "response_only_enabled": true, "role": "actor", "selected_rows": 0, "tensor_parallel_size": 2, "vocab_shard": 75968}
[36m(WorkerDict pid=3667372)[0m WARNING:2026-09-10 23:14:36,494:VERL_RESPONSE_ONLY_LM_HEAD_PROFILE {"active_ratio": 0.0, "actual_logits_bytes": 0, "allocated_before_bytes": 4294222848, "backend": "fused", "calculate_entropy": true, "calculate_sum_pi_squared": false, "context_parallel_size": 2, "data_format": "thd", "dense_logits_bytes": 0, "dense_rows": 9888, "distillation_only": false, "elapsed_s": 0.005571351968683302, "element_size": 0, "entropy_from_logits_chunk_size": 2048, "entropy_from_logits_with_chunking": false, "event_id": 150, "logits_dtype": "none", "logits_saved_bytes": 0, "peak_allocated_bytes": 4375347200, "peak_increment_bytes": 81124352, "pipeline_parallel_size": 2, "projected_rows": 1, "rank": 7, "response_only_enabled": true, "role": "actor", "selected_rows": 0, "tensor_parallel_size": 2, "vocab_shard": 75968}
[36m(WorkerDict pid=3667370)[0m WARNING:2026-09-10 23:14:36,619:VERL_RESPONSE_ONLY_LM_HEAD_PROFILE {"active_ratio": 0.41423948220064727, "actual_logits_bytes": 0, "allocated_before_bytes": 4294222848, "backend": "fused", "calculate_entropy": true, "calculate_sum_pi_squared": false, "context_parallel_size": 2, "data_format": "thd", "dense_logits_bytes": 0, "dense_rows": 9888, "distillation_only": false, "elapsed_s": 0.13042066898196936, "element_size": 0, "entropy_from_logits_chunk_size": 2048, "entropy_from_logits_with_chunking": false, "event_id": 150, "logits_dtype": "none", "logits_saved_bytes": 0, "peak_allocated_bytes": 4408845312, "peak_increment_bytes": 114622464, "pipeline_parallel_size": 2, "projected_rows": 4096, "rank": 5, "response_only_enabled": true, "role": "actor", "selected_rows": 4096, "tensor_parallel_size": 2, "vocab_shard": 75968}
[36m(WorkerDict pid=3667371)[0m WARNING:2026-09-10 23:14:36,918:VERL_RESPONSE_ONLY_LM_HEAD_PROFILE {"active_ratio": 0.0, "actual_logits_bytes": 0, "allocated_before_bytes": 4294382592, "backend": "fused", "calculate_entropy": true, "calculate_sum_pi_squared": false, "context_parallel_size": 2, "data_format": "thd", "dense_logits_bytes": 0, "dense_rows": 9888, "distillation_only": false, "elapsed_s": 0.005651533021591604, "element_size": 0, "entropy_from_logits_chunk_size": 2048, "entropy_from_logits_with_chunking": false, "event_id": 151, "logits_dtype": "none", "logits_saved_bytes": 0, "peak_allocated_bytes": 4375506944, "peak_increment_bytes": 81124352, "pipeline_parallel_size": 2, "projected_rows": 1, "rank": 6, "response_only_enabled": true, "role": "actor", "selected_rows": 0, "tensor_parallel_size": 2, "vocab_shard": 75968}
[36m(WorkerDict pid=3667372)[0m WARNING:2026-09-10 23:14:36,918:VERL_RESPONSE_ONLY_LM_HEAD_PROFILE {"active_ratio": 0.0, "actual_logits_bytes": 0, "allocated_before_bytes": 4294382592, "backend": "fused", "calculate_entropy": true, "calculate_sum_pi_squared": false, "context_parallel_size": 2, "data_format": "thd", "dense_logits_bytes": 0, "dense_rows": 9888, "distillation_only": false, "elapsed_s": 0.00559648300986737, "element_size": 0, "entropy_from_logits_chunk_size": 2048, "entropy_from_logits_with_chunking": false, "event_id": 151, "logits_dtype": "none", "logits_saved_bytes": 0, "peak_allocated_bytes": 4375506944, "peak_increment_bytes": 81124352, "pipeline_parallel_size": 2, "projected_rows": 1, "rank": 7, "response_only_enabled": true, "role": "actor", "selected_rows": 0, "tensor_parallel_size": 2, "vocab_shard": 75968}
[36m(WorkerDict pid=3667370)[0m WARNING:2026-09-10 23:14:37,043:VERL_RESPONSE_ONLY_LM_HEAD_PROFILE {"active_ratio": 0.41423948220064727, "actual_logits_bytes": 0, "allocated_before_bytes": 4294382592, "backend": "fused", "calculate_entropy": true, "calculate_sum_pi_squared": false, "context_parallel_size": 2, "data_format": "thd", "dense_logits_bytes": 0, "dense_rows": 9888, "distillation_only": false, "elapsed_s": 0.13052935793530196, "element_size": 0, "entropy_from_logits_chunk_size": 2048, "entropy_from_logits_with_chunking": false, "event_id": 151, "logits_dtype": "none", "logits_saved_bytes": 0, "peak_allocated_bytes": 4409005056, "peak_increment_bytes": 114622464, "pipeline_parallel_size": 2, "projected_rows": 4096, "rank": 5, "response_only_enabled": true, "role": "actor", "selected_rows": 4096, "tensor_parallel_size": 2, "vocab_shard": 75968}
[36m(WorkerDict pid=3667371)[0m WARNING:2026-09-10 23:14:37,342:VERL_RESPONSE_ONLY_LM_HEAD_PROFILE {"active_ratio": 0.0, "actual_logits_bytes": 0, "allocated_before_bytes": 4294542336, "backend": "fused", "calculate_entropy": true, "calculate_sum_pi_squared": false, "context_parallel_size": 2, "data_format": "thd", "dense_logits_bytes": 0, "dense_rows": 9888, "distillation_only": false, "elapsed_s": 0.0056244529550895095, "element_size": 0, "entropy_from_logits_chunk_size": 2048, "entropy_from_logits_with_chunking": false, "event_id": 152, "logits_dtype": "none", "logits_saved_bytes": 0, "peak_allocated_bytes": 4375666688, "peak_increment_bytes": 81124352, "pipeline_parallel_size": 2, "projected_rows": 1, "rank": 6, "response_only_enabled": true, "role": "actor", "selected_rows": 0, "tensor_parallel_size": 2, "vocab_shard": 75968}
[36m(WorkerDict pid=3667372)[0m WARNING:2026-09-10 23:14:37,342:VERL_RESPONSE_ONLY_LM_HEAD_PROFILE {"active_ratio": 0.0, "actual_logits_bytes": 0, "allocated_before_bytes": 4294542336, "backend": "fused", "calculate_entropy": true, "calculate_sum_pi_squared": false, "context_parallel_size": 2, "data_format": "thd", "dense_logits_bytes": 0, "dense_rows": 9888, "distillation_only": false, "elapsed_s": 0.005616793059743941, "element_size": 0, "entropy_from_logits_chunk_size": 2048, "entropy_from_logits_with_chunking": false, "event_id": 152, "logits_dtype": "none", "logits_saved_bytes": 0, "peak_allocated_bytes": 4375666688, "peak_increment_bytes": 81124352, "pipeline_parallel_size": 2, "projected_rows": 1, "rank": 7, "response_only_enabled": true, "role": "actor", "selected_rows": 0, "tensor_parallel_size": 2, "vocab_shard": 75968}
[36m(WorkerDict pid=3667370)[0m WARNING:2026-09-10 23:14:37,467:VERL_RESPONSE_ONLY_LM_HEAD_PROFILE {"active_ratio": 0.41423948220064727, "actual_logits_bytes": 0, "allocated_before_bytes": 4294542336, "backend": "fused", "calculate_entropy": true, "calculate_sum_pi_squared": false, "context_parallel_size": 2, "data_format": "thd", "dense_logits_bytes": 0, "dense_rows": 9888, "distillation_only": false, "elapsed_s": 0.13032266893424094, "element_size": 0, "entropy_from_logits_chunk_size": 2048, "entropy_from_logits_with_chunking": false, "event_id": 152, "logits_dtype": "none", "logits_saved_bytes": 0, "peak_allocated_bytes": 4409164800, "peak_increment_bytes": 114622464, "pipeline_parallel_size": 2, "projected_rows": 4096, "rank": 5, "response_only_enabled": true, "role": "actor", "selected_rows": 4096, "tensor_parallel_size": 2, "vocab_shard": 75968}
[36m(WorkerDict pid=3667371)[0m WARNING:2026-09-10 23:14:37,772:VERL_RESPONSE_ONLY_LM_HEAD_PROFILE {"active_ratio": 0.0, "actual_logits_bytes": 0, "allocated_before_bytes": 4294702080, "backend": "fused", "calculate_entropy": true, "calculate_sum_pi_squared": false, "context_parallel_size": 2, "data_format": "thd", "dense_logits_bytes": 0, "dense_rows": 9888, "distillation_only": false, "elapsed_s": 0.005580422002822161, "element_size": 0, "entropy_from_logits_chunk_size": 2048, "entropy_from_logits_with_chunking": false, "event_id": 153, "logits_dtype": "none", "logits_saved_bytes": 0, "peak_allocated_bytes": 4375826432, "peak_increment_bytes": 81124352, "pipeline_parallel_size": 2, "projected_rows": 1, "rank": 6, "response_only_enabled": true, "role": "actor", "selected_rows": 0, "tensor_parallel_size": 2, "vocab_shard": 75968}
[36m(WorkerDict pid=3667372)[0m WARNING:2026-09-10 23:14:37,772:VERL_RESPONSE_ONLY_LM_HEAD_PROFILE {"active_ratio": 0.0, "actual_logits_bytes": 0, "allocated_before_bytes": 4294702080, "backend": "fused", "calculate_entropy": true, "calculate_sum_pi_squared": false, "context_parallel_size": 2, "data_format": "thd", "dense_logits_bytes": 0, "dense_rows": 9888, "distillation_only": false, "elapsed_s": 0.0055517920991405845, "element_size": 0, "entropy_from_logits_chunk_size": 2048, "entropy_from_logits_with_chunking": false, "event_id": 153, "logits_dtype": "none", "logits_saved_bytes": 0, "peak_allocated_bytes": 4375826432, "peak_increment_bytes": 81124352, "pipeline_parallel_size": 2, "projected_rows": 1, "rank": 7, "response_only_enabled": true, "role": "actor", "selected_rows": 0, "tensor_parallel_size": 2, "vocab_shard": 75968}
[36m(WorkerDict pid=3667370)[0m WARNING:2026-09-10 23:14:37,899:VERL_RESPONSE_ONLY_LM_HEAD_PROFILE {"active_ratio": 0.41423948220064727, "actual_logits_bytes": 0, "allocated_before_bytes": 4294702080, "backend": "fused", "calculate_entropy": true, "calculate_sum_pi_squared": false, "context_parallel_size": 2, "data_format": "thd", "dense_logits_bytes": 0, "dense_rows": 9888, "distillation_only": false, "elapsed_s": 0.13190298900008202, "element_size": 0, "entropy_from_logits_chunk_size": 2048, "entropy_from_logits_with_chunking": false, "event_id": 153, "logits_dtype": "none", "logits_saved_bytes": 0, "peak_allocated_bytes": 4409324544, "peak_increment_bytes": 114622464, "pipeline_parallel_size": 2, "projected_rows": 4096, "rank": 5, "response_only_enabled": true, "role": "actor", "selected_rows": 4096, "tensor_parallel_size": 2, "vocab_shard": 75968}
[36m(WorkerDict pid=3667371)[0m WARNING:2026-09-10 23:14:38,197:VERL_RESPONSE_ONLY_LM_HEAD_PROFILE {"active_ratio": 0.0, "actual_logits_bytes": 0, "allocated_before_bytes": 4294861824, "backend": "fused", "calculate_entropy": true, "calculate_sum_pi_squared": false, "context_parallel_size": 2, "data_format": "thd", "dense_logits_bytes": 0, "dense_rows": 9888, "distillation_only": false, "elapsed_s": 0.00554393301717937, "element_size": 0, "entropy_from_logits_chunk_size": 2048, "entropy_from_logits_with_chunking": false, "event_id": 154, "logits_dtype": "none", "logits_saved_bytes": 0, "peak_allocated_bytes": 4375986176, "peak_increment_bytes": 81124352, "pipeline_parallel_size": 2, "projected_rows": 1, "rank": 6, "response_only_enabled": true, "role": "actor", "selected_rows": 0, "tensor_parallel_size": 2, "vocab_shard": 75968}
[36m(WorkerDict pid=3667372)[0m WARNING:2026-09-10 23:14:38,197:VERL_RESPONSE_ONLY_LM_HEAD_PROFILE {"active_ratio": 0.0, "actual_logits_bytes": 0, "allocated_before_bytes": 4294861824, "backend": "fused", "calculate_entropy": true, "calculate_sum_pi_squared": false, "context_parallel_size": 2, "data_format": "thd", "dense_logits_bytes": 0, "dense_rows": 9888, "distillation_only": false, "elapsed_s": 0.005551913054659963, "element_size": 0, "entropy_from_logits_chunk_size": 2048, "entropy_from_logits_with_chunking": false, "event_id": 154, "logits_dtype": "none", "logits_saved_bytes": 0, "peak_allocated_bytes": 4375986176, "peak_increment_bytes": 81124352, "pipeline_parallel_size": 2, "projected_rows": 1, "rank": 7, "response_only_enabled": true, "role": "actor", "selected_rows": 0, "tensor_parallel_size": 2, "vocab_shard": 75968}
[36m(WorkerDict pid=3667370)[0m WARNING:2026-09-10 23:14:38,323:VERL_RESPONSE_ONLY_LM_HEAD_PROFILE {"active_ratio": 0.41423948220064727, "actual_logits_bytes": 0, "allocated_before_bytes": 4294861824, "backend": "fused", "calculate_entropy": true, "calculate_sum_pi_squared": false, "context_parallel_size": 2, "data_format": "thd", "dense_logits_bytes": 0, "dense_rows": 9888, "distillation_only": false, "elapsed_s": 0.13081687793601304, "element_size": 0, "entropy_from_logits_chunk_size": 2048, "entropy_from_logits_with_chunking": false, "event_id": 154, "logits_dtype": "none", "logits_saved_bytes": 0, "peak_allocated_bytes": 4409484288, "peak_increment_bytes": 114622464, "pipeline_parallel_size": 2, "projected_rows": 4096, "rank": 5, "response_only_enabled": true, "role": "actor", "selected_rows": 4096, "tensor_parallel_size": 2, "vocab_shard": 75968}
[36m(WorkerDict pid=3667371)[0m WARNING:2026-09-10 23:14:38,657:VERL_RESPONSE_ONLY_LM_HEAD_PROFILE {"active_ratio": 0.0, "actual_logits_bytes": 0, "allocated_before_bytes": 4295021568, "backend": "fused", "calculate_entropy": true, "calculate_sum_pi_squared": false, "context_parallel_size": 2, "data_format": "thd", "dense_logits_bytes": 0, "dense_rows": 9888, "distillation_only": false, "elapsed_s": 0.00559420301578939, "element_size": 0, "entropy_from_logits_chunk_size": 2048, "entropy_from_logits_with_chunking": false, "event_id": 155, "logits_dtype": "none", "logits_saved_bytes": 0, "peak_allocated_bytes": 4376145920, "peak_increment_bytes": 81124352, "pipeline_parallel_size": 2, "projected_rows": 1, "rank": 6, "response_only_enabled": true, "role": "actor", "selected_rows": 0, "tensor_parallel_size": 2, "vocab_shard": 75968}
[36m(WorkerDict pid=3667372)[0m WARNING:2026-09-10 23:14:38,657:VERL_RESPONSE_ONLY_LM_HEAD_PROFILE {"active_ratio": 0.0, "actual_logits_bytes": 0, "allocated_before_bytes": 4295021568, "backend": "fused", "calculate_entropy": true, "calculate_sum_pi_squared": false, "context_parallel_size": 2, "data_format": "thd", "dense_logits_bytes": 0, "dense_rows": 9888, "distillation_only": false, "elapsed_s": 0.005582973011769354, "element_size": 0, "entropy_from_logits_chunk_size": 2048, "entropy_from_logits_with_chunking": false, "event_id": 155, "logits_dtype": "none", "logits_saved_bytes": 0, "peak_allocated_bytes": 4376145920, "peak_increment_bytes": 81124352, "pipeline_parallel_size": 2, "projected_rows": 1, "rank": 7, "response_only_enabled": true, "role": "actor", "selected_rows": 0, "tensor_parallel_size": 2, "vocab_shard": 75968}
[36m(WorkerDict pid=3667370)[0m WARNING:2026-09-10 23:14:38,784:VERL_RESPONSE_ONLY_LM_HEAD_PROFILE {"active_ratio": 0.41423948220064727, "actual_logits_bytes": 0, "allocated_before_bytes": 4295021568, "backend": "fused", "calculate_entropy": true, "calculate_sum_pi_squared": false, "context_parallel_size": 2, "data_format": "thd", "dense_logits_bytes": 0, "dense_rows": 9888, "distillation_only": false, "elapsed_s": 0.13253688893746585, "element_size": 0, "entropy_from_logits_chunk_size": 2048, "entropy_from_logits_with_chunking": false, "event_id": 155, "logits_dtype": "none", "logits_saved_bytes": 0, "peak_allocated_bytes": 4409644032, "peak_increment_bytes": 114622464, "pipeline_parallel_size": 2, "projected_rows": 4096, "rank": 5, "response_only_enabled": true, "role": "actor", "selected_rows": 4096, "tensor_parallel_size": 2, "vocab_shard": 75968}
[36m(WorkerDict pid=3667371)[0m WARNING:2026-09-10 23:14:39,084:VERL_RESPONSE_ONLY_LM_HEAD_PROFILE {"active_ratio": 0.0, "actual_logits_bytes": 0, "allocated_before_bytes": 4295248896, "backend": "fused", "calculate_entropy": true, "calculate_sum_pi_squared": false, "context_parallel_size": 2, "data_format": "thd", "dense_logits_bytes": 0, "dense_rows": 9896, "distillation_only": false, "elapsed_s": 0.005606281920336187, "element_size": 0, "entropy_from_logits_chunk_size": 2048, "entropy_from_logits_with_chunking": false, "event_id": 156, "logits_dtype": "none", "logits_saved_bytes": 0, "peak_allocated_bytes": 4376438784, "peak_increment_bytes": 81189888, "pipeline_parallel_size": 2, "projected_rows": 1, "rank": 6, "response_only_enabled": true, "role": "actor", "selected_rows": 0, "tensor_parallel_size": 2, "vocab_shard": 75968}
[36m(WorkerDict pid=3667372)[0m WARNING:2026-09-10 23:14:39,084:VERL_RESPONSE_ONLY_LM_HEAD_PROFILE {"active_ratio": 0.0, "actual_logits_bytes": 0, "allocated_before_bytes": 4295248896, "backend": "fused", "calculate_entropy": true, "calculate_sum_pi_squared": false, "context_parallel_size": 2, "data_format": "thd", "dense_logits_bytes": 0, "dense_rows": 9896, "distillation_only": false, "elapsed_s": 0.005628032027743757, "element_size": 0, "entropy_from_logits_chunk_size": 2048, "entropy_from_logits_with_chunking": false, "event_id": 156, "logits_dtype": "none", "logits_saved_bytes": 0, "peak_allocated_bytes": 4376438784, "peak_increment_bytes": 81189888, "pipeline_parallel_size": 2, "projected_rows": 1, "rank": 7, "response_only_enabled": true, "role": "actor", "selected_rows": 0, "tensor_parallel_size": 2, "vocab_shard": 75968}
[36m(WorkerDict pid=3667370)[0m WARNING:2026-09-10 23:14:39,210:VERL_RESPONSE_ONLY_LM_HEAD_PROFILE {"active_ratio": 0.41390460792239286, "actual_logits_bytes": 0, "allocated_before_bytes": 4295248896, "backend": "fused", "calculate_entropy": true, "calculate_sum_pi_squared": false, "context_parallel_size": 2, "data_format": "thd", "dense_logits_bytes": 0, "dense_rows": 9896, "distillation_only": false, "elapsed_s": 0.13053526903968304, "element_size": 0, "entropy_from_logits_chunk_size": 2048, "entropy_from_logits_with_chunking": false, "event_id": 156, "logits_dtype": "none", "logits_saved_bytes": 0, "peak_allocated_bytes": 4409936896, "peak_increment_bytes": 114688000, "pipeline_parallel_size": 2, "projected_rows": 4096, "rank": 5, "response_only_enabled": true, "role": "actor", "selected_rows": 4096, "tensor_parallel_size": 2, "vocab_shard": 75968}
[36m(WorkerDict pid=3667371)[0m WARNING:2026-09-10 23:14:39,508:VERL_RESPONSE_ONLY_LM_HEAD_PROFILE {"active_ratio": 0.0, "actual_logits_bytes": 0, "allocated_before_bytes": 4295408640, "backend": "fused", "calculate_entropy": true, "calculate_sum_pi_squared": false, "context_parallel_size": 2, "data_format": "thd", "dense_logits_bytes": 0, "dense_rows": 9896, "distillation_only": false, "elapsed_s": 0.005564793013036251, "element_size": 0, "entropy_from_logits_chunk_size": 2048, "entropy_from_logits_with_chunking": false, "event_id": 157, "logits_dtype": "none", "logits_saved_bytes": 0, "peak_allocated_bytes": 4376598528, "peak_increment_bytes": 81189888, "pipeline_parallel_size": 2, "projected_rows": 1, "rank": 6, "response_only_enabled": true, "role": "actor", "selected_rows": 0, "tensor_parallel_size": 2, "vocab_shard": 75968}
[36m(WorkerDict pid=3667372)[0m WARNING:2026-09-10 23:14:39,508:VERL_RESPONSE_ONLY_LM_HEAD_PROFILE {"active_ratio": 0.0, "actual_logits_bytes": 0, "allocated_before_bytes": 4295408640, "backend": "fused", "calculate_entropy": true, "calculate_sum_pi_squared": false, "context_parallel_size": 2, "data_format": "thd", "dense_logits_bytes": 0, "dense_rows": 9896, "distillation_only": false, "elapsed_s": 0.005560993100516498, "element_size": 0, "entropy_from_logits_chunk_size": 2048, "entropy_from_logits_with_chunking": false, "event_id": 157, "logits_dtype": "none", "logits_saved_bytes": 0, "peak_allocated_bytes": 4376598528, "peak_increment_bytes": 81189888, "pipeline_parallel_size": 2, "projected_rows": 1, "rank": 7, "response_only_enabled": true, "role": "actor", "selected_rows": 0, "tensor_parallel_size": 2, "vocab_shard": 75968}
[36m(WorkerDict pid=3667370)[0m WARNING:2026-09-10 23:14:39,634:VERL_RESPONSE_ONLY_LM_HEAD_PROFILE {"active_ratio": 0.41390460792239286, "actual_logits_bytes": 0, "allocated_before_bytes": 4295408640, "backend": "fused", "calculate_entropy": true, "calculate_sum_pi_squared": false, "context_parallel_size": 2, "data_format": "thd", "dense_logits_bytes": 0, "dense_rows": 9896, "distillation_only": false, "elapsed_s": 0.1309104779502377, "element_size": 0, "entropy_from_logits_chunk_size": 2048, "entropy_from_logits_with_chunking": false, "event_id": 157, "logits_dtype": "none", "logits_saved_bytes": 0, "peak_allocated_bytes": 4410096640, "peak_increment_bytes": 114688000, "pipeline_parallel_size": 2, "projected_rows": 4096, "rank": 5, "response_only_enabled": true, "role": "actor", "selected_rows": 4096, "tensor_parallel_size": 2, "vocab_shard": 75968}
[36m(WorkerDict pid=3667371)[0m WARNING:2026-09-10 23:14:39,931:VERL_RESPONSE_ONLY_LM_HEAD_PROFILE {"active_ratio": 0.0, "actual_logits_bytes": 0, "allocated_before_bytes": 4295568384, "backend": "fused", "calculate_entropy": true, "calculate_sum_pi_squared": false, "context_parallel_size": 2, "data_format": "thd", "dense_logits_bytes": 0, "dense_rows": 9896, "distillation_only": false, "elapsed_s": 0.005550182075239718, "element_size": 0, "entropy_from_logits_chunk_size": 2048, "entropy_from_logits_with_chunking": false, "event_id": 158, "logits_dtype": "none", "logits_saved_bytes": 0, "peak_allocated_bytes": 4376758272, "peak_increment_bytes": 81189888, "pipeline_parallel_size": 2, "projected_rows": 1, "rank": 6, "response_only_enabled": true, "role": "actor", "selected_rows": 0, "tensor_parallel_size": 2, "vocab_shard": 75968}
[36m(WorkerDict pid=3667372)[0m WARNING:2026-09-10 23:14:39,931:VERL_RESPONSE_ONLY_LM_HEAD_PROFILE {"active_ratio": 0.0, "actual_logits_bytes": 0, "allocated_before_bytes": 4295568384, "backend": "fused", "calculate_entropy": true, "calculate_sum_pi_squared": false, "context_parallel_size": 2, "data_format": "thd", "dense_logits_bytes": 0, "dense_rows": 9896, "distillation_only": false, "elapsed_s": 0.005559602053835988, "element_size": 0, "entropy_from_logits_chunk_size": 2048, "entropy_from_logits_with_chunking": false, "event_id": 158, "logits_dtype": "none", "logits_saved_bytes": 0, "peak_allocated_bytes": 4376758272, "peak_increment_bytes": 81189888, "pipeline_parallel_size": 2, "projected_rows": 1, "rank": 7, "response_only_enabled": true, "role": "actor", "selected_rows": 0, "tensor_parallel_size": 2, "vocab_shard": 75968}
[36m(WorkerDict pid=3667370)[0m WARNING:2026-09-10 23:14:40,057:VERL_RESPONSE_ONLY_LM_HEAD_PROFILE {"active_ratio": 0.41390460792239286, "actual_logits_bytes": 0, "allocated_before_bytes": 4295568384, "backend": "fused", "calculate_entropy": true, "calculate_sum_pi_squared": false, "context_parallel_size": 2, "data_format": "thd", "dense_logits_bytes": 0, "dense_rows": 9896, "distillation_only": false, "elapsed_s": 0.13091543805785477, "element_size": 0, "entropy_from_logits_chunk_size": 2048, "entropy_from_logits_with_chunking": false, "event_id": 158, "logits_dtype": "none", "logits_saved_bytes": 0, "peak_allocated_bytes": 4410256384, "peak_increment_bytes": 114688000, "pipeline_parallel_size": 2, "projected_rows": 4096, "rank": 5, "response_only_enabled": true, "role": "actor", "selected_rows": 4096, "tensor_parallel_size": 2, "vocab_shard": 75968}
[36m(WorkerDict pid=3667371)[0m WARNING:2026-09-10 23:14:40,356:VERL_RESPONSE_ONLY_LM_HEAD_PROFILE {"active_ratio": 0.0, "actual_logits_bytes": 0, "allocated_before_bytes": 4295728128, "backend": "fused", "calculate_entropy": true, "calculate_sum_pi_squared": false, "context_parallel_size": 2, "data_format": "thd", "dense_logits_bytes": 0, "dense_rows": 9896, "distillation_only": false, "elapsed_s": 0.005547863082028925, "element_size": 0, "entropy_from_logits_chunk_size": 2048, "entropy_from_logits_with_chunking": false, "event_id": 159, "logits_dtype": "none", "logits_saved_bytes": 0, "peak_allocated_bytes": 4376918016, "peak_increment_bytes": 81189888, "pipeline_parallel_size": 2, "projected_rows": 1, "rank": 6, "response_only_enabled": true, "role": "actor", "selected_rows": 0, "tensor_parallel_size": 2, "vocab_shard": 75968}
[36m(WorkerDict pid=3667372)[0m WARNING:2026-09-10 23:14:40,356:VERL_RESPONSE_ONLY_LM_HEAD_PROFILE {"active_ratio": 0.0, "actual_logits_bytes": 0, "allocated_before_bytes": 4295728128, "backend": "fused", "calculate_entropy": true, "calculate_sum_pi_squared": false, "context_parallel_size": 2, "data_format": "thd", "dense_logits_bytes": 0, "dense_rows": 9896, "distillation_only": false, "elapsed_s": 0.00552828295622021, "element_size": 0, "entropy_from_logits_chunk_size": 2048, "entropy_from_logits_with_chunking": false, "event_id": 159, "logits_dtype": "none", "logits_saved_bytes": 0, "peak_allocated_bytes": 4376918016, "peak_increment_bytes": 81189888, "pipeline_parallel_size": 2, "projected_rows": 1, "rank": 7, "response_only_enabled": true, "role": "actor", "selected_rows": 0, "tensor_parallel_size": 2, "vocab_shard": 75968}
[36m(WorkerDict pid=3667370)[0m WARNING:2026-09-10 23:14:40,481:VERL_RESPONSE_ONLY_LM_HEAD_PROFILE {"active_ratio": 0.41390460792239286, "actual_logits_bytes": 0, "allocated_before_bytes": 4295728128, "backend": "fused", "calculate_entropy": true, "calculate_sum_pi_squared": false, "context_parallel_size": 2, "data_format": "thd", "dense_logits_bytes": 0, "dense_rows": 9896, "distillation_only": false, "elapsed_s": 0.13104143901728094, "element_size": 0, "entropy_from_logits_chunk_size": 2048, "entropy_from_logits_with_chunking": false, "event_id": 159, "logits_dtype": "none", "logits_saved_bytes": 0, "peak_allocated_bytes": 4410416128, "peak_increment_bytes": 114688000, "pipeline_parallel_size": 2, "projected_rows": 4096, "rank": 5, "response_only_enabled": true, "role": "actor", "selected_rows": 4096, "tensor_parallel_size": 2, "vocab_shard": 75968}
[36m(WorkerDict pid=3667371)[0m WARNING:2026-09-10 23:14:44,914:VERL_RESPONSE_ONLY_LM_HEAD_PROFILE {"active_ratio": 0.0, "actual_logits_bytes": 0, "allocated_before_bytes": 4292274688, "backend": "fused", "calculate_entropy": false, "calculate_sum_pi_squared": false, "context_parallel_size": 2, "data_format": "thd", "dense_logits_bytes": 0, "dense_rows": 9896, "distillation_only": false, "elapsed_s": 0.005545102991163731, "element_size": 0, "entropy_from_logits_chunk_size": 2048, "entropy_from_logits_with_chunking": false, "event_id": 160, "logits_dtype": "none", "logits_saved_bytes": 0, "peak_allocated_bytes": 4373464576, "peak_increment_bytes": 81189888, "pipeline_parallel_size": 2, "projected_rows": 1, "rank": 6, "response_only_enabled": true, "role": "ref", "selected_rows": 0, "tensor_parallel_size": 2, "vocab_shard": 75968}
[36m(WorkerDict pid=3667372)[0m WARNING:2026-09-10 23:14:44,914:VERL_RESPONSE_ONLY_LM_HEAD_PROFILE {"active_ratio": 0.0, "actual_logits_bytes": 0, "allocated_before_bytes": 4292274688, "backend": "fused", "calculate_entropy": false, "calculate_sum_pi_squared": false, "context_parallel_size": 2, "data_format": "thd", "dense_logits_bytes": 0, "dense_rows": 9896, "distillation_only": false, "elapsed_s": 0.005543143022805452, "element_size": 0, "entropy_from_logits_chunk_size": 2048, "entropy_from_logits_with_chunking": false, "event_id": 160, "logits_dtype": "none", "logits_saved_bytes": 0, "peak_allocated_bytes": 4373464576, "peak_increment_bytes": 81189888, "pipeline_parallel_size": 2, "projected_rows": 1, "rank": 7, "response_only_enabled": true, "role": "ref", "selected_rows": 0, "tensor_parallel_size": 2, "vocab_shard": 75968}
[36m(WorkerDict pid=3667370)[0m WARNING:2026-09-10 23:14:45,040:VERL_RESPONSE_ONLY_LM_HEAD_PROFILE {"active_ratio": 0.41390460792239286, "actual_logits_bytes": 0, "allocated_before_bytes": 4292274688, "backend": "fused", "calculate_entropy": false, "calculate_sum_pi_squared": false, "context_parallel_size": 2, "data_format": "thd", "dense_logits_bytes": 0, "dense_rows": 9896, "distillation_only": false, "elapsed_s": 0.13148177892435342, "element_size": 0, "entropy_from_logits_chunk_size": 2048, "entropy_from_logits_with_chunking": false, "event_id": 160, "logits_dtype": "none", "logits_saved_bytes": 0, "peak_allocated_bytes": 4406962688, "peak_increment_bytes": 114688000, "pipeline_parallel_size": 2, "projected_rows": 4096, "rank": 5, "response_only_enabled": true, "role": "ref", "selected_rows": 4096, "tensor_parallel_size": 2, "vocab_shard": 75968}
[36m(WorkerDict pid=3667371)[0m WARNING:2026-09-10 23:14:45,337:VERL_RESPONSE_ONLY_LM_HEAD_PROFILE {"active_ratio": 0.0, "actual_logits_bytes": 0, "allocated_before_bytes": 4292355072, "backend": "fused", "calculate_entropy": false, "calculate_sum_pi_squared": false, "context_parallel_size": 2, "data_format": "thd", "dense_logits_bytes": 0, "dense_rows": 9896, "distillation_only": false, "elapsed_s": 0.005563722923398018, "element_size": 0, "entropy_from_logits_chunk_size": 2048, "entropy_from_logits_with_chunking": false, "event_id": 161, "logits_dtype": "none", "logits_saved_bytes": 0, "peak_allocated_bytes": 4373544960, "peak_increment_bytes": 81189888, "pipeline_parallel_size": 2, "projected_rows": 1, "rank": 6, "response_only_enabled": true, "role": "ref", "selected_rows": 0, "tensor_parallel_size": 2, "vocab_shard": 75968}
[36m(WorkerDict pid=3667372)[0m WARNING:2026-09-10 23:14:45,337:VERL_RESPONSE_ONLY_LM_HEAD_PROFILE {"active_ratio": 0.0, "actual_logits_bytes": 0, "allocated_before_bytes": 4292355072, "backend": "fused", "calculate_entropy": false, "calculate_sum_pi_squared": false, "context_parallel_size": 2, "data_format": "thd", "dense_logits_bytes": 0, "dense_rows": 9896, "distillation_only": false, "elapsed_s": 0.005588072934187949, "element_size": 0, "entropy_from_logits_chunk_size": 2048, "entropy_from_logits_with_chunking": false, "event_id": 161, "logits_dtype": "none", "logits_saved_bytes": 0, "peak_allocated_bytes": 4373544960, "peak_increment_bytes": 81189888, "pipeline_parallel_size": 2, "projected_rows": 1, "rank": 7, "response_only_enabled": true, "role": "ref", "selected_rows": 0, "tensor_parallel_size": 2, "vocab_shard": 75968}
[36m(WorkerDict pid=3667370)[0m WARNING:2026-09-10 23:14:45,463:VERL_RESPONSE_ONLY_LM_HEAD_PROFILE {"active_ratio": 0.41390460792239286, "actual_logits_bytes": 0, "allocated_before_bytes": 4292355072, "backend": "fused", "calculate_entropy": false, "calculate_sum_pi_squared": false, "context_parallel_size": 2, "data_format": "thd", "dense_logits_bytes": 0, "dense_rows": 9896, "distillation_only": false, "elapsed_s": 0.13155089900828898, "element_size": 0, "entropy_from_logits_chunk_size": 2048, "entropy_from_logits_with_chunking": false, "event_id": 161, "logits_dtype": "none", "logits_saved_bytes": 0, "peak_allocated_bytes": 4407043072, "peak_increment_bytes": 114688000, "pipeline_parallel_size": 2, "projected_rows": 4096, "rank": 5, "response_only_enabled": true, "role": "ref", "selected_rows": 4096, "tensor_parallel_size": 2, "vocab_shard": 75968}
[36m(WorkerDict pid=3667371)[0m WARNING:2026-09-10 23:14:45,760:VERL_RESPONSE_ONLY_LM_HEAD_PROFILE {"active_ratio": 0.0, "actual_logits_bytes": 0, "allocated_before_bytes": 4292434944, "backend": "fused", "calculate_entropy": false, "calculate_sum_pi_squared": false, "context_parallel_size": 2, "data_format": "thd", "dense_logits_bytes": 0, "dense_rows": 9896, "distillation_only": false, "elapsed_s": 0.005562913022004068, "element_size": 0, "entropy_from_logits_chunk_size": 2048, "entropy_from_logits_with_chunking": false, "event_id": 162, "logits_dtype": "none", "logits_saved_bytes": 0, "peak_allocated_bytes": 4373624832, "peak_increment_bytes": 81189888, "pipeline_parallel_size": 2, "projected_rows": 1, "rank": 6, "response_only_enabled": true, "role": "ref", "selected_rows": 0, "tensor_parallel_size": 2, "vocab_shard": 75968}
[36m(WorkerDict pid=3667372)[0m WARNING:2026-09-10 23:14:45,760:VERL_RESPONSE_ONLY_LM_HEAD_PROFILE {"active_ratio": 0.0, "actual_logits_bytes": 0, "allocated_before_bytes": 4292434944, "backend": "fused", "calculate_entropy": false, "calculate_sum_pi_squared": false, "context_parallel_size": 2, "data_format": "thd", "dense_logits_bytes": 0, "dense_rows": 9896, "distillation_only": false, "elapsed_s": 0.005565652973018587, "element_size": 0, "entropy_from_logits_chunk_size": 2048, "entropy_from_logits_with_chunking": false, "event_id": 162, "logits_dtype": "none", "logits_saved_bytes": 0, "peak_allocated_bytes": 4373624832, "peak_increment_bytes": 81189888, "pipeline_parallel_size": 2, "projected_rows": 1, "rank": 7, "response_only_enabled": true, "role": "ref", "selected_rows": 0, "tensor_parallel_size": 2, "vocab_shard": 75968}
[36m(WorkerDict pid=3667370)[0m WARNING:2026-09-10 23:14:45,886:VERL_RESPONSE_ONLY_LM_HEAD_PROFILE {"active_ratio": 0.41390460792239286, "actual_logits_bytes": 0, "allocated_before_bytes": 4292434944, "backend": "fused", "calculate_entropy": false, "calculate_sum_pi_squared": false, "context_parallel_size": 2, "data_format": "thd", "dense_logits_bytes": 0, "dense_rows": 9896, "distillation_only": false, "elapsed_s": 0.13126415805891156, "element_size": 0, "entropy_from_logits_chunk_size": 2048, "entropy_from_logits_with_chunking": false, "event_id": 162, "logits_dtype": "none", "logits_saved_bytes": 0, "peak_allocated_bytes": 4407122944, "peak_increment_bytes": 114688000, "pipeline_parallel_size": 2, "projected_rows": 4096, "rank": 5, "response_only_enabled": true, "role": "ref", "selected_rows": 4096, "tensor_parallel_size": 2, "vocab_shard": 75968}
[36m(WorkerDict pid=3667371)[0m WARNING:2026-09-10 23:14:46,184:VERL_RESPONSE_ONLY_LM_HEAD_PROFILE {"active_ratio": 0.0, "actual_logits_bytes": 0, "allocated_before_bytes": 4292514816, "backend": "fused", "calculate_entropy": false, "calculate_sum_pi_squared": false, "context_parallel_size": 2, "data_format": "thd", "dense_logits_bytes": 0, "dense_rows": 9896, "distillation_only": false, "elapsed_s": 0.00553961202967912, "element_size": 0, "entropy_from_logits_chunk_size": 2048, "entropy_from_logits_with_chunking": false, "event_id": 163, "logits_dtype": "none", "logits_saved_bytes": 0, "peak_allocated_bytes": 4373704704, "peak_increment_bytes": 81189888, "pipeline_parallel_size": 2, "projected_rows": 1, "rank": 6, "response_only_enabled": true, "role": "ref", "selected_rows": 0, "tensor_parallel_size": 2, "vocab_shard": 75968}
[36m(WorkerDict pid=3667372)[0m WARNING:2026-09-10 23:14:46,184:VERL_RESPONSE_ONLY_LM_HEAD_PROFILE {"active_ratio": 0.0, "actual_logits_bytes": 0, "allocated_before_bytes": 4292514816, "backend": "fused", "calculate_entropy": false, "calculate_sum_pi_squared": false, "context_parallel_size": 2, "data_format": "thd", "dense_logits_bytes": 0, "dense_rows": 9896, "distillation_only": false, "elapsed_s": 0.005532292067073286, "element_size": 0, "entropy_from_logits_chunk_size": 2048, "entropy_from_logits_with_chunking": false, "event_id": 163, "logits_dtype": "none", "logits_saved_bytes": 0, "peak_allocated_bytes": 4373704704, "peak_increment_bytes": 81189888, "pipeline_parallel_size": 2, "projected_rows": 1, "rank": 7, "response_only_enabled": true, "role": "ref", "selected_rows": 0, "tensor_parallel_size": 2, "vocab_shard": 75968}
[36m(WorkerDict pid=3667370)[0m WARNING:2026-09-10 23:14:46,308:VERL_RESPONSE_ONLY_LM_HEAD_PROFILE {"active_ratio": 0.41390460792239286, "actual_logits_bytes": 0, "allocated_before_bytes": 4292514816, "backend": "fused", "calculate_entropy": false, "calculate_sum_pi_squared": false, "context_parallel_size": 2, "data_format": "thd", "dense_logits_bytes": 0, "dense_rows": 9896, "distillation_only": false, "elapsed_s": 0.13035313796717674, "element_size": 0, "entropy_from_logits_chunk_size": 2048, "entropy_from_logits_with_chunking": false, "event_id": 163, "logits_dtype": "none", "logits_saved_bytes": 0, "peak_allocated_bytes": 4407202816, "peak_increment_bytes": 114688000, "pipeline_parallel_size": 2, "projected_rows": 4096, "rank": 5, "response_only_enabled": true, "role": "ref", "selected_rows": 4096, "tensor_parallel_size": 2, "vocab_shard": 75968}
[36m(WorkerDict pid=3667371)[0m WARNING:2026-09-10 23:14:46,606:VERL_RESPONSE_ONLY_LM_HEAD_PROFILE {"active_ratio": 0.0, "actual_logits_bytes": 0, "allocated_before_bytes": 4292527104, "backend": "fused", "calculate_entropy": false, "calculate_sum_pi_squared": false, "context_parallel_size": 2, "data_format": "thd", "dense_logits_bytes": 0, "dense_rows": 9888, "distillation_only": false, "elapsed_s": 0.005538902012631297, "element_size": 0, "entropy_from_logits_chunk_size": 2048, "entropy_from_logits_with_chunking": false, "event_id": 164, "logits_dtype": "none", "logits_saved_bytes": 0, "peak_allocated_bytes": 4373651456, "peak_increment_bytes": 81124352, "pipeline_parallel_size": 2, "projected_rows": 1, "rank": 6, "response_only_enabled": true, "role": "ref", "selected_rows": 0, "tensor_parallel_size": 2, "vocab_shard": 75968}
[36m(WorkerDict pid=3667372)[0m WARNING:2026-09-10 23:14:46,606:VERL_RESPONSE_ONLY_LM_HEAD_PROFILE {"active_ratio": 0.0, "actual_logits_bytes": 0, "allocated_before_bytes": 4292527104, "backend": "fused", "calculate_entropy": false, "calculate_sum_pi_squared": false, "context_parallel_size": 2, "data_format": "thd", "dense_logits_bytes": 0, "dense_rows": 9888, "distillation_only": false, "elapsed_s": 0.005550622008740902, "element_size": 0, "entropy_from_logits_chunk_size": 2048, "entropy_from_logits_with_chunking": false, "event_id": 164, "logits_dtype": "none", "logits_saved_bytes": 0, "peak_allocated_bytes": 4373651456, "peak_increment_bytes": 81124352, "pipeline_parallel_size": 2, "projected_rows": 1, "rank": 7, "response_only_enabled": true, "role": "ref", "selected_rows": 0, "tensor_parallel_size": 2, "vocab_shard": 75968}
[36m(WorkerDict pid=3667370)[0m WARNING:2026-09-10 23:14:46,731:VERL_RESPONSE_ONLY_LM_HEAD_PROFILE {"active_ratio": 0.41423948220064727, "actual_logits_bytes": 0, "allocated_before_bytes": 4292527104, "backend": "fused", "calculate_entropy": false, "calculate_sum_pi_squared": false, "context_parallel_size": 2, "data_format": "thd", "dense_logits_bytes": 0, "dense_rows": 9888, "distillation_only": false, "elapsed_s": 0.1300961880479008, "element_size": 0, "entropy_from_logits_chunk_size": 2048, "entropy_from_logits_with_chunking": false, "event_id": 164, "logits_dtype": "none", "logits_saved_bytes": 0, "peak_allocated_bytes": 4407149568, "peak_increment_bytes": 114622464, "pipeline_parallel_size": 2, "projected_rows": 4096, "rank": 5, "response_only_enabled": true, "role": "ref", "selected_rows": 4096, "tensor_parallel_size": 2, "vocab_shard": 75968}
[36m(WorkerDict pid=3667371)[0m WARNING:2026-09-10 23:14:47,028:VERL_RESPONSE_ONLY_LM_HEAD_PROFILE {"active_ratio": 0.0, "actual_logits_bytes": 0, "allocated_before_bytes": 4292606976, "backend": "fused", "calculate_entropy": false, "calculate_sum_pi_squared": false, "context_parallel_size": 2, "data_format": "thd", "dense_logits_bytes": 0, "dense_rows": 9888, "distillation_only": false, "elapsed_s": 0.005537883029319346, "element_size": 0, "entropy_from_logits_chunk_size": 2048, "entropy_from_logits_with_chunking": false, "event_id": 165, "logits_dtype": "none", "logits_saved_bytes": 0, "peak_allocated_bytes": 4373731328, "peak_increment_bytes": 81124352, "pipeline_parallel_size": 2, "projected_rows": 1, "rank": 6, "response_only_enabled": true, "role": "ref", "selected_rows": 0, "tensor_parallel_size": 2, "vocab_shard": 75968}
[36m(WorkerDict pid=3667372)[0m WARNING:2026-09-10 23:14:47,028:VERL_RESPONSE_ONLY_LM_HEAD_PROFILE {"active_ratio": 0.0, "actual_logits_bytes": 0, "allocated_before_bytes": 4292606976, "backend": "fused", "calculate_entropy": false, "calculate_sum_pi_squared": false, "context_parallel_size": 2, "data_format": "thd", "dense_logits_bytes": 0, "dense_rows": 9888, "distillation_only": false, "elapsed_s": 0.005514213000424206, "element_size": 0, "entropy_from_logits_chunk_size": 2048, "entropy_from_logits_with_chunking": false, "event_id": 165, "logits_dtype": "none", "logits_saved_bytes": 0, "peak_allocated_bytes": 4373731328, "peak_increment_bytes": 81124352, "pipeline_parallel_size": 2, "projected_rows": 1, "rank": 7, "response_only_enabled": true, "role": "ref", "selected_rows": 0, "tensor_parallel_size": 2, "vocab_shard": 75968}
[36m(WorkerDict pid=3667370)[0m WARNING:2026-09-10 23:14:47,154:VERL_RESPONSE_ONLY_LM_HEAD_PROFILE {"active_ratio": 0.41423948220064727, "actual_logits_bytes": 0, "allocated_before_bytes": 4292606976, "backend": "fused", "calculate_entropy": false, "calculate_sum_pi_squared": false, "context_parallel_size": 2, "data_format": "thd", "dense_logits_bytes": 0, "dense_rows": 9888, "distillation_only": false, "elapsed_s": 0.13101597898639739, "element_size": 0, "entropy_from_logits_chunk_size": 2048, "entropy_from_logits_with_chunking": false, "event_id": 165, "logits_dtype": "none", "logits_saved_bytes": 0, "peak_allocated_bytes": 4407229440, "peak_increment_bytes": 114622464, "pipeline_parallel_size": 2, "projected_rows": 4096, "rank": 5, "response_only_enabled": true, "role": "ref", "selected_rows": 4096, "tensor_parallel_size": 2, "vocab_shard": 75968}
[36m(WorkerDict pid=3667371)[0m WARNING:2026-09-10 23:14:47,452:VERL_RESPONSE_ONLY_LM_HEAD_PROFILE {"active_ratio": 0.0, "actual_logits_bytes": 0, "allocated_before_bytes": 4292686848, "backend": "fused", "calculate_entropy": false, "calculate_sum_pi_squared": false, "context_parallel_size": 2, "data_format": "thd", "dense_logits_bytes": 0, "dense_rows": 9888, "distillation_only": false, "elapsed_s": 0.00552021199837327, "element_size": 0, "entropy_from_logits_chunk_size": 2048, "entropy_from_logits_with_chunking": false, "event_id": 166, "logits_dtype": "none", "logits_saved_bytes": 0, "peak_allocated_bytes": 4373811200, "peak_increment_bytes": 81124352, "pipeline_parallel_size": 2, "projected_rows": 1, "rank": 6, "response_only_enabled": true, "role": "ref", "selected_rows": 0, "tensor_parallel_size": 2, "vocab_shard": 75968}
[36m(WorkerDict pid=3667372)[0m WARNING:2026-09-10 23:14:47,452:VERL_RESPONSE_ONLY_LM_HEAD_PROFILE {"active_ratio": 0.0, "actual_logits_bytes": 0, "allocated_before_bytes": 4292686848, "backend": "fused", "calculate_entropy": false, "calculate_sum_pi_squared": false, "context_parallel_size": 2, "data_format": "thd", "dense_logits_bytes": 0, "dense_rows": 9888, "distillation_only": false, "elapsed_s": 0.00550730200484395, "element_size": 0, "entropy_from_logits_chunk_size": 2048, "entropy_from_logits_with_chunking": false, "event_id": 166, "logits_dtype": "none", "logits_saved_bytes": 0, "peak_allocated_bytes": 4373811200, "peak_increment_bytes": 81124352, "pipeline_parallel_size": 2, "projected_rows": 1, "rank": 7, "response_only_enabled": true, "role": "ref", "selected_rows": 0, "tensor_parallel_size": 2, "vocab_shard": 75968}
[36m(WorkerDict pid=3667370)[0m WARNING:2026-09-10 23:14:47,577:VERL_RESPONSE_ONLY_LM_HEAD_PROFILE {"active_ratio": 0.41423948220064727, "actual_logits_bytes": 0, "allocated_before_bytes": 4292686848, "backend": "fused", "calculate_entropy": false, "calculate_sum_pi_squared": false, "context_parallel_size": 2, "data_format": "thd", "dense_logits_bytes": 0, "dense_rows": 9888, "distillation_only": false, "elapsed_s": 0.13064887805376202, "element_size": 0, "entropy_from_logits_chunk_size": 2048, "entropy_from_logits_with_chunking": false, "event_id": 166, "logits_dtype": "none", "logits_saved_bytes": 0, "peak_allocated_bytes": 4407309312, "peak_increment_bytes": 114622464, "pipeline_parallel_size": 2, "projected_rows": 4096, "rank": 5, "response_only_enabled": true, "role": "ref", "selected_rows": 4096, "tensor_parallel_size": 2, "vocab_shard": 75968}
[36m(WorkerDict pid=3667371)[0m WARNING:2026-09-10 23:14:47,875:VERL_RESPONSE_ONLY_LM_HEAD_PROFILE {"active_ratio": 0.0, "actual_logits_bytes": 0, "allocated_before_bytes": 4292766720, "backend": "fused", "calculate_entropy": false, "calculate_sum_pi_squared": false, "context_parallel_size": 2, "data_format": "thd", "dense_logits_bytes": 0, "dense_rows": 9888, "distillation_only": false, "elapsed_s": 0.005597781972028315, "element_size": 0, "entropy_from_logits_chunk_size": 2048, "entropy_from_logits_with_chunking": false, "event_id": 167, "logits_dtype": "none", "logits_saved_bytes": 0, "peak_allocated_bytes": 4373891072, "peak_increment_bytes": 81124352, "pipeline_parallel_size": 2, "projected_rows": 1, "rank": 6, "response_only_enabled": true, "role": "ref", "selected_rows": 0, "tensor_parallel_size": 2, "vocab_shard": 75968}
[36m(WorkerDict pid=3667372)[0m WARNING:2026-09-10 23:14:47,875:VERL_RESPONSE_ONLY_LM_HEAD_PROFILE {"active_ratio": 0.0, "actual_logits_bytes": 0, "allocated_before_bytes": 4292766720, "backend": "fused", "calculate_entropy": false, "calculate_sum_pi_squared": false, "context_parallel_size": 2, "data_format": "thd", "dense_logits_bytes": 0, "dense_rows": 9888, "distillation_only": false, "elapsed_s": 0.0055970619432628155, "element_size": 0, "entropy_from_logits_chunk_size": 2048, "entropy_from_logits_with_chunking": false, "event_id": 167, "logits_dtype": "none", "logits_saved_bytes": 0, "peak_allocated_bytes": 4373891072, "peak_increment_bytes": 81124352, "pipeline_parallel_size": 2, "projected_rows": 1, "rank": 7, "response_only_enabled": true, "role": "ref", "selected_rows": 0, "tensor_parallel_size": 2, "vocab_shard": 75968}
[36m(WorkerDict pid=3667370)[0m WARNING:2026-09-10 23:14:48,001:VERL_RESPONSE_ONLY_LM_HEAD_PROFILE {"active_ratio": 0.41423948220064727, "actual_logits_bytes": 0, "allocated_before_bytes": 4292766720, "backend": "fused", "calculate_entropy": false, "calculate_sum_pi_squared": false, "context_parallel_size": 2, "data_format": "thd", "dense_logits_bytes": 0, "dense_rows": 9888, "distillation_only": false, "elapsed_s": 0.13112720800563693, "element_size": 0, "entropy_from_logits_chunk_size": 2048, "entropy_from_logits_with_chunking": false, "event_id": 167, "logits_dtype": "none", "logits_saved_bytes": 0, "peak_allocated_bytes": 4407389184, "peak_increment_bytes": 114622464, "pipeline_parallel_size": 2, "projected_rows": 4096, "rank": 5, "response_only_enabled": true, "role": "ref", "selected_rows": 4096, "tensor_parallel_size": 2, "vocab_shard": 75968}
[36m(WorkerDict pid=3667371)[0m WARNING:2026-09-10 23:14:48,299:VERL_RESPONSE_ONLY_LM_HEAD_PROFILE {"active_ratio": 0.0, "actual_logits_bytes": 0, "allocated_before_bytes": 4292846592, "backend": "fused", "calculate_entropy": false, "calculate_sum_pi_squared": false, "context_parallel_size": 2, "data_format": "thd", "dense_logits_bytes": 0, "dense_rows": 9888, "distillation_only": false, "elapsed_s": 0.005581153091043234, "element_size": 0, "entropy_from_logits_chunk_size": 2048, "entropy_from_logits_with_chunking": false, "event_id": 168, "logits_dtype": "none", "logits_saved_bytes": 0, "peak_allocated_bytes": 4373970944, "peak_increment_bytes": 81124352, "pipeline_parallel_size": 2, "projected_rows": 1, "rank": 6, "response_only_enabled": true, "role": "ref", "selected_rows": 0, "tensor_parallel_size": 2, "vocab_shard": 75968}
[36m(WorkerDict pid=3667372)[0m WARNING:2026-09-10 23:14:48,299:VERL_RESPONSE_ONLY_LM_HEAD_PROFILE {"active_ratio": 0.0, "actual_logits_bytes": 0, "allocated_before_bytes": 4292846592, "backend": "fused", "calculate_entropy": false, "calculate_sum_pi_squared": false, "context_parallel_size": 2, "data_format": "thd", "dense_logits_bytes": 0, "dense_rows": 9888, "distillation_only": false, "elapsed_s": 0.005591223016381264, "element_size": 0, "entropy_from_logits_chunk_size": 2048, "entropy_from_logits_with_chunking": false, "event_id": 168, "logits_dtype": "none", "logits_saved_bytes": 0, "peak_allocated_bytes": 4373970944, "peak_increment_bytes": 81124352, "pipeline_parallel_size": 2, "projected_rows": 1, "rank": 7, "response_only_enabled": true, "role": "ref", "selected_rows": 0, "tensor_parallel_size": 2, "vocab_shard": 75968}
[36m(WorkerDict pid=3667370)[0m WARNING:2026-09-10 23:14:48,425:VERL_RESPONSE_ONLY_LM_HEAD_PROFILE {"active_ratio": 0.41423948220064727, "actual_logits_bytes": 0, "allocated_before_bytes": 4292846592, "backend": "fused", "calculate_entropy": false, "calculate_sum_pi_squared": false, "context_parallel_size": 2, "data_format": "thd", "dense_logits_bytes": 0, "dense_rows": 9888, "distillation_only": false, "elapsed_s": 0.13149113906547427, "element_size": 0, "entropy_from_logits_chunk_size": 2048, "entropy_from_logits_with_chunking": false, "event_id": 168, "logits_dtype": "none", "logits_saved_bytes": 0, "peak_allocated_bytes": 4407469056, "peak_increment_bytes": 114622464, "pipeline_parallel_size": 2, "projected_rows": 4096, "rank": 5, "response_only_enabled": true, "role": "ref", "selected_rows": 4096, "tensor_parallel_size": 2, "vocab_shard": 75968}
[36m(WorkerDict pid=3667371)[0m WARNING:2026-09-10 23:14:48,723:VERL_RESPONSE_ONLY_LM_HEAD_PROFILE {"active_ratio": 0.0, "actual_logits_bytes": 0, "allocated_before_bytes": 4292926464, "backend": "fused", "calculate_entropy": false, "calculate_sum_pi_squared": false, "context_parallel_size": 2, "data_format": "thd", "dense_logits_bytes": 0, "dense_rows": 9888, "distillation_only": false, "elapsed_s": 0.005585761973634362, "element_size": 0, "entropy_from_logits_chunk_size": 2048, "entropy_from_logits_with_chunking": false, "event_id": 169, "logits_dtype": "none", "logits_saved_bytes": 0, "peak_allocated_bytes": 4374050816, "peak_increment_bytes": 81124352, "pipeline_parallel_size": 2, "projected_rows": 1, "rank": 6, "response_only_enabled": true, "role": "ref", "selected_rows": 0, "tensor_parallel_size": 2, "vocab_shard": 75968}
[36m(WorkerDict pid=3667372)[0m WARNING:2026-09-10 23:14:48,723:VERL_RESPONSE_ONLY_LM_HEAD_PROFILE {"active_ratio": 0.0, "actual_logits_bytes": 0, "allocated_before_bytes": 4292926464, "backend": "fused", "calculate_entropy": false, "calculate_sum_pi_squared": false, "context_parallel_size": 2, "data_format": "thd", "dense_logits_bytes": 0, "dense_rows": 9888, "distillation_only": false, "elapsed_s": 0.005626931902952492, "element_size": 0, "entropy_from_logits_chunk_size": 2048, "entropy_from_logits_with_chunking": false, "event_id": 169, "logits_dtype": "none", "logits_saved_bytes": 0, "peak_allocated_bytes": 4374050816, "peak_increment_bytes": 81124352, "pipeline_parallel_size": 2, "projected_rows": 1, "rank": 7, "response_only_enabled": true, "role": "ref", "selected_rows": 0, "tensor_parallel_size": 2, "vocab_shard": 75968}
[36m(WorkerDict pid=3667370)[0m WARNING:2026-09-10 23:14:48,849:VERL_RESPONSE_ONLY_LM_HEAD_PROFILE {"active_ratio": 0.41423948220064727, "actual_logits_bytes": 0, "allocated_before_bytes": 4292926464, "backend": "fused", "calculate_entropy": false, "calculate_sum_pi_squared": false, "context_parallel_size": 2, "data_format": "thd", "dense_logits_bytes": 0, "dense_rows": 9888, "distillation_only": false, "elapsed_s": 0.13127893896307796, "element_size": 0, "entropy_from_logits_chunk_size": 2048, "entropy_from_logits_with_chunking": false, "event_id": 169, "logits_dtype": "none", "logits_saved_bytes": 0, "peak_allocated_bytes": 4407548928, "peak_increment_bytes": 114622464, "pipeline_parallel_size": 2, "projected_rows": 4096, "rank": 5, "response_only_enabled": true, "role": "ref", "selected_rows": 4096, "tensor_parallel_size": 2, "vocab_shard": 75968}
[36m(WorkerDict pid=3667371)[0m WARNING:2026-09-10 23:14:49,148:VERL_RESPONSE_ONLY_LM_HEAD_PROFILE {"active_ratio": 0.0, "actual_logits_bytes": 0, "allocated_before_bytes": 4293006336, "backend": "fused", "calculate_entropy": false, "calculate_sum_pi_squared": false, "context_parallel_size": 2, "data_format": "thd", "dense_logits_bytes": 0, "dense_rows": 9888, "distillation_only": false, "elapsed_s": 0.0055828820914030075, "element_size": 0, "entropy_from_logits_chunk_size": 2048, "entropy_from_logits_with_chunking": false, "event_id": 170, "logits_dtype": "none", "logits_saved_bytes": 0, "peak_allocated_bytes": 4374130688, "peak_increment_bytes": 81124352, "pipeline_parallel_size": 2, "projected_rows": 1, "rank": 6, "response_only_enabled": true, "role": "ref", "selected_rows": 0, "tensor_parallel_size": 2, "vocab_shard": 75968}
[36m(WorkerDict pid=3667372)[0m WARNING:2026-09-10 23:14:49,148:VERL_RESPONSE_ONLY_LM_HEAD_PROFILE {"active_ratio": 0.0, "actual_logits_bytes": 0, "allocated_before_bytes": 4293006336, "backend": "fused", "calculate_entropy": false, "calculate_sum_pi_squared": false, "context_parallel_size": 2, "data_format": "thd", "dense_logits_bytes": 0, "dense_rows": 9888, "distillation_only": false, "elapsed_s": 0.005560372024774551, "element_size": 0, "entropy_from_logits_chunk_size": 2048, "entropy_from_logits_with_chunking": false, "event_id": 170, "logits_dtype": "none", "logits_saved_bytes": 0, "peak_allocated_bytes": 4374130688, "peak_increment_bytes": 81124352, "pipeline_parallel_size": 2, "projected_rows": 1, "rank": 7, "response_only_enabled": true, "role": "ref", "selected_rows": 0, "tensor_parallel_size": 2, "vocab_shard": 75968}
[36m(WorkerDict pid=3667370)[0m WARNING:2026-09-10 23:14:49,273:VERL_RESPONSE_ONLY_LM_HEAD_PROFILE {"active_ratio": 0.41423948220064727, "actual_logits_bytes": 0, "allocated_before_bytes": 4293006336, "backend": "fused", "calculate_entropy": false, "calculate_sum_pi_squared": false, "context_parallel_size": 2, "data_format": "thd", "dense_logits_bytes": 0, "dense_rows": 9888, "distillation_only": false, "elapsed_s": 0.1305639980128035, "element_size": 0, "entropy_from_logits_chunk_size": 2048, "entropy_from_logits_with_chunking": false, "event_id": 170, "logits_dtype": "none", "logits_saved_bytes": 0, "peak_allocated_bytes": 4407628800, "peak_increment_bytes": 114622464, "pipeline_parallel_size": 2, "projected_rows": 4096, "rank": 5, "response_only_enabled": true, "role": "ref", "selected_rows": 4096, "tensor_parallel_size": 2, "vocab_shard": 75968}
[36m(WorkerDict pid=3667371)[0m WARNING:2026-09-10 23:14:49,571:VERL_RESPONSE_ONLY_LM_HEAD_PROFILE {"active_ratio": 0.0, "actual_logits_bytes": 0, "allocated_before_bytes": 4293086208, "backend": "fused", "calculate_entropy": false, "calculate_sum_pi_squared": false, "context_parallel_size": 2, "data_format": "thd", "dense_logits_bytes": 0, "dense_rows": 9888, "distillation_only": false, "elapsed_s": 0.005621802993118763, "element_size": 0, "entropy_from_logits_chunk_size": 2048, "entropy_from_logits_with_chunking": false, "event_id": 171, "logits_dtype": "none", "logits_saved_bytes": 0, "peak_allocated_bytes": 4374210560, "peak_increment_bytes": 81124352, "pipeline_parallel_size": 2, "projected_rows": 1, "rank": 6, "response_only_enabled": true, "role": "ref", "selected_rows": 0, "tensor_parallel_size": 2, "vocab_shard": 75968}
[36m(WorkerDict pid=3667372)[0m WARNING:2026-09-10 23:14:49,571:VERL_RESPONSE_ONLY_LM_HEAD_PROFILE {"active_ratio": 0.0, "actual_logits_bytes": 0, "allocated_before_bytes": 4293086208, "backend": "fused", "calculate_entropy": false, "calculate_sum_pi_squared": false, "context_parallel_size": 2, "data_format": "thd", "dense_logits_bytes": 0, "dense_rows": 9888, "distillation_only": false, "elapsed_s": 0.005610593012534082, "element_size": 0, "entropy_from_logits_chunk_size": 2048, "entropy_from_logits_with_chunking": false, "event_id": 171, "logits_dtype": "none", "logits_saved_bytes": 0, "peak_allocated_bytes": 4374210560, "peak_increment_bytes": 81124352, "pipeline_parallel_size": 2, "projected_rows": 1, "rank": 7, "response_only_enabled": true, "role": "ref", "selected_rows": 0, "tensor_parallel_size": 2, "vocab_shard": 75968}
[36m(WorkerDict pid=3667370)[0m WARNING:2026-09-10 23:14:49,696:VERL_RESPONSE_ONLY_LM_HEAD_PROFILE {"active_ratio": 0.41423948220064727, "actual_logits_bytes": 0, "allocated_before_bytes": 4293086208, "backend": "fused", "calculate_entropy": false, "calculate_sum_pi_squared": false, "context_parallel_size": 2, "data_format": "thd", "dense_logits_bytes": 0, "dense_rows": 9888, "distillation_only": false, "elapsed_s": 0.13040866900701076, "element_size": 0, "entropy_from_logits_chunk_size": 2048, "entropy_from_logits_with_chunking": false, "event_id": 171, "logits_dtype": "none", "logits_saved_bytes": 0, "peak_allocated_bytes": 4407708672, "peak_increment_bytes": 114622464, "pipeline_parallel_size": 2, "projected_rows": 4096, "rank": 5, "response_only_enabled": true, "role": "ref", "selected_rows": 4096, "tensor_parallel_size": 2, "vocab_shard": 75968}
[36m(WorkerDict pid=3667371)[0m WARNING:2026-09-10 23:14:49,996:VERL_RESPONSE_ONLY_LM_HEAD_PROFILE {"active_ratio": 0.0, "actual_logits_bytes": 0, "allocated_before_bytes": 4293233664, "backend": "fused", "calculate_entropy": false, "calculate_sum_pi_squared": false, "context_parallel_size": 2, "data_format": "thd", "dense_logits_bytes": 0, "dense_rows": 9896, "distillation_only": false, "elapsed_s": 0.005602052086032927, "element_size": 0, "entropy_from_logits_chunk_size": 2048, "entropy_from_logits_with_chunking": false, "event_id": 172, "logits_dtype": "none", "logits_saved_bytes": 0, "peak_allocated_bytes": 4374423552, "peak_increment_bytes": 81189888, "pipeline_parallel_size": 2, "projected_rows": 1, "rank": 6, "response_only_enabled": true, "role": "ref", "selected_rows": 0, "tensor_parallel_size": 2, "vocab_shard": 75968}
[36m(WorkerDict pid=3667372)[0m WARNING:2026-09-10 23:14:49,996:VERL_RESPONSE_ONLY_LM_HEAD_PROFILE {"active_ratio": 0.0, "actual_logits_bytes": 0, "allocated_before_bytes": 4293233664, "backend": "fused", "calculate_entropy": false, "calculate_sum_pi_squared": false, "context_parallel_size": 2, "data_format": "thd", "dense_logits_bytes": 0, "dense_rows": 9896, "distillation_only": false, "elapsed_s": 0.0056047720136120915, "element_size": 0, "entropy_from_logits_chunk_size": 2048, "entropy_from_logits_with_chunking": false, "event_id": 172, "logits_dtype": "none", "logits_saved_bytes": 0, "peak_allocated_bytes": 4374423552, "peak_increment_bytes": 81189888, "pipeline_parallel_size": 2, "projected_rows": 1, "rank": 7, "response_only_enabled": true, "role": "ref", "selected_rows": 0, "tensor_parallel_size": 2, "vocab_shard": 75968}
[36m(WorkerDict pid=3667370)[0m WARNING:2026-09-10 23:14:50,121:VERL_RESPONSE_ONLY_LM_HEAD_PROFILE {"active_ratio": 0.41390460792239286, "actual_logits_bytes": 0, "allocated_before_bytes": 4293233664, "backend": "fused", "calculate_entropy": false, "calculate_sum_pi_squared": false, "context_parallel_size": 2, "data_format": "thd", "dense_logits_bytes": 0, "dense_rows": 9896, "distillation_only": false, "elapsed_s": 0.13043218792881817, "element_size": 0, "entropy_from_logits_chunk_size": 2048, "entropy_from_logits_with_chunking": false, "event_id": 172, "logits_dtype": "none", "logits_saved_bytes": 0, "peak_allocated_bytes": 4407921664, "peak_increment_bytes": 114688000, "pipeline_parallel_size": 2, "projected_rows": 4096, "rank": 5, "response_only_enabled": true, "role": "ref", "selected_rows": 4096, "tensor_parallel_size": 2, "vocab_shard": 75968}
[36m(WorkerDict pid=3667371)[0m WARNING:2026-09-10 23:14:50,419:VERL_RESPONSE_ONLY_LM_HEAD_PROFILE {"active_ratio": 0.0, "actual_logits_bytes": 0, "allocated_before_bytes": 4293313536, "backend": "fused", "calculate_entropy": false, "calculate_sum_pi_squared": false, "context_parallel_size": 2, "data_format": "thd", "dense_logits_bytes": 0, "dense_rows": 9896, "distillation_only": false, "elapsed_s": 0.005551413050852716, "element_size": 0, "entropy_from_logits_chunk_size": 2048, "entropy_from_logits_with_chunking": false, "event_id": 173, "logits_dtype": "none", "logits_saved_bytes": 0, "peak_allocated_bytes": 4374503424, "peak_increment_bytes": 81189888, "pipeline_parallel_size": 2, "projected_rows": 1, "rank": 6, "response_only_enabled": true, "role": "ref", "selected_rows": 0, "tensor_parallel_size": 2, "vocab_shard": 75968}
[36m(WorkerDict pid=3667372)[0m WARNING:2026-09-10 23:14:50,419:VERL_RESPONSE_ONLY_LM_HEAD_PROFILE {"active_ratio": 0.0, "actual_logits_bytes": 0, "allocated_before_bytes": 4293313536, "backend": "fused", "calculate_entropy": false, "calculate_sum_pi_squared": false, "context_parallel_size": 2, "data_format": "thd", "dense_logits_bytes": 0, "dense_rows": 9896, "distillation_only": false, "elapsed_s": 0.005557282944209874, "element_size": 0, "entropy_from_logits_chunk_size": 2048, "entropy_from_logits_with_chunking": false, "event_id": 173, "logits_dtype": "none", "logits_saved_bytes": 0, "peak_allocated_bytes": 4374503424, "peak_increment_bytes": 81189888, "pipeline_parallel_size": 2, "projected_rows": 1, "rank": 7, "response_only_enabled": true, "role": "ref", "selected_rows": 0, "tensor_parallel_size": 2, "vocab_shard": 75968}
[36m(WorkerDict pid=3667370)[0m WARNING:2026-09-10 23:14:50,546:VERL_RESPONSE_ONLY_LM_HEAD_PROFILE {"active_ratio": 0.41390460792239286, "actual_logits_bytes": 0, "allocated_before_bytes": 4293313536, "backend": "fused", "calculate_entropy": false, "calculate_sum_pi_squared": false, "context_parallel_size": 2, "data_format": "thd", "dense_logits_bytes": 0, "dense_rows": 9896, "distillation_only": false, "elapsed_s": 0.13189411908388138, "element_size": 0, "entropy_from_logits_chunk_size": 2048, "entropy_from_logits_with_chunking": false, "event_id": 173, "logits_dtype": "none", "logits_saved_bytes": 0, "peak_allocated_bytes": 4408001536, "peak_increment_bytes": 114688000, "pipeline_parallel_size": 2, "projected_rows": 4096, "rank": 5, "response_only_enabled": true, "role": "ref", "selected_rows": 4096, "tensor_parallel_size": 2, "vocab_shard": 75968}
[36m(WorkerDict pid=3667371)[0m WARNING:2026-09-10 23:14:50,844:VERL_RESPONSE_ONLY_LM_HEAD_PROFILE {"active_ratio": 0.0, "actual_logits_bytes": 0, "allocated_before_bytes": 4293393408, "backend": "fused", "calculate_entropy": false, "calculate_sum_pi_squared": false, "context_parallel_size": 2, "data_format": "thd", "dense_logits_bytes": 0, "dense_rows": 9896, "distillation_only": false, "elapsed_s": 0.00568023300729692, "element_size": 0, "entropy_from_logits_chunk_size": 2048, "entropy_from_logits_with_chunking": false, "event_id": 174, "logits_dtype": "none", "logits_saved_bytes": 0, "peak_allocated_bytes": 4374583296, "peak_increment_bytes": 81189888, "pipeline_parallel_size": 2, "projected_rows": 1, "rank": 6, "response_only_enabled": true, "role": "ref", "selected_rows": 0, "tensor_parallel_size": 2, "vocab_shard": 75968}
[36m(WorkerDict pid=3667372)[0m WARNING:2026-09-10 23:14:50,844:VERL_RESPONSE_ONLY_LM_HEAD_PROFILE {"active_ratio": 0.0, "actual_logits_bytes": 0, "allocated_before_bytes": 4293393408, "backend": "fused", "calculate_entropy": false, "calculate_sum_pi_squared": false, "context_parallel_size": 2, "data_format": "thd", "dense_logits_bytes": 0, "dense_rows": 9896, "distillation_only": false, "elapsed_s": 0.0057553930673748255, "element_size": 0, "entropy_from_logits_chunk_size": 2048, "entropy_from_logits_with_chunking": false, "event_id": 174, "logits_dtype": "none", "logits_saved_bytes": 0, "peak_allocated_bytes": 4374583296, "peak_increment_bytes": 81189888, "pipeline_parallel_size": 2, "projected_rows": 1, "rank": 7, "response_only_enabled": true, "role": "ref", "selected_rows": 0, "tensor_parallel_size": 2, "vocab_shard": 75968}
[36m(WorkerDict pid=3667370)[0m WARNING:2026-09-10 23:14:50,970:VERL_RESPONSE_ONLY_LM_HEAD_PROFILE {"active_ratio": 0.41390460792239286, "actual_logits_bytes": 0, "allocated_before_bytes": 4293393408, "backend": "fused", "calculate_entropy": false, "calculate_sum_pi_squared": false, "context_parallel_size": 2, "data_format": "thd", "dense_logits_bytes": 0, "dense_rows": 9896, "distillation_only": false, "elapsed_s": 0.13089074904564768, "element_size": 0, "entropy_from_logits_chunk_size": 2048, "entropy_from_logits_with_chunking": false, "event_id": 174, "logits_dtype": "none", "logits_saved_bytes": 0, "peak_allocated_bytes": 4408081408, "peak_increment_bytes": 114688000, "pipeline_parallel_size": 2, "projected_rows": 4096, "rank": 5, "response_only_enabled": true, "role": "ref", "selected_rows": 4096, "tensor_parallel_size": 2, "vocab_shard": 75968}
[36m(WorkerDict pid=3667371)[0m WARNING:2026-09-10 23:14:51,269:VERL_RESPONSE_ONLY_LM_HEAD_PROFILE {"active_ratio": 0.0, "actual_logits_bytes": 0, "allocated_before_bytes": 4293473280, "backend": "fused", "calculate_entropy": false, "calculate_sum_pi_squared": false, "context_parallel_size": 2, "data_format": "thd", "dense_logits_bytes": 0, "dense_rows": 9896, "distillation_only": false, "elapsed_s": 0.005620962008833885, "element_size": 0, "entropy_from_logits_chunk_size": 2048, "entropy_from_logits_with_chunking": false, "event_id": 175, "logits_dtype": "none", "logits_saved_bytes": 0, "peak_allocated_bytes": 4374663168, "peak_increment_bytes": 81189888, "pipeline_parallel_size": 2, "projected_rows": 1, "rank": 6, "response_only_enabled": true, "role": "ref", "selected_rows": 0, "tensor_parallel_size": 2, "vocab_shard": 75968}
[36m(WorkerDict pid=3667372)[0m WARNING:2026-09-10 23:14:51,269:VERL_RESPONSE_ONLY_LM_HEAD_PROFILE {"active_ratio": 0.0, "actual_logits_bytes": 0, "allocated_before_bytes": 4293473280, "backend": "fused", "calculate_entropy": false, "calculate_sum_pi_squared": false, "context_parallel_size": 2, "data_format": "thd", "dense_logits_bytes": 0, "dense_rows": 9896, "distillation_only": false, "elapsed_s": 0.005606311955489218, "element_size": 0, "entropy_from_logits_chunk_size": 2048, "entropy_from_logits_with_chunking": false, "event_id": 175, "logits_dtype": "none", "logits_saved_bytes": 0, "peak_allocated_bytes": 4374663168, "peak_increment_bytes": 81189888, "pipeline_parallel_size": 2, "projected_rows": 1, "rank": 7, "response_only_enabled": true, "role": "ref", "selected_rows": 0, "tensor_parallel_size": 2, "vocab_shard": 75968}
[36m(WorkerDict pid=3667370)[0m WARNING:2026-09-10 23:14:51,393:VERL_RESPONSE_ONLY_LM_HEAD_PROFILE {"active_ratio": 0.41390460792239286, "actual_logits_bytes": 0, "allocated_before_bytes": 4293473280, "backend": "fused", "calculate_entropy": false, "calculate_sum_pi_squared": false, "context_parallel_size": 2, "data_format": "thd", "dense_logits_bytes": 0, "dense_rows": 9896, "distillation_only": false, "elapsed_s": 0.12999437795951962, "element_size": 0, "entropy_from_logits_chunk_size": 2048, "entropy_from_logits_with_chunking": false, "event_id": 175, "logits_dtype": "none", "logits_saved_bytes": 0, "peak_allocated_bytes": 4408161280, "peak_increment_bytes": 114688000, "pipeline_parallel_size": 2, "projected_rows": 4096, "rank": 5, "response_only_enabled": true, "role": "ref", "selected_rows": 4096, "tensor_parallel_size": 2, "vocab_shard": 75968}
[36m(WorkerDict pid=3667371)[0m WARNING:2026-09-10 23:14:59,310:VERL_RESPONSE_ONLY_LM_HEAD_PROFILE {"active_ratio": 0.0, "actual_logits_bytes": 0, "allocated_before_bytes": 25499577856, "backend": "fused", "calculate_entropy": true, "calculate_sum_pi_squared": false, "context_parallel_size": 2, "data_format": "thd", "dense_logits_bytes": 0, "dense_rows": 9896, "distillation_only": false, "elapsed_s": 0.005565912113524973, "element_size": 0, "entropy_from_logits_chunk_size": 2048, "entropy_from_logits_with_chunking": false, "event_id": 176, "logits_dtype": "none", "logits_saved_bytes": 0, "peak_allocated_bytes": 25580768768, "peak_increment_bytes": 81190912, "pipeline_parallel_size": 2, "projected_rows": 1, "rank": 6, "response_only_enabled": true, "role": "actor", "selected_rows": 0, "tensor_parallel_size": 2, "vocab_shard": 75968}
[36m(WorkerDict pid=3667372)[0m WARNING:2026-09-10 23:14:59,310:VERL_RESPONSE_ONLY_LM_HEAD_PROFILE {"active_ratio": 0.0, "actual_logits_bytes": 0, "allocated_before_bytes": 25499577856, "backend": "fused", "calculate_entropy": true, "calculate_sum_pi_squared": false, "context_parallel_size": 2, "data_format": "thd", "dense_logits_bytes": 0, "dense_rows": 9896, "distillation_only": false, "elapsed_s": 0.005559272016398609, "element_size": 0, "entropy_from_logits_chunk_size": 2048, "entropy_from_logits_with_chunking": false, "event_id": 176, "logits_dtype": "none", "logits_saved_bytes": 0, "peak_allocated_bytes": 25580768768, "peak_increment_bytes": 81190912, "pipeline_parallel_size": 2, "projected_rows": 1, "rank": 7, "response_only_enabled": true, "role": "actor", "selected_rows": 0, "tensor_parallel_size": 2, "vocab_shard": 75968}
[36m(WorkerDict pid=3667370)[0m WARNING:2026-09-10 23:14:59,436:VERL_RESPONSE_ONLY_LM_HEAD_PROFILE {"active_ratio": 0.41390460792239286, "actual_logits_bytes": 0, "allocated_before_bytes": 25499577856, "backend": "fused", "calculate_entropy": true, "calculate_sum_pi_squared": false, "context_parallel_size": 2, "data_format": "thd", "dense_logits_bytes": 0, "dense_rows": 9896, "distillation_only": false, "elapsed_s": 0.13033082790207118, "element_size": 0, "entropy_from_logits_chunk_size": 2048, "entropy_from_logits_with_chunking": false, "event_id": 176, "logits_dtype": "none", "logits_saved_bytes": 0, "peak_allocated_bytes": 25614265856, "peak_increment_bytes": 114688000, "pipeline_parallel_size": 2, "projected_rows": 4096, "rank": 5, "response_only_enabled": true, "role": "actor", "selected_rows": 4096, "tensor_parallel_size": 2, "vocab_shard": 75968}
[36m(WorkerDict pid=3667371)[0m WARNING:2026-09-10 23:15:00,774:VERL_RESPONSE_ONLY_LM_HEAD_PROFILE {"active_ratio": 0.0, "actual_logits_bytes": 0, "allocated_before_bytes": 25733210624, "backend": "fused", "calculate_entropy": true, "calculate_sum_pi_squared": false, "context_parallel_size": 2, "data_format": "thd", "dense_logits_bytes": 0, "dense_rows": 9896, "distillation_only": false, "elapsed_s": 0.005608723033219576, "element_size": 0, "entropy_from_logits_chunk_size": 2048, "entropy_from_logits_with_chunking": false, "event_id": 177, "logits_dtype": "none", "logits_saved_bytes": 0, "peak_allocated_bytes": 25814401536, "peak_increment_bytes": 81190912, "pipeline_parallel_size": 2, "projected_rows": 1, "rank": 6, "response_only_enabled": true, "role": "actor", "selected_rows": 0, "tensor_parallel_size": 2, "vocab_shard": 75968}
[36m(WorkerDict pid=3667372)[0m WARNING:2026-09-10 23:15:00,774:VERL_RESPONSE_ONLY_LM_HEAD_PROFILE {"active_ratio": 0.0, "actual_logits_bytes": 0, "allocated_before_bytes": 25733210624, "backend": "fused", "calculate_entropy": true, "calculate_sum_pi_squared": false, "context_parallel_size": 2, "data_format": "thd", "dense_logits_bytes": 0, "dense_rows": 9896, "distillation_only": false, "elapsed_s": 0.005584972910583019, "element_size": 0, "entropy_from_logits_chunk_size": 2048, "entropy_from_logits_with_chunking": false, "event_id": 177, "logits_dtype": "none", "logits_saved_bytes": 0, "peak_allocated_bytes": 25814401536, "peak_increment_bytes": 81190912, "pipeline_parallel_size": 2, "projected_rows": 1, "rank": 7, "response_only_enabled": true, "role": "actor", "selected_rows": 0, "tensor_parallel_size": 2, "vocab_shard": 75968}
[36m(WorkerDict pid=3667370)[0m WARNING:2026-09-10 23:15:00,899:VERL_RESPONSE_ONLY_LM_HEAD_PROFILE {"active_ratio": 0.41390460792239286, "actual_logits_bytes": 0, "allocated_before_bytes": 25733210624, "backend": "fused", "calculate_entropy": true, "calculate_sum_pi_squared": false, "context_parallel_size": 2, "data_format": "thd", "dense_logits_bytes": 0, "dense_rows": 9896, "distillation_only": false, "elapsed_s": 0.13108030892908573, "element_size": 0, "entropy_from_logits_chunk_size": 2048, "entropy_from_logits_with_chunking": false, "event_id": 177, "logits_dtype": "none", "logits_saved_bytes": 0, "peak_allocated_bytes": 25847898624, "peak_increment_bytes": 114688000, "pipeline_parallel_size": 2, "projected_rows": 4096, "rank": 5, "response_only_enabled": true, "role": "actor", "selected_rows": 4096, "tensor_parallel_size": 2, "vocab_shard": 75968}
[36m(WorkerDict pid=3667371)[0m WARNING:2026-09-10 23:15:02,241:VERL_RESPONSE_ONLY_LM_HEAD_PROFILE {"active_ratio": 0.0, "actual_logits_bytes": 0, "allocated_before_bytes": 25773904896, "backend": "fused", "calculate_entropy": true, "calculate_sum_pi_squared": false, "context_parallel_size": 2, "data_format": "thd", "dense_logits_bytes": 0, "dense_rows": 9896, "distillation_only": false, "elapsed_s": 0.005668642930686474, "element_size": 0, "entropy_from_logits_chunk_size": 2048, "entropy_from_logits_with_chunking": false, "event_id": 178, "logits_dtype": "none", "logits_saved_bytes": 0, "peak_allocated_bytes": 25855095808, "peak_increment_bytes": 81190912, "pipeline_parallel_size": 2, "projected_rows": 1, "rank": 6, "response_only_enabled": true, "role": "actor", "selected_rows": 0, "tensor_parallel_size": 2, "vocab_shard": 75968}
[36m(WorkerDict pid=3667372)[0m WARNING:2026-09-10 23:15:02,241:VERL_RESPONSE_ONLY_LM_HEAD_PROFILE {"active_ratio": 0.0, "actual_logits_bytes": 0, "allocated_before_bytes": 25773904896, "backend": "fused", "calculate_entropy": true, "calculate_sum_pi_squared": false, "context_parallel_size": 2, "data_format": "thd", "dense_logits_bytes": 0, "dense_rows": 9896, "distillation_only": false, "elapsed_s": 0.005656233057379723, "element_size": 0, "entropy_from_logits_chunk_size": 2048, "entropy_from_logits_with_chunking": false, "event_id": 178, "logits_dtype": "none", "logits_saved_bytes": 0, "peak_allocated_bytes": 25855095808, "peak_increment_bytes": 81190912, "pipeline_parallel_size": 2, "projected_rows": 1, "rank": 7, "response_only_enabled": true, "role": "actor", "selected_rows": 0, "tensor_parallel_size": 2, "vocab_shard": 75968}
[36m(WorkerDict pid=3667370)[0m WARNING:2026-09-10 23:15:02,367:VERL_RESPONSE_ONLY_LM_HEAD_PROFILE {"active_ratio": 0.41390460792239286, "actual_logits_bytes": 0, "allocated_before_bytes": 25773904896, "backend": "fused", "calculate_entropy": true, "calculate_sum_pi_squared": false, "context_parallel_size": 2, "data_format": "thd", "dense_logits_bytes": 0, "dense_rows": 9896, "distillation_only": false, "elapsed_s": 0.13072959892451763, "element_size": 0, "entropy_from_logits_chunk_size": 2048, "entropy_from_logits_with_chunking": false, "event_id": 178, "logits_dtype": "none", "logits_saved_bytes": 0, "peak_allocated_bytes": 25888592896, "peak_increment_bytes": 114688000, "pipeline_parallel_size": 2, "projected_rows": 4096, "rank": 5, "response_only_enabled": true, "role": "actor", "selected_rows": 4096, "tensor_parallel_size": 2, "vocab_shard": 75968}
[36m(WorkerDict pid=3667371)[0m WARNING:2026-09-10 23:15:03,705:VERL_RESPONSE_ONLY_LM_HEAD_PROFILE {"active_ratio": 0.0, "actual_logits_bytes": 0, "allocated_before_bytes": 25814599168, "backend": "fused", "calculate_entropy": true, "calculate_sum_pi_squared": false, "context_parallel_size": 2, "data_format": "thd", "dense_logits_bytes": 0, "dense_rows": 9896, "distillation_only": false, "elapsed_s": 0.005568252992816269, "element_size": 0, "entropy_from_logits_chunk_size": 2048, "entropy_from_logits_with_chunking": false, "event_id": 179, "logits_dtype": "none", "logits_saved_bytes": 0, "peak_allocated_bytes": 25895790080, "peak_increment_bytes": 81190912, "pipeline_parallel_size": 2, "projected_rows": 1, "rank": 6, "response_only_enabled": true, "role": "actor", "selected_rows": 0, "tensor_parallel_size": 2, "vocab_shard": 75968}
[36m(WorkerDict pid=3667372)[0m WARNING:2026-09-10 23:15:03,705:VERL_RESPONSE_ONLY_LM_HEAD_PROFILE {"active_ratio": 0.0, "actual_logits_bytes": 0, "allocated_before_bytes": 25814599168, "backend": "fused", "calculate_entropy": true, "calculate_sum_pi_squared": false, "context_parallel_size": 2, "data_format": "thd", "dense_logits_bytes": 0, "dense_rows": 9896, "distillation_only": false, "elapsed_s": 0.00555058300960809, "element_size": 0, "entropy_from_logits_chunk_size": 2048, "entropy_from_logits_with_chunking": false, "event_id": 179, "logits_dtype": "none", "logits_saved_bytes": 0, "peak_allocated_bytes": 25895790080, "peak_increment_bytes": 81190912, "pipeline_parallel_size": 2, "projected_rows": 1, "rank": 7, "response_only_enabled": true, "role": "actor", "selected_rows": 0, "tensor_parallel_size": 2, "vocab_shard": 75968}
[36m(WorkerDict pid=3667370)[0m WARNING:2026-09-10 23:15:03,831:VERL_RESPONSE_ONLY_LM_HEAD_PROFILE {"active_ratio": 0.41390460792239286, "actual_logits_bytes": 0, "allocated_before_bytes": 25814599168, "backend": "fused", "calculate_entropy": true, "calculate_sum_pi_squared": false, "context_parallel_size": 2, "data_format": "thd", "dense_logits_bytes": 0, "dense_rows": 9896, "distillation_only": false, "elapsed_s": 0.13068334804847836, "element_size": 0, "entropy_from_logits_chunk_size": 2048, "entropy_from_logits_with_chunking": false, "event_id": 179, "logits_dtype": "none", "logits_saved_bytes": 0, "peak_allocated_bytes": 25929287168, "peak_increment_bytes": 114688000, "pipeline_parallel_size": 2, "projected_rows": 4096, "rank": 5, "response_only_enabled": true, "role": "actor", "selected_rows": 4096, "tensor_parallel_size": 2, "vocab_shard": 75968}
[36m(WorkerDict pid=3667371)[0m WARNING:2026-09-10 23:15:06,445:VERL_RESPONSE_ONLY_LM_HEAD_PROFILE {"active_ratio": 0.0, "actual_logits_bytes": 0, "allocated_before_bytes": 25691858432, "backend": "fused", "calculate_entropy": true, "calculate_sum_pi_squared": false, "context_parallel_size": 2, "data_format": "thd", "dense_logits_bytes": 0, "dense_rows": 9888, "distillation_only": false, "elapsed_s": 0.005656113033182919, "element_size": 0, "entropy_from_logits_chunk_size": 2048, "entropy_from_logits_with_chunking": false, "event_id": 180, "logits_dtype": "none", "logits_saved_bytes": 0, "peak_allocated_bytes": 25772983808, "peak_increment_bytes": 81125376, "pipeline_parallel_size": 2, "projected_rows": 1, "rank": 6, "response_only_enabled": true, "role": "actor", "selected_rows": 0, "tensor_parallel_size": 2, "vocab_shard": 75968}
[36m(WorkerDict pid=3667372)[0m WARNING:2026-09-10 23:15:06,445:VERL_RESPONSE_ONLY_LM_HEAD_PROFILE {"active_ratio": 0.0, "actual_logits_bytes": 0, "allocated_before_bytes": 25691858432, "backend": "fused", "calculate_entropy": true, "calculate_sum_pi_squared": false, "context_parallel_size": 2, "data_format": "thd", "dense_logits_bytes": 0, "dense_rows": 9888, "distillation_only": false, "elapsed_s": 0.0057576330145820975, "element_size": 0, "entropy_from_logits_chunk_size": 2048, "entropy_from_logits_with_chunking": false, "event_id": 180, "logits_dtype": "none", "logits_saved_bytes": 0, "peak_allocated_bytes": 25772983808, "peak_increment_bytes": 81125376, "pipeline_parallel_size": 2, "projected_rows": 1, "rank": 7, "response_only_enabled": true, "role": "actor", "selected_rows": 0, "tensor_parallel_size": 2, "vocab_shard": 75968}
[36m(WorkerDict pid=3667370)[0m WARNING:2026-09-10 23:15:06,570:VERL_RESPONSE_ONLY_LM_HEAD_PROFILE {"active_ratio": 0.41423948220064727, "actual_logits_bytes": 0, "allocated_before_bytes": 25691858432, "backend": "fused", "calculate_entropy": true, "calculate_sum_pi_squared": false, "context_parallel_size": 2, "data_format": "thd", "dense_logits_bytes": 0, "dense_rows": 9888, "distillation_only": false, "elapsed_s": 0.1304430179297924, "element_size": 0, "entropy_from_logits_chunk_size": 2048, "entropy_from_logits_with_chunking": false, "event_id": 180, "logits_dtype": "none", "logits_saved_bytes": 0, "peak_allocated_bytes": 25806480896, "peak_increment_bytes": 114622464, "pipeline_parallel_size": 2, "projected_rows": 4096, "rank": 5, "response_only_enabled": true, "role": "actor", "selected_rows": 4096, "tensor_parallel_size": 2, "vocab_shard": 75968}
[36m(WorkerDict pid=3667371)[0m WARNING:2026-09-10 23:15:07,906:VERL_RESPONSE_ONLY_LM_HEAD_PROFILE {"active_ratio": 0.0, "actual_logits_bytes": 0, "allocated_before_bytes": 25732520448, "backend": "fused", "calculate_entropy": true, "calculate_sum_pi_squared": false, "context_parallel_size": 2, "data_format": "thd", "dense_logits_bytes": 0, "dense_rows": 9888, "distillation_only": false, "elapsed_s": 0.0056429419200867414, "element_size": 0, "entropy_from_logits_chunk_size": 2048, "entropy_from_logits_with_chunking": false, "event_id": 181, "logits_dtype": "none", "logits_saved_bytes": 0, "peak_allocated_bytes": 25813645824, "peak_increment_bytes": 81125376, "pipeline_parallel_size": 2, "projected_rows": 1, "rank": 6, "response_only_enabled": true, "role": "actor", "selected_rows": 0, "tensor_parallel_size": 2, "vocab_shard": 75968}
[36m(WorkerDict pid=3667372)[0m WARNING:2026-09-10 23:15:07,906:VERL_RESPONSE_ONLY_LM_HEAD_PROFILE {"active_ratio": 0.0, "actual_logits_bytes": 0, "allocated_before_bytes": 25732520448, "backend": "fused", "calculate_entropy": true, "calculate_sum_pi_squared": false, "context_parallel_size": 2, "data_format": "thd", "dense_logits_bytes": 0, "dense_rows": 9888, "distillation_only": false, "elapsed_s": 0.005773933022283018, "element_size": 0, "entropy_from_logits_chunk_size": 2048, "entropy_from_logits_with_chunking": false, "event_id": 181, "logits_dtype": "none", "logits_saved_bytes": 0, "peak_allocated_bytes": 25813645824, "peak_increment_bytes": 81125376, "pipeline_parallel_size": 2, "projected_rows": 1, "rank": 7, "response_only_enabled": true, "role": "actor", "selected_rows": 0, "tensor_parallel_size": 2, "vocab_shard": 75968}
[36m(WorkerDict pid=3667370)[0m WARNING:2026-09-10 23:15:08,032:VERL_RESPONSE_ONLY_LM_HEAD_PROFILE {"active_ratio": 0.41423948220064727, "actual_logits_bytes": 0, "allocated_before_bytes": 25732520448, "backend": "fused", "calculate_entropy": true, "calculate_sum_pi_squared": false, "context_parallel_size": 2, "data_format": "thd", "dense_logits_bytes": 0, "dense_rows": 9888, "distillation_only": false, "elapsed_s": 0.1309420979814604, "element_size": 0, "entropy_from_logits_chunk_size": 2048, "entropy_from_logits_with_chunking": false, "event_id": 181, "logits_dtype": "none", "logits_saved_bytes": 0, "peak_allocated_bytes": 25847142912, "peak_increment_bytes": 114622464, "pipeline_parallel_size": 2, "projected_rows": 4096, "rank": 5, "response_only_enabled": true, "role": "actor", "selected_rows": 4096, "tensor_parallel_size": 2, "vocab_shard": 75968}
[36m(WorkerDict pid=3667371)[0m WARNING:2026-09-10 23:15:09,369:VERL_RESPONSE_ONLY_LM_HEAD_PROFILE {"active_ratio": 0.0, "actual_logits_bytes": 0, "allocated_before_bytes": 25773181952, "backend": "fused", "calculate_entropy": true, "calculate_sum_pi_squared": false, "context_parallel_size": 2, "data_format": "thd", "dense_logits_bytes": 0, "dense_rows": 9888, "distillation_only": false, "elapsed_s": 0.005692583043128252, "element_size": 0, "entropy_from_logits_chunk_size": 2048, "entropy_from_logits_with_chunking": false, "event_id": 182, "logits_dtype": "none", "logits_saved_bytes": 0, "peak_allocated_bytes": 25854307328, "peak_increment_bytes": 81125376, "pipeline_parallel_size": 2, "projected_rows": 1, "rank": 6, "response_only_enabled": true, "role": "actor", "selected_rows": 0, "tensor_parallel_size": 2, "vocab_shard": 75968}
[36m(WorkerDict pid=3667372)[0m WARNING:2026-09-10 23:15:09,369:VERL_RESPONSE_ONLY_LM_HEAD_PROFILE {"active_ratio": 0.0, "actual_logits_bytes": 0, "allocated_before_bytes": 25773181952, "backend": "fused", "calculate_entropy": true, "calculate_sum_pi_squared": false, "context_parallel_size": 2, "data_format": "thd", "dense_logits_bytes": 0, "dense_rows": 9888, "distillation_only": false, "elapsed_s": 0.005645263008773327, "element_size": 0, "entropy_from_logits_chunk_size": 2048, "entropy_from_logits_with_chunking": false, "event_id": 182, "logits_dtype": "none", "logits_saved_bytes": 0, "peak_allocated_bytes": 25854307328, "peak_increment_bytes": 81125376, "pipeline_parallel_size": 2, "projected_rows": 1, "rank": 7, "response_only_enabled": true, "role": "actor", "selected_rows": 0, "tensor_parallel_size": 2, "vocab_shard": 75968}
[36m(WorkerDict pid=3667370)[0m WARNING:2026-09-10 23:15:09,495:VERL_RESPONSE_ONLY_LM_HEAD_PROFILE {"active_ratio": 0.41423948220064727, "actual_logits_bytes": 0, "allocated_before_bytes": 25773181952, "backend": "fused", "calculate_entropy": true, "calculate_sum_pi_squared": false, "context_parallel_size": 2, "data_format": "thd", "dense_logits_bytes": 0, "dense_rows": 9888, "distillation_only": false, "elapsed_s": 0.13116347894538194, "element_size": 0, "entropy_from_logits_chunk_size": 2048, "entropy_from_logits_with_chunking": false, "event_id": 182, "logits_dtype": "none", "logits_saved_bytes": 0, "peak_allocated_bytes": 25887804416, "peak_increment_bytes": 114622464, "pipeline_parallel_size": 2, "projected_rows": 4096, "rank": 5, "response_only_enabled": true, "role": "actor", "selected_rows": 4096, "tensor_parallel_size": 2, "vocab_shard": 75968}
[36m(WorkerDict pid=3667371)[0m WARNING:2026-09-10 23:15:10,839:VERL_RESPONSE_ONLY_LM_HEAD_PROFILE {"active_ratio": 0.0, "actual_logits_bytes": 0, "allocated_before_bytes": 25813843456, "backend": "fused", "calculate_entropy": true, "calculate_sum_pi_squared": false, "context_parallel_size": 2, "data_format": "thd", "dense_logits_bytes": 0, "dense_rows": 9888, "distillation_only": false, "elapsed_s": 0.005786953028291464, "element_size": 0, "entropy_from_logits_chunk_size": 2048, "entropy_from_logits_with_chunking": false, "event_id": 183, "logits_dtype": "none", "logits_saved_bytes": 0, "peak_allocated_bytes": 25894968832, "peak_increment_bytes": 81125376, "pipeline_parallel_size": 2, "projected_rows": 1, "rank": 6, "response_only_enabled": true, "role": "actor", "selected_rows": 0, "tensor_parallel_size": 2, "vocab_shard": 75968}
[36m(WorkerDict pid=3667372)[0m WARNING:2026-09-10 23:15:10,839:VERL_RESPONSE_ONLY_LM_HEAD_PROFILE {"active_ratio": 0.0, "actual_logits_bytes": 0, "allocated_before_bytes": 25813843456, "backend": "fused", "calculate_entropy": true, "calculate_sum_pi_squared": false, "context_parallel_size": 2, "data_format": "thd", "dense_logits_bytes": 0, "dense_rows": 9888, "distillation_only": false, "elapsed_s": 0.005731593002565205, "element_size": 0, "entropy_from_logits_chunk_size": 2048, "entropy_from_logits_with_chunking": false, "event_id": 183, "logits_dtype": "none", "logits_saved_bytes": 0, "peak_allocated_bytes": 25894968832, "peak_increment_bytes": 81125376, "pipeline_parallel_size": 2, "projected_rows": 1, "rank": 7, "response_only_enabled": true, "role": "actor", "selected_rows": 0, "tensor_parallel_size": 2, "vocab_shard": 75968}
[36m(WorkerDict pid=3667370)[0m WARNING:2026-09-10 23:15:10,963:VERL_RESPONSE_ONLY_LM_HEAD_PROFILE {"active_ratio": 0.41423948220064727, "actual_logits_bytes": 0, "allocated_before_bytes": 25813843456, "backend": "fused", "calculate_entropy": true, "calculate_sum_pi_squared": false, "context_parallel_size": 2, "data_format": "thd", "dense_logits_bytes": 0, "dense_rows": 9888, "distillation_only": false, "elapsed_s": 0.13055824907496572, "element_size": 0, "entropy_from_logits_chunk_size": 2048, "entropy_from_logits_with_chunking": false, "event_id": 183, "logits_dtype": "none", "logits_saved_bytes": 0, "peak_allocated_bytes": 25928465920, "peak_increment_bytes": 114622464, "pipeline_parallel_size": 2, "projected_rows": 4096, "rank": 5, "response_only_enabled": true, "role": "actor", "selected_rows": 4096, "tensor_parallel_size": 2, "vocab_shard": 75968}
[36m(WorkerDict pid=3667371)[0m WARNING:2026-09-10 23:15:13,572:VERL_RESPONSE_ONLY_LM_HEAD_PROFILE {"active_ratio": 0.0, "actual_logits_bytes": 0, "allocated_before_bytes": 25691858432, "backend": "fused", "calculate_entropy": true, "calculate_sum_pi_squared": false, "context_parallel_size": 2, "data_format": "thd", "dense_logits_bytes": 0, "dense_rows": 9888, "distillation_only": false, "elapsed_s": 0.0055507729994133115, "element_size": 0, "entropy_from_logits_chunk_size": 2048, "entropy_from_logits_with_chunking": false, "event_id": 184, "logits_dtype": "none", "logits_saved_bytes": 0, "peak_allocated_bytes": 25772983808, "peak_increment_bytes": 81125376, "pipeline_parallel_size": 2, "projected_rows": 1, "rank": 6, "response_only_enabled": true, "role": "actor", "selected_rows": 0, "tensor_parallel_size": 2, "vocab_shard": 75968}
[36m(WorkerDict pid=3667372)[0m WARNING:2026-09-10 23:15:13,572:VERL_RESPONSE_ONLY_LM_HEAD_PROFILE {"active_ratio": 0.0, "actual_logits_bytes": 0, "allocated_before_bytes": 25691858432, "backend": "fused", "calculate_entropy": true, "calculate_sum_pi_squared": false, "context_parallel_size": 2, "data_format": "thd", "dense_logits_bytes": 0, "dense_rows": 9888, "distillation_only": false, "elapsed_s": 0.005713142920285463, "element_size": 0, "entropy_from_logits_chunk_size": 2048, "entropy_from_logits_with_chunking": false, "event_id": 184, "logits_dtype": "none", "logits_saved_bytes": 0, "peak_allocated_bytes": 25772983808, "peak_increment_bytes": 81125376, "pipeline_parallel_size": 2, "projected_rows": 1, "rank": 7, "response_only_enabled": true, "role": "actor", "selected_rows": 0, "tensor_parallel_size": 2, "vocab_shard": 75968}
[36m(WorkerDict pid=3667370)[0m WARNING:2026-09-10 23:15:13,699:VERL_RESPONSE_ONLY_LM_HEAD_PROFILE {"active_ratio": 0.41423948220064727, "actual_logits_bytes": 0, "allocated_before_bytes": 25691858432, "backend": "fused", "calculate_entropy": true, "calculate_sum_pi_squared": false, "context_parallel_size": 2, "data_format": "thd", "dense_logits_bytes": 0, "dense_rows": 9888, "distillation_only": false, "elapsed_s": 0.13154541794210672, "element_size": 0, "entropy_from_logits_chunk_size": 2048, "entropy_from_logits_with_chunking": false, "event_id": 184, "logits_dtype": "none", "logits_saved_bytes": 0, "peak_allocated_bytes": 25806480896, "peak_increment_bytes": 114622464, "pipeline_parallel_size": 2, "projected_rows": 4096, "rank": 5, "response_only_enabled": true, "role": "actor", "selected_rows": 4096, "tensor_parallel_size": 2, "vocab_shard": 75968}
[36m(WorkerDict pid=3667371)[0m WARNING:2026-09-10 23:15:15,039:VERL_RESPONSE_ONLY_LM_HEAD_PROFILE {"active_ratio": 0.0, "actual_logits_bytes": 0, "allocated_before_bytes": 25732520448, "backend": "fused", "calculate_entropy": true, "calculate_sum_pi_squared": false, "context_parallel_size": 2, "data_format": "thd", "dense_logits_bytes": 0, "dense_rows": 9888, "distillation_only": false, "elapsed_s": 0.005713892984203994, "element_size": 0, "entropy_from_logits_chunk_size": 2048, "entropy_from_logits_with_chunking": false, "event_id": 185, "logits_dtype": "none", "logits_saved_bytes": 0, "peak_allocated_bytes": 25813645824, "peak_increment_bytes": 81125376, "pipeline_parallel_size": 2, "projected_rows": 1, "rank": 6, "response_only_enabled": true, "role": "actor", "selected_rows": 0, "tensor_parallel_size": 2, "vocab_shard": 75968}
[36m(WorkerDict pid=3667372)[0m WARNING:2026-09-10 23:15:15,039:VERL_RESPONSE_ONLY_LM_HEAD_PROFILE {"active_ratio": 0.0, "actual_logits_bytes": 0, "allocated_before_bytes": 25732520448, "backend": "fused", "calculate_entropy": true, "calculate_sum_pi_squared": false, "context_parallel_size": 2, "data_format": "thd", "dense_logits_bytes": 0, "dense_rows": 9888, "distillation_only": false, "elapsed_s": 0.005600592936389148, "element_size": 0, "entropy_from_logits_chunk_size": 2048, "entropy_from_logits_with_chunking": false, "event_id": 185, "logits_dtype": "none", "logits_saved_bytes": 0, "peak_allocated_bytes": 25813645824, "peak_increment_bytes": 81125376, "pipeline_parallel_size": 2, "projected_rows": 1, "rank": 7, "response_only_enabled": true, "role": "actor", "selected_rows": 0, "tensor_parallel_size": 2, "vocab_shard": 75968}
[36m(WorkerDict pid=3667370)[0m WARNING:2026-09-10 23:15:15,165:VERL_RESPONSE_ONLY_LM_HEAD_PROFILE {"active_ratio": 0.41423948220064727, "actual_logits_bytes": 0, "allocated_before_bytes": 25732520448, "backend": "fused", "calculate_entropy": true, "calculate_sum_pi_squared": false, "context_parallel_size": 2, "data_format": "thd", "dense_logits_bytes": 0, "dense_rows": 9888, "distillation_only": false, "elapsed_s": 0.13114417903125286, "element_size": 0, "entropy_from_logits_chunk_size": 2048, "entropy_from_logits_with_chunking": false, "event_id": 185, "logits_dtype": "none", "logits_saved_bytes": 0, "peak_allocated_bytes": 25847142912, "peak_increment_bytes": 114622464, "pipeline_parallel_size": 2, "projected_rows": 4096, "rank": 5, "response_only_enabled": true, "role": "actor", "selected_rows": 4096, "tensor_parallel_size": 2, "vocab_shard": 75968}
[36m(WorkerDict pid=3667371)[0m WARNING:2026-09-10 23:15:16,504:VERL_RESPONSE_ONLY_LM_HEAD_PROFILE {"active_ratio": 0.0, "actual_logits_bytes": 0, "allocated_before_bytes": 25773181952, "backend": "fused", "calculate_entropy": true, "calculate_sum_pi_squared": false, "context_parallel_size": 2, "data_format": "thd", "dense_logits_bytes": 0, "dense_rows": 9888, "distillation_only": false, "elapsed_s": 0.005757543025538325, "element_size": 0, "entropy_from_logits_chunk_size": 2048, "entropy_from_logits_with_chunking": false, "event_id": 186, "logits_dtype": "none", "logits_saved_bytes": 0, "peak_allocated_bytes": 25854307328, "peak_increment_bytes": 81125376, "pipeline_parallel_size": 2, "projected_rows": 1, "rank": 6, "response_only_enabled": true, "role": "actor", "selected_rows": 0, "tensor_parallel_size": 2, "vocab_shard": 75968}
[36m(WorkerDict pid=3667372)[0m WARNING:2026-09-10 23:15:16,504:VERL_RESPONSE_ONLY_LM_HEAD_PROFILE {"active_ratio": 0.0, "actual_logits_bytes": 0, "allocated_before_bytes": 25773181952, "backend": "fused", "calculate_entropy": true, "calculate_sum_pi_squared": false, "context_parallel_size": 2, "data_format": "thd", "dense_logits_bytes": 0, "dense_rows": 9888, "distillation_only": false, "elapsed_s": 0.005735031911171973, "element_size": 0, "entropy_from_logits_chunk_size": 2048, "entropy_from_logits_with_chunking": false, "event_id": 186, "logits_dtype": "none", "logits_saved_bytes": 0, "peak_allocated_bytes": 25854307328, "peak_increment_bytes": 81125376, "pipeline_parallel_size": 2, "projected_rows": 1, "rank": 7, "response_only_enabled": true, "role": "actor", "selected_rows": 0, "tensor_parallel_size": 2, "vocab_shard": 75968}
[36m(WorkerDict pid=3667370)[0m WARNING:2026-09-10 23:15:16,629:VERL_RESPONSE_ONLY_LM_HEAD_PROFILE {"active_ratio": 0.41423948220064727, "actual_logits_bytes": 0, "allocated_before_bytes": 25773181952, "backend": "fused", "calculate_entropy": true, "calculate_sum_pi_squared": false, "context_parallel_size": 2, "data_format": "thd", "dense_logits_bytes": 0, "dense_rows": 9888, "distillation_only": false, "elapsed_s": 0.1308174979640171, "element_size": 0, "entropy_from_logits_chunk_size": 2048, "entropy_from_logits_with_chunking": false, "event_id": 186, "logits_dtype": "none", "logits_saved_bytes": 0, "peak_allocated_bytes": 25887804416, "peak_increment_bytes": 114622464, "pipeline_parallel_size": 2, "projected_rows": 4096, "rank": 5, "response_only_enabled": true, "role": "actor", "selected_rows": 4096, "tensor_parallel_size": 2, "vocab_shard": 75968}
[36m(WorkerDict pid=3667371)[0m WARNING:2026-09-10 23:15:17,973:VERL_RESPONSE_ONLY_LM_HEAD_PROFILE {"active_ratio": 0.0, "actual_logits_bytes": 0, "allocated_before_bytes": 25813843456, "backend": "fused", "calculate_entropy": true, "calculate_sum_pi_squared": false, "context_parallel_size": 2, "data_format": "thd", "dense_logits_bytes": 0, "dense_rows": 9888, "distillation_only": false, "elapsed_s": 0.0055729920277372, "element_size": 0, "entropy_from_logits_chunk_size": 2048, "entropy_from_logits_with_chunking": false, "event_id": 187, "logits_dtype": "none", "logits_saved_bytes": 0, "peak_allocated_bytes": 25894968832, "peak_increment_bytes": 81125376, "pipeline_parallel_size": 2, "projected_rows": 1, "rank": 6, "response_only_enabled": true, "role": "actor", "selected_rows": 0, "tensor_parallel_size": 2, "vocab_shard": 75968}
[36m(WorkerDict pid=3667372)[0m WARNING:2026-09-10 23:15:17,973:VERL_RESPONSE_ONLY_LM_HEAD_PROFILE {"active_ratio": 0.0, "actual_logits_bytes": 0, "allocated_before_bytes": 25813843456, "backend": "fused", "calculate_entropy": true, "calculate_sum_pi_squared": false, "context_parallel_size": 2, "data_format": "thd", "dense_logits_bytes": 0, "dense_rows": 9888, "distillation_only": false, "elapsed_s": 0.005603522062301636, "element_size": 0, "entropy_from_logits_chunk_size": 2048, "entropy_from_logits_with_chunking": false, "event_id": 187, "logits_dtype": "none", "logits_saved_bytes": 0, "peak_allocated_bytes": 25894968832, "peak_increment_bytes": 81125376, "pipeline_parallel_size": 2, "projected_rows": 1, "rank": 7, "response_only_enabled": true, "role": "actor", "selected_rows": 0, "tensor_parallel_size": 2, "vocab_shard": 75968}
[36m(WorkerDict pid=3667370)[0m WARNING:2026-09-10 23:15:18,099:VERL_RESPONSE_ONLY_LM_HEAD_PROFILE {"active_ratio": 0.41423948220064727, "actual_logits_bytes": 0, "allocated_before_bytes": 25813843456, "backend": "fused", "calculate_entropy": true, "calculate_sum_pi_squared": false, "context_parallel_size": 2, "data_format": "thd", "dense_logits_bytes": 0, "dense_rows": 9888, "distillation_only": false, "elapsed_s": 0.13097843807190657, "element_size": 0, "entropy_from_logits_chunk_size": 2048, "entropy_from_logits_with_chunking": false, "event_id": 187, "logits_dtype": "none", "logits_saved_bytes": 0, "peak_allocated_bytes": 25928465920, "peak_increment_bytes": 114622464, "pipeline_parallel_size": 2, "projected_rows": 4096, "rank": 5, "response_only_enabled": true, "role": "actor", "selected_rows": 4096, "tensor_parallel_size": 2, "vocab_shard": 75968}
[36m(WorkerDict pid=3667371)[0m WARNING:2026-09-10 23:15:20,711:VERL_RESPONSE_ONLY_LM_HEAD_PROFILE {"active_ratio": 0.0, "actual_logits_bytes": 0, "allocated_before_bytes": 25692515840, "backend": "fused", "calculate_entropy": true, "calculate_sum_pi_squared": false, "context_parallel_size": 2, "data_format": "thd", "dense_logits_bytes": 0, "dense_rows": 9896, "distillation_only": false, "elapsed_s": 0.005668142111971974, "element_size": 0, "entropy_from_logits_chunk_size": 2048, "entropy_from_logits_with_chunking": false, "event_id": 188, "logits_dtype": "none", "logits_saved_bytes": 0, "peak_allocated_bytes": 25773706752, "peak_increment_bytes": 81190912, "pipeline_parallel_size": 2, "projected_rows": 1, "rank": 6, "response_only_enabled": true, "role": "actor", "selected_rows": 0, "tensor_parallel_size": 2, "vocab_shard": 75968}
[36m(WorkerDict pid=3667372)[0m WARNING:2026-09-10 23:15:20,711:VERL_RESPONSE_ONLY_LM_HEAD_PROFILE {"active_ratio": 0.0, "actual_logits_bytes": 0, "allocated_before_bytes": 25692515840, "backend": "fused", "calculate_entropy": true, "calculate_sum_pi_squared": false, "context_parallel_size": 2, "data_format": "thd", "dense_logits_bytes": 0, "dense_rows": 9896, "distillation_only": false, "elapsed_s": 0.00554443197324872, "element_size": 0, "entropy_from_logits_chunk_size": 2048, "entropy_from_logits_with_chunking": false, "event_id": 188, "logits_dtype": "none", "logits_saved_bytes": 0, "peak_allocated_bytes": 25773706752, "peak_increment_bytes": 81190912, "pipeline_parallel_size": 2, "projected_rows": 1, "rank": 7, "response_only_enabled": true, "role": "actor", "selected_rows": 0, "tensor_parallel_size": 2, "vocab_shard": 75968}
[36m(WorkerDict pid=3667370)[0m WARNING:2026-09-10 23:15:20,837:VERL_RESPONSE_ONLY_LM_HEAD_PROFILE {"active_ratio": 0.41390460792239286, "actual_logits_bytes": 0, "allocated_before_bytes": 25692515840, "backend": "fused", "calculate_entropy": true, "calculate_sum_pi_squared": false, "context_parallel_size": 2, "data_format": "thd", "dense_logits_bytes": 0, "dense_rows": 9896, "distillation_only": false, "elapsed_s": 0.1311390179907903, "element_size": 0, "entropy_from_logits_chunk_size": 2048, "entropy_from_logits_with_chunking": false, "event_id": 188, "logits_dtype": "none", "logits_saved_bytes": 0, "peak_allocated_bytes": 25807203840, "peak_increment_bytes": 114688000, "pipeline_parallel_size": 2, "projected_rows": 4096, "rank": 5, "response_only_enabled": true, "role": "actor", "selected_rows": 4096, "tensor_parallel_size": 2, "vocab_shard": 75968}
[36m(WorkerDict pid=3667371)[0m WARNING:2026-09-10 23:15:22,173:VERL_RESPONSE_ONLY_LM_HEAD_PROFILE {"active_ratio": 0.0, "actual_logits_bytes": 0, "allocated_before_bytes": 25733210624, "backend": "fused", "calculate_entropy": true, "calculate_sum_pi_squared": false, "context_parallel_size": 2, "data_format": "thd", "dense_logits_bytes": 0, "dense_rows": 9896, "distillation_only": false, "elapsed_s": 0.005563423037528992, "element_size": 0, "entropy_from_logits_chunk_size": 2048, "entropy_from_logits_with_chunking": false, "event_id": 189, "logits_dtype": "none", "logits_saved_bytes": 0, "peak_allocated_bytes": 25814401536, "peak_increment_bytes": 81190912, "pipeline_parallel_size": 2, "projected_rows": 1, "rank": 6, "response_only_enabled": true, "role": "actor", "selected_rows": 0, "tensor_parallel_size": 2, "vocab_shard": 75968}
[36m(WorkerDict pid=3667372)[0m WARNING:2026-09-10 23:15:22,173:VERL_RESPONSE_ONLY_LM_HEAD_PROFILE {"active_ratio": 0.0, "actual_logits_bytes": 0, "allocated_before_bytes": 25733210624, "backend": "fused", "calculate_entropy": true, "calculate_sum_pi_squared": false, "context_parallel_size": 2, "data_format": "thd", "dense_logits_bytes": 0, "dense_rows": 9896, "distillation_only": false, "elapsed_s": 0.00556737300939858, "element_size": 0, "entropy_from_logits_chunk_size": 2048, "entropy_from_logits_with_chunking": false, "event_id": 189, "logits_dtype": "none", "logits_saved_bytes": 0, "peak_allocated_bytes": 25814401536, "peak_increment_bytes": 81190912, "pipeline_parallel_size": 2, "projected_rows": 1, "rank": 7, "response_only_enabled": true, "role": "actor", "selected_rows": 0, "tensor_parallel_size": 2, "vocab_shard": 75968}
[36m(WorkerDict pid=3667370)[0m WARNING:2026-09-10 23:15:22,299:VERL_RESPONSE_ONLY_LM_HEAD_PROFILE {"active_ratio": 0.41390460792239286, "actual_logits_bytes": 0, "allocated_before_bytes": 25733210624, "backend": "fused", "calculate_entropy": true, "calculate_sum_pi_squared": false, "context_parallel_size": 2, "data_format": "thd", "dense_logits_bytes": 0, "dense_rows": 9896, "distillation_only": false, "elapsed_s": 0.13060851802583784, "element_size": 0, "entropy_from_logits_chunk_size": 2048, "entropy_from_logits_with_chunking": false, "event_id": 189, "logits_dtype": "none", "logits_saved_bytes": 0, "peak_allocated_bytes": 25847898624, "peak_increment_bytes": 114688000, "pipeline_parallel_size": 2, "projected_rows": 4096, "rank": 5, "response_only_enabled": true, "role": "actor", "selected_rows": 4096, "tensor_parallel_size": 2, "vocab_shard": 75968}
[36m(WorkerDict pid=3667371)[0m WARNING:2026-09-10 23:15:23,641:VERL_RESPONSE_ONLY_LM_HEAD_PROFILE {"active_ratio": 0.0, "actual_logits_bytes": 0, "allocated_before_bytes": 25773904896, "backend": "fused", "calculate_entropy": true, "calculate_sum_pi_squared": false, "context_parallel_size": 2, "data_format": "thd", "dense_logits_bytes": 0, "dense_rows": 9896, "distillation_only": false, "elapsed_s": 0.005605031969025731, "element_size": 0, "entropy_from_logits_chunk_size": 2048, "entropy_from_logits_with_chunking": false, "event_id": 190, "logits_dtype": "none", "logits_saved_bytes": 0, "peak_allocated_bytes": 25855095808, "peak_increment_bytes": 81190912, "pipeline_parallel_size": 2, "projected_rows": 1, "rank": 6, "response_only_enabled": true, "role": "actor", "selected_rows": 0, "tensor_parallel_size": 2, "vocab_shard": 75968}
[36m(WorkerDict pid=3667372)[0m WARNING:2026-09-10 23:15:23,641:VERL_RESPONSE_ONLY_LM_HEAD_PROFILE {"active_ratio": 0.0, "actual_logits_bytes": 0, "allocated_before_bytes": 25773904896, "backend": "fused", "calculate_entropy": true, "calculate_sum_pi_squared": false, "context_parallel_size": 2, "data_format": "thd", "dense_logits_bytes": 0, "dense_rows": 9896, "distillation_only": false, "elapsed_s": 0.005601281998679042, "element_size": 0, "entropy_from_logits_chunk_size": 2048, "entropy_from_logits_with_chunking": false, "event_id": 190, "logits_dtype": "none", "logits_saved_bytes": 0, "peak_allocated_bytes": 25855095808, "peak_increment_bytes": 81190912, "pipeline_parallel_size": 2, "projected_rows": 1, "rank": 7, "response_only_enabled": true, "role": "actor", "selected_rows": 0, "tensor_parallel_size": 2, "vocab_shard": 75968}
[36m(WorkerDict pid=3667370)[0m WARNING:2026-09-10 23:15:23,767:VERL_RESPONSE_ONLY_LM_HEAD_PROFILE {"active_ratio": 0.41390460792239286, "actual_logits_bytes": 0, "allocated_before_bytes": 25773904896, "backend": "fused", "calculate_entropy": true, "calculate_sum_pi_squared": false, "context_parallel_size": 2, "data_format": "thd", "dense_logits_bytes": 0, "dense_rows": 9896, "distillation_only": false, "elapsed_s": 0.13121811801102012, "element_size": 0, "entropy_from_logits_chunk_size": 2048, "entropy_from_logits_with_chunking": false, "event_id": 190, "logits_dtype": "none", "logits_saved_bytes": 0, "peak_allocated_bytes": 25888592896, "peak_increment_bytes": 114688000, "pipeline_parallel_size": 2, "projected_rows": 4096, "rank": 5, "response_only_enabled": true, "role": "actor", "selected_rows": 4096, "tensor_parallel_size": 2, "vocab_shard": 75968}
[36m(WorkerDict pid=3667371)[0m WARNING:2026-09-10 23:15:25,111:VERL_RESPONSE_ONLY_LM_HEAD_PROFILE {"active_ratio": 0.0, "actual_logits_bytes": 0, "allocated_before_bytes": 25814599168, "backend": "fused", "calculate_entropy": true, "calculate_sum_pi_squared": false, "context_parallel_size": 2, "data_format": "thd", "dense_logits_bytes": 0, "dense_rows": 9896, "distillation_only": false, "elapsed_s": 0.0057469719322398305, "element_size": 0, "entropy_from_logits_chunk_size": 2048, "entropy_from_logits_with_chunking": false, "event_id": 191, "logits_dtype": "none", "logits_saved_bytes": 0, "peak_allocated_bytes": 25895790080, "peak_increment_bytes": 81190912, "pipeline_parallel_size": 2, "projected_rows": 1, "rank": 6, "response_only_enabled": true, "role": "actor", "selected_rows": 0, "tensor_parallel_size": 2, "vocab_shard": 75968}
[36m(WorkerDict pid=3667372)[0m WARNING:2026-09-10 23:15:25,111:VERL_RESPONSE_ONLY_LM_HEAD_PROFILE {"active_ratio": 0.0, "actual_logits_bytes": 0, "allocated_before_bytes": 25814599168, "backend": "fused", "calculate_entropy": true, "calculate_sum_pi_squared": false, "context_parallel_size": 2, "data_format": "thd", "dense_logits_bytes": 0, "dense_rows": 9896, "distillation_only": false, "elapsed_s": 0.005674112006090581, "element_size": 0, "entropy_from_logits_chunk_size": 2048, "entropy_from_logits_with_chunking": false, "event_id": 191, "logits_dtype": "none", "logits_saved_bytes": 0, "peak_allocated_bytes": 25895790080, "peak_increment_bytes": 81190912, "pipeline_parallel_size": 2, "projected_rows": 1, "rank": 7, "response_only_enabled": true, "role": "actor", "selected_rows": 0, "tensor_parallel_size": 2, "vocab_shard": 75968}
[36m(WorkerDict pid=3667370)[0m WARNING:2026-09-10 23:15:25,236:VERL_RESPONSE_ONLY_LM_HEAD_PROFILE {"active_ratio": 0.41390460792239286, "actual_logits_bytes": 0, "allocated_before_bytes": 25814599168, "backend": "fused", "calculate_entropy": true, "calculate_sum_pi_squared": false, "context_parallel_size": 2, "data_format": "thd", "dense_logits_bytes": 0, "dense_rows": 9896, "distillation_only": false, "elapsed_s": 0.13070073805283755, "element_size": 0, "entropy_from_logits_chunk_size": 2048, "entropy_from_logits_with_chunking": false, "event_id": 191, "logits_dtype": "none", "logits_saved_bytes": 0, "peak_allocated_bytes": 25929287168, "peak_increment_bytes": 114688000, "pipeline_parallel_size": 2, "projected_rows": 4096, "rank": 5, "response_only_enabled": true, "role": "actor", "selected_rows": 4096, "tensor_parallel_size": 2, "vocab_shard": 75968}
[36m(vLLMHttpServer pid=3670937)[0m (EngineCore pid=3671530) WARNING 09-10 23:15:34 [scheduler.py:1948] reset_connector called but no KV connector is configured.
[36m(vLLMHttpServer pid=3670936)[0m (EngineCore pid=3671537) WARNING 09-10 23:15:34 [scheduler.py:1948] reset_connector called but no KV connector is configured.
[36m(WorkerDict pid=3667365)[0m Converting to HuggingFace ━━━━━━━━━━━━━━━━━━━━━━━━━━━━━━━━━━━━━━━━ 100% 0:00:00 (291/291) Qwen3Bridge
[36m(vLLMHttpServer pid=3670936)[0m (EngineCore pid=3671537) WARNING 09-10 23:15:36 [scheduler.py:1948] reset_connector called but no KV connector is configured.
[36m(vLLMHttpServer pid=3670937)[0m (EngineCore pid=3671530) WARNING 09-10 23:15:36 [scheduler.py:1948] reset_connector called but no KV connector is configured.
[36m(vLLMHttpServer pid=3670936)[0m (EngineCore pid=3671537) WARNING 09-10 23:15:37 [scheduler.py:1948] reset_connector called but no KV connector is configured.
[36m(vLLMHttpServer pid=3670937)[0m (EngineCore pid=3671530) WARNING 09-10 23:15:37 [scheduler.py:1948] reset_connector called but no KV connector is configured.
[36m(TaskRunnerV1 pid=3666120)[0m Training Progress: 100%|██████████| 4/4 [05:32<00:00, 76.01s/it]Training Progress: 100%|██████████| 4/4 [05:32<00:00, 83.04s/it]
[36m(TaskRunnerV1 pid=3666120)[0m step:4 - global_seqlen/min:316476.0 - global_seqlen/max:316476.0 - global_seqlen/minmax_diff:0.0 - global_seqlen/balanced_min:316476.0 - global_seqlen/balanced_max:316476.0 - global_seqlen/mean:316476.0 - actor/entropy:0.019101843237876892 - training/rollout_probs_diff_valid:1.0 - training/rollout_probs_diff_max:0.6698448061943054 - training/rollout_probs_diff_mean:0.0006556534208357334 - training/rollout_probs_diff_std:0.004871145356446505 - training/rollout_actor_probs_pearson_corr:0.9976176619529724 - rollout_corr/training_ppl:1.0170464515686035 - rollout_corr/training_log_ppl:0.016558922827243805 - rollout_corr/kl:0.0007439605542458594 - rollout_corr/k3_kl:3.630260471254587e-05 - rollout_corr/rollout_ppl:1.0162663459777832 - rollout_corr/rollout_log_ppl:0.01581496186554432 - rollout_corr/log_ppl_diff:0.0007439602632075548 - rollout_corr/log_ppl_abs_diff:0.0007439602632075548 - rollout_corr/log_ppl_diff_max:0.0040290579199790955 - rollout_corr/log_ppl_diff_min:0.00014557084068655968 - rollout_corr/ppl_ratio:1.0007445812225342 - rollout_corr/chi2_token:-0.001351475715637207 - rollout_corr/chi2_seq:-0.9393720030784607 - actor/pg_clipfrac:0.0 - actor/ppo_kl:0.0 - actor/pg_clipfrac_lower:0.0 - actor/pg_loss:-4.202593117952347e-07 - actor/entropy_loss:0.019101842248346657 - actor/kl_loss:0.0 - actor/kl_coef:0.001 - actor/loss:-1.9511207938194275e-05 - actor/grad_norm:0.4336022175848484 - actor/perf/max_memory_allocated_gb:25.099204063415527 - actor/perf/max_memory_reserved_gb:25.41796875 - actor/perf/cpu_memory_used_gb:279.13590908050537 - actor/lr:0.0 - perf/mfu/actor:0.28917193049784745 - training/global_step:4 - training/epoch:1 - critic/score/mean:0.9745160341262817 - critic/score/max:0.9994794130325317 - critic/score/min:0.9539076089859009 - critic/rewards/mean:0.9745160341262817 - critic/rewards/max:0.9994794130325317 - critic/rewards/min:0.9539076089859009 - critic/advantages/mean:4.470348358154297e-07 - critic/advantages/max:1.3166486024856567 - critic/advantages/min:-1.3636384010314941 - critic/returns/mean:4.470348358154297e-07 - critic/returns/max:1.3166486024856567 - critic/returns/min:-1.3636384010314941 - response_length/mean:4096.0 - response_length/max:4096.0 - response_length/min:4096.0 - response_length/clip_ratio:1.0 - response_length_non_aborted/mean:4096.0 - response_length_non_aborted/max:4096.0 - response_length_non_aborted/min:4096.0 - response_length_non_aborted/clip_ratio:1.0 - response/aborted_ratio:0.0 - prompt_length/mean:15683.75 - prompt_length/max:15689.0 - prompt_length/min:15677.0 - prompt_length/clip_ratio:0.5 - timing_s/gen:1.538141286931932 - timing_s/old_log_prob:10.11269221000839 - timing_s/ref:12.03295005892869 - timing_s/adv:0.116697191959247 - timing_s/update_actor:39.31484615500085 - timing_s/update_weights:4.600046506035142 - timing_s/step:67.87975586508401 - timing_per_token_ms/adv:0.0003687394682669365 - timing_per_token_ms/ref:0.038021682715051665 - timing_per_token_ms/update_actor:0.12422694344911099 - timing_per_token_ms/gen:0.023470173445616638 - perf/total_num_tokens:316476 - perf/time_per_step:67.87975586508401 - perf/throughput:582.7878945031478 - training/num_turns/mean:np.float64(2.0) - training/num_turns/max:np.int64(2) - training/num_turns/min:np.int64(2) - training/off_policy/trajectory_spans/mean:np.float64(1.0) - training/off_policy/trajectory_spans/max:np.int64(1) - training/off_policy/trajectory_spans/min:np.int64(1) - training/off_policy/trajectory_staleness/mean:np.float64(-1.0) - training/off_policy/trajectory_staleness/max:np.int64(-1) - training/off_policy/trajectory_staleness/min:np.int64(-1) - training/off_policy/trajectory_staleness_worst/mean:np.float64(-1.0) - training/off_policy/trajectory_staleness_worst/max:np.int64(-1) - training/off_policy/trajectory_staleness_worst/min:np.int64(-1)
[36m(TaskRunnerV1 pid=3666120)[0m 'Final validation metrics: None'
