+ export CUDA_DEVICE_MAX_CONNECTIONS=1
+ CUDA_DEVICE_MAX_CONNECTIONS=1
+ INFER_BACKEND=vllm
+ MODEL_PATH=/home/p00938733/Qwen3-8B
+ NNODES=1
+ NGPUS_PER_NODE=8
+ train_batch_size=1024
+ ppo_mini_batch_size=256
+ max_prompt_length=16640
+ max_response_length=4096
+ ppo_max_token_len_per_gpu=49152
+ actor_lr=1e-6
+ kl_loss_coef=0.001
+ entropy_coeff=0
+ actor_tp=2
+ actor_pp=2
+ rollout_tp=2
+ rollout_gpu_mem_util=0.6
+ rollout_n=5
+ total_epochs=15
+ save_freq=20
+ test_freq=5
+ project_name=verl_grpo_gsm8k_math
+ experiment_name=qwen3_8b_vllm_megatron
+ DATA=(algorithm.adv_estimator=grpo algorithm.use_kl_in_reward=False data.train_files="['$HOME/data/gsm8k/train.parquet', '$HOME/data/math/train.parquet']" data.val_files="['$HOME/data/gsm8k/test.parquet', '$HOME/data/math/test.parquet']" data.train_batch_size=${train_batch_size} data.max_prompt_length=${max_prompt_length} data.max_response_length=${max_response_length} data.filter_overlong_prompts=True data.truncation='error')
+ MODEL=(actor_rollout_ref.model.path="$MODEL_PATH" actor_rollout_ref.model.use_remove_padding=True)
+ ACTOR=(actor_rollout_ref.actor.optim.lr=${actor_lr} actor_rollout_ref.actor.ppo_mini_batch_size=${ppo_mini_batch_size} actor_rollout_ref.actor.use_dynamic_bsz=True actor_rollout_ref.actor.ppo_max_token_len_per_gpu=${ppo_max_token_len_per_gpu} actor_rollout_ref.actor.use_kl_loss=True actor_rollout_ref.actor.kl_loss_coef=${kl_loss_coef} actor_rollout_ref.actor.kl_loss_type=low_var_kl actor_rollout_ref.actor.entropy_coeff=${entropy_coeff} actor_rollout_ref.actor.megatron.tensor_model_parallel_size=${actor_tp} actor_rollout_ref.actor.megatron.pipeline_model_parallel_size=${actor_pp})
+ ROLLOUT=(actor_rollout_ref.rollout.name=${INFER_BACKEND} actor_rollout_ref.rollout.tensor_model_parallel_size=${rollout_tp} actor_rollout_ref.rollout.gpu_memory_utilization=${rollout_gpu_mem_util} actor_rollout_ref.rollout.n=${rollout_n} actor_rollout_ref.rollout.log_prob_use_dynamic_bsz=True actor_rollout_ref.rollout.log_prob_max_token_len_per_gpu=${ppo_max_token_len_per_gpu})
+ REF=(actor_rollout_ref.ref.log_prob_use_dynamic_bsz=True actor_rollout_ref.ref.log_prob_max_token_len_per_gpu=${ppo_max_token_len_per_gpu} actor_rollout_ref.ref.megatron.tensor_model_parallel_size=${actor_tp} actor_rollout_ref.ref.megatron.pipeline_model_parallel_size=${actor_pp})
+ TRAINER=(trainer.balance_batch=True trainer.logger='["console","wandb"]' trainer.project_name=${project_name} trainer.experiment_name=${experiment_name} trainer.n_gpus_per_node=${NGPUS_PER_NODE} trainer.nnodes=${NNODES} trainer.save_freq=${save_freq} trainer.test_freq=${test_freq} trainer.total_epochs=${total_epochs})
+ EXTRA=(model_engine=megatron)
+ LAUNCH=(python3)
+ RAY=(ray_kwargs.ray_init.runtime_env.py_executable=null)
+ '[' 0 '!=' 0 ']'
+ python3 -m verl.trainer.main_ppo algorithm.adv_estimator=grpo algorithm.use_kl_in_reward=False 'data.train_files=['\''/root/data/gsm8k/train.parquet'\'', '\''/root/data/math/train.parquet'\'']' 'data.val_files=['\''/root/data/gsm8k/test.parquet'\'', '\''/root/data/math/test.parquet'\'']' data.train_batch_size=1024 data.max_prompt_length=16640 data.max_response_length=4096 data.filter_overlong_prompts=True data.truncation=error actor_rollout_ref.model.path=/home/p00938733/Qwen3-8B actor_rollout_ref.model.use_remove_padding=True actor_rollout_ref.actor.optim.lr=1e-6 actor_rollout_ref.actor.ppo_mini_batch_size=256 actor_rollout_ref.actor.use_dynamic_bsz=True actor_rollout_ref.actor.ppo_max_token_len_per_gpu=49152 actor_rollout_ref.actor.use_kl_loss=True actor_rollout_ref.actor.kl_loss_coef=0.001 actor_rollout_ref.actor.kl_loss_type=low_var_kl actor_rollout_ref.actor.entropy_coeff=0 actor_rollout_ref.actor.megatron.tensor_model_parallel_size=2 actor_rollout_ref.actor.megatron.pipeline_model_parallel_size=2 actor_rollout_ref.rollout.name=vllm actor_rollout_ref.rollout.tensor_model_parallel_size=2 actor_rollout_ref.rollout.gpu_memory_utilization=0.6 actor_rollout_ref.rollout.n=5 actor_rollout_ref.rollout.log_prob_use_dynamic_bsz=True actor_rollout_ref.rollout.log_prob_max_token_len_per_gpu=49152 actor_rollout_ref.ref.log_prob_use_dynamic_bsz=True actor_rollout_ref.ref.log_prob_max_token_len_per_gpu=49152 actor_rollout_ref.ref.megatron.tensor_model_parallel_size=2 actor_rollout_ref.ref.megatron.pipeline_model_parallel_size=2 trainer.balance_batch=True 'trainer.logger=["console","wandb"]' trainer.project_name=verl_grpo_gsm8k_math trainer.experiment_name=qwen3_8b_vllm_megatron trainer.n_gpus_per_node=8 trainer.nnodes=1 trainer.save_freq=20 trainer.test_freq=5 trainer.total_epochs=15 model_engine=megatron ray_kwargs.ray_init.runtime_env.py_executable=null actor_rollout_ref.model.path=/home/p00938733/Qwen3-8B data.train_files=/home/p00938733/ruler-verl/16k4k/train.parquet data.val_files=/home/p00938733/ruler-verl/16k4k/test.parquet data.max_prompt_length=16640 data.max_response_length=4096 data.train_batch_size=4 data.gen_batch_size=4 data.shuffle=false data.seed=42 actor_rollout_ref.model.use_remove_padding=true actor_rollout_ref.actor.megatron.vanilla_mbridge=false actor_rollout_ref.actor.megatron.use_remove_padding=true actor_rollout_ref.actor.megatron.sequence_parallel=true actor_rollout_ref.actor.megatron.tensor_model_parallel_size=2 actor_rollout_ref.actor.megatron.pipeline_model_parallel_size=2 actor_rollout_ref.actor.megatron.context_parallel_size=2 actor_rollout_ref.ref.megatron.sequence_parallel=true actor_rollout_ref.ref.megatron.tensor_model_parallel_size=2 actor_rollout_ref.ref.megatron.pipeline_model_parallel_size=2 actor_rollout_ref.ref.megatron.context_parallel_size=2 actor_rollout_ref.actor.megatron.param_offload=true actor_rollout_ref.actor.megatron.optimizer_offload=true actor_rollout_ref.ref.megatron.param_offload=true actor_rollout_ref.actor.ppo_mini_batch_size=1 actor_rollout_ref.actor.data_loader_seed=42 actor_rollout_ref.actor.optim.lr=0.0 actor_rollout_ref.actor.calculate_entropy=true actor_rollout_ref.actor.entropy_coeff=0.001 actor_rollout_ref.rollout.n=4 actor_rollout_ref.rollout.seed=42 actor_rollout_ref.rollout.tensor_model_parallel_size=4 actor_rollout_ref.rollout.gpu_memory_utilization=0.5 actor_rollout_ref.rollout.ignore_eos=true actor_rollout_ref.rollout.max_model_len=20736 trainer.use_v1=true trainer.v1.trainer_mode=sync trainer.total_training_steps=4 trainer.resume_mode=disable trainer.val_before_train=false trainer.n_gpus_per_node=8 trainer.nnodes=1 'trainer.logger=["console"]' trainer.project_name=rlmh_combinations_a100 trainer.experiment_name=rlmh_combinations_a100 trainer.save_freq=-1 trainer.test_freq=-1 skip.rollout.enable=false skip.rollout_tq.enable=true skip.rollout_tq.dump_dir=/home/p00938733/rlmh-cache/16k4k-recompute-20260911-183559 'skip.rollout_tq.steps=[1,2,3,4]' skip.rollout_tq.action=cache data.filter_overlong_prompts=false data.truncation=error data.dataloader_num_workers=0 +data.apply_chat_template_kwargs.enable_thinking=false reward.custom_reward_function.path=/home/p00938733/ruler-verl/ruler_niah_reward.py reward.custom_reward_function.name=compute_score actor_rollout_ref.rollout.temperature=1.0 actor_rollout_ref.rollout.top_p=0.95 actor_rollout_ref.rollout.max_num_batched_tokens=65536 actor_rollout_ref.actor.megatron.override_transformer_config.recompute_granularity=full actor_rollout_ref.actor.megatron.override_transformer_config.recompute_method=uniform actor_rollout_ref.actor.megatron.override_transformer_config.recompute_num_layers=1 actor_rollout_ref.actor.use_dynamic_bsz=false actor_rollout_ref.actor.ppo_micro_batch_size_per_gpu=1 actor_rollout_ref.rollout.log_prob_use_dynamic_bsz=false actor_rollout_ref.rollout.log_prob_micro_batch_size_per_gpu=1 actor_rollout_ref.ref.log_prob_use_dynamic_bsz=false actor_rollout_ref.ref.log_prob_micro_batch_size_per_gpu=1 trainer.total_training_steps=12 'skip.rollout_tq.steps=[1,2,3,4,5,6,7,8,9,10,11,12]' '+ray_kwargs.ray_init.runtime_env.env_vars.VERL_RESPONSE_ONLY_LM_HEAD_PROFILE="0"' actor_rollout_ref.model.use_fused_kernels=false actor_rollout_ref.actor.megatron.response_only_lm_head=false actor_rollout_ref.ref.megatron.response_only_lm_head=false
/home/p00938733/verl-090/verl/trainer/main_ppo.py:180: UserWarning: Disabled critic as algorithm.adv_estimator != gae. If it is not intended, please set critic.enable=True
  use_critic=need_critic(config),
[validate_config] All configuration checks passed successfully!
ray init kwargs: {'num_cpus': None, 'runtime_env': {'env_vars': {'NCCL_DEBUG': 'WARN', 'VLLM_LOGGING_LEVEL': 'WARN', 'VLLM_ALLOW_RUNTIME_LORA_UPDATING': 'true', 'VLLM_DISABLE_COMPILE_CACHE': '1', 'HCCL_HOST_SOCKET_PORT_RANGE': 'auto', 'HCCL_NPU_SOCKET_PORT_RANGE': 'auto', 'HSA_NO_SCRATCH_RECLAIM': '1', 'VERL_FULL_DETERMINISM': '0', 'VLLM_BATCH_INVARIANT': '0', 'VERL_RL_INSIGHT_ENABLE': '0', 'VERL_RESPONSE_ONLY_LM_HEAD_PROFILE': '0'}, 'working_dir': None, 'py_executable': None}}
2026-09-11 18:36:13,965	INFO worker.py:1814 -- Connecting to existing Ray cluster at address: 10.90.67.85:6389...
2026-09-11 18:36:13,981	INFO worker.py:2003 -- Connected to Ray cluster. View the dashboard at [1m[32mhttp://10.90.67.85:8265 [39m[22m
/opt/dev/lib/python3.12/site-packages/ray/_private/worker.py:2051: FutureWarning: Tip: In future versions of Ray, Ray will no longer override accelerator visible devices env var if num_gpus=0 or num_gpus=None (default). To enable this behavior and turn off this error message, set RAY_ACCEL_ENV_VAR_OVERRIDE_ON_ZERO=0
  warnings.warn(
[36m(TaskRunnerV1 pid=305803)[0m WARNING:2026-09-11 18:36:28,723:Platform 'nvidia' (PlatformCUDA) is registered but not available. This may be due to this ray actor being a CPU-only actor.
[36m(TaskRunnerV1 pid=305803)[0m /home/p00938733/verl-090/verl/workers/engine/__init__.py:32: UserWarning: torchtitan engine is not available: ModuleNotFoundError("No module named 'torchtitan'")
[36m(TaskRunnerV1 pid=305803)[0m   warnings.warn(f"torchtitan engine is not available: {e!r}", stacklevel=1)
[36m(TaskRunnerV1 pid=305803)[0m /home/p00938733/verl-090/verl/workers/engine/__init__.py:41: UserWarning: veomni engine is not available: ModuleNotFoundError("No module named 'veomni'")
[36m(TaskRunnerV1 pid=305803)[0m   warnings.warn(f"veomni engine is not available: {e!r}", stacklevel=1)
[36m(TaskRunnerV1 pid=305803)[0m /home/p00938733/verl-090/verl/workers/engine/__init__.py:50: UserWarning: automodel engine is not available: ModuleNotFoundError("No module named 'nemo_automodel'")
[36m(TaskRunnerV1 pid=305803)[0m   warnings.warn(f"automodel engine is not available: {e!r}", stacklevel=1)
[36m(TaskRunnerV1 pid=305803)[0m W0911 18:36:32.962000 305803 torch/utils/cpp_extension.py:140] No CUDA runtime is found, using CUDA_HOME='/usr/local/cuda'
[36m(TaskRunnerV1 pid=305803)[0m {'actor_rollout_ref': {'actor': {'_target_': 'verl.workers.config.McoreActorConfig',
[36m(TaskRunnerV1 pid=305803)[0m                                  'calculate_entropy': True,
[36m(TaskRunnerV1 pid=305803)[0m                                  'calculate_sum_pi_squared': False,
[36m(TaskRunnerV1 pid=305803)[0m                                  'checkpoint': {'_target_': 'verl.workers.config.McoreCheckpointConfig',
[36m(TaskRunnerV1 pid=305803)[0m                                                 'async_save': False,
[36m(TaskRunnerV1 pid=305803)[0m                                                 'load_contents': ['model',
[36m(TaskRunnerV1 pid=305803)[0m                                                                   'optimizer',
[36m(TaskRunnerV1 pid=305803)[0m                                                                   'extra'],
[36m(TaskRunnerV1 pid=305803)[0m                                                 'mbridge_config': {},
[36m(TaskRunnerV1 pid=305803)[0m                                                 'save_contents': ['model',
[36m(TaskRunnerV1 pid=305803)[0m                                                                   'optimizer',
[36m(TaskRunnerV1 pid=305803)[0m                                                                   'extra'],
[36m(TaskRunnerV1 pid=305803)[0m                                                 'strict': True},
[36m(TaskRunnerV1 pid=305803)[0m                                  'clip_ratio': 0.2,
[36m(TaskRunnerV1 pid=305803)[0m                                  'clip_ratio_c': 3.0,
[36m(TaskRunnerV1 pid=305803)[0m                                  'clip_ratio_high': 0.2,
[36m(TaskRunnerV1 pid=305803)[0m                                  'clip_ratio_low': 0.2,
[36m(TaskRunnerV1 pid=305803)[0m                                  'data_loader_seed': 42,
[36m(TaskRunnerV1 pid=305803)[0m                                  'entropy_coeff': 0.001,
[36m(TaskRunnerV1 pid=305803)[0m                                  'entropy_from_logits_chunk_size': 2048,
[36m(TaskRunnerV1 pid=305803)[0m                                  'entropy_from_logits_with_chunking': False,
[36m(TaskRunnerV1 pid=305803)[0m                                  'freeze_vision_tower': False,
[36m(TaskRunnerV1 pid=305803)[0m                                  'kl_loss_coef': 0.001,
[36m(TaskRunnerV1 pid=305803)[0m                                  'kl_loss_type': 'low_var_kl',
[36m(TaskRunnerV1 pid=305803)[0m                                  'loss_agg_mode': 'token-mean',
[36m(TaskRunnerV1 pid=305803)[0m                                  'loss_scale_factor': None,
[36m(TaskRunnerV1 pid=305803)[0m                                  'megatron': {'_target_': 'verl.workers.config.McoreEngineConfig',
[36m(TaskRunnerV1 pid=305803)[0m                                               'context_parallel_size': 2,
[36m(TaskRunnerV1 pid=305803)[0m                                               'dist_checkpointing_path': None,
[36m(TaskRunnerV1 pid=305803)[0m                                               'dist_checkpointing_prefix': '',
[36m(TaskRunnerV1 pid=305803)[0m                                               'dist_ckpt_optim_fully_reshardable': False,
[36m(TaskRunnerV1 pid=305803)[0m                                               'distrib_optim_fully_reshardable_mem_efficient': False,
[36m(TaskRunnerV1 pid=305803)[0m                                               'dtype': 'bfloat16',
[36m(TaskRunnerV1 pid=305803)[0m                                               'dynamic_context_parallel': False,
[36m(TaskRunnerV1 pid=305803)[0m                                               'entropy_from_logits_chunk_size': 2048,
[36m(TaskRunnerV1 pid=305803)[0m                                               'entropy_from_logits_with_chunking': False,
[36m(TaskRunnerV1 pid=305803)[0m                                               'expert_model_parallel_size': 1,
[36m(TaskRunnerV1 pid=305803)[0m                                               'expert_tensor_parallel_size': None,
[36m(TaskRunnerV1 pid=305803)[0m                                               'forward_only': False,
[36m(TaskRunnerV1 pid=305803)[0m                                               'max_seqlen_per_dp_cp_rank': None,
[36m(TaskRunnerV1 pid=305803)[0m                                               'optimizer_offload': True,
[36m(TaskRunnerV1 pid=305803)[0m                                               'override_ddp_config': {},
[36m(TaskRunnerV1 pid=305803)[0m                                               'override_mcore_model_config': {},
[36m(TaskRunnerV1 pid=305803)[0m                                               'override_transformer_config': {'attention_backend': 'flash',
[36m(TaskRunnerV1 pid=305803)[0m                                                                               'recompute_granularity': 'full',
[36m(TaskRunnerV1 pid=305803)[0m                                                                               'recompute_method': 'uniform',
[36m(TaskRunnerV1 pid=305803)[0m                                                                               'recompute_modules': ['core_attn'],
[36m(TaskRunnerV1 pid=305803)[0m                                                                               'recompute_num_layers': 1},
[36m(TaskRunnerV1 pid=305803)[0m                                               'pad_bshd_to_minibatch_max': True,
[36m(TaskRunnerV1 pid=305803)[0m                                               'pad_to_length': False,
[36m(TaskRunnerV1 pid=305803)[0m                                               'pad_to_length_bucket': 512,
[36m(TaskRunnerV1 pid=305803)[0m                                               'param_offload': True,
[36m(TaskRunnerV1 pid=305803)[0m                                               'pipeline_model_parallel_size': 2,
[36m(TaskRunnerV1 pid=305803)[0m                                               'qat': {'_target_': 'verl.workers.config.QATEngineConfig',
[36m(TaskRunnerV1 pid=305803)[0m                                                       'activation_observer': None,
[36m(TaskRunnerV1 pid=305803)[0m                                                       'enable': False,
[36m(TaskRunnerV1 pid=305803)[0m                                                       'group_size': 16,
[36m(TaskRunnerV1 pid=305803)[0m                                                       'ignore_patterns': ['lm_head',
[36m(TaskRunnerV1 pid=305803)[0m                                                                           '*mlp.gate'],
[36m(TaskRunnerV1 pid=305803)[0m                                                       'mode': 'w4a16',
[36m(TaskRunnerV1 pid=305803)[0m                                                       'quantization_config_path': None},
[36m(TaskRunnerV1 pid=305803)[0m                                               'response_only_lm_head': False,
[36m(TaskRunnerV1 pid=305803)[0m                                               'router_replay': {'_target_': 'verl.workers.config.EngineRouterReplayConfig',
[36m(TaskRunnerV1 pid=305803)[0m                                                                 'mode': 'disabled',
[36m(TaskRunnerV1 pid=305803)[0m                                                                 'record_file': None,
[36m(TaskRunnerV1 pid=305803)[0m                                                                 'replay_file': None},
[36m(TaskRunnerV1 pid=305803)[0m                                               'seed': 42,
[36m(TaskRunnerV1 pid=305803)[0m                                               'sequence_parallel': True,
[36m(TaskRunnerV1 pid=305803)[0m                                               'tensor_model_parallel_size': 2,
[36m(TaskRunnerV1 pid=305803)[0m                                               'use_dist_checkpointing': False,
[36m(TaskRunnerV1 pid=305803)[0m                                               'use_distributed_optimizer': True,
[36m(TaskRunnerV1 pid=305803)[0m                                               'use_mbridge': True,
[36m(TaskRunnerV1 pid=305803)[0m                                               'use_megatron_fsdp': False,
[36m(TaskRunnerV1 pid=305803)[0m                                               'use_remove_padding': True,
[36m(TaskRunnerV1 pid=305803)[0m                                               'vanilla_mbridge': False,
[36m(TaskRunnerV1 pid=305803)[0m                                               'virtual_pipeline_model_parallel_size': None},
[36m(TaskRunnerV1 pid=305803)[0m                                  'optim': {'_target_': 'verl.workers.config.McoreOptimizerConfig',
[36m(TaskRunnerV1 pid=305803)[0m                                            'betas': [0.9, 0.999],
[36m(TaskRunnerV1 pid=305803)[0m                                            'clip_grad': 1.0,
[36m(TaskRunnerV1 pid=305803)[0m                                            'exp_avg_dtype': 'fp32',
[36m(TaskRunnerV1 pid=305803)[0m                                            'exp_avg_sq_dtype': 'fp32',
[36m(TaskRunnerV1 pid=305803)[0m                                            'lr': 0.0,
[36m(TaskRunnerV1 pid=305803)[0m                                            'lr_decay_steps': None,
[36m(TaskRunnerV1 pid=305803)[0m                                            'lr_decay_style': 'constant',
[36m(TaskRunnerV1 pid=305803)[0m                                            'lr_warmup_init': 0.0,
[36m(TaskRunnerV1 pid=305803)[0m                                            'lr_warmup_steps': -1,
[36m(TaskRunnerV1 pid=305803)[0m                                            'lr_warmup_steps_ratio': 0.0,
[36m(TaskRunnerV1 pid=305803)[0m                                            'lr_wsd_decay_steps': None,
[36m(TaskRunnerV1 pid=305803)[0m                                            'lr_wsd_decay_style': 'exponential',
[36m(TaskRunnerV1 pid=305803)[0m                                            'main_grads_dtype': 'fp32',
[36m(TaskRunnerV1 pid=305803)[0m                                            'min_lr': 0.0,
[36m(TaskRunnerV1 pid=305803)[0m                                            'muon_coefficient_type': 'quintic',
[36m(TaskRunnerV1 pid=305803)[0m                                            'muon_extra_scale_factor': 1.0,
[36m(TaskRunnerV1 pid=305803)[0m                                            'muon_fp32_matmul_prec': 'medium',
[36m(TaskRunnerV1 pid=305803)[0m                                            'muon_match_adamw_update_rms': False,
[36m(TaskRunnerV1 pid=305803)[0m                                            'muon_momentum': 0.95,
[36m(TaskRunnerV1 pid=305803)[0m                                            'muon_nesterov': False,
[36m(TaskRunnerV1 pid=305803)[0m                                            'muon_num_ns_steps': 5,
[36m(TaskRunnerV1 pid=305803)[0m                                            'muon_scalar_optimizer': 'adam',
[36m(TaskRunnerV1 pid=305803)[0m                                            'muon_scale_mode': 'spectral',
[36m(TaskRunnerV1 pid=305803)[0m                                            'muon_split_qkv': True,
[36m(TaskRunnerV1 pid=305803)[0m                                            'muon_tp_mode': 'blockwise',
[36m(TaskRunnerV1 pid=305803)[0m                                            'optimizer': 'adam',
[36m(TaskRunnerV1 pid=305803)[0m                                            'override_optimizer_config': {},
[36m(TaskRunnerV1 pid=305803)[0m                                            'total_training_steps': -1,
[36m(TaskRunnerV1 pid=305803)[0m                                            'use_checkpoint_opt_param_scheduler': False,
[36m(TaskRunnerV1 pid=305803)[0m                                            'use_layer_wise_distributed_optimizer': False,
[36m(TaskRunnerV1 pid=305803)[0m                                            'use_precision_aware_optimizer': False,
[36m(TaskRunnerV1 pid=305803)[0m                                            'weight_decay': 0.01,
[36m(TaskRunnerV1 pid=305803)[0m                                            'weight_decay_incr_style': 'constant'},
[36m(TaskRunnerV1 pid=305803)[0m                                  'policy_loss': {'_target_': 'verl.workers.config.PolicyLossConfig',
[36m(TaskRunnerV1 pid=305803)[0m                                                  'clip_cov_lb': 1.0,
[36m(TaskRunnerV1 pid=305803)[0m                                                  'clip_cov_ratio': 0.0002,
[36m(TaskRunnerV1 pid=305803)[0m                                                  'clip_cov_ub': 5.0,
[36m(TaskRunnerV1 pid=305803)[0m                                                  'dro_beta': None,
[36m(TaskRunnerV1 pid=305803)[0m                                                  'kl_cov_ratio': 0.0002,
[36m(TaskRunnerV1 pid=305803)[0m                                                  'loss_mode': 'vanilla',
[36m(TaskRunnerV1 pid=305803)[0m                                                  'ppo_kl_coef': 0.1},
[36m(TaskRunnerV1 pid=305803)[0m                                  'ppo_epochs': 1,
[36m(TaskRunnerV1 pid=305803)[0m                                  'ppo_max_token_len_per_gpu': 49152,
[36m(TaskRunnerV1 pid=305803)[0m                                  'ppo_micro_batch_size': None,
[36m(TaskRunnerV1 pid=305803)[0m                                  'ppo_micro_batch_size_per_gpu': 1,
[36m(TaskRunnerV1 pid=305803)[0m                                  'ppo_mini_batch_size': 1,
[36m(TaskRunnerV1 pid=305803)[0m                                  'profiler': {'_target_': 'verl.utils.profiler.ProfilerConfig',
[36m(TaskRunnerV1 pid=305803)[0m                                               'all_ranks': False,
[36m(TaskRunnerV1 pid=305803)[0m                                               'enable': False,
[36m(TaskRunnerV1 pid=305803)[0m                                               'finish_hook_all_ranks': False,
[36m(TaskRunnerV1 pid=305803)[0m                                               'finish_hook_cmd': None,
[36m(TaskRunnerV1 pid=305803)[0m                                               'finish_hook_ranks': [],
[36m(TaskRunnerV1 pid=305803)[0m                                               'ranks': [],
[36m(TaskRunnerV1 pid=305803)[0m                                               'relocate_results': False,
[36m(TaskRunnerV1 pid=305803)[0m                                               'save_path': 'outputs/profile',
[36m(TaskRunnerV1 pid=305803)[0m                                               'tool': None,
[36m(TaskRunnerV1 pid=305803)[0m                                               'tool_config': {'npu': {'_target_': 'verl.utils.profiler.config.NPUToolConfig',
[36m(TaskRunnerV1 pid=305803)[0m                                                                       'analysis': True,
[36m(TaskRunnerV1 pid=305803)[0m                                                                       'contents': [],
[36m(TaskRunnerV1 pid=305803)[0m                                                                       'discrete': False,
[36m(TaskRunnerV1 pid=305803)[0m                                                                       'level': 'level0'},
[36m(TaskRunnerV1 pid=305803)[0m                                                               'nsys': {'_target_': 'verl.utils.profiler.config.NsightToolConfig',
[36m(TaskRunnerV1 pid=305803)[0m                                                                        'discrete': False},
[36m(TaskRunnerV1 pid=305803)[0m                                                               'precision_debugger': {'_target_': 'verl.utils.profiler.config.PrecisionDebuggerToolConfig',
[36m(TaskRunnerV1 pid=305803)[0m                                                                                      'config_path': None,
[36m(TaskRunnerV1 pid=305803)[0m                                                                                      'stages': None,
[36m(TaskRunnerV1 pid=305803)[0m                                                                                      'steps': None,
[36m(TaskRunnerV1 pid=305803)[0m                                                                                      'strict': False},
[36m(TaskRunnerV1 pid=305803)[0m                                                               'torch': {'_target_': 'verl.utils.profiler.config.TorchProfilerToolConfig',
[36m(TaskRunnerV1 pid=305803)[0m                                                                         'contents': [],
[36m(TaskRunnerV1 pid=305803)[0m                                                                         'discrete': False,
[36m(TaskRunnerV1 pid=305803)[0m                                                                         'schedule': {'_target_': 'verl.utils.profiler.config.TorchProfilerScheduleConfig',
[36m(TaskRunnerV1 pid=305803)[0m                                                                                      'active': 0,
[36m(TaskRunnerV1 pid=305803)[0m                                                                                      'repeat': 0,
[36m(TaskRunnerV1 pid=305803)[0m                                                                                      'skip_first': 0,
[36m(TaskRunnerV1 pid=305803)[0m                                                                                      'wait': 0,
[36m(TaskRunnerV1 pid=305803)[0m                                                                                      'warmup': 0}},
[36m(TaskRunnerV1 pid=305803)[0m                                                               'torch_memory': {'_target_': 'verl.utils.profiler.config.TorchMemoryToolConfig',
[36m(TaskRunnerV1 pid=305803)[0m                                                                                'memory_snapshot_num_steps': 1,
[36m(TaskRunnerV1 pid=305803)[0m                                                                                'stack_depth': 32,
[36m(TaskRunnerV1 pid=305803)[0m                                                                                'trace_alloc_max_entries': 100000}}},
[36m(TaskRunnerV1 pid=305803)[0m                                  'qat': {'activation_observer': 'static_minmax',
[36m(TaskRunnerV1 pid=305803)[0m                                          'enable': False,
[36m(TaskRunnerV1 pid=305803)[0m                                          'group_size': 16,
[36m(TaskRunnerV1 pid=305803)[0m                                          'ignore_patterns': ['lm_head',
[36m(TaskRunnerV1 pid=305803)[0m                                                              'embed_tokens',
[36m(TaskRunnerV1 pid=305803)[0m                                                              're:.*mlp.gate$'],
[36m(TaskRunnerV1 pid=305803)[0m                                          'mode': 'w4a16',
[36m(TaskRunnerV1 pid=305803)[0m                                          'quantization_config_path': None},
[36m(TaskRunnerV1 pid=305803)[0m                                  'rollout_n': 4,
[36m(TaskRunnerV1 pid=305803)[0m                                  'shuffle': False,
[36m(TaskRunnerV1 pid=305803)[0m                                  'strategy': 'megatron',
[36m(TaskRunnerV1 pid=305803)[0m                                  'tau_neg': 1.05,
[36m(TaskRunnerV1 pid=305803)[0m                                  'tau_pos': 1.0,
[36m(TaskRunnerV1 pid=305803)[0m                                  'use_dynamic_bsz': False,
[36m(TaskRunnerV1 pid=305803)[0m                                  'use_fused_kernels': False,
[36m(TaskRunnerV1 pid=305803)[0m                                  'use_kl_loss': True,
[36m(TaskRunnerV1 pid=305803)[0m                                  'use_prefix_grouper': False,
[36m(TaskRunnerV1 pid=305803)[0m                                  'use_torch_compile': True},
[36m(TaskRunnerV1 pid=305803)[0m                        'hybrid_engine': True,
[36m(TaskRunnerV1 pid=305803)[0m                        'model': {'_target_': 'verl.workers.config.HFModelConfig',
[36m(TaskRunnerV1 pid=305803)[0m                                  'custom_chat_template': None,
[36m(TaskRunnerV1 pid=305803)[0m                                  'enable_activation_offload': False,
[36m(TaskRunnerV1 pid=305803)[0m                                  'enable_gradient_checkpointing': True,
[36m(TaskRunnerV1 pid=305803)[0m                                  'exclude_modules': None,
[36m(TaskRunnerV1 pid=305803)[0m                                  'external_lib': None,
[36m(TaskRunnerV1 pid=305803)[0m                                  'fused_kernel_options': {'impl_backend': 'torch'},
[36m(TaskRunnerV1 pid=305803)[0m                                  'hf_config_path': None,
[36m(TaskRunnerV1 pid=305803)[0m                                  'lora': {'a2a_experimental': False,
[36m(TaskRunnerV1 pid=305803)[0m                                           'adapter_path': None,
[36m(TaskRunnerV1 pid=305803)[0m                                           'alpha': 32,
[36m(TaskRunnerV1 pid=305803)[0m                                           'dropout': 0.0,
[36m(TaskRunnerV1 pid=305803)[0m                                           'dropout_position': 'pre',
[36m(TaskRunnerV1 pid=305803)[0m                                           'dtype': None,
[36m(TaskRunnerV1 pid=305803)[0m                                           'exclude_modules': [],
[36m(TaskRunnerV1 pid=305803)[0m                                           'freeze_language_model': True,
[36m(TaskRunnerV1 pid=305803)[0m                                           'freeze_vision_model': True,
[36m(TaskRunnerV1 pid=305803)[0m                                           'freeze_vision_projection': True,
[36m(TaskRunnerV1 pid=305803)[0m                                           'lora_A_init_method': 'xavier',
[36m(TaskRunnerV1 pid=305803)[0m                                           'lora_B_init_method': 'zero',
[36m(TaskRunnerV1 pid=305803)[0m                                           'merge': False,
[36m(TaskRunnerV1 pid=305803)[0m                                           'rank': 0,
[36m(TaskRunnerV1 pid=305803)[0m                                           'target_modules': ['linear_qkv',
[36m(TaskRunnerV1 pid=305803)[0m                                                              'linear_proj',
[36m(TaskRunnerV1 pid=305803)[0m                                                              'linear_fc1',
[36m(TaskRunnerV1 pid=305803)[0m                                                              'linear_fc2'],
[36m(TaskRunnerV1 pid=305803)[0m                                           'type': 'lora'},
[36m(TaskRunnerV1 pid=305803)[0m                                  'lora_adapter_path': None,
[36m(TaskRunnerV1 pid=305803)[0m                                  'lora_alpha': 16,
[36m(TaskRunnerV1 pid=305803)[0m                                  'lora_rank': 0,
[36m(TaskRunnerV1 pid=305803)[0m                                  'mtp': {'_target_': 'verl.workers.config.MtpConfig',
[36m(TaskRunnerV1 pid=305803)[0m                                          'detach_encoder': False,
[36m(TaskRunnerV1 pid=305803)[0m                                          'enable': False,
[36m(TaskRunnerV1 pid=305803)[0m                                          'enable_rollout': False,
[36m(TaskRunnerV1 pid=305803)[0m                                          'enable_train': False,
[36m(TaskRunnerV1 pid=305803)[0m                                          'method': 'mtp',
[36m(TaskRunnerV1 pid=305803)[0m                                          'mtp_loss_scaling_factor': 0.1,
[36m(TaskRunnerV1 pid=305803)[0m                                          'num_speculative_tokens': 1,
[36m(TaskRunnerV1 pid=305803)[0m                                          'speculative_algorithm': 'EAGLE',
[36m(TaskRunnerV1 pid=305803)[0m                                          'speculative_eagle_topk': 1,
[36m(TaskRunnerV1 pid=305803)[0m                                          'speculative_num_draft_tokens': 4,
[36m(TaskRunnerV1 pid=305803)[0m                                          'speculative_num_steps': 3},
[36m(TaskRunnerV1 pid=305803)[0m                                  'override_config': {},
[36m(TaskRunnerV1 pid=305803)[0m                                  'path': '/home/p00938733/Qwen3-8B',
[36m(TaskRunnerV1 pid=305803)[0m                                  'target_modules': 'all-linear',
[36m(TaskRunnerV1 pid=305803)[0m                                  'tiled_mlp': {'enabled': False,
[36m(TaskRunnerV1 pid=305803)[0m                                                'num_shards': 4},
[36m(TaskRunnerV1 pid=305803)[0m                                  'tokenizer_path': None,
[36m(TaskRunnerV1 pid=305803)[0m                                  'trust_remote_code': False,
[36m(TaskRunnerV1 pid=305803)[0m                                  'use_fused_kernels': False,
[36m(TaskRunnerV1 pid=305803)[0m                                  'use_liger': False,
[36m(TaskRunnerV1 pid=305803)[0m                                  'use_remove_padding': True,
[36m(TaskRunnerV1 pid=305803)[0m                                  'use_shm': False},
[36m(TaskRunnerV1 pid=305803)[0m                        'nccl_timeout': 600,
[36m(TaskRunnerV1 pid=305803)[0m                        'ref': {'_target_': 'verl.workers.config.McoreActorConfig',
[36m(TaskRunnerV1 pid=305803)[0m                                'entropy_from_logits_chunk_size': 2048,
[36m(TaskRunnerV1 pid=305803)[0m                                'entropy_from_logits_with_chunking': False,
[36m(TaskRunnerV1 pid=305803)[0m                                'log_prob_max_token_len_per_gpu': 49152,
[36m(TaskRunnerV1 pid=305803)[0m                                'log_prob_micro_batch_size': None,
[36m(TaskRunnerV1 pid=305803)[0m                                'log_prob_micro_batch_size_per_gpu': 1,
[36m(TaskRunnerV1 pid=305803)[0m                                'log_prob_use_dynamic_bsz': False,
[36m(TaskRunnerV1 pid=305803)[0m                                'megatron': {'_target_': 'verl.workers.config.McoreEngineConfig',
[36m(TaskRunnerV1 pid=305803)[0m                                             'context_parallel_size': 2,
[36m(TaskRunnerV1 pid=305803)[0m                                             'dist_checkpointing_path': None,
[36m(TaskRunnerV1 pid=305803)[0m                                             'dist_checkpointing_prefix': '',
[36m(TaskRunnerV1 pid=305803)[0m                                             'dist_ckpt_optim_fully_reshardable': False,
[36m(TaskRunnerV1 pid=305803)[0m                                             'distrib_optim_fully_reshardable_mem_efficient': False,
[36m(TaskRunnerV1 pid=305803)[0m                                             'dtype': 'bfloat16',
[36m(TaskRunnerV1 pid=305803)[0m                                             'dynamic_context_parallel': False,
[36m(TaskRunnerV1 pid=305803)[0m                                             'entropy_from_logits_chunk_size': 2048,
[36m(TaskRunnerV1 pid=305803)[0m                                             'entropy_from_logits_with_chunking': False,
[36m(TaskRunnerV1 pid=305803)[0m                                             'expert_model_parallel_size': 1,
[36m(TaskRunnerV1 pid=305803)[0m                                             'expert_tensor_parallel_size': None,
[36m(TaskRunnerV1 pid=305803)[0m                                             'forward_only': True,
[36m(TaskRunnerV1 pid=305803)[0m                                             'max_seqlen_per_dp_cp_rank': None,
[36m(TaskRunnerV1 pid=305803)[0m                                             'optimizer_offload': False,
[36m(TaskRunnerV1 pid=305803)[0m                                             'override_ddp_config': {},
[36m(TaskRunnerV1 pid=305803)[0m                                             'override_mcore_model_config': {},
[36m(TaskRunnerV1 pid=305803)[0m                                             'override_transformer_config': {'attention_backend': 'flash',
[36m(TaskRunnerV1 pid=305803)[0m                                                                             'recompute_granularity': 'full',
[36m(TaskRunnerV1 pid=305803)[0m                                                                             'recompute_method': 'uniform',
[36m(TaskRunnerV1 pid=305803)[0m                                                                             'recompute_modules': ['core_attn'],
[36m(TaskRunnerV1 pid=305803)[0m                                                                             'recompute_num_layers': 1},
[36m(TaskRunnerV1 pid=305803)[0m                                             'pad_bshd_to_minibatch_max': True,
[36m(TaskRunnerV1 pid=305803)[0m                                             'pad_to_length': False,
[36m(TaskRunnerV1 pid=305803)[0m                                             'pad_to_length_bucket': 512,
[36m(TaskRunnerV1 pid=305803)[0m                                             'param_offload': True,
[36m(TaskRunnerV1 pid=305803)[0m                                             'pipeline_model_parallel_size': 2,
[36m(TaskRunnerV1 pid=305803)[0m                                             'qat': {'_target_': 'verl.workers.config.QATEngineConfig',
[36m(TaskRunnerV1 pid=305803)[0m                                                     'activation_observer': None,
[36m(TaskRunnerV1 pid=305803)[0m                                                     'enable': False,
[36m(TaskRunnerV1 pid=305803)[0m                                                     'group_size': 16,
[36m(TaskRunnerV1 pid=305803)[0m                                                     'ignore_patterns': ['lm_head',
[36m(TaskRunnerV1 pid=305803)[0m                                                                         '*mlp.gate'],
[36m(TaskRunnerV1 pid=305803)[0m                                                     'mode': 'w4a16',
[36m(TaskRunnerV1 pid=305803)[0m                                                     'quantization_config_path': None},
[36m(TaskRunnerV1 pid=305803)[0m                                             'response_only_lm_head': False,
[36m(TaskRunnerV1 pid=305803)[0m                                             'router_replay': {'_target_': 'verl.workers.config.EngineRouterReplayConfig',
[36m(TaskRunnerV1 pid=305803)[0m                                                               'mode': 'disabled',
[36m(TaskRunnerV1 pid=305803)[0m                                                               'record_file': None,
[36m(TaskRunnerV1 pid=305803)[0m                                                               'replay_file': None},
[36m(TaskRunnerV1 pid=305803)[0m                                             'seed': 42,
[36m(TaskRunnerV1 pid=305803)[0m                                             'sequence_parallel': True,
[36m(TaskRunnerV1 pid=305803)[0m                                             'tensor_model_parallel_size': 2,
[36m(TaskRunnerV1 pid=305803)[0m                                             'use_dist_checkpointing': False,
[36m(TaskRunnerV1 pid=305803)[0m                                             'use_distributed_optimizer': True,
[36m(TaskRunnerV1 pid=305803)[0m                                             'use_mbridge': True,
[36m(TaskRunnerV1 pid=305803)[0m                                             'use_megatron_fsdp': False,
[36m(TaskRunnerV1 pid=305803)[0m                                             'use_remove_padding': True,
[36m(TaskRunnerV1 pid=305803)[0m                                             'vanilla_mbridge': False,
[36m(TaskRunnerV1 pid=305803)[0m                                             'virtual_pipeline_model_parallel_size': None},
[36m(TaskRunnerV1 pid=305803)[0m                                'profiler': {'_target_': 'verl.utils.profiler.ProfilerConfig',
[36m(TaskRunnerV1 pid=305803)[0m                                             'all_ranks': False,
[36m(TaskRunnerV1 pid=305803)[0m                                             'enable': False,
[36m(TaskRunnerV1 pid=305803)[0m                                             'finish_hook_all_ranks': False,
[36m(TaskRunnerV1 pid=305803)[0m                                             'finish_hook_cmd': None,
[36m(TaskRunnerV1 pid=305803)[0m                                             'finish_hook_ranks': [],
[36m(TaskRunnerV1 pid=305803)[0m                                             'ranks': [],
[36m(TaskRunnerV1 pid=305803)[0m                                             'relocate_results': False,
[36m(TaskRunnerV1 pid=305803)[0m                                             'save_path': 'outputs/profile',
[36m(TaskRunnerV1 pid=305803)[0m                                             'tool': None,
[36m(TaskRunnerV1 pid=305803)[0m                                             'tool_config': {'npu': {'_target_': 'verl.utils.profiler.config.NPUToolConfig',
[36m(TaskRunnerV1 pid=305803)[0m                                                                     'analysis': True,
[36m(TaskRunnerV1 pid=305803)[0m                                                                     'contents': [],
[36m(TaskRunnerV1 pid=305803)[0m                                                                     'discrete': False,
[36m(TaskRunnerV1 pid=305803)[0m                                                                     'level': 'level0'},
[36m(TaskRunnerV1 pid=305803)[0m                                                             'nsys': {'_target_': 'verl.utils.profiler.config.NsightToolConfig',
[36m(TaskRunnerV1 pid=305803)[0m                                                                      'discrete': False},
[36m(TaskRunnerV1 pid=305803)[0m                                                             'precision_debugger': {'_target_': 'verl.utils.profiler.config.PrecisionDebuggerToolConfig',
[36m(TaskRunnerV1 pid=305803)[0m                                                                                    'config_path': None,
[36m(TaskRunnerV1 pid=305803)[0m                                                                                    'stages': None,
[36m(TaskRunnerV1 pid=305803)[0m                                                                                    'steps': None,
[36m(TaskRunnerV1 pid=305803)[0m                                                                                    'strict': False},
[36m(TaskRunnerV1 pid=305803)[0m                                                             'torch': {'_target_': 'verl.utils.profiler.config.TorchProfilerToolConfig',
[36m(TaskRunnerV1 pid=305803)[0m                                                                       'contents': [],
[36m(TaskRunnerV1 pid=305803)[0m                                                                       'discrete': False,
[36m(TaskRunnerV1 pid=305803)[0m                                                                       'schedule': {'_target_': 'verl.utils.profiler.config.TorchProfilerScheduleConfig',
[36m(TaskRunnerV1 pid=305803)[0m                                                                                    'active': 0,
[36m(TaskRunnerV1 pid=305803)[0m                                                                                    'repeat': 0,
[36m(TaskRunnerV1 pid=305803)[0m                                                                                    'skip_first': 0,
[36m(TaskRunnerV1 pid=305803)[0m                                                                                    'wait': 0,
[36m(TaskRunnerV1 pid=305803)[0m                                                                                    'warmup': 0}},
[36m(TaskRunnerV1 pid=305803)[0m                                                             'torch_memory': {'_target_': 'verl.utils.profiler.config.TorchMemoryToolConfig',
[36m(TaskRunnerV1 pid=305803)[0m                                                                              'memory_snapshot_num_steps': 1,
[36m(TaskRunnerV1 pid=305803)[0m                                                                              'stack_depth': 32,
[36m(TaskRunnerV1 pid=305803)[0m                                                                              'trace_alloc_max_entries': 100000}}},
[36m(TaskRunnerV1 pid=305803)[0m                                'rollout_n': 4,
[36m(TaskRunnerV1 pid=305803)[0m                                'strategy': 'megatron',
[36m(TaskRunnerV1 pid=305803)[0m                                'use_torch_compile': True},
[36m(TaskRunnerV1 pid=305803)[0m                        'rollout': {'_target_': 'verl.workers.config.RolloutConfig',
[36m(TaskRunnerV1 pid=305803)[0m                                    'agent': {'_target_': 'verl.workers.config.AgentLoopConfig',
[36m(TaskRunnerV1 pid=305803)[0m                                              'agent_loop_config_path': None,
[36m(TaskRunnerV1 pid=305803)[0m                                              'custom_async_server': {'_target_': 'verl.workers.config.CustomAsyncServerConfig',
[36m(TaskRunnerV1 pid=305803)[0m                                                                      'name': None,
[36m(TaskRunnerV1 pid=305803)[0m                                                                      'path': None},
[36m(TaskRunnerV1 pid=305803)[0m                                              'default_agent_loop': 'single_turn_agent',
[36m(TaskRunnerV1 pid=305803)[0m                                              'num_workers': 8},
[36m(TaskRunnerV1 pid=305803)[0m                                    'calculate_log_probs': True,
[36m(TaskRunnerV1 pid=305803)[0m                                    'checkpoint_engine': {'_target_': 'verl.workers.config.CheckpointEngineConfig',
[36m(TaskRunnerV1 pid=305803)[0m                                                          'backend': 'naive',
[36m(TaskRunnerV1 pid=305803)[0m                                                          'custom_backend_module': None,
[36m(TaskRunnerV1 pid=305803)[0m                                                          'engine_kwargs': {},
[36m(TaskRunnerV1 pid=305803)[0m                                                          'update_weights_bucket_megabytes': 2048},
[36m(TaskRunnerV1 pid=305803)[0m                                    'cudagraph_capture_sizes': None,
[36m(TaskRunnerV1 pid=305803)[0m                                    'data_parallel_size': 1,
[36m(TaskRunnerV1 pid=305803)[0m                                    'disable_log_stats': True,
[36m(TaskRunnerV1 pid=305803)[0m                                    'disaggregation': {'bootstrap_port': None,
[36m(TaskRunnerV1 pid=305803)[0m                                                       'decode_replicas': 1,
[36m(TaskRunnerV1 pid=305803)[0m                                                       'decode_tensor_model_parallel_size': None,
[36m(TaskRunnerV1 pid=305803)[0m                                                       'enabled': False,
[36m(TaskRunnerV1 pid=305803)[0m                                                       'ib_device': None,
[36m(TaskRunnerV1 pid=305803)[0m                                                       'prefill_replicas': 1,
[36m(TaskRunnerV1 pid=305803)[0m                                                       'transfer_backend': 'nixl'},
[36m(TaskRunnerV1 pid=305803)[0m                                    'do_sample': True,
[36m(TaskRunnerV1 pid=305803)[0m                                    'dtype': 'bfloat16',
[36m(TaskRunnerV1 pid=305803)[0m                                    'enable_chunked_prefill': True,
[36m(TaskRunnerV1 pid=305803)[0m                                    'enable_prefix_caching': True,
[36m(TaskRunnerV1 pid=305803)[0m                                    'enable_rollout_routing_replay': False,
[36m(TaskRunnerV1 pid=305803)[0m                                    'enforce_eager': False,
[36m(TaskRunnerV1 pid=305803)[0m                                    'engine_kwargs': {'sglang': {},
[36m(TaskRunnerV1 pid=305803)[0m                                                      'trtllm': {},
[36m(TaskRunnerV1 pid=305803)[0m                                                      'vllm': {}},
[36m(TaskRunnerV1 pid=305803)[0m                                    'expert_parallel_size': 1,
[36m(TaskRunnerV1 pid=305803)[0m                                    'free_cache_engine': True,
[36m(TaskRunnerV1 pid=305803)[0m                                    'full_determinism': False,
[36m(TaskRunnerV1 pid=305803)[0m                                    'gpu_memory_utilization': 0.5,
[36m(TaskRunnerV1 pid=305803)[0m                                    'ignore_eos': True,
[36m(TaskRunnerV1 pid=305803)[0m                                    'layered_summon': False,
[36m(TaskRunnerV1 pid=305803)[0m                                    'load_format': 'dummy',
[36m(TaskRunnerV1 pid=305803)[0m                                    'log_prob_max_token_len_per_gpu': 49152,
[36m(TaskRunnerV1 pid=305803)[0m                                    'log_prob_micro_batch_size': None,
[36m(TaskRunnerV1 pid=305803)[0m                                    'log_prob_micro_batch_size_per_gpu': 1,
[36m(TaskRunnerV1 pid=305803)[0m                                    'log_prob_use_dynamic_bsz': False,
[36m(TaskRunnerV1 pid=305803)[0m                                    'logprobs_mode': 'processed_logprobs',
[36m(TaskRunnerV1 pid=305803)[0m                                    'max_model_len': 20736,
[36m(TaskRunnerV1 pid=305803)[0m                                    'max_num_batched_tokens': 65536,
[36m(TaskRunnerV1 pid=305803)[0m                                    'max_num_seqs': 256,
[36m(TaskRunnerV1 pid=305803)[0m                                    'mode': 'async',
[36m(TaskRunnerV1 pid=305803)[0m                                    'moe_load_balance_metrics_interval': 0,
[36m(TaskRunnerV1 pid=305803)[0m                                    'mtp': {'_target_': 'verl.workers.config.MtpConfig',
[36m(TaskRunnerV1 pid=305803)[0m                                            'detach_encoder': False,
[36m(TaskRunnerV1 pid=305803)[0m                                            'enable': False,
[36m(TaskRunnerV1 pid=305803)[0m                                            'enable_rollout': False,
[36m(TaskRunnerV1 pid=305803)[0m                                            'enable_train': False,
[36m(TaskRunnerV1 pid=305803)[0m                                            'method': 'mtp',
[36m(TaskRunnerV1 pid=305803)[0m                                            'mtp_loss_scaling_factor': 0.1,
[36m(TaskRunnerV1 pid=305803)[0m                                            'num_speculative_tokens': 1,
[36m(TaskRunnerV1 pid=305803)[0m                                            'speculative_algorithm': 'EAGLE',
[36m(TaskRunnerV1 pid=305803)[0m                                            'speculative_eagle_topk': 1,
[36m(TaskRunnerV1 pid=305803)[0m                                            'speculative_num_draft_tokens': 4,
[36m(TaskRunnerV1 pid=305803)[0m                                            'speculative_num_steps': 3},
[36m(TaskRunnerV1 pid=305803)[0m                                    'multi_stage_wake_up': False,
[36m(TaskRunnerV1 pid=305803)[0m                                    'multi_turn': {'_target_': 'verl.workers.config.MultiTurnConfig',
[36m(TaskRunnerV1 pid=305803)[0m                                                   'enable': False,
[36m(TaskRunnerV1 pid=305803)[0m                                                   'format': 'hermes',
[36m(TaskRunnerV1 pid=305803)[0m                                                   'function_tool_path': None,
[36m(TaskRunnerV1 pid=305803)[0m                                                   'max_assistant_turns': None,
[36m(TaskRunnerV1 pid=305803)[0m                                                   'max_parallel_calls': 1,
[36m(TaskRunnerV1 pid=305803)[0m                                                   'max_tool_response_length': 256,
[36m(TaskRunnerV1 pid=305803)[0m                                                   'max_user_turns': None,
[36m(TaskRunnerV1 pid=305803)[0m                                                   'num_repeat_rollouts': None,
[36m(TaskRunnerV1 pid=305803)[0m                                                   'tokenization_sanity_check_mode': 'strict',
[36m(TaskRunnerV1 pid=305803)[0m                                                   'tool_config_path': None,
[36m(TaskRunnerV1 pid=305803)[0m                                                   'tool_response_truncate_side': 'middle',
[36m(TaskRunnerV1 pid=305803)[0m                                                   'use_inference_chat_template': False},
[36m(TaskRunnerV1 pid=305803)[0m                                    'n': 4,
[36m(TaskRunnerV1 pid=305803)[0m                                    'n_gpus_per_node': 8,
[36m(TaskRunnerV1 pid=305803)[0m                                    'name': 'vllm',
[36m(TaskRunnerV1 pid=305803)[0m                                    'nnodes': 0,
[36m(TaskRunnerV1 pid=305803)[0m                                    'over_sample_rate': 0,
[36m(TaskRunnerV1 pid=305803)[0m                                    'pipeline_model_parallel_size': 1,
[36m(TaskRunnerV1 pid=305803)[0m                                    'profiler': {'_target_': 'verl.utils.profiler.ProfilerConfig',
[36m(TaskRunnerV1 pid=305803)[0m                                                 'all_ranks': False,
[36m(TaskRunnerV1 pid=305803)[0m                                                 'enable': False,
[36m(TaskRunnerV1 pid=305803)[0m                                                 'finish_hook_all_ranks': False,
[36m(TaskRunnerV1 pid=305803)[0m                                                 'finish_hook_cmd': None,
[36m(TaskRunnerV1 pid=305803)[0m                                                 'finish_hook_ranks': [],
[36m(TaskRunnerV1 pid=305803)[0m                                                 'ranks': [],
[36m(TaskRunnerV1 pid=305803)[0m                                                 'relocate_results': False,
[36m(TaskRunnerV1 pid=305803)[0m                                                 'save_path': 'outputs/profile',
[36m(TaskRunnerV1 pid=305803)[0m                                                 'tool': None,
[36m(TaskRunnerV1 pid=305803)[0m                                                 'tool_config': {'npu': {'_target_': 'verl.utils.profiler.config.NPUToolConfig',
[36m(TaskRunnerV1 pid=305803)[0m                                                                         'analysis': True,
[36m(TaskRunnerV1 pid=305803)[0m                                                                         'contents': [],
[36m(TaskRunnerV1 pid=305803)[0m                                                                         'discrete': False,
[36m(TaskRunnerV1 pid=305803)[0m                                                                         'level': 'level0',
[36m(TaskRunnerV1 pid=305803)[0m                                                                         'profile_token_end': None,
[36m(TaskRunnerV1 pid=305803)[0m                                                                         'profile_token_start': None},
[36m(TaskRunnerV1 pid=305803)[0m                                                                 'precision_debugger': {'_target_': 'verl.utils.profiler.config.PrecisionDebuggerToolConfig',
[36m(TaskRunnerV1 pid=305803)[0m                                                                                        'config_path': None,
[36m(TaskRunnerV1 pid=305803)[0m                                                                                        'stages': None,
[36m(TaskRunnerV1 pid=305803)[0m                                                                                        'steps': None,
[36m(TaskRunnerV1 pid=305803)[0m                                                                                        'strict': False},
[36m(TaskRunnerV1 pid=305803)[0m                                                                 'torch': {'_target_': 'verl.utils.profiler.config.TorchProfilerToolConfig',
[36m(TaskRunnerV1 pid=305803)[0m                                                                           'contents': [],
[36m(TaskRunnerV1 pid=305803)[0m                                                                           'discrete': False,
[36m(TaskRunnerV1 pid=305803)[0m                                                                           'profile_token_end': None,
[36m(TaskRunnerV1 pid=305803)[0m                                                                           'profile_token_start': None}}},
[36m(TaskRunnerV1 pid=305803)[0m                                    'prometheus': {'_target_': 'verl.workers.config.PrometheusConfig',
[36m(TaskRunnerV1 pid=305803)[0m                                                   'enable': False,
[36m(TaskRunnerV1 pid=305803)[0m                                                   'file': '/tmp/ray/session_latest/metrics/prometheus/prometheus.yml',
[36m(TaskRunnerV1 pid=305803)[0m                                                   'port': 9090,
[36m(TaskRunnerV1 pid=305803)[0m                                                   'served_model_name': '/home/p00938733/Qwen3-8B'},
[36m(TaskRunnerV1 pid=305803)[0m                                    'prompt_length': 16640,
[36m(TaskRunnerV1 pid=305803)[0m                                    'qat': {'_target_': 'verl.workers.config.QATEngineConfig',
[36m(TaskRunnerV1 pid=305803)[0m                                            'activation_observer': None,
[36m(TaskRunnerV1 pid=305803)[0m                                            'enable': False,
[36m(TaskRunnerV1 pid=305803)[0m                                            'group_size': 16,
[36m(TaskRunnerV1 pid=305803)[0m                                            'ignore_patterns': ['lm_head',
[36m(TaskRunnerV1 pid=305803)[0m                                                                '*mlp.gate'],
[36m(TaskRunnerV1 pid=305803)[0m                                            'mode': 'w4a16',
[36m(TaskRunnerV1 pid=305803)[0m                                            'quantization_config_path': None},
[36m(TaskRunnerV1 pid=305803)[0m                                    'quantization': None,
[36m(TaskRunnerV1 pid=305803)[0m                                    'quantization_config_file': None,
[36m(TaskRunnerV1 pid=305803)[0m                                    'response_length': 4096,
[36m(TaskRunnerV1 pid=305803)[0m                                    'router_config_path': None,
[36m(TaskRunnerV1 pid=305803)[0m                                    'scheduling_policy': 'fcfs',
[36m(TaskRunnerV1 pid=305803)[0m                                    'seed': 42,
[36m(TaskRunnerV1 pid=305803)[0m                                    'skip_tokenizer_init': True,
[36m(TaskRunnerV1 pid=305803)[0m                                    'temperature': 1.0,
[36m(TaskRunnerV1 pid=305803)[0m                                    'tensor_model_parallel_size': 4,
[36m(TaskRunnerV1 pid=305803)[0m                                    'top_k': -1,
[36m(TaskRunnerV1 pid=305803)[0m                                    'top_p': 0.95,
[36m(TaskRunnerV1 pid=305803)[0m                                    'trace': {'_target_': 'verl.workers.config.TraceConfig',
[36m(TaskRunnerV1 pid=305803)[0m                                              'backend': None,
[36m(TaskRunnerV1 pid=305803)[0m                                              'experiment_name': 'rlmh_combinations_a100',
[36m(TaskRunnerV1 pid=305803)[0m                                              'max_samples_per_step_per_worker': None,
[36m(TaskRunnerV1 pid=305803)[0m                                              'project_name': 'rlmh_combinations_a100',
[36m(TaskRunnerV1 pid=305803)[0m                                              'token2text': False},
[36m(TaskRunnerV1 pid=305803)[0m                                    'val_kwargs': {'_target_': 'verl.workers.config.SamplingConfig',
[36m(TaskRunnerV1 pid=305803)[0m                                                   'do_sample': False,
[36m(TaskRunnerV1 pid=305803)[0m                                                   'n': 1,
[36m(TaskRunnerV1 pid=305803)[0m                                                   'temperature': 0,
[36m(TaskRunnerV1 pid=305803)[0m                                                   'top_k': -1,
[36m(TaskRunnerV1 pid=305803)[0m                                                   'top_p': 1.0}}},
[36m(TaskRunnerV1 pid=305803)[0m  'algorithm': {'_target_': 'verl.trainer.config.AlgoConfig',
[36m(TaskRunnerV1 pid=305803)[0m                'adv_estimator': 'grpo',
[36m(TaskRunnerV1 pid=305803)[0m                'filter_groups': {'_target_': 'verl.trainer.config.FilterGroupsConfig',
[36m(TaskRunnerV1 pid=305803)[0m                                  'enable': False,
[36m(TaskRunnerV1 pid=305803)[0m                                  'max_inflight_gen_batches': 1,
[36m(TaskRunnerV1 pid=305803)[0m                                  'max_num_gen_batches': 0,
[36m(TaskRunnerV1 pid=305803)[0m                                  'metric': 'reward'},
[36m(TaskRunnerV1 pid=305803)[0m                'gamma': 1.0,
[36m(TaskRunnerV1 pid=305803)[0m                'kl_ctrl': {'_target_': 'verl.trainer.config.KLControlConfig',
[36m(TaskRunnerV1 pid=305803)[0m                            'horizon': 10000,
[36m(TaskRunnerV1 pid=305803)[0m                            'kl_coef': 0.001,
[36m(TaskRunnerV1 pid=305803)[0m                            'target_kl': 0.1,
[36m(TaskRunnerV1 pid=305803)[0m                            'type': 'fixed'},
[36m(TaskRunnerV1 pid=305803)[0m                'kl_penalty': 'kl',
[36m(TaskRunnerV1 pid=305803)[0m                'lam': 1.0,
[36m(TaskRunnerV1 pid=305803)[0m                'norm_adv_by_std_in_grpo': True,
[36m(TaskRunnerV1 pid=305803)[0m                'pf_ppo': {'reweight_method': 'pow', 'weight_pow': 2.0},
[36m(TaskRunnerV1 pid=305803)[0m                'rollout_correction': {'bypass_mode': False,
[36m(TaskRunnerV1 pid=305803)[0m                                       'loss_type': 'ppo_clip',
[36m(TaskRunnerV1 pid=305803)[0m                                       'rollout_is': None,
[36m(TaskRunnerV1 pid=305803)[0m                                       'rollout_is_batch_normalize': False,
[36m(TaskRunnerV1 pid=305803)[0m                                       'rollout_is_threshold': 2.0,
[36m(TaskRunnerV1 pid=305803)[0m                                       'rollout_rs': None,
[36m(TaskRunnerV1 pid=305803)[0m                                       'rollout_rs_threshold': None},
[36m(TaskRunnerV1 pid=305803)[0m                'use_kl_in_reward': False,
[36m(TaskRunnerV1 pid=305803)[0m                'use_pf_ppo': False},
[36m(TaskRunnerV1 pid=305803)[0m  'critic': {'_target_': 'verl.workers.config.McoreCriticConfig',
[36m(TaskRunnerV1 pid=305803)[0m             'checkpoint': {'_target_': 'verl.workers.config.McoreCheckpointConfig',
[36m(TaskRunnerV1 pid=305803)[0m                            'async_save': False,
[36m(TaskRunnerV1 pid=305803)[0m                            'load_contents': ['model', 'optimizer', 'extra'],
[36m(TaskRunnerV1 pid=305803)[0m                            'mbridge_config': {},
[36m(TaskRunnerV1 pid=305803)[0m                            'save_contents': ['model', 'optimizer', 'extra']},
[36m(TaskRunnerV1 pid=305803)[0m             'cliprange_value': 0.5,
[36m(TaskRunnerV1 pid=305803)[0m             'data_loader_seed': 42,
[36m(TaskRunnerV1 pid=305803)[0m             'enable': None,
[36m(TaskRunnerV1 pid=305803)[0m             'forward_max_token_len_per_gpu': 32768,
[36m(TaskRunnerV1 pid=305803)[0m             'loss_agg_mode': 'token-mean',
[36m(TaskRunnerV1 pid=305803)[0m             'loss_scale_factor': None,
[36m(TaskRunnerV1 pid=305803)[0m             'megatron': {'_target_': 'verl.workers.config.McoreEngineConfig',
[36m(TaskRunnerV1 pid=305803)[0m                          'context_parallel_size': 1,
[36m(TaskRunnerV1 pid=305803)[0m                          'dist_checkpointing_path': None,
[36m(TaskRunnerV1 pid=305803)[0m                          'dist_checkpointing_prefix': '',
[36m(TaskRunnerV1 pid=305803)[0m                          'dist_ckpt_optim_fully_reshardable': False,
[36m(TaskRunnerV1 pid=305803)[0m                          'distrib_optim_fully_reshardable_mem_efficient': False,
[36m(TaskRunnerV1 pid=305803)[0m                          'dtype': 'bfloat16',
[36m(TaskRunnerV1 pid=305803)[0m                          'dynamic_context_parallel': False,
[36m(TaskRunnerV1 pid=305803)[0m                          'entropy_from_logits_chunk_size': 2048,
[36m(TaskRunnerV1 pid=305803)[0m                          'entropy_from_logits_with_chunking': False,
[36m(TaskRunnerV1 pid=305803)[0m                          'expert_model_parallel_size': 1,
[36m(TaskRunnerV1 pid=305803)[0m                          'expert_tensor_parallel_size': None,
[36m(TaskRunnerV1 pid=305803)[0m                          'forward_only': False,
[36m(TaskRunnerV1 pid=305803)[0m                          'max_seqlen_per_dp_cp_rank': None,
[36m(TaskRunnerV1 pid=305803)[0m                          'optimizer_offload': False,
[36m(TaskRunnerV1 pid=305803)[0m                          'override_ddp_config': {},
[36m(TaskRunnerV1 pid=305803)[0m                          'override_mcore_model_config': {},
[36m(TaskRunnerV1 pid=305803)[0m                          'override_transformer_config': {'attention_backend': 'flash',
[36m(TaskRunnerV1 pid=305803)[0m                                                          'recompute_granularity': None,
[36m(TaskRunnerV1 pid=305803)[0m                                                          'recompute_method': None,
[36m(TaskRunnerV1 pid=305803)[0m                                                          'recompute_modules': ['core_attn'],
[36m(TaskRunnerV1 pid=305803)[0m                                                          'recompute_num_layers': None},
[36m(TaskRunnerV1 pid=305803)[0m                          'pad_bshd_to_minibatch_max': True,
[36m(TaskRunnerV1 pid=305803)[0m                          'pad_to_length': False,
[36m(TaskRunnerV1 pid=305803)[0m                          'pad_to_length_bucket': 512,
[36m(TaskRunnerV1 pid=305803)[0m                          'param_offload': False,
[36m(TaskRunnerV1 pid=305803)[0m                          'pipeline_model_parallel_size': 1,
[36m(TaskRunnerV1 pid=305803)[0m                          'qat': {'_target_': 'verl.workers.config.QATEngineConfig',
[36m(TaskRunnerV1 pid=305803)[0m                                  'activation_observer': None,
[36m(TaskRunnerV1 pid=305803)[0m                                  'enable': False,
[36m(TaskRunnerV1 pid=305803)[0m                                  'group_size': 16,
[36m(TaskRunnerV1 pid=305803)[0m                                  'ignore_patterns': ['lm_head', '*mlp.gate'],
[36m(TaskRunnerV1 pid=305803)[0m                                  'mode': 'w4a16',
[36m(TaskRunnerV1 pid=305803)[0m                                  'quantization_config_path': None},
[36m(TaskRunnerV1 pid=305803)[0m                          'response_only_lm_head': False,
[36m(TaskRunnerV1 pid=305803)[0m                          'router_replay': {'_target_': 'verl.workers.config.EngineRouterReplayConfig',
[36m(TaskRunnerV1 pid=305803)[0m                                            'mode': 'disabled',
[36m(TaskRunnerV1 pid=305803)[0m                                            'record_file': None,
[36m(TaskRunnerV1 pid=305803)[0m                                            'replay_file': None},
[36m(TaskRunnerV1 pid=305803)[0m                          'seed': 42,
[36m(TaskRunnerV1 pid=305803)[0m                          'sequence_parallel': True,
[36m(TaskRunnerV1 pid=305803)[0m                          'tensor_model_parallel_size': 1,
[36m(TaskRunnerV1 pid=305803)[0m                          'use_dist_checkpointing': False,
[36m(TaskRunnerV1 pid=305803)[0m                          'use_distributed_optimizer': True,
[36m(TaskRunnerV1 pid=305803)[0m                          'use_mbridge': True,
[36m(TaskRunnerV1 pid=305803)[0m                          'use_megatron_fsdp': False,
[36m(TaskRunnerV1 pid=305803)[0m                          'use_remove_padding': True,
[36m(TaskRunnerV1 pid=305803)[0m                          'vanilla_mbridge': False,
[36m(TaskRunnerV1 pid=305803)[0m                          'virtual_pipeline_model_parallel_size': None},
[36m(TaskRunnerV1 pid=305803)[0m             'model': {'_target_': 'verl.workers.config.HFModelConfig',
[36m(TaskRunnerV1 pid=305803)[0m                       'custom_chat_template': None,
[36m(TaskRunnerV1 pid=305803)[0m                       'enable_activation_offload': False,
[36m(TaskRunnerV1 pid=305803)[0m                       'enable_gradient_checkpointing': True,
[36m(TaskRunnerV1 pid=305803)[0m                       'exclude_modules': None,
[36m(TaskRunnerV1 pid=305803)[0m                       'external_lib': None,
[36m(TaskRunnerV1 pid=305803)[0m                       'fused_kernel_options': {'impl_backend': 'torch'},
[36m(TaskRunnerV1 pid=305803)[0m                       'hf_config_path': None,
[36m(TaskRunnerV1 pid=305803)[0m                       'lora': {'a2a_experimental': False,
[36m(TaskRunnerV1 pid=305803)[0m                                'adapter_path': None,
[36m(TaskRunnerV1 pid=305803)[0m                                'alpha': 32,
[36m(TaskRunnerV1 pid=305803)[0m                                'dropout': 0.0,
[36m(TaskRunnerV1 pid=305803)[0m                                'dropout_position': 'pre',
[36m(TaskRunnerV1 pid=305803)[0m                                'dtype': None,
[36m(TaskRunnerV1 pid=305803)[0m                                'exclude_modules': [],
[36m(TaskRunnerV1 pid=305803)[0m                                'freeze_language_model': True,
[36m(TaskRunnerV1 pid=305803)[0m                                'freeze_vision_model': True,
[36m(TaskRunnerV1 pid=305803)[0m                                'freeze_vision_projection': True,
[36m(TaskRunnerV1 pid=305803)[0m                                'lora_A_init_method': 'xavier',
[36m(TaskRunnerV1 pid=305803)[0m                                'lora_B_init_method': 'zero',
[36m(TaskRunnerV1 pid=305803)[0m                                'merge': False,
[36m(TaskRunnerV1 pid=305803)[0m                                'rank': 0,
[36m(TaskRunnerV1 pid=305803)[0m                                'target_modules': ['linear_qkv',
[36m(TaskRunnerV1 pid=305803)[0m                                                   'linear_proj',
[36m(TaskRunnerV1 pid=305803)[0m                                                   'linear_fc1',
[36m(TaskRunnerV1 pid=305803)[0m                                                   'linear_fc2'],
[36m(TaskRunnerV1 pid=305803)[0m                                'type': 'lora'},
[36m(TaskRunnerV1 pid=305803)[0m                       'lora_adapter_path': None,
[36m(TaskRunnerV1 pid=305803)[0m                       'lora_alpha': 16,
[36m(TaskRunnerV1 pid=305803)[0m                       'lora_rank': 0,
[36m(TaskRunnerV1 pid=305803)[0m                       'mtp': {'_target_': 'verl.workers.config.MtpConfig',
[36m(TaskRunnerV1 pid=305803)[0m                               'detach_encoder': False,
[36m(TaskRunnerV1 pid=305803)[0m                               'enable': False,
[36m(TaskRunnerV1 pid=305803)[0m                               'enable_rollout': False,
[36m(TaskRunnerV1 pid=305803)[0m                               'enable_train': False,
[36m(TaskRunnerV1 pid=305803)[0m                               'method': 'mtp',
[36m(TaskRunnerV1 pid=305803)[0m                               'mtp_loss_scaling_factor': 0.1,
[36m(TaskRunnerV1 pid=305803)[0m                               'num_speculative_tokens': 1,
[36m(TaskRunnerV1 pid=305803)[0m                               'speculative_algorithm': 'EAGLE',
[36m(TaskRunnerV1 pid=305803)[0m                               'speculative_eagle_topk': 1,
[36m(TaskRunnerV1 pid=305803)[0m                               'speculative_num_draft_tokens': 4,
[36m(TaskRunnerV1 pid=305803)[0m                               'speculative_num_steps': 3},
[36m(TaskRunnerV1 pid=305803)[0m                       'override_config': {},
[36m(TaskRunnerV1 pid=305803)[0m                       'path': '~/models/deepseek-llm-7b-chat',
[36m(TaskRunnerV1 pid=305803)[0m                       'target_modules': 'all-linear',
[36m(TaskRunnerV1 pid=305803)[0m                       'tiled_mlp': {'enabled': False, 'num_shards': 4},
[36m(TaskRunnerV1 pid=305803)[0m                       'tokenizer_path': None,
[36m(TaskRunnerV1 pid=305803)[0m                       'trust_remote_code': False,
[36m(TaskRunnerV1 pid=305803)[0m                       'use_fused_kernels': False,
[36m(TaskRunnerV1 pid=305803)[0m                       'use_liger': False,
[36m(TaskRunnerV1 pid=305803)[0m                       'use_remove_padding': True,
[36m(TaskRunnerV1 pid=305803)[0m                       'use_shm': False},
[36m(TaskRunnerV1 pid=305803)[0m             'nccl_timeout': 600,
[36m(TaskRunnerV1 pid=305803)[0m             'optim': {'_target_': 'verl.workers.config.McoreOptimizerConfig',
[36m(TaskRunnerV1 pid=305803)[0m                       'betas': [0.9, 0.999],
[36m(TaskRunnerV1 pid=305803)[0m                       'clip_grad': 1.0,
[36m(TaskRunnerV1 pid=305803)[0m                       'exp_avg_dtype': 'fp32',
[36m(TaskRunnerV1 pid=305803)[0m                       'exp_avg_sq_dtype': 'fp32',
[36m(TaskRunnerV1 pid=305803)[0m                       'lr': 1e-05,
[36m(TaskRunnerV1 pid=305803)[0m                       'lr_decay_steps': None,
[36m(TaskRunnerV1 pid=305803)[0m                       'lr_decay_style': 'constant',
[36m(TaskRunnerV1 pid=305803)[0m                       'lr_warmup_init': 0.0,
[36m(TaskRunnerV1 pid=305803)[0m                       'lr_warmup_steps': -1,
[36m(TaskRunnerV1 pid=305803)[0m                       'lr_warmup_steps_ratio': 0.0,
[36m(TaskRunnerV1 pid=305803)[0m                       'lr_wsd_decay_steps': None,
[36m(TaskRunnerV1 pid=305803)[0m                       'lr_wsd_decay_style': 'exponential',
[36m(TaskRunnerV1 pid=305803)[0m                       'main_grads_dtype': 'fp32',
[36m(TaskRunnerV1 pid=305803)[0m                       'min_lr': 0.0,
[36m(TaskRunnerV1 pid=305803)[0m                       'muon_coefficient_type': 'quintic',
[36m(TaskRunnerV1 pid=305803)[0m                       'muon_extra_scale_factor': 1.0,
[36m(TaskRunnerV1 pid=305803)[0m                       'muon_fp32_matmul_prec': 'medium',
[36m(TaskRunnerV1 pid=305803)[0m                       'muon_match_adamw_update_rms': False,
[36m(TaskRunnerV1 pid=305803)[0m                       'muon_momentum': 0.95,
[36m(TaskRunnerV1 pid=305803)[0m                       'muon_nesterov': False,
[36m(TaskRunnerV1 pid=305803)[0m                       'muon_num_ns_steps': 5,
[36m(TaskRunnerV1 pid=305803)[0m                       'muon_scalar_optimizer': 'adam',
[36m(TaskRunnerV1 pid=305803)[0m                       'muon_scale_mode': 'spectral',
[36m(TaskRunnerV1 pid=305803)[0m                       'muon_split_qkv': True,
[36m(TaskRunnerV1 pid=305803)[0m                       'muon_tp_mode': 'blockwise',
[36m(TaskRunnerV1 pid=305803)[0m                       'optimizer': 'adam',
[36m(TaskRunnerV1 pid=305803)[0m                       'override_optimizer_config': {},
[36m(TaskRunnerV1 pid=305803)[0m                       'total_training_steps': -1,
[36m(TaskRunnerV1 pid=305803)[0m                       'use_checkpoint_opt_param_scheduler': False,
[36m(TaskRunnerV1 pid=305803)[0m                       'use_layer_wise_distributed_optimizer': False,
[36m(TaskRunnerV1 pid=305803)[0m                       'use_precision_aware_optimizer': False,
[36m(TaskRunnerV1 pid=305803)[0m                       'weight_decay': 0.01,
[36m(TaskRunnerV1 pid=305803)[0m                       'weight_decay_incr_style': 'constant'},
[36m(TaskRunnerV1 pid=305803)[0m             'ppo_epochs': 1,
[36m(TaskRunnerV1 pid=305803)[0m             'ppo_max_token_len_per_gpu': 32768,
[36m(TaskRunnerV1 pid=305803)[0m             'ppo_micro_batch_size': None,
[36m(TaskRunnerV1 pid=305803)[0m             'ppo_micro_batch_size_per_gpu': None,
[36m(TaskRunnerV1 pid=305803)[0m             'ppo_mini_batch_size': 1,
[36m(TaskRunnerV1 pid=305803)[0m             'profiler': {'_target_': 'verl.utils.profiler.ProfilerConfig',
[36m(TaskRunnerV1 pid=305803)[0m                          'all_ranks': False,
[36m(TaskRunnerV1 pid=305803)[0m                          'enable': False,
[36m(TaskRunnerV1 pid=305803)[0m                          'finish_hook_all_ranks': False,
[36m(TaskRunnerV1 pid=305803)[0m                          'finish_hook_cmd': None,
[36m(TaskRunnerV1 pid=305803)[0m                          'finish_hook_ranks': [],
[36m(TaskRunnerV1 pid=305803)[0m                          'ranks': [],
[36m(TaskRunnerV1 pid=305803)[0m                          'relocate_results': False,
[36m(TaskRunnerV1 pid=305803)[0m                          'save_path': 'outputs/profile',
[36m(TaskRunnerV1 pid=305803)[0m                          'tool': None,
[36m(TaskRunnerV1 pid=305803)[0m                          'tool_config': {'npu': {'_target_': 'verl.utils.profiler.config.NPUToolConfig',
[36m(TaskRunnerV1 pid=305803)[0m                                                  'analysis': True,
[36m(TaskRunnerV1 pid=305803)[0m                                                  'contents': [],
[36m(TaskRunnerV1 pid=305803)[0m                                                  'discrete': False,
[36m(TaskRunnerV1 pid=305803)[0m                                                  'level': 'level0'},
[36m(TaskRunnerV1 pid=305803)[0m                                          'nsys': {'_target_': 'verl.utils.profiler.config.NsightToolConfig',
[36m(TaskRunnerV1 pid=305803)[0m                                                   'discrete': False},
[36m(TaskRunnerV1 pid=305803)[0m                                          'precision_debugger': {'_target_': 'verl.utils.profiler.config.PrecisionDebuggerToolConfig',
[36m(TaskRunnerV1 pid=305803)[0m                                                                 'config_path': None,
[36m(TaskRunnerV1 pid=305803)[0m                                                                 'stages': None,
[36m(TaskRunnerV1 pid=305803)[0m                                                                 'steps': None,
[36m(TaskRunnerV1 pid=305803)[0m                                                                 'strict': False},
[36m(TaskRunnerV1 pid=305803)[0m                                          'torch': {'_target_': 'verl.utils.profiler.config.TorchProfilerToolConfig',
[36m(TaskRunnerV1 pid=305803)[0m                                                    'contents': [],
[36m(TaskRunnerV1 pid=305803)[0m                                                    'discrete': False,
[36m(TaskRunnerV1 pid=305803)[0m                                                    'schedule': {'_target_': 'verl.utils.profiler.config.TorchProfilerScheduleConfig',
[36m(TaskRunnerV1 pid=305803)[0m                                                                 'active': 0,
[36m(TaskRunnerV1 pid=305803)[0m                                                                 'repeat': 0,
[36m(TaskRunnerV1 pid=305803)[0m                                                                 'skip_first': 0,
[36m(TaskRunnerV1 pid=305803)[0m                                                                 'wait': 0,
[36m(TaskRunnerV1 pid=305803)[0m                                                                 'warmup': 0}},
[36m(TaskRunnerV1 pid=305803)[0m                                          'torch_memory': {'_target_': 'verl.utils.profiler.config.TorchMemoryToolConfig',
[36m(TaskRunnerV1 pid=305803)[0m                                                           'memory_snapshot_num_steps': 1,
[36m(TaskRunnerV1 pid=305803)[0m                                                           'stack_depth': 32,
[36m(TaskRunnerV1 pid=305803)[0m                                                           'trace_alloc_max_entries': 100000}}},
[36m(TaskRunnerV1 pid=305803)[0m             'rollout_n': 4,
[36m(TaskRunnerV1 pid=305803)[0m             'shuffle': False,
[36m(TaskRunnerV1 pid=305803)[0m             'strategy': 'megatron',
[36m(TaskRunnerV1 pid=305803)[0m             'use_dynamic_bsz': False},
[36m(TaskRunnerV1 pid=305803)[0m  'custom_reward_function': {'name': None, 'path': None},
[36m(TaskRunnerV1 pid=305803)[0m  'data': {'apply_chat_template_kwargs': {'enable_thinking': False},
[36m(TaskRunnerV1 pid=305803)[0m           'audio_key': 'audios',
[36m(TaskRunnerV1 pid=305803)[0m           'custom_cls': {'name': None, 'path': None},
[36m(TaskRunnerV1 pid=305803)[0m           'dataloader_num_workers': 0,
[36m(TaskRunnerV1 pid=305803)[0m           'filter_overlong_prompts': False,
[36m(TaskRunnerV1 pid=305803)[0m           'filter_overlong_prompts_workers': 1,
[36m(TaskRunnerV1 pid=305803)[0m           'function_tool_path': None,
[36m(TaskRunnerV1 pid=305803)[0m           'gen_batch_size': 4,
[36m(TaskRunnerV1 pid=305803)[0m           'image_key': 'images',
[36m(TaskRunnerV1 pid=305803)[0m           'image_patch_size': 14,
[36m(TaskRunnerV1 pid=305803)[0m           'max_prompt_length': 16640,
[36m(TaskRunnerV1 pid=305803)[0m           'max_response_length': 4096,
[36m(TaskRunnerV1 pid=305803)[0m           'mm_processor_kwargs': {},
[36m(TaskRunnerV1 pid=305803)[0m           'prompt_key': 'prompt',
[36m(TaskRunnerV1 pid=305803)[0m           'return_full_prompt': False,
[36m(TaskRunnerV1 pid=305803)[0m           'return_multi_modal_inputs': True,
[36m(TaskRunnerV1 pid=305803)[0m           'return_raw_chat': True,
[36m(TaskRunnerV1 pid=305803)[0m           'return_raw_input_ids': False,
[36m(TaskRunnerV1 pid=305803)[0m           'reward_fn_key': 'data_source',
[36m(TaskRunnerV1 pid=305803)[0m           'seed': 42,
[36m(TaskRunnerV1 pid=305803)[0m           'shuffle': False,
[36m(TaskRunnerV1 pid=305803)[0m           'tokenizer': None,
[36m(TaskRunnerV1 pid=305803)[0m           'tool_config_path': None,
[36m(TaskRunnerV1 pid=305803)[0m           'train_batch_size': 4,
[36m(TaskRunnerV1 pid=305803)[0m           'train_files': '/home/p00938733/ruler-verl/16k4k/train.parquet',
[36m(TaskRunnerV1 pid=305803)[0m           'train_max_samples': -1,
[36m(TaskRunnerV1 pid=305803)[0m           'truncation': 'error',
[36m(TaskRunnerV1 pid=305803)[0m           'trust_remote_code': False,
[36m(TaskRunnerV1 pid=305803)[0m           'use_shm': False,
[36m(TaskRunnerV1 pid=305803)[0m           'val_batch_size': None,
[36m(TaskRunnerV1 pid=305803)[0m           'val_files': '/home/p00938733/ruler-verl/16k4k/test.parquet',
[36m(TaskRunnerV1 pid=305803)[0m           'val_max_samples': -1,
[36m(TaskRunnerV1 pid=305803)[0m           'validation_shuffle': False,
[36m(TaskRunnerV1 pid=305803)[0m           'video_key': 'videos'},
[36m(TaskRunnerV1 pid=305803)[0m  'distillation': {'_target_': 'verl.workers.config.DistillationConfig',
[36m(TaskRunnerV1 pid=305803)[0m                   'distillation_loss': {'_target_': 'verl.workers.config.DistillationLossConfig',
[36m(TaskRunnerV1 pid=305803)[0m                                         'clip_ratio': 0.2,
[36m(TaskRunnerV1 pid=305803)[0m                                         'clip_ratio_high': 0.2,
[36m(TaskRunnerV1 pid=305803)[0m                                         'clip_ratio_low': 0.2,
[36m(TaskRunnerV1 pid=305803)[0m                                         'distillation_loss_coef': 1.0,
[36m(TaskRunnerV1 pid=305803)[0m                                         'log_prob_min_clamp': None,
[36m(TaskRunnerV1 pid=305803)[0m                                         'loss_max_clamp': None,
[36m(TaskRunnerV1 pid=305803)[0m                                         'loss_mode': 'k3',
[36m(TaskRunnerV1 pid=305803)[0m                                         'policy_loss_mode': 'vanilla',
[36m(TaskRunnerV1 pid=305803)[0m                                         'topk': 32,
[36m(TaskRunnerV1 pid=305803)[0m                                         'use_policy_gradient': False,
[36m(TaskRunnerV1 pid=305803)[0m                                         'use_task_rewards': True},
[36m(TaskRunnerV1 pid=305803)[0m                   'enabled': False,
[36m(TaskRunnerV1 pid=305803)[0m                   'n_gpus_per_node': 8,
[36m(TaskRunnerV1 pid=305803)[0m                   'nnodes': 0,
[36m(TaskRunnerV1 pid=305803)[0m                   'teacher_key': 'data_source',
[36m(TaskRunnerV1 pid=305803)[0m                   'teacher_models': {'teacher_model': {'_target_': 'verl.workers.config.DistillationTeacherModelConfig',
[36m(TaskRunnerV1 pid=305803)[0m                                                        'inference': {'_target_': 'verl.workers.config.RolloutConfig',
[36m(TaskRunnerV1 pid=305803)[0m                                                                      'cudagraph_capture_sizes': None,
[36m(TaskRunnerV1 pid=305803)[0m                                                                      'data_parallel_size': 1,
[36m(TaskRunnerV1 pid=305803)[0m                                                                      'disable_log_stats': True,
[36m(TaskRunnerV1 pid=305803)[0m                                                                      'dtype': 'bfloat16',
[36m(TaskRunnerV1 pid=305803)[0m                                                                      'enable_chunked_prefill': True,
[36m(TaskRunnerV1 pid=305803)[0m                                                                      'enable_prefix_caching': True,
[36m(TaskRunnerV1 pid=305803)[0m                                                                      'enforce_eager': True,
[36m(TaskRunnerV1 pid=305803)[0m                                                                      'engine_kwargs': {},
[36m(TaskRunnerV1 pid=305803)[0m                                                                      'expert_parallel_size': 1,
[36m(TaskRunnerV1 pid=305803)[0m                                                                      'free_cache_engine': True,
[36m(TaskRunnerV1 pid=305803)[0m                                                                      'gpu_memory_utilization': 0.5,
[36m(TaskRunnerV1 pid=305803)[0m                                                                      'limit_images': None,
[36m(TaskRunnerV1 pid=305803)[0m                                                                      'load_format': 'auto',
[36m(TaskRunnerV1 pid=305803)[0m                                                                      'max_model_len': None,
[36m(TaskRunnerV1 pid=305803)[0m                                                                      'max_num_batched_tokens': 8192,
[36m(TaskRunnerV1 pid=305803)[0m                                                                      'max_num_seqs': 1024,
[36m(TaskRunnerV1 pid=305803)[0m                                                                      'name': 'vllm',
[36m(TaskRunnerV1 pid=305803)[0m                                                                      'prompt_length': 16640,
[36m(TaskRunnerV1 pid=305803)[0m                                                                      'response_length': 4096,
[36m(TaskRunnerV1 pid=305803)[0m                                                                      'skip_tokenizer_init': True,
[36m(TaskRunnerV1 pid=305803)[0m                                                                      'temperature': 1.0,
[36m(TaskRunnerV1 pid=305803)[0m                                                                      'tensor_model_parallel_size': 2},
[36m(TaskRunnerV1 pid=305803)[0m                                                        'key': None,
[36m(TaskRunnerV1 pid=305803)[0m                                                        'model_path': None,
[36m(TaskRunnerV1 pid=305803)[0m                                                        'num_replicas': 0}}},
[36m(TaskRunnerV1 pid=305803)[0m  'global_profiler': {'_target_': 'verl.utils.profiler.ProfilerConfig',
[36m(TaskRunnerV1 pid=305803)[0m                      'finish_hook_all_ranks': False,
[36m(TaskRunnerV1 pid=305803)[0m                      'finish_hook_cmd': None,
[36m(TaskRunnerV1 pid=305803)[0m                      'finish_hook_ranks': [],
[36m(TaskRunnerV1 pid=305803)[0m                      'global_tool_config': {'nsys': {'_target_': 'verl.utils.profiler.config.NsightToolConfig',
[36m(TaskRunnerV1 pid=305803)[0m                                                      'controller_nsight_options': {'cuda-graph-trace': 'graph',
[36m(TaskRunnerV1 pid=305803)[0m                                                                                    'cuda-memory-usage': 'true',
[36m(TaskRunnerV1 pid=305803)[0m                                                                                    'trace': 'cuda,nvtx,cublas,ucx'},
[36m(TaskRunnerV1 pid=305803)[0m                                                      'discrete': False,
[36m(TaskRunnerV1 pid=305803)[0m                                                      'worker_nsight_options': {'capture-range': 'cudaProfilerApi',
[36m(TaskRunnerV1 pid=305803)[0m                                                                                'capture-range-end': None,
[36m(TaskRunnerV1 pid=305803)[0m                                                                                'cuda-graph-trace': 'graph',
[36m(TaskRunnerV1 pid=305803)[0m                                                                                'cuda-memory-usage': 'true',
[36m(TaskRunnerV1 pid=305803)[0m                                                                                'kill': 'none',
[36m(TaskRunnerV1 pid=305803)[0m                                                                                'trace': 'cuda,nvtx,cublas,ucx'}},
[36m(TaskRunnerV1 pid=305803)[0m                                             'precision_debugger': {'_target_': 'verl.utils.profiler.config.PrecisionDebuggerToolConfig',
[36m(TaskRunnerV1 pid=305803)[0m                                                                    'config_path': None,
[36m(TaskRunnerV1 pid=305803)[0m                                                                    'stages': None,
[36m(TaskRunnerV1 pid=305803)[0m                                                                    'steps': None,
[36m(TaskRunnerV1 pid=305803)[0m                                                                    'strict': False},
[36m(TaskRunnerV1 pid=305803)[0m                                             'torch_memory': {'context': 'all',
[36m(TaskRunnerV1 pid=305803)[0m                                                              'kw_args': {},
[36m(TaskRunnerV1 pid=305803)[0m                                                              'memory_snapshot_num_steps': 1,
[36m(TaskRunnerV1 pid=305803)[0m                                                              'stack_depth': 32,
[36m(TaskRunnerV1 pid=305803)[0m                                                              'stacks': 'all',
[36m(TaskRunnerV1 pid=305803)[0m                                                              'trace_alloc_max_entries': 100000}},
[36m(TaskRunnerV1 pid=305803)[0m                      'profile_continuous_steps': False,
[36m(TaskRunnerV1 pid=305803)[0m                      'relocate_results': False,
[36m(TaskRunnerV1 pid=305803)[0m                      'save_path': 'outputs/profile',
[36m(TaskRunnerV1 pid=305803)[0m                      'steps': None,
[36m(TaskRunnerV1 pid=305803)[0m                      'tool': None},
[36m(TaskRunnerV1 pid=305803)[0m  'model_engine': 'megatron',
[36m(TaskRunnerV1 pid=305803)[0m  'ray_kwargs': {'ray_init': {'num_cpus': None,
[36m(TaskRunnerV1 pid=305803)[0m                              'runtime_env': {'env_vars': {'VERL_RESPONSE_ONLY_LM_HEAD_PROFILE': '0'},
[36m(TaskRunnerV1 pid=305803)[0m                                              'py_executable': None}},
[36m(TaskRunnerV1 pid=305803)[0m                 'timeline_json_file': None},
[36m(TaskRunnerV1 pid=305803)[0m  'reward': {'_target_': 'verl.workers.config.RewardConfig',
[36m(TaskRunnerV1 pid=305803)[0m             'custom_reward_function': {'name': 'compute_score',
[36m(TaskRunnerV1 pid=305803)[0m                                        'path': '/home/p00938733/ruler-verl/ruler_niah_reward.py'},
[36m(TaskRunnerV1 pid=305803)[0m             'num_workers': 8,
[36m(TaskRunnerV1 pid=305803)[0m             'reward_manager': {'_target_': 'verl.workers.config.reward.RewardManagerConfig',
[36m(TaskRunnerV1 pid=305803)[0m                                'module': {'_target_': 'verl.trainer.config.config.ModuleConfig',
[36m(TaskRunnerV1 pid=305803)[0m                                           'name': 'custom_reward_manager',
[36m(TaskRunnerV1 pid=305803)[0m                                           'path': None},
[36m(TaskRunnerV1 pid=305803)[0m                                'name': 'naive',
[36m(TaskRunnerV1 pid=305803)[0m                                'source': 'register'},
[36m(TaskRunnerV1 pid=305803)[0m             'reward_model': {'_target_': 'verl.workers.config.RewardModelConfig',
[36m(TaskRunnerV1 pid=305803)[0m                              'enable': False,
[36m(TaskRunnerV1 pid=305803)[0m                              'enable_resource_pool': False,
[36m(TaskRunnerV1 pid=305803)[0m                              'model_path': None,
[36m(TaskRunnerV1 pid=305803)[0m                              'n_gpus_per_node': 8,
[36m(TaskRunnerV1 pid=305803)[0m                              'nnodes': 0,
[36m(TaskRunnerV1 pid=305803)[0m                              'rollout': {'_target_': 'verl.workers.config.RolloutConfig',
[36m(TaskRunnerV1 pid=305803)[0m                                          'cudagraph_capture_sizes': None,
[36m(TaskRunnerV1 pid=305803)[0m                                          'data_parallel_size': 1,
[36m(TaskRunnerV1 pid=305803)[0m                                          'disable_log_stats': True,
[36m(TaskRunnerV1 pid=305803)[0m                                          'disaggregation': {'bootstrap_port': None,
[36m(TaskRunnerV1 pid=305803)[0m                                                             'decode_replicas': 1,
[36m(TaskRunnerV1 pid=305803)[0m                                                             'decode_tensor_model_parallel_size': None,
[36m(TaskRunnerV1 pid=305803)[0m                                                             'enabled': False,
[36m(TaskRunnerV1 pid=305803)[0m                                                             'ib_device': None,
[36m(TaskRunnerV1 pid=305803)[0m                                                             'prefill_replicas': 1,
[36m(TaskRunnerV1 pid=305803)[0m                                                             'transfer_backend': 'nixl'},
[36m(TaskRunnerV1 pid=305803)[0m                                          'do_sample': True,
[36m(TaskRunnerV1 pid=305803)[0m                                          'dtype': 'bfloat16',
[36m(TaskRunnerV1 pid=305803)[0m                                          'enable_chunked_prefill': True,
[36m(TaskRunnerV1 pid=305803)[0m                                          'enable_prefix_caching': True,
[36m(TaskRunnerV1 pid=305803)[0m                                          'enforce_eager': True,
[36m(TaskRunnerV1 pid=305803)[0m                                          'engine_kwargs': {},
[36m(TaskRunnerV1 pid=305803)[0m                                          'expert_parallel_size': 1,
[36m(TaskRunnerV1 pid=305803)[0m                                          'free_cache_engine': True,
[36m(TaskRunnerV1 pid=305803)[0m                                          'full_determinism': False,
[36m(TaskRunnerV1 pid=305803)[0m                                          'gpu_memory_utilization': 0.5,
[36m(TaskRunnerV1 pid=305803)[0m                                          'ignore_eos': False,
[36m(TaskRunnerV1 pid=305803)[0m                                          'layered_summon': False,
[36m(TaskRunnerV1 pid=305803)[0m                                          'limit_images': None,
[36m(TaskRunnerV1 pid=305803)[0m                                          'load_format': 'auto',
[36m(TaskRunnerV1 pid=305803)[0m                                          'max_model_len': None,
[36m(TaskRunnerV1 pid=305803)[0m                                          'max_num_batched_tokens': 8192,
[36m(TaskRunnerV1 pid=305803)[0m                                          'max_num_seqs': 1024,
[36m(TaskRunnerV1 pid=305803)[0m                                          'mtp': None,
[36m(TaskRunnerV1 pid=305803)[0m                                          'multi_stage_wake_up': False,
[36m(TaskRunnerV1 pid=305803)[0m                                          'n': 1,
[36m(TaskRunnerV1 pid=305803)[0m                                          'name': '???',
[36m(TaskRunnerV1 pid=305803)[0m                                          'pipeline_model_parallel_size': 1,
[36m(TaskRunnerV1 pid=305803)[0m                                          'prompt_length': 2048,
[36m(TaskRunnerV1 pid=305803)[0m                                          'quantization': None,
[36m(TaskRunnerV1 pid=305803)[0m                                          'quantization_config_file': None,
[36m(TaskRunnerV1 pid=305803)[0m                                          'response_length': 2048,
[36m(TaskRunnerV1 pid=305803)[0m                                          'scheduling_policy': 'fcfs',
[36m(TaskRunnerV1 pid=305803)[0m                                          'seed': 42,
[36m(TaskRunnerV1 pid=305803)[0m                                          'skip_tokenizer_init': False,
[36m(TaskRunnerV1 pid=305803)[0m                                          'temperature': 1.0,
[36m(TaskRunnerV1 pid=305803)[0m                                          'tensor_model_parallel_size': 2,
[36m(TaskRunnerV1 pid=305803)[0m                                          'top_k': -1,
[36m(TaskRunnerV1 pid=305803)[0m                                          'top_p': 1}},
[36m(TaskRunnerV1 pid=305803)[0m             'sandbox_fusion': {'_target_': 'verl.workers.config.SandboxFusionConfig',
[36m(TaskRunnerV1 pid=305803)[0m                                'max_concurrent': 64,
[36m(TaskRunnerV1 pid=305803)[0m                                'memory_limit_mb': 1024,
[36m(TaskRunnerV1 pid=305803)[0m                                'url': None}},
[36m(TaskRunnerV1 pid=305803)[0m  'reward_model': {'enable': None,
[36m(TaskRunnerV1 pid=305803)[0m                   'enable_resource_pool': None,
[36m(TaskRunnerV1 pid=305803)[0m                   'model': {'external_lib': None,
[36m(TaskRunnerV1 pid=305803)[0m                             'path': None,
[36m(TaskRunnerV1 pid=305803)[0m                             'trust_remote_code': None},
[36m(TaskRunnerV1 pid=305803)[0m                   'n_gpus_per_node': None,
[36m(TaskRunnerV1 pid=305803)[0m                   'nnodes': None,
[36m(TaskRunnerV1 pid=305803)[0m                   'num_workers': None,
[36m(TaskRunnerV1 pid=305803)[0m                   'reward_loop_class_name': None,
[36m(TaskRunnerV1 pid=305803)[0m                   'reward_loop_module_path': None,
[36m(TaskRunnerV1 pid=305803)[0m                   'reward_loop_source': None,
[36m(TaskRunnerV1 pid=305803)[0m                   'reward_manager': None,
[36m(TaskRunnerV1 pid=305803)[0m                   'rollout': {'cudagraph_capture_sizes': None,
[36m(TaskRunnerV1 pid=305803)[0m                               'data_parallel_size': None,
[36m(TaskRunnerV1 pid=305803)[0m                               'disable_log_stats': None,
[36m(TaskRunnerV1 pid=305803)[0m                               'dtype': None,
[36m(TaskRunnerV1 pid=305803)[0m                               'enable_chunked_prefill': None,
[36m(TaskRunnerV1 pid=305803)[0m                               'enable_prefix_caching': None,
[36m(TaskRunnerV1 pid=305803)[0m                               'enforce_eager': None,
[36m(TaskRunnerV1 pid=305803)[0m                               'engine_kwargs': None,
[36m(TaskRunnerV1 pid=305803)[0m                               'expert_parallel_size': None,
[36m(TaskRunnerV1 pid=305803)[0m                               'free_cache_engine': None,
[36m(TaskRunnerV1 pid=305803)[0m                               'gpu_memory_utilization': None,
[36m(TaskRunnerV1 pid=305803)[0m                               'limit_images': None,
[36m(TaskRunnerV1 pid=305803)[0m                               'load_format': None,
[36m(TaskRunnerV1 pid=305803)[0m                               'max_model_len': None,
[36m(TaskRunnerV1 pid=305803)[0m                               'max_num_batched_tokens': None,
[36m(TaskRunnerV1 pid=305803)[0m                               'max_num_seqs': None,
[36m(TaskRunnerV1 pid=305803)[0m                               'name': None,
[36m(TaskRunnerV1 pid=305803)[0m                               'prompt_length': None,
[36m(TaskRunnerV1 pid=305803)[0m                               'response_length': None,
[36m(TaskRunnerV1 pid=305803)[0m                               'skip_tokenizer_init': None,
[36m(TaskRunnerV1 pid=305803)[0m                               'tensor_model_parallel_size': None}},
[36m(TaskRunnerV1 pid=305803)[0m  'sandbox_fusion': {'max_concurrent': None,
[36m(TaskRunnerV1 pid=305803)[0m                     'memory_limit_mb': None,
[36m(TaskRunnerV1 pid=305803)[0m                     'url': None},
[36m(TaskRunnerV1 pid=305803)[0m  'skip': {'_target_': 'verl.utils.skip.SkipManagerConfig',
[36m(TaskRunnerV1 pid=305803)[0m           'async_rollout': {'action': 'cache',
[36m(TaskRunnerV1 pid=305803)[0m                             'dump_dir': '~/.verl/rollout_dump',
[36m(TaskRunnerV1 pid=305803)[0m                             'enable': False,
[36m(TaskRunnerV1 pid=305803)[0m                             'steps': []},
[36m(TaskRunnerV1 pid=305803)[0m           'rollout': {'action': 'cache',
[36m(TaskRunnerV1 pid=305803)[0m                       'dump_dir': '~/.verl/rollout_dump',
[36m(TaskRunnerV1 pid=305803)[0m                       'enable': False,
[36m(TaskRunnerV1 pid=305803)[0m                       'steps': []},
[36m(TaskRunnerV1 pid=305803)[0m           'rollout_tq': {'action': 'cache',
[36m(TaskRunnerV1 pid=305803)[0m                          'dump_dir': '/home/p00938733/rlmh-cache/16k4k-recompute-20260911-183559',
[36m(TaskRunnerV1 pid=305803)[0m                          'enable': True,
[36m(TaskRunnerV1 pid=305803)[0m                          'steps': [1, 2, 3, 4, 5, 6, 7, 8, 9, 10, 11, 12]}},
[36m(TaskRunnerV1 pid=305803)[0m  'trainer': {'balance_batch': True,
[36m(TaskRunnerV1 pid=305803)[0m              'checkpoint_callback_class': None,
[36m(TaskRunnerV1 pid=305803)[0m              'critic_warmup': 0,
[36m(TaskRunnerV1 pid=305803)[0m              'default_hdfs_dir': None,
[36m(TaskRunnerV1 pid=305803)[0m              'default_local_dir': 'checkpoints/rlmh_combinations_a100/rlmh_combinations_a100',
[36m(TaskRunnerV1 pid=305803)[0m              'del_local_ckpt_after_load': False,
[36m(TaskRunnerV1 pid=305803)[0m              'device': 'cuda',
[36m(TaskRunnerV1 pid=305803)[0m              'esi_redundant_time': 0,
[36m(TaskRunnerV1 pid=305803)[0m              'experiment_name': 'rlmh_combinations_a100',
[36m(TaskRunnerV1 pid=305803)[0m              'log_val_generations': 0,
[36m(TaskRunnerV1 pid=305803)[0m              'logger': ['console'],
[36m(TaskRunnerV1 pid=305803)[0m              'max_actor_ckpt_to_keep': None,
[36m(TaskRunnerV1 pid=305803)[0m              'max_critic_ckpt_to_keep': None,
[36m(TaskRunnerV1 pid=305803)[0m              'n_gpus_per_node': 8,
[36m(TaskRunnerV1 pid=305803)[0m              'nnodes': 1,
[36m(TaskRunnerV1 pid=305803)[0m              'project_name': 'rlmh_combinations_a100',
[36m(TaskRunnerV1 pid=305803)[0m              'ray_wait_register_center_timeout': 300,
[36m(TaskRunnerV1 pid=305803)[0m              'resume_from_path': None,
[36m(TaskRunnerV1 pid=305803)[0m              'resume_mode': 'disable',
[36m(TaskRunnerV1 pid=305803)[0m              'rollout_data_dir': None,
[36m(TaskRunnerV1 pid=305803)[0m              'save_freq': -1,
[36m(TaskRunnerV1 pid=305803)[0m              'test_freq': -1,
[36m(TaskRunnerV1 pid=305803)[0m              'total_epochs': 15,
[36m(TaskRunnerV1 pid=305803)[0m              'total_training_steps': 12,
[36m(TaskRunnerV1 pid=305803)[0m              'use_v1': True,
[36m(TaskRunnerV1 pid=305803)[0m              'v1': {'colocate_async': {'num_warmup_batches': 1},
[36m(TaskRunnerV1 pid=305803)[0m                     'sampler': {'custom_sampler': {'name': None, 'path': None},
[36m(TaskRunnerV1 pid=305803)[0m                                 'max_off_policy_strategy': 'drop',
[36m(TaskRunnerV1 pid=305803)[0m                                 'max_off_policy_threshold': 8,
[36m(TaskRunnerV1 pid=305803)[0m                                 'sampler_kwargs': {},
[36m(TaskRunnerV1 pid=305803)[0m                                 'sync_refill_failed_groups': False},
[36m(TaskRunnerV1 pid=305803)[0m                     'separate_async': {'hybrid_rollout': {'_target_': 'verl.trainer.config.HybridRolloutSwitchConfig',
[36m(TaskRunnerV1 pid=305803)[0m                                                           'adaptive_switch_threshold': True,
[36m(TaskRunnerV1 pid=305803)[0m                                                           'enable_switch': False,
[36m(TaskRunnerV1 pid=305803)[0m                                                           'switch_cost_window_size': 3,
[36m(TaskRunnerV1 pid=305803)[0m                                                           'switch_threshold_ratio': 0.4,
[36m(TaskRunnerV1 pid=305803)[0m                                                           'switch_threshold_release_steps': 2,
[36m(TaskRunnerV1 pid=305803)[0m                                                           'switch_threshold_step_down': 0.03,
[36m(TaskRunnerV1 pid=305803)[0m                                                           'switch_threshold_step_up': 0.05},
[36m(TaskRunnerV1 pid=305803)[0m                                        'num_warmup_batches': 1,
[36m(TaskRunnerV1 pid=305803)[0m                                        'parameter_sync_step': 4},
[36m(TaskRunnerV1 pid=305803)[0m                     'sync': {},
[36m(TaskRunnerV1 pid=305803)[0m                     'trainer_mode': 'sync'},
[36m(TaskRunnerV1 pid=305803)[0m              'val_before_train': False,
[36m(TaskRunnerV1 pid=305803)[0m              'val_only': False,
[36m(TaskRunnerV1 pid=305803)[0m              'validation_data_dir': None},
[36m(TaskRunnerV1 pid=305803)[0m  'transfer_queue': {'backend': {'MooncakeStore': {'auto_init': False,
[36m(TaskRunnerV1 pid=305803)[0m                                                   'device_name': '',
[36m(TaskRunnerV1 pid=305803)[0m                                                   'global_segment_size': 4294967296,
[36m(TaskRunnerV1 pid=305803)[0m                                                   'local_buffer_size': 1073741824,
[36m(TaskRunnerV1 pid=305803)[0m                                                   'local_hostname': 'localhost',
[36m(TaskRunnerV1 pid=305803)[0m                                                   'master_server_address': 'localhost:50124',
[36m(TaskRunnerV1 pid=305803)[0m                                                   'metadata_server': 'localhost:50123',
[36m(TaskRunnerV1 pid=305803)[0m                                                   'protocol': 'tcp'},
[36m(TaskRunnerV1 pid=305803)[0m                                 'SimpleStorage': {'num_data_storage_units': 8,
[36m(TaskRunnerV1 pid=305803)[0m                                                   'total_storage_size': 100000},
[36m(TaskRunnerV1 pid=305803)[0m                                 'storage_backend': 'SimpleStorage'},
[36m(TaskRunnerV1 pid=305803)[0m                     'enable': True,
[36m(TaskRunnerV1 pid=305803)[0m                     'metrics': {'enabled': False, 'port': 0}}}
[36m(TaskRunnerV1 pid=305803)[0m /home/p00938733/verl-090/verl/trainer/ppo/v1/trainer_base.py:129: UserWarning: Disabled critic as algorithm.adv_estimator != gae. If it is not intended, please set critic.enable=True
[36m(TaskRunnerV1 pid=305803)[0m   self.use_critic = need_critic(self.config)
[36m(TaskRunnerV1 pid=305803)[0m Using dataset class: RLHFDataset
[36m(TaskRunnerV1 pid=305803)[0m dataset len: 8
[36m(TaskRunnerV1 pid=305803)[0m Using dataset class: RLHFDataset
[36m(TaskRunnerV1 pid=305803)[0m INFO:2026-09-11 18:36:46,800:train and validate dataloader initialized, train dataset size: 8, val dataset size: 4
[36m(TaskRunnerV1 pid=305803)[0m INFO:2026-09-11 18:36:46,801:Total training steps: 12
[36m(TaskRunnerV1 pid=305803)[0m /home/p00938733/verl-090/verl/trainer/ppo/v1/trainer_base.py:755: UserWarning: Disabled critic as algorithm.adv_estimator != gae. If it is not intended, please set critic.enable=True
[36m(TaskRunnerV1 pid=305803)[0m   if need_critic(config):
[36m(TaskRunnerV1 pid=305803)[0m INFO:2026-09-11 18:36:46,809:worker group kwargs: {'device_name': 'cuda'}
[36m(TaskRunnerV1 pid=305803)[0m dataset len: 4
[36m(TaskRunnerV1 pid=305803)[0m colocated worker base class <class 'verl.single_controller.base.worker.Worker'>
[36m(TaskRunnerV1 pid=305803)[0m INFO:2026-09-11 18:36:47,833:create worker group dict_keys(['actor_rollout_ref'])
[36m(WorkerDict pid=307757)[0m /home/p00938733/verl-090/verl/workers/engine/__init__.py:32: UserWarning: torchtitan engine is not available: ModuleNotFoundError("No module named 'torchtitan'")
[36m(WorkerDict pid=307757)[0m   warnings.warn(f"torchtitan engine is not available: {e!r}", stacklevel=1)
[36m(WorkerDict pid=307757)[0m /home/p00938733/verl-090/verl/workers/engine/__init__.py:41: UserWarning: veomni engine is not available: ModuleNotFoundError("No module named 'veomni'")
[36m(WorkerDict pid=307757)[0m   warnings.warn(f"veomni engine is not available: {e!r}", stacklevel=1)
[36m(WorkerDict pid=307757)[0m /home/p00938733/verl-090/verl/workers/engine/__init__.py:50: UserWarning: automodel engine is not available: ModuleNotFoundError("No module named 'nemo_automodel'")
[36m(WorkerDict pid=307757)[0m   warnings.warn(f"automodel engine is not available: {e!r}", stacklevel=1)
[36m(WorkerDict pid=307759)[0m /home/p00938733/verl-090/verl/workers/engine/__init__.py:32: UserWarning: torchtitan engine is not available: ModuleNotFoundError("No module named 'torchtitan'")
[36m(WorkerDict pid=307759)[0m   warnings.warn(f"torchtitan engine is not available: {e!r}", stacklevel=1)
[36m(WorkerDict pid=307759)[0m /home/p00938733/verl-090/verl/workers/engine/__init__.py:41: UserWarning: veomni engine is not available: ModuleNotFoundError("No module named 'veomni'")
[36m(WorkerDict pid=307759)[0m   warnings.warn(f"veomni engine is not available: {e!r}", stacklevel=1)
[36m(WorkerDict pid=307759)[0m /home/p00938733/verl-090/verl/workers/engine/__init__.py:50: UserWarning: automodel engine is not available: ModuleNotFoundError("No module named 'nemo_automodel'")
[36m(WorkerDict pid=307759)[0m   warnings.warn(f"automodel engine is not available: {e!r}", stacklevel=1)
[36m(WorkerDict pid=307754)[0m /home/p00938733/verl-090/verl/workers/engine/__init__.py:32: UserWarning: torchtitan engine is not available: ModuleNotFoundError("No module named 'torchtitan'")
[36m(WorkerDict pid=307754)[0m   warnings.warn(f"torchtitan engine is not available: {e!r}", stacklevel=1)
[36m(WorkerDict pid=307754)[0m /home/p00938733/verl-090/verl/workers/engine/__init__.py:41: UserWarning: veomni engine is not available: ModuleNotFoundError("No module named 'veomni'")
[36m(WorkerDict pid=307754)[0m   warnings.warn(f"veomni engine is not available: {e!r}", stacklevel=1)
[36m(WorkerDict pid=307754)[0m /home/p00938733/verl-090/verl/workers/engine/__init__.py:50: UserWarning: automodel engine is not available: ModuleNotFoundError("No module named 'nemo_automodel'")
[36m(WorkerDict pid=307754)[0m   warnings.warn(f"automodel engine is not available: {e!r}", stacklevel=1)
[36m(WorkerDict pid=307752)[0m /home/p00938733/verl-090/verl/workers/engine/__init__.py:32: UserWarning: torchtitan engine is not available: ModuleNotFoundError("No module named 'torchtitan'")
[36m(WorkerDict pid=307752)[0m   warnings.warn(f"torchtitan engine is not available: {e!r}", stacklevel=1)
[36m(WorkerDict pid=307752)[0m /home/p00938733/verl-090/verl/workers/engine/__init__.py:41: UserWarning: veomni engine is not available: ModuleNotFoundError("No module named 'veomni'")
[36m(WorkerDict pid=307752)[0m   warnings.warn(f"veomni engine is not available: {e!r}", stacklevel=1)
[36m(WorkerDict pid=307752)[0m /home/p00938733/verl-090/verl/workers/engine/__init__.py:50: UserWarning: automodel engine is not available: ModuleNotFoundError("No module named 'nemo_automodel'")
[36m(WorkerDict pid=307752)[0m   warnings.warn(f"automodel engine is not available: {e!r}", stacklevel=1)
[36m(WorkerDict pid=307758)[0m /home/p00938733/verl-090/verl/workers/engine/__init__.py:32: UserWarning: torchtitan engine is not available: ModuleNotFoundError("No module named 'torchtitan'")
[36m(WorkerDict pid=307758)[0m   warnings.warn(f"torchtitan engine is not available: {e!r}", stacklevel=1)
[36m(WorkerDict pid=307758)[0m /home/p00938733/verl-090/verl/workers/engine/__init__.py:41: UserWarning: veomni engine is not available: ModuleNotFoundError("No module named 'veomni'")
[36m(WorkerDict pid=307758)[0m   warnings.warn(f"veomni engine is not available: {e!r}", stacklevel=1)
[36m(WorkerDict pid=307758)[0m /home/p00938733/verl-090/verl/workers/engine/__init__.py:50: UserWarning: automodel engine is not available: ModuleNotFoundError("No module named 'nemo_automodel'")
[36m(WorkerDict pid=307758)[0m   warnings.warn(f"automodel engine is not available: {e!r}", stacklevel=1)
[36m(WorkerDict pid=307753)[0m /home/p00938733/verl-090/verl/workers/engine/__init__.py:32: UserWarning: torchtitan engine is not available: ModuleNotFoundError("No module named 'torchtitan'")
[36m(WorkerDict pid=307753)[0m   warnings.warn(f"torchtitan engine is not available: {e!r}", stacklevel=1)
[36m(WorkerDict pid=307753)[0m /home/p00938733/verl-090/verl/workers/engine/__init__.py:41: UserWarning: veomni engine is not available: ModuleNotFoundError("No module named 'veomni'")
[36m(WorkerDict pid=307753)[0m   warnings.warn(f"veomni engine is not available: {e!r}", stacklevel=1)
[36m(WorkerDict pid=307753)[0m /home/p00938733/verl-090/verl/workers/engine/__init__.py:50: UserWarning: automodel engine is not available: ModuleNotFoundError("No module named 'nemo_automodel'")
[36m(WorkerDict pid=307753)[0m   warnings.warn(f"automodel engine is not available: {e!r}", stacklevel=1)
[36m(WorkerDict pid=307755)[0m /home/p00938733/verl-090/verl/workers/engine/__init__.py:32: UserWarning: torchtitan engine is not available: ModuleNotFoundError("No module named 'torchtitan'")
[36m(WorkerDict pid=307755)[0m   warnings.warn(f"torchtitan engine is not available: {e!r}", stacklevel=1)
[36m(WorkerDict pid=307755)[0m /home/p00938733/verl-090/verl/workers/engine/__init__.py:41: UserWarning: veomni engine is not available: ModuleNotFoundError("No module named 'veomni'")
[36m(WorkerDict pid=307755)[0m   warnings.warn(f"veomni engine is not available: {e!r}", stacklevel=1)
[36m(WorkerDict pid=307755)[0m /home/p00938733/verl-090/verl/workers/engine/__init__.py:50: UserWarning: automodel engine is not available: ModuleNotFoundError("No module named 'nemo_automodel'")
[36m(WorkerDict pid=307755)[0m   warnings.warn(f"automodel engine is not available: {e!r}", stacklevel=1)
[36m(WorkerDict pid=307756)[0m /home/p00938733/verl-090/verl/workers/engine/__init__.py:32: UserWarning: torchtitan engine is not available: ModuleNotFoundError("No module named 'torchtitan'")
[36m(WorkerDict pid=307756)[0m   warnings.warn(f"torchtitan engine is not available: {e!r}", stacklevel=1)
[36m(WorkerDict pid=307756)[0m /home/p00938733/verl-090/verl/workers/engine/__init__.py:41: UserWarning: veomni engine is not available: ModuleNotFoundError("No module named 'veomni'")
[36m(WorkerDict pid=307756)[0m   warnings.warn(f"veomni engine is not available: {e!r}", stacklevel=1)
[36m(WorkerDict pid=307756)[0m /home/p00938733/verl-090/verl/workers/engine/__init__.py:50: UserWarning: automodel engine is not available: ModuleNotFoundError("No module named 'nemo_automodel'")
[36m(WorkerDict pid=307756)[0m   warnings.warn(f"automodel engine is not available: {e!r}", stacklevel=1)
[36m(WorkerDict pid=307754)[0m /opt/Megatron-Bridge/3rdparty/Megatron-LM/megatron/core/models/mimo/config/base_configs.py:12: UserWarning: MimoModelConfig is experimental and still under active development. The API may change without notice in future releases.
[36m(WorkerDict pid=307754)[0m   class MimoModelConfig:
[36m(WorkerDict pid=307754)[0m [transformers] `torch_dtype` is deprecated! Use `dtype` instead!
[36m(WorkerDict pid=307754)[0m /opt/Megatron-Bridge/3rdparty/Megatron-LM/megatron/core/transformer/transformer_config.py:2191: UserWarning: full scope is deprecated. Use empty cuda_graph_modules to capture the whole layer.
[36m(WorkerDict pid=307754)[0m   warnings.warn(
[36m(WorkerDict pid=307754)[0m /opt/Megatron-Bridge/3rdparty/Megatron-LM/megatron/core/models/gpt/gpt_layer_specs.py:216: UserWarning: The fp8 argument in "get_gpt_layer_with_transformer_engine_spec" has been deprecated and will be removed soon. Please update your code accordingly.
[36m(WorkerDict pid=307754)[0m   warnings.warn(
[36m(WorkerDict pid=307758)[0m /opt/Megatron-Bridge/3rdparty/Megatron-LM/megatron/core/models/mimo/config/base_configs.py:12: UserWarning: MimoModelConfig is experimental and still under active development. The API may change without notice in future releases.
[36m(WorkerDict pid=307758)[0m   class MimoModelConfig:
[36m(WorkerDict pid=307758)[0m [transformers] `torch_dtype` is deprecated! Use `dtype` instead!
[36m(WorkerDict pid=307758)[0m /opt/Megatron-Bridge/3rdparty/Megatron-LM/megatron/core/transformer/transformer_config.py:2191: UserWarning: full scope is deprecated. Use empty cuda_graph_modules to capture the whole layer.
[36m(WorkerDict pid=307758)[0m   warnings.warn(
[36m(WorkerDict pid=307758)[0m /opt/Megatron-Bridge/3rdparty/Megatron-LM/megatron/core/models/gpt/gpt_layer_specs.py:216: UserWarning: The fp8 argument in "get_gpt_layer_with_transformer_engine_spec" has been deprecated and will be removed soon. Please update your code accordingly.
[36m(WorkerDict pid=307758)[0m   warnings.warn(
[36m(WorkerDict pid=307754)[0m /opt/dev/lib/python3.12/site-packages/transformer_engine/pytorch/module/base.py:1481: UserWarning: To guarantee overlapping TP and SP collectives with the backwardGEMMs, set environment variable CUDA_DEVICE_MAX_CONNECTIONS = 1
[36m(WorkerDict pid=307754)[0m   warnings.warn(
[36m(WorkerDict pid=307758)[0m /opt/dev/lib/python3.12/site-packages/transformer_engine/pytorch/module/base.py:1481: UserWarning: To guarantee overlapping TP and SP collectives with the backwardGEMMs, set environment variable CUDA_DEVICE_MAX_CONNECTIONS = 1
[36m(WorkerDict pid=307758)[0m   warnings.warn(
[36m(WorkerDict pid=307754)[0m module: 1
[36m(WorkerDict pid=307752)[0m /opt/Megatron-Bridge/3rdparty/Megatron-LM/megatron/core/models/mimo/config/base_configs.py:12: UserWarning: MimoModelConfig is experimental and still under active development. The API may change without notice in future releases.
[36m(WorkerDict pid=307752)[0m   class MimoModelConfig:
[36m(WorkerDict pid=307752)[0m [transformers] `torch_dtype` is deprecated! Use `dtype` instead!
[36m(WorkerDict pid=307752)[0m /opt/Megatron-Bridge/3rdparty/Megatron-LM/megatron/core/transformer/transformer_config.py:2191: UserWarning: full scope is deprecated. Use empty cuda_graph_modules to capture the whole layer.
[36m(WorkerDict pid=307752)[0m   warnings.warn(
[36m(WorkerDict pid=307752)[0m /opt/Megatron-Bridge/3rdparty/Megatron-LM/megatron/core/models/gpt/gpt_layer_specs.py:216: UserWarning: The fp8 argument in "get_gpt_layer_with_transformer_engine_spec" has been deprecated and will be removed soon. Please update your code accordingly.
[36m(WorkerDict pid=307752)[0m   warnings.warn(
[36m(WorkerDict pid=307757)[0m /opt/Megatron-Bridge/3rdparty/Megatron-LM/megatron/core/models/mimo/config/base_configs.py:12: UserWarning: MimoModelConfig is experimental and still under active development. The API may change without notice in future releases.
[36m(WorkerDict pid=307757)[0m   class MimoModelConfig:
[36m(WorkerDict pid=307758)[0m module: 1
[36m(WorkerDict pid=307759)[0m /opt/Megatron-Bridge/3rdparty/Megatron-LM/megatron/core/models/mimo/config/base_configs.py:12: UserWarning: MimoModelConfig is experimental and still under active development. The API may change without notice in future releases.
[36m(WorkerDict pid=307759)[0m   class MimoModelConfig:
[36m(WorkerDict pid=307759)[0m [transformers] `torch_dtype` is deprecated! Use `dtype` instead!
[36m(WorkerDict pid=307759)[0m /opt/Megatron-Bridge/3rdparty/Megatron-LM/megatron/core/transformer/transformer_config.py:2191: UserWarning: full scope is deprecated. Use empty cuda_graph_modules to capture the whole layer.
[36m(WorkerDict pid=307759)[0m   warnings.warn(
[36m(WorkerDict pid=307756)[0m /opt/Megatron-Bridge/3rdparty/Megatron-LM/megatron/core/models/mimo/config/base_configs.py:12: UserWarning: MimoModelConfig is experimental and still under active development. The API may change without notice in future releases.
[36m(WorkerDict pid=307756)[0m   class MimoModelConfig:
[36m(WorkerDict pid=307759)[0m /opt/Megatron-Bridge/3rdparty/Megatron-LM/megatron/core/models/gpt/gpt_layer_specs.py:216: UserWarning: The fp8 argument in "get_gpt_layer_with_transformer_engine_spec" has been deprecated and will be removed soon. Please update your code accordingly.
[36m(WorkerDict pid=307759)[0m   warnings.warn(
[36m(WorkerDict pid=307753)[0m /opt/Megatron-Bridge/3rdparty/Megatron-LM/megatron/core/models/mimo/config/base_configs.py:12: UserWarning: MimoModelConfig is experimental and still under active development. The API may change without notice in future releases.
[36m(WorkerDict pid=307753)[0m   class MimoModelConfig:
[36m(WorkerDict pid=307757)[0m [transformers] `torch_dtype` is deprecated! Use `dtype` instead!
[36m(WorkerDict pid=307757)[0m /opt/Megatron-Bridge/3rdparty/Megatron-LM/megatron/core/transformer/transformer_config.py:2191: UserWarning: full scope is deprecated. Use empty cuda_graph_modules to capture the whole layer.
[36m(WorkerDict pid=307757)[0m   warnings.warn(
[36m(WorkerDict pid=307757)[0m /opt/Megatron-Bridge/3rdparty/Megatron-LM/megatron/core/models/gpt/gpt_layer_specs.py:216: UserWarning: The fp8 argument in "get_gpt_layer_with_transformer_engine_spec" has been deprecated and will be removed soon. Please update your code accordingly.
[36m(WorkerDict pid=307757)[0m   warnings.warn(
[36m(WorkerDict pid=307753)[0m [transformers] `torch_dtype` is deprecated! Use `dtype` instead!
[36m(WorkerDict pid=307753)[0m /opt/Megatron-Bridge/3rdparty/Megatron-LM/megatron/core/transformer/transformer_config.py:2191: UserWarning: full scope is deprecated. Use empty cuda_graph_modules to capture the whole layer.
[36m(WorkerDict pid=307753)[0m   warnings.warn(
[36m(WorkerDict pid=307753)[0m /opt/Megatron-Bridge/3rdparty/Megatron-LM/megatron/core/models/gpt/gpt_layer_specs.py:216: UserWarning: The fp8 argument in "get_gpt_layer_with_transformer_engine_spec" has been deprecated and will be removed soon. Please update your code accordingly.
[36m(WorkerDict pid=307753)[0m   warnings.warn(
[36m(WorkerDict pid=307756)[0m [transformers] `torch_dtype` is deprecated! Use `dtype` instead!
[36m(WorkerDict pid=307756)[0m /opt/Megatron-Bridge/3rdparty/Megatron-LM/megatron/core/transformer/transformer_config.py:2191: UserWarning: full scope is deprecated. Use empty cuda_graph_modules to capture the whole layer.
[36m(WorkerDict pid=307756)[0m   warnings.warn(
[36m(WorkerDict pid=307756)[0m /opt/Megatron-Bridge/3rdparty/Megatron-LM/megatron/core/models/gpt/gpt_layer_specs.py:216: UserWarning: The fp8 argument in "get_gpt_layer_with_transformer_engine_spec" has been deprecated and will be removed soon. Please update your code accordingly.
[36m(WorkerDict pid=307756)[0m   warnings.warn(
[36m(WorkerDict pid=307755)[0m /opt/Megatron-Bridge/3rdparty/Megatron-LM/megatron/core/models/mimo/config/base_configs.py:12: UserWarning: MimoModelConfig is experimental and still under active development. The API may change without notice in future releases.
[36m(WorkerDict pid=307755)[0m   class MimoModelConfig:
[36m(WorkerDict pid=307755)[0m [transformers] `torch_dtype` is deprecated! Use `dtype` instead!
[36m(WorkerDict pid=307755)[0m /opt/Megatron-Bridge/3rdparty/Megatron-LM/megatron/core/transformer/transformer_config.py:2191: UserWarning: full scope is deprecated. Use empty cuda_graph_modules to capture the whole layer.
[36m(WorkerDict pid=307755)[0m   warnings.warn(
[36m(WorkerDict pid=307755)[0m /opt/Megatron-Bridge/3rdparty/Megatron-LM/megatron/core/models/gpt/gpt_layer_specs.py:216: UserWarning: The fp8 argument in "get_gpt_layer_with_transformer_engine_spec" has been deprecated and will be removed soon. Please update your code accordingly.
[36m(WorkerDict pid=307755)[0m   warnings.warn(
[36m(WorkerDict pid=307752)[0m /opt/dev/lib/python3.12/site-packages/transformer_engine/pytorch/module/base.py:1481: UserWarning: To guarantee overlapping TP and SP collectives with the backwardGEMMs, set environment variable CUDA_DEVICE_MAX_CONNECTIONS = 1
[36m(WorkerDict pid=307752)[0m   warnings.warn(
[36m(WorkerDict pid=307757)[0m /opt/dev/lib/python3.12/site-packages/transformer_engine/pytorch/module/base.py:1481: UserWarning: To guarantee overlapping TP and SP collectives with the backwardGEMMs, set environment variable CUDA_DEVICE_MAX_CONNECTIONS = 1
[36m(WorkerDict pid=307757)[0m   warnings.warn(
[36m(WorkerDict pid=307753)[0m /opt/dev/lib/python3.12/site-packages/transformer_engine/pytorch/module/base.py:1481: UserWarning: To guarantee overlapping TP and SP collectives with the backwardGEMMs, set environment variable CUDA_DEVICE_MAX_CONNECTIONS = 1
[36m(WorkerDict pid=307753)[0m   warnings.warn(
[36m(WorkerDict pid=307755)[0m /opt/dev/lib/python3.12/site-packages/transformer_engine/pytorch/module/base.py:1481: UserWarning: To guarantee overlapping TP and SP collectives with the backwardGEMMs, set environment variable CUDA_DEVICE_MAX_CONNECTIONS = 1
[36m(WorkerDict pid=307755)[0m   warnings.warn(
[36m(WorkerDict pid=307759)[0m /opt/dev/lib/python3.12/site-packages/transformer_engine/pytorch/module/base.py:1481: UserWarning: To guarantee overlapping TP and SP collectives with the backwardGEMMs, set environment variable CUDA_DEVICE_MAX_CONNECTIONS = 1
[36m(WorkerDict pid=307759)[0m   warnings.warn(
[36m(WorkerDict pid=307756)[0m /opt/dev/lib/python3.12/site-packages/transformer_engine/pytorch/module/base.py:1481: UserWarning: To guarantee overlapping TP and SP collectives with the backwardGEMMs, set environment variable CUDA_DEVICE_MAX_CONNECTIONS = 1
[36m(WorkerDict pid=307756)[0m   warnings.warn(
[36m(WorkerDict pid=307752)[0m  > number of parameters on (tensor, pipeline) model parallel rank (0, 0): 2047758848
[36m(WorkerDict pid=307752)[0m module: 1
[36m(WorkerDict pid=307755)[0m module: 1
[36m(WorkerDict pid=307753)[0m  > number of parameters on (tensor, pipeline) model parallel rank (1, 0): 2047758848
[36m(WorkerDict pid=307757)[0m  > number of parameters on (tensor, pipeline) model parallel rank (1, 1): 2047762944
[36m(WorkerDict pid=307757)[0m module: 1
[36m(WorkerDict pid=307759)[0m module: 1
[36m(WorkerDict pid=307753)[0m module: 1
[36m(WorkerDict pid=307756)[0m  > number of parameters on (tensor, pipeline) model parallel rank (0, 1): 2047762944
[36m(WorkerDict pid=307756)[0m module: 1
[36m(WorkerDict pid=307758)[0m NCCL version 2.28.9+cuda12.9
[36m(WorkerDict pid=307756)[0m NCCL version 2.28.9+cuda12.9
[36m(WorkerDict pid=307752)[0m NCCL version 2.28.9+cuda12.9
[36m(WorkerDict pid=307755)[0m NCCL version 2.28.9+cuda12.9
[36m(WorkerDict pid=307755)[0m /home/p00938733/verl-090/verl/utils/megatron_utils.py:627: UserWarning: TypedStorage is deprecated. It will be removed in the future and UntypedStorage will be the only storage class. This should only matter to you if you are using storages directly.  To access UntypedStorage directly, use tensor.untyped_storage() instead of tensor.storage()
[36m(WorkerDict pid=307755)[0m   tensor.storage().size() == tensor.numel()
[36m(WorkerDict pid=307754)[0m /home/p00938733/verl-090/verl/utils/megatron_utils.py:627: UserWarning: TypedStorage is deprecated. It will be removed in the future and UntypedStorage will be the only storage class. This should only matter to you if you are using storages directly.  To access UntypedStorage directly, use tensor.untyped_storage() instead of tensor.storage()
[36m(WorkerDict pid=307754)[0m   tensor.storage().size() == tensor.numel()
[36m(WorkerDict pid=307755)[0m module: 1
[36m(WorkerDict pid=307754)[0m module: 1
[36m(WorkerDict pid=307752)[0m Loading from /home/p00938733/Qwen3-8B ━━━━━━━━━━━━━━━━━━━━━━━━━━━━━━━━━━━━━━━━ 100% 0:00:00 (291/291) Qwen3Bridge
[36m(WorkerDict pid=307752)[0m Float16Module contains 2.05B parameters
[36m(WorkerDict pid=307752)[0m /home/p00938733/verl-090/verl/utils/megatron_utils.py:627: UserWarning: TypedStorage is deprecated. It will be removed in the future and UntypedStorage will be the only storage class. This should only matter to you if you are using storages directly.  To access UntypedStorage directly, use tensor.untyped_storage() instead of tensor.storage()
[36m(WorkerDict pid=307752)[0m   tensor.storage().size() == tensor.numel()
[36m(WorkerDict pid=307753)[0m /home/p00938733/verl-090/verl/utils/megatron_utils.py:627: UserWarning: TypedStorage is deprecated. It will be removed in the future and UntypedStorage will be the only storage class. This should only matter to you if you are using storages directly.  To access UntypedStorage directly, use tensor.untyped_storage() instead of tensor.storage()
[36m(WorkerDict pid=307753)[0m   tensor.storage().size() == tensor.numel()
[36m(WorkerDict pid=307753)[0m  > number of parameters on (tensor, pipeline) model parallel rank (1, 0): 2047758848
[36m(WorkerDict pid=307753)[0m module: 1
[36m(WorkerDict pid=307752)[0m  > number of parameters on (tensor, pipeline) model parallel rank (0, 0): 2047758848
[36m(WorkerDict pid=307752)[0m module: 1
[36m(WorkerDict pid=307758)[0m /home/p00938733/verl-090/verl/utils/megatron_utils.py:627: UserWarning: TypedStorage is deprecated. It will be removed in the future and UntypedStorage will be the only storage class. This should only matter to you if you are using storages directly.  To access UntypedStorage directly, use tensor.untyped_storage() instead of tensor.storage()
[36m(WorkerDict pid=307758)[0m   tensor.storage().size() == tensor.numel()
[36m(WorkerDict pid=307759)[0m /home/p00938733/verl-090/verl/utils/megatron_utils.py:627: UserWarning: TypedStorage is deprecated. It will be removed in the future and UntypedStorage will be the only storage class. This should only matter to you if you are using storages directly.  To access UntypedStorage directly, use tensor.untyped_storage() instead of tensor.storage()
[36m(WorkerDict pid=307759)[0m   tensor.storage().size() == tensor.numel()
[36m(WorkerDict pid=307758)[0m module: 1
[36m(WorkerDict pid=307759)[0m module: 1
[36m(WorkerDict pid=307757)[0m /home/p00938733/verl-090/verl/utils/megatron_utils.py:627: UserWarning: TypedStorage is deprecated. It will be removed in the future and UntypedStorage will be the only storage class. This should only matter to you if you are using storages directly.  To access UntypedStorage directly, use tensor.untyped_storage() instead of tensor.storage()
[36m(WorkerDict pid=307757)[0m   tensor.storage().size() == tensor.numel()
[36m(WorkerDict pid=307756)[0m /home/p00938733/verl-090/verl/utils/megatron_utils.py:627: UserWarning: TypedStorage is deprecated. It will be removed in the future and UntypedStorage will be the only storage class. This should only matter to you if you are using storages directly.  To access UntypedStorage directly, use tensor.untyped_storage() instead of tensor.storage()
[36m(WorkerDict pid=307756)[0m   tensor.storage().size() == tensor.numel()
[36m(WorkerDict pid=307757)[0m  > number of parameters on (tensor, pipeline) model parallel rank (1, 1): 2047762944
[36m(WorkerDict pid=307757)[0m module: 1
[36m(WorkerDict pid=307756)[0m  > number of parameters on (tensor, pipeline) model parallel rank (0, 1): 2047762944
[36m(WorkerDict pid=307756)[0m module: 1
[36m(WorkerDict pid=307752)[0m Loading from /home/p00938733/Qwen3-8B ━━━━━━━━━━━━━━━━━━━━━━━━━━━━━━━━━━━━━━━━ 100% 0:00:00 (291/291) Qwen3Bridge
[36m(WorkerDict pid=307752)[0m DistributedDataParallel contains 2.05B parameters
[36m(WorkerDict pid=307752)[0m optimizer config after override: {'optimizer': 'adam', 'lr': 0.0, 'min_lr': 0.0, 'clip_grad': 1.0, 'weight_decay': 0.01, 'use_distributed_optimizer': True, 'bf16': True, 'params_dtype': torch.bfloat16}
[36m(TaskRunnerV1 pid=305803)[0m INFO:2026-09-11 18:38:07,536:actor and ref model engine initialized
[36m(TaskRunnerV1 pid=305803)[0m INFO:2026-09-11 18:38:07,714:reward loop manager initialized
[36m(TaskRunnerV1 pid=305803)[0m [transformers] `Qwen2VLImageProcessorFast` is deprecated. The `Fast` suffix for image processors has been removed; use `Qwen2VLImageProcessor` instead.
[36m(pid=311309)[0m [transformers] `Qwen2VLImageProcessorFast` is deprecated. The `Fast` suffix for image processors has been removed; use `Qwen2VLImageProcessor` instead.
[36m(pid=311308)[0m [transformers] `Qwen2VLImageProcessorFast` is deprecated. The `Fast` suffix for image processors has been removed; use `Qwen2VLImageProcessor` instead.
[36m(vLLMHttpServer pid=311309)[0m WARNING 09-11 18:38:26 [envs.py:2057] Unknown vLLM environment variable detected: VLLM_USE_V1
[36m(vLLMHttpServer pid=311308)[0m ['serve',
[36m(vLLMHttpServer pid=311308)[0m  '/home/p00938733/Qwen3-8B',
[36m(vLLMHttpServer pid=311308)[0m  '--dtype',
[36m(vLLMHttpServer pid=311308)[0m  'bfloat16',
[36m(vLLMHttpServer pid=311308)[0m  '--load_format',
[36m(vLLMHttpServer pid=311308)[0m  'dummy',
[36m(vLLMHttpServer pid=311308)[0m  '--distributed_executor_backend',
[36m(vLLMHttpServer pid=311308)[0m  'mp',
[36m(vLLMHttpServer pid=311308)[0m  '--worker_extension_cls',
[36m(vLLMHttpServer pid=311308)[0m  'verl.workers.rollout.vllm_rollout.utils.vLLMColocateWorkerExtension',
[36m(vLLMHttpServer pid=311308)[0m  '--max_model_len',
[36m(vLLMHttpServer pid=311308)[0m  '20736',
[36m(vLLMHttpServer pid=311308)[0m  '--max_num_seqs',
[36m(vLLMHttpServer pid=311308)[0m  '256',
[36m(vLLMHttpServer pid=311308)[0m  '--enable_chunked_prefill',
[36m(vLLMHttpServer pid=311308)[0m  '--max_num_batched_tokens',
[36m(vLLMHttpServer pid=311308)[0m  '65536',
[36m(vLLMHttpServer pid=311308)[0m  '--enable_prefix_caching',
[36m(vLLMHttpServer pid=311308)[0m  '--enable_sleep_mode',
[36m(vLLMHttpServer pid=311308)[0m  '--logprobs_mode',
[36m(vLLMHttpServer pid=311308)[0m  'processed_logprobs',
[36m(vLLMHttpServer pid=311308)[0m  '--gpu_memory_utilization',
[36m(vLLMHttpServer pid=311308)[0m  '0.5',
[36m(vLLMHttpServer pid=311308)[0m  '--disable_log_stats',
[36m(vLLMHttpServer pid=311308)[0m  '--tensor_parallel_size',
[36m(vLLMHttpServer pid=311308)[0m  '4',
[36m(vLLMHttpServer pid=311308)[0m  '--seed',
[36m(vLLMHttpServer pid=311308)[0m  '42',
[36m(vLLMHttpServer pid=311308)[0m  '--override_generation_config',
[36m(vLLMHttpServer pid=311308)[0m  '{"temperature": 1.0, "top_k": -1, "top_p": 0.95, "repetition_penalty": 1.0, '
[36m(vLLMHttpServer pid=311308)[0m  '"max_new_tokens": 4096}',
[36m(vLLMHttpServer pid=311308)[0m  '--hf_overrides',
[36m(vLLMHttpServer pid=311308)[0m  '{}',
[36m(vLLMHttpServer pid=311308)[0m  '--scheduling_policy',
[36m(vLLMHttpServer pid=311308)[0m  'fcfs',
[36m(vLLMHttpServer pid=311308)[0m  '--compilation_config',
[36m(vLLMHttpServer pid=311308)[0m  '{"cudagraph_mode": "FULL_AND_PIECEWISE"}']
[36m(vLLMHttpServer pid=311308)[0m WARNING 09-11 18:38:28 [envs.py:2057] Unknown vLLM environment variable detected: VLLM_USE_V1
[36m(vLLMHttpServer pid=311309)[0m WARNING 09-11 18:38:30 [system_utils.py:157] We must use the `spawn` multiprocessing start method. Overriding VLLM_WORKER_MULTIPROC_METHOD to 'spawn'. See https://docs.vllm.ai/en/latest/usage/troubleshooting.html#python-multiprocessing for more information. Reasons: In a Ray actor and can only be spawned; CUDA is initialized
[36m(vLLMHttpServer pid=311308)[0m WARNING 09-11 18:38:32 [system_utils.py:157] We must use the `spawn` multiprocessing start method. Overriding VLLM_WORKER_MULTIPROC_METHOD to 'spawn'. See https://docs.vllm.ai/en/latest/usage/troubleshooting.html#python-multiprocessing for more information. Reasons: In a Ray actor and can only be spawned; CUDA is initialized
[36m(vLLMHttpServer pid=311308)[0m [transformers] `Qwen2VLImageProcessorFast` is deprecated. The `Fast` suffix for image processors has been removed; use `Qwen2VLImageProcessor` instead.
[36m(vLLMHttpServer pid=311309)[0m [transformers] `Qwen2VLImageProcessorFast` is deprecated. The `Fast` suffix for image processors has been removed; use `Qwen2VLImageProcessor` instead.
[36m(vLLMHttpServer pid=311309)[0m [transformers] `Qwen2VLImageProcessorFast` is deprecated. The `Fast` suffix for image processors has been removed; use `Qwen2VLImageProcessor` instead.
[36m(vLLMHttpServer pid=311309)[0m [transformers] `Qwen2VLImageProcessorFast` is deprecated. The `Fast` suffix for image processors has been removed; use `Qwen2VLImageProcessor` instead.
[36m(vLLMHttpServer pid=311308)[0m [transformers] `Qwen2VLImageProcessorFast` is deprecated. The `Fast` suffix for image processors has been removed; use `Qwen2VLImageProcessor` instead.
[36m(vLLMHttpServer pid=311308)[0m [transformers] `Qwen2VLImageProcessorFast` is deprecated. The `Fast` suffix for image processors has been removed; use `Qwen2VLImageProcessor` instead.
[36m(vLLMHttpServer pid=311309)[0m [transformers] `Qwen2VLImageProcessorFast` is deprecated. The `Fast` suffix for image processors has been removed; use `Qwen2VLImageProcessor` instead.
[36m(vLLMHttpServer pid=311308)[0m [transformers] `Qwen2VLImageProcessorFast` is deprecated. The `Fast` suffix for image processors has been removed; use `Qwen2VLImageProcessor` instead.
[36m(vLLMHttpServer pid=311308)[0m (Worker pid=312151) <frozen importlib._bootstrap_external>:1297: FutureWarning: The cuda.cudart module is deprecated and will be removed in a future release, please switch to use the cuda.bindings.runtime module instead.
[36m(vLLMHttpServer pid=311308)[0m (Worker pid=312151) <frozen importlib._bootstrap_external>:1297: FutureWarning: The cuda.nvrtc module is deprecated and will be removed in a future release, please switch to use the cuda.bindings.nvrtc module instead.
[36m(vLLMHttpServer pid=311308)[0m (Worker pid=312152) <frozen importlib._bootstrap_external>:1297: FutureWarning: The cuda.cudart module is deprecated and will be removed in a future release, please switch to use the cuda.bindings.runtime module instead.
[36m(vLLMHttpServer pid=311308)[0m (Worker pid=312152) <frozen importlib._bootstrap_external>:1297: FutureWarning: The cuda.nvrtc module is deprecated and will be removed in a future release, please switch to use the cuda.bindings.nvrtc module instead.
[36m(vLLMHttpServer pid=311308)[0m (Worker pid=312154) <frozen importlib._bootstrap_external>:1297: FutureWarning: The cuda.cudart module is deprecated and will be removed in a future release, please switch to use the cuda.bindings.runtime module instead.
[36m(vLLMHttpServer pid=311308)[0m (Worker pid=312154) <frozen importlib._bootstrap_external>:1297: FutureWarning: The cuda.nvrtc module is deprecated and will be removed in a future release, please switch to use the cuda.bindings.nvrtc module instead.
[36m(vLLMHttpServer pid=311308)[0m (Worker pid=312153) <frozen importlib._bootstrap_external>:1297: FutureWarning: The cuda.cudart module is deprecated and will be removed in a future release, please switch to use the cuda.bindings.runtime module instead.
[36m(vLLMHttpServer pid=311308)[0m (Worker pid=312153) <frozen importlib._bootstrap_external>:1297: FutureWarning: The cuda.nvrtc module is deprecated and will be removed in a future release, please switch to use the cuda.bindings.nvrtc module instead.
[36m(vLLMHttpServer pid=311309)[0m (Worker pid=312105) <frozen importlib._bootstrap_external>:1297: FutureWarning: The cuda.cudart module is deprecated and will be removed in a future release, please switch to use the cuda.bindings.runtime module instead.
[36m(vLLMHttpServer pid=311309)[0m (Worker pid=312105) <frozen importlib._bootstrap_external>:1297: FutureWarning: The cuda.nvrtc module is deprecated and will be removed in a future release, please switch to use the cuda.bindings.nvrtc module instead.
[36m(vLLMHttpServer pid=311309)[0m (Worker pid=312108) <frozen importlib._bootstrap_external>:1297: FutureWarning: The cuda.cudart module is deprecated and will be removed in a future release, please switch to use the cuda.bindings.runtime module instead.
[36m(vLLMHttpServer pid=311309)[0m (Worker pid=312108) <frozen importlib._bootstrap_external>:1297: FutureWarning: The cuda.nvrtc module is deprecated and will be removed in a future release, please switch to use the cuda.bindings.nvrtc module instead.
[36m(vLLMHttpServer pid=311309)[0m (Worker pid=312106) <frozen importlib._bootstrap_external>:1297: FutureWarning: The cuda.cudart module is deprecated and will be removed in a future release, please switch to use the cuda.bindings.runtime module instead.
[36m(vLLMHttpServer pid=311309)[0m (Worker pid=312106) <frozen importlib._bootstrap_external>:1297: FutureWarning: The cuda.nvrtc module is deprecated and will be removed in a future release, please switch to use the cuda.bindings.nvrtc module instead.
[36m(vLLMHttpServer pid=311309)[0m (Worker pid=312107) <frozen importlib._bootstrap_external>:1297: FutureWarning: The cuda.cudart module is deprecated and will be removed in a future release, please switch to use the cuda.bindings.runtime module instead.
[36m(vLLMHttpServer pid=311309)[0m (Worker pid=312107) <frozen importlib._bootstrap_external>:1297: FutureWarning: The cuda.nvrtc module is deprecated and will be removed in a future release, please switch to use the cuda.bindings.nvrtc module instead.
[36m(vLLMHttpServer pid=311308)[0m NCCL version 2.28.9+cuda12.9
[36m(vLLMHttpServer pid=311309)[0m NCCL version 2.28.9+cuda12.9
[36m(vLLMHttpServer pid=311308)[0m (Worker pid=312153) WARNING 09-11 18:38:56 [symm_mem.py:66] SymmMemCommunicator: Device capability 8.0 not supported, communicator is not available.
[36m(vLLMHttpServer pid=311308)[0m (Worker pid=312154) WARNING 09-11 18:38:56 [symm_mem.py:66] SymmMemCommunicator: Device capability 8.0 not supported, communicator is not available.
[36m(vLLMHttpServer pid=311308)[0m (Worker pid=312152) WARNING 09-11 18:38:56 [symm_mem.py:66] SymmMemCommunicator: Device capability 8.0 not supported, communicator is not available.
[36m(vLLMHttpServer pid=311308)[0m (Worker pid=312151) WARNING 09-11 18:38:56 [symm_mem.py:66] SymmMemCommunicator: Device capability 8.0 not supported, communicator is not available.
[36m(vLLMHttpServer pid=311309)[0m (Worker pid=312106) WARNING 09-11 18:38:56 [symm_mem.py:66] SymmMemCommunicator: Device capability 8.0 not supported, communicator is not available.
[36m(vLLMHttpServer pid=311309)[0m (Worker pid=312105) WARNING 09-11 18:38:56 [symm_mem.py:66] SymmMemCommunicator: Device capability 8.0 not supported, communicator is not available.
[36m(vLLMHttpServer pid=311309)[0m (Worker pid=312108) WARNING 09-11 18:38:56 [symm_mem.py:66] SymmMemCommunicator: Device capability 8.0 not supported, communicator is not available.
[36m(vLLMHttpServer pid=311309)[0m (Worker pid=312107) WARNING 09-11 18:38:56 [symm_mem.py:66] SymmMemCommunicator: Device capability 8.0 not supported, communicator is not available.
[36m(vLLMHttpServer pid=311309)[0m (Worker_TP0 pid=312105) Capturing CUDA graphs (PIECEWISE):   0%|          | 0/51 [00:00<?, ?it/s]
[36m(vLLMHttpServer pid=311309)[0m Capturing CUDA graphs (PIECEWISE):   2%|▏         | 1/51 [00:00<00:07,  6.72it/s]
[36m(vLLMHttpServer pid=311308)[0m (Worker_TP0 pid=312151) Capturing CUDA graphs (PIECEWISE):   0%|          | 0/51 [00:00<?, ?it/s]
[36m(vLLMHttpServer pid=311309)[0m Capturing CUDA graphs (PIECEWISE):   6%|▌         | 3/51 [00:00<00:04, 11.28it/s]
[36m(vLLMHttpServer pid=311308)[0m Capturing CUDA graphs (PIECEWISE):   4%|▍         | 2/51 [00:00<00:02, 19.14it/s]
[36m(vLLMHttpServer pid=311309)[0m Capturing CUDA graphs (PIECEWISE):  12%|█▏        | 6/51 [00:00<00:02, 16.25it/s]
[36m(vLLMHttpServer pid=311308)[0m Capturing CUDA graphs (PIECEWISE):  10%|▉         | 5/51 [00:00<00:02, 21.94it/s]
[36m(vLLMHttpServer pid=311309)[0m Capturing CUDA graphs (PIECEWISE):  18%|█▊        | 9/51 [00:00<00:02, 18.33it/s]
[36m(vLLMHttpServer pid=311308)[0m Capturing CUDA graphs (PIECEWISE):  16%|█▌        | 8/51 [00:00<00:01, 22.72it/s]
[36m(vLLMHttpServer pid=311309)[0m Capturing CUDA graphs (PIECEWISE):  24%|██▎       | 12/51 [00:00<00:01, 20.07it/s]
[36m(vLLMHttpServer pid=311308)[0m Capturing CUDA graphs (PIECEWISE):  22%|██▏       | 11/51 [00:00<00:01, 22.40it/s]
[36m(vLLMHttpServer pid=311309)[0m Capturing CUDA graphs (PIECEWISE):  29%|██▉       | 15/51 [00:00<00:01, 21.17it/s]
[36m(vLLMHttpServer pid=311308)[0m Capturing CUDA graphs (PIECEWISE):  27%|██▋       | 14/51 [00:00<00:01, 22.79it/s]
[36m(vLLMHttpServer pid=311309)[0m Capturing CUDA graphs (PIECEWISE):  35%|███▌      | 18/51 [00:00<00:01, 21.94it/s]
[36m(vLLMHttpServer pid=311308)[0m Capturing CUDA graphs (PIECEWISE):  33%|███▎      | 17/51 [00:00<00:01, 23.15it/s]
[36m(vLLMHttpServer pid=311309)[0m Capturing CUDA graphs (PIECEWISE):  41%|████      | 21/51 [00:01<00:01, 22.49it/s]
[36m(vLLMHttpServer pid=311308)[0m Capturing CUDA graphs (PIECEWISE):  39%|███▉      | 20/51 [00:00<00:01, 23.35it/s]
[36m(vLLMHttpServer pid=311309)[0m Capturing CUDA graphs (PIECEWISE):  47%|████▋     | 24/51 [00:01<00:01, 22.73it/s]
[36m(vLLMHttpServer pid=311308)[0m Capturing CUDA graphs (PIECEWISE):  45%|████▌     | 23/51 [00:01<00:01, 23.38it/s]
[36m(vLLMHttpServer pid=311309)[0m Capturing CUDA graphs (PIECEWISE):  53%|█████▎    | 27/51 [00:01<00:01, 23.01it/s]
[36m(vLLMHttpServer pid=311308)[0m Capturing CUDA graphs (PIECEWISE):  51%|█████     | 26/51 [00:01<00:01, 23.45it/s]
[36m(vLLMHttpServer pid=311309)[0m Capturing CUDA graphs (PIECEWISE):  59%|█████▉    | 30/51 [00:01<00:00, 23.28it/s]
[36m(vLLMHttpServer pid=311308)[0m Capturing CUDA graphs (PIECEWISE):  57%|█████▋    | 29/51 [00:01<00:00, 23.67it/s]
[36m(vLLMHttpServer pid=311309)[0m Capturing CUDA graphs (PIECEWISE):  65%|██████▍   | 33/51 [00:01<00:00, 23.18it/s]
[36m(vLLMHttpServer pid=311308)[0m Capturing CUDA graphs (PIECEWISE):  63%|██████▎   | 32/51 [00:01<00:00, 23.79it/s]
[36m(vLLMHttpServer pid=311309)[0m Capturing CUDA graphs (PIECEWISE):  71%|███████   | 36/51 [00:01<00:00, 23.15it/s]
[36m(vLLMHttpServer pid=311308)[0m Capturing CUDA graphs (PIECEWISE):  69%|██████▊   | 35/51 [00:01<00:00, 23.25it/s]
[36m(vLLMHttpServer pid=311309)[0m Capturing CUDA graphs (PIECEWISE):  76%|███████▋  | 39/51 [00:01<00:00, 23.15it/s]
[36m(vLLMHttpServer pid=311308)[0m Capturing CUDA graphs (PIECEWISE):  75%|███████▍  | 38/51 [00:01<00:00, 23.32it/s]
[36m(vLLMHttpServer pid=311309)[0m Capturing CUDA graphs (PIECEWISE):  82%|████████▏ | 42/51 [00:01<00:00, 23.21it/s]
[36m(vLLMHttpServer pid=311308)[0m Capturing CUDA graphs (PIECEWISE):  80%|████████  | 41/51 [00:01<00:00, 23.34it/s]
[36m(vLLMHttpServer pid=311309)[0m Capturing CUDA graphs (PIECEWISE):  88%|████████▊ | 45/51 [00:02<00:00, 22.67it/s]
[36m(vLLMHttpServer pid=311308)[0m Capturing CUDA graphs (PIECEWISE):  86%|████████▋ | 44/51 [00:01<00:00, 23.49it/s]
[36m(vLLMHttpServer pid=311309)[0m Capturing CUDA graphs (PIECEWISE):  94%|█████████▍| 48/51 [00:02<00:00, 22.85it/s]
[36m(vLLMHttpServer pid=311308)[0m Capturing CUDA graphs (PIECEWISE):  92%|█████████▏| 47/51 [00:02<00:00, 22.85it/s]
[36m(vLLMHttpServer pid=311309)[0m Capturing CUDA graphs (PIECEWISE): 100%|██████████| 51/51 [00:02<00:00, 21.43it/s]Capturing CUDA graphs (PIECEWISE): 100%|██████████| 51/51 [00:02<00:00, 21.28it/s]
[36m(vLLMHttpServer pid=311309)[0m (Worker_TP0 pid=312105) Capturing CUDA graphs (FULL):   0%|          | 0/35 [00:00<?, ?it/s]
[36m(vLLMHttpServer pid=311308)[0m Capturing CUDA graphs (PIECEWISE):  98%|█████████▊| 50/51 [00:02<00:00, 19.94it/s]Capturing CUDA graphs (PIECEWISE): 100%|██████████| 51/51 [00:02<00:00, 21.99it/s]
[36m(vLLMHttpServer pid=311308)[0m (Worker_TP0 pid=312151) Capturing CUDA graphs (FULL):   0%|          | 0/35 [00:00<?, ?it/s]
[36m(vLLMHttpServer pid=311309)[0m Capturing CUDA graphs (FULL):   3%|▎         | 1/35 [00:00<00:04,  7.62it/s]
[36m(vLLMHttpServer pid=311309)[0m Capturing CUDA graphs (FULL):   9%|▊         | 3/35 [00:00<00:02, 11.08it/s]
[36m(vLLMHttpServer pid=311308)[0m Capturing CUDA graphs (FULL):   6%|▌         | 2/35 [00:00<00:02, 15.17it/s]
[36m(vLLMHttpServer pid=311308)[0m Capturing CUDA graphs (FULL):  14%|█▍        | 5/35 [00:00<00:01, 19.80it/s]
[36m(vLLMHttpServer pid=311309)[0m Capturing CUDA graphs (FULL):  17%|█▋        | 6/35 [00:00<00:01, 16.13it/s]
[36m(vLLMHttpServer pid=311309)[0m Capturing CUDA graphs (FULL):  26%|██▌       | 9/35 [00:00<00:01, 18.54it/s]
[36m(vLLMHttpServer pid=311308)[0m Capturing CUDA graphs (FULL):  23%|██▎       | 8/35 [00:00<00:01, 21.14it/s]
[36m(vLLMHttpServer pid=311308)[0m Capturing CUDA graphs (FULL):  31%|███▏      | 11/35 [00:00<00:01, 21.70it/s]
[36m(vLLMHttpServer pid=311309)[0m Capturing CUDA graphs (FULL):  34%|███▍      | 12/35 [00:00<00:01, 20.20it/s]
[36m(vLLMHttpServer pid=311308)[0m Capturing CUDA graphs (FULL):  40%|████      | 14/35 [00:00<00:00, 22.50it/s]
[36m(vLLMHttpServer pid=311309)[0m Capturing CUDA graphs (FULL):  43%|████▎     | 15/35 [00:00<00:00, 21.31it/s]
[36m(vLLMHttpServer pid=311308)[0m Capturing CUDA graphs (FULL):  49%|████▊     | 17/35 [00:00<00:00, 22.96it/s]
[36m(vLLMHttpServer pid=311309)[0m Capturing CUDA graphs (FULL):  51%|█████▏    | 18/35 [00:00<00:00, 21.83it/s]
[36m(vLLMHttpServer pid=311309)[0m Capturing CUDA graphs (FULL):  60%|██████    | 21/35 [00:01<00:00, 22.09it/s]
[36m(vLLMHttpServer pid=311308)[0m Capturing CUDA graphs (FULL):  57%|█████▋    | 20/35 [00:00<00:00, 22.86it/s]
[36m(vLLMHttpServer pid=311308)[0m Capturing CUDA graphs (FULL):  66%|██████▌   | 23/35 [00:01<00:00, 23.09it/s]
[36m(vLLMHttpServer pid=311309)[0m Capturing CUDA graphs (FULL):  69%|██████▊   | 24/35 [00:01<00:00, 22.47it/s]
[36m(vLLMHttpServer pid=311308)[0m Capturing CUDA graphs (FULL):  74%|███████▍  | 26/35 [00:01<00:00, 23.29it/s]
[36m(vLLMHttpServer pid=311309)[0m Capturing CUDA graphs (FULL):  77%|███████▋  | 27/35 [00:01<00:00, 22.84it/s]
[36m(vLLMHttpServer pid=311308)[0m Capturing CUDA graphs (FULL):  83%|████████▎ | 29/35 [00:01<00:00, 23.60it/s]
[36m(vLLMHttpServer pid=311309)[0m Capturing CUDA graphs (FULL):  86%|████████▌ | 30/35 [00:01<00:00, 23.01it/s]
[36m(vLLMHttpServer pid=311308)[0m Capturing CUDA graphs (FULL):  91%|█████████▏| 32/35 [00:01<00:00, 23.70it/s]
[36m(vLLMHttpServer pid=311309)[0m Capturing CUDA graphs (FULL):  94%|█████████▍| 33/35 [00:01<00:00, 23.14it/s]
[36m(vLLMHttpServer pid=311308)[0m Capturing CUDA graphs (FULL): 100%|██████████| 35/35 [00:01<00:00, 24.01it/s]Capturing CUDA graphs (FULL): 100%|██████████| 35/35 [00:01<00:00, 22.82it/s]
[36m(vLLMHttpServer pid=311309)[0m Capturing CUDA graphs (FULL): 100%|██████████| 35/35 [00:01<00:00, 21.07it/s]
[36m(vLLMHttpServer pid=311309)[0m WARNING 09-11 18:39:21 [api_router.py:30] LoRA dynamic loading & unloading is enabled in the API server. This should ONLY be used for local development!
[36m(vLLMHttpServer pid=311308)[0m WARNING 09-11 18:39:22 [api_router.py:30] LoRA dynamic loading & unloading is enabled in the API server. This should ONLY be used for local development!
[36m(vLLMHttpServer pid=311309)[0m WARNING 09-11 18:39:22 [model.py:1509] Default vLLM sampling parameters have been overridden by the model's `generation_config.json`: `{'repetition_penalty': 1.0, 'temperature': 1.0, 'top_k': -1, 'top_p': 0.95, 'max_tokens': 4096}`. If this is not intended, please relaunch vLLM instance with `--generation-config vllm`.
[36m(vLLMHttpServer pid=311308)[0m WARNING 09-11 18:39:22 [model.py:1509] Default vLLM sampling parameters have been overridden by the model's `generation_config.json`: `{'repetition_penalty': 1.0, 'temperature': 1.0, 'top_k': -1, 'top_p': 0.95, 'max_tokens': 4096}`. If this is not intended, please relaunch vLLM instance with `--generation-config vllm`.
[36m(TaskRunnerV1 pid=305803)[0m INFO:2026-09-11 18:39:23,130:checkpoint engine manager initialized
[36m(TaskRunnerV1 pid=305803)[0m LLMServerManager: ['10.90.67.85:43105', '10.90.67.85:33211']
[36m(TaskRunnerV1 pid=305803)[0m INFO:2026-09-11 18:39:24,736:all initialize finished, ready to fit
[36m(WorkerDict pid=307752)[0m /home/p00938733/verl-090/verl/plugin/platform/platform_cuda.py:99: FutureWarning: torch.cuda._set_allocator_settings is deprecated. Use torch._C._accelerator_setAllocatorSettings instead.
[36m(WorkerDict pid=307752)[0m   torch.cuda.memory._set_allocator_settings(settings)
[36m(WorkerDict pid=307757)[0m /home/p00938733/verl-090/verl/plugin/platform/platform_cuda.py:99: FutureWarning: torch.cuda._set_allocator_settings is deprecated. Use torch._C._accelerator_setAllocatorSettings instead.
[36m(WorkerDict pid=307757)[0m   torch.cuda.memory._set_allocator_settings(settings)
[36m(WorkerDict pid=307758)[0m /home/p00938733/verl-090/verl/plugin/platform/platform_cuda.py:99: FutureWarning: torch.cuda._set_allocator_settings is deprecated. Use torch._C._accelerator_setAllocatorSettings instead.
[36m(WorkerDict pid=307758)[0m   torch.cuda.memory._set_allocator_settings(settings)
[36m(WorkerDict pid=307753)[0m /home/p00938733/verl-090/verl/plugin/platform/platform_cuda.py:99: FutureWarning: torch.cuda._set_allocator_settings is deprecated. Use torch._C._accelerator_setAllocatorSettings instead.
[36m(WorkerDict pid=307753)[0m   torch.cuda.memory._set_allocator_settings(settings)
[36m(WorkerDict pid=307755)[0m /home/p00938733/verl-090/verl/plugin/platform/platform_cuda.py:99: FutureWarning: torch.cuda._set_allocator_settings is deprecated. Use torch._C._accelerator_setAllocatorSettings instead.
[36m(WorkerDict pid=307755)[0m   torch.cuda.memory._set_allocator_settings(settings)
[36m(WorkerDict pid=307759)[0m /home/p00938733/verl-090/verl/plugin/platform/platform_cuda.py:99: FutureWarning: torch.cuda._set_allocator_settings is deprecated. Use torch._C._accelerator_setAllocatorSettings instead.
[36m(WorkerDict pid=307759)[0m   torch.cuda.memory._set_allocator_settings(settings)
[36m(WorkerDict pid=307756)[0m /home/p00938733/verl-090/verl/plugin/platform/platform_cuda.py:99: FutureWarning: torch.cuda._set_allocator_settings is deprecated. Use torch._C._accelerator_setAllocatorSettings instead.
[36m(WorkerDict pid=307756)[0m   torch.cuda.memory._set_allocator_settings(settings)
[36m(WorkerDict pid=307754)[0m /home/p00938733/verl-090/verl/plugin/platform/platform_cuda.py:99: FutureWarning: torch.cuda._set_allocator_settings is deprecated. Use torch._C._accelerator_setAllocatorSettings instead.
[36m(WorkerDict pid=307754)[0m   torch.cuda.memory._set_allocator_settings(settings)
[36m(WorkerDict pid=307752)[0m [transformers] `Qwen2VLImageProcessorFast` is deprecated. The `Fast` suffix for image processors has been removed; use `Qwen2VLImageProcessor` instead.
[36m(WorkerDict pid=307756)[0m [transformers] `Qwen2VLImageProcessorFast` is deprecated. The `Fast` suffix for image processors has been removed; use `Qwen2VLImageProcessor` instead.
[36m(vLLMHttpServer pid=311308)[0m (EngineCore pid=311929) WARNING 09-11 18:39:25 [scheduler.py:1948] reset_connector called but no KV connector is configured.
[36m(vLLMHttpServer pid=311309)[0m (EngineCore pid=311907) WARNING 09-11 18:39:26 [scheduler.py:1948] reset_connector called but no KV connector is configured.
[36m(WorkerDict pid=307754)[0m NCCL version 2.28.9+cuda12.9
[36m(WorkerDict pid=307753)[0m NCCL version 2.28.9+cuda12.9
[36m(GlobalRequestLoadBalancer pid=313945)[0m W0911 18:39:32.345000 313945 torch/utils/cpp_extension.py:140] No CUDA runtime is found, using CUDA_HOME='/usr/local/cuda'
[36m(GlobalRequestLoadBalancer pid=313945)[0m [transformers] `Qwen2VLImageProcessorFast` is deprecated. The `Fast` suffix for image processors has been removed; use `Qwen2VLImageProcessor` instead.
[36m(WorkerDict pid=307752)[0m Converting to HuggingFace ━━━━━━━━━━━━━━━━━━━━━━━━━━━━━━━━━━━━━━━━ 100% 0:00:00 (291/291) Qwen3Bridge
[36m(vLLMHttpServer pid=311308)[0m (EngineCore pid=311929) WARNING 09-11 18:39:52 [scheduler.py:1948] reset_connector called but no KV connector is configured.
[36m(vLLMHttpServer pid=311309)[0m (EngineCore pid=311907) WARNING 09-11 18:39:52 [scheduler.py:1948] reset_connector called but no KV connector is configured.
[36m(vLLMHttpServer pid=311308)[0m (EngineCore pid=311929) WARNING 09-11 18:39:55 [scheduler.py:1948] reset_connector called but no KV connector is configured.
[36m(vLLMHttpServer pid=311309)[0m (EngineCore pid=311907) WARNING 09-11 18:39:55 [scheduler.py:1948] reset_connector called but no KV connector is configured.
[36m(TaskRunnerV1 pid=305803)[0m Training Progress:   0%|          | 0/12 [00:00<?, ?it/s]
[36m(TaskRunnerV1 pid=305803)[0m [RolloutTqSkip()] [33mNo cached data found for step 1. The trainer will generate and dump the data.[0m
[36m(pid=314810)[0m WARNING:2026-09-11 18:40:06,303:Platform 'nvidia' (PlatformCUDA) is registered but not available. This may be due to this ray actor being a CPU-only actor.
[36m(pid=314810)[0m /home/p00938733/verl-090/verl/workers/engine/__init__.py:32: UserWarning: torchtitan engine is not available: ModuleNotFoundError("No module named 'torchtitan'")
[36m(pid=314810)[0m   warnings.warn(f"torchtitan engine is not available: {e!r}", stacklevel=1)
[36m(pid=314810)[0m /home/p00938733/verl-090/verl/workers/engine/__init__.py:41: UserWarning: veomni engine is not available: ModuleNotFoundError("No module named 'veomni'")
[36m(pid=314810)[0m   warnings.warn(f"veomni engine is not available: {e!r}", stacklevel=1)
[36m(pid=314810)[0m /home/p00938733/verl-090/verl/workers/engine/__init__.py:50: UserWarning: automodel engine is not available: ModuleNotFoundError("No module named 'nemo_automodel'")
[36m(pid=314810)[0m   warnings.warn(f"automodel engine is not available: {e!r}", stacklevel=1)
[36m(pid=314802)[0m WARNING:2026-09-11 18:40:12,733:Platform 'nvidia' (PlatformCUDA) is registered but not available. This may be due to this ray actor being a CPU-only actor.
[36m(pid=314802)[0m /home/p00938733/verl-090/verl/workers/engine/__init__.py:32: UserWarning: torchtitan engine is not available: ModuleNotFoundError("No module named 'torchtitan'")
[36m(pid=314802)[0m   warnings.warn(f"torchtitan engine is not available: {e!r}", stacklevel=1)
[36m(pid=314802)[0m /home/p00938733/verl-090/verl/workers/engine/__init__.py:41: UserWarning: veomni engine is not available: ModuleNotFoundError("No module named 'veomni'")
[36m(pid=314802)[0m   warnings.warn(f"veomni engine is not available: {e!r}", stacklevel=1)
[36m(pid=314802)[0m /home/p00938733/verl-090/verl/workers/engine/__init__.py:50: UserWarning: automodel engine is not available: ModuleNotFoundError("No module named 'nemo_automodel'")
[36m(pid=314802)[0m   warnings.warn(f"automodel engine is not available: {e!r}", stacklevel=1)
[36m(pid=314812)[0m WARNING:2026-09-11 18:40:13,237:Platform 'nvidia' (PlatformCUDA) is registered but not available. This may be due to this ray actor being a CPU-only actor.
[36m(pid=314812)[0m /home/p00938733/verl-090/verl/workers/engine/__init__.py:32: UserWarning: torchtitan engine is not available: ModuleNotFoundError("No module named 'torchtitan'")
[36m(pid=314812)[0m   warnings.warn(f"torchtitan engine is not available: {e!r}", stacklevel=1)
[36m(pid=314812)[0m /home/p00938733/verl-090/verl/workers/engine/__init__.py:41: UserWarning: veomni engine is not available: ModuleNotFoundError("No module named 'veomni'")
[36m(pid=314812)[0m   warnings.warn(f"veomni engine is not available: {e!r}", stacklevel=1)
[36m(pid=314812)[0m /home/p00938733/verl-090/verl/workers/engine/__init__.py:50: UserWarning: automodel engine is not available: ModuleNotFoundError("No module named 'nemo_automodel'")
[36m(pid=314812)[0m   warnings.warn(f"automodel engine is not available: {e!r}", stacklevel=1)
[36m(pid=314763)[0m WARNING:2026-09-11 18:40:14,556:No supported accelerator detected. Registered: ('nvidia', 'huawei', 'amd'). Falling back to 'nvidia'.
[36m(pid=314763)[0m WARNING:2026-09-11 18:40:14,558:Platform 'nvidia' (PlatformCUDA) is registered but not available. This may be due to this ray actor being a CPU-only actor.
[36m(pid=314763)[0m /home/p00938733/verl-090/verl/workers/engine/__init__.py:32: UserWarning: torchtitan engine is not available: ModuleNotFoundError("No module named 'torchtitan'")
[36m(pid=314763)[0m   warnings.warn(f"torchtitan engine is not available: {e!r}", stacklevel=1)
[36m(pid=314763)[0m /home/p00938733/verl-090/verl/workers/engine/__init__.py:41: UserWarning: veomni engine is not available: ModuleNotFoundError("No module named 'veomni'")
[36m(pid=314763)[0m   warnings.warn(f"veomni engine is not available: {e!r}", stacklevel=1)
[36m(pid=314763)[0m /home/p00938733/verl-090/verl/workers/engine/__init__.py:50: UserWarning: automodel engine is not available: ModuleNotFoundError("No module named 'nemo_automodel'")
[36m(pid=314763)[0m   warnings.warn(f"automodel engine is not available: {e!r}", stacklevel=1)
[36m(pid=314791)[0m WARNING:2026-09-11 18:40:14,957:No supported accelerator detected. Registered: ('nvidia', 'huawei', 'amd'). Falling back to 'nvidia'.
[36m(pid=314791)[0m WARNING:2026-09-11 18:40:14,958:Platform 'nvidia' (PlatformCUDA) is registered but not available. This may be due to this ray actor being a CPU-only actor.
[36m(pid=314791)[0m /home/p00938733/verl-090/verl/workers/engine/__init__.py:32: UserWarning: torchtitan engine is not available: ModuleNotFoundError("No module named 'torchtitan'")
[36m(pid=314791)[0m   warnings.warn(f"torchtitan engine is not available: {e!r}", stacklevel=1)
[36m(pid=314791)[0m /home/p00938733/verl-090/verl/workers/engine/__init__.py:41: UserWarning: veomni engine is not available: ModuleNotFoundError("No module named 'veomni'")
[36m(pid=314791)[0m   warnings.warn(f"veomni engine is not available: {e!r}", stacklevel=1)
[36m(pid=314791)[0m /home/p00938733/verl-090/verl/workers/engine/__init__.py:50: UserWarning: automodel engine is not available: ModuleNotFoundError("No module named 'nemo_automodel'")
[36m(pid=314791)[0m   warnings.warn(f"automodel engine is not available: {e!r}", stacklevel=1)
[36m(pid=314820)[0m WARNING:2026-09-11 18:40:14,907:No supported accelerator detected. Registered: ('nvidia', 'huawei', 'amd'). Falling back to 'nvidia'.
[36m(pid=314820)[0m WARNING:2026-09-11 18:40:14,910:Platform 'nvidia' (PlatformCUDA) is registered but not available. This may be due to this ray actor being a CPU-only actor.
[36m(pid=314820)[0m /home/p00938733/verl-090/verl/workers/engine/__init__.py:32: UserWarning: torchtitan engine is not available: ModuleNotFoundError("No module named 'torchtitan'")
[36m(pid=314820)[0m   warnings.warn(f"torchtitan engine is not available: {e!r}", stacklevel=1)
[36m(pid=314820)[0m /home/p00938733/verl-090/verl/workers/engine/__init__.py:41: UserWarning: veomni engine is not available: ModuleNotFoundError("No module named 'veomni'")
[36m(pid=314820)[0m   warnings.warn(f"veomni engine is not available: {e!r}", stacklevel=1)
[36m(pid=314820)[0m /home/p00938733/verl-090/verl/workers/engine/__init__.py:50: UserWarning: automodel engine is not available: ModuleNotFoundError("No module named 'nemo_automodel'")
[36m(pid=314820)[0m   warnings.warn(f"automodel engine is not available: {e!r}", stacklevel=1)
[36m(pid=314807)[0m WARNING:2026-09-11 18:40:15,016:No supported accelerator detected. Registered: ('nvidia', 'huawei', 'amd'). Falling back to 'nvidia'.
[36m(pid=314807)[0m WARNING:2026-09-11 18:40:15,017:Platform 'nvidia' (PlatformCUDA) is registered but not available. This may be due to this ray actor being a CPU-only actor.
[36m(pid=314807)[0m /home/p00938733/verl-090/verl/workers/engine/__init__.py:32: UserWarning: torchtitan engine is not available: ModuleNotFoundError("No module named 'torchtitan'")
[36m(pid=314807)[0m   warnings.warn(f"torchtitan engine is not available: {e!r}", stacklevel=1)
[36m(pid=314807)[0m /home/p00938733/verl-090/verl/workers/engine/__init__.py:41: UserWarning: veomni engine is not available: ModuleNotFoundError("No module named 'veomni'")
[36m(pid=314807)[0m   warnings.warn(f"veomni engine is not available: {e!r}", stacklevel=1)
[36m(pid=314807)[0m /home/p00938733/verl-090/verl/workers/engine/__init__.py:50: UserWarning: automodel engine is not available: ModuleNotFoundError("No module named 'nemo_automodel'")
[36m(pid=314807)[0m   warnings.warn(f"automodel engine is not available: {e!r}", stacklevel=1)
[36m(pid=314822)[0m WARNING:2026-09-11 18:40:15,077:No supported accelerator detected. Registered: ('nvidia', 'huawei', 'amd'). Falling back to 'nvidia'.
[36m(pid=314822)[0m WARNING:2026-09-11 18:40:15,079:Platform 'nvidia' (PlatformCUDA) is registered but not available. This may be due to this ray actor being a CPU-only actor.
[36m(pid=314822)[0m /home/p00938733/verl-090/verl/workers/engine/__init__.py:32: UserWarning: torchtitan engine is not available: ModuleNotFoundError("No module named 'torchtitan'")
[36m(pid=314822)[0m   warnings.warn(f"torchtitan engine is not available: {e!r}", stacklevel=1)
[36m(pid=314822)[0m /home/p00938733/verl-090/verl/workers/engine/__init__.py:41: UserWarning: veomni engine is not available: ModuleNotFoundError("No module named 'veomni'")
[36m(pid=314822)[0m   warnings.warn(f"veomni engine is not available: {e!r}", stacklevel=1)
[36m(pid=314822)[0m /home/p00938733/verl-090/verl/workers/engine/__init__.py:50: UserWarning: automodel engine is not available: ModuleNotFoundError("No module named 'nemo_automodel'")
[36m(pid=314822)[0m   warnings.warn(f"automodel engine is not available: {e!r}", stacklevel=1)
[36m(pid=314810)[0m W0911 18:40:17.722000 314810 torch/utils/cpp_extension.py:140] No CUDA runtime is found, using CUDA_HOME='/usr/local/cuda'
[36m(pid=314802)[0m W0911 18:40:17.935000 314802 torch/utils/cpp_extension.py:140] No CUDA runtime is found, using CUDA_HOME='/usr/local/cuda'
[36m(pid=314812)[0m W0911 18:40:17.941000 314812 torch/utils/cpp_extension.py:140] No CUDA runtime is found, using CUDA_HOME='/usr/local/cuda'
[36m(pid=314763)[0m W0911 18:40:18.028000 314763 torch/utils/cpp_extension.py:140] No CUDA runtime is found, using CUDA_HOME='/usr/local/cuda'
[36m(pid=314791)[0m W0911 18:40:18.231000 314791 torch/utils/cpp_extension.py:140] No CUDA runtime is found, using CUDA_HOME='/usr/local/cuda'
[36m(pid=314820)[0m W0911 18:40:18.212000 314820 torch/utils/cpp_extension.py:140] No CUDA runtime is found, using CUDA_HOME='/usr/local/cuda'
[36m(pid=314807)[0m W0911 18:40:18.221000 314807 torch/utils/cpp_extension.py:140] No CUDA runtime is found, using CUDA_HOME='/usr/local/cuda'
[36m(pid=314822)[0m W0911 18:40:18.213000 314822 torch/utils/cpp_extension.py:140] No CUDA runtime is found, using CUDA_HOME='/usr/local/cuda'
[36m(AgentLoopWorkerTQ pid=314810)[0m Using blocking ray.get inside async actor. This blocks the event loop. Please use `await` on object ref with asyncio.gather if you want to yield execution to the event loop instead.
[36m(AgentLoopWorkerTQ pid=314810)[0m Using dataset class: RLHFDataset
[36m(AgentLoopWorkerTQ pid=314812)[0m Using dataset class: RLHFDataset
[36m(AgentLoopWorkerTQ pid=314812)[0m Using blocking ray.get inside async actor. This blocks the event loop. Please use `await` on object ref with asyncio.gather if you want to yield execution to the event loop instead.
[36m(AgentLoopWorkerTQ pid=314763)[0m Using blocking ray.get inside async actor. This blocks the event loop. Please use `await` on object ref with asyncio.gather if you want to yield execution to the event loop instead.
[36m(AgentLoopWorkerTQ pid=314763)[0m Using dataset class: RLHFDataset
[36m(AgentLoopWorkerTQ pid=314802)[0m Using blocking ray.get inside async actor. This blocks the event loop. Please use `await` on object ref with asyncio.gather if you want to yield execution to the event loop instead.
[36m(AgentLoopWorkerTQ pid=314802)[0m Using dataset class: RLHFDataset
[36m(AgentLoopWorkerTQ pid=314820)[0m Using blocking ray.get inside async actor. This blocks the event loop. Please use `await` on object ref with asyncio.gather if you want to yield execution to the event loop instead.
[36m(AgentLoopWorkerTQ pid=314820)[0m Using dataset class: RLHFDataset
[36m(AgentLoopWorkerTQ pid=314791)[0m Using dataset class: RLHFDataset
[36m(AgentLoopWorkerTQ pid=314791)[0m Using blocking ray.get inside async actor. This blocks the event loop. Please use `await` on object ref with asyncio.gather if you want to yield execution to the event loop instead.
[36m(AgentLoopWorkerTQ pid=314807)[0m Using dataset class: RLHFDataset
[36m(AgentLoopWorkerTQ pid=314807)[0m Using blocking ray.get inside async actor. This blocks the event loop. Please use `await` on object ref with asyncio.gather if you want to yield execution to the event loop instead.
[36m(AgentLoopWorkerTQ pid=314822)[0m Using dataset class: RLHFDataset
[36m(AgentLoopWorkerTQ pid=314822)[0m Using blocking ray.get inside async actor. This blocks the event loop. Please use `await` on object ref with asyncio.gather if you want to yield execution to the event loop instead.
[36m(AgentLoopWorkerTQ pid=314802)[0m [transformers] `Qwen2VLImageProcessorFast` is deprecated. The `Fast` suffix for image processors has been removed; use `Qwen2VLImageProcessor` instead.
[36m(vLLMHttpServer pid=311308)[0m WARNING 09-11 18:40:24 [input_processor.py:274] Passing raw prompts to InputProcessor is deprecated and will be removed in v0.18. You should instead pass the outputs of Renderer.render_cmpl() or Renderer.render_chat().
[36m(vLLMHttpServer pid=311309)[0m WARNING 09-11 18:40:24 [input_processor.py:274] Passing raw prompts to InputProcessor is deprecated and will be removed in v0.18. You should instead pass the outputs of Renderer.render_cmpl() or Renderer.render_chat().
[36m(AgentLoopWorkerTQ pid=314763)[0m [transformers] `Qwen2VLImageProcessorFast` is deprecated. The `Fast` suffix for image processors has been removed; use `Qwen2VLImageProcessor` instead.
[36m(AgentLoopWorkerTQ pid=314807)[0m [transformers] `Qwen2VLImageProcessorFast` is deprecated. The `Fast` suffix for image processors has been removed; use `Qwen2VLImageProcessor` instead.
[36m(AgentLoopWorkerTQ pid=314791)[0m [transformers] `Qwen2VLImageProcessorFast` is deprecated. The `Fast` suffix for image processors has been removed; use `Qwen2VLImageProcessor` instead.
[36m(vLLMHttpServer pid=311308)[0m (Worker_TP0 pid=312151) WARNING 09-11 18:40:25 [jit_monitor.py:103] Triton kernel JIT compilation during inference: _topk_log_softmax_kernel. This causes a latency spike; consider extending warmup to cover this shape/config.
[36m(vLLMHttpServer pid=311309)[0m (Worker_TP0 pid=312105) WARNING 09-11 18:40:25 [jit_monitor.py:103] Triton kernel JIT compilation during inference: _topk_log_softmax_kernel. This causes a latency spike; consider extending warmup to cover this shape/config.
[36m(vLLMHttpServer pid=311309)[0m (Worker_TP0 pid=312105) WARNING 09-11 18:40:25 [jit_monitor.py:103] Triton kernel JIT compilation during inference: _topk_topp_kernel. This causes a latency spike; consider extending warmup to cover this shape/config.
[36m(vLLMHttpServer pid=311308)[0m (Worker_TP0 pid=312151) WARNING 09-11 18:40:25 [jit_monitor.py:103] Triton kernel JIT compilation during inference: _topk_topp_kernel. This causes a latency spike; consider extending warmup to cover this shape/config.
[36m(RewardLoopWorker pid=310830)[0m WARNING:2026-09-11 18:41:02,510:Platform 'nvidia' (PlatformCUDA) is registered but not available. This may be due to this ray actor being a CPU-only actor.
[36m(RewardLoopWorker pid=310824)[0m WARNING:2026-09-11 18:41:08,599:No supported accelerator detected. Registered: ('nvidia', 'huawei', 'amd'). Falling back to 'nvidia'.
[36m(RewardLoopWorker pid=310824)[0m WARNING:2026-09-11 18:41:08,600:Platform 'nvidia' (PlatformCUDA) is registered but not available. This may be due to this ray actor being a CPU-only actor.
[36m(RewardLoopWorker pid=310827)[0m WARNING:2026-09-11 18:41:08,666:No supported accelerator detected. Registered: ('nvidia', 'huawei', 'amd'). Falling back to 'nvidia'.
[36m(RewardLoopWorker pid=310827)[0m WARNING:2026-09-11 18:41:08,667:Platform 'nvidia' (PlatformCUDA) is registered but not available. This may be due to this ray actor being a CPU-only actor.
[36m(RewardLoopWorker pid=310826)[0m WARNING:2026-09-11 18:41:08,798:No supported accelerator detected. Registered: ('nvidia', 'huawei', 'amd'). Falling back to 'nvidia'.
[36m(RewardLoopWorker pid=310826)[0m WARNING:2026-09-11 18:41:08,800:Platform 'nvidia' (PlatformCUDA) is registered but not available. This may be due to this ray actor being a CPU-only actor.
[36m(RewardLoopWorker pid=310822)[0m WARNING:2026-09-11 18:41:08,737:No supported accelerator detected. Registered: ('nvidia', 'huawei', 'amd'). Falling back to 'nvidia'.
[36m(RewardLoopWorker pid=310822)[0m WARNING:2026-09-11 18:41:08,740:Platform 'nvidia' (PlatformCUDA) is registered but not available. This may be due to this ray actor being a CPU-only actor.
[36m(RewardLoopWorker pid=310823)[0m WARNING:2026-09-11 18:41:08,835:No supported accelerator detected. Registered: ('nvidia', 'huawei', 'amd'). Falling back to 'nvidia'.
[36m(RewardLoopWorker pid=310823)[0m WARNING:2026-09-11 18:41:08,837:Platform 'nvidia' (PlatformCUDA) is registered but not available. This may be due to this ray actor being a CPU-only actor.
[36m(RewardLoopWorker pid=310828)[0m WARNING:2026-09-11 18:41:08,867:No supported accelerator detected. Registered: ('nvidia', 'huawei', 'amd'). Falling back to 'nvidia'.
[36m(RewardLoopWorker pid=310828)[0m WARNING:2026-09-11 18:41:08,868:Platform 'nvidia' (PlatformCUDA) is registered but not available. This may be due to this ray actor being a CPU-only actor.
[36m(TaskRunnerV1 pid=305803)[0m [RolloutTqSkip()] [33mDump TQ batch at step 1 (16 trajectories) to /home/p00938733/rlmh-cache/16k4k-recompute-20260911-183559/rlmh_combinations_a100_rlmh_combinations_a100/GBS4_N4_in16640_out4096/1/0[0m
[36m(WorkerDict pid=307752)[0m Using blocking ray.get inside async actor. This blocks the event loop. Please use `await` on object ref with asyncio.gather if you want to yield execution to the event loop instead.
[36m(WorkerDict pid=307757)[0m Using blocking ray.get inside async actor. This blocks the event loop. Please use `await` on object ref with asyncio.gather if you want to yield execution to the event loop instead.
[36m(WorkerDict pid=307758)[0m Using blocking ray.get inside async actor. This blocks the event loop. Please use `await` on object ref with asyncio.gather if you want to yield execution to the event loop instead.
[36m(WorkerDict pid=307753)[0m Using blocking ray.get inside async actor. This blocks the event loop. Please use `await` on object ref with asyncio.gather if you want to yield execution to the event loop instead.
[36m(WorkerDict pid=307755)[0m Using blocking ray.get inside async actor. This blocks the event loop. Please use `await` on object ref with asyncio.gather if you want to yield execution to the event loop instead.
[36m(WorkerDict pid=307759)[0m Using blocking ray.get inside async actor. This blocks the event loop. Please use `await` on object ref with asyncio.gather if you want to yield execution to the event loop instead.
[36m(WorkerDict pid=307756)[0m Using blocking ray.get inside async actor. This blocks the event loop. Please use `await` on object ref with asyncio.gather if you want to yield execution to the event loop instead.
[36m(WorkerDict pid=307754)[0m Using blocking ray.get inside async actor. This blocks the event loop. Please use `await` on object ref with asyncio.gather if you want to yield execution to the event loop instead.
[36m(WorkerDict pid=307753)[0m [rank1]:W0911 18:41:12.354000 307753 torch/fx/_symbolic_trace.py:53] is_fx_tracing will return true for both fx.symbolic_trace and torch.export. Please use is_fx_tracing_symbolic_tracing() for specifically fx.symbolic_trace or torch.compiler.is_compiling() for specifically torch.export/compile.
[36m(WorkerDict pid=307755)[0m [rank2]:W0911 18:41:12.389000 307755 torch/fx/_symbolic_trace.py:53] is_fx_tracing will return true for both fx.symbolic_trace and torch.export. Please use is_fx_tracing_symbolic_tracing() for specifically fx.symbolic_trace or torch.compiler.is_compiling() for specifically torch.export/compile.
[36m(WorkerDict pid=307754)[0m [rank3]:W0911 18:41:12.372000 307754 torch/fx/_symbolic_trace.py:53] is_fx_tracing will return true for both fx.symbolic_trace and torch.export. Please use is_fx_tracing_symbolic_tracing() for specifically fx.symbolic_trace or torch.compiler.is_compiling() for specifically torch.export/compile.
[36m(WorkerDict pid=307752)[0m [rank0]:W0911 18:41:12.406000 307752 torch/fx/_symbolic_trace.py:53] is_fx_tracing will return true for both fx.symbolic_trace and torch.export. Please use is_fx_tracing_symbolic_tracing() for specifically fx.symbolic_trace or torch.compiler.is_compiling() for specifically torch.export/compile.
[36m(WorkerDict pid=307757)[0m NCCL version 2.28.9+cuda12.9
[36m(WorkerDict pid=307759)[0m NCCL version 2.28.9+cuda12.9
[36m(WorkerDict pid=307753)[0m WARNING:2026-09-11 18:41:12,624:flash-attn v4 may provide important feature support or performance improvement. Please install flash-attn v4 by 
[36m(WorkerDict pid=307753)[0m pip install flash-attn-4==4.0.0b11 nvidia-cutlass-dsl[cu13]
[36m(WorkerDict pid=307755)[0m WARNING:2026-09-11 18:41:12,630:flash-attn v4 may provide important feature support or performance improvement. Please install flash-attn v4 by 
[36m(WorkerDict pid=307755)[0m pip install flash-attn-4==4.0.0b11 nvidia-cutlass-dsl[cu13]
[36m(WorkerDict pid=307754)[0m WARNING:2026-09-11 18:41:12,619:flash-attn v4 may provide important feature support or performance improvement. Please install flash-attn v4 by 
[36m(WorkerDict pid=307754)[0m pip install flash-attn-4==4.0.0b11 nvidia-cutlass-dsl[cu13]
[36m(WorkerDict pid=307758)[0m [rank6]:[W911 18:41:16.408963011 ProcessGroupNCCL.cpp:4094] Warning: An unbatched P2P op (send/recv) was called on this ProcessGroup with size 2.  In lazy initialization mode, this will result in a new 2-rank NCCL communicator to be created. (function operator())
[36m(WorkerDict pid=307755)[0m [rank2]:[W911 18:41:16.402965228 ProcessGroupNCCL.cpp:4094] Warning: An unbatched P2P op (send/recv) was called on this ProcessGroup with size 2.  In lazy initialization mode, this will result in a new 2-rank NCCL communicator to be created. (function operator())
[36m(WorkerDict pid=307759)[0m [rank7]:[W911 18:41:18.718305256 ProcessGroupNCCL.cpp:4094] Warning: An unbatched P2P op (send/recv) was called on this ProcessGroup with size 2.  In lazy initialization mode, this will result in a new 2-rank NCCL communicator to be created. (function operator())
[36m(WorkerDict pid=307754)[0m [rank3]:[W911 18:41:18.713822924 ProcessGroupNCCL.cpp:4094] Warning: An unbatched P2P op (send/recv) was called on this ProcessGroup with size 2.  In lazy initialization mode, this will result in a new 2-rank NCCL communicator to be created. (function operator())
[36m(WorkerDict pid=307758)[0m [rank6]:W0911 18:41:18.704000 307758 torch/fx/_symbolic_trace.py:53] is_fx_tracing will return true for both fx.symbolic_trace and torch.export. Please use is_fx_tracing_symbolic_tracing() for specifically fx.symbolic_trace or torch.compiler.is_compiling() for specifically torch.export/compile.
[36m(WorkerDict pid=307752)[0m [rank0]:[W911 18:41:18.527420568 ProcessGroupNCCL.cpp:4094] Warning: An unbatched P2P op (send/recv) was called on this ProcessGroup with size 2.  In lazy initialization mode, this will result in a new 2-rank NCCL communicator to be created. (function operator())
[36m(WorkerDict pid=307756)[0m [rank4]:[W911 18:41:18.529785749 ProcessGroupNCCL.cpp:4094] Warning: An unbatched P2P op (send/recv) was called on this ProcessGroup with size 2.  In lazy initialization mode, this will result in a new 2-rank NCCL communicator to be created. (function operator())
[36m(WorkerDict pid=307757)[0m [rank5]:[W911 18:41:19.166081204 ProcessGroupNCCL.cpp:4094] Warning: An unbatched P2P op (send/recv) was called on this ProcessGroup with size 2.  In lazy initialization mode, this will result in a new 2-rank NCCL communicator to be created. (function operator())
[36m(WorkerDict pid=307753)[0m [rank1]:[W911 18:41:19.160619531 ProcessGroupNCCL.cpp:4094] Warning: An unbatched P2P op (send/recv) was called on this ProcessGroup with size 2.  In lazy initialization mode, this will result in a new 2-rank NCCL communicator to be created. (function operator())
[36m(WorkerDict pid=307759)[0m [rank7]:W0911 18:41:20.414000 307759 torch/fx/_symbolic_trace.py:53] is_fx_tracing will return true for both fx.symbolic_trace and torch.export. Please use is_fx_tracing_symbolic_tracing() for specifically fx.symbolic_trace or torch.compiler.is_compiling() for specifically torch.export/compile.
[36m(WorkerDict pid=307758)[0m WARNING:2026-09-11 18:41:20,573:flash-attn v4 may provide important feature support or performance improvement. Please install flash-attn v4 by 
[36m(WorkerDict pid=307758)[0m pip install flash-attn-4==4.0.0b11 nvidia-cutlass-dsl[cu13]
[36m(WorkerDict pid=307759)[0m WARNING:2026-09-11 18:41:20,589:flash-attn v4 may provide important feature support or performance improvement. Please install flash-attn v4 by 
[36m(WorkerDict pid=307759)[0m pip install flash-attn-4==4.0.0b11 nvidia-cutlass-dsl[cu13]
[36m(WorkerDict pid=307756)[0m [rank4]:W0911 18:41:21.647000 307756 torch/fx/_symbolic_trace.py:53] is_fx_tracing will return true for both fx.symbolic_trace and torch.export. Please use is_fx_tracing_symbolic_tracing() for specifically fx.symbolic_trace or torch.compiler.is_compiling() for specifically torch.export/compile.
[36m(WorkerDict pid=307757)[0m [rank5]:W0911 18:41:22.299000 307757 torch/fx/_symbolic_trace.py:53] is_fx_tracing will return true for both fx.symbolic_trace and torch.export. Please use is_fx_tracing_symbolic_tracing() for specifically fx.symbolic_trace or torch.compiler.is_compiling() for specifically torch.export/compile.
[36m(WorkerDict pid=307757)[0m WARNING:2026-09-11 18:41:22,453:flash-attn v4 may provide important feature support or performance improvement. Please install flash-attn v4 by 
[36m(WorkerDict pid=307757)[0m pip install flash-attn-4==4.0.0b11 nvidia-cutlass-dsl[cu13]
[36m(WorkerDict pid=307757)[0m /opt/Megatron-Bridge/3rdparty/Megatron-LM/megatron/core/tensor_parallel/layers.py:749: UserWarning: When using sequence parallelism it is recommended to set the environment variable CUDA_DEVICE_MAX_CONNECTIONS to 1 for maximum speedup
[36m(WorkerDict pid=307757)[0m   warnings.warn(
[36m(WorkerDict pid=307758)[0m /opt/Megatron-Bridge/3rdparty/Megatron-LM/megatron/core/tensor_parallel/layers.py:749: UserWarning: When using sequence parallelism it is recommended to set the environment variable CUDA_DEVICE_MAX_CONNECTIONS to 1 for maximum speedup
[36m(WorkerDict pid=307758)[0m   warnings.warn(
[36m(WorkerDict pid=307759)[0m /opt/Megatron-Bridge/3rdparty/Megatron-LM/megatron/core/tensor_parallel/layers.py:749: UserWarning: When using sequence parallelism it is recommended to set the environment variable CUDA_DEVICE_MAX_CONNECTIONS to 1 for maximum speedup
[36m(WorkerDict pid=307759)[0m   warnings.warn(
[36m(WorkerDict pid=307756)[0m /opt/Megatron-Bridge/3rdparty/Megatron-LM/megatron/core/tensor_parallel/layers.py:749: UserWarning: When using sequence parallelism it is recommended to set the environment variable CUDA_DEVICE_MAX_CONNECTIONS to 1 for maximum speedup
[36m(WorkerDict pid=307756)[0m   warnings.warn(
[36m(TransferQueueController pid=306657)[0m 2026-09-11 18:41:42,747 - INFO - transfer_queue.utils.perf_utils - TQ_CONTROLLER_5577b6a0: [Performance] Total success requests: 96, Total req/min: 18.97, Total avg process time: 0.0003s; 
[36m(TransferQueueController pid=306657)[0m Time range: last 5.06 minutes; 
[36m(TransferQueueController pid=306657)[0m Per-operation statistics: KV_RETRIEVE_META: req_count=28, req/min=5.53, avg_time=0.000578s, max_time=0.001842s, min_time=0.000257s; SET_CUSTOM_META: req_count=25, req/min=4.94, avg_time=0.000028s, max_time=0.000064s, min_time=0.000018s; KV_LIST: req_count=25, req/min=4.94, avg_time=0.000062s, max_time=0.000095s, min_time=0.000035s; NOTIFY_DATA_UPDATE: req_count=17, req/min=3.36, avg_time=0.000373s, max_time=0.002496s, min_time=0.000170s; CLEAR_META: req_count=1, req/min=0.20, avg_time=0.000250s, max_time=0.000250s, min_time=0.000250s
[36m(SimpleStorageUnit pid=306922)[0m 2026-09-11 18:41:53,974 - INFO - transfer_queue.utils.perf_utils - TQ_STORAGE_UNIT_c0d3381f: [Performance] Total success requests: 24, Total req/min: 4.64, Total avg process time: 0.0145s; 
[36m(SimpleStorageUnit pid=306922)[0m Time range: last 5.17 minutes; 
[36m(SimpleStorageUnit pid=306922)[0m Per-operation statistics: PUT_DATA: req_count=5, req/min=0.97, avg_time=0.012976s, max_time=0.015808s, min_time=0.009825s; CLEAR_DATA: req_count=1, req/min=0.19, avg_time=0.012563s, max_time=0.012563s, min_time=0.012563s; GET_DATA: req_count=18, req/min=3.48, avg_time=0.014984s, max_time=0.017772s, min_time=0.007199s
[36m(SimpleStorageUnit pid=306964)[0m 2026-09-11 18:41:53,974 - INFO - transfer_queue.utils.perf_utils - TQ_STORAGE_UNIT_c89d1db0: [Performance] Total success requests: 23, Total req/min: 4.45, Total avg process time: 0.0147s; 
[36m(SimpleStorageUnit pid=306964)[0m Time range: last 5.17 minutes; 
[36m(SimpleStorageUnit pid=306964)[0m Per-operation statistics: PUT_DATA: req_count=5, req/min=0.97, avg_time=0.013625s, max_time=0.015331s, min_time=0.010410s; GET_DATA: req_count=18, req/min=3.48, avg_time=0.014965s, max_time=0.017633s, min_time=0.010068s
[36m(SimpleStorageUnit pid=306963)[0m 2026-09-11 18:41:53,973 - INFO - transfer_queue.utils.perf_utils - TQ_STORAGE_UNIT_18fa27a3: [Performance] Total success requests: 23, Total req/min: 4.45, Total avg process time: 0.0139s; 
[36m(SimpleStorageUnit pid=306963)[0m Time range: last 5.17 minutes; 
[36m(SimpleStorageUnit pid=306963)[0m Per-operation statistics: PUT_DATA: req_count=5, req/min=0.97, avg_time=0.014004s, max_time=0.015174s, min_time=0.012109s; GET_DATA: req_count=18, req/min=3.48, avg_time=0.013847s, max_time=0.016152s, min_time=0.010580s
[36m(SimpleStorageUnit pid=306960)[0m 2026-09-11 18:41:53,975 - INFO - transfer_queue.utils.perf_utils - TQ_STORAGE_UNIT_20065b9f: [Performance] Total success requests: 24, Total req/min: 4.64, Total avg process time: 0.0141s; 
[36m(SimpleStorageUnit pid=306960)[0m Time range: last 5.17 minutes; 
[36m(SimpleStorageUnit pid=306960)[0m Per-operation statistics: PUT_DATA: req_count=5, req/min=0.97, avg_time=0.013160s, max_time=0.015206s, min_time=0.011013s; CLEAR_DATA: req_count=1, req/min=0.19, avg_time=0.012354s, max_time=0.012354s, min_time=0.012354s; GET_DATA: req_count=18, req/min=3.48, avg_time=0.014509s, max_time=0.018135s, min_time=0.007345s
[36m(SimpleStorageUnit pid=306961)[0m 2026-09-11 18:41:53,978 - INFO - transfer_queue.utils.perf_utils - TQ_STORAGE_UNIT_04fd0de2: [Performance] Total success requests: 24, Total req/min: 4.64, Total avg process time: 0.0143s; 
[36m(SimpleStorageUnit pid=306961)[0m Time range: last 5.17 minutes; 
[36m(SimpleStorageUnit pid=306961)[0m Per-operation statistics: PUT_DATA: req_count=5, req/min=0.97, avg_time=0.013055s, max_time=0.015027s, min_time=0.009177s; CLEAR_DATA: req_count=1, req/min=0.19, avg_time=0.012387s, max_time=0.012387s, min_time=0.012387s; GET_DATA: req_count=18, req/min=3.48, avg_time=0.014799s, max_time=0.017569s, min_time=0.009161s
[36m(SimpleStorageUnit pid=306962)[0m 2026-09-11 18:41:53,971 - INFO - transfer_queue.utils.perf_utils - TQ_STORAGE_UNIT_9ee923d4: [Performance] Total success requests: 23, Total req/min: 4.45, Total avg process time: 0.0140s; 
[36m(SimpleStorageUnit pid=306962)[0m Time range: last 5.17 minutes; 
[36m(SimpleStorageUnit pid=306962)[0m Per-operation statistics: PUT_DATA: req_count=5, req/min=0.97, avg_time=0.013351s, max_time=0.014310s, min_time=0.011266s; GET_DATA: req_count=18, req/min=3.48, avg_time=0.014161s, max_time=0.016105s, min_time=0.009641s
[36m(SimpleStorageUnit pid=306951)[0m 2026-09-11 18:41:53,975 - INFO - transfer_queue.utils.perf_utils - TQ_STORAGE_UNIT_39cd27f4: [Performance] Total success requests: 24, Total req/min: 4.64, Total avg process time: 0.0139s; 
[36m(SimpleStorageUnit pid=306951)[0m Time range: last 5.17 minutes; 
[36m(SimpleStorageUnit pid=306951)[0m Per-operation statistics: PUT_DATA: req_count=5, req/min=0.97, avg_time=0.012758s, max_time=0.015433s, min_time=0.008758s; CLEAR_DATA: req_count=1, req/min=0.19, avg_time=0.012498s, max_time=0.012498s, min_time=0.012498s; GET_DATA: req_count=18, req/min=3.48, avg_time=0.014348s, max_time=0.016567s, min_time=0.009418s
[36m(SimpleStorageUnit pid=306965)[0m 2026-09-11 18:41:53,976 - INFO - transfer_queue.utils.perf_utils - TQ_STORAGE_UNIT_08502076: [Performance] Total success requests: 23, Total req/min: 4.45, Total avg process time: 0.0138s; 
[36m(SimpleStorageUnit pid=306965)[0m Time range: last 5.17 minutes; 
[36m(SimpleStorageUnit pid=306965)[0m Per-operation statistics: PUT_DATA: req_count=5, req/min=0.97, avg_time=0.014270s, max_time=0.016240s, min_time=0.011305s; GET_DATA: req_count=18, req/min=3.48, avg_time=0.013645s, max_time=0.015944s, min_time=0.010723s
[36m(WorkerDict pid=307757)[0m /opt/dev/lib/python3.12/site-packages/torch/autograd/graph.py:869: UserWarning: c10d::broadcast_: an autograd kernel was not registered to the Autograd key(s) but we are trying to backprop through it. This may lead to silently incorrect behavior. This behavior is deprecated and will be removed in a future version of PyTorch. If your operator is differentiable, please ensure you have registered an autograd kernel to the correct Autograd key (e.g. DispatchKey::Autograd, DispatchKey::CompositeImplicitAutograd). If your operator is not differentiable, or to squash this warning and use the previous behavior, please register torch::CppFunction::makeFallthrough() to DispatchKey::Autograd. (Triggered internally at /pytorch/torch/csrc/autograd/autograd_not_implemented_fallback.cpp:76.)
[36m(WorkerDict pid=307757)[0m   return Variable._execution_engine.run_backward(  # Calls into the C++ engine to run the backward pass
[36m(WorkerDict pid=307758)[0m /opt/dev/lib/python3.12/site-packages/torch/autograd/graph.py:869: UserWarning: c10d::broadcast_: an autograd kernel was not registered to the Autograd key(s) but we are trying to backprop through it. This may lead to silently incorrect behavior. This behavior is deprecated and will be removed in a future version of PyTorch. If your operator is differentiable, please ensure you have registered an autograd kernel to the correct Autograd key (e.g. DispatchKey::Autograd, DispatchKey::CompositeImplicitAutograd). If your operator is not differentiable, or to squash this warning and use the previous behavior, please register torch::CppFunction::makeFallthrough() to DispatchKey::Autograd. (Triggered internally at /pytorch/torch/csrc/autograd/autograd_not_implemented_fallback.cpp:76.)
[36m(WorkerDict pid=307758)[0m   return Variable._execution_engine.run_backward(  # Calls into the C++ engine to run the backward pass
[36m(WorkerDict pid=307759)[0m /opt/dev/lib/python3.12/site-packages/torch/autograd/graph.py:869: UserWarning: c10d::broadcast_: an autograd kernel was not registered to the Autograd key(s) but we are trying to backprop through it. This may lead to silently incorrect behavior. This behavior is deprecated and will be removed in a future version of PyTorch. If your operator is differentiable, please ensure you have registered an autograd kernel to the correct Autograd key (e.g. DispatchKey::Autograd, DispatchKey::CompositeImplicitAutograd). If your operator is not differentiable, or to squash this warning and use the previous behavior, please register torch::CppFunction::makeFallthrough() to DispatchKey::Autograd. (Triggered internally at /pytorch/torch/csrc/autograd/autograd_not_implemented_fallback.cpp:76.)
[36m(WorkerDict pid=307759)[0m   return Variable._execution_engine.run_backward(  # Calls into the C++ engine to run the backward pass
[36m(WorkerDict pid=307756)[0m /opt/dev/lib/python3.12/site-packages/torch/autograd/graph.py:869: UserWarning: c10d::broadcast_: an autograd kernel was not registered to the Autograd key(s) but we are trying to backprop through it. This may lead to silently incorrect behavior. This behavior is deprecated and will be removed in a future version of PyTorch. If your operator is differentiable, please ensure you have registered an autograd kernel to the correct Autograd key (e.g. DispatchKey::Autograd, DispatchKey::CompositeImplicitAutograd). If your operator is not differentiable, or to squash this warning and use the previous behavior, please register torch::CppFunction::makeFallthrough() to DispatchKey::Autograd. (Triggered internally at /pytorch/torch/csrc/autograd/autograd_not_implemented_fallback.cpp:76.)
[36m(WorkerDict pid=307756)[0m   return Variable._execution_engine.run_backward(  # Calls into the C++ engine to run the backward pass
[36m(WorkerDict pid=307757)[0m /opt/Megatron-Bridge/3rdparty/Megatron-LM/megatron/core/pipeline_parallel/schedules.py:211: UserWarning: The AccumulateGrad node's stream does not match the stream of the node that produced the incoming gradient. This may incur unnecessary synchronization and break CUDA graph capture if the AccumulateGrad node's stream is the default stream. This mismatch is caused by an AccumulateGrad node created prior to the current iteration being kept alive. This can happen if the autograd graph is still being kept alive by tensors such as the loss, or if you are using DDP, which will stash a reference to the node. To resolve the mismatch, delete all references to the autograd graph or ensure that DDP initialization is performed under the same stream as subsequent forwards. If the mismatch is intentional, you can use torch.autograd.graph.set_warn_on_accumulate_grad_stream_mismatch(False) to suppress this warning. (Triggered internally at /pytorch/torch/csrc/autograd/input_buffer.cpp:240.)
[36m(WorkerDict pid=307757)[0m   Variable._execution_engine.run_backward(
[36m(WorkerDict pid=307757)[0m /opt/Megatron-Bridge/3rdparty/Megatron-LM/megatron/core/pipeline_parallel/schedules.py:211: UserWarning: c10d::broadcast_: an autograd kernel was not registered to the Autograd key(s) but we are trying to backprop through it. This may lead to silently incorrect behavior. This behavior is deprecated and will be removed in a future version of PyTorch. If your operator is differentiable, please ensure you have registered an autograd kernel to the correct Autograd key (e.g. DispatchKey::Autograd, DispatchKey::CompositeImplicitAutograd). If your operator is not differentiable, or to squash this warning and use the previous behavior, please register torch::CppFunction::makeFallthrough() to DispatchKey::Autograd. (Triggered internally at /pytorch/torch/csrc/autograd/autograd_not_implemented_fallback.cpp:76.)
[36m(WorkerDict pid=307757)[0m   Variable._execution_engine.run_backward(
[36m(WorkerDict pid=307758)[0m /opt/Megatron-Bridge/3rdparty/Megatron-LM/megatron/core/pipeline_parallel/schedules.py:211: UserWarning: The AccumulateGrad node's stream does not match the stream of the node that produced the incoming gradient. This may incur unnecessary synchronization and break CUDA graph capture if the AccumulateGrad node's stream is the default stream. This mismatch is caused by an AccumulateGrad node created prior to the current iteration being kept alive. This can happen if the autograd graph is still being kept alive by tensors such as the loss, or if you are using DDP, which will stash a reference to the node. To resolve the mismatch, delete all references to the autograd graph or ensure that DDP initialization is performed under the same stream as subsequent forwards. If the mismatch is intentional, you can use torch.autograd.graph.set_warn_on_accumulate_grad_stream_mismatch(False) to suppress this warning. (Triggered internally at /pytorch/torch/csrc/autograd/input_buffer.cpp:240.)
[36m(WorkerDict pid=307758)[0m   Variable._execution_engine.run_backward(
[36m(WorkerDict pid=307758)[0m /opt/Megatron-Bridge/3rdparty/Megatron-LM/megatron/core/pipeline_parallel/schedules.py:211: UserWarning: c10d::broadcast_: an autograd kernel was not registered to the Autograd key(s) but we are trying to backprop through it. This may lead to silently incorrect behavior. This behavior is deprecated and will be removed in a future version of PyTorch. If your operator is differentiable, please ensure you have registered an autograd kernel to the correct Autograd key (e.g. DispatchKey::Autograd, DispatchKey::CompositeImplicitAutograd). If your operator is not differentiable, or to squash this warning and use the previous behavior, please register torch::CppFunction::makeFallthrough() to DispatchKey::Autograd. (Triggered internally at /pytorch/torch/csrc/autograd/autograd_not_implemented_fallback.cpp:76.)
[36m(WorkerDict pid=307758)[0m   Variable._execution_engine.run_backward(
[36m(WorkerDict pid=307759)[0m /opt/Megatron-Bridge/3rdparty/Megatron-LM/megatron/core/pipeline_parallel/schedules.py:211: UserWarning: The AccumulateGrad node's stream does not match the stream of the node that produced the incoming gradient. This may incur unnecessary synchronization and break CUDA graph capture if the AccumulateGrad node's stream is the default stream. This mismatch is caused by an AccumulateGrad node created prior to the current iteration being kept alive. This can happen if the autograd graph is still being kept alive by tensors such as the loss, or if you are using DDP, which will stash a reference to the node. To resolve the mismatch, delete all references to the autograd graph or ensure that DDP initialization is performed under the same stream as subsequent forwards. If the mismatch is intentional, you can use torch.autograd.graph.set_warn_on_accumulate_grad_stream_mismatch(False) to suppress this warning. (Triggered internally at /pytorch/torch/csrc/autograd/input_buffer.cpp:240.)
[36m(WorkerDict pid=307759)[0m   Variable._execution_engine.run_backward(
[36m(WorkerDict pid=307759)[0m /opt/Megatron-Bridge/3rdparty/Megatron-LM/megatron/core/pipeline_parallel/schedules.py:211: UserWarning: c10d::broadcast_: an autograd kernel was not registered to the Autograd key(s) but we are trying to backprop through it. This may lead to silently incorrect behavior. This behavior is deprecated and will be removed in a future version of PyTorch. If your operator is differentiable, please ensure you have registered an autograd kernel to the correct Autograd key (e.g. DispatchKey::Autograd, DispatchKey::CompositeImplicitAutograd). If your operator is not differentiable, or to squash this warning and use the previous behavior, please register torch::CppFunction::makeFallthrough() to DispatchKey::Autograd. (Triggered internally at /pytorch/torch/csrc/autograd/autograd_not_implemented_fallback.cpp:76.)
[36m(WorkerDict pid=307759)[0m   Variable._execution_engine.run_backward(
[36m(WorkerDict pid=307756)[0m /opt/Megatron-Bridge/3rdparty/Megatron-LM/megatron/core/pipeline_parallel/schedules.py:211: UserWarning: The AccumulateGrad node's stream does not match the stream of the node that produced the incoming gradient. This may incur unnecessary synchronization and break CUDA graph capture if the AccumulateGrad node's stream is the default stream. This mismatch is caused by an AccumulateGrad node created prior to the current iteration being kept alive. This can happen if the autograd graph is still being kept alive by tensors such as the loss, or if you are using DDP, which will stash a reference to the node. To resolve the mismatch, delete all references to the autograd graph or ensure that DDP initialization is performed under the same stream as subsequent forwards. If the mismatch is intentional, you can use torch.autograd.graph.set_warn_on_accumulate_grad_stream_mismatch(False) to suppress this warning. (Triggered internally at /pytorch/torch/csrc/autograd/input_buffer.cpp:240.)
[36m(WorkerDict pid=307756)[0m   Variable._execution_engine.run_backward(
[36m(WorkerDict pid=307756)[0m /opt/Megatron-Bridge/3rdparty/Megatron-LM/megatron/core/pipeline_parallel/schedules.py:211: UserWarning: c10d::broadcast_: an autograd kernel was not registered to the Autograd key(s) but we are trying to backprop through it. This may lead to silently incorrect behavior. This behavior is deprecated and will be removed in a future version of PyTorch. If your operator is differentiable, please ensure you have registered an autograd kernel to the correct Autograd key (e.g. DispatchKey::Autograd, DispatchKey::CompositeImplicitAutograd). If your operator is not differentiable, or to squash this warning and use the previous behavior, please register torch::CppFunction::makeFallthrough() to DispatchKey::Autograd. (Triggered internally at /pytorch/torch/csrc/autograd/autograd_not_implemented_fallback.cpp:76.)
[36m(WorkerDict pid=307756)[0m   Variable._execution_engine.run_backward(
[36m(WorkerDict pid=307758)[0m [rank6]:[W911 18:42:01.744552501 ProcessGroupNCCL.cpp:4094] Warning: An unbatched P2P op (send/recv) was called on this ProcessGroup with size 8.  In lazy initialization mode, this will result in a new 2-rank NCCL communicator to be created. (function operator())
[36m(WorkerDict pid=307755)[0m [rank2]:[W911 18:42:01.745322991 ProcessGroupNCCL.cpp:4094] Warning: An unbatched P2P op (send/recv) was called on this ProcessGroup with size 8.  In lazy initialization mode, this will result in a new 2-rank NCCL communicator to be created. (function operator())
[36m(WorkerDict pid=307759)[0m [rank7]:[W911 18:42:02.342626395 ProcessGroupNCCL.cpp:4094] Warning: An unbatched P2P op (send/recv) was called on this ProcessGroup with size 8.  In lazy initialization mode, this will result in a new 2-rank NCCL communicator to be created. (function operator())
[36m(WorkerDict pid=307754)[0m [rank3]:[W911 18:42:02.342810685 ProcessGroupNCCL.cpp:4094] Warning: An unbatched P2P op (send/recv) was called on this ProcessGroup with size 8.  In lazy initialization mode, this will result in a new 2-rank NCCL communicator to be created. (function operator())
[36m(WorkerDict pid=307752)[0m [rank0]:[W911 18:42:03.161975811 ProcessGroupNCCL.cpp:4094] Warning: An unbatched P2P op (send/recv) was called on this ProcessGroup with size 8.  In lazy initialization mode, this will result in a new 2-rank NCCL communicator to be created. (function operator())
[36m(WorkerDict pid=307756)[0m [rank4]:[W911 18:42:03.161989691 ProcessGroupNCCL.cpp:4094] Warning: An unbatched P2P op (send/recv) was called on this ProcessGroup with size 8.  In lazy initialization mode, this will result in a new 2-rank NCCL communicator to be created. (function operator())
[36m(WorkerDict pid=307757)[0m [rank5]:[W911 18:42:04.711299137 ProcessGroupNCCL.cpp:4094] Warning: An unbatched P2P op (send/recv) was called on this ProcessGroup with size 8.  In lazy initialization mode, this will result in a new 2-rank NCCL communicator to be created. (function operator())
[36m(WorkerDict pid=307753)[0m [rank1]:[W911 18:42:04.711556937 ProcessGroupNCCL.cpp:4094] Warning: An unbatched P2P op (send/recv) was called on this ProcessGroup with size 8.  In lazy initialization mode, this will result in a new 2-rank NCCL communicator to be created. (function operator())
[36m(WorkerDict pid=307752)[0m /opt/dev/lib/python3.12/site-packages/torch/autograd/graph.py:869: UserWarning: The AccumulateGrad node's stream does not match the stream of the node that produced the incoming gradient. This may incur unnecessary synchronization and break CUDA graph capture if the AccumulateGrad node's stream is the default stream. This mismatch is caused by an AccumulateGrad node created prior to the current iteration being kept alive. This can happen if the autograd graph is still being kept alive by tensors such as the loss, or if you are using DDP, which will stash a reference to the node. To resolve the mismatch, delete all references to the autograd graph or ensure that DDP initialization is performed under the same stream as subsequent forwards. If the mismatch is intentional, you can use torch.autograd.graph.set_warn_on_accumulate_grad_stream_mismatch(False) to suppress this warning. (Triggered internally at /pytorch/torch/csrc/autograd/input_buffer.cpp:240.)
[36m(WorkerDict pid=307752)[0m   return Variable._execution_engine.run_backward(  # Calls into the C++ engine to run the backward pass
[36m(WorkerDict pid=307752)[0m /opt/dev/lib/python3.12/site-packages/torch/autograd/graph.py:869: UserWarning: c10d::broadcast_: an autograd kernel was not registered to the Autograd key(s) but we are trying to backprop through it. This may lead to silently incorrect behavior. This behavior is deprecated and will be removed in a future version of PyTorch. If your operator is differentiable, please ensure you have registered an autograd kernel to the correct Autograd key (e.g. DispatchKey::Autograd, DispatchKey::CompositeImplicitAutograd). If your operator is not differentiable, or to squash this warning and use the previous behavior, please register torch::CppFunction::makeFallthrough() to DispatchKey::Autograd. (Triggered internally at /pytorch/torch/csrc/autograd/autograd_not_implemented_fallback.cpp:76.)
[36m(WorkerDict pid=307752)[0m   return Variable._execution_engine.run_backward(  # Calls into the C++ engine to run the backward pass
[36m(WorkerDict pid=307753)[0m /opt/dev/lib/python3.12/site-packages/torch/autograd/graph.py:869: UserWarning: The AccumulateGrad node's stream does not match the stream of the node that produced the incoming gradient. This may incur unnecessary synchronization and break CUDA graph capture if the AccumulateGrad node's stream is the default stream. This mismatch is caused by an AccumulateGrad node created prior to the current iteration being kept alive. This can happen if the autograd graph is still being kept alive by tensors such as the loss, or if you are using DDP, which will stash a reference to the node. To resolve the mismatch, delete all references to the autograd graph or ensure that DDP initialization is performed under the same stream as subsequent forwards. If the mismatch is intentional, you can use torch.autograd.graph.set_warn_on_accumulate_grad_stream_mismatch(False) to suppress this warning. (Triggered internally at /pytorch/torch/csrc/autograd/input_buffer.cpp:240.)
[36m(WorkerDict pid=307753)[0m   return Variable._execution_engine.run_backward(  # Calls into the C++ engine to run the backward pass
[36m(WorkerDict pid=307753)[0m /opt/dev/lib/python3.12/site-packages/torch/autograd/graph.py:869: UserWarning: c10d::broadcast_: an autograd kernel was not registered to the Autograd key(s) but we are trying to backprop through it. This may lead to silently incorrect behavior. This behavior is deprecated and will be removed in a future version of PyTorch. If your operator is differentiable, please ensure you have registered an autograd kernel to the correct Autograd key (e.g. DispatchKey::Autograd, DispatchKey::CompositeImplicitAutograd). If your operator is not differentiable, or to squash this warning and use the previous behavior, please register torch::CppFunction::makeFallthrough() to DispatchKey::Autograd. (Triggered internally at /pytorch/torch/csrc/autograd/autograd_not_implemented_fallback.cpp:76.)
[36m(WorkerDict pid=307753)[0m   return Variable._execution_engine.run_backward(  # Calls into the C++ engine to run the backward pass
[36m(WorkerDict pid=307755)[0m /opt/dev/lib/python3.12/site-packages/torch/autograd/graph.py:869: UserWarning: The AccumulateGrad node's stream does not match the stream of the node that produced the incoming gradient. This may incur unnecessary synchronization and break CUDA graph capture if the AccumulateGrad node's stream is the default stream. This mismatch is caused by an AccumulateGrad node created prior to the current iteration being kept alive. This can happen if the autograd graph is still being kept alive by tensors such as the loss, or if you are using DDP, which will stash a reference to the node. To resolve the mismatch, delete all references to the autograd graph or ensure that DDP initialization is performed under the same stream as subsequent forwards. If the mismatch is intentional, you can use torch.autograd.graph.set_warn_on_accumulate_grad_stream_mismatch(False) to suppress this warning. (Triggered internally at /pytorch/torch/csrc/autograd/input_buffer.cpp:240.)
[36m(WorkerDict pid=307755)[0m   return Variable._execution_engine.run_backward(  # Calls into the C++ engine to run the backward pass
[36m(WorkerDict pid=307755)[0m /opt/dev/lib/python3.12/site-packages/torch/autograd/graph.py:869: UserWarning: c10d::broadcast_: an autograd kernel was not registered to the Autograd key(s) but we are trying to backprop through it. This may lead to silently incorrect behavior. This behavior is deprecated and will be removed in a future version of PyTorch. If your operator is differentiable, please ensure you have registered an autograd kernel to the correct Autograd key (e.g. DispatchKey::Autograd, DispatchKey::CompositeImplicitAutograd). If your operator is not differentiable, or to squash this warning and use the previous behavior, please register torch::CppFunction::makeFallthrough() to DispatchKey::Autograd. (Triggered internally at /pytorch/torch/csrc/autograd/autograd_not_implemented_fallback.cpp:76.)
[36m(WorkerDict pid=307755)[0m   return Variable._execution_engine.run_backward(  # Calls into the C++ engine to run the backward pass
[36m(WorkerDict pid=307754)[0m /opt/dev/lib/python3.12/site-packages/torch/autograd/graph.py:869: UserWarning: The AccumulateGrad node's stream does not match the stream of the node that produced the incoming gradient. This may incur unnecessary synchronization and break CUDA graph capture if the AccumulateGrad node's stream is the default stream. This mismatch is caused by an AccumulateGrad node created prior to the current iteration being kept alive. This can happen if the autograd graph is still being kept alive by tensors such as the loss, or if you are using DDP, which will stash a reference to the node. To resolve the mismatch, delete all references to the autograd graph or ensure that DDP initialization is performed under the same stream as subsequent forwards. If the mismatch is intentional, you can use torch.autograd.graph.set_warn_on_accumulate_grad_stream_mismatch(False) to suppress this warning. (Triggered internally at /pytorch/torch/csrc/autograd/input_buffer.cpp:240.)
[36m(WorkerDict pid=307754)[0m   return Variable._execution_engine.run_backward(  # Calls into the C++ engine to run the backward pass
[36m(WorkerDict pid=307754)[0m /opt/dev/lib/python3.12/site-packages/torch/autograd/graph.py:869: UserWarning: c10d::broadcast_: an autograd kernel was not registered to the Autograd key(s) but we are trying to backprop through it. This may lead to silently incorrect behavior. This behavior is deprecated and will be removed in a future version of PyTorch. If your operator is differentiable, please ensure you have registered an autograd kernel to the correct Autograd key (e.g. DispatchKey::Autograd, DispatchKey::CompositeImplicitAutograd). If your operator is not differentiable, or to squash this warning and use the previous behavior, please register torch::CppFunction::makeFallthrough() to DispatchKey::Autograd. (Triggered internally at /pytorch/torch/csrc/autograd/autograd_not_implemented_fallback.cpp:76.)
[36m(WorkerDict pid=307754)[0m   return Variable._execution_engine.run_backward(  # Calls into the C++ engine to run the backward pass
[36m(WorkerDict pid=307752)[0m /opt/Megatron-Bridge/3rdparty/Megatron-LM/megatron/core/pipeline_parallel/schedules.py:211: UserWarning: c10d::broadcast_: an autograd kernel was not registered to the Autograd key(s) but we are trying to backprop through it. This may lead to silently incorrect behavior. This behavior is deprecated and will be removed in a future version of PyTorch. If your operator is differentiable, please ensure you have registered an autograd kernel to the correct Autograd key (e.g. DispatchKey::Autograd, DispatchKey::CompositeImplicitAutograd). If your operator is not differentiable, or to squash this warning and use the previous behavior, please register torch::CppFunction::makeFallthrough() to DispatchKey::Autograd. (Triggered internally at /pytorch/torch/csrc/autograd/autograd_not_implemented_fallback.cpp:76.)
[36m(WorkerDict pid=307752)[0m   Variable._execution_engine.run_backward(
[36m(WorkerDict pid=307753)[0m /opt/Megatron-Bridge/3rdparty/Megatron-LM/megatron/core/pipeline_parallel/schedules.py:211: UserWarning: c10d::broadcast_: an autograd kernel was not registered to the Autograd key(s) but we are trying to backprop through it. This may lead to silently incorrect behavior. This behavior is deprecated and will be removed in a future version of PyTorch. If your operator is differentiable, please ensure you have registered an autograd kernel to the correct Autograd key (e.g. DispatchKey::Autograd, DispatchKey::CompositeImplicitAutograd). If your operator is not differentiable, or to squash this warning and use the previous behavior, please register torch::CppFunction::makeFallthrough() to DispatchKey::Autograd. (Triggered internally at /pytorch/torch/csrc/autograd/autograd_not_implemented_fallback.cpp:76.)
[36m(WorkerDict pid=307753)[0m   Variable._execution_engine.run_backward(
[36m(WorkerDict pid=307755)[0m /opt/Megatron-Bridge/3rdparty/Megatron-LM/megatron/core/pipeline_parallel/schedules.py:211: UserWarning: c10d::broadcast_: an autograd kernel was not registered to the Autograd key(s) but we are trying to backprop through it. This may lead to silently incorrect behavior. This behavior is deprecated and will be removed in a future version of PyTorch. If your operator is differentiable, please ensure you have registered an autograd kernel to the correct Autograd key (e.g. DispatchKey::Autograd, DispatchKey::CompositeImplicitAutograd). If your operator is not differentiable, or to squash this warning and use the previous behavior, please register torch::CppFunction::makeFallthrough() to DispatchKey::Autograd. (Triggered internally at /pytorch/torch/csrc/autograd/autograd_not_implemented_fallback.cpp:76.)
[36m(WorkerDict pid=307755)[0m   Variable._execution_engine.run_backward(
[36m(WorkerDict pid=307754)[0m /opt/Megatron-Bridge/3rdparty/Megatron-LM/megatron/core/pipeline_parallel/schedules.py:211: UserWarning: c10d::broadcast_: an autograd kernel was not registered to the Autograd key(s) but we are trying to backprop through it. This may lead to silently incorrect behavior. This behavior is deprecated and will be removed in a future version of PyTorch. If your operator is differentiable, please ensure you have registered an autograd kernel to the correct Autograd key (e.g. DispatchKey::Autograd, DispatchKey::CompositeImplicitAutograd). If your operator is not differentiable, or to squash this warning and use the previous behavior, please register torch::CppFunction::makeFallthrough() to DispatchKey::Autograd. (Triggered internally at /pytorch/torch/csrc/autograd/autograd_not_implemented_fallback.cpp:76.)
[36m(WorkerDict pid=307754)[0m   Variable._execution_engine.run_backward(
[36m(WorkerDict pid=307758)[0m /home/p00938733/verl-090/verl/plugin/platform/platform_cuda.py:99: FutureWarning: torch.cuda._set_allocator_settings is deprecated. Use torch._C._accelerator_setAllocatorSettings instead.
[36m(WorkerDict pid=307758)[0m   torch.cuda.memory._set_allocator_settings(settings)
[36m(WorkerDict pid=307755)[0m /home/p00938733/verl-090/verl/plugin/platform/platform_cuda.py:99: FutureWarning: torch.cuda._set_allocator_settings is deprecated. Use torch._C._accelerator_setAllocatorSettings instead.
[36m(WorkerDict pid=307755)[0m   torch.cuda.memory._set_allocator_settings(settings)
[36m(WorkerDict pid=307759)[0m /home/p00938733/verl-090/verl/plugin/platform/platform_cuda.py:99: FutureWarning: torch.cuda._set_allocator_settings is deprecated. Use torch._C._accelerator_setAllocatorSettings instead.
[36m(WorkerDict pid=307759)[0m   torch.cuda.memory._set_allocator_settings(settings)
[36m(WorkerDict pid=307754)[0m /home/p00938733/verl-090/verl/plugin/platform/platform_cuda.py:99: FutureWarning: torch.cuda._set_allocator_settings is deprecated. Use torch._C._accelerator_setAllocatorSettings instead.
[36m(WorkerDict pid=307754)[0m   torch.cuda.memory._set_allocator_settings(settings)
[36m(vLLMHttpServer pid=311309)[0m (EngineCore pid=311907) WARNING 09-11 18:42:57 [scheduler.py:1948] reset_connector called but no KV connector is configured.
[36m(vLLMHttpServer pid=311308)[0m (EngineCore pid=311929) WARNING 09-11 18:42:57 [scheduler.py:1948] reset_connector called but no KV connector is configured.
[36m(WorkerDict pid=307752)[0m Converting to HuggingFace ━━━━━━━━━━━━━━━━━━━━━━━━━━━━━━━━━━━━━━━━ 100% 0:00:00 (291/291) Qwen3Bridge
[36m(vLLMHttpServer pid=311309)[0m (EngineCore pid=311907) WARNING 09-11 18:42:58 [scheduler.py:1948] reset_connector called but no KV connector is configured.
[36m(vLLMHttpServer pid=311308)[0m (EngineCore pid=311929) WARNING 09-11 18:42:58 [scheduler.py:1948] reset_connector called but no KV connector is configured.
[36m(vLLMHttpServer pid=311309)[0m (EngineCore pid=311907) WARNING 09-11 18:43:00 [scheduler.py:1948] reset_connector called but no KV connector is configured.
[36m(vLLMHttpServer pid=311308)[0m (EngineCore pid=311929) WARNING 09-11 18:43:01 [scheduler.py:1948] reset_connector called but no KV connector is configured.
[36m(TaskRunnerV1 pid=305803)[0m Training Progress:   8%|▊         | 1/12 [03:05<34:01, 185.63s/it]
[36m(TaskRunnerV1 pid=305803)[0m step:1 - global_seqlen/min:323496.0 - global_seqlen/max:323496.0 - global_seqlen/minmax_diff:0.0 - global_seqlen/balanced_min:323496.0 - global_seqlen/balanced_max:323496.0 - global_seqlen/mean:323496.0 - actor/entropy:0.012467524036765099 - training/rollout_probs_diff_valid:1.0 - training/rollout_probs_diff_max:0.21592533588409424 - training/rollout_probs_diff_mean:0.000543227419257164 - training/rollout_probs_diff_std:0.004255292937159538 - training/rollout_actor_probs_pearson_corr:0.9972115159034729 - rollout_corr/training_ppl:1.0103657245635986 - rollout_corr/training_log_ppl:0.010301880538463593 - rollout_corr/kl:0.0005778592312708497 - rollout_corr/k3_kl:4.203469870844856e-05 - rollout_corr/rollout_ppl:1.0097808837890625 - rollout_corr/rollout_log_ppl:0.009724021889269352 - rollout_corr/log_ppl_diff:0.0005778587074019015 - rollout_corr/log_ppl_abs_diff:0.0005778587074019015 - rollout_corr/log_ppl_diff_max:0.0011634193360805511 - rollout_corr/log_ppl_diff_min:0.0001195340882986784 - rollout_corr/ppl_ratio:1.0005779266357422 - rollout_corr/chi2_token:-0.0009891986846923828 - rollout_corr/chi2_seq:-0.9522222280502319 - actor/pg_clipfrac:0.0 - actor/ppo_kl:0.0 - actor/pg_clipfrac_lower:0.0 - actor/pg_loss:-1.1851079761981964e-06 - actor/entropy_loss:0.012467523949453607 - actor/kl_loss:0.0 - actor/kl_coef:0.001 - actor/loss:-1.3634562492370605e-05 - actor/grad_norm:0.850976999849081 - actor/perf/max_memory_allocated_gb:33.360167026519775 - actor/perf/max_memory_reserved_gb:34.9296875 - actor/perf/cpu_memory_used_gb:194.79487705230713 - actor/lr:0.0 - perf/mfu/actor:0.2537848638366953 - training/global_step:1 - training/epoch:0 - critic/score/mean:0.9760554432868958 - critic/score/max:0.9964495301246643 - critic/score/min:0.9512836337089539 - critic/rewards/mean:0.9760554432868958 - critic/rewards/max:0.9964495301246643 - critic/rewards/min:0.9512836337089539 - critic/advantages/mean:1.2060627341270447e-06 - critic/advantages/max:1.3888435363769531 - critic/advantages/min:-1.466568946838379 - critic/returns/mean:1.2060627341270447e-06 - critic/returns/max:1.3888435363769531 - critic/returns/min:-1.466568946838379 - response_length/mean:4096.0 - response_length/max:4096.0 - response_length/min:4096.0 - response_length/clip_ratio:1.0 - response_length_non_aborted/mean:4096.0 - response_length_non_aborted/max:4096.0 - response_length_non_aborted/min:4096.0 - response_length_non_aborted/clip_ratio:1.0 - response/aborted_ratio:0.0 - prompt_length/mean:16122.5 - prompt_length/max:16267.0 - prompt_length/min:15689.0 - prompt_length/clip_ratio:0.75 - timing_s/gen:49.690404713037424 - timing_s/old_log_prob:31.612749981926754 - timing_s/ref:11.2074031799566 - timing_s/adv:0.1068153380183503 - timing_s/update_actor:61.241645916947164 - timing_s/update_weights:5.60927087708842 - timing_s/step:185.53702526097186 - timing_per_token_ms/ref:0.03464464222109887 - timing_per_token_ms/gen:0.7582154039464939 - timing_per_token_ms/update_actor:0.18931191086426777 - timing_per_token_ms/adv:0.0003301905990131263 - perf/total_num_tokens:323496 - perf/time_per_step:185.53702526097186 - perf/throughput:217.94571699703766 - training/num_turns/mean:np.float64(2.0) - training/num_turns/max:np.int64(2) - training/num_turns/min:np.int64(2) - training/off_policy/trajectory_spans/mean:np.float64(1.0) - training/off_policy/trajectory_spans/max:np.int64(1) - training/off_policy/trajectory_spans/min:np.int64(1) - training/off_policy/trajectory_staleness/mean:np.float64(0.0) - training/off_policy/trajectory_staleness/max:np.int64(0) - training/off_policy/trajectory_staleness/min:np.int64(0) - training/off_policy/trajectory_staleness_worst/mean:np.float64(0.0) - training/off_policy/trajectory_staleness_worst/max:np.int64(0) - training/off_policy/trajectory_staleness_worst/min:np.int64(0)
[36m(TaskRunnerV1 pid=305803)[0m [RolloutTqSkip()] [33mNo cached data found for step 2. The trainer will generate and dump the data.[0m
[36m(TaskRunnerV1 pid=305803)[0m [RolloutTqSkip()] [33mDump TQ batch at step 2 (16 trajectories) to /home/p00938733/rlmh-cache/16k4k-recompute-20260911-183559/rlmh_combinations_a100_rlmh_combinations_a100/GBS4_N4_in16640_out4096/2/0[0m
[36m(vLLMHttpServer pid=311308)[0m (EngineCore pid=311929) WARNING 09-11 18:44:34 [scheduler.py:1948] reset_connector called but no KV connector is configured.
[36m(vLLMHttpServer pid=311309)[0m (EngineCore pid=311907) WARNING 09-11 18:44:34 [scheduler.py:1948] reset_connector called but no KV connector is configured.
[36m(WorkerDict pid=307752)[0m Converting to HuggingFace ━━━━━━━━━━━━━━━━━━━━━━━━━━━━━━━━━━━━━━━━ 100% 0:00:00 (291/291) Qwen3Bridge
[36m(vLLMHttpServer pid=311308)[0m (EngineCore pid=311929) WARNING 09-11 18:44:36 [scheduler.py:1948] reset_connector called but no KV connector is configured.
[36m(vLLMHttpServer pid=311309)[0m (EngineCore pid=311907) WARNING 09-11 18:44:36 [scheduler.py:1948] reset_connector called but no KV connector is configured.
[36m(vLLMHttpServer pid=311308)[0m (EngineCore pid=311929) WARNING 09-11 18:44:39 [scheduler.py:1948] reset_connector called but no KV connector is configured.
[36m(vLLMHttpServer pid=311309)[0m (EngineCore pid=311907) WARNING 09-11 18:44:39 [scheduler.py:1948] reset_connector called but no KV connector is configured.
[36m(TaskRunnerV1 pid=305803)[0m Training Progress:  17%|█▋        | 2/12 [04:44<22:23, 134.31s/it]
[36m(TaskRunnerV1 pid=305803)[0m step:2 - global_seqlen/min:316476.0 - global_seqlen/max:316476.0 - global_seqlen/minmax_diff:0.0 - global_seqlen/balanced_min:316476.0 - global_seqlen/balanced_max:316476.0 - global_seqlen/mean:316476.0 - actor/entropy:0.013246681541204453 - training/rollout_probs_diff_valid:1.0 - training/rollout_probs_diff_max:0.32082128524780273 - training/rollout_probs_diff_mean:0.0005897892988286912 - training/rollout_probs_diff_std:0.00442920159548521 - training/rollout_actor_probs_pearson_corr:0.9969717860221863 - rollout_corr/training_ppl:1.010894775390625 - rollout_corr/training_log_ppl:0.010748546570539474 - rollout_corr/kl:0.0008833931642584503 - rollout_corr/k3_kl:0.00026389118283987045 - rollout_corr/rollout_ppl:1.0099821090698242 - rollout_corr/rollout_log_ppl:0.009865154512226582 - rollout_corr/log_ppl_diff:0.0008833925239741802 - rollout_corr/log_ppl_abs_diff:0.0008833925239741802 - rollout_corr/log_ppl_diff_max:0.007156632840633392 - rollout_corr/log_ppl_diff_min:0.0001830125693231821 - rollout_corr/ppl_ratio:1.0008851289749146 - rollout_corr/chi2_token:-0.0011554956436157227 - rollout_corr/chi2_seq:-0.9517586827278137 - actor/pg_clipfrac:0.0 - actor/ppo_kl:0.0 - actor/pg_clipfrac_lower:0.0 - actor/pg_loss:-1.210719347000122e-07 - actor/entropy_loss:0.013246681046439335 - actor/kl_loss:0.0 - actor/kl_coef:0.001 - actor/loss:-1.337006688117981e-05 - actor/grad_norm:0.20122377946972847 - actor/perf/max_memory_allocated_gb:33.360167026519775 - actor/perf/max_memory_reserved_gb:35.26171875 - actor/perf/cpu_memory_used_gb:281.8307180404663 - actor/lr:0.0 - perf/mfu/actor:0.3158171948755131 - training/global_step:2 - training/epoch:0 - critic/score/mean:0.9680514335632324 - critic/score/max:0.9847313761711121 - critic/score/min:0.9517716765403748 - critic/rewards/mean:0.9680514335632324 - critic/rewards/max:0.9847313761711121 - critic/rewards/min:0.9517716765403748 - critic/advantages/mean:1.2014061212539673e-07 - critic/advantages/max:1.3293277025222778 - critic/advantages/min:-1.418941617012024 - critic/returns/mean:1.2014061212539673e-07 - critic/returns/max:1.3293277025222778 - critic/returns/min:-1.418941617012024 - response_length/mean:4096.0 - response_length/max:4096.0 - response_length/min:4096.0 - response_length/clip_ratio:1.0 - response_length_non_aborted/mean:4096.0 - response_length_non_aborted/max:4096.0 - response_length_non_aborted/min:4096.0 - response_length_non_aborted/clip_ratio:1.0 - response/aborted_ratio:0.0 - prompt_length/mean:15683.75 - prompt_length/max:15689.0 - prompt_length/min:15677.0 - prompt_length/clip_ratio:0.5 - timing_s/gen:35.60783662798349 - timing_s/old_log_prob:9.324726289021783 - timing_s/ref:11.097786781028844 - timing_s/adv:0.11385100102052093 - timing_s/update_actor:36.24808117398061 - timing_s/update_weights:5.865337501978502 - timing_s/step:98.28801493800711 - timing_per_token_ms/ref:0.035066756344964055 - timing_per_token_ms/gen:0.5433324680783613 - timing_per_token_ms/update_actor:0.11453658784230276 - timing_per_token_ms/adv:0.0003597460819162304 - perf/total_num_tokens:316476 - perf/time_per_step:98.28801493800711 - perf/throughput:402.48549149101484 - training/num_turns/mean:np.float64(2.0) - training/num_turns/max:np.int64(2) - training/num_turns/min:np.int64(2) - training/off_policy/trajectory_spans/mean:np.float64(1.0) - training/off_policy/trajectory_spans/max:np.int64(1) - training/off_policy/trajectory_spans/min:np.int64(1) - training/off_policy/trajectory_staleness/mean:np.float64(0.0) - training/off_policy/trajectory_staleness/max:np.int64(0) - training/off_policy/trajectory_staleness/min:np.int64(0) - training/off_policy/trajectory_staleness_worst/mean:np.float64(0.0) - training/off_policy/trajectory_staleness_worst/max:np.int64(0) - training/off_policy/trajectory_staleness_worst/min:np.int64(0)
[36m(TaskRunnerV1 pid=305803)[0m [RolloutTqSkip()] [33mNo cached data found for step 3. The trainer will generate and dump the data.[0m
[36m(RewardLoopWorker pid=310825)[0m WARNING:2026-09-11 18:45:15,883:Platform 'nvidia' (PlatformCUDA) is registered but not available. This may be due to this ray actor being a CPU-only actor.
[36m(TaskRunnerV1 pid=305803)[0m [RolloutTqSkip()] [33mDump TQ batch at step 3 (16 trajectories) to /home/p00938733/rlmh-cache/16k4k-recompute-20260911-183559/rlmh_combinations_a100_rlmh_combinations_a100/GBS4_N4_in16640_out4096/3/0[0m
[36m(vLLMHttpServer pid=311308)[0m (EngineCore pid=311929) WARNING 09-11 18:46:19 [scheduler.py:1948] reset_connector called but no KV connector is configured.
[36m(vLLMHttpServer pid=311309)[0m (EngineCore pid=311907) WARNING 09-11 18:46:19 [scheduler.py:1948] reset_connector called but no KV connector is configured.
[36m(WorkerDict pid=307752)[0m Converting to HuggingFace ━━━━━━━━━━━━━━━━━━━━━━━━━━━━━━━━━━━━━━━━ 100% 0:00:00 (291/291) Qwen3Bridge
[36m(vLLMHttpServer pid=311308)[0m (EngineCore pid=311929) WARNING 09-11 18:46:20 [scheduler.py:1948] reset_connector called but no KV connector is configured.
[36m(vLLMHttpServer pid=311309)[0m (EngineCore pid=311907) WARNING 09-11 18:46:20 [scheduler.py:1948] reset_connector called but no KV connector is configured.
[36m(vLLMHttpServer pid=311308)[0m (EngineCore pid=311929) WARNING 09-11 18:46:22 [scheduler.py:1948] reset_connector called but no KV connector is configured.
[36m(vLLMHttpServer pid=311309)[0m (EngineCore pid=311907) WARNING 09-11 18:46:22 [scheduler.py:1948] reset_connector called but no KV connector is configured.
[36m(TaskRunnerV1 pid=305803)[0m Training Progress:  25%|██▌       | 3/12 [06:27<18:00, 120.10s/it]
[36m(TaskRunnerV1 pid=305803)[0m step:3 - global_seqlen/min:323496.0 - global_seqlen/max:323496.0 - global_seqlen/minmax_diff:0.0 - global_seqlen/balanced_min:323496.0 - global_seqlen/balanced_max:323496.0 - global_seqlen/mean:323496.0 - actor/entropy:0.011643121019005775 - training/rollout_probs_diff_valid:1.0 - training/rollout_probs_diff_max:0.18266671895980835 - training/rollout_probs_diff_mean:0.0005747929681092501 - training/rollout_probs_diff_std:0.0040979767218232155 - training/rollout_actor_probs_pearson_corr:0.9972203969955444 - rollout_corr/training_ppl:1.0092780590057373 - rollout_corr/training_log_ppl:0.009229660034179688 - rollout_corr/kl:0.000566534698009491 - rollout_corr/k3_kl:3.1996751204133034e-05 - rollout_corr/rollout_ppl:1.008705973625183 - rollout_corr/rollout_log_ppl:0.008663125336170197 - rollout_corr/log_ppl_diff:0.00056653399951756 - rollout_corr/log_ppl_abs_diff:0.00056653399951756 - rollout_corr/log_ppl_diff_max:0.0009233597666025162 - rollout_corr/log_ppl_diff_min:0.00021561654284596443 - rollout_corr/ppl_ratio:1.000566840171814 - rollout_corr/chi2_token:-0.0010079145431518555 - rollout_corr/chi2_seq:-0.9662582874298096 - actor/pg_clipfrac:0.0 - actor/ppo_kl:0.0 - actor/pg_clipfrac_lower:0.0 - actor/pg_loss:1.1809170246124268e-06 - actor/entropy_loss:0.011643121019005775 - actor/kl_loss:0.0 - actor/kl_coef:0.001 - actor/loss:-1.0479241609573364e-05 - actor/grad_norm:0.6554826535284519 - actor/perf/max_memory_allocated_gb:33.38013029098511 - actor/perf/max_memory_reserved_gb:35.45703125 - actor/perf/cpu_memory_used_gb:282.7406644821167 - actor/lr:0.0 - perf/mfu/actor:0.3186590979427594 - training/global_step:3 - training/epoch:1 - critic/score/mean:0.9742549061775208 - critic/score/max:0.9927548766136169 - critic/score/min:0.9517666697502136 - critic/rewards/mean:0.9742549061775208 - critic/rewards/max:0.9927548766136169 - critic/rewards/min:0.9517666697502136 - critic/advantages/mean:-1.1622905731201172e-06 - critic/advantages/max:1.4419139623641968 - critic/advantages/min:-1.3136677742004395 - critic/returns/mean:-1.1622905731201172e-06 - critic/returns/max:1.4419139623641968 - critic/returns/min:-1.3136677742004395 - response_length/mean:4096.0 - response_length/max:4096.0 - response_length/min:4096.0 - response_length/clip_ratio:1.0 - response_length_non_aborted/mean:4096.0 - response_length_non_aborted/max:4096.0 - response_length_non_aborted/min:4096.0 - response_length_non_aborted/clip_ratio:1.0 - response/aborted_ratio:0.0 - prompt_length/mean:16122.5 - prompt_length/max:16267.0 - prompt_length/min:15689.0 - prompt_length/clip_ratio:0.75 - timing_s/gen:39.72806452901568 - timing_s/old_log_prob:9.346412778017111 - timing_s/ref:11.387740250909701 - timing_s/adv:0.11713735200464725 - timing_s/update_actor:37.853329751989804 - timing_s/update_weights:4.636469193035737 - timing_s/step:103.10031715896912 - timing_per_token_ms/ref:0.035202105283866574 - timing_per_token_ms/gen:0.6062021565096387 - timing_per_token_ms/update_actor:0.1170132853327083 - timing_per_token_ms/adv:0.00036209830107527527 - perf/total_num_tokens:323496 - perf/time_per_step:103.10031715896912 - perf/throughput:392.21023867124177 - training/num_turns/mean:np.float64(2.0) - training/num_turns/max:np.int64(2) - training/num_turns/min:np.int64(2) - training/off_policy/trajectory_spans/mean:np.float64(1.0) - training/off_policy/trajectory_spans/max:np.int64(1) - training/off_policy/trajectory_spans/min:np.int64(1) - training/off_policy/trajectory_staleness/mean:np.float64(0.0) - training/off_policy/trajectory_staleness/max:np.int64(0) - training/off_policy/trajectory_staleness/min:np.int64(0) - training/off_policy/trajectory_staleness_worst/mean:np.float64(0.0) - training/off_policy/trajectory_staleness_worst/max:np.int64(0) - training/off_policy/trajectory_staleness_worst/min:np.int64(0)
[36m(TaskRunnerV1 pid=305803)[0m [RolloutTqSkip()] [33mNo cached data found for step 4. The trainer will generate and dump the data.[0m
[36m(TransferQueueController pid=306657)[0m 2026-09-11 18:46:42,763 - INFO - transfer_queue.utils.perf_utils - TQ_CONTROLLER_5577b6a0: [Performance] Total success requests: 267, Total req/min: 53.40, Total avg process time: 0.0004s; 
[36m(TransferQueueController pid=306657)[0m Time range: last 5.00 minutes; 
[36m(TransferQueueController pid=306657)[0m Per-operation statistics: SET_CUSTOM_META: req_count=70, req/min=14.00, avg_time=0.000029s, max_time=0.000044s, min_time=0.000016s; KV_RETRIEVE_KEYS: req_count=6, req/min=1.20, avg_time=0.000052s, max_time=0.000062s, min_time=0.000031s; KV_RETRIEVE_META: req_count=91, req/min=18.20, avg_time=0.000939s, max_time=0.002051s, min_time=0.000399s; NOTIFY_DATA_UPDATE: req_count=46, req/min=9.20, avg_time=0.000236s, max_time=0.000493s, min_time=0.000096s; CLEAR_META: req_count=5, req/min=1.00, avg_time=0.000269s, max_time=0.000317s, min_time=0.000213s; KV_LIST: req_count=49, req/min=9.80, avg_time=0.000060s, max_time=0.000082s, min_time=0.000033s
[36m(SimpleStorageUnit pid=306963)[0m 2026-09-11 18:46:56,084 - INFO - transfer_queue.utils.perf_utils - TQ_STORAGE_UNIT_18fa27a3: [Performance] Total success requests: 89, Total req/min: 17.68, Total avg process time: 0.0146s; 
[36m(SimpleStorageUnit pid=306963)[0m Time range: last 5.04 minutes; 
[36m(SimpleStorageUnit pid=306963)[0m Per-operation statistics: GET_DATA: req_count=69, req/min=13.70, avg_time=0.014875s, max_time=0.017714s, min_time=0.008282s; PUT_DATA: req_count=17, req/min=3.38, avg_time=0.013375s, max_time=0.016519s, min_time=0.009703s; CLEAR_DATA: req_count=3, req/min=0.60, avg_time=0.015546s, max_time=0.015725s, min_time=0.015402s
[36m(SimpleStorageUnit pid=306962)[0m 2026-09-11 18:46:56,075 - INFO - transfer_queue.utils.perf_utils - TQ_STORAGE_UNIT_9ee923d4: [Performance] Total success requests: 89, Total req/min: 17.68, Total avg process time: 0.0136s; 
[36m(SimpleStorageUnit pid=306962)[0m Time range: last 5.04 minutes; 
[36m(SimpleStorageUnit pid=306962)[0m Per-operation statistics: GET_DATA: req_count=69, req/min=13.70, avg_time=0.014059s, max_time=0.017705s, min_time=0.007177s; PUT_DATA: req_count=17, req/min=3.38, avg_time=0.011657s, max_time=0.015406s, min_time=0.005177s; CLEAR_DATA: req_count=3, req/min=0.60, avg_time=0.014502s, max_time=0.014788s, min_time=0.014300s
[36m(SimpleStorageUnit pid=306922)[0m 2026-09-11 18:46:56,135 - INFO - transfer_queue.utils.perf_utils - TQ_STORAGE_UNIT_c0d3381f: [Performance] Total success requests: 91, Total req/min: 18.07, Total avg process time: 0.0141s; 
[36m(SimpleStorageUnit pid=306922)[0m Time range: last 5.04 minutes; 
[36m(SimpleStorageUnit pid=306922)[0m Per-operation statistics: GET_DATA: req_count=69, req/min=13.70, avg_time=0.014369s, max_time=0.017536s, min_time=0.009863s; PUT_DATA: req_count=17, req/min=3.38, avg_time=0.013072s, max_time=0.015941s, min_time=0.009559s; CLEAR_DATA: req_count=5, req/min=0.99, avg_time=0.014429s, max_time=0.016106s, min_time=0.011766s
[36m(SimpleStorageUnit pid=306964)[0m 2026-09-11 18:46:56,153 - INFO - transfer_queue.utils.perf_utils - TQ_STORAGE_UNIT_c89d1db0: [Performance] Total success requests: 89, Total req/min: 17.67, Total avg process time: 0.0142s; 
[36m(SimpleStorageUnit pid=306964)[0m Time range: last 5.04 minutes; 
[36m(SimpleStorageUnit pid=306964)[0m Per-operation statistics: GET_DATA: req_count=69, req/min=13.70, avg_time=0.014281s, max_time=0.017377s, min_time=0.008379s; PUT_DATA: req_count=17, req/min=3.38, avg_time=0.013364s, max_time=0.016333s, min_time=0.010721s; CLEAR_DATA: req_count=3, req/min=0.60, avg_time=0.015672s, max_time=0.015890s, min_time=0.015549s
[36m(SimpleStorageUnit pid=306960)[0m 2026-09-11 18:46:56,153 - INFO - transfer_queue.utils.perf_utils - TQ_STORAGE_UNIT_20065b9f: [Performance] Total success requests: 91, Total req/min: 18.07, Total avg process time: 0.0141s; 
[36m(SimpleStorageUnit pid=306960)[0m Time range: last 5.04 minutes; 
[36m(SimpleStorageUnit pid=306960)[0m Per-operation statistics: GET_DATA: req_count=69, req/min=13.70, avg_time=0.014436s, max_time=0.017489s, min_time=0.007507s; PUT_DATA: req_count=17, req/min=3.38, avg_time=0.012893s, max_time=0.015622s, min_time=0.010342s; CLEAR_DATA: req_count=5, req/min=0.99, avg_time=0.014195s, max_time=0.015645s, min_time=0.012220s
[36m(SimpleStorageUnit pid=306961)[0m 2026-09-11 18:46:56,177 - INFO - transfer_queue.utils.perf_utils - TQ_STORAGE_UNIT_04fd0de2: [Performance] Total success requests: 91, Total req/min: 18.07, Total avg process time: 0.0135s; 
[36m(SimpleStorageUnit pid=306961)[0m Time range: last 5.04 minutes; 
[36m(SimpleStorageUnit pid=306961)[0m Per-operation statistics: GET_DATA: req_count=69, req/min=13.70, avg_time=0.013637s, max_time=0.017264s, min_time=0.009168s; PUT_DATA: req_count=17, req/min=3.38, avg_time=0.012661s, max_time=0.015177s, min_time=0.007468s; CLEAR_DATA: req_count=5, req/min=0.99, avg_time=0.013792s, max_time=0.014994s, min_time=0.011756s
[36m(SimpleStorageUnit pid=306951)[0m 2026-09-11 18:46:56,149 - INFO - transfer_queue.utils.perf_utils - TQ_STORAGE_UNIT_39cd27f4: [Performance] Total success requests: 91, Total req/min: 18.07, Total avg process time: 0.0145s; 
[36m(SimpleStorageUnit pid=306951)[0m Time range: last 5.04 minutes; 
[36m(SimpleStorageUnit pid=306951)[0m Per-operation statistics: GET_DATA: req_count=69, req/min=13.70, avg_time=0.014765s, max_time=0.021355s, min_time=0.005408s; PUT_DATA: req_count=17, req/min=3.38, avg_time=0.013398s, max_time=0.016015s, min_time=0.008198s; CLEAR_DATA: req_count=5, req/min=0.99, avg_time=0.014137s, max_time=0.015725s, min_time=0.011550s
[36m(SimpleStorageUnit pid=306965)[0m 2026-09-11 18:46:56,150 - INFO - transfer_queue.utils.perf_utils - TQ_STORAGE_UNIT_08502076: [Performance] Total success requests: 89, Total req/min: 17.67, Total avg process time: 0.0149s; 
[36m(SimpleStorageUnit pid=306965)[0m Time range: last 5.04 minutes; 
[36m(SimpleStorageUnit pid=306965)[0m Per-operation statistics: GET_DATA: req_count=69, req/min=13.70, avg_time=0.015054s, max_time=0.018462s, min_time=0.008687s; PUT_DATA: req_count=17, req/min=3.38, avg_time=0.013947s, max_time=0.017244s, min_time=0.010261s; CLEAR_DATA: req_count=3, req/min=0.60, avg_time=0.016046s, max_time=0.016501s, min_time=0.015740s
[36m(TaskRunnerV1 pid=305803)[0m [RolloutTqSkip()] [33mDump TQ batch at step 4 (16 trajectories) to /home/p00938733/rlmh-cache/16k4k-recompute-20260911-183559/rlmh_combinations_a100_rlmh_combinations_a100/GBS4_N4_in16640_out4096/4/0[0m
[36m(vLLMHttpServer pid=311308)[0m (EngineCore pid=311929) WARNING 09-11 18:47:58 [scheduler.py:1948] reset_connector called but no KV connector is configured.
[36m(vLLMHttpServer pid=311309)[0m (EngineCore pid=311907) WARNING 09-11 18:47:59 [scheduler.py:1948] reset_connector called but no KV connector is configured.
[36m(WorkerDict pid=307752)[0m Converting to HuggingFace ━━━━━━━━━━━━━━━━━━━━━━━━━━━━━━━━━━━━━━━━ 100% 0:00:00 (291/291) Qwen3Bridge
[36m(vLLMHttpServer pid=311308)[0m (EngineCore pid=311929) WARNING 09-11 18:48:01 [scheduler.py:1948] reset_connector called but no KV connector is configured.
[36m(vLLMHttpServer pid=311309)[0m (EngineCore pid=311907) WARNING 09-11 18:48:01 [scheduler.py:1948] reset_connector called but no KV connector is configured.
[36m(vLLMHttpServer pid=311308)[0m (EngineCore pid=311929) WARNING 09-11 18:48:03 [scheduler.py:1948] reset_connector called but no KV connector is configured.
[36m(vLLMHttpServer pid=311309)[0m (EngineCore pid=311907) WARNING 09-11 18:48:03 [scheduler.py:1948] reset_connector called but no KV connector is configured.
[36m(TaskRunnerV1 pid=305803)[0m Training Progress:  33%|███▎      | 4/12 [08:08<15:00, 112.58s/it]
[36m(TaskRunnerV1 pid=305803)[0m step:4 - global_seqlen/min:316476.0 - global_seqlen/max:316476.0 - global_seqlen/minmax_diff:0.0 - global_seqlen/balanced_min:316476.0 - global_seqlen/balanced_max:316476.0 - global_seqlen/mean:316476.0 - actor/entropy:0.012331651523709297 - training/rollout_probs_diff_valid:1.0 - training/rollout_probs_diff_max:0.4073305130004883 - training/rollout_probs_diff_mean:0.0005743957008235157 - training/rollout_probs_diff_std:0.0044537074863910675 - training/rollout_actor_probs_pearson_corr:0.9968565106391907 - rollout_corr/training_ppl:1.0100796222686768 - rollout_corr/training_log_ppl:0.01001191046088934 - rollout_corr/kl:0.0007319107535295188 - rollout_corr/k3_kl:0.00020148979092482477 - rollout_corr/rollout_ppl:1.0093392133712769 - rollout_corr/rollout_log_ppl:0.009279999881982803 - rollout_corr/log_ppl_diff:0.0007319102296605706 - rollout_corr/log_ppl_abs_diff:0.0007319102296605706 - rollout_corr/log_ppl_diff_max:0.003334169276058674 - rollout_corr/log_ppl_diff_min:0.00014340225607156754 - rollout_corr/ppl_ratio:1.000732421875 - rollout_corr/chi2_token:-0.000975191593170166 - rollout_corr/chi2_seq:-0.9557443261146545 - actor/pg_clipfrac:0.0 - actor/ppo_kl:0.0 - actor/pg_clipfrac_lower:0.0 - actor/pg_loss:-1.298496499657631e-06 - actor/entropy_loss:0.012331651494605467 - actor/kl_loss:0.0 - actor/kl_coef:0.001 - actor/loss:-1.362338662147522e-05 - actor/grad_norm:0.24977413937449455 - actor/perf/max_memory_allocated_gb:33.38013029098511 - actor/perf/max_memory_reserved_gb:35.45703125 - actor/perf/cpu_memory_used_gb:282.5813446044922 - actor/lr:0.0 - perf/mfu/actor:0.3151547363507159 - training/global_step:4 - training/epoch:1 - critic/score/mean:0.974838376045227 - critic/score/max:0.9921319484710693 - critic/score/min:0.9576820135116577 - critic/rewards/mean:0.974838376045227 - critic/rewards/max:0.9921319484710693 - critic/rewards/min:0.9576820135116577 - critic/advantages/mean:1.3336539268493652e-06 - critic/advantages/max:1.3021295070648193 - critic/advantages/min:-1.2285315990447998 - critic/returns/mean:1.3336539268493652e-06 - critic/returns/max:1.3021295070648193 - critic/returns/min:-1.2285315990447998 - response_length/mean:4096.0 - response_length/max:4096.0 - response_length/min:4096.0 - response_length/clip_ratio:1.0 - response_length_non_aborted/mean:4096.0 - response_length_non_aborted/max:4096.0 - response_length_non_aborted/min:4096.0 - response_length_non_aborted/clip_ratio:1.0 - response/aborted_ratio:0.0 - prompt_length/mean:15683.75 - prompt_length/max:15689.0 - prompt_length/min:15677.0 - prompt_length/clip_ratio:0.5 - timing_s/gen:35.627618406084366 - timing_s/old_log_prob:9.822058651014231 - timing_s/ref:11.694296408095397 - timing_s/adv:0.11548114090692252 - timing_s/update_actor:37.79917266801931 - timing_s/update_weights:5.882036929950118 - timing_s/step:100.96802708599716 - timing_per_token_ms/ref:0.03695160583455111 - timing_per_token_ms/gen:0.5436343140576838 - timing_per_token_ms/update_actor:0.11943772250666498 - timing_per_token_ms/adv:0.0003648969934747738 - perf/total_num_tokens:316476 - perf/time_per_step:100.96802708599716 - perf/throughput:391.80224811470384 - training/num_turns/mean:np.float64(2.0) - training/num_turns/max:np.int64(2) - training/num_turns/min:np.int64(2) - training/off_policy/trajectory_spans/mean:np.float64(1.0) - training/off_policy/trajectory_spans/max:np.int64(1) - training/off_policy/trajectory_spans/min:np.int64(1) - training/off_policy/trajectory_staleness/mean:np.float64(0.0) - training/off_policy/trajectory_staleness/max:np.int64(0) - training/off_policy/trajectory_staleness/min:np.int64(0) - training/off_policy/trajectory_staleness_worst/mean:np.float64(0.0) - training/off_policy/trajectory_staleness_worst/max:np.int64(0) - training/off_policy/trajectory_staleness_worst/min:np.int64(0)
[36m(TaskRunnerV1 pid=305803)[0m [RolloutTqSkip()] [33mNo cached data found for step 5. The trainer will generate and dump the data.[0m
[36m(TaskRunnerV1 pid=305803)[0m [RolloutTqSkip()] [33mDump TQ batch at step 5 (16 trajectories) to /home/p00938733/rlmh-cache/16k4k-recompute-20260911-183559/rlmh_combinations_a100_rlmh_combinations_a100/GBS4_N4_in16640_out4096/5/0[0m
[36m(vLLMHttpServer pid=311308)[0m (EngineCore pid=311929) WARNING 09-11 18:49:41 [scheduler.py:1948] reset_connector called but no KV connector is configured.
[36m(vLLMHttpServer pid=311309)[0m (EngineCore pid=311907) WARNING 09-11 18:49:41 [scheduler.py:1948] reset_connector called but no KV connector is configured.
[36m(WorkerDict pid=307752)[0m Converting to HuggingFace ━━━━━━━━━━━━━━━━━━━━━━━━━━━━━━━━━━━━━━━━ 100% 0:00:00 (291/291) Qwen3Bridge
[36m(vLLMHttpServer pid=311309)[0m (EngineCore pid=311907) WARNING 09-11 18:49:43 [scheduler.py:1948] reset_connector called but no KV connector is configured.
[36m(vLLMHttpServer pid=311308)[0m (EngineCore pid=311929) WARNING 09-11 18:49:43 [scheduler.py:1948] reset_connector called but no KV connector is configured.
[36m(vLLMHttpServer pid=311309)[0m (EngineCore pid=311907) WARNING 09-11 18:49:45 [scheduler.py:1948] reset_connector called but no KV connector is configured.
[36m(vLLMHttpServer pid=311308)[0m (EngineCore pid=311929) WARNING 09-11 18:49:45 [scheduler.py:1948] reset_connector called but no KV connector is configured.
[36m(TaskRunnerV1 pid=305803)[0m Training Progress:  42%|████▏     | 5/12 [09:50<12:41, 108.77s/it]
[36m(TaskRunnerV1 pid=305803)[0m step:5 - global_seqlen/min:323496.0 - global_seqlen/max:323496.0 - global_seqlen/minmax_diff:0.0 - global_seqlen/balanced_min:323496.0 - global_seqlen/balanced_max:323496.0 - global_seqlen/mean:323496.0 - actor/entropy:0.011119572445750237 - training/rollout_probs_diff_valid:1.0 - training/rollout_probs_diff_max:0.12842094898223877 - training/rollout_probs_diff_mean:0.0005287796375341713 - training/rollout_probs_diff_std:0.003931272774934769 - training/rollout_actor_probs_pearson_corr:0.9972825646400452 - rollout_corr/training_ppl:1.0089913606643677 - rollout_corr/training_log_ppl:0.008941625244915485 - rollout_corr/kl:0.0005329735577106476 - rollout_corr/k3_kl:2.9463273676810786e-05 - rollout_corr/rollout_ppl:1.0084528923034668 - rollout_corr/rollout_log_ppl:0.008408651687204838 - rollout_corr/log_ppl_diff:0.0005329728592187166 - rollout_corr/log_ppl_abs_diff:0.0005329728592187166 - rollout_corr/log_ppl_diff_max:0.001159144565463066 - rollout_corr/log_ppl_diff_min:0.00023493682965636253 - rollout_corr/ppl_ratio:1.0005332231521606 - rollout_corr/chi2_token:-0.0009514689445495605 - rollout_corr/chi2_seq:-0.9668627381324768 - actor/pg_clipfrac:0.0 - actor/ppo_kl:0.0 - actor/pg_clipfrac_lower:0.0 - actor/pg_loss:3.5651028156280518e-06 - actor/entropy_loss:0.01111957203829661 - actor/kl_loss:0.0 - actor/kl_coef:0.001 - actor/loss:-7.558614015579224e-06 - actor/grad_norm:0.25494883209466934 - actor/perf/max_memory_allocated_gb:33.38013029098511 - actor/perf/max_memory_reserved_gb:35.49609375 - actor/perf/cpu_memory_used_gb:283.24006175994873 - actor/lr:0.0 - perf/mfu/actor:0.3109166123545186 - training/global_step:5 - training/epoch:2 - critic/score/mean:0.974128007888794 - critic/score/max:0.9999405741691589 - critic/score/min:0.9510535001754761 - critic/rewards/mean:0.974128007888794 - critic/rewards/max:0.9999405741691589 - critic/rewards/min:0.9510535001754761 - critic/advantages/mean:-3.5837292671203613e-06 - critic/advantages/max:1.2937405109405518 - critic/advantages/min:-1.4875608682632446 - critic/returns/mean:-3.5837292671203613e-06 - critic/returns/max:1.2937405109405518 - critic/returns/min:-1.4875608682632446 - response_length/mean:4096.0 - response_length/max:4096.0 - response_length/min:4096.0 - response_length/clip_ratio:1.0 - response_length_non_aborted/mean:4096.0 - response_length_non_aborted/max:4096.0 - response_length_non_aborted/min:4096.0 - response_length_non_aborted/clip_ratio:1.0 - response/aborted_ratio:0.0 - prompt_length/mean:16122.5 - prompt_length/max:16267.0 - prompt_length/min:15689.0 - prompt_length/clip_ratio:0.75 - timing_s/gen:38.21552252408583 - timing_s/old_log_prob:9.160018264898099 - timing_s/ref:11.078703392995521 - timing_s/adv:0.11945225298404694 - timing_s/update_actor:38.43432578200009 - timing_s/update_weights:4.885631324024871 - timing_s/step:101.92194441298489 - timing_per_token_ms/ref:0.034246801793516836 - timing_per_token_ms/gen:0.5831225971082432 - timing_per_token_ms/update_actor:0.11880927672057796 - timing_per_token_ms/adv:0.00036925418856507324 - perf/total_num_tokens:323496 - perf/time_per_step:101.92194441298489 - perf/throughput:396.744785756347 - training/num_turns/mean:np.float64(2.0) - training/num_turns/max:np.int64(2) - training/num_turns/min:np.int64(2) - training/off_policy/trajectory_spans/mean:np.float64(1.0) - training/off_policy/trajectory_spans/max:np.int64(1) - training/off_policy/trajectory_spans/min:np.int64(1) - training/off_policy/trajectory_staleness/mean:np.float64(0.0) - training/off_policy/trajectory_staleness/max:np.int64(0) - training/off_policy/trajectory_staleness/min:np.int64(0) - training/off_policy/trajectory_staleness_worst/mean:np.float64(0.0) - training/off_policy/trajectory_staleness_worst/max:np.int64(0) - training/off_policy/trajectory_staleness_worst/min:np.int64(0)
[36m(TaskRunnerV1 pid=305803)[0m [RolloutTqSkip()] [33mNo cached data found for step 6. The trainer will generate and dump the data.[0m
[36m(TaskRunnerV1 pid=305803)[0m [RolloutTqSkip()] [33mDump TQ batch at step 6 (16 trajectories) to /home/p00938733/rlmh-cache/16k4k-recompute-20260911-183559/rlmh_combinations_a100_rlmh_combinations_a100/GBS4_N4_in16640_out4096/6/0[0m
[36m(vLLMHttpServer pid=311308)[0m (EngineCore pid=311929) WARNING 09-11 18:51:20 [scheduler.py:1948] reset_connector called but no KV connector is configured.
[36m(vLLMHttpServer pid=311309)[0m (EngineCore pid=311907) WARNING 09-11 18:51:20 [scheduler.py:1948] reset_connector called but no KV connector is configured.
[36m(WorkerDict pid=307752)[0m Converting to HuggingFace ━━━━━━━━━━━━━━━━━━━━━━━━━━━━━━━━━━━━━━━━ 100% 0:00:00 (291/291) Qwen3Bridge
[36m(vLLMHttpServer pid=311308)[0m (EngineCore pid=311929) WARNING 09-11 18:51:22 [scheduler.py:1948] reset_connector called but no KV connector is configured.
[36m(vLLMHttpServer pid=311309)[0m (EngineCore pid=311907) WARNING 09-11 18:51:22 [scheduler.py:1948] reset_connector called but no KV connector is configured.
[36m(vLLMHttpServer pid=311308)[0m (EngineCore pid=311929) WARNING 09-11 18:51:24 [scheduler.py:1948] reset_connector called but no KV connector is configured.
[36m(vLLMHttpServer pid=311309)[0m (EngineCore pid=311907) WARNING 09-11 18:51:24 [scheduler.py:1948] reset_connector called but no KV connector is configured.
[36m(TaskRunnerV1 pid=305803)[0m Training Progress:  50%|█████     | 6/12 [11:29<10:32, 105.44s/it]
[36m(TaskRunnerV1 pid=305803)[0m step:6 - global_seqlen/min:316476.0 - global_seqlen/max:316476.0 - global_seqlen/minmax_diff:0.0 - global_seqlen/balanced_min:316476.0 - global_seqlen/balanced_max:316476.0 - global_seqlen/mean:316476.0 - actor/entropy:0.012777033261954784 - training/rollout_probs_diff_valid:1.0 - training/rollout_probs_diff_max:0.817573606967926 - training/rollout_probs_diff_mean:0.000595722405705601 - training/rollout_probs_diff_std:0.006042235065251589 - training/rollout_actor_probs_pearson_corr:0.9937233924865723 - rollout_corr/training_ppl:1.009536623954773 - rollout_corr/training_log_ppl:0.009470367804169655 - rollout_corr/kl:0.000822937348857522 - rollout_corr/k3_kl:0.0002350618306081742 - rollout_corr/rollout_ppl:1.0087049007415771 - rollout_corr/rollout_log_ppl:0.008647431619465351 - rollout_corr/log_ppl_diff:0.0008229365921579301 - rollout_corr/log_ppl_abs_diff:0.0008229365921579301 - rollout_corr/log_ppl_diff_max:0.0041733309626579285 - rollout_corr/log_ppl_diff_min:0.0003117350861430168 - rollout_corr/ppl_ratio:1.000823736190796 - rollout_corr/chi2_token:-0.0010840296745300293 - rollout_corr/chi2_seq:-0.9728358387947083 - actor/pg_clipfrac:0.0 - actor/ppo_kl:0.0 - actor/pg_clipfrac_lower:0.0 - actor/pg_loss:2.4498440325260162e-06 - actor/entropy_loss:0.012777032476151362 - actor/kl_loss:0.0 - actor/kl_coef:0.001 - actor/loss:-1.0324642062187195e-05 - actor/grad_norm:0.6637454554438591 - actor/perf/max_memory_allocated_gb:33.38013029098511 - actor/perf/max_memory_reserved_gb:35.49609375 - actor/perf/cpu_memory_used_gb:283.1401672363281 - actor/lr:0.0 - perf/mfu/actor:0.3139540851525682 - training/global_step:6 - training/epoch:2 - critic/score/mean:0.9768685698509216 - critic/score/max:0.9978813529014587 - critic/score/min:0.9523406624794006 - critic/rewards/mean:0.9768685698509216 - critic/rewards/max:0.9978813529014587 - critic/rewards/min:0.9523406624794006 - critic/advantages/mean:-2.4400651454925537e-06 - critic/advantages/max:1.382901906967163 - critic/advantages/min:-1.4667785167694092 - critic/returns/mean:-2.4400651454925537e-06 - critic/returns/max:1.382901906967163 - critic/returns/min:-1.4667785167694092 - response_length/mean:4096.0 - response_length/max:4096.0 - response_length/min:4096.0 - response_length/clip_ratio:1.0 - response_length_non_aborted/mean:4096.0 - response_length_non_aborted/max:4096.0 - response_length_non_aborted/min:4096.0 - response_length_non_aborted/clip_ratio:1.0 - response/aborted_ratio:0.0 - prompt_length/mean:15683.75 - prompt_length/max:15689.0 - prompt_length/min:15677.0 - prompt_length/clip_ratio:0.5 - timing_s/gen:35.66717259504367 - timing_s/old_log_prob:10.296302593080327 - timing_s/ref:11.54954867309425 - timing_s/adv:0.11962337407749146 - timing_s/update_actor:36.171522540040314 - timing_s/update_weights:5.049876077915542 - timing_s/step:98.88197607407346 - timing_per_token_ms/ref:0.036494232337031085 - timing_per_token_ms/gen:0.544237863083552 - timing_per_token_ms/update_actor:0.11429467807998178 - timing_per_token_ms/adv:0.00037798561052810155 - perf/total_num_tokens:316476 - perf/time_per_step:98.88197607407346 - perf/throughput:400.0678543313656 - training/num_turns/mean:np.float64(2.0) - training/num_turns/max:np.int64(2) - training/num_turns/min:np.int64(2) - training/off_policy/trajectory_spans/mean:np.float64(1.0) - training/off_policy/trajectory_spans/max:np.int64(1) - training/off_policy/trajectory_spans/min:np.int64(1) - training/off_policy/trajectory_staleness/mean:np.float64(0.0) - training/off_policy/trajectory_staleness/max:np.int64(0) - training/off_policy/trajectory_staleness/min:np.int64(0) - training/off_policy/trajectory_staleness_worst/mean:np.float64(0.0) - training/off_policy/trajectory_staleness_worst/max:np.int64(0) - training/off_policy/trajectory_staleness_worst/min:np.int64(0)
[36m(TaskRunnerV1 pid=305803)[0m [RolloutTqSkip()] [33mNo cached data found for step 7. The trainer will generate and dump the data.[0m
[36m(TransferQueueController pid=306657)[0m 2026-09-11 18:51:42,804 - INFO - transfer_queue.utils.perf_utils - TQ_CONTROLLER_5577b6a0: [Performance] Total success requests: 333, Total req/min: 66.59, Total avg process time: 0.0004s; 
[36m(TransferQueueController pid=306657)[0m Time range: last 5.00 minutes; 
[36m(TransferQueueController pid=306657)[0m Per-operation statistics: KV_LIST: req_count=54, req/min=10.80, avg_time=0.000055s, max_time=0.000075s, min_time=0.000041s; KV_RETRIEVE_META: req_count=114, req/min=22.80, avg_time=0.000862s, max_time=0.002077s, min_time=0.000217s; NOTIFY_DATA_UPDATE: req_count=63, req/min=12.60, avg_time=0.000211s, max_time=0.000376s, min_time=0.000090s; SET_CUSTOM_META: req_count=90, req/min=18.00, avg_time=0.000028s, max_time=0.000051s, min_time=0.000012s; CLEAR_META: req_count=6, req/min=1.20, avg_time=0.000261s, max_time=0.000314s, min_time=0.000210s; KV_RETRIEVE_KEYS: req_count=6, req/min=1.20, avg_time=0.000040s, max_time=0.000059s, min_time=0.000024s
[36m(SimpleStorageUnit pid=306962)[0m 2026-09-11 18:51:58,760 - INFO - transfer_queue.utils.perf_utils - TQ_STORAGE_UNIT_9ee923d4: [Performance] Total success requests: 111, Total req/min: 22.00, Total avg process time: 0.0137s; 
[36m(SimpleStorageUnit pid=306962)[0m Time range: last 5.04 minutes; 
[36m(SimpleStorageUnit pid=306962)[0m Per-operation statistics: PUT_DATA: req_count=21, req/min=4.16, avg_time=0.010978s, max_time=0.014377s, min_time=0.005841s; GET_DATA: req_count=87, req/min=17.25, avg_time=0.014352s, max_time=0.024252s, min_time=0.007521s; CLEAR_DATA: req_count=3, req/min=0.59, avg_time=0.014500s, max_time=0.014763s, min_time=0.014002s
[36m(SimpleStorageUnit pid=306922)[0m 2026-09-11 18:51:58,836 - INFO - transfer_queue.utils.perf_utils - TQ_STORAGE_UNIT_c0d3381f: [Performance] Total success requests: 114, Total req/min: 22.60, Total avg process time: 0.0147s; 
[36m(SimpleStorageUnit pid=306922)[0m Time range: last 5.05 minutes; 
[36m(SimpleStorageUnit pid=306922)[0m Per-operation statistics: PUT_DATA: req_count=21, req/min=4.16, avg_time=0.013723s, max_time=0.016092s, min_time=0.006651s; CLEAR_DATA: req_count=6, req/min=1.19, avg_time=0.014227s, max_time=0.016257s, min_time=0.012108s; GET_DATA: req_count=87, req/min=17.24, avg_time=0.014978s, max_time=0.021959s, min_time=0.008506s
[36m(SimpleStorageUnit pid=306964)[0m 2026-09-11 18:51:58,826 - INFO - transfer_queue.utils.perf_utils - TQ_STORAGE_UNIT_c89d1db0: [Performance] Total success requests: 111, Total req/min: 22.00, Total avg process time: 0.0146s; 
[36m(SimpleStorageUnit pid=306964)[0m Time range: last 5.04 minutes; 
[36m(SimpleStorageUnit pid=306964)[0m Per-operation statistics: PUT_DATA: req_count=21, req/min=4.16, avg_time=0.013410s, max_time=0.015721s, min_time=0.007930s; GET_DATA: req_count=87, req/min=17.25, avg_time=0.014934s, max_time=0.022463s, min_time=0.008875s; CLEAR_DATA: req_count=3, req/min=0.59, avg_time=0.014367s, max_time=0.015843s, min_time=0.013435s
[36m(SimpleStorageUnit pid=306963)[0m 2026-09-11 18:51:58,810 - INFO - transfer_queue.utils.perf_utils - TQ_STORAGE_UNIT_18fa27a3: [Performance] Total success requests: 111, Total req/min: 22.00, Total avg process time: 0.0144s; 
[36m(SimpleStorageUnit pid=306963)[0m Time range: last 5.05 minutes; 
[36m(SimpleStorageUnit pid=306963)[0m Per-operation statistics: PUT_DATA: req_count=21, req/min=4.16, avg_time=0.013290s, max_time=0.015606s, min_time=0.010270s; GET_DATA: req_count=87, req/min=17.24, avg_time=0.014597s, max_time=0.023876s, min_time=0.008482s; CLEAR_DATA: req_count=3, req/min=0.59, avg_time=0.015112s, max_time=0.015445s, min_time=0.014549s
[36m(SimpleStorageUnit pid=306960)[0m 2026-09-11 18:51:58,853 - INFO - transfer_queue.utils.perf_utils - TQ_STORAGE_UNIT_20065b9f: [Performance] Total success requests: 114, Total req/min: 22.60, Total avg process time: 0.0142s; 
[36m(SimpleStorageUnit pid=306960)[0m Time range: last 5.05 minutes; 
[36m(SimpleStorageUnit pid=306960)[0m Per-operation statistics: PUT_DATA: req_count=21, req/min=4.16, avg_time=0.012697s, max_time=0.015419s, min_time=0.007902s; CLEAR_DATA: req_count=6, req/min=1.19, avg_time=0.013719s, max_time=0.015567s, min_time=0.012001s; GET_DATA: req_count=87, req/min=17.24, avg_time=0.014636s, max_time=0.021426s, min_time=0.008328s
[36m(SimpleStorageUnit pid=306961)[0m 2026-09-11 18:51:58,865 - INFO - transfer_queue.utils.perf_utils - TQ_STORAGE_UNIT_04fd0de2: [Performance] Total success requests: 114, Total req/min: 22.60, Total avg process time: 0.0138s; 
[36m(SimpleStorageUnit pid=306961)[0m Time range: last 5.04 minutes; 
[36m(SimpleStorageUnit pid=306961)[0m Per-operation statistics: PUT_DATA: req_count=21, req/min=4.16, avg_time=0.012690s, max_time=0.015265s, min_time=0.008849s; CLEAR_DATA: req_count=6, req/min=1.19, avg_time=0.012290s, max_time=0.013583s, min_time=0.011367s; GET_DATA: req_count=87, req/min=17.25, avg_time=0.014225s, max_time=0.020402s, min_time=0.008519s
[36m(SimpleStorageUnit pid=306951)[0m 2026-09-11 18:51:58,838 - INFO - transfer_queue.utils.perf_utils - TQ_STORAGE_UNIT_39cd27f4: [Performance] Total success requests: 114, Total req/min: 22.60, Total avg process time: 0.0142s; 
[36m(SimpleStorageUnit pid=306951)[0m Time range: last 5.04 minutes; 
[36m(SimpleStorageUnit pid=306951)[0m Per-operation statistics: PUT_DATA: req_count=21, req/min=4.16, avg_time=0.013443s, max_time=0.015861s, min_time=0.010786s; CLEAR_DATA: req_count=6, req/min=1.19, avg_time=0.013809s, max_time=0.015817s, min_time=0.011915s; GET_DATA: req_count=87, req/min=17.25, avg_time=0.014436s, max_time=0.021428s, min_time=0.008752s
[36m(SimpleStorageUnit pid=306965)[0m 2026-09-11 18:51:58,811 - INFO - transfer_queue.utils.perf_utils - TQ_STORAGE_UNIT_08502076: [Performance] Total success requests: 111, Total req/min: 22.00, Total avg process time: 0.0148s; 
[36m(SimpleStorageUnit pid=306965)[0m Time range: last 5.04 minutes; 
[36m(SimpleStorageUnit pid=306965)[0m Per-operation statistics: PUT_DATA: req_count=21, req/min=4.16, avg_time=0.013772s, max_time=0.016483s, min_time=0.008158s; GET_DATA: req_count=87, req/min=17.25, avg_time=0.015067s, max_time=0.023818s, min_time=0.007898s; CLEAR_DATA: req_count=3, req/min=0.59, avg_time=0.014287s, max_time=0.014920s, min_time=0.013613s
[36m(TaskRunnerV1 pid=305803)[0m [RolloutTqSkip()] [33mDump TQ batch at step 7 (16 trajectories) to /home/p00938733/rlmh-cache/16k4k-recompute-20260911-183559/rlmh_combinations_a100_rlmh_combinations_a100/GBS4_N4_in16640_out4096/7/0[0m
[36m(vLLMHttpServer pid=311308)[0m (EngineCore pid=311929) WARNING 09-11 18:53:01 [scheduler.py:1948] reset_connector called but no KV connector is configured.
[36m(vLLMHttpServer pid=311309)[0m (EngineCore pid=311907) WARNING 09-11 18:53:01 [scheduler.py:1948] reset_connector called but no KV connector is configured.
[36m(WorkerDict pid=307752)[0m Converting to HuggingFace ━━━━━━━━━━━━━━━━━━━━━━━━━━━━━━━━━━━━━━━━ 100% 0:00:00 (291/291) Qwen3Bridge
[36m(vLLMHttpServer pid=311308)[0m (EngineCore pid=311929) WARNING 09-11 18:53:03 [scheduler.py:1948] reset_connector called but no KV connector is configured.
[36m(vLLMHttpServer pid=311309)[0m (EngineCore pid=311907) WARNING 09-11 18:53:03 [scheduler.py:1948] reset_connector called but no KV connector is configured.
[36m(vLLMHttpServer pid=311308)[0m (EngineCore pid=311929) WARNING 09-11 18:53:05 [scheduler.py:1948] reset_connector called but no KV connector is configured.
[36m(vLLMHttpServer pid=311309)[0m (EngineCore pid=311907) WARNING 09-11 18:53:05 [scheduler.py:1948] reset_connector called but no KV connector is configured.
[36m(TaskRunnerV1 pid=305803)[0m Training Progress:  58%|█████▊    | 7/12 [13:10<08:40, 104.01s/it]
[36m(TaskRunnerV1 pid=305803)[0m step:7 - global_seqlen/min:323496.0 - global_seqlen/max:323496.0 - global_seqlen/minmax_diff:0.0 - global_seqlen/balanced_min:323496.0 - global_seqlen/balanced_max:323496.0 - global_seqlen/mean:323496.0 - actor/entropy:0.01258768793195486 - training/rollout_probs_diff_valid:1.0 - training/rollout_probs_diff_max:0.12808996438980103 - training/rollout_probs_diff_mean:0.0005495474906638265 - training/rollout_probs_diff_std:0.0039727152325212955 - training/rollout_actor_probs_pearson_corr:0.9975360631942749 - rollout_corr/training_ppl:1.0104351043701172 - rollout_corr/training_log_ppl:0.010347927920520306 - rollout_corr/kl:0.0005646523204632103 - rollout_corr/k3_kl:3.0258306651376188e-05 - rollout_corr/rollout_ppl:1.0098623037338257 - rollout_corr/rollout_log_ppl:0.009783275425434113 - rollout_corr/log_ppl_diff:0.0005646513309329748 - rollout_corr/log_ppl_abs_diff:0.0005646513309329748 - rollout_corr/log_ppl_diff_max:0.0015826597809791565 - rollout_corr/log_ppl_diff_min:0.00026952195912599564 - rollout_corr/ppl_ratio:1.0005648136138916 - rollout_corr/chi2_token:-0.0010108351707458496 - rollout_corr/chi2_seq:-0.9680962562561035 - actor/pg_clipfrac:0.0 - actor/ppo_kl:0.0 - actor/pg_clipfrac_lower:0.0 - actor/pg_loss:6.51925802230835e-08 - actor/entropy_loss:0.012587687349878252 - actor/kl_loss:0.0 - actor/kl_coef:0.001 - actor/loss:-1.2524425983428955e-05 - actor/grad_norm:0.6922049894928932 - actor/perf/max_memory_allocated_gb:33.38013029098511 - actor/perf/max_memory_reserved_gb:35.59375 - actor/perf/cpu_memory_used_gb:283.6950674057007 - actor/lr:0.0 - perf/mfu/actor:0.32480210658798425 - training/global_step:7 - training/epoch:3 - critic/score/mean:0.9760903120040894 - critic/score/max:0.9968399405479431 - critic/score/min:0.9551388621330261 - critic/rewards/mean:0.9760903120040894 - critic/rewards/max:0.9968399405479431 - critic/rewards/min:0.9551388621330261 - critic/advantages/mean:-2.9802322387695312e-08 - critic/advantages/max:1.3066277503967285 - critic/advantages/min:-1.482530951499939 - critic/returns/mean:-2.9802322387695312e-08 - critic/returns/max:1.3066277503967285 - critic/returns/min:-1.482530951499939 - response_length/mean:4096.0 - response_length/max:4096.0 - response_length/min:4096.0 - response_length/clip_ratio:1.0 - response_length_non_aborted/mean:4096.0 - response_length_non_aborted/max:4096.0 - response_length_non_aborted/min:4096.0 - response_length_non_aborted/clip_ratio:1.0 - response/aborted_ratio:0.0 - prompt_length/mean:16122.5 - prompt_length/max:16267.0 - prompt_length/min:15689.0 - prompt_length/clip_ratio:0.75 - timing_s/gen:37.59370306599885 - timing_s/old_log_prob:9.151537330937572 - timing_s/ref:12.103872450999916 - timing_s/adv:0.11674098193179816 - timing_s/update_actor:37.06406147906091 - timing_s/update_weights:4.933807334979065 - timing_s/step:100.99041227600537 - timing_per_token_ms/ref:0.037415833429161154 - timing_per_token_ms/gen:0.573634385162336 - timing_per_token_ms/update_actor:0.11457347688707406 - timing_per_token_ms/adv:0.000360873030676726 - perf/total_num_tokens:323496 - perf/time_per_step:100.99041227600537 - perf/throughput:400.4043462015607 - training/num_turns/mean:np.float64(2.0) - training/num_turns/max:np.int64(2) - training/num_turns/min:np.int64(2) - training/off_policy/trajectory_spans/mean:np.float64(1.0) - training/off_policy/trajectory_spans/max:np.int64(1) - training/off_policy/trajectory_spans/min:np.int64(1) - training/off_policy/trajectory_staleness/mean:np.float64(0.0) - training/off_policy/trajectory_staleness/max:np.int64(0) - training/off_policy/trajectory_staleness/min:np.int64(0) - training/off_policy/trajectory_staleness_worst/mean:np.float64(0.0) - training/off_policy/trajectory_staleness_worst/max:np.int64(0) - training/off_policy/trajectory_staleness_worst/min:np.int64(0)
[36m(TaskRunnerV1 pid=305803)[0m [RolloutTqSkip()] [33mNo cached data found for step 8. The trainer will generate and dump the data.[0m
[36m(TaskRunnerV1 pid=305803)[0m [RolloutTqSkip()] [33mDump TQ batch at step 8 (16 trajectories) to /home/p00938733/rlmh-cache/16k4k-recompute-20260911-183559/rlmh_combinations_a100_rlmh_combinations_a100/GBS4_N4_in16640_out4096/8/0[0m
[36m(vLLMHttpServer pid=311308)[0m (EngineCore pid=311929) WARNING 09-11 18:54:41 [scheduler.py:1948] reset_connector called but no KV connector is configured.
[36m(vLLMHttpServer pid=311309)[0m (EngineCore pid=311907) WARNING 09-11 18:54:41 [scheduler.py:1948] reset_connector called but no KV connector is configured.
[36m(WorkerDict pid=307752)[0m Converting to HuggingFace ━━━━━━━━━━━━━━━━━━━━━━━━━━━━━━━━━━━━━━━━ 100% 0:00:00 (291/291) Qwen3Bridge
[36m(vLLMHttpServer pid=311308)[0m (EngineCore pid=311929) WARNING 09-11 18:54:43 [scheduler.py:1948] reset_connector called but no KV connector is configured.
[36m(vLLMHttpServer pid=311309)[0m (EngineCore pid=311907) WARNING 09-11 18:54:43 [scheduler.py:1948] reset_connector called but no KV connector is configured.
[36m(vLLMHttpServer pid=311308)[0m (EngineCore pid=311929) WARNING 09-11 18:54:44 [scheduler.py:1948] reset_connector called but no KV connector is configured.
[36m(vLLMHttpServer pid=311309)[0m (EngineCore pid=311907) WARNING 09-11 18:54:44 [scheduler.py:1948] reset_connector called but no KV connector is configured.
[36m(TaskRunnerV1 pid=305803)[0m Training Progress:  67%|██████▋   | 8/12 [14:49<06:49, 102.49s/it]
[36m(TaskRunnerV1 pid=305803)[0m step:8 - global_seqlen/min:316476.0 - global_seqlen/max:316476.0 - global_seqlen/minmax_diff:0.0 - global_seqlen/balanced_min:316476.0 - global_seqlen/balanced_max:316476.0 - global_seqlen/mean:316476.0 - actor/entropy:0.009694046340882778 - training/rollout_probs_diff_valid:1.0 - training/rollout_probs_diff_max:0.7310548424720764 - training/rollout_probs_diff_mean:0.0005374083411879838 - training/rollout_probs_diff_std:0.005385844502598047 - training/rollout_actor_probs_pearson_corr:0.9937347769737244 - rollout_corr/training_ppl:1.0074957609176636 - rollout_corr/training_log_ppl:0.007462620735168457 - rollout_corr/kl:0.0006883855676278472 - rollout_corr/k3_kl:0.00020123682043049484 - rollout_corr/rollout_ppl:1.0068018436431885 - rollout_corr/rollout_log_ppl:0.006774235982447863 - rollout_corr/log_ppl_diff:0.0006883851019665599 - rollout_corr/log_ppl_abs_diff:0.0006883851019665599 - rollout_corr/log_ppl_diff_max:0.0039610667154192924 - rollout_corr/log_ppl_diff_min:0.00012264540418982506 - rollout_corr/ppl_ratio:1.000689148902893 - rollout_corr/chi2_token:-0.0009052753448486328 - rollout_corr/chi2_seq:-0.9467926621437073 - actor/pg_clipfrac:0.0 - actor/ppo_kl:0.0 - actor/pg_clipfrac_lower:0.0 - actor/pg_loss:1.0926451068371534e-06 - actor/entropy_loss:0.009694045642390847 - actor/kl_loss:0.0 - actor/kl_coef:0.001 - actor/loss:-8.586794137954712e-06 - actor/grad_norm:0.2248017005622387 - actor/perf/max_memory_allocated_gb:33.38013029098511 - actor/perf/max_memory_reserved_gb:35.59375 - actor/perf/cpu_memory_used_gb:283.76389503479004 - actor/lr:0.0 - perf/mfu/actor:0.3122106076539284 - training/global_step:8 - training/epoch:3 - critic/score/mean:0.9672011733055115 - critic/score/max:0.9960160255432129 - critic/score/min:0.9516983032226562 - critic/rewards/mean:0.9672011733055115 - critic/rewards/max:0.9960160255432129 - critic/rewards/min:0.9516983032226562 - critic/advantages/mean:-1.0952353477478027e-06 - critic/advantages/max:1.475932002067566 - critic/advantages/min:-1.181195855140686 - critic/returns/mean:-1.0952353477478027e-06 - critic/returns/max:1.475932002067566 - critic/returns/min:-1.181195855140686 - response_length/mean:4096.0 - response_length/max:4096.0 - response_length/min:4096.0 - response_length/clip_ratio:1.0 - response_length_non_aborted/mean:4096.0 - response_length_non_aborted/max:4096.0 - response_length_non_aborted/min:4096.0 - response_length_non_aborted/clip_ratio:1.0 - response/aborted_ratio:0.0 - prompt_length/mean:15683.75 - prompt_length/max:15689.0 - prompt_length/min:15677.0 - prompt_length/clip_ratio:0.5 - timing_s/gen:35.55650984495878 - timing_s/old_log_prob:9.33088335103821 - timing_s/ref:12.0570782199502 - timing_s/adv:0.1156758510041982 - timing_s/update_actor:37.45374684303533 - timing_s/update_weights:4.587647220934741 - timing_s/step:99.12974028405733 - timing_per_token_ms/ref:0.03809792281231499 - timing_per_token_ms/gen:0.5425492835229306 - timing_per_token_ms/update_actor:0.1183462469287887 - timing_per_token_ms/adv:0.0003655122379080821 - perf/total_num_tokens:316476 - perf/time_per_step:99.12974028405733 - perf/throughput:399.0679274115097 - training/num_turns/mean:np.float64(2.0) - training/num_turns/max:np.int64(2) - training/num_turns/min:np.int64(2) - training/off_policy/trajectory_spans/mean:np.float64(1.0) - training/off_policy/trajectory_spans/max:np.int64(1) - training/off_policy/trajectory_spans/min:np.int64(1) - training/off_policy/trajectory_staleness/mean:np.float64(0.0) - training/off_policy/trajectory_staleness/max:np.int64(0) - training/off_policy/trajectory_staleness/min:np.int64(0) - training/off_policy/trajectory_staleness_worst/mean:np.float64(0.0) - training/off_policy/trajectory_staleness_worst/max:np.int64(0) - training/off_policy/trajectory_staleness_worst/min:np.int64(0)
[36m(TaskRunnerV1 pid=305803)[0m [RolloutTqSkip()] [33mNo cached data found for step 9. The trainer will generate and dump the data.[0m
[36m(TaskRunnerV1 pid=305803)[0m [RolloutTqSkip()] [33mDump TQ batch at step 9 (16 trajectories) to /home/p00938733/rlmh-cache/16k4k-recompute-20260911-183559/rlmh_combinations_a100_rlmh_combinations_a100/GBS4_N4_in16640_out4096/9/0[0m
[36m(vLLMHttpServer pid=311308)[0m (EngineCore pid=311929) WARNING 09-11 18:56:20 [scheduler.py:1948] reset_connector called but no KV connector is configured.
[36m(vLLMHttpServer pid=311309)[0m (EngineCore pid=311907) WARNING 09-11 18:56:20 [scheduler.py:1948] reset_connector called but no KV connector is configured.
[36m(WorkerDict pid=307752)[0m Converting to HuggingFace ━━━━━━━━━━━━━━━━━━━━━━━━━━━━━━━━━━━━━━━━ 100% 0:00:00 (291/291) Qwen3Bridge
[36m(vLLMHttpServer pid=311309)[0m (EngineCore pid=311907) WARNING 09-11 18:56:22 [scheduler.py:1948] reset_connector called but no KV connector is configured.
[36m(vLLMHttpServer pid=311308)[0m (EngineCore pid=311929) WARNING 09-11 18:56:22 [scheduler.py:1948] reset_connector called but no KV connector is configured.
[36m(vLLMHttpServer pid=311308)[0m (EngineCore pid=311929) WARNING 09-11 18:56:24 [scheduler.py:1948] reset_connector called but no KV connector is configured.
[36m(vLLMHttpServer pid=311309)[0m (EngineCore pid=311907) WARNING 09-11 18:56:24 [scheduler.py:1948] reset_connector called but no KV connector is configured.
[36m(TaskRunnerV1 pid=305803)[0m Training Progress:  75%|███████▌  | 9/12 [16:28<05:04, 101.44s/it]
[36m(TaskRunnerV1 pid=305803)[0m step:9 - global_seqlen/min:323496.0 - global_seqlen/max:323496.0 - global_seqlen/minmax_diff:0.0 - global_seqlen/balanced_min:323496.0 - global_seqlen/balanced_max:323496.0 - global_seqlen/mean:323496.0 - actor/entropy:0.0120170209556818 - training/rollout_probs_diff_valid:1.0 - training/rollout_probs_diff_max:0.13022518157958984 - training/rollout_probs_diff_mean:0.0005587955238297582 - training/rollout_probs_diff_std:0.003981983754783869 - training/rollout_actor_probs_pearson_corr:0.9971923232078552 - rollout_corr/training_ppl:1.0094373226165771 - rollout_corr/training_log_ppl:0.009381907060742378 - rollout_corr/kl:0.0005271186819300056 - rollout_corr/k3_kl:3.16445148200728e-05 - rollout_corr/rollout_ppl:1.0089045763015747 - rollout_corr/rollout_log_ppl:0.008854789659380913 - rollout_corr/log_ppl_diff:0.0005271182162687182 - rollout_corr/log_ppl_abs_diff:0.0005271182162687182 - rollout_corr/log_ppl_diff_max:0.0010912790894508362 - rollout_corr/log_ppl_diff_min:0.00026717130094766617 - rollout_corr/ppl_ratio:1.000527262687683 - rollout_corr/chi2_token:-0.0009288191795349121 - rollout_corr/chi2_seq:-0.9659045338630676 - actor/pg_clipfrac:0.0 - actor/ppo_kl:0.0 - actor/pg_clipfrac_lower:0.0 - actor/pg_loss:-1.2042000889778137e-06 - actor/entropy_loss:0.012017021450446919 - actor/kl_loss:0.0 - actor/kl_coef:0.001 - actor/loss:-1.3228505849838257e-05 - actor/grad_norm:0.7368175704032183 - actor/perf/max_memory_allocated_gb:33.38013029098511 - actor/perf/max_memory_reserved_gb:35.59375 - actor/perf/cpu_memory_used_gb:284.6550540924072 - actor/lr:0.0 - perf/mfu/actor:0.31341944020638 - training/global_step:9 - training/epoch:4 - critic/score/mean:0.9680998921394348 - critic/score/max:0.9992179870605469 - critic/score/min:0.9503129124641418 - critic/rewards/mean:0.9680998921394348 - critic/rewards/max:0.9992179870605469 - critic/rewards/min:0.9503129124641418 - critic/advantages/mean:1.1846423149108887e-06 - critic/advantages/max:1.3772647380828857 - critic/advantages/min:-1.282400369644165 - critic/returns/mean:1.1846423149108887e-06 - critic/returns/max:1.3772647380828857 - critic/returns/min:-1.282400369644165 - response_length/mean:4096.0 - response_length/max:4096.0 - response_length/min:4096.0 - response_length/clip_ratio:1.0 - response_length_non_aborted/mean:4096.0 - response_length_non_aborted/max:4096.0 - response_length_non_aborted/min:4096.0 - response_length_non_aborted/clip_ratio:1.0 - response/aborted_ratio:0.0 - prompt_length/mean:16122.5 - prompt_length/max:16267.0 - prompt_length/min:15689.0 - prompt_length/clip_ratio:0.75 - timing_s/gen:37.66310242691543 - timing_s/old_log_prob:9.303496528998949 - timing_s/ref:11.703570742043667 - timing_s/adv:0.11455836100503802 - timing_s/update_actor:35.62009870400652 - timing_s/update_weights:4.6286160700256005 - timing_s/step:99.06068853393663 - timing_per_token_ms/ref:0.03617840944569227 - timing_per_token_ms/gen:0.5746933353716344 - timing_per_token_ms/update_actor:0.11010985824865384 - timing_per_token_ms/adv:0.00035412605103320605 - perf/total_num_tokens:323496 - perf/time_per_step:99.06068853393663 - perf/throughput:408.2043098877404 - training/num_turns/mean:np.float64(2.0) - training/num_turns/max:np.int64(2) - training/num_turns/min:np.int64(2) - training/off_policy/trajectory_spans/mean:np.float64(1.0) - training/off_policy/trajectory_spans/max:np.int64(1) - training/off_policy/trajectory_spans/min:np.int64(1) - training/off_policy/trajectory_staleness/mean:np.float64(0.0) - training/off_policy/trajectory_staleness/max:np.int64(0) - training/off_policy/trajectory_staleness/min:np.int64(0) - training/off_policy/trajectory_staleness_worst/mean:np.float64(0.0) - training/off_policy/trajectory_staleness_worst/max:np.int64(0) - training/off_policy/trajectory_staleness_worst/min:np.int64(0)
[36m(TaskRunnerV1 pid=305803)[0m [RolloutTqSkip()] [33mNo cached data found for step 10. The trainer will generate and dump the data.[0m
[36m(TransferQueueController pid=306657)[0m 2026-09-11 18:56:44,257 - INFO - transfer_queue.utils.perf_utils - TQ_CONTROLLER_5577b6a0: [Performance] Total success requests: 336, Total req/min: 66.88, Total avg process time: 0.0004s; 
[36m(TransferQueueController pid=306657)[0m Time range: last 5.02 minutes; 
[36m(TransferQueueController pid=306657)[0m Per-operation statistics: KV_LIST: req_count=57, req/min=11.35, avg_time=0.000058s, max_time=0.000245s, min_time=0.000030s; KV_RETRIEVE_META: req_count=114, req/min=22.69, avg_time=0.000899s, max_time=0.002223s, min_time=0.000333s; NOTIFY_DATA_UPDATE: req_count=63, req/min=12.54, avg_time=0.000227s, max_time=0.000397s, min_time=0.000142s; SET_CUSTOM_META: req_count=90, req/min=17.91, avg_time=0.000028s, max_time=0.000055s, min_time=0.000016s; CLEAR_META: req_count=6, req/min=1.19, avg_time=0.000267s, max_time=0.000346s, min_time=0.000199s; KV_RETRIEVE_KEYS: req_count=6, req/min=1.19, avg_time=0.000053s, max_time=0.000063s, min_time=0.000045s
[36m(TaskRunnerV1 pid=305803)[0m [RolloutTqSkip()] [33mDump TQ batch at step 10 (16 trajectories) to /home/p00938733/rlmh-cache/16k4k-recompute-20260911-183559/rlmh_combinations_a100_rlmh_combinations_a100/GBS4_N4_in16640_out4096/10/0[0m
[36m(SimpleStorageUnit pid=306922)[0m 2026-09-11 18:56:59,950 - INFO - transfer_queue.utils.perf_utils - TQ_STORAGE_UNIT_c0d3381f: [Performance] Total success requests: 118, Total req/min: 23.51, Total avg process time: 0.0142s; 
[36m(SimpleStorageUnit pid=306922)[0m Time range: last 5.02 minutes; 
[36m(SimpleStorageUnit pid=306922)[0m Per-operation statistics: PUT_DATA: req_count=22, req/min=4.38, avg_time=0.013417s, max_time=0.016006s, min_time=0.006288s; CLEAR_DATA: req_count=7, req/min=1.39, avg_time=0.013332s, max_time=0.015719s, min_time=0.012426s; GET_DATA: req_count=89, req/min=17.73, avg_time=0.014466s, max_time=0.017701s, min_time=0.009533s
[36m(SimpleStorageUnit pid=306964)[0m 2026-09-11 18:56:59,948 - INFO - transfer_queue.utils.perf_utils - TQ_STORAGE_UNIT_c89d1db0: [Performance] Total success requests: 114, Total req/min: 22.71, Total avg process time: 0.0143s; 
[36m(SimpleStorageUnit pid=306964)[0m Time range: last 5.02 minutes; 
[36m(SimpleStorageUnit pid=306964)[0m Per-operation statistics: PUT_DATA: req_count=22, req/min=4.38, avg_time=0.012746s, max_time=0.016837s, min_time=0.009384s; GET_DATA: req_count=89, req/min=17.73, avg_time=0.014644s, max_time=0.018188s, min_time=0.009101s; CLEAR_DATA: req_count=3, req/min=0.60, avg_time=0.014455s, max_time=0.015264s, min_time=0.013405s
[36m(SimpleStorageUnit pid=306963)[0m 2026-09-11 18:56:59,948 - INFO - transfer_queue.utils.perf_utils - TQ_STORAGE_UNIT_18fa27a3: [Performance] Total success requests: 114, Total req/min: 22.71, Total avg process time: 0.0138s; 
[36m(SimpleStorageUnit pid=306963)[0m Time range: last 5.02 minutes; 
[36m(SimpleStorageUnit pid=306963)[0m Per-operation statistics: PUT_DATA: req_count=22, req/min=4.38, avg_time=0.012659s, max_time=0.015423s, min_time=0.009135s; GET_DATA: req_count=89, req/min=17.73, avg_time=0.014154s, max_time=0.018072s, min_time=0.009789s; CLEAR_DATA: req_count=3, req/min=0.60, avg_time=0.012933s, max_time=0.015166s, min_time=0.008608s
[36m(SimpleStorageUnit pid=306960)[0m 2026-09-11 18:56:59,951 - INFO - transfer_queue.utils.perf_utils - TQ_STORAGE_UNIT_20065b9f: [Performance] Total success requests: 118, Total req/min: 23.51, Total avg process time: 0.0142s; 
[36m(SimpleStorageUnit pid=306960)[0m Time range: last 5.02 minutes; 
[36m(SimpleStorageUnit pid=306960)[0m Per-operation statistics: PUT_DATA: req_count=22, req/min=4.38, avg_time=0.012326s, max_time=0.015119s, min_time=0.008317s; CLEAR_DATA: req_count=7, req/min=1.39, avg_time=0.013457s, max_time=0.015208s, min_time=0.012086s; GET_DATA: req_count=89, req/min=17.74, avg_time=0.014667s, max_time=0.019255s, min_time=0.007577s
[36m(SimpleStorageUnit pid=306961)[0m 2026-09-11 18:56:59,948 - INFO - transfer_queue.utils.perf_utils - TQ_STORAGE_UNIT_04fd0de2: [Performance] Total success requests: 118, Total req/min: 23.52, Total avg process time: 0.0135s; 
[36m(SimpleStorageUnit pid=306961)[0m Time range: last 5.02 minutes; 
[36m(SimpleStorageUnit pid=306961)[0m Per-operation statistics: PUT_DATA: req_count=22, req/min=4.38, avg_time=0.011900s, max_time=0.014773s, min_time=0.007535s; CLEAR_DATA: req_count=7, req/min=1.39, avg_time=0.013181s, max_time=0.014947s, min_time=0.011267s; GET_DATA: req_count=89, req/min=17.74, avg_time=0.013942s, max_time=0.017108s, min_time=0.007009s
[36m(SimpleStorageUnit pid=306962)[0m 2026-09-11 18:56:59,947 - INFO - transfer_queue.utils.perf_utils - TQ_STORAGE_UNIT_9ee923d4: [Performance] Total success requests: 114, Total req/min: 22.71, Total avg process time: 0.0139s; 
[36m(SimpleStorageUnit pid=306962)[0m Time range: last 5.02 minutes; 
[36m(SimpleStorageUnit pid=306962)[0m Per-operation statistics: PUT_DATA: req_count=22, req/min=4.38, avg_time=0.011924s, max_time=0.014655s, min_time=0.006963s; GET_DATA: req_count=89, req/min=17.73, avg_time=0.014448s, max_time=0.019877s, min_time=0.008325s; CLEAR_DATA: req_count=3, req/min=0.60, avg_time=0.013211s, max_time=0.014663s, min_time=0.010959s
[36m(SimpleStorageUnit pid=306951)[0m 2026-09-11 18:56:59,951 - INFO - transfer_queue.utils.perf_utils - TQ_STORAGE_UNIT_39cd27f4: [Performance] Total success requests: 118, Total req/min: 23.51, Total avg process time: 0.0142s; 
[36m(SimpleStorageUnit pid=306951)[0m Time range: last 5.02 minutes; 
[36m(SimpleStorageUnit pid=306951)[0m Per-operation statistics: PUT_DATA: req_count=22, req/min=4.38, avg_time=0.013397s, max_time=0.015509s, min_time=0.010583s; CLEAR_DATA: req_count=7, req/min=1.39, avg_time=0.013582s, max_time=0.015409s, min_time=0.012095s; GET_DATA: req_count=89, req/min=17.73, avg_time=0.014407s, max_time=0.017504s, min_time=0.009677s
[36m(SimpleStorageUnit pid=306965)[0m 2026-09-11 18:56:59,949 - INFO - transfer_queue.utils.perf_utils - TQ_STORAGE_UNIT_08502076: [Performance] Total success requests: 114, Total req/min: 22.71, Total avg process time: 0.0143s; 
[36m(SimpleStorageUnit pid=306965)[0m Time range: last 5.02 minutes; 
[36m(SimpleStorageUnit pid=306965)[0m Per-operation statistics: PUT_DATA: req_count=22, req/min=4.38, avg_time=0.013783s, max_time=0.016009s, min_time=0.010602s; GET_DATA: req_count=89, req/min=17.73, avg_time=0.014456s, max_time=0.019059s, min_time=0.009767s; CLEAR_DATA: req_count=3, req/min=0.60, avg_time=0.015302s, max_time=0.015660s, min_time=0.014660s
[36m(vLLMHttpServer pid=311308)[0m (EngineCore pid=311929) WARNING 09-11 18:57:59 [scheduler.py:1948] reset_connector called but no KV connector is configured.
[36m(vLLMHttpServer pid=311309)[0m (EngineCore pid=311907) WARNING 09-11 18:57:59 [scheduler.py:1948] reset_connector called but no KV connector is configured.
[36m(WorkerDict pid=307752)[0m Converting to HuggingFace ━━━━━━━━━━━━━━━━━━━━━━━━━━━━━━━━━━━━━━━━ 100% 0:00:00 (291/291) Qwen3Bridge
[36m(vLLMHttpServer pid=311309)[0m (EngineCore pid=311907) WARNING 09-11 18:58:00 [scheduler.py:1948] reset_connector called but no KV connector is configured.
[36m(vLLMHttpServer pid=311308)[0m (EngineCore pid=311929) WARNING 09-11 18:58:00 [scheduler.py:1948] reset_connector called but no KV connector is configured.
[36m(vLLMHttpServer pid=311308)[0m (EngineCore pid=311929) WARNING 09-11 18:58:03 [scheduler.py:1948] reset_connector called but no KV connector is configured.
[36m(vLLMHttpServer pid=311309)[0m (EngineCore pid=311907) WARNING 09-11 18:58:03 [scheduler.py:1948] reset_connector called but no KV connector is configured.
[36m(TaskRunnerV1 pid=305803)[0m Training Progress:  83%|████████▎ | 10/12 [18:08<03:21, 100.86s/it]
[36m(TaskRunnerV1 pid=305803)[0m step:10 - global_seqlen/min:316476.0 - global_seqlen/max:316476.0 - global_seqlen/minmax_diff:0.0 - global_seqlen/balanced_min:316476.0 - global_seqlen/balanced_max:316476.0 - global_seqlen/mean:316476.0 - actor/entropy:0.013150349259376526 - training/rollout_probs_diff_valid:1.0 - training/rollout_probs_diff_max:0.26836907863616943 - training/rollout_probs_diff_mean:0.0006408096523955464 - training/rollout_probs_diff_std:0.004503878299146891 - training/rollout_actor_probs_pearson_corr:0.9968323707580566 - rollout_corr/training_ppl:1.0102440118789673 - rollout_corr/training_log_ppl:0.010171845555305481 - rollout_corr/kl:0.0006623199442401528 - rollout_corr/k3_kl:3.4466429497115314e-05 - rollout_corr/rollout_ppl:1.0095734596252441 - rollout_corr/rollout_log_ppl:0.009509525261819363 - rollout_corr/log_ppl_diff:0.0006623194785788655 - rollout_corr/log_ppl_abs_diff:0.0006623194785788655 - rollout_corr/log_ppl_diff_max:0.0016090814024209976 - rollout_corr/log_ppl_diff_min:0.00025156186893582344 - rollout_corr/ppl_ratio:1.0006625652313232 - rollout_corr/chi2_token:-0.0011910200119018555 - rollout_corr/chi2_seq:-0.9813500642776489 - actor/pg_clipfrac:0.0 - actor/ppo_kl:0.0 - actor/pg_clipfrac_lower:0.0 - actor/pg_loss:3.8975849747657776e-07 - actor/entropy_loss:0.013150350365322083 - actor/kl_loss:0.0 - actor/kl_coef:0.001 - actor/loss:-1.2770295143127441e-05 - actor/grad_norm:0.24731431901454926 - actor/perf/max_memory_allocated_gb:33.38013029098511 - actor/perf/max_memory_reserved_gb:35.59375 - actor/perf/cpu_memory_used_gb:284.7589159011841 - actor/lr:0.0 - perf/mfu/actor:0.3128541530415796 - training/global_step:10 - training/epoch:4 - critic/score/mean:0.974216878414154 - critic/score/max:0.9977272152900696 - critic/score/min:0.9505751132965088 - critic/rewards/mean:0.974216878414154 - critic/rewards/max:0.9977272152900696 - critic/rewards/min:0.9505751132965088 - critic/advantages/mean:-2.998858690261841e-07 - critic/advantages/max:1.1383490562438965 - critic/advantages/min:-1.3540806770324707 - critic/returns/mean:-2.998858690261841e-07 - critic/returns/max:1.1383490562438965 - critic/returns/min:-1.3540806770324707 - response_length/mean:4096.0 - response_length/max:4096.0 - response_length/min:4096.0 - response_length/clip_ratio:1.0 - response_length_non_aborted/mean:4096.0 - response_length_non_aborted/max:4096.0 - response_length_non_aborted/min:4096.0 - response_length_non_aborted/clip_ratio:1.0 - response/aborted_ratio:0.0 - prompt_length/mean:15683.75 - prompt_length/max:15689.0 - prompt_length/min:15677.0 - prompt_length/clip_ratio:0.5 - timing_s/gen:35.668963695992716 - timing_s/old_log_prob:9.70605436898768 - timing_s/ref:11.129634576034732 - timing_s/adv:0.11540868098381907 - timing_s/update_actor:37.223594501032494 - timing_s/update_weights:5.584000796079636 - timing_s/step:99.45734903099947 - timing_per_token_ms/ref:0.03516738892059661 - timing_per_token_ms/gen:0.5442651931151232 - timing_per_token_ms/update_actor:0.11761901218744074 - timing_per_token_ms/adv:0.000364668034807755 - perf/total_num_tokens:316476 - perf/time_per_step:99.45734903099947 - perf/throughput:397.7534127485125 - training/num_turns/mean:np.float64(2.0) - training/num_turns/max:np.int64(2) - training/num_turns/min:np.int64(2) - training/off_policy/trajectory_spans/mean:np.float64(1.0) - training/off_policy/trajectory_spans/max:np.int64(1) - training/off_policy/trajectory_spans/min:np.int64(1) - training/off_policy/trajectory_staleness/mean:np.float64(0.0) - training/off_policy/trajectory_staleness/max:np.int64(0) - training/off_policy/trajectory_staleness/min:np.int64(0) - training/off_policy/trajectory_staleness_worst/mean:np.float64(0.0) - training/off_policy/trajectory_staleness_worst/max:np.int64(0) - training/off_policy/trajectory_staleness_worst/min:np.int64(0)
[36m(TaskRunnerV1 pid=305803)[0m [RolloutTqSkip()] [33mNo cached data found for step 11. The trainer will generate and dump the data.[0m
[36m(TaskRunnerV1 pid=305803)[0m [RolloutTqSkip()] [33mDump TQ batch at step 11 (16 trajectories) to /home/p00938733/rlmh-cache/16k4k-recompute-20260911-183559/rlmh_combinations_a100_rlmh_combinations_a100/GBS4_N4_in16640_out4096/11/0[0m
[36m(vLLMHttpServer pid=311308)[0m (EngineCore pid=311929) WARNING 09-11 18:59:40 [scheduler.py:1948] reset_connector called but no KV connector is configured.
[36m(vLLMHttpServer pid=311309)[0m (EngineCore pid=311907) WARNING 09-11 18:59:40 [scheduler.py:1948] reset_connector called but no KV connector is configured.
[36m(WorkerDict pid=307752)[0m Converting to HuggingFace ━━━━━━━━━━━━━━━━━━━━━━━━━━━━━━━━━━━━━━━━ 100% 0:00:00 (291/291) Qwen3Bridge
[36m(vLLMHttpServer pid=311308)[0m (EngineCore pid=311929) WARNING 09-11 18:59:42 [scheduler.py:1948] reset_connector called but no KV connector is configured.
[36m(vLLMHttpServer pid=311309)[0m (EngineCore pid=311907) WARNING 09-11 18:59:42 [scheduler.py:1948] reset_connector called but no KV connector is configured.
[36m(vLLMHttpServer pid=311308)[0m (EngineCore pid=311929) WARNING 09-11 18:59:45 [scheduler.py:1948] reset_connector called but no KV connector is configured.
[36m(TaskRunnerV1 pid=305803)[0m Training Progress:  92%|█████████▏| 11/12 [19:49<01:41, 101.13s/it]
[36m(TaskRunnerV1 pid=305803)[0m step:11 - global_seqlen/min:323496.0 - global_seqlen/max:323496.0 - global_seqlen/minmax_diff:0.0 - global_seqlen/balanced_min:323496.0 - global_seqlen/balanced_max:323496.0 - global_seqlen/mean:323496.0 - actor/entropy:0.017993781715631485 - training/rollout_probs_diff_valid:1.0 - training/rollout_probs_diff_max:0.19354045391082764 - training/rollout_probs_diff_mean:0.0006144919316284359 - training/rollout_probs_diff_std:0.00431393925100565 - training/rollout_actor_probs_pearson_corr:0.9979289770126343 - rollout_corr/training_ppl:1.0154021978378296 - rollout_corr/training_log_ppl:0.014915786683559418 - rollout_corr/kl:0.0007019289187155664 - rollout_corr/k3_kl:4.157511284574866e-05 - rollout_corr/rollout_ppl:1.0146682262420654 - rollout_corr/rollout_log_ppl:0.014213860034942627 - rollout_corr/log_ppl_diff:0.0007019276963546872 - rollout_corr/log_ppl_abs_diff:0.0007019276963546872 - rollout_corr/log_ppl_diff_max:0.003670893609523773 - rollout_corr/log_ppl_diff_min:0.00024730293080210686 - rollout_corr/ppl_ratio:1.0007023811340332 - rollout_corr/chi2_token:-0.0012417435646057129 - rollout_corr/chi2_seq:-0.9715029001235962 - actor/pg_clipfrac:0.0 - actor/ppo_kl:0.0 - actor/pg_clipfrac_lower:0.0 - actor/pg_loss:-4.998873919248581e-07 - actor/entropy_loss:0.017993782239500433 - actor/kl_loss:0.0 - actor/kl_coef:0.001 - actor/loss:-1.850724220275879e-05 - actor/grad_norm:0.8527938537299633 - actor/perf/max_memory_allocated_gb:33.38013029098511 - actor/perf/max_memory_reserved_gb:35.59375 - actor/perf/cpu_memory_used_gb:285.3342800140381 - actor/lr:0.0 - perf/mfu/actor:0.3118348579676669 - training/global_step:11 - training/epoch:5 - critic/score/mean:0.9725672006607056 - critic/score/max:0.9997574090957642 - critic/score/min:0.9509874582290649 - critic/rewards/mean:0.9725672006607056 - critic/rewards/max:0.9997574090957642 - critic/rewards/min:0.9509874582290649 - critic/advantages/mean:5.662441253662109e-07 - critic/advantages/max:1.3580548763275146 - critic/advantages/min:-1.1410249471664429 - critic/returns/mean:5.662441253662109e-07 - critic/returns/max:1.3580548763275146 - critic/returns/min:-1.1410249471664429 - response_length/mean:4096.0 - response_length/max:4096.0 - response_length/min:4096.0 - response_length/clip_ratio:1.0 - response_length_non_aborted/mean:4096.0 - response_length_non_aborted/max:4096.0 - response_length_non_aborted/min:4096.0 - response_length_non_aborted/clip_ratio:1.0 - response/aborted_ratio:0.0 - prompt_length/mean:16122.5 - prompt_length/max:16267.0 - prompt_length/min:15689.0 - prompt_length/clip_ratio:0.75 - timing_s/gen:37.61646172602195 - timing_s/old_log_prob:10.079964386997744 - timing_s/ref:10.933594326954335 - timing_s/adv:0.11710916296578944 - timing_s/update_actor:37.19885763898492 - timing_s/update_weights:5.688960753963329 - timing_s/step:101.66310839704238 - timing_per_token_ms/ref:0.03379823653755946 - timing_per_token_ms/gen:0.5739816547549736 - timing_per_token_ms/update_actor:0.11499016259547233 - timing_per_token_ms/adv:0.00036201116231974876 - perf/total_num_tokens:323496 - perf/time_per_step:101.66310839704238 - perf/throughput:397.75490477897296 - training/num_turns/mean:np.float64(2.0) - training/num_turns/max:np.int64(2) - training/num_turns/min:np.int64(2) - training/off_policy/trajectory_spans/mean:np.float64(1.0) - training/off_policy/trajectory_spans/max:np.int64(1) - training/off_policy/trajectory_spans/min:np.int64(1) - training/off_policy/trajectory_staleness/mean:np.float64(0.0) - training/off_policy/trajectory_staleness/max:np.int64(0) - training/off_policy/trajectory_staleness/min:np.int64(0) - training/off_policy/trajectory_staleness_worst/mean:np.float64(0.0) - training/off_policy/trajectory_staleness_worst/max:np.int64(0) - training/off_policy/trajectory_staleness_worst/min:np.int64(0)
[36m(TaskRunnerV1 pid=305803)[0m [RolloutTqSkip()] [33mNo cached data found for step 12. The trainer will generate and dump the data.[0m
[36m(vLLMHttpServer pid=311309)[0m (EngineCore pid=311907) WARNING 09-11 18:59:45 [scheduler.py:1948] reset_connector called but no KV connector is configured.
[36m(TaskRunnerV1 pid=305803)[0m [RolloutTqSkip()] [33mDump TQ batch at step 12 (16 trajectories) to /home/p00938733/rlmh-cache/16k4k-recompute-20260911-183559/rlmh_combinations_a100_rlmh_combinations_a100/GBS4_N4_in16640_out4096/12/0[0m
[36m(vLLMHttpServer pid=311308)[0m (EngineCore pid=311929) WARNING 09-11 19:01:19 [scheduler.py:1948] reset_connector called but no KV connector is configured.
[36m(vLLMHttpServer pid=311309)[0m (EngineCore pid=311907) WARNING 09-11 19:01:19 [scheduler.py:1948] reset_connector called but no KV connector is configured.
[36m(WorkerDict pid=307752)[0m Converting to HuggingFace ━━━━━━━━━━━━━━━━━━━━━━━━━━━━━━━━━━━━━━━━ 100% 0:00:00 (291/291) Qwen3Bridge
[36m(vLLMHttpServer pid=311309)[0m (EngineCore pid=311907) WARNING 09-11 19:01:21 [scheduler.py:1948] reset_connector called but no KV connector is configured.
[36m(vLLMHttpServer pid=311308)[0m (EngineCore pid=311929) WARNING 09-11 19:01:21 [scheduler.py:1948] reset_connector called but no KV connector is configured.
[36m(vLLMHttpServer pid=311308)[0m (EngineCore pid=311929) WARNING 09-11 19:01:22 [scheduler.py:1948] reset_connector called but no KV connector is configured.
[36m(vLLMHttpServer pid=311309)[0m (EngineCore pid=311907) WARNING 09-11 19:01:22 [scheduler.py:1948] reset_connector called but no KV connector is configured.
[36m(TaskRunnerV1 pid=305803)[0m Training Progress: 100%|██████████| 12/12 [21:27<00:00, 100.02s/it]Training Progress: 100%|██████████| 12/12 [21:27<00:00, 107.29s/it]
[36m(TaskRunnerV1 pid=305803)[0m step:12 - global_seqlen/min:316476.0 - global_seqlen/max:316476.0 - global_seqlen/minmax_diff:0.0 - global_seqlen/balanced_min:316476.0 - global_seqlen/balanced_max:316476.0 - global_seqlen/mean:316476.0 - actor/entropy:0.009554175660014153 - training/rollout_probs_diff_valid:1.0 - training/rollout_probs_diff_max:0.8808243274688721 - training/rollout_probs_diff_mean:0.0004969767760485411 - training/rollout_probs_diff_std:0.005165926180779934 - training/rollout_actor_probs_pearson_corr:0.9943098425865173 - rollout_corr/training_ppl:1.0075469017028809 - rollout_corr/training_log_ppl:0.007512383628636599 - rollout_corr/kl:0.0005054917419329286 - rollout_corr/k3_kl:4.9056608986575156e-05 - rollout_corr/rollout_ppl:1.0070371627807617 - rollout_corr/rollout_log_ppl:0.007006892003118992 - rollout_corr/log_ppl_diff:0.0005054912762716413 - rollout_corr/log_ppl_abs_diff:0.0005054912762716413 - rollout_corr/log_ppl_diff_max:0.0012981370091438293 - rollout_corr/log_ppl_diff_min:8.45517497509718e-05 - rollout_corr/ppl_ratio:1.0005056858062744 - rollout_corr/chi2_token:-0.0008431077003479004 - rollout_corr/chi2_seq:-0.9181511402130127 - actor/pg_clipfrac:0.0 - actor/ppo_kl:0.0 - actor/pg_clipfrac_lower:0.0 - actor/pg_loss:-1.7601996660232544e-07 - actor/entropy_loss:0.00955417548539117 - actor/kl_loss:0.0 - actor/kl_coef:0.001 - actor/loss:-9.723007678985596e-06 - actor/grad_norm:0.3248886503279209 - actor/perf/max_memory_allocated_gb:33.38013029098511 - actor/perf/max_memory_reserved_gb:35.59375 - actor/perf/cpu_memory_used_gb:285.2854013442993 - actor/lr:0.0 - perf/mfu/actor:0.31614223894596594 - training/global_step:12 - training/epoch:5 - critic/score/mean:0.9763226509094238 - critic/score/max:0.9989675283432007 - critic/score/min:0.9526306986808777 - critic/rewards/mean:0.9763226509094238 - critic/rewards/max:0.9989675283432007 - critic/rewards/min:0.9526306986808777 - critic/advantages/mean:1.4901161193847656e-07 - critic/advantages/max:1.433760166168213 - critic/advantages/min:-1.1915532350540161 - critic/returns/mean:1.4901161193847656e-07 - critic/returns/max:1.433760166168213 - critic/returns/min:-1.1915532350540161 - response_length/mean:4096.0 - response_length/max:4096.0 - response_length/min:4096.0 - response_length/clip_ratio:1.0 - response_length_non_aborted/mean:4096.0 - response_length_non_aborted/max:4096.0 - response_length_non_aborted/min:4096.0 - response_length_non_aborted/clip_ratio:1.0 - response/aborted_ratio:0.0 - prompt_length/mean:15683.75 - prompt_length/max:15689.0 - prompt_length/min:15677.0 - prompt_length/clip_ratio:0.5 - timing_s/gen:35.636131520033814 - timing_s/old_log_prob:9.797582119936123 - timing_s/ref:11.100021862075664 - timing_s/adv:0.11142986000049859 - timing_s/update_actor:36.25899287906941 - timing_s/update_weights:4.442215705988929 - timing_s/step:97.37269098893739 - timing_per_token_ms/ref:0.03507381874794823 - timing_per_token_ms/gen:0.5437642138677035 - timing_per_token_ms/update_actor:0.11457106661822511 - timing_per_token_ms/adv:0.000352095767137156 - perf/total_num_tokens:316476 - perf/time_per_step:97.37269098893739 - perf/throughput:406.26894048244384 - training/num_turns/mean:np.float64(2.0) - training/num_turns/max:np.int64(2) - training/num_turns/min:np.int64(2) - training/off_policy/trajectory_spans/mean:np.float64(1.0) - training/off_policy/trajectory_spans/max:np.int64(1) - training/off_policy/trajectory_spans/min:np.int64(1) - training/off_policy/trajectory_staleness/mean:np.float64(0.0) - training/off_policy/trajectory_staleness/max:np.int64(0) - training/off_policy/trajectory_staleness/min:np.int64(0) - training/off_policy/trajectory_staleness_worst/mean:np.float64(0.0) - training/off_policy/trajectory_staleness_worst/max:np.int64(0) - training/off_policy/trajectory_staleness_worst/min:np.int64(0)
[36m(TaskRunnerV1 pid=305803)[0m 'Final validation metrics: None'
