+ export CUDA_DEVICE_MAX_CONNECTIONS=1
+ CUDA_DEVICE_MAX_CONNECTIONS=1
+ INFER_BACKEND=vllm
+ MODEL_PATH=/home/p00938733/Qwen3-8B
+ NNODES=1
+ NGPUS_PER_NODE=8
+ train_batch_size=1024
+ ppo_mini_batch_size=256
+ max_prompt_length=8448
+ max_response_length=8192
+ ppo_max_token_len_per_gpu=49152
+ actor_lr=1e-6
+ kl_loss_coef=0.001
+ entropy_coeff=0
+ actor_tp=2
+ actor_pp=2
+ rollout_tp=2
+ rollout_gpu_mem_util=0.6
+ rollout_n=5
+ total_epochs=15
+ save_freq=20
+ test_freq=5
+ project_name=verl_grpo_gsm8k_math
+ experiment_name=qwen3_8b_vllm_megatron
+ DATA=(algorithm.adv_estimator=grpo algorithm.use_kl_in_reward=False data.train_files="['$HOME/data/gsm8k/train.parquet', '$HOME/data/math/train.parquet']" data.val_files="['$HOME/data/gsm8k/test.parquet', '$HOME/data/math/test.parquet']" data.train_batch_size=${train_batch_size} data.max_prompt_length=${max_prompt_length} data.max_response_length=${max_response_length} data.filter_overlong_prompts=True data.truncation='error')
+ MODEL=(actor_rollout_ref.model.path="$MODEL_PATH" actor_rollout_ref.model.use_remove_padding=True)
+ ACTOR=(actor_rollout_ref.actor.optim.lr=${actor_lr} actor_rollout_ref.actor.ppo_mini_batch_size=${ppo_mini_batch_size} actor_rollout_ref.actor.use_dynamic_bsz=True actor_rollout_ref.actor.ppo_max_token_len_per_gpu=${ppo_max_token_len_per_gpu} actor_rollout_ref.actor.use_kl_loss=True actor_rollout_ref.actor.kl_loss_coef=${kl_loss_coef} actor_rollout_ref.actor.kl_loss_type=low_var_kl actor_rollout_ref.actor.entropy_coeff=${entropy_coeff} actor_rollout_ref.actor.megatron.tensor_model_parallel_size=${actor_tp} actor_rollout_ref.actor.megatron.pipeline_model_parallel_size=${actor_pp})
+ ROLLOUT=(actor_rollout_ref.rollout.name=${INFER_BACKEND} actor_rollout_ref.rollout.tensor_model_parallel_size=${rollout_tp} actor_rollout_ref.rollout.gpu_memory_utilization=${rollout_gpu_mem_util} actor_rollout_ref.rollout.n=${rollout_n} actor_rollout_ref.rollout.log_prob_use_dynamic_bsz=True actor_rollout_ref.rollout.log_prob_max_token_len_per_gpu=${ppo_max_token_len_per_gpu})
+ REF=(actor_rollout_ref.ref.log_prob_use_dynamic_bsz=True actor_rollout_ref.ref.log_prob_max_token_len_per_gpu=${ppo_max_token_len_per_gpu} actor_rollout_ref.ref.megatron.tensor_model_parallel_size=${actor_tp} actor_rollout_ref.ref.megatron.pipeline_model_parallel_size=${actor_pp})
+ TRAINER=(trainer.balance_batch=True trainer.logger='["console","wandb"]' trainer.project_name=${project_name} trainer.experiment_name=${experiment_name} trainer.n_gpus_per_node=${NGPUS_PER_NODE} trainer.nnodes=${NNODES} trainer.save_freq=${save_freq} trainer.test_freq=${test_freq} trainer.total_epochs=${total_epochs})
+ EXTRA=(model_engine=megatron)
+ LAUNCH=(python3)
+ RAY=(ray_kwargs.ray_init.runtime_env.py_executable=null)
+ '[' 0 '!=' 0 ']'
+ python3 -m verl.trainer.main_ppo algorithm.adv_estimator=grpo algorithm.use_kl_in_reward=False 'data.train_files=['\''/root/data/gsm8k/train.parquet'\'', '\''/root/data/math/train.parquet'\'']' 'data.val_files=['\''/root/data/gsm8k/test.parquet'\'', '\''/root/data/math/test.parquet'\'']' data.train_batch_size=1024 data.max_prompt_length=8448 data.max_response_length=8192 data.filter_overlong_prompts=True data.truncation=error actor_rollout_ref.model.path=/home/p00938733/Qwen3-8B actor_rollout_ref.model.use_remove_padding=True actor_rollout_ref.actor.optim.lr=1e-6 actor_rollout_ref.actor.ppo_mini_batch_size=256 actor_rollout_ref.actor.use_dynamic_bsz=True actor_rollout_ref.actor.ppo_max_token_len_per_gpu=49152 actor_rollout_ref.actor.use_kl_loss=True actor_rollout_ref.actor.kl_loss_coef=0.001 actor_rollout_ref.actor.kl_loss_type=low_var_kl actor_rollout_ref.actor.entropy_coeff=0 actor_rollout_ref.actor.megatron.tensor_model_parallel_size=2 actor_rollout_ref.actor.megatron.pipeline_model_parallel_size=2 actor_rollout_ref.rollout.name=vllm actor_rollout_ref.rollout.tensor_model_parallel_size=2 actor_rollout_ref.rollout.gpu_memory_utilization=0.6 actor_rollout_ref.rollout.n=5 actor_rollout_ref.rollout.log_prob_use_dynamic_bsz=True actor_rollout_ref.rollout.log_prob_max_token_len_per_gpu=49152 actor_rollout_ref.ref.log_prob_use_dynamic_bsz=True actor_rollout_ref.ref.log_prob_max_token_len_per_gpu=49152 actor_rollout_ref.ref.megatron.tensor_model_parallel_size=2 actor_rollout_ref.ref.megatron.pipeline_model_parallel_size=2 trainer.balance_batch=True 'trainer.logger=["console","wandb"]' trainer.project_name=verl_grpo_gsm8k_math trainer.experiment_name=qwen3_8b_vllm_megatron trainer.n_gpus_per_node=8 trainer.nnodes=1 trainer.save_freq=20 trainer.test_freq=5 trainer.total_epochs=15 model_engine=megatron ray_kwargs.ray_init.runtime_env.py_executable=null actor_rollout_ref.model.path=/home/p00938733/Qwen3-8B data.train_files=/home/p00938733/ruler-verl/8k8k/train.parquet data.val_files=/home/p00938733/ruler-verl/8k8k/test.parquet data.max_prompt_length=8448 data.max_response_length=8192 data.train_batch_size=4 data.gen_batch_size=4 data.shuffle=false data.seed=42 actor_rollout_ref.model.use_remove_padding=true actor_rollout_ref.actor.megatron.vanilla_mbridge=false actor_rollout_ref.actor.megatron.use_remove_padding=true actor_rollout_ref.actor.megatron.sequence_parallel=true actor_rollout_ref.actor.megatron.tensor_model_parallel_size=2 actor_rollout_ref.actor.megatron.pipeline_model_parallel_size=2 actor_rollout_ref.actor.megatron.context_parallel_size=2 actor_rollout_ref.ref.megatron.sequence_parallel=true actor_rollout_ref.ref.megatron.tensor_model_parallel_size=2 actor_rollout_ref.ref.megatron.pipeline_model_parallel_size=2 actor_rollout_ref.ref.megatron.context_parallel_size=2 actor_rollout_ref.actor.megatron.param_offload=true actor_rollout_ref.actor.megatron.optimizer_offload=true actor_rollout_ref.ref.megatron.param_offload=true actor_rollout_ref.actor.ppo_mini_batch_size=1 actor_rollout_ref.actor.data_loader_seed=42 actor_rollout_ref.actor.optim.lr=0.0 actor_rollout_ref.actor.calculate_entropy=true actor_rollout_ref.actor.entropy_coeff=0.001 actor_rollout_ref.rollout.n=4 actor_rollout_ref.rollout.seed=42 actor_rollout_ref.rollout.tensor_model_parallel_size=4 actor_rollout_ref.rollout.gpu_memory_utilization=0.5 actor_rollout_ref.rollout.ignore_eos=true actor_rollout_ref.rollout.max_model_len=16640 trainer.use_v1=true trainer.v1.trainer_mode=sync trainer.total_training_steps=4 trainer.resume_mode=disable trainer.val_before_train=false trainer.n_gpus_per_node=8 trainer.nnodes=1 'trainer.logger=["console"]' trainer.project_name=rlmh_combinations_a100 trainer.experiment_name=rlmh_combinations_a100 trainer.save_freq=-1 trainer.test_freq=-1 skip.rollout.enable=false skip.rollout_tq.enable=true skip.rollout_tq.dump_dir=/home/p00938733/rlmh-cache/8k8k-recompute-20260911-131445 'skip.rollout_tq.steps=[1,2,3,4]' skip.rollout_tq.action=cache data.filter_overlong_prompts=false data.truncation=error data.dataloader_num_workers=0 +data.apply_chat_template_kwargs.enable_thinking=false reward.custom_reward_function.path=/home/p00938733/ruler-verl/ruler_niah_reward.py reward.custom_reward_function.name=compute_score actor_rollout_ref.rollout.temperature=1.0 actor_rollout_ref.rollout.top_p=0.95 actor_rollout_ref.rollout.max_num_batched_tokens=65536 actor_rollout_ref.rollout.max_model_len=16640 actor_rollout_ref.rollout.ignore_eos=true actor_rollout_ref.actor.megatron.override_transformer_config.recompute_granularity=full actor_rollout_ref.actor.megatron.override_transformer_config.recompute_method=uniform actor_rollout_ref.actor.megatron.override_transformer_config.recompute_num_layers=1 actor_rollout_ref.actor.use_dynamic_bsz=false actor_rollout_ref.actor.ppo_micro_batch_size_per_gpu=1 actor_rollout_ref.rollout.log_prob_use_dynamic_bsz=false actor_rollout_ref.rollout.log_prob_micro_batch_size_per_gpu=1 actor_rollout_ref.ref.log_prob_use_dynamic_bsz=false actor_rollout_ref.ref.log_prob_micro_batch_size_per_gpu=1 '+ray_kwargs.ray_init.runtime_env.env_vars.VERL_RESPONSE_ONLY_LM_HEAD_PROFILE="0"' actor_rollout_ref.model.use_fused_kernels=false actor_rollout_ref.actor.megatron.response_only_lm_head=false actor_rollout_ref.ref.megatron.response_only_lm_head=false
/home/p00938733/verl-090/verl/trainer/main_ppo.py:180: UserWarning: Disabled critic as algorithm.adv_estimator != gae. If it is not intended, please set critic.enable=True
  use_critic=need_critic(config),
[validate_config] All configuration checks passed successfully!
ray init kwargs: {'num_cpus': None, 'runtime_env': {'env_vars': {'NCCL_DEBUG': 'WARN', 'VLLM_LOGGING_LEVEL': 'WARN', 'VLLM_ALLOW_RUNTIME_LORA_UPDATING': 'true', 'VLLM_DISABLE_COMPILE_CACHE': '1', 'HCCL_HOST_SOCKET_PORT_RANGE': 'auto', 'HCCL_NPU_SOCKET_PORT_RANGE': 'auto', 'HSA_NO_SCRATCH_RECLAIM': '1', 'VERL_FULL_DETERMINISM': '0', 'VLLM_BATCH_INVARIANT': '0', 'VERL_RL_INSIGHT_ENABLE': '0', 'VERL_RESPONSE_ONLY_LM_HEAD_PROFILE': '0'}, 'working_dir': None, 'py_executable': None}}
2026-09-11 13:15:04,992	INFO worker.py:1814 -- Connecting to existing Ray cluster at address: 10.90.67.85:6389...
2026-09-11 13:15:05,007	INFO worker.py:2003 -- Connected to Ray cluster. View the dashboard at [1m[32mhttp://10.90.67.85:8265 [39m[22m
/opt/dev/lib/python3.12/site-packages/ray/_private/worker.py:2051: FutureWarning: Tip: In future versions of Ray, Ray will no longer override accelerator visible devices env var if num_gpus=0 or num_gpus=None (default). To enable this behavior and turn off this error message, set RAY_ACCEL_ENV_VAR_OVERRIDE_ON_ZERO=0
  warnings.warn(
[36m(TaskRunnerV1 pid=178100)[0m WARNING:2026-09-11 13:15:22,117:Platform 'nvidia' (PlatformCUDA) is registered but not available. This may be due to this ray actor being a CPU-only actor.
[36m(TaskRunnerV1 pid=178100)[0m /home/p00938733/verl-090/verl/workers/engine/__init__.py:32: UserWarning: torchtitan engine is not available: ModuleNotFoundError("No module named 'torchtitan'")
[36m(TaskRunnerV1 pid=178100)[0m   warnings.warn(f"torchtitan engine is not available: {e!r}", stacklevel=1)
[36m(TaskRunnerV1 pid=178100)[0m /home/p00938733/verl-090/verl/workers/engine/__init__.py:41: UserWarning: veomni engine is not available: ModuleNotFoundError("No module named 'veomni'")
[36m(TaskRunnerV1 pid=178100)[0m   warnings.warn(f"veomni engine is not available: {e!r}", stacklevel=1)
[36m(TaskRunnerV1 pid=178100)[0m /home/p00938733/verl-090/verl/workers/engine/__init__.py:50: UserWarning: automodel engine is not available: ModuleNotFoundError("No module named 'nemo_automodel'")
[36m(TaskRunnerV1 pid=178100)[0m   warnings.warn(f"automodel engine is not available: {e!r}", stacklevel=1)
[36m(TaskRunnerV1 pid=178100)[0m W0911 13:15:26.398000 178100 torch/utils/cpp_extension.py:140] No CUDA runtime is found, using CUDA_HOME='/usr/local/cuda'
[36m(TaskRunnerV1 pid=178100)[0m {'actor_rollout_ref': {'actor': {'_target_': 'verl.workers.config.McoreActorConfig',
[36m(TaskRunnerV1 pid=178100)[0m                                  'calculate_entropy': True,
[36m(TaskRunnerV1 pid=178100)[0m                                  'calculate_sum_pi_squared': False,
[36m(TaskRunnerV1 pid=178100)[0m                                  'checkpoint': {'_target_': 'verl.workers.config.McoreCheckpointConfig',
[36m(TaskRunnerV1 pid=178100)[0m                                                 'async_save': False,
[36m(TaskRunnerV1 pid=178100)[0m                                                 'load_contents': ['model',
[36m(TaskRunnerV1 pid=178100)[0m                                                                   'optimizer',
[36m(TaskRunnerV1 pid=178100)[0m                                                                   'extra'],
[36m(TaskRunnerV1 pid=178100)[0m                                                 'mbridge_config': {},
[36m(TaskRunnerV1 pid=178100)[0m                                                 'save_contents': ['model',
[36m(TaskRunnerV1 pid=178100)[0m                                                                   'optimizer',
[36m(TaskRunnerV1 pid=178100)[0m                                                                   'extra'],
[36m(TaskRunnerV1 pid=178100)[0m                                                 'strict': True},
[36m(TaskRunnerV1 pid=178100)[0m                                  'clip_ratio': 0.2,
[36m(TaskRunnerV1 pid=178100)[0m                                  'clip_ratio_c': 3.0,
[36m(TaskRunnerV1 pid=178100)[0m                                  'clip_ratio_high': 0.2,
[36m(TaskRunnerV1 pid=178100)[0m                                  'clip_ratio_low': 0.2,
[36m(TaskRunnerV1 pid=178100)[0m                                  'data_loader_seed': 42,
[36m(TaskRunnerV1 pid=178100)[0m                                  'entropy_coeff': 0.001,
[36m(TaskRunnerV1 pid=178100)[0m                                  'entropy_from_logits_chunk_size': 2048,
[36m(TaskRunnerV1 pid=178100)[0m                                  'entropy_from_logits_with_chunking': False,
[36m(TaskRunnerV1 pid=178100)[0m                                  'freeze_vision_tower': False,
[36m(TaskRunnerV1 pid=178100)[0m                                  'kl_loss_coef': 0.001,
[36m(TaskRunnerV1 pid=178100)[0m                                  'kl_loss_type': 'low_var_kl',
[36m(TaskRunnerV1 pid=178100)[0m                                  'loss_agg_mode': 'token-mean',
[36m(TaskRunnerV1 pid=178100)[0m                                  'loss_scale_factor': None,
[36m(TaskRunnerV1 pid=178100)[0m                                  'megatron': {'_target_': 'verl.workers.config.McoreEngineConfig',
[36m(TaskRunnerV1 pid=178100)[0m                                               'context_parallel_size': 2,
[36m(TaskRunnerV1 pid=178100)[0m                                               'dist_checkpointing_path': None,
[36m(TaskRunnerV1 pid=178100)[0m                                               'dist_checkpointing_prefix': '',
[36m(TaskRunnerV1 pid=178100)[0m                                               'dist_ckpt_optim_fully_reshardable': False,
[36m(TaskRunnerV1 pid=178100)[0m                                               'distrib_optim_fully_reshardable_mem_efficient': False,
[36m(TaskRunnerV1 pid=178100)[0m                                               'dtype': 'bfloat16',
[36m(TaskRunnerV1 pid=178100)[0m                                               'dynamic_context_parallel': False,
[36m(TaskRunnerV1 pid=178100)[0m                                               'entropy_from_logits_chunk_size': 2048,
[36m(TaskRunnerV1 pid=178100)[0m                                               'entropy_from_logits_with_chunking': False,
[36m(TaskRunnerV1 pid=178100)[0m                                               'expert_model_parallel_size': 1,
[36m(TaskRunnerV1 pid=178100)[0m                                               'expert_tensor_parallel_size': None,
[36m(TaskRunnerV1 pid=178100)[0m                                               'forward_only': False,
[36m(TaskRunnerV1 pid=178100)[0m                                               'max_seqlen_per_dp_cp_rank': None,
[36m(TaskRunnerV1 pid=178100)[0m                                               'optimizer_offload': True,
[36m(TaskRunnerV1 pid=178100)[0m                                               'override_ddp_config': {},
[36m(TaskRunnerV1 pid=178100)[0m                                               'override_mcore_model_config': {},
[36m(TaskRunnerV1 pid=178100)[0m                                               'override_transformer_config': {'attention_backend': 'flash',
[36m(TaskRunnerV1 pid=178100)[0m                                                                               'recompute_granularity': 'full',
[36m(TaskRunnerV1 pid=178100)[0m                                                                               'recompute_method': 'uniform',
[36m(TaskRunnerV1 pid=178100)[0m                                                                               'recompute_modules': ['core_attn'],
[36m(TaskRunnerV1 pid=178100)[0m                                                                               'recompute_num_layers': 1},
[36m(TaskRunnerV1 pid=178100)[0m                                               'pad_bshd_to_minibatch_max': True,
[36m(TaskRunnerV1 pid=178100)[0m                                               'pad_to_length': False,
[36m(TaskRunnerV1 pid=178100)[0m                                               'pad_to_length_bucket': 512,
[36m(TaskRunnerV1 pid=178100)[0m                                               'param_offload': True,
[36m(TaskRunnerV1 pid=178100)[0m                                               'pipeline_model_parallel_size': 2,
[36m(TaskRunnerV1 pid=178100)[0m                                               'qat': {'_target_': 'verl.workers.config.QATEngineConfig',
[36m(TaskRunnerV1 pid=178100)[0m                                                       'activation_observer': None,
[36m(TaskRunnerV1 pid=178100)[0m                                                       'enable': False,
[36m(TaskRunnerV1 pid=178100)[0m                                                       'group_size': 16,
[36m(TaskRunnerV1 pid=178100)[0m                                                       'ignore_patterns': ['lm_head',
[36m(TaskRunnerV1 pid=178100)[0m                                                                           '*mlp.gate'],
[36m(TaskRunnerV1 pid=178100)[0m                                                       'mode': 'w4a16',
[36m(TaskRunnerV1 pid=178100)[0m                                                       'quantization_config_path': None},
[36m(TaskRunnerV1 pid=178100)[0m                                               'response_only_lm_head': False,
[36m(TaskRunnerV1 pid=178100)[0m                                               'router_replay': {'_target_': 'verl.workers.config.EngineRouterReplayConfig',
[36m(TaskRunnerV1 pid=178100)[0m                                                                 'mode': 'disabled',
[36m(TaskRunnerV1 pid=178100)[0m                                                                 'record_file': None,
[36m(TaskRunnerV1 pid=178100)[0m                                                                 'replay_file': None},
[36m(TaskRunnerV1 pid=178100)[0m                                               'seed': 42,
[36m(TaskRunnerV1 pid=178100)[0m                                               'sequence_parallel': True,
[36m(TaskRunnerV1 pid=178100)[0m                                               'tensor_model_parallel_size': 2,
[36m(TaskRunnerV1 pid=178100)[0m                                               'use_dist_checkpointing': False,
[36m(TaskRunnerV1 pid=178100)[0m                                               'use_distributed_optimizer': True,
[36m(TaskRunnerV1 pid=178100)[0m                                               'use_mbridge': True,
[36m(TaskRunnerV1 pid=178100)[0m                                               'use_megatron_fsdp': False,
[36m(TaskRunnerV1 pid=178100)[0m                                               'use_remove_padding': True,
[36m(TaskRunnerV1 pid=178100)[0m                                               'vanilla_mbridge': False,
[36m(TaskRunnerV1 pid=178100)[0m                                               'virtual_pipeline_model_parallel_size': None},
[36m(TaskRunnerV1 pid=178100)[0m                                  'optim': {'_target_': 'verl.workers.config.McoreOptimizerConfig',
[36m(TaskRunnerV1 pid=178100)[0m                                            'betas': [0.9, 0.999],
[36m(TaskRunnerV1 pid=178100)[0m                                            'clip_grad': 1.0,
[36m(TaskRunnerV1 pid=178100)[0m                                            'exp_avg_dtype': 'fp32',
[36m(TaskRunnerV1 pid=178100)[0m                                            'exp_avg_sq_dtype': 'fp32',
[36m(TaskRunnerV1 pid=178100)[0m                                            'lr': 0.0,
[36m(TaskRunnerV1 pid=178100)[0m                                            'lr_decay_steps': None,
[36m(TaskRunnerV1 pid=178100)[0m                                            'lr_decay_style': 'constant',
[36m(TaskRunnerV1 pid=178100)[0m                                            'lr_warmup_init': 0.0,
[36m(TaskRunnerV1 pid=178100)[0m                                            'lr_warmup_steps': -1,
[36m(TaskRunnerV1 pid=178100)[0m                                            'lr_warmup_steps_ratio': 0.0,
[36m(TaskRunnerV1 pid=178100)[0m                                            'lr_wsd_decay_steps': None,
[36m(TaskRunnerV1 pid=178100)[0m                                            'lr_wsd_decay_style': 'exponential',
[36m(TaskRunnerV1 pid=178100)[0m                                            'main_grads_dtype': 'fp32',
[36m(TaskRunnerV1 pid=178100)[0m                                            'min_lr': 0.0,
[36m(TaskRunnerV1 pid=178100)[0m                                            'muon_coefficient_type': 'quintic',
[36m(TaskRunnerV1 pid=178100)[0m                                            'muon_extra_scale_factor': 1.0,
[36m(TaskRunnerV1 pid=178100)[0m                                            'muon_fp32_matmul_prec': 'medium',
[36m(TaskRunnerV1 pid=178100)[0m                                            'muon_match_adamw_update_rms': False,
[36m(TaskRunnerV1 pid=178100)[0m                                            'muon_momentum': 0.95,
[36m(TaskRunnerV1 pid=178100)[0m                                            'muon_nesterov': False,
[36m(TaskRunnerV1 pid=178100)[0m                                            'muon_num_ns_steps': 5,
[36m(TaskRunnerV1 pid=178100)[0m                                            'muon_scalar_optimizer': 'adam',
[36m(TaskRunnerV1 pid=178100)[0m                                            'muon_scale_mode': 'spectral',
[36m(TaskRunnerV1 pid=178100)[0m                                            'muon_split_qkv': True,
[36m(TaskRunnerV1 pid=178100)[0m                                            'muon_tp_mode': 'blockwise',
[36m(TaskRunnerV1 pid=178100)[0m                                            'optimizer': 'adam',
[36m(TaskRunnerV1 pid=178100)[0m                                            'override_optimizer_config': {},
[36m(TaskRunnerV1 pid=178100)[0m                                            'total_training_steps': -1,
[36m(TaskRunnerV1 pid=178100)[0m                                            'use_checkpoint_opt_param_scheduler': False,
[36m(TaskRunnerV1 pid=178100)[0m                                            'use_layer_wise_distributed_optimizer': False,
[36m(TaskRunnerV1 pid=178100)[0m                                            'use_precision_aware_optimizer': False,
[36m(TaskRunnerV1 pid=178100)[0m                                            'weight_decay': 0.01,
[36m(TaskRunnerV1 pid=178100)[0m                                            'weight_decay_incr_style': 'constant'},
[36m(TaskRunnerV1 pid=178100)[0m                                  'policy_loss': {'_target_': 'verl.workers.config.PolicyLossConfig',
[36m(TaskRunnerV1 pid=178100)[0m                                                  'clip_cov_lb': 1.0,
[36m(TaskRunnerV1 pid=178100)[0m                                                  'clip_cov_ratio': 0.0002,
[36m(TaskRunnerV1 pid=178100)[0m                                                  'clip_cov_ub': 5.0,
[36m(TaskRunnerV1 pid=178100)[0m                                                  'dro_beta': None,
[36m(TaskRunnerV1 pid=178100)[0m                                                  'kl_cov_ratio': 0.0002,
[36m(TaskRunnerV1 pid=178100)[0m                                                  'loss_mode': 'vanilla',
[36m(TaskRunnerV1 pid=178100)[0m                                                  'ppo_kl_coef': 0.1},
[36m(TaskRunnerV1 pid=178100)[0m                                  'ppo_epochs': 1,
[36m(TaskRunnerV1 pid=178100)[0m                                  'ppo_max_token_len_per_gpu': 49152,
[36m(TaskRunnerV1 pid=178100)[0m                                  'ppo_micro_batch_size': None,
[36m(TaskRunnerV1 pid=178100)[0m                                  'ppo_micro_batch_size_per_gpu': 1,
[36m(TaskRunnerV1 pid=178100)[0m                                  'ppo_mini_batch_size': 1,
[36m(TaskRunnerV1 pid=178100)[0m                                  'profiler': {'_target_': 'verl.utils.profiler.ProfilerConfig',
[36m(TaskRunnerV1 pid=178100)[0m                                               'all_ranks': False,
[36m(TaskRunnerV1 pid=178100)[0m                                               'enable': False,
[36m(TaskRunnerV1 pid=178100)[0m                                               'finish_hook_all_ranks': False,
[36m(TaskRunnerV1 pid=178100)[0m                                               'finish_hook_cmd': None,
[36m(TaskRunnerV1 pid=178100)[0m                                               'finish_hook_ranks': [],
[36m(TaskRunnerV1 pid=178100)[0m                                               'ranks': [],
[36m(TaskRunnerV1 pid=178100)[0m                                               'relocate_results': False,
[36m(TaskRunnerV1 pid=178100)[0m                                               'save_path': 'outputs/profile',
[36m(TaskRunnerV1 pid=178100)[0m                                               'tool': None,
[36m(TaskRunnerV1 pid=178100)[0m                                               'tool_config': {'npu': {'_target_': 'verl.utils.profiler.config.NPUToolConfig',
[36m(TaskRunnerV1 pid=178100)[0m                                                                       'analysis': True,
[36m(TaskRunnerV1 pid=178100)[0m                                                                       'contents': [],
[36m(TaskRunnerV1 pid=178100)[0m                                                                       'discrete': False,
[36m(TaskRunnerV1 pid=178100)[0m                                                                       'level': 'level0'},
[36m(TaskRunnerV1 pid=178100)[0m                                                               'nsys': {'_target_': 'verl.utils.profiler.config.NsightToolConfig',
[36m(TaskRunnerV1 pid=178100)[0m                                                                        'discrete': False},
[36m(TaskRunnerV1 pid=178100)[0m                                                               'precision_debugger': {'_target_': 'verl.utils.profiler.config.PrecisionDebuggerToolConfig',
[36m(TaskRunnerV1 pid=178100)[0m                                                                                      'config_path': None,
[36m(TaskRunnerV1 pid=178100)[0m                                                                                      'stages': None,
[36m(TaskRunnerV1 pid=178100)[0m                                                                                      'steps': None,
[36m(TaskRunnerV1 pid=178100)[0m                                                                                      'strict': False},
[36m(TaskRunnerV1 pid=178100)[0m                                                               'torch': {'_target_': 'verl.utils.profiler.config.TorchProfilerToolConfig',
[36m(TaskRunnerV1 pid=178100)[0m                                                                         'contents': [],
[36m(TaskRunnerV1 pid=178100)[0m                                                                         'discrete': False,
[36m(TaskRunnerV1 pid=178100)[0m                                                                         'schedule': {'_target_': 'verl.utils.profiler.config.TorchProfilerScheduleConfig',
[36m(TaskRunnerV1 pid=178100)[0m                                                                                      'active': 0,
[36m(TaskRunnerV1 pid=178100)[0m                                                                                      'repeat': 0,
[36m(TaskRunnerV1 pid=178100)[0m                                                                                      'skip_first': 0,
[36m(TaskRunnerV1 pid=178100)[0m                                                                                      'wait': 0,
[36m(TaskRunnerV1 pid=178100)[0m                                                                                      'warmup': 0}},
[36m(TaskRunnerV1 pid=178100)[0m                                                               'torch_memory': {'_target_': 'verl.utils.profiler.config.TorchMemoryToolConfig',
[36m(TaskRunnerV1 pid=178100)[0m                                                                                'memory_snapshot_num_steps': 1,
[36m(TaskRunnerV1 pid=178100)[0m                                                                                'stack_depth': 32,
[36m(TaskRunnerV1 pid=178100)[0m                                                                                'trace_alloc_max_entries': 100000}}},
[36m(TaskRunnerV1 pid=178100)[0m                                  'qat': {'activation_observer': 'static_minmax',
[36m(TaskRunnerV1 pid=178100)[0m                                          'enable': False,
[36m(TaskRunnerV1 pid=178100)[0m                                          'group_size': 16,
[36m(TaskRunnerV1 pid=178100)[0m                                          'ignore_patterns': ['lm_head',
[36m(TaskRunnerV1 pid=178100)[0m                                                              'embed_tokens',
[36m(TaskRunnerV1 pid=178100)[0m                                                              're:.*mlp.gate$'],
[36m(TaskRunnerV1 pid=178100)[0m                                          'mode': 'w4a16',
[36m(TaskRunnerV1 pid=178100)[0m                                          'quantization_config_path': None},
[36m(TaskRunnerV1 pid=178100)[0m                                  'rollout_n': 4,
[36m(TaskRunnerV1 pid=178100)[0m                                  'shuffle': False,
[36m(TaskRunnerV1 pid=178100)[0m                                  'strategy': 'megatron',
[36m(TaskRunnerV1 pid=178100)[0m                                  'tau_neg': 1.05,
[36m(TaskRunnerV1 pid=178100)[0m                                  'tau_pos': 1.0,
[36m(TaskRunnerV1 pid=178100)[0m                                  'use_dynamic_bsz': False,
[36m(TaskRunnerV1 pid=178100)[0m                                  'use_fused_kernels': False,
[36m(TaskRunnerV1 pid=178100)[0m                                  'use_kl_loss': True,
[36m(TaskRunnerV1 pid=178100)[0m                                  'use_prefix_grouper': False,
[36m(TaskRunnerV1 pid=178100)[0m                                  'use_torch_compile': True},
[36m(TaskRunnerV1 pid=178100)[0m                        'hybrid_engine': True,
[36m(TaskRunnerV1 pid=178100)[0m                        'model': {'_target_': 'verl.workers.config.HFModelConfig',
[36m(TaskRunnerV1 pid=178100)[0m                                  'custom_chat_template': None,
[36m(TaskRunnerV1 pid=178100)[0m                                  'enable_activation_offload': False,
[36m(TaskRunnerV1 pid=178100)[0m                                  'enable_gradient_checkpointing': True,
[36m(TaskRunnerV1 pid=178100)[0m                                  'exclude_modules': None,
[36m(TaskRunnerV1 pid=178100)[0m                                  'external_lib': None,
[36m(TaskRunnerV1 pid=178100)[0m                                  'fused_kernel_options': {'impl_backend': 'torch'},
[36m(TaskRunnerV1 pid=178100)[0m                                  'hf_config_path': None,
[36m(TaskRunnerV1 pid=178100)[0m                                  'lora': {'a2a_experimental': False,
[36m(TaskRunnerV1 pid=178100)[0m                                           'adapter_path': None,
[36m(TaskRunnerV1 pid=178100)[0m                                           'alpha': 32,
[36m(TaskRunnerV1 pid=178100)[0m                                           'dropout': 0.0,
[36m(TaskRunnerV1 pid=178100)[0m                                           'dropout_position': 'pre',
[36m(TaskRunnerV1 pid=178100)[0m                                           'dtype': None,
[36m(TaskRunnerV1 pid=178100)[0m                                           'exclude_modules': [],
[36m(TaskRunnerV1 pid=178100)[0m                                           'freeze_language_model': True,
[36m(TaskRunnerV1 pid=178100)[0m                                           'freeze_vision_model': True,
[36m(TaskRunnerV1 pid=178100)[0m                                           'freeze_vision_projection': True,
[36m(TaskRunnerV1 pid=178100)[0m                                           'lora_A_init_method': 'xavier',
[36m(TaskRunnerV1 pid=178100)[0m                                           'lora_B_init_method': 'zero',
[36m(TaskRunnerV1 pid=178100)[0m                                           'merge': False,
[36m(TaskRunnerV1 pid=178100)[0m                                           'rank': 0,
[36m(TaskRunnerV1 pid=178100)[0m                                           'target_modules': ['linear_qkv',
[36m(TaskRunnerV1 pid=178100)[0m                                                              'linear_proj',
[36m(TaskRunnerV1 pid=178100)[0m                                                              'linear_fc1',
[36m(TaskRunnerV1 pid=178100)[0m                                                              'linear_fc2'],
[36m(TaskRunnerV1 pid=178100)[0m                                           'type': 'lora'},
[36m(TaskRunnerV1 pid=178100)[0m                                  'lora_adapter_path': None,
[36m(TaskRunnerV1 pid=178100)[0m                                  'lora_alpha': 16,
[36m(TaskRunnerV1 pid=178100)[0m                                  'lora_rank': 0,
[36m(TaskRunnerV1 pid=178100)[0m                                  'mtp': {'_target_': 'verl.workers.config.MtpConfig',
[36m(TaskRunnerV1 pid=178100)[0m                                          'detach_encoder': False,
[36m(TaskRunnerV1 pid=178100)[0m                                          'enable': False,
[36m(TaskRunnerV1 pid=178100)[0m                                          'enable_rollout': False,
[36m(TaskRunnerV1 pid=178100)[0m                                          'enable_train': False,
[36m(TaskRunnerV1 pid=178100)[0m                                          'method': 'mtp',
[36m(TaskRunnerV1 pid=178100)[0m                                          'mtp_loss_scaling_factor': 0.1,
[36m(TaskRunnerV1 pid=178100)[0m                                          'num_speculative_tokens': 1,
[36m(TaskRunnerV1 pid=178100)[0m                                          'speculative_algorithm': 'EAGLE',
[36m(TaskRunnerV1 pid=178100)[0m                                          'speculative_eagle_topk': 1,
[36m(TaskRunnerV1 pid=178100)[0m                                          'speculative_num_draft_tokens': 4,
[36m(TaskRunnerV1 pid=178100)[0m                                          'speculative_num_steps': 3},
[36m(TaskRunnerV1 pid=178100)[0m                                  'override_config': {},
[36m(TaskRunnerV1 pid=178100)[0m                                  'path': '/home/p00938733/Qwen3-8B',
[36m(TaskRunnerV1 pid=178100)[0m                                  'target_modules': 'all-linear',
[36m(TaskRunnerV1 pid=178100)[0m                                  'tiled_mlp': {'enabled': False,
[36m(TaskRunnerV1 pid=178100)[0m                                                'num_shards': 4},
[36m(TaskRunnerV1 pid=178100)[0m                                  'tokenizer_path': None,
[36m(TaskRunnerV1 pid=178100)[0m                                  'trust_remote_code': False,
[36m(TaskRunnerV1 pid=178100)[0m                                  'use_fused_kernels': False,
[36m(TaskRunnerV1 pid=178100)[0m                                  'use_liger': False,
[36m(TaskRunnerV1 pid=178100)[0m                                  'use_remove_padding': True,
[36m(TaskRunnerV1 pid=178100)[0m                                  'use_shm': False},
[36m(TaskRunnerV1 pid=178100)[0m                        'nccl_timeout': 600,
[36m(TaskRunnerV1 pid=178100)[0m                        'ref': {'_target_': 'verl.workers.config.McoreActorConfig',
[36m(TaskRunnerV1 pid=178100)[0m                                'entropy_from_logits_chunk_size': 2048,
[36m(TaskRunnerV1 pid=178100)[0m                                'entropy_from_logits_with_chunking': False,
[36m(TaskRunnerV1 pid=178100)[0m                                'log_prob_max_token_len_per_gpu': 49152,
[36m(TaskRunnerV1 pid=178100)[0m                                'log_prob_micro_batch_size': None,
[36m(TaskRunnerV1 pid=178100)[0m                                'log_prob_micro_batch_size_per_gpu': 1,
[36m(TaskRunnerV1 pid=178100)[0m                                'log_prob_use_dynamic_bsz': False,
[36m(TaskRunnerV1 pid=178100)[0m                                'megatron': {'_target_': 'verl.workers.config.McoreEngineConfig',
[36m(TaskRunnerV1 pid=178100)[0m                                             'context_parallel_size': 2,
[36m(TaskRunnerV1 pid=178100)[0m                                             'dist_checkpointing_path': None,
[36m(TaskRunnerV1 pid=178100)[0m                                             'dist_checkpointing_prefix': '',
[36m(TaskRunnerV1 pid=178100)[0m                                             'dist_ckpt_optim_fully_reshardable': False,
[36m(TaskRunnerV1 pid=178100)[0m                                             'distrib_optim_fully_reshardable_mem_efficient': False,
[36m(TaskRunnerV1 pid=178100)[0m                                             'dtype': 'bfloat16',
[36m(TaskRunnerV1 pid=178100)[0m                                             'dynamic_context_parallel': False,
[36m(TaskRunnerV1 pid=178100)[0m                                             'entropy_from_logits_chunk_size': 2048,
[36m(TaskRunnerV1 pid=178100)[0m                                             'entropy_from_logits_with_chunking': False,
[36m(TaskRunnerV1 pid=178100)[0m                                             'expert_model_parallel_size': 1,
[36m(TaskRunnerV1 pid=178100)[0m                                             'expert_tensor_parallel_size': None,
[36m(TaskRunnerV1 pid=178100)[0m                                             'forward_only': True,
[36m(TaskRunnerV1 pid=178100)[0m                                             'max_seqlen_per_dp_cp_rank': None,
[36m(TaskRunnerV1 pid=178100)[0m                                             'optimizer_offload': False,
[36m(TaskRunnerV1 pid=178100)[0m                                             'override_ddp_config': {},
[36m(TaskRunnerV1 pid=178100)[0m                                             'override_mcore_model_config': {},
[36m(TaskRunnerV1 pid=178100)[0m                                             'override_transformer_config': {'attention_backend': 'flash',
[36m(TaskRunnerV1 pid=178100)[0m                                                                             'recompute_granularity': 'full',
[36m(TaskRunnerV1 pid=178100)[0m                                                                             'recompute_method': 'uniform',
[36m(TaskRunnerV1 pid=178100)[0m                                                                             'recompute_modules': ['core_attn'],
[36m(TaskRunnerV1 pid=178100)[0m                                                                             'recompute_num_layers': 1},
[36m(TaskRunnerV1 pid=178100)[0m                                             'pad_bshd_to_minibatch_max': True,
[36m(TaskRunnerV1 pid=178100)[0m                                             'pad_to_length': False,
[36m(TaskRunnerV1 pid=178100)[0m                                             'pad_to_length_bucket': 512,
[36m(TaskRunnerV1 pid=178100)[0m                                             'param_offload': True,
[36m(TaskRunnerV1 pid=178100)[0m                                             'pipeline_model_parallel_size': 2,
[36m(TaskRunnerV1 pid=178100)[0m                                             'qat': {'_target_': 'verl.workers.config.QATEngineConfig',
[36m(TaskRunnerV1 pid=178100)[0m                                                     'activation_observer': None,
[36m(TaskRunnerV1 pid=178100)[0m                                                     'enable': False,
[36m(TaskRunnerV1 pid=178100)[0m                                                     'group_size': 16,
[36m(TaskRunnerV1 pid=178100)[0m                                                     'ignore_patterns': ['lm_head',
[36m(TaskRunnerV1 pid=178100)[0m                                                                         '*mlp.gate'],
[36m(TaskRunnerV1 pid=178100)[0m                                                     'mode': 'w4a16',
[36m(TaskRunnerV1 pid=178100)[0m                                                     'quantization_config_path': None},
[36m(TaskRunnerV1 pid=178100)[0m                                             'response_only_lm_head': False,
[36m(TaskRunnerV1 pid=178100)[0m                                             'router_replay': {'_target_': 'verl.workers.config.EngineRouterReplayConfig',
[36m(TaskRunnerV1 pid=178100)[0m                                                               'mode': 'disabled',
[36m(TaskRunnerV1 pid=178100)[0m                                                               'record_file': None,
[36m(TaskRunnerV1 pid=178100)[0m                                                               'replay_file': None},
[36m(TaskRunnerV1 pid=178100)[0m                                             'seed': 42,
[36m(TaskRunnerV1 pid=178100)[0m                                             'sequence_parallel': True,
[36m(TaskRunnerV1 pid=178100)[0m                                             'tensor_model_parallel_size': 2,
[36m(TaskRunnerV1 pid=178100)[0m                                             'use_dist_checkpointing': False,
[36m(TaskRunnerV1 pid=178100)[0m                                             'use_distributed_optimizer': True,
[36m(TaskRunnerV1 pid=178100)[0m                                             'use_mbridge': True,
[36m(TaskRunnerV1 pid=178100)[0m                                             'use_megatron_fsdp': False,
[36m(TaskRunnerV1 pid=178100)[0m                                             'use_remove_padding': True,
[36m(TaskRunnerV1 pid=178100)[0m                                             'vanilla_mbridge': False,
[36m(TaskRunnerV1 pid=178100)[0m                                             'virtual_pipeline_model_parallel_size': None},
[36m(TaskRunnerV1 pid=178100)[0m                                'profiler': {'_target_': 'verl.utils.profiler.ProfilerConfig',
[36m(TaskRunnerV1 pid=178100)[0m                                             'all_ranks': False,
[36m(TaskRunnerV1 pid=178100)[0m                                             'enable': False,
[36m(TaskRunnerV1 pid=178100)[0m                                             'finish_hook_all_ranks': False,
[36m(TaskRunnerV1 pid=178100)[0m                                             'finish_hook_cmd': None,
[36m(TaskRunnerV1 pid=178100)[0m                                             'finish_hook_ranks': [],
[36m(TaskRunnerV1 pid=178100)[0m                                             'ranks': [],
[36m(TaskRunnerV1 pid=178100)[0m                                             'relocate_results': False,
[36m(TaskRunnerV1 pid=178100)[0m                                             'save_path': 'outputs/profile',
[36m(TaskRunnerV1 pid=178100)[0m                                             'tool': None,
[36m(TaskRunnerV1 pid=178100)[0m                                             'tool_config': {'npu': {'_target_': 'verl.utils.profiler.config.NPUToolConfig',
[36m(TaskRunnerV1 pid=178100)[0m                                                                     'analysis': True,
[36m(TaskRunnerV1 pid=178100)[0m                                                                     'contents': [],
[36m(TaskRunnerV1 pid=178100)[0m                                                                     'discrete': False,
[36m(TaskRunnerV1 pid=178100)[0m                                                                     'level': 'level0'},
[36m(TaskRunnerV1 pid=178100)[0m                                                             'nsys': {'_target_': 'verl.utils.profiler.config.NsightToolConfig',
[36m(TaskRunnerV1 pid=178100)[0m                                                                      'discrete': False},
[36m(TaskRunnerV1 pid=178100)[0m                                                             'precision_debugger': {'_target_': 'verl.utils.profiler.config.PrecisionDebuggerToolConfig',
[36m(TaskRunnerV1 pid=178100)[0m                                                                                    'config_path': None,
[36m(TaskRunnerV1 pid=178100)[0m                                                                                    'stages': None,
[36m(TaskRunnerV1 pid=178100)[0m                                                                                    'steps': None,
[36m(TaskRunnerV1 pid=178100)[0m                                                                                    'strict': False},
[36m(TaskRunnerV1 pid=178100)[0m                                                             'torch': {'_target_': 'verl.utils.profiler.config.TorchProfilerToolConfig',
[36m(TaskRunnerV1 pid=178100)[0m                                                                       'contents': [],
[36m(TaskRunnerV1 pid=178100)[0m                                                                       'discrete': False,
[36m(TaskRunnerV1 pid=178100)[0m                                                                       'schedule': {'_target_': 'verl.utils.profiler.config.TorchProfilerScheduleConfig',
[36m(TaskRunnerV1 pid=178100)[0m                                                                                    'active': 0,
[36m(TaskRunnerV1 pid=178100)[0m                                                                                    'repeat': 0,
[36m(TaskRunnerV1 pid=178100)[0m                                                                                    'skip_first': 0,
[36m(TaskRunnerV1 pid=178100)[0m                                                                                    'wait': 0,
[36m(TaskRunnerV1 pid=178100)[0m                                                                                    'warmup': 0}},
[36m(TaskRunnerV1 pid=178100)[0m                                                             'torch_memory': {'_target_': 'verl.utils.profiler.config.TorchMemoryToolConfig',
[36m(TaskRunnerV1 pid=178100)[0m                                                                              'memory_snapshot_num_steps': 1,
[36m(TaskRunnerV1 pid=178100)[0m                                                                              'stack_depth': 32,
[36m(TaskRunnerV1 pid=178100)[0m                                                                              'trace_alloc_max_entries': 100000}}},
[36m(TaskRunnerV1 pid=178100)[0m                                'rollout_n': 4,
[36m(TaskRunnerV1 pid=178100)[0m                                'strategy': 'megatron',
[36m(TaskRunnerV1 pid=178100)[0m                                'use_torch_compile': True},
[36m(TaskRunnerV1 pid=178100)[0m                        'rollout': {'_target_': 'verl.workers.config.RolloutConfig',
[36m(TaskRunnerV1 pid=178100)[0m                                    'agent': {'_target_': 'verl.workers.config.AgentLoopConfig',
[36m(TaskRunnerV1 pid=178100)[0m                                              'agent_loop_config_path': None,
[36m(TaskRunnerV1 pid=178100)[0m                                              'custom_async_server': {'_target_': 'verl.workers.config.CustomAsyncServerConfig',
[36m(TaskRunnerV1 pid=178100)[0m                                                                      'name': None,
[36m(TaskRunnerV1 pid=178100)[0m                                                                      'path': None},
[36m(TaskRunnerV1 pid=178100)[0m                                              'default_agent_loop': 'single_turn_agent',
[36m(TaskRunnerV1 pid=178100)[0m                                              'num_workers': 8},
[36m(TaskRunnerV1 pid=178100)[0m                                    'calculate_log_probs': True,
[36m(TaskRunnerV1 pid=178100)[0m                                    'checkpoint_engine': {'_target_': 'verl.workers.config.CheckpointEngineConfig',
[36m(TaskRunnerV1 pid=178100)[0m                                                          'backend': 'naive',
[36m(TaskRunnerV1 pid=178100)[0m                                                          'custom_backend_module': None,
[36m(TaskRunnerV1 pid=178100)[0m                                                          'engine_kwargs': {},
[36m(TaskRunnerV1 pid=178100)[0m                                                          'update_weights_bucket_megabytes': 2048},
[36m(TaskRunnerV1 pid=178100)[0m                                    'cudagraph_capture_sizes': None,
[36m(TaskRunnerV1 pid=178100)[0m                                    'data_parallel_size': 1,
[36m(TaskRunnerV1 pid=178100)[0m                                    'disable_log_stats': True,
[36m(TaskRunnerV1 pid=178100)[0m                                    'disaggregation': {'bootstrap_port': None,
[36m(TaskRunnerV1 pid=178100)[0m                                                       'decode_replicas': 1,
[36m(TaskRunnerV1 pid=178100)[0m                                                       'decode_tensor_model_parallel_size': None,
[36m(TaskRunnerV1 pid=178100)[0m                                                       'enabled': False,
[36m(TaskRunnerV1 pid=178100)[0m                                                       'ib_device': None,
[36m(TaskRunnerV1 pid=178100)[0m                                                       'prefill_replicas': 1,
[36m(TaskRunnerV1 pid=178100)[0m                                                       'transfer_backend': 'nixl'},
[36m(TaskRunnerV1 pid=178100)[0m                                    'do_sample': True,
[36m(TaskRunnerV1 pid=178100)[0m                                    'dtype': 'bfloat16',
[36m(TaskRunnerV1 pid=178100)[0m                                    'enable_chunked_prefill': True,
[36m(TaskRunnerV1 pid=178100)[0m                                    'enable_prefix_caching': True,
[36m(TaskRunnerV1 pid=178100)[0m                                    'enable_rollout_routing_replay': False,
[36m(TaskRunnerV1 pid=178100)[0m                                    'enforce_eager': False,
[36m(TaskRunnerV1 pid=178100)[0m                                    'engine_kwargs': {'sglang': {},
[36m(TaskRunnerV1 pid=178100)[0m                                                      'trtllm': {},
[36m(TaskRunnerV1 pid=178100)[0m                                                      'vllm': {}},
[36m(TaskRunnerV1 pid=178100)[0m                                    'expert_parallel_size': 1,
[36m(TaskRunnerV1 pid=178100)[0m                                    'free_cache_engine': True,
[36m(TaskRunnerV1 pid=178100)[0m                                    'full_determinism': False,
[36m(TaskRunnerV1 pid=178100)[0m                                    'gpu_memory_utilization': 0.5,
[36m(TaskRunnerV1 pid=178100)[0m                                    'ignore_eos': True,
[36m(TaskRunnerV1 pid=178100)[0m                                    'layered_summon': False,
[36m(TaskRunnerV1 pid=178100)[0m                                    'load_format': 'dummy',
[36m(TaskRunnerV1 pid=178100)[0m                                    'log_prob_max_token_len_per_gpu': 49152,
[36m(TaskRunnerV1 pid=178100)[0m                                    'log_prob_micro_batch_size': None,
[36m(TaskRunnerV1 pid=178100)[0m                                    'log_prob_micro_batch_size_per_gpu': 1,
[36m(TaskRunnerV1 pid=178100)[0m                                    'log_prob_use_dynamic_bsz': False,
[36m(TaskRunnerV1 pid=178100)[0m                                    'logprobs_mode': 'processed_logprobs',
[36m(TaskRunnerV1 pid=178100)[0m                                    'max_model_len': 16640,
[36m(TaskRunnerV1 pid=178100)[0m                                    'max_num_batched_tokens': 65536,
[36m(TaskRunnerV1 pid=178100)[0m                                    'max_num_seqs': 256,
[36m(TaskRunnerV1 pid=178100)[0m                                    'mode': 'async',
[36m(TaskRunnerV1 pid=178100)[0m                                    'moe_load_balance_metrics_interval': 0,
[36m(TaskRunnerV1 pid=178100)[0m                                    'mtp': {'_target_': 'verl.workers.config.MtpConfig',
[36m(TaskRunnerV1 pid=178100)[0m                                            'detach_encoder': False,
[36m(TaskRunnerV1 pid=178100)[0m                                            'enable': False,
[36m(TaskRunnerV1 pid=178100)[0m                                            'enable_rollout': False,
[36m(TaskRunnerV1 pid=178100)[0m                                            'enable_train': False,
[36m(TaskRunnerV1 pid=178100)[0m                                            'method': 'mtp',
[36m(TaskRunnerV1 pid=178100)[0m                                            'mtp_loss_scaling_factor': 0.1,
[36m(TaskRunnerV1 pid=178100)[0m                                            'num_speculative_tokens': 1,
[36m(TaskRunnerV1 pid=178100)[0m                                            'speculative_algorithm': 'EAGLE',
[36m(TaskRunnerV1 pid=178100)[0m                                            'speculative_eagle_topk': 1,
[36m(TaskRunnerV1 pid=178100)[0m                                            'speculative_num_draft_tokens': 4,
[36m(TaskRunnerV1 pid=178100)[0m                                            'speculative_num_steps': 3},
[36m(TaskRunnerV1 pid=178100)[0m                                    'multi_stage_wake_up': False,
[36m(TaskRunnerV1 pid=178100)[0m                                    'multi_turn': {'_target_': 'verl.workers.config.MultiTurnConfig',
[36m(TaskRunnerV1 pid=178100)[0m                                                   'enable': False,
[36m(TaskRunnerV1 pid=178100)[0m                                                   'format': 'hermes',
[36m(TaskRunnerV1 pid=178100)[0m                                                   'function_tool_path': None,
[36m(TaskRunnerV1 pid=178100)[0m                                                   'max_assistant_turns': None,
[36m(TaskRunnerV1 pid=178100)[0m                                                   'max_parallel_calls': 1,
[36m(TaskRunnerV1 pid=178100)[0m                                                   'max_tool_response_length': 256,
[36m(TaskRunnerV1 pid=178100)[0m                                                   'max_user_turns': None,
[36m(TaskRunnerV1 pid=178100)[0m                                                   'num_repeat_rollouts': None,
[36m(TaskRunnerV1 pid=178100)[0m                                                   'tokenization_sanity_check_mode': 'strict',
[36m(TaskRunnerV1 pid=178100)[0m                                                   'tool_config_path': None,
[36m(TaskRunnerV1 pid=178100)[0m                                                   'tool_response_truncate_side': 'middle',
[36m(TaskRunnerV1 pid=178100)[0m                                                   'use_inference_chat_template': False},
[36m(TaskRunnerV1 pid=178100)[0m                                    'n': 4,
[36m(TaskRunnerV1 pid=178100)[0m                                    'n_gpus_per_node': 8,
[36m(TaskRunnerV1 pid=178100)[0m                                    'name': 'vllm',
[36m(TaskRunnerV1 pid=178100)[0m                                    'nnodes': 0,
[36m(TaskRunnerV1 pid=178100)[0m                                    'over_sample_rate': 0,
[36m(TaskRunnerV1 pid=178100)[0m                                    'pipeline_model_parallel_size': 1,
[36m(TaskRunnerV1 pid=178100)[0m                                    'profiler': {'_target_': 'verl.utils.profiler.ProfilerConfig',
[36m(TaskRunnerV1 pid=178100)[0m                                                 'all_ranks': False,
[36m(TaskRunnerV1 pid=178100)[0m                                                 'enable': False,
[36m(TaskRunnerV1 pid=178100)[0m                                                 'finish_hook_all_ranks': False,
[36m(TaskRunnerV1 pid=178100)[0m                                                 'finish_hook_cmd': None,
[36m(TaskRunnerV1 pid=178100)[0m                                                 'finish_hook_ranks': [],
[36m(TaskRunnerV1 pid=178100)[0m                                                 'ranks': [],
[36m(TaskRunnerV1 pid=178100)[0m                                                 'relocate_results': False,
[36m(TaskRunnerV1 pid=178100)[0m                                                 'save_path': 'outputs/profile',
[36m(TaskRunnerV1 pid=178100)[0m                                                 'tool': None,
[36m(TaskRunnerV1 pid=178100)[0m                                                 'tool_config': {'npu': {'_target_': 'verl.utils.profiler.config.NPUToolConfig',
[36m(TaskRunnerV1 pid=178100)[0m                                                                         'analysis': True,
[36m(TaskRunnerV1 pid=178100)[0m                                                                         'contents': [],
[36m(TaskRunnerV1 pid=178100)[0m                                                                         'discrete': False,
[36m(TaskRunnerV1 pid=178100)[0m                                                                         'level': 'level0',
[36m(TaskRunnerV1 pid=178100)[0m                                                                         'profile_token_end': None,
[36m(TaskRunnerV1 pid=178100)[0m                                                                         'profile_token_start': None},
[36m(TaskRunnerV1 pid=178100)[0m                                                                 'precision_debugger': {'_target_': 'verl.utils.profiler.config.PrecisionDebuggerToolConfig',
[36m(TaskRunnerV1 pid=178100)[0m                                                                                        'config_path': None,
[36m(TaskRunnerV1 pid=178100)[0m                                                                                        'stages': None,
[36m(TaskRunnerV1 pid=178100)[0m                                                                                        'steps': None,
[36m(TaskRunnerV1 pid=178100)[0m                                                                                        'strict': False},
[36m(TaskRunnerV1 pid=178100)[0m                                                                 'torch': {'_target_': 'verl.utils.profiler.config.TorchProfilerToolConfig',
[36m(TaskRunnerV1 pid=178100)[0m                                                                           'contents': [],
[36m(TaskRunnerV1 pid=178100)[0m                                                                           'discrete': False,
[36m(TaskRunnerV1 pid=178100)[0m                                                                           'profile_token_end': None,
[36m(TaskRunnerV1 pid=178100)[0m                                                                           'profile_token_start': None}}},
[36m(TaskRunnerV1 pid=178100)[0m                                    'prometheus': {'_target_': 'verl.workers.config.PrometheusConfig',
[36m(TaskRunnerV1 pid=178100)[0m                                                   'enable': False,
[36m(TaskRunnerV1 pid=178100)[0m                                                   'file': '/tmp/ray/session_latest/metrics/prometheus/prometheus.yml',
[36m(TaskRunnerV1 pid=178100)[0m                                                   'port': 9090,
[36m(TaskRunnerV1 pid=178100)[0m                                                   'served_model_name': '/home/p00938733/Qwen3-8B'},
[36m(TaskRunnerV1 pid=178100)[0m                                    'prompt_length': 8448,
[36m(TaskRunnerV1 pid=178100)[0m                                    'qat': {'_target_': 'verl.workers.config.QATEngineConfig',
[36m(TaskRunnerV1 pid=178100)[0m                                            'activation_observer': None,
[36m(TaskRunnerV1 pid=178100)[0m                                            'enable': False,
[36m(TaskRunnerV1 pid=178100)[0m                                            'group_size': 16,
[36m(TaskRunnerV1 pid=178100)[0m                                            'ignore_patterns': ['lm_head',
[36m(TaskRunnerV1 pid=178100)[0m                                                                '*mlp.gate'],
[36m(TaskRunnerV1 pid=178100)[0m                                            'mode': 'w4a16',
[36m(TaskRunnerV1 pid=178100)[0m                                            'quantization_config_path': None},
[36m(TaskRunnerV1 pid=178100)[0m                                    'quantization': None,
[36m(TaskRunnerV1 pid=178100)[0m                                    'quantization_config_file': None,
[36m(TaskRunnerV1 pid=178100)[0m                                    'response_length': 8192,
[36m(TaskRunnerV1 pid=178100)[0m                                    'router_config_path': None,
[36m(TaskRunnerV1 pid=178100)[0m                                    'scheduling_policy': 'fcfs',
[36m(TaskRunnerV1 pid=178100)[0m                                    'seed': 42,
[36m(TaskRunnerV1 pid=178100)[0m                                    'skip_tokenizer_init': True,
[36m(TaskRunnerV1 pid=178100)[0m                                    'temperature': 1.0,
[36m(TaskRunnerV1 pid=178100)[0m                                    'tensor_model_parallel_size': 4,
[36m(TaskRunnerV1 pid=178100)[0m                                    'top_k': -1,
[36m(TaskRunnerV1 pid=178100)[0m                                    'top_p': 0.95,
[36m(TaskRunnerV1 pid=178100)[0m                                    'trace': {'_target_': 'verl.workers.config.TraceConfig',
[36m(TaskRunnerV1 pid=178100)[0m                                              'backend': None,
[36m(TaskRunnerV1 pid=178100)[0m                                              'experiment_name': 'rlmh_combinations_a100',
[36m(TaskRunnerV1 pid=178100)[0m                                              'max_samples_per_step_per_worker': None,
[36m(TaskRunnerV1 pid=178100)[0m                                              'project_name': 'rlmh_combinations_a100',
[36m(TaskRunnerV1 pid=178100)[0m                                              'token2text': False},
[36m(TaskRunnerV1 pid=178100)[0m                                    'val_kwargs': {'_target_': 'verl.workers.config.SamplingConfig',
[36m(TaskRunnerV1 pid=178100)[0m                                                   'do_sample': False,
[36m(TaskRunnerV1 pid=178100)[0m                                                   'n': 1,
[36m(TaskRunnerV1 pid=178100)[0m                                                   'temperature': 0,
[36m(TaskRunnerV1 pid=178100)[0m                                                   'top_k': -1,
[36m(TaskRunnerV1 pid=178100)[0m                                                   'top_p': 1.0}}},
[36m(TaskRunnerV1 pid=178100)[0m  'algorithm': {'_target_': 'verl.trainer.config.AlgoConfig',
[36m(TaskRunnerV1 pid=178100)[0m                'adv_estimator': 'grpo',
[36m(TaskRunnerV1 pid=178100)[0m                'filter_groups': {'_target_': 'verl.trainer.config.FilterGroupsConfig',
[36m(TaskRunnerV1 pid=178100)[0m                                  'enable': False,
[36m(TaskRunnerV1 pid=178100)[0m                                  'max_inflight_gen_batches': 1,
[36m(TaskRunnerV1 pid=178100)[0m                                  'max_num_gen_batches': 0,
[36m(TaskRunnerV1 pid=178100)[0m                                  'metric': 'reward'},
[36m(TaskRunnerV1 pid=178100)[0m                'gamma': 1.0,
[36m(TaskRunnerV1 pid=178100)[0m                'kl_ctrl': {'_target_': 'verl.trainer.config.KLControlConfig',
[36m(TaskRunnerV1 pid=178100)[0m                            'horizon': 10000,
[36m(TaskRunnerV1 pid=178100)[0m                            'kl_coef': 0.001,
[36m(TaskRunnerV1 pid=178100)[0m                            'target_kl': 0.1,
[36m(TaskRunnerV1 pid=178100)[0m                            'type': 'fixed'},
[36m(TaskRunnerV1 pid=178100)[0m                'kl_penalty': 'kl',
[36m(TaskRunnerV1 pid=178100)[0m                'lam': 1.0,
[36m(TaskRunnerV1 pid=178100)[0m                'norm_adv_by_std_in_grpo': True,
[36m(TaskRunnerV1 pid=178100)[0m                'pf_ppo': {'reweight_method': 'pow', 'weight_pow': 2.0},
[36m(TaskRunnerV1 pid=178100)[0m                'rollout_correction': {'bypass_mode': False,
[36m(TaskRunnerV1 pid=178100)[0m                                       'loss_type': 'ppo_clip',
[36m(TaskRunnerV1 pid=178100)[0m                                       'rollout_is': None,
[36m(TaskRunnerV1 pid=178100)[0m                                       'rollout_is_batch_normalize': False,
[36m(TaskRunnerV1 pid=178100)[0m                                       'rollout_is_threshold': 2.0,
[36m(TaskRunnerV1 pid=178100)[0m                                       'rollout_rs': None,
[36m(TaskRunnerV1 pid=178100)[0m                                       'rollout_rs_threshold': None},
[36m(TaskRunnerV1 pid=178100)[0m                'use_kl_in_reward': False,
[36m(TaskRunnerV1 pid=178100)[0m                'use_pf_ppo': False},
[36m(TaskRunnerV1 pid=178100)[0m  'critic': {'_target_': 'verl.workers.config.McoreCriticConfig',
[36m(TaskRunnerV1 pid=178100)[0m             'checkpoint': {'_target_': 'verl.workers.config.McoreCheckpointConfig',
[36m(TaskRunnerV1 pid=178100)[0m                            'async_save': False,
[36m(TaskRunnerV1 pid=178100)[0m                            'load_contents': ['model', 'optimizer', 'extra'],
[36m(TaskRunnerV1 pid=178100)[0m                            'mbridge_config': {},
[36m(TaskRunnerV1 pid=178100)[0m                            'save_contents': ['model', 'optimizer', 'extra']},
[36m(TaskRunnerV1 pid=178100)[0m             'cliprange_value': 0.5,
[36m(TaskRunnerV1 pid=178100)[0m             'data_loader_seed': 42,
[36m(TaskRunnerV1 pid=178100)[0m             'enable': None,
[36m(TaskRunnerV1 pid=178100)[0m             'forward_max_token_len_per_gpu': 32768,
[36m(TaskRunnerV1 pid=178100)[0m             'loss_agg_mode': 'token-mean',
[36m(TaskRunnerV1 pid=178100)[0m             'loss_scale_factor': None,
[36m(TaskRunnerV1 pid=178100)[0m             'megatron': {'_target_': 'verl.workers.config.McoreEngineConfig',
[36m(TaskRunnerV1 pid=178100)[0m                          'context_parallel_size': 1,
[36m(TaskRunnerV1 pid=178100)[0m                          'dist_checkpointing_path': None,
[36m(TaskRunnerV1 pid=178100)[0m                          'dist_checkpointing_prefix': '',
[36m(TaskRunnerV1 pid=178100)[0m                          'dist_ckpt_optim_fully_reshardable': False,
[36m(TaskRunnerV1 pid=178100)[0m                          'distrib_optim_fully_reshardable_mem_efficient': False,
[36m(TaskRunnerV1 pid=178100)[0m                          'dtype': 'bfloat16',
[36m(TaskRunnerV1 pid=178100)[0m                          'dynamic_context_parallel': False,
[36m(TaskRunnerV1 pid=178100)[0m                          'entropy_from_logits_chunk_size': 2048,
[36m(TaskRunnerV1 pid=178100)[0m                          'entropy_from_logits_with_chunking': False,
[36m(TaskRunnerV1 pid=178100)[0m                          'expert_model_parallel_size': 1,
[36m(TaskRunnerV1 pid=178100)[0m                          'expert_tensor_parallel_size': None,
[36m(TaskRunnerV1 pid=178100)[0m                          'forward_only': False,
[36m(TaskRunnerV1 pid=178100)[0m                          'max_seqlen_per_dp_cp_rank': None,
[36m(TaskRunnerV1 pid=178100)[0m                          'optimizer_offload': False,
[36m(TaskRunnerV1 pid=178100)[0m                          'override_ddp_config': {},
[36m(TaskRunnerV1 pid=178100)[0m                          'override_mcore_model_config': {},
[36m(TaskRunnerV1 pid=178100)[0m                          'override_transformer_config': {'attention_backend': 'flash',
[36m(TaskRunnerV1 pid=178100)[0m                                                          'recompute_granularity': None,
[36m(TaskRunnerV1 pid=178100)[0m                                                          'recompute_method': None,
[36m(TaskRunnerV1 pid=178100)[0m                                                          'recompute_modules': ['core_attn'],
[36m(TaskRunnerV1 pid=178100)[0m                                                          'recompute_num_layers': None},
[36m(TaskRunnerV1 pid=178100)[0m                          'pad_bshd_to_minibatch_max': True,
[36m(TaskRunnerV1 pid=178100)[0m                          'pad_to_length': False,
[36m(TaskRunnerV1 pid=178100)[0m                          'pad_to_length_bucket': 512,
[36m(TaskRunnerV1 pid=178100)[0m                          'param_offload': False,
[36m(TaskRunnerV1 pid=178100)[0m                          'pipeline_model_parallel_size': 1,
[36m(TaskRunnerV1 pid=178100)[0m                          'qat': {'_target_': 'verl.workers.config.QATEngineConfig',
[36m(TaskRunnerV1 pid=178100)[0m                                  'activation_observer': None,
[36m(TaskRunnerV1 pid=178100)[0m                                  'enable': False,
[36m(TaskRunnerV1 pid=178100)[0m                                  'group_size': 16,
[36m(TaskRunnerV1 pid=178100)[0m                                  'ignore_patterns': ['lm_head', '*mlp.gate'],
[36m(TaskRunnerV1 pid=178100)[0m                                  'mode': 'w4a16',
[36m(TaskRunnerV1 pid=178100)[0m                                  'quantization_config_path': None},
[36m(TaskRunnerV1 pid=178100)[0m                          'response_only_lm_head': False,
[36m(TaskRunnerV1 pid=178100)[0m                          'router_replay': {'_target_': 'verl.workers.config.EngineRouterReplayConfig',
[36m(TaskRunnerV1 pid=178100)[0m                                            'mode': 'disabled',
[36m(TaskRunnerV1 pid=178100)[0m                                            'record_file': None,
[36m(TaskRunnerV1 pid=178100)[0m                                            'replay_file': None},
[36m(TaskRunnerV1 pid=178100)[0m                          'seed': 42,
[36m(TaskRunnerV1 pid=178100)[0m                          'sequence_parallel': True,
[36m(TaskRunnerV1 pid=178100)[0m                          'tensor_model_parallel_size': 1,
[36m(TaskRunnerV1 pid=178100)[0m                          'use_dist_checkpointing': False,
[36m(TaskRunnerV1 pid=178100)[0m                          'use_distributed_optimizer': True,
[36m(TaskRunnerV1 pid=178100)[0m                          'use_mbridge': True,
[36m(TaskRunnerV1 pid=178100)[0m                          'use_megatron_fsdp': False,
[36m(TaskRunnerV1 pid=178100)[0m                          'use_remove_padding': True,
[36m(TaskRunnerV1 pid=178100)[0m                          'vanilla_mbridge': False,
[36m(TaskRunnerV1 pid=178100)[0m                          'virtual_pipeline_model_parallel_size': None},
[36m(TaskRunnerV1 pid=178100)[0m             'model': {'_target_': 'verl.workers.config.HFModelConfig',
[36m(TaskRunnerV1 pid=178100)[0m                       'custom_chat_template': None,
[36m(TaskRunnerV1 pid=178100)[0m                       'enable_activation_offload': False,
[36m(TaskRunnerV1 pid=178100)[0m                       'enable_gradient_checkpointing': True,
[36m(TaskRunnerV1 pid=178100)[0m                       'exclude_modules': None,
[36m(TaskRunnerV1 pid=178100)[0m                       'external_lib': None,
[36m(TaskRunnerV1 pid=178100)[0m                       'fused_kernel_options': {'impl_backend': 'torch'},
[36m(TaskRunnerV1 pid=178100)[0m                       'hf_config_path': None,
[36m(TaskRunnerV1 pid=178100)[0m                       'lora': {'a2a_experimental': False,
[36m(TaskRunnerV1 pid=178100)[0m                                'adapter_path': None,
[36m(TaskRunnerV1 pid=178100)[0m                                'alpha': 32,
[36m(TaskRunnerV1 pid=178100)[0m                                'dropout': 0.0,
[36m(TaskRunnerV1 pid=178100)[0m                                'dropout_position': 'pre',
[36m(TaskRunnerV1 pid=178100)[0m                                'dtype': None,
[36m(TaskRunnerV1 pid=178100)[0m                                'exclude_modules': [],
[36m(TaskRunnerV1 pid=178100)[0m                                'freeze_language_model': True,
[36m(TaskRunnerV1 pid=178100)[0m                                'freeze_vision_model': True,
[36m(TaskRunnerV1 pid=178100)[0m                                'freeze_vision_projection': True,
[36m(TaskRunnerV1 pid=178100)[0m                                'lora_A_init_method': 'xavier',
[36m(TaskRunnerV1 pid=178100)[0m                                'lora_B_init_method': 'zero',
[36m(TaskRunnerV1 pid=178100)[0m                                'merge': False,
[36m(TaskRunnerV1 pid=178100)[0m                                'rank': 0,
[36m(TaskRunnerV1 pid=178100)[0m                                'target_modules': ['linear_qkv',
[36m(TaskRunnerV1 pid=178100)[0m                                                   'linear_proj',
[36m(TaskRunnerV1 pid=178100)[0m                                                   'linear_fc1',
[36m(TaskRunnerV1 pid=178100)[0m                                                   'linear_fc2'],
[36m(TaskRunnerV1 pid=178100)[0m                                'type': 'lora'},
[36m(TaskRunnerV1 pid=178100)[0m                       'lora_adapter_path': None,
[36m(TaskRunnerV1 pid=178100)[0m                       'lora_alpha': 16,
[36m(TaskRunnerV1 pid=178100)[0m                       'lora_rank': 0,
[36m(TaskRunnerV1 pid=178100)[0m                       'mtp': {'_target_': 'verl.workers.config.MtpConfig',
[36m(TaskRunnerV1 pid=178100)[0m                               'detach_encoder': False,
[36m(TaskRunnerV1 pid=178100)[0m                               'enable': False,
[36m(TaskRunnerV1 pid=178100)[0m                               'enable_rollout': False,
[36m(TaskRunnerV1 pid=178100)[0m                               'enable_train': False,
[36m(TaskRunnerV1 pid=178100)[0m                               'method': 'mtp',
[36m(TaskRunnerV1 pid=178100)[0m                               'mtp_loss_scaling_factor': 0.1,
[36m(TaskRunnerV1 pid=178100)[0m                               'num_speculative_tokens': 1,
[36m(TaskRunnerV1 pid=178100)[0m                               'speculative_algorithm': 'EAGLE',
[36m(TaskRunnerV1 pid=178100)[0m                               'speculative_eagle_topk': 1,
[36m(TaskRunnerV1 pid=178100)[0m                               'speculative_num_draft_tokens': 4,
[36m(TaskRunnerV1 pid=178100)[0m                               'speculative_num_steps': 3},
[36m(TaskRunnerV1 pid=178100)[0m                       'override_config': {},
[36m(TaskRunnerV1 pid=178100)[0m                       'path': '~/models/deepseek-llm-7b-chat',
[36m(TaskRunnerV1 pid=178100)[0m                       'target_modules': 'all-linear',
[36m(TaskRunnerV1 pid=178100)[0m                       'tiled_mlp': {'enabled': False, 'num_shards': 4},
[36m(TaskRunnerV1 pid=178100)[0m                       'tokenizer_path': None,
[36m(TaskRunnerV1 pid=178100)[0m                       'trust_remote_code': False,
[36m(TaskRunnerV1 pid=178100)[0m                       'use_fused_kernels': False,
[36m(TaskRunnerV1 pid=178100)[0m                       'use_liger': False,
[36m(TaskRunnerV1 pid=178100)[0m                       'use_remove_padding': True,
[36m(TaskRunnerV1 pid=178100)[0m                       'use_shm': False},
[36m(TaskRunnerV1 pid=178100)[0m             'nccl_timeout': 600,
[36m(TaskRunnerV1 pid=178100)[0m             'optim': {'_target_': 'verl.workers.config.McoreOptimizerConfig',
[36m(TaskRunnerV1 pid=178100)[0m                       'betas': [0.9, 0.999],
[36m(TaskRunnerV1 pid=178100)[0m                       'clip_grad': 1.0,
[36m(TaskRunnerV1 pid=178100)[0m                       'exp_avg_dtype': 'fp32',
[36m(TaskRunnerV1 pid=178100)[0m                       'exp_avg_sq_dtype': 'fp32',
[36m(TaskRunnerV1 pid=178100)[0m                       'lr': 1e-05,
[36m(TaskRunnerV1 pid=178100)[0m                       'lr_decay_steps': None,
[36m(TaskRunnerV1 pid=178100)[0m                       'lr_decay_style': 'constant',
[36m(TaskRunnerV1 pid=178100)[0m                       'lr_warmup_init': 0.0,
[36m(TaskRunnerV1 pid=178100)[0m                       'lr_warmup_steps': -1,
[36m(TaskRunnerV1 pid=178100)[0m                       'lr_warmup_steps_ratio': 0.0,
[36m(TaskRunnerV1 pid=178100)[0m                       'lr_wsd_decay_steps': None,
[36m(TaskRunnerV1 pid=178100)[0m                       'lr_wsd_decay_style': 'exponential',
[36m(TaskRunnerV1 pid=178100)[0m                       'main_grads_dtype': 'fp32',
[36m(TaskRunnerV1 pid=178100)[0m                       'min_lr': 0.0,
[36m(TaskRunnerV1 pid=178100)[0m                       'muon_coefficient_type': 'quintic',
[36m(TaskRunnerV1 pid=178100)[0m                       'muon_extra_scale_factor': 1.0,
[36m(TaskRunnerV1 pid=178100)[0m                       'muon_fp32_matmul_prec': 'medium',
[36m(TaskRunnerV1 pid=178100)[0m                       'muon_match_adamw_update_rms': False,
[36m(TaskRunnerV1 pid=178100)[0m                       'muon_momentum': 0.95,
[36m(TaskRunnerV1 pid=178100)[0m                       'muon_nesterov': False,
[36m(TaskRunnerV1 pid=178100)[0m                       'muon_num_ns_steps': 5,
[36m(TaskRunnerV1 pid=178100)[0m                       'muon_scalar_optimizer': 'adam',
[36m(TaskRunnerV1 pid=178100)[0m                       'muon_scale_mode': 'spectral',
[36m(TaskRunnerV1 pid=178100)[0m                       'muon_split_qkv': True,
[36m(TaskRunnerV1 pid=178100)[0m                       'muon_tp_mode': 'blockwise',
[36m(TaskRunnerV1 pid=178100)[0m                       'optimizer': 'adam',
[36m(TaskRunnerV1 pid=178100)[0m                       'override_optimizer_config': {},
[36m(TaskRunnerV1 pid=178100)[0m                       'total_training_steps': -1,
[36m(TaskRunnerV1 pid=178100)[0m                       'use_checkpoint_opt_param_scheduler': False,
[36m(TaskRunnerV1 pid=178100)[0m                       'use_layer_wise_distributed_optimizer': False,
[36m(TaskRunnerV1 pid=178100)[0m                       'use_precision_aware_optimizer': False,
[36m(TaskRunnerV1 pid=178100)[0m                       'weight_decay': 0.01,
[36m(TaskRunnerV1 pid=178100)[0m                       'weight_decay_incr_style': 'constant'},
[36m(TaskRunnerV1 pid=178100)[0m             'ppo_epochs': 1,
[36m(TaskRunnerV1 pid=178100)[0m             'ppo_max_token_len_per_gpu': 32768,
[36m(TaskRunnerV1 pid=178100)[0m             'ppo_micro_batch_size': None,
[36m(TaskRunnerV1 pid=178100)[0m             'ppo_micro_batch_size_per_gpu': None,
[36m(TaskRunnerV1 pid=178100)[0m             'ppo_mini_batch_size': 1,
[36m(TaskRunnerV1 pid=178100)[0m             'profiler': {'_target_': 'verl.utils.profiler.ProfilerConfig',
[36m(TaskRunnerV1 pid=178100)[0m                          'all_ranks': False,
[36m(TaskRunnerV1 pid=178100)[0m                          'enable': False,
[36m(TaskRunnerV1 pid=178100)[0m                          'finish_hook_all_ranks': False,
[36m(TaskRunnerV1 pid=178100)[0m                          'finish_hook_cmd': None,
[36m(TaskRunnerV1 pid=178100)[0m                          'finish_hook_ranks': [],
[36m(TaskRunnerV1 pid=178100)[0m                          'ranks': [],
[36m(TaskRunnerV1 pid=178100)[0m                          'relocate_results': False,
[36m(TaskRunnerV1 pid=178100)[0m                          'save_path': 'outputs/profile',
[36m(TaskRunnerV1 pid=178100)[0m                          'tool': None,
[36m(TaskRunnerV1 pid=178100)[0m                          'tool_config': {'npu': {'_target_': 'verl.utils.profiler.config.NPUToolConfig',
[36m(TaskRunnerV1 pid=178100)[0m                                                  'analysis': True,
[36m(TaskRunnerV1 pid=178100)[0m                                                  'contents': [],
[36m(TaskRunnerV1 pid=178100)[0m                                                  'discrete': False,
[36m(TaskRunnerV1 pid=178100)[0m                                                  'level': 'level0'},
[36m(TaskRunnerV1 pid=178100)[0m                                          'nsys': {'_target_': 'verl.utils.profiler.config.NsightToolConfig',
[36m(TaskRunnerV1 pid=178100)[0m                                                   'discrete': False},
[36m(TaskRunnerV1 pid=178100)[0m                                          'precision_debugger': {'_target_': 'verl.utils.profiler.config.PrecisionDebuggerToolConfig',
[36m(TaskRunnerV1 pid=178100)[0m                                                                 'config_path': None,
[36m(TaskRunnerV1 pid=178100)[0m                                                                 'stages': None,
[36m(TaskRunnerV1 pid=178100)[0m                                                                 'steps': None,
[36m(TaskRunnerV1 pid=178100)[0m                                                                 'strict': False},
[36m(TaskRunnerV1 pid=178100)[0m                                          'torch': {'_target_': 'verl.utils.profiler.config.TorchProfilerToolConfig',
[36m(TaskRunnerV1 pid=178100)[0m                                                    'contents': [],
[36m(TaskRunnerV1 pid=178100)[0m                                                    'discrete': False,
[36m(TaskRunnerV1 pid=178100)[0m                                                    'schedule': {'_target_': 'verl.utils.profiler.config.TorchProfilerScheduleConfig',
[36m(TaskRunnerV1 pid=178100)[0m                                                                 'active': 0,
[36m(TaskRunnerV1 pid=178100)[0m                                                                 'repeat': 0,
[36m(TaskRunnerV1 pid=178100)[0m                                                                 'skip_first': 0,
[36m(TaskRunnerV1 pid=178100)[0m                                                                 'wait': 0,
[36m(TaskRunnerV1 pid=178100)[0m                                                                 'warmup': 0}},
[36m(TaskRunnerV1 pid=178100)[0m                                          'torch_memory': {'_target_': 'verl.utils.profiler.config.TorchMemoryToolConfig',
[36m(TaskRunnerV1 pid=178100)[0m                                                           'memory_snapshot_num_steps': 1,
[36m(TaskRunnerV1 pid=178100)[0m                                                           'stack_depth': 32,
[36m(TaskRunnerV1 pid=178100)[0m                                                           'trace_alloc_max_entries': 100000}}},
[36m(TaskRunnerV1 pid=178100)[0m             'rollout_n': 4,
[36m(TaskRunnerV1 pid=178100)[0m             'shuffle': False,
[36m(TaskRunnerV1 pid=178100)[0m             'strategy': 'megatron',
[36m(TaskRunnerV1 pid=178100)[0m             'use_dynamic_bsz': False},
[36m(TaskRunnerV1 pid=178100)[0m  'custom_reward_function': {'name': None, 'path': None},
[36m(TaskRunnerV1 pid=178100)[0m  'data': {'apply_chat_template_kwargs': {'enable_thinking': False},
[36m(TaskRunnerV1 pid=178100)[0m           'audio_key': 'audios',
[36m(TaskRunnerV1 pid=178100)[0m           'custom_cls': {'name': None, 'path': None},
[36m(TaskRunnerV1 pid=178100)[0m           'dataloader_num_workers': 0,
[36m(TaskRunnerV1 pid=178100)[0m           'filter_overlong_prompts': False,
[36m(TaskRunnerV1 pid=178100)[0m           'filter_overlong_prompts_workers': 1,
[36m(TaskRunnerV1 pid=178100)[0m           'function_tool_path': None,
[36m(TaskRunnerV1 pid=178100)[0m           'gen_batch_size': 4,
[36m(TaskRunnerV1 pid=178100)[0m           'image_key': 'images',
[36m(TaskRunnerV1 pid=178100)[0m           'image_patch_size': 14,
[36m(TaskRunnerV1 pid=178100)[0m           'max_prompt_length': 8448,
[36m(TaskRunnerV1 pid=178100)[0m           'max_response_length': 8192,
[36m(TaskRunnerV1 pid=178100)[0m           'mm_processor_kwargs': {},
[36m(TaskRunnerV1 pid=178100)[0m           'prompt_key': 'prompt',
[36m(TaskRunnerV1 pid=178100)[0m           'return_full_prompt': False,
[36m(TaskRunnerV1 pid=178100)[0m           'return_multi_modal_inputs': True,
[36m(TaskRunnerV1 pid=178100)[0m           'return_raw_chat': True,
[36m(TaskRunnerV1 pid=178100)[0m           'return_raw_input_ids': False,
[36m(TaskRunnerV1 pid=178100)[0m           'reward_fn_key': 'data_source',
[36m(TaskRunnerV1 pid=178100)[0m           'seed': 42,
[36m(TaskRunnerV1 pid=178100)[0m           'shuffle': False,
[36m(TaskRunnerV1 pid=178100)[0m           'tokenizer': None,
[36m(TaskRunnerV1 pid=178100)[0m           'tool_config_path': None,
[36m(TaskRunnerV1 pid=178100)[0m           'train_batch_size': 4,
[36m(TaskRunnerV1 pid=178100)[0m           'train_files': '/home/p00938733/ruler-verl/8k8k/train.parquet',
[36m(TaskRunnerV1 pid=178100)[0m           'train_max_samples': -1,
[36m(TaskRunnerV1 pid=178100)[0m           'truncation': 'error',
[36m(TaskRunnerV1 pid=178100)[0m           'trust_remote_code': False,
[36m(TaskRunnerV1 pid=178100)[0m           'use_shm': False,
[36m(TaskRunnerV1 pid=178100)[0m           'val_batch_size': None,
[36m(TaskRunnerV1 pid=178100)[0m           'val_files': '/home/p00938733/ruler-verl/8k8k/test.parquet',
[36m(TaskRunnerV1 pid=178100)[0m           'val_max_samples': -1,
[36m(TaskRunnerV1 pid=178100)[0m           'validation_shuffle': False,
[36m(TaskRunnerV1 pid=178100)[0m           'video_key': 'videos'},
[36m(TaskRunnerV1 pid=178100)[0m  'distillation': {'_target_': 'verl.workers.config.DistillationConfig',
[36m(TaskRunnerV1 pid=178100)[0m                   'distillation_loss': {'_target_': 'verl.workers.config.DistillationLossConfig',
[36m(TaskRunnerV1 pid=178100)[0m                                         'clip_ratio': 0.2,
[36m(TaskRunnerV1 pid=178100)[0m                                         'clip_ratio_high': 0.2,
[36m(TaskRunnerV1 pid=178100)[0m                                         'clip_ratio_low': 0.2,
[36m(TaskRunnerV1 pid=178100)[0m                                         'distillation_loss_coef': 1.0,
[36m(TaskRunnerV1 pid=178100)[0m                                         'log_prob_min_clamp': None,
[36m(TaskRunnerV1 pid=178100)[0m                                         'loss_max_clamp': None,
[36m(TaskRunnerV1 pid=178100)[0m                                         'loss_mode': 'k3',
[36m(TaskRunnerV1 pid=178100)[0m                                         'policy_loss_mode': 'vanilla',
[36m(TaskRunnerV1 pid=178100)[0m                                         'topk': 32,
[36m(TaskRunnerV1 pid=178100)[0m                                         'use_policy_gradient': False,
[36m(TaskRunnerV1 pid=178100)[0m                                         'use_task_rewards': True},
[36m(TaskRunnerV1 pid=178100)[0m                   'enabled': False,
[36m(TaskRunnerV1 pid=178100)[0m                   'n_gpus_per_node': 8,
[36m(TaskRunnerV1 pid=178100)[0m                   'nnodes': 0,
[36m(TaskRunnerV1 pid=178100)[0m                   'teacher_key': 'data_source',
[36m(TaskRunnerV1 pid=178100)[0m                   'teacher_models': {'teacher_model': {'_target_': 'verl.workers.config.DistillationTeacherModelConfig',
[36m(TaskRunnerV1 pid=178100)[0m                                                        'inference': {'_target_': 'verl.workers.config.RolloutConfig',
[36m(TaskRunnerV1 pid=178100)[0m                                                                      'cudagraph_capture_sizes': None,
[36m(TaskRunnerV1 pid=178100)[0m                                                                      'data_parallel_size': 1,
[36m(TaskRunnerV1 pid=178100)[0m                                                                      'disable_log_stats': True,
[36m(TaskRunnerV1 pid=178100)[0m                                                                      'dtype': 'bfloat16',
[36m(TaskRunnerV1 pid=178100)[0m                                                                      'enable_chunked_prefill': True,
[36m(TaskRunnerV1 pid=178100)[0m                                                                      'enable_prefix_caching': True,
[36m(TaskRunnerV1 pid=178100)[0m                                                                      'enforce_eager': True,
[36m(TaskRunnerV1 pid=178100)[0m                                                                      'engine_kwargs': {},
[36m(TaskRunnerV1 pid=178100)[0m                                                                      'expert_parallel_size': 1,
[36m(TaskRunnerV1 pid=178100)[0m                                                                      'free_cache_engine': True,
[36m(TaskRunnerV1 pid=178100)[0m                                                                      'gpu_memory_utilization': 0.5,
[36m(TaskRunnerV1 pid=178100)[0m                                                                      'limit_images': None,
[36m(TaskRunnerV1 pid=178100)[0m                                                                      'load_format': 'auto',
[36m(TaskRunnerV1 pid=178100)[0m                                                                      'max_model_len': None,
[36m(TaskRunnerV1 pid=178100)[0m                                                                      'max_num_batched_tokens': 8192,
[36m(TaskRunnerV1 pid=178100)[0m                                                                      'max_num_seqs': 1024,
[36m(TaskRunnerV1 pid=178100)[0m                                                                      'name': 'vllm',
[36m(TaskRunnerV1 pid=178100)[0m                                                                      'prompt_length': 8448,
[36m(TaskRunnerV1 pid=178100)[0m                                                                      'response_length': 8192,
[36m(TaskRunnerV1 pid=178100)[0m                                                                      'skip_tokenizer_init': True,
[36m(TaskRunnerV1 pid=178100)[0m                                                                      'temperature': 1.0,
[36m(TaskRunnerV1 pid=178100)[0m                                                                      'tensor_model_parallel_size': 2},
[36m(TaskRunnerV1 pid=178100)[0m                                                        'key': None,
[36m(TaskRunnerV1 pid=178100)[0m                                                        'model_path': None,
[36m(TaskRunnerV1 pid=178100)[0m                                                        'num_replicas': 0}}},
[36m(TaskRunnerV1 pid=178100)[0m  'global_profiler': {'_target_': 'verl.utils.profiler.ProfilerConfig',
[36m(TaskRunnerV1 pid=178100)[0m                      'finish_hook_all_ranks': False,
[36m(TaskRunnerV1 pid=178100)[0m                      'finish_hook_cmd': None,
[36m(TaskRunnerV1 pid=178100)[0m                      'finish_hook_ranks': [],
[36m(TaskRunnerV1 pid=178100)[0m                      'global_tool_config': {'nsys': {'_target_': 'verl.utils.profiler.config.NsightToolConfig',
[36m(TaskRunnerV1 pid=178100)[0m                                                      'controller_nsight_options': {'cuda-graph-trace': 'graph',
[36m(TaskRunnerV1 pid=178100)[0m                                                                                    'cuda-memory-usage': 'true',
[36m(TaskRunnerV1 pid=178100)[0m                                                                                    'trace': 'cuda,nvtx,cublas,ucx'},
[36m(TaskRunnerV1 pid=178100)[0m                                                      'discrete': False,
[36m(TaskRunnerV1 pid=178100)[0m                                                      'worker_nsight_options': {'capture-range': 'cudaProfilerApi',
[36m(TaskRunnerV1 pid=178100)[0m                                                                                'capture-range-end': None,
[36m(TaskRunnerV1 pid=178100)[0m                                                                                'cuda-graph-trace': 'graph',
[36m(TaskRunnerV1 pid=178100)[0m                                                                                'cuda-memory-usage': 'true',
[36m(TaskRunnerV1 pid=178100)[0m                                                                                'kill': 'none',
[36m(TaskRunnerV1 pid=178100)[0m                                                                                'trace': 'cuda,nvtx,cublas,ucx'}},
[36m(TaskRunnerV1 pid=178100)[0m                                             'precision_debugger': {'_target_': 'verl.utils.profiler.config.PrecisionDebuggerToolConfig',
[36m(TaskRunnerV1 pid=178100)[0m                                                                    'config_path': None,
[36m(TaskRunnerV1 pid=178100)[0m                                                                    'stages': None,
[36m(TaskRunnerV1 pid=178100)[0m                                                                    'steps': None,
[36m(TaskRunnerV1 pid=178100)[0m                                                                    'strict': False},
[36m(TaskRunnerV1 pid=178100)[0m                                             'torch_memory': {'context': 'all',
[36m(TaskRunnerV1 pid=178100)[0m                                                              'kw_args': {},
[36m(TaskRunnerV1 pid=178100)[0m                                                              'memory_snapshot_num_steps': 1,
[36m(TaskRunnerV1 pid=178100)[0m                                                              'stack_depth': 32,
[36m(TaskRunnerV1 pid=178100)[0m                                                              'stacks': 'all',
[36m(TaskRunnerV1 pid=178100)[0m                                                              'trace_alloc_max_entries': 100000}},
[36m(TaskRunnerV1 pid=178100)[0m                      'profile_continuous_steps': False,
[36m(TaskRunnerV1 pid=178100)[0m                      'relocate_results': False,
[36m(TaskRunnerV1 pid=178100)[0m                      'save_path': 'outputs/profile',
[36m(TaskRunnerV1 pid=178100)[0m                      'steps': None,
[36m(TaskRunnerV1 pid=178100)[0m                      'tool': None},
[36m(TaskRunnerV1 pid=178100)[0m  'model_engine': 'megatron',
[36m(TaskRunnerV1 pid=178100)[0m  'ray_kwargs': {'ray_init': {'num_cpus': None,
[36m(TaskRunnerV1 pid=178100)[0m                              'runtime_env': {'env_vars': {'VERL_RESPONSE_ONLY_LM_HEAD_PROFILE': '0'},
[36m(TaskRunnerV1 pid=178100)[0m                                              'py_executable': None}},
[36m(TaskRunnerV1 pid=178100)[0m                 'timeline_json_file': None},
[36m(TaskRunnerV1 pid=178100)[0m  'reward': {'_target_': 'verl.workers.config.RewardConfig',
[36m(TaskRunnerV1 pid=178100)[0m             'custom_reward_function': {'name': 'compute_score',
[36m(TaskRunnerV1 pid=178100)[0m                                        'path': '/home/p00938733/ruler-verl/ruler_niah_reward.py'},
[36m(TaskRunnerV1 pid=178100)[0m             'num_workers': 8,
[36m(TaskRunnerV1 pid=178100)[0m             'reward_manager': {'_target_': 'verl.workers.config.reward.RewardManagerConfig',
[36m(TaskRunnerV1 pid=178100)[0m                                'module': {'_target_': 'verl.trainer.config.config.ModuleConfig',
[36m(TaskRunnerV1 pid=178100)[0m                                           'name': 'custom_reward_manager',
[36m(TaskRunnerV1 pid=178100)[0m                                           'path': None},
[36m(TaskRunnerV1 pid=178100)[0m                                'name': 'naive',
[36m(TaskRunnerV1 pid=178100)[0m                                'source': 'register'},
[36m(TaskRunnerV1 pid=178100)[0m             'reward_model': {'_target_': 'verl.workers.config.RewardModelConfig',
[36m(TaskRunnerV1 pid=178100)[0m                              'enable': False,
[36m(TaskRunnerV1 pid=178100)[0m                              'enable_resource_pool': False,
[36m(TaskRunnerV1 pid=178100)[0m                              'model_path': None,
[36m(TaskRunnerV1 pid=178100)[0m                              'n_gpus_per_node': 8,
[36m(TaskRunnerV1 pid=178100)[0m                              'nnodes': 0,
[36m(TaskRunnerV1 pid=178100)[0m                              'rollout': {'_target_': 'verl.workers.config.RolloutConfig',
[36m(TaskRunnerV1 pid=178100)[0m                                          'cudagraph_capture_sizes': None,
[36m(TaskRunnerV1 pid=178100)[0m                                          'data_parallel_size': 1,
[36m(TaskRunnerV1 pid=178100)[0m                                          'disable_log_stats': True,
[36m(TaskRunnerV1 pid=178100)[0m                                          'disaggregation': {'bootstrap_port': None,
[36m(TaskRunnerV1 pid=178100)[0m                                                             'decode_replicas': 1,
[36m(TaskRunnerV1 pid=178100)[0m                                                             'decode_tensor_model_parallel_size': None,
[36m(TaskRunnerV1 pid=178100)[0m                                                             'enabled': False,
[36m(TaskRunnerV1 pid=178100)[0m                                                             'ib_device': None,
[36m(TaskRunnerV1 pid=178100)[0m                                                             'prefill_replicas': 1,
[36m(TaskRunnerV1 pid=178100)[0m                                                             'transfer_backend': 'nixl'},
[36m(TaskRunnerV1 pid=178100)[0m                                          'do_sample': True,
[36m(TaskRunnerV1 pid=178100)[0m                                          'dtype': 'bfloat16',
[36m(TaskRunnerV1 pid=178100)[0m                                          'enable_chunked_prefill': True,
[36m(TaskRunnerV1 pid=178100)[0m                                          'enable_prefix_caching': True,
[36m(TaskRunnerV1 pid=178100)[0m                                          'enforce_eager': True,
[36m(TaskRunnerV1 pid=178100)[0m                                          'engine_kwargs': {},
[36m(TaskRunnerV1 pid=178100)[0m                                          'expert_parallel_size': 1,
[36m(TaskRunnerV1 pid=178100)[0m                                          'free_cache_engine': True,
[36m(TaskRunnerV1 pid=178100)[0m                                          'full_determinism': False,
[36m(TaskRunnerV1 pid=178100)[0m                                          'gpu_memory_utilization': 0.5,
[36m(TaskRunnerV1 pid=178100)[0m                                          'ignore_eos': False,
[36m(TaskRunnerV1 pid=178100)[0m                                          'layered_summon': False,
[36m(TaskRunnerV1 pid=178100)[0m                                          'limit_images': None,
[36m(TaskRunnerV1 pid=178100)[0m                                          'load_format': 'auto',
[36m(TaskRunnerV1 pid=178100)[0m                                          'max_model_len': None,
[36m(TaskRunnerV1 pid=178100)[0m                                          'max_num_batched_tokens': 8192,
[36m(TaskRunnerV1 pid=178100)[0m                                          'max_num_seqs': 1024,
[36m(TaskRunnerV1 pid=178100)[0m                                          'mtp': None,
[36m(TaskRunnerV1 pid=178100)[0m                                          'multi_stage_wake_up': False,
[36m(TaskRunnerV1 pid=178100)[0m                                          'n': 1,
[36m(TaskRunnerV1 pid=178100)[0m                                          'name': '???',
[36m(TaskRunnerV1 pid=178100)[0m                                          'pipeline_model_parallel_size': 1,
[36m(TaskRunnerV1 pid=178100)[0m                                          'prompt_length': 2048,
[36m(TaskRunnerV1 pid=178100)[0m                                          'quantization': None,
[36m(TaskRunnerV1 pid=178100)[0m                                          'quantization_config_file': None,
[36m(TaskRunnerV1 pid=178100)[0m                                          'response_length': 2048,
[36m(TaskRunnerV1 pid=178100)[0m                                          'scheduling_policy': 'fcfs',
[36m(TaskRunnerV1 pid=178100)[0m                                          'seed': 42,
[36m(TaskRunnerV1 pid=178100)[0m                                          'skip_tokenizer_init': False,
[36m(TaskRunnerV1 pid=178100)[0m                                          'temperature': 1.0,
[36m(TaskRunnerV1 pid=178100)[0m                                          'tensor_model_parallel_size': 2,
[36m(TaskRunnerV1 pid=178100)[0m                                          'top_k': -1,
[36m(TaskRunnerV1 pid=178100)[0m                                          'top_p': 1}},
[36m(TaskRunnerV1 pid=178100)[0m             'sandbox_fusion': {'_target_': 'verl.workers.config.SandboxFusionConfig',
[36m(TaskRunnerV1 pid=178100)[0m                                'max_concurrent': 64,
[36m(TaskRunnerV1 pid=178100)[0m                                'memory_limit_mb': 1024,
[36m(TaskRunnerV1 pid=178100)[0m                                'url': None}},
[36m(TaskRunnerV1 pid=178100)[0m  'reward_model': {'enable': None,
[36m(TaskRunnerV1 pid=178100)[0m                   'enable_resource_pool': None,
[36m(TaskRunnerV1 pid=178100)[0m                   'model': {'external_lib': None,
[36m(TaskRunnerV1 pid=178100)[0m                             'path': None,
[36m(TaskRunnerV1 pid=178100)[0m                             'trust_remote_code': None},
[36m(TaskRunnerV1 pid=178100)[0m                   'n_gpus_per_node': None,
[36m(TaskRunnerV1 pid=178100)[0m                   'nnodes': None,
[36m(TaskRunnerV1 pid=178100)[0m                   'num_workers': None,
[36m(TaskRunnerV1 pid=178100)[0m                   'reward_loop_class_name': None,
[36m(TaskRunnerV1 pid=178100)[0m                   'reward_loop_module_path': None,
[36m(TaskRunnerV1 pid=178100)[0m                   'reward_loop_source': None,
[36m(TaskRunnerV1 pid=178100)[0m                   'reward_manager': None,
[36m(TaskRunnerV1 pid=178100)[0m                   'rollout': {'cudagraph_capture_sizes': None,
[36m(TaskRunnerV1 pid=178100)[0m                               'data_parallel_size': None,
[36m(TaskRunnerV1 pid=178100)[0m                               'disable_log_stats': None,
[36m(TaskRunnerV1 pid=178100)[0m                               'dtype': None,
[36m(TaskRunnerV1 pid=178100)[0m                               'enable_chunked_prefill': None,
[36m(TaskRunnerV1 pid=178100)[0m                               'enable_prefix_caching': None,
[36m(TaskRunnerV1 pid=178100)[0m                               'enforce_eager': None,
[36m(TaskRunnerV1 pid=178100)[0m                               'engine_kwargs': None,
[36m(TaskRunnerV1 pid=178100)[0m                               'expert_parallel_size': None,
[36m(TaskRunnerV1 pid=178100)[0m                               'free_cache_engine': None,
[36m(TaskRunnerV1 pid=178100)[0m                               'gpu_memory_utilization': None,
[36m(TaskRunnerV1 pid=178100)[0m                               'limit_images': None,
[36m(TaskRunnerV1 pid=178100)[0m                               'load_format': None,
[36m(TaskRunnerV1 pid=178100)[0m                               'max_model_len': None,
[36m(TaskRunnerV1 pid=178100)[0m                               'max_num_batched_tokens': None,
[36m(TaskRunnerV1 pid=178100)[0m                               'max_num_seqs': None,
[36m(TaskRunnerV1 pid=178100)[0m                               'name': None,
[36m(TaskRunnerV1 pid=178100)[0m                               'prompt_length': None,
[36m(TaskRunnerV1 pid=178100)[0m                               'response_length': None,
[36m(TaskRunnerV1 pid=178100)[0m                               'skip_tokenizer_init': None,
[36m(TaskRunnerV1 pid=178100)[0m                               'tensor_model_parallel_size': None}},
[36m(TaskRunnerV1 pid=178100)[0m  'sandbox_fusion': {'max_concurrent': None,
[36m(TaskRunnerV1 pid=178100)[0m                     'memory_limit_mb': None,
[36m(TaskRunnerV1 pid=178100)[0m                     'url': None},
[36m(TaskRunnerV1 pid=178100)[0m  'skip': {'_target_': 'verl.utils.skip.SkipManagerConfig',
[36m(TaskRunnerV1 pid=178100)[0m           'async_rollout': {'action': 'cache',
[36m(TaskRunnerV1 pid=178100)[0m                             'dump_dir': '~/.verl/rollout_dump',
[36m(TaskRunnerV1 pid=178100)[0m                             'enable': False,
[36m(TaskRunnerV1 pid=178100)[0m                             'steps': []},
[36m(TaskRunnerV1 pid=178100)[0m           'rollout': {'action': 'cache',
[36m(TaskRunnerV1 pid=178100)[0m                       'dump_dir': '~/.verl/rollout_dump',
[36m(TaskRunnerV1 pid=178100)[0m                       'enable': False,
[36m(TaskRunnerV1 pid=178100)[0m                       'steps': []},
[36m(TaskRunnerV1 pid=178100)[0m           'rollout_tq': {'action': 'cache',
[36m(TaskRunnerV1 pid=178100)[0m                          'dump_dir': '/home/p00938733/rlmh-cache/8k8k-recompute-20260911-131445',
[36m(TaskRunnerV1 pid=178100)[0m                          'enable': True,
[36m(TaskRunnerV1 pid=178100)[0m                          'steps': [1, 2, 3, 4]}},
[36m(TaskRunnerV1 pid=178100)[0m  'trainer': {'balance_batch': True,
[36m(TaskRunnerV1 pid=178100)[0m              'checkpoint_callback_class': None,
[36m(TaskRunnerV1 pid=178100)[0m              'critic_warmup': 0,
[36m(TaskRunnerV1 pid=178100)[0m              'default_hdfs_dir': None,
[36m(TaskRunnerV1 pid=178100)[0m              'default_local_dir': 'checkpoints/rlmh_combinations_a100/rlmh_combinations_a100',
[36m(TaskRunnerV1 pid=178100)[0m              'del_local_ckpt_after_load': False,
[36m(TaskRunnerV1 pid=178100)[0m              'device': 'cuda',
[36m(TaskRunnerV1 pid=178100)[0m              'esi_redundant_time': 0,
[36m(TaskRunnerV1 pid=178100)[0m              'experiment_name': 'rlmh_combinations_a100',
[36m(TaskRunnerV1 pid=178100)[0m              'log_val_generations': 0,
[36m(TaskRunnerV1 pid=178100)[0m              'logger': ['console'],
[36m(TaskRunnerV1 pid=178100)[0m              'max_actor_ckpt_to_keep': None,
[36m(TaskRunnerV1 pid=178100)[0m              'max_critic_ckpt_to_keep': None,
[36m(TaskRunnerV1 pid=178100)[0m              'n_gpus_per_node': 8,
[36m(TaskRunnerV1 pid=178100)[0m              'nnodes': 1,
[36m(TaskRunnerV1 pid=178100)[0m              'project_name': 'rlmh_combinations_a100',
[36m(TaskRunnerV1 pid=178100)[0m              'ray_wait_register_center_timeout': 300,
[36m(TaskRunnerV1 pid=178100)[0m              'resume_from_path': None,
[36m(TaskRunnerV1 pid=178100)[0m              'resume_mode': 'disable',
[36m(TaskRunnerV1 pid=178100)[0m              'rollout_data_dir': None,
[36m(TaskRunnerV1 pid=178100)[0m              'save_freq': -1,
[36m(TaskRunnerV1 pid=178100)[0m              'test_freq': -1,
[36m(TaskRunnerV1 pid=178100)[0m              'total_epochs': 15,
[36m(TaskRunnerV1 pid=178100)[0m              'total_training_steps': 4,
[36m(TaskRunnerV1 pid=178100)[0m              'use_v1': True,
[36m(TaskRunnerV1 pid=178100)[0m              'v1': {'colocate_async': {'num_warmup_batches': 1},
[36m(TaskRunnerV1 pid=178100)[0m                     'sampler': {'custom_sampler': {'name': None, 'path': None},
[36m(TaskRunnerV1 pid=178100)[0m                                 'max_off_policy_strategy': 'drop',
[36m(TaskRunnerV1 pid=178100)[0m                                 'max_off_policy_threshold': 8,
[36m(TaskRunnerV1 pid=178100)[0m                                 'sampler_kwargs': {},
[36m(TaskRunnerV1 pid=178100)[0m                                 'sync_refill_failed_groups': False},
[36m(TaskRunnerV1 pid=178100)[0m                     'separate_async': {'hybrid_rollout': {'_target_': 'verl.trainer.config.HybridRolloutSwitchConfig',
[36m(TaskRunnerV1 pid=178100)[0m                                                           'adaptive_switch_threshold': True,
[36m(TaskRunnerV1 pid=178100)[0m                                                           'enable_switch': False,
[36m(TaskRunnerV1 pid=178100)[0m                                                           'switch_cost_window_size': 3,
[36m(TaskRunnerV1 pid=178100)[0m                                                           'switch_threshold_ratio': 0.4,
[36m(TaskRunnerV1 pid=178100)[0m                                                           'switch_threshold_release_steps': 2,
[36m(TaskRunnerV1 pid=178100)[0m                                                           'switch_threshold_step_down': 0.03,
[36m(TaskRunnerV1 pid=178100)[0m                                                           'switch_threshold_step_up': 0.05},
[36m(TaskRunnerV1 pid=178100)[0m                                        'num_warmup_batches': 1,
[36m(TaskRunnerV1 pid=178100)[0m                                        'parameter_sync_step': 4},
[36m(TaskRunnerV1 pid=178100)[0m                     'sync': {},
[36m(TaskRunnerV1 pid=178100)[0m                     'trainer_mode': 'sync'},
[36m(TaskRunnerV1 pid=178100)[0m              'val_before_train': False,
[36m(TaskRunnerV1 pid=178100)[0m              'val_only': False,
[36m(TaskRunnerV1 pid=178100)[0m              'validation_data_dir': None},
[36m(TaskRunnerV1 pid=178100)[0m  'transfer_queue': {'backend': {'MooncakeStore': {'auto_init': False,
[36m(TaskRunnerV1 pid=178100)[0m                                                   'device_name': '',
[36m(TaskRunnerV1 pid=178100)[0m                                                   'global_segment_size': 4294967296,
[36m(TaskRunnerV1 pid=178100)[0m                                                   'local_buffer_size': 1073741824,
[36m(TaskRunnerV1 pid=178100)[0m                                                   'local_hostname': 'localhost',
[36m(TaskRunnerV1 pid=178100)[0m                                                   'master_server_address': 'localhost:50124',
[36m(TaskRunnerV1 pid=178100)[0m                                                   'metadata_server': 'localhost:50123',
[36m(TaskRunnerV1 pid=178100)[0m                                                   'protocol': 'tcp'},
[36m(TaskRunnerV1 pid=178100)[0m                                 'SimpleStorage': {'num_data_storage_units': 8,
[36m(TaskRunnerV1 pid=178100)[0m                                                   'total_storage_size': 100000},
[36m(TaskRunnerV1 pid=178100)[0m                                 'storage_backend': 'SimpleStorage'},
[36m(TaskRunnerV1 pid=178100)[0m                     'enable': True,
[36m(TaskRunnerV1 pid=178100)[0m                     'metrics': {'enabled': False, 'port': 0}}}
[36m(TaskRunnerV1 pid=178100)[0m /home/p00938733/verl-090/verl/trainer/ppo/v1/trainer_base.py:129: UserWarning: Disabled critic as algorithm.adv_estimator != gae. If it is not intended, please set critic.enable=True
[36m(TaskRunnerV1 pid=178100)[0m   self.use_critic = need_critic(self.config)
[36m(TaskRunnerV1 pid=178100)[0m Using dataset class: RLHFDataset
[36m(TaskRunnerV1 pid=178100)[0m dataset len: 8
[36m(TaskRunnerV1 pid=178100)[0m Using dataset class: RLHFDataset
[36m(TaskRunnerV1 pid=178100)[0m dataset len: 4
[36m(TaskRunnerV1 pid=178100)[0m colocated worker base class <class 'verl.single_controller.base.worker.Worker'>
[36m(TaskRunnerV1 pid=178100)[0m INFO:2026-09-11 13:15:40,215:train and validate dataloader initialized, train dataset size: 8, val dataset size: 4
[36m(TaskRunnerV1 pid=178100)[0m INFO:2026-09-11 13:15:40,215:Total training steps: 4
[36m(TaskRunnerV1 pid=178100)[0m /home/p00938733/verl-090/verl/trainer/ppo/v1/trainer_base.py:755: UserWarning: Disabled critic as algorithm.adv_estimator != gae. If it is not intended, please set critic.enable=True
[36m(TaskRunnerV1 pid=178100)[0m   if need_critic(config):
[36m(TaskRunnerV1 pid=178100)[0m INFO:2026-09-11 13:15:40,224:worker group kwargs: {'device_name': 'cuda'}
[36m(TaskRunnerV1 pid=178100)[0m INFO:2026-09-11 13:15:41,239:create worker group dict_keys(['actor_rollout_ref'])
[36m(WorkerDict pid=180057)[0m /home/p00938733/verl-090/verl/workers/engine/__init__.py:32: UserWarning: torchtitan engine is not available: ModuleNotFoundError("No module named 'torchtitan'")
[36m(WorkerDict pid=180057)[0m   warnings.warn(f"torchtitan engine is not available: {e!r}", stacklevel=1)
[36m(WorkerDict pid=180057)[0m /home/p00938733/verl-090/verl/workers/engine/__init__.py:41: UserWarning: veomni engine is not available: ModuleNotFoundError("No module named 'veomni'")
[36m(WorkerDict pid=180057)[0m   warnings.warn(f"veomni engine is not available: {e!r}", stacklevel=1)
[36m(WorkerDict pid=180057)[0m /home/p00938733/verl-090/verl/workers/engine/__init__.py:50: UserWarning: automodel engine is not available: ModuleNotFoundError("No module named 'nemo_automodel'")
[36m(WorkerDict pid=180057)[0m   warnings.warn(f"automodel engine is not available: {e!r}", stacklevel=1)
[36m(WorkerDict pid=180055)[0m /home/p00938733/verl-090/verl/workers/engine/__init__.py:32: UserWarning: torchtitan engine is not available: ModuleNotFoundError("No module named 'torchtitan'")
[36m(WorkerDict pid=180055)[0m   warnings.warn(f"torchtitan engine is not available: {e!r}", stacklevel=1)
[36m(WorkerDict pid=180055)[0m /home/p00938733/verl-090/verl/workers/engine/__init__.py:41: UserWarning: veomni engine is not available: ModuleNotFoundError("No module named 'veomni'")
[36m(WorkerDict pid=180055)[0m   warnings.warn(f"veomni engine is not available: {e!r}", stacklevel=1)
[36m(WorkerDict pid=180055)[0m /home/p00938733/verl-090/verl/workers/engine/__init__.py:50: UserWarning: automodel engine is not available: ModuleNotFoundError("No module named 'nemo_automodel'")
[36m(WorkerDict pid=180055)[0m   warnings.warn(f"automodel engine is not available: {e!r}", stacklevel=1)
[36m(WorkerDict pid=180056)[0m /home/p00938733/verl-090/verl/workers/engine/__init__.py:32: UserWarning: torchtitan engine is not available: ModuleNotFoundError("No module named 'torchtitan'")
[36m(WorkerDict pid=180056)[0m   warnings.warn(f"torchtitan engine is not available: {e!r}", stacklevel=1)
[36m(WorkerDict pid=180056)[0m /home/p00938733/verl-090/verl/workers/engine/__init__.py:41: UserWarning: veomni engine is not available: ModuleNotFoundError("No module named 'veomni'")
[36m(WorkerDict pid=180056)[0m   warnings.warn(f"veomni engine is not available: {e!r}", stacklevel=1)
[36m(WorkerDict pid=180056)[0m /home/p00938733/verl-090/verl/workers/engine/__init__.py:50: UserWarning: automodel engine is not available: ModuleNotFoundError("No module named 'nemo_automodel'")
[36m(WorkerDict pid=180056)[0m   warnings.warn(f"automodel engine is not available: {e!r}", stacklevel=1)
[36m(WorkerDict pid=180050)[0m /home/p00938733/verl-090/verl/workers/engine/__init__.py:32: UserWarning: torchtitan engine is not available: ModuleNotFoundError("No module named 'torchtitan'")
[36m(WorkerDict pid=180050)[0m   warnings.warn(f"torchtitan engine is not available: {e!r}", stacklevel=1)
[36m(WorkerDict pid=180050)[0m /home/p00938733/verl-090/verl/workers/engine/__init__.py:41: UserWarning: veomni engine is not available: ModuleNotFoundError("No module named 'veomni'")
[36m(WorkerDict pid=180050)[0m   warnings.warn(f"veomni engine is not available: {e!r}", stacklevel=1)
[36m(WorkerDict pid=180050)[0m /home/p00938733/verl-090/verl/workers/engine/__init__.py:50: UserWarning: automodel engine is not available: ModuleNotFoundError("No module named 'nemo_automodel'")
[36m(WorkerDict pid=180050)[0m   warnings.warn(f"automodel engine is not available: {e!r}", stacklevel=1)
[36m(WorkerDict pid=180053)[0m /home/p00938733/verl-090/verl/workers/engine/__init__.py:32: UserWarning: torchtitan engine is not available: ModuleNotFoundError("No module named 'torchtitan'")
[36m(WorkerDict pid=180053)[0m   warnings.warn(f"torchtitan engine is not available: {e!r}", stacklevel=1)
[36m(WorkerDict pid=180053)[0m /home/p00938733/verl-090/verl/workers/engine/__init__.py:41: UserWarning: veomni engine is not available: ModuleNotFoundError("No module named 'veomni'")
[36m(WorkerDict pid=180053)[0m   warnings.warn(f"veomni engine is not available: {e!r}", stacklevel=1)
[36m(WorkerDict pid=180053)[0m /home/p00938733/verl-090/verl/workers/engine/__init__.py:50: UserWarning: automodel engine is not available: ModuleNotFoundError("No module named 'nemo_automodel'")
[36m(WorkerDict pid=180053)[0m   warnings.warn(f"automodel engine is not available: {e!r}", stacklevel=1)
[36m(WorkerDict pid=180054)[0m /home/p00938733/verl-090/verl/workers/engine/__init__.py:32: UserWarning: torchtitan engine is not available: ModuleNotFoundError("No module named 'torchtitan'")
[36m(WorkerDict pid=180054)[0m   warnings.warn(f"torchtitan engine is not available: {e!r}", stacklevel=1)
[36m(WorkerDict pid=180054)[0m /home/p00938733/verl-090/verl/workers/engine/__init__.py:41: UserWarning: veomni engine is not available: ModuleNotFoundError("No module named 'veomni'")
[36m(WorkerDict pid=180054)[0m   warnings.warn(f"veomni engine is not available: {e!r}", stacklevel=1)
[36m(WorkerDict pid=180054)[0m /home/p00938733/verl-090/verl/workers/engine/__init__.py:50: UserWarning: automodel engine is not available: ModuleNotFoundError("No module named 'nemo_automodel'")
[36m(WorkerDict pid=180054)[0m   warnings.warn(f"automodel engine is not available: {e!r}", stacklevel=1)
[36m(WorkerDict pid=180052)[0m /home/p00938733/verl-090/verl/workers/engine/__init__.py:32: UserWarning: torchtitan engine is not available: ModuleNotFoundError("No module named 'torchtitan'")
[36m(WorkerDict pid=180052)[0m   warnings.warn(f"torchtitan engine is not available: {e!r}", stacklevel=1)
[36m(WorkerDict pid=180052)[0m /home/p00938733/verl-090/verl/workers/engine/__init__.py:41: UserWarning: veomni engine is not available: ModuleNotFoundError("No module named 'veomni'")
[36m(WorkerDict pid=180052)[0m   warnings.warn(f"veomni engine is not available: {e!r}", stacklevel=1)
[36m(WorkerDict pid=180052)[0m /home/p00938733/verl-090/verl/workers/engine/__init__.py:50: UserWarning: automodel engine is not available: ModuleNotFoundError("No module named 'nemo_automodel'")
[36m(WorkerDict pid=180052)[0m   warnings.warn(f"automodel engine is not available: {e!r}", stacklevel=1)
[36m(WorkerDict pid=180051)[0m /home/p00938733/verl-090/verl/workers/engine/__init__.py:32: UserWarning: torchtitan engine is not available: ModuleNotFoundError("No module named 'torchtitan'")
[36m(WorkerDict pid=180051)[0m   warnings.warn(f"torchtitan engine is not available: {e!r}", stacklevel=1)
[36m(WorkerDict pid=180051)[0m /home/p00938733/verl-090/verl/workers/engine/__init__.py:41: UserWarning: veomni engine is not available: ModuleNotFoundError("No module named 'veomni'")
[36m(WorkerDict pid=180051)[0m   warnings.warn(f"veomni engine is not available: {e!r}", stacklevel=1)
[36m(WorkerDict pid=180051)[0m /home/p00938733/verl-090/verl/workers/engine/__init__.py:50: UserWarning: automodel engine is not available: ModuleNotFoundError("No module named 'nemo_automodel'")
[36m(WorkerDict pid=180051)[0m   warnings.warn(f"automodel engine is not available: {e!r}", stacklevel=1)
[36m(WorkerDict pid=180050)[0m /opt/Megatron-Bridge/3rdparty/Megatron-LM/megatron/core/models/mimo/config/base_configs.py:12: UserWarning: MimoModelConfig is experimental and still under active development. The API may change without notice in future releases.
[36m(WorkerDict pid=180050)[0m   class MimoModelConfig:
[36m(WorkerDict pid=180050)[0m [transformers] `torch_dtype` is deprecated! Use `dtype` instead!
[36m(WorkerDict pid=180050)[0m /opt/Megatron-Bridge/3rdparty/Megatron-LM/megatron/core/transformer/transformer_config.py:2191: UserWarning: full scope is deprecated. Use empty cuda_graph_modules to capture the whole layer.
[36m(WorkerDict pid=180050)[0m   warnings.warn(
[36m(WorkerDict pid=180050)[0m /opt/Megatron-Bridge/3rdparty/Megatron-LM/megatron/core/models/gpt/gpt_layer_specs.py:216: UserWarning: The fp8 argument in "get_gpt_layer_with_transformer_engine_spec" has been deprecated and will be removed soon. Please update your code accordingly.
[36m(WorkerDict pid=180050)[0m   warnings.warn(
[36m(WorkerDict pid=180054)[0m /opt/Megatron-Bridge/3rdparty/Megatron-LM/megatron/core/models/mimo/config/base_configs.py:12: UserWarning: MimoModelConfig is experimental and still under active development. The API may change without notice in future releases.
[36m(WorkerDict pid=180054)[0m   class MimoModelConfig:
[36m(WorkerDict pid=180055)[0m /opt/Megatron-Bridge/3rdparty/Megatron-LM/megatron/core/models/mimo/config/base_configs.py:12: UserWarning: MimoModelConfig is experimental and still under active development. The API may change without notice in future releases.
[36m(WorkerDict pid=180055)[0m   class MimoModelConfig:
[36m(WorkerDict pid=180052)[0m /opt/Megatron-Bridge/3rdparty/Megatron-LM/megatron/core/models/mimo/config/base_configs.py:12: UserWarning: MimoModelConfig is experimental and still under active development. The API may change without notice in future releases.
[36m(WorkerDict pid=180052)[0m   class MimoModelConfig:
[36m(WorkerDict pid=180053)[0m /opt/Megatron-Bridge/3rdparty/Megatron-LM/megatron/core/models/mimo/config/base_configs.py:12: UserWarning: MimoModelConfig is experimental and still under active development. The API may change without notice in future releases.
[36m(WorkerDict pid=180053)[0m   class MimoModelConfig:
[36m(WorkerDict pid=180057)[0m /opt/Megatron-Bridge/3rdparty/Megatron-LM/megatron/core/models/mimo/config/base_configs.py:12: UserWarning: MimoModelConfig is experimental and still under active development. The API may change without notice in future releases.
[36m(WorkerDict pid=180057)[0m   class MimoModelConfig:
[36m(WorkerDict pid=180052)[0m [transformers] `torch_dtype` is deprecated! Use `dtype` instead!
[36m(WorkerDict pid=180052)[0m /opt/Megatron-Bridge/3rdparty/Megatron-LM/megatron/core/transformer/transformer_config.py:2191: UserWarning: full scope is deprecated. Use empty cuda_graph_modules to capture the whole layer.
[36m(WorkerDict pid=180052)[0m   warnings.warn(
[36m(WorkerDict pid=180052)[0m /opt/Megatron-Bridge/3rdparty/Megatron-LM/megatron/core/models/gpt/gpt_layer_specs.py:216: UserWarning: The fp8 argument in "get_gpt_layer_with_transformer_engine_spec" has been deprecated and will be removed soon. Please update your code accordingly.
[36m(WorkerDict pid=180052)[0m   warnings.warn(
[36m(WorkerDict pid=180053)[0m [transformers] `torch_dtype` is deprecated! Use `dtype` instead!
[36m(WorkerDict pid=180053)[0m /opt/Megatron-Bridge/3rdparty/Megatron-LM/megatron/core/transformer/transformer_config.py:2191: UserWarning: full scope is deprecated. Use empty cuda_graph_modules to capture the whole layer.
[36m(WorkerDict pid=180053)[0m   warnings.warn(
[36m(WorkerDict pid=180053)[0m /opt/Megatron-Bridge/3rdparty/Megatron-LM/megatron/core/models/gpt/gpt_layer_specs.py:216: UserWarning: The fp8 argument in "get_gpt_layer_with_transformer_engine_spec" has been deprecated and will be removed soon. Please update your code accordingly.
[36m(WorkerDict pid=180053)[0m   warnings.warn(
[36m(WorkerDict pid=180054)[0m [transformers] `torch_dtype` is deprecated! Use `dtype` instead!
[36m(WorkerDict pid=180054)[0m /opt/Megatron-Bridge/3rdparty/Megatron-LM/megatron/core/transformer/transformer_config.py:2191: UserWarning: full scope is deprecated. Use empty cuda_graph_modules to capture the whole layer.
[36m(WorkerDict pid=180054)[0m   warnings.warn(
[36m(WorkerDict pid=180054)[0m /opt/Megatron-Bridge/3rdparty/Megatron-LM/megatron/core/models/gpt/gpt_layer_specs.py:216: UserWarning: The fp8 argument in "get_gpt_layer_with_transformer_engine_spec" has been deprecated and will be removed soon. Please update your code accordingly.
[36m(WorkerDict pid=180054)[0m   warnings.warn(
[36m(WorkerDict pid=180055)[0m [transformers] `torch_dtype` is deprecated! Use `dtype` instead!
[36m(WorkerDict pid=180055)[0m /opt/Megatron-Bridge/3rdparty/Megatron-LM/megatron/core/transformer/transformer_config.py:2191: UserWarning: full scope is deprecated. Use empty cuda_graph_modules to capture the whole layer.
[36m(WorkerDict pid=180055)[0m   warnings.warn(
[36m(WorkerDict pid=180055)[0m /opt/Megatron-Bridge/3rdparty/Megatron-LM/megatron/core/models/gpt/gpt_layer_specs.py:216: UserWarning: The fp8 argument in "get_gpt_layer_with_transformer_engine_spec" has been deprecated and will be removed soon. Please update your code accordingly.
[36m(WorkerDict pid=180055)[0m   warnings.warn(
[36m(WorkerDict pid=180057)[0m [transformers] `torch_dtype` is deprecated! Use `dtype` instead!
[36m(WorkerDict pid=180057)[0m /opt/Megatron-Bridge/3rdparty/Megatron-LM/megatron/core/transformer/transformer_config.py:2191: UserWarning: full scope is deprecated. Use empty cuda_graph_modules to capture the whole layer.
[36m(WorkerDict pid=180057)[0m   warnings.warn(
[36m(WorkerDict pid=180057)[0m /opt/Megatron-Bridge/3rdparty/Megatron-LM/megatron/core/models/gpt/gpt_layer_specs.py:216: UserWarning: The fp8 argument in "get_gpt_layer_with_transformer_engine_spec" has been deprecated and will be removed soon. Please update your code accordingly.
[36m(WorkerDict pid=180057)[0m   warnings.warn(
[36m(WorkerDict pid=180051)[0m /opt/Megatron-Bridge/3rdparty/Megatron-LM/megatron/core/models/mimo/config/base_configs.py:12: UserWarning: MimoModelConfig is experimental and still under active development. The API may change without notice in future releases.
[36m(WorkerDict pid=180051)[0m   class MimoModelConfig:
[36m(WorkerDict pid=180056)[0m /opt/Megatron-Bridge/3rdparty/Megatron-LM/megatron/core/models/mimo/config/base_configs.py:12: UserWarning: MimoModelConfig is experimental and still under active development. The API may change without notice in future releases.
[36m(WorkerDict pid=180056)[0m   class MimoModelConfig:
[36m(WorkerDict pid=180056)[0m [transformers] `torch_dtype` is deprecated! Use `dtype` instead!
[36m(WorkerDict pid=180056)[0m /opt/Megatron-Bridge/3rdparty/Megatron-LM/megatron/core/transformer/transformer_config.py:2191: UserWarning: full scope is deprecated. Use empty cuda_graph_modules to capture the whole layer.
[36m(WorkerDict pid=180056)[0m   warnings.warn(
[36m(WorkerDict pid=180056)[0m /opt/Megatron-Bridge/3rdparty/Megatron-LM/megatron/core/models/gpt/gpt_layer_specs.py:216: UserWarning: The fp8 argument in "get_gpt_layer_with_transformer_engine_spec" has been deprecated and will be removed soon. Please update your code accordingly.
[36m(WorkerDict pid=180056)[0m   warnings.warn(
[36m(WorkerDict pid=180051)[0m [transformers] `torch_dtype` is deprecated! Use `dtype` instead!
[36m(WorkerDict pid=180051)[0m /opt/Megatron-Bridge/3rdparty/Megatron-LM/megatron/core/transformer/transformer_config.py:2191: UserWarning: full scope is deprecated. Use empty cuda_graph_modules to capture the whole layer.
[36m(WorkerDict pid=180051)[0m   warnings.warn(
[36m(WorkerDict pid=180051)[0m /opt/Megatron-Bridge/3rdparty/Megatron-LM/megatron/core/models/gpt/gpt_layer_specs.py:216: UserWarning: The fp8 argument in "get_gpt_layer_with_transformer_engine_spec" has been deprecated and will be removed soon. Please update your code accordingly.
[36m(WorkerDict pid=180051)[0m   warnings.warn(
[36m(WorkerDict pid=180050)[0m /opt/dev/lib/python3.12/site-packages/transformer_engine/pytorch/module/base.py:1481: UserWarning: To guarantee overlapping TP and SP collectives with the backwardGEMMs, set environment variable CUDA_DEVICE_MAX_CONNECTIONS = 1
[36m(WorkerDict pid=180050)[0m   warnings.warn(
[36m(WorkerDict pid=180052)[0m /opt/dev/lib/python3.12/site-packages/transformer_engine/pytorch/module/base.py:1481: UserWarning: To guarantee overlapping TP and SP collectives with the backwardGEMMs, set environment variable CUDA_DEVICE_MAX_CONNECTIONS = 1
[36m(WorkerDict pid=180052)[0m   warnings.warn(
[36m(WorkerDict pid=180054)[0m /opt/dev/lib/python3.12/site-packages/transformer_engine/pytorch/module/base.py:1481: UserWarning: To guarantee overlapping TP and SP collectives with the backwardGEMMs, set environment variable CUDA_DEVICE_MAX_CONNECTIONS = 1
[36m(WorkerDict pid=180054)[0m   warnings.warn(
[36m(WorkerDict pid=180055)[0m /opt/dev/lib/python3.12/site-packages/transformer_engine/pytorch/module/base.py:1481: UserWarning: To guarantee overlapping TP and SP collectives with the backwardGEMMs, set environment variable CUDA_DEVICE_MAX_CONNECTIONS = 1
[36m(WorkerDict pid=180055)[0m   warnings.warn(
[36m(WorkerDict pid=180051)[0m /opt/dev/lib/python3.12/site-packages/transformer_engine/pytorch/module/base.py:1481: UserWarning: To guarantee overlapping TP and SP collectives with the backwardGEMMs, set environment variable CUDA_DEVICE_MAX_CONNECTIONS = 1
[36m(WorkerDict pid=180051)[0m   warnings.warn(
[36m(WorkerDict pid=180056)[0m /opt/dev/lib/python3.12/site-packages/transformer_engine/pytorch/module/base.py:1481: UserWarning: To guarantee overlapping TP and SP collectives with the backwardGEMMs, set environment variable CUDA_DEVICE_MAX_CONNECTIONS = 1
[36m(WorkerDict pid=180056)[0m   warnings.warn(
[36m(WorkerDict pid=180057)[0m /opt/dev/lib/python3.12/site-packages/transformer_engine/pytorch/module/base.py:1481: UserWarning: To guarantee overlapping TP and SP collectives with the backwardGEMMs, set environment variable CUDA_DEVICE_MAX_CONNECTIONS = 1
[36m(WorkerDict pid=180057)[0m   warnings.warn(
[36m(WorkerDict pid=180053)[0m /opt/dev/lib/python3.12/site-packages/transformer_engine/pytorch/module/base.py:1481: UserWarning: To guarantee overlapping TP and SP collectives with the backwardGEMMs, set environment variable CUDA_DEVICE_MAX_CONNECTIONS = 1
[36m(WorkerDict pid=180053)[0m   warnings.warn(
[36m(WorkerDict pid=180050)[0m  > number of parameters on (tensor, pipeline) model parallel rank (0, 0): 2047758848
[36m(WorkerDict pid=180050)[0m module: 1
[36m(WorkerDict pid=180052)[0m module: 1
[36m(WorkerDict pid=180051)[0m  > number of parameters on (tensor, pipeline) model parallel rank (1, 0): 2047758848
[36m(WorkerDict pid=180051)[0m module: 1
[36m(WorkerDict pid=180053)[0m module: 1
[36m(WorkerDict pid=180055)[0m  > number of parameters on (tensor, pipeline) model parallel rank (1, 1): 2047762944
[36m(WorkerDict pid=180055)[0m module: 1
[36m(WorkerDict pid=180054)[0m  > number of parameters on (tensor, pipeline) model parallel rank (0, 1): 2047762944
[36m(WorkerDict pid=180054)[0m module: 1
[36m(WorkerDict pid=180054)[0m NCCL version 2.28.9+cuda12.9
[36m(WorkerDict pid=180057)[0m module: 1
[36m(WorkerDict pid=180056)[0m module: 1
[36m(WorkerDict pid=180056)[0m NCCL version 2.28.9+cuda12.9
[36m(WorkerDict pid=180050)[0m NCCL version 2.28.9+cuda12.9
[36m(WorkerDict pid=180052)[0m NCCL version 2.28.9+cuda12.9
[36m(WorkerDict pid=180052)[0m /home/p00938733/verl-090/verl/utils/megatron_utils.py:627: UserWarning: TypedStorage is deprecated. It will be removed in the future and UntypedStorage will be the only storage class. This should only matter to you if you are using storages directly.  To access UntypedStorage directly, use tensor.untyped_storage() instead of tensor.storage()
[36m(WorkerDict pid=180052)[0m   tensor.storage().size() == tensor.numel()
[36m(WorkerDict pid=180053)[0m /home/p00938733/verl-090/verl/utils/megatron_utils.py:627: UserWarning: TypedStorage is deprecated. It will be removed in the future and UntypedStorage will be the only storage class. This should only matter to you if you are using storages directly.  To access UntypedStorage directly, use tensor.untyped_storage() instead of tensor.storage()
[36m(WorkerDict pid=180053)[0m   tensor.storage().size() == tensor.numel()
[36m(WorkerDict pid=180052)[0m module: 1
[36m(WorkerDict pid=180053)[0m module: 1
[36m(WorkerDict pid=180050)[0m Loading from /home/p00938733/Qwen3-8B ━━━━━━━━━━━━━━━━━━━━━━━━━━━━━━━━━━━━━━━━ 100% 0:00:00 (291/291) Qwen3Bridge
[36m(WorkerDict pid=180050)[0m Float16Module contains 2.05B parameters
[36m(WorkerDict pid=180050)[0m /home/p00938733/verl-090/verl/utils/megatron_utils.py:627: UserWarning: TypedStorage is deprecated. It will be removed in the future and UntypedStorage will be the only storage class. This should only matter to you if you are using storages directly.  To access UntypedStorage directly, use tensor.untyped_storage() instead of tensor.storage()
[36m(WorkerDict pid=180050)[0m   tensor.storage().size() == tensor.numel()
[36m(WorkerDict pid=180051)[0m /home/p00938733/verl-090/verl/utils/megatron_utils.py:627: UserWarning: TypedStorage is deprecated. It will be removed in the future and UntypedStorage will be the only storage class. This should only matter to you if you are using storages directly.  To access UntypedStorage directly, use tensor.untyped_storage() instead of tensor.storage()
[36m(WorkerDict pid=180051)[0m   tensor.storage().size() == tensor.numel()
[36m(WorkerDict pid=180050)[0m  > number of parameters on (tensor, pipeline) model parallel rank (0, 0): 2047758848
[36m(WorkerDict pid=180050)[0m module: 1
[36m(WorkerDict pid=180051)[0m  > number of parameters on (tensor, pipeline) model parallel rank (1, 0): 2047758848
[36m(WorkerDict pid=180051)[0m module: 1
[36m(WorkerDict pid=180056)[0m /home/p00938733/verl-090/verl/utils/megatron_utils.py:627: UserWarning: TypedStorage is deprecated. It will be removed in the future and UntypedStorage will be the only storage class. This should only matter to you if you are using storages directly.  To access UntypedStorage directly, use tensor.untyped_storage() instead of tensor.storage()
[36m(WorkerDict pid=180056)[0m   tensor.storage().size() == tensor.numel()
[36m(WorkerDict pid=180057)[0m /home/p00938733/verl-090/verl/utils/megatron_utils.py:627: UserWarning: TypedStorage is deprecated. It will be removed in the future and UntypedStorage will be the only storage class. This should only matter to you if you are using storages directly.  To access UntypedStorage directly, use tensor.untyped_storage() instead of tensor.storage()
[36m(WorkerDict pid=180057)[0m   tensor.storage().size() == tensor.numel()
[36m(WorkerDict pid=180054)[0m /home/p00938733/verl-090/verl/utils/megatron_utils.py:627: UserWarning: TypedStorage is deprecated. It will be removed in the future and UntypedStorage will be the only storage class. This should only matter to you if you are using storages directly.  To access UntypedStorage directly, use tensor.untyped_storage() instead of tensor.storage()
[36m(WorkerDict pid=180054)[0m   tensor.storage().size() == tensor.numel()
[36m(WorkerDict pid=180055)[0m /home/p00938733/verl-090/verl/utils/megatron_utils.py:627: UserWarning: TypedStorage is deprecated. It will be removed in the future and UntypedStorage will be the only storage class. This should only matter to you if you are using storages directly.  To access UntypedStorage directly, use tensor.untyped_storage() instead of tensor.storage()
[36m(WorkerDict pid=180055)[0m   tensor.storage().size() == tensor.numel()
[36m(WorkerDict pid=180055)[0m  > number of parameters on (tensor, pipeline) model parallel rank (1, 1): 2047762944
[36m(WorkerDict pid=180055)[0m module: 1
[36m(WorkerDict pid=180054)[0m  > number of parameters on (tensor, pipeline) model parallel rank (0, 1): 2047762944
[36m(WorkerDict pid=180054)[0m module: 1
[36m(WorkerDict pid=180056)[0m module: 1
[36m(WorkerDict pid=180057)[0m module: 1
[36m(WorkerDict pid=180050)[0m Loading from /home/p00938733/Qwen3-8B ━━━━━━━━━━━━━━━━━━━━━━━━━━━━━━━━━━━━━━━━ 100% 0:00:00 (291/291) Qwen3Bridge
[36m(WorkerDict pid=180050)[0m DistributedDataParallel contains 2.05B parameters
[36m(WorkerDict pid=180050)[0m optimizer config after override: {'optimizer': 'adam', 'lr': 0.0, 'min_lr': 0.0, 'clip_grad': 1.0, 'weight_decay': 0.01, 'use_distributed_optimizer': True, 'bf16': True, 'params_dtype': torch.bfloat16}
[36m(TaskRunnerV1 pid=178100)[0m INFO:2026-09-11 13:16:52,044:actor and ref model engine initialized
[36m(TaskRunnerV1 pid=178100)[0m INFO:2026-09-11 13:16:52,220:reward loop manager initialized
[36m(TaskRunnerV1 pid=178100)[0m [transformers] `Qwen2VLImageProcessorFast` is deprecated. The `Fast` suffix for image processors has been removed; use `Qwen2VLImageProcessor` instead.
[36m(pid=183433)[0m [transformers] `Qwen2VLImageProcessorFast` is deprecated. The `Fast` suffix for image processors has been removed; use `Qwen2VLImageProcessor` instead.
[36m(pid=183434)[0m [transformers] `Qwen2VLImageProcessorFast` is deprecated. The `Fast` suffix for image processors has been removed; use `Qwen2VLImageProcessor` instead.
[36m(vLLMHttpServer pid=183433)[0m ['serve',
[36m(vLLMHttpServer pid=183433)[0m  '/home/p00938733/Qwen3-8B',
[36m(vLLMHttpServer pid=183433)[0m  '--dtype',
[36m(vLLMHttpServer pid=183433)[0m  'bfloat16',
[36m(vLLMHttpServer pid=183433)[0m  '--load_format',
[36m(vLLMHttpServer pid=183433)[0m  'dummy',
[36m(vLLMHttpServer pid=183433)[0m  '--distributed_executor_backend',
[36m(vLLMHttpServer pid=183433)[0m  'mp',
[36m(vLLMHttpServer pid=183433)[0m  '--worker_extension_cls',
[36m(vLLMHttpServer pid=183433)[0m  'verl.workers.rollout.vllm_rollout.utils.vLLMColocateWorkerExtension',
[36m(vLLMHttpServer pid=183433)[0m  '--max_model_len',
[36m(vLLMHttpServer pid=183433)[0m  '16640',
[36m(vLLMHttpServer pid=183433)[0m  '--max_num_seqs',
[36m(vLLMHttpServer pid=183433)[0m  '256',
[36m(vLLMHttpServer pid=183433)[0m  '--enable_chunked_prefill',
[36m(vLLMHttpServer pid=183433)[0m  '--max_num_batched_tokens',
[36m(vLLMHttpServer pid=183433)[0m  '65536',
[36m(vLLMHttpServer pid=183433)[0m  '--enable_prefix_caching',
[36m(vLLMHttpServer pid=183433)[0m  '--enable_sleep_mode',
[36m(vLLMHttpServer pid=183433)[0m  '--logprobs_mode',
[36m(vLLMHttpServer pid=183433)[0m  'processed_logprobs',
[36m(vLLMHttpServer pid=183433)[0m  '--gpu_memory_utilization',
[36m(vLLMHttpServer pid=183433)[0m  '0.5',
[36m(vLLMHttpServer pid=183433)[0m  '--disable_log_stats',
[36m(vLLMHttpServer pid=183433)[0m  '--tensor_parallel_size',
[36m(vLLMHttpServer pid=183433)[0m  '4',
[36m(vLLMHttpServer pid=183433)[0m  '--seed',
[36m(vLLMHttpServer pid=183433)[0m  '42',
[36m(vLLMHttpServer pid=183433)[0m  '--override_generation_config',
[36m(vLLMHttpServer pid=183433)[0m  '{"temperature": 1.0, "top_k": -1, "top_p": 0.95, "repetition_penalty": 1.0, '
[36m(vLLMHttpServer pid=183433)[0m  '"max_new_tokens": 8192}',
[36m(vLLMHttpServer pid=183433)[0m  '--hf_overrides',
[36m(vLLMHttpServer pid=183433)[0m  '{}',
[36m(vLLMHttpServer pid=183433)[0m  '--scheduling_policy',
[36m(vLLMHttpServer pid=183433)[0m  'fcfs',
[36m(vLLMHttpServer pid=183433)[0m  '--compilation_config',
[36m(vLLMHttpServer pid=183433)[0m  '{"cudagraph_mode": "FULL_AND_PIECEWISE"}']
[36m(vLLMHttpServer pid=183433)[0m WARNING 09-11 13:17:11 [envs.py:2057] Unknown vLLM environment variable detected: VLLM_USE_V1
[36m(vLLMHttpServer pid=183434)[0m WARNING 09-11 13:17:13 [envs.py:2057] Unknown vLLM environment variable detected: VLLM_USE_V1
[36m(vLLMHttpServer pid=183433)[0m WARNING 09-11 13:17:14 [system_utils.py:157] We must use the `spawn` multiprocessing start method. Overriding VLLM_WORKER_MULTIPROC_METHOD to 'spawn'. See https://docs.vllm.ai/en/latest/usage/troubleshooting.html#python-multiprocessing for more information. Reasons: In a Ray actor and can only be spawned; CUDA is initialized
[36m(vLLMHttpServer pid=183434)[0m WARNING 09-11 13:17:16 [system_utils.py:157] We must use the `spawn` multiprocessing start method. Overriding VLLM_WORKER_MULTIPROC_METHOD to 'spawn'. See https://docs.vllm.ai/en/latest/usage/troubleshooting.html#python-multiprocessing for more information. Reasons: In a Ray actor and can only be spawned; CUDA is initialized
[36m(vLLMHttpServer pid=183433)[0m [transformers] `Qwen2VLImageProcessorFast` is deprecated. The `Fast` suffix for image processors has been removed; use `Qwen2VLImageProcessor` instead.
[36m(vLLMHttpServer pid=183433)[0m [transformers] `Qwen2VLImageProcessorFast` is deprecated. The `Fast` suffix for image processors has been removed; use `Qwen2VLImageProcessor` instead.
[36m(vLLMHttpServer pid=183433)[0m [transformers] `Qwen2VLImageProcessorFast` is deprecated. The `Fast` suffix for image processors has been removed; use `Qwen2VLImageProcessor` instead.
[36m(vLLMHttpServer pid=183433)[0m [transformers] `Qwen2VLImageProcessorFast` is deprecated. The `Fast` suffix for image processors has been removed; use `Qwen2VLImageProcessor` instead.
[36m(vLLMHttpServer pid=183433)[0m (Worker pid=184236) <frozen importlib._bootstrap_external>:1297: FutureWarning: The cuda.cudart module is deprecated and will be removed in a future release, please switch to use the cuda.bindings.runtime module instead.
[36m(vLLMHttpServer pid=183433)[0m (Worker pid=184236) <frozen importlib._bootstrap_external>:1297: FutureWarning: The cuda.nvrtc module is deprecated and will be removed in a future release, please switch to use the cuda.bindings.nvrtc module instead.
[36m(vLLMHttpServer pid=183433)[0m (Worker pid=184235) <frozen importlib._bootstrap_external>:1297: FutureWarning: The cuda.cudart module is deprecated and will be removed in a future release, please switch to use the cuda.bindings.runtime module instead.
[36m(vLLMHttpServer pid=183433)[0m (Worker pid=184235) <frozen importlib._bootstrap_external>:1297: FutureWarning: The cuda.nvrtc module is deprecated and will be removed in a future release, please switch to use the cuda.bindings.nvrtc module instead.
[36m(vLLMHttpServer pid=183433)[0m (Worker pid=184234) <frozen importlib._bootstrap_external>:1297: FutureWarning: The cuda.cudart module is deprecated and will be removed in a future release, please switch to use the cuda.bindings.runtime module instead.
[36m(vLLMHttpServer pid=183433)[0m (Worker pid=184234) <frozen importlib._bootstrap_external>:1297: FutureWarning: The cuda.nvrtc module is deprecated and will be removed in a future release, please switch to use the cuda.bindings.nvrtc module instead.
[36m(vLLMHttpServer pid=183433)[0m (Worker pid=184233) <frozen importlib._bootstrap_external>:1297: FutureWarning: The cuda.cudart module is deprecated and will be removed in a future release, please switch to use the cuda.bindings.runtime module instead.
[36m(vLLMHttpServer pid=183433)[0m (Worker pid=184233) <frozen importlib._bootstrap_external>:1297: FutureWarning: The cuda.nvrtc module is deprecated and will be removed in a future release, please switch to use the cuda.bindings.nvrtc module instead.
[36m(vLLMHttpServer pid=183433)[0m NCCL version 2.28.9+cuda12.9
[36m(vLLMHttpServer pid=183433)[0m (Worker pid=184233) WARNING 09-11 13:17:37 [symm_mem.py:66] SymmMemCommunicator: Device capability 8.0 not supported, communicator is not available.
[36m(vLLMHttpServer pid=183433)[0m (Worker pid=184236) WARNING 09-11 13:17:37 [symm_mem.py:66] SymmMemCommunicator: Device capability 8.0 not supported, communicator is not available.
[36m(vLLMHttpServer pid=183433)[0m (Worker pid=184235) WARNING 09-11 13:17:37 [symm_mem.py:66] SymmMemCommunicator: Device capability 8.0 not supported, communicator is not available.
[36m(vLLMHttpServer pid=183433)[0m (Worker pid=184234) WARNING 09-11 13:17:37 [symm_mem.py:66] SymmMemCommunicator: Device capability 8.0 not supported, communicator is not available.
[36m(vLLMHttpServer pid=183434)[0m [transformers] `Qwen2VLImageProcessorFast` is deprecated. The `Fast` suffix for image processors has been removed; use `Qwen2VLImageProcessor` instead.
[36m(vLLMHttpServer pid=183434)[0m [transformers] `Qwen2VLImageProcessorFast` is deprecated. The `Fast` suffix for image processors has been removed; use `Qwen2VLImageProcessor` instead.
[36m(vLLMHttpServer pid=183434)[0m [transformers] `Qwen2VLImageProcessorFast` is deprecated. The `Fast` suffix for image processors has been removed; use `Qwen2VLImageProcessor` instead.
[36m(vLLMHttpServer pid=183434)[0m [transformers] `Qwen2VLImageProcessorFast` is deprecated. The `Fast` suffix for image processors has been removed; use `Qwen2VLImageProcessor` instead.
[36m(vLLMHttpServer pid=183434)[0m (Worker pid=184278) <frozen importlib._bootstrap_external>:1297: FutureWarning: The cuda.cudart module is deprecated and will be removed in a future release, please switch to use the cuda.bindings.runtime module instead.
[36m(vLLMHttpServer pid=183434)[0m (Worker pid=184278) <frozen importlib._bootstrap_external>:1297: FutureWarning: The cuda.nvrtc module is deprecated and will be removed in a future release, please switch to use the cuda.bindings.nvrtc module instead.
[36m(vLLMHttpServer pid=183434)[0m (Worker pid=184279) <frozen importlib._bootstrap_external>:1297: FutureWarning: The cuda.cudart module is deprecated and will be removed in a future release, please switch to use the cuda.bindings.runtime module instead.
[36m(vLLMHttpServer pid=183434)[0m (Worker pid=184279) <frozen importlib._bootstrap_external>:1297: FutureWarning: The cuda.nvrtc module is deprecated and will be removed in a future release, please switch to use the cuda.bindings.nvrtc module instead.
[36m(vLLMHttpServer pid=183434)[0m (Worker pid=184277) <frozen importlib._bootstrap_external>:1297: FutureWarning: The cuda.cudart module is deprecated and will be removed in a future release, please switch to use the cuda.bindings.runtime module instead.
[36m(vLLMHttpServer pid=183434)[0m (Worker pid=184277) <frozen importlib._bootstrap_external>:1297: FutureWarning: The cuda.nvrtc module is deprecated and will be removed in a future release, please switch to use the cuda.bindings.nvrtc module instead.
[36m(vLLMHttpServer pid=183434)[0m (Worker pid=184276) <frozen importlib._bootstrap_external>:1297: FutureWarning: The cuda.cudart module is deprecated and will be removed in a future release, please switch to use the cuda.bindings.runtime module instead.
[36m(vLLMHttpServer pid=183434)[0m (Worker pid=184276) <frozen importlib._bootstrap_external>:1297: FutureWarning: The cuda.nvrtc module is deprecated and will be removed in a future release, please switch to use the cuda.bindings.nvrtc module instead.
[36m(vLLMHttpServer pid=183434)[0m NCCL version 2.28.9+cuda12.9
[36m(vLLMHttpServer pid=183434)[0m (Worker pid=184277) WARNING 09-11 13:17:42 [symm_mem.py:66] SymmMemCommunicator: Device capability 8.0 not supported, communicator is not available.
[36m(vLLMHttpServer pid=183434)[0m (Worker pid=184279) WARNING 09-11 13:17:42 [symm_mem.py:66] SymmMemCommunicator: Device capability 8.0 not supported, communicator is not available.
[36m(vLLMHttpServer pid=183434)[0m (Worker pid=184276) WARNING 09-11 13:17:42 [symm_mem.py:66] SymmMemCommunicator: Device capability 8.0 not supported, communicator is not available.
[36m(vLLMHttpServer pid=183434)[0m (Worker pid=184278) WARNING 09-11 13:17:42 [symm_mem.py:66] SymmMemCommunicator: Device capability 8.0 not supported, communicator is not available.
[36m(vLLMHttpServer pid=183433)[0m (Worker_TP0 pid=184233) Capturing CUDA graphs (PIECEWISE):   0%|          | 0/51 [00:00<?, ?it/s]
[36m(vLLMHttpServer pid=183433)[0m Capturing CUDA graphs (PIECEWISE):   4%|▍         | 2/51 [00:00<00:02, 18.16it/s]
[36m(vLLMHttpServer pid=183433)[0m Capturing CUDA graphs (PIECEWISE):   8%|▊         | 4/51 [00:00<00:02, 19.10it/s]
[36m(vLLMHttpServer pid=183433)[0m Capturing CUDA graphs (PIECEWISE):  14%|█▎        | 7/51 [00:00<00:02, 21.44it/s]
[36m(vLLMHttpServer pid=183433)[0m Capturing CUDA graphs (PIECEWISE):  20%|█▉        | 10/51 [00:00<00:01, 21.61it/s]
[36m(vLLMHttpServer pid=183433)[0m Capturing CUDA graphs (PIECEWISE):  25%|██▌       | 13/51 [00:00<00:01, 22.20it/s]
[36m(vLLMHttpServer pid=183433)[0m Capturing CUDA graphs (PIECEWISE):  31%|███▏      | 16/51 [00:00<00:01, 18.55it/s]
[36m(vLLMHttpServer pid=183433)[0m Capturing CUDA graphs (PIECEWISE):  35%|███▌      | 18/51 [00:00<00:01, 17.34it/s]
[36m(vLLMHttpServer pid=183433)[0m Capturing CUDA graphs (PIECEWISE):  41%|████      | 21/51 [00:01<00:01, 19.30it/s]
[36m(vLLMHttpServer pid=183433)[0m Capturing CUDA graphs (PIECEWISE):  47%|████▋     | 24/51 [00:01<00:01, 20.44it/s]
[36m(vLLMHttpServer pid=183433)[0m Capturing CUDA graphs (PIECEWISE):  53%|█████▎    | 27/51 [00:01<00:01, 21.47it/s]
[36m(vLLMHttpServer pid=183433)[0m Capturing CUDA graphs (PIECEWISE):  59%|█████▉    | 30/51 [00:01<00:00, 22.17it/s]
[36m(vLLMHttpServer pid=183433)[0m Capturing CUDA graphs (PIECEWISE):  65%|██████▍   | 33/51 [00:01<00:00, 22.06it/s]
[36m(vLLMHttpServer pid=183433)[0m Capturing CUDA graphs (PIECEWISE):  71%|███████   | 36/51 [00:01<00:00, 22.04it/s]
[36m(vLLMHttpServer pid=183433)[0m Capturing CUDA graphs (PIECEWISE):  76%|███████▋  | 39/51 [00:01<00:00, 22.38it/s]
[36m(vLLMHttpServer pid=183433)[0m Capturing CUDA graphs (PIECEWISE):  82%|████████▏ | 42/51 [00:02<00:00, 20.68it/s]
[36m(vLLMHttpServer pid=183433)[0m Capturing CUDA graphs (PIECEWISE):  88%|████████▊ | 45/51 [00:02<00:00, 19.03it/s]
[36m(vLLMHttpServer pid=183433)[0m Capturing CUDA graphs (PIECEWISE):  94%|█████████▍| 48/51 [00:02<00:00, 20.16it/s]
[36m(vLLMHttpServer pid=183433)[0m Capturing CUDA graphs (PIECEWISE): 100%|██████████| 51/51 [00:02<00:00, 20.59it/s]Capturing CUDA graphs (PIECEWISE): 100%|██████████| 51/51 [00:02<00:00, 20.55it/s]
[36m(vLLMHttpServer pid=183433)[0m (Worker_TP0 pid=184233) Capturing CUDA graphs (FULL):   0%|          | 0/35 [00:00<?, ?it/s]
[36m(vLLMHttpServer pid=183433)[0m Capturing CUDA graphs (FULL):   9%|▊         | 3/35 [00:00<00:01, 21.33it/s]
[36m(vLLMHttpServer pid=183433)[0m Capturing CUDA graphs (FULL):  17%|█▋        | 6/35 [00:00<00:01, 21.99it/s]
[36m(vLLMHttpServer pid=183433)[0m Capturing CUDA graphs (FULL):  26%|██▌       | 9/35 [00:00<00:01, 22.15it/s]
[36m(vLLMHttpServer pid=183433)[0m Capturing CUDA graphs (FULL):  34%|███▍      | 12/35 [00:00<00:01, 22.62it/s]
[36m(vLLMHttpServer pid=183433)[0m Capturing CUDA graphs (FULL):  43%|████▎     | 15/35 [00:00<00:01, 19.35it/s]
[36m(vLLMHttpServer pid=183433)[0m Capturing CUDA graphs (FULL):  51%|█████▏    | 18/35 [00:00<00:00, 18.86it/s]
[36m(vLLMHttpServer pid=183433)[0m Capturing CUDA graphs (FULL):  60%|██████    | 21/35 [00:01<00:00, 19.98it/s]
[36m(vLLMHttpServer pid=183433)[0m Capturing CUDA graphs (FULL):  69%|██████▊   | 24/35 [00:01<00:00, 15.71it/s]
[36m(vLLMHttpServer pid=183433)[0m Capturing CUDA graphs (FULL):  74%|███████▍  | 26/35 [00:01<00:00, 15.44it/s]
[36m(vLLMHttpServer pid=183433)[0m Capturing CUDA graphs (FULL):  80%|████████  | 28/35 [00:01<00:00, 15.27it/s]
[36m(vLLMHttpServer pid=183433)[0m Capturing CUDA graphs (FULL):  86%|████████▌ | 30/35 [00:01<00:00, 15.98it/s]
[36m(vLLMHttpServer pid=183433)[0m Capturing CUDA graphs (FULL):  94%|█████████▍| 33/35 [00:01<00:00, 18.41it/s]
[36m(vLLMHttpServer pid=183433)[0m Capturing CUDA graphs (FULL): 100%|██████████| 35/35 [00:01<00:00, 18.55it/s]
[36m(vLLMHttpServer pid=183434)[0m (Worker_TP0 pid=184276) Capturing CUDA graphs (PIECEWISE):   0%|          | 0/51 [00:00<?, ?it/s]
[36m(vLLMHttpServer pid=183434)[0m Capturing CUDA graphs (PIECEWISE):   4%|▍         | 2/51 [00:00<00:02, 19.84it/s]
[36m(vLLMHttpServer pid=183434)[0m Capturing CUDA graphs (PIECEWISE):  10%|▉         | 5/51 [00:00<00:02, 22.34it/s]
[36m(vLLMHttpServer pid=183434)[0m Capturing CUDA graphs (PIECEWISE):  16%|█▌        | 8/51 [00:00<00:01, 22.88it/s]
[36m(vLLMHttpServer pid=183434)[0m Capturing CUDA graphs (PIECEWISE):  22%|██▏       | 11/51 [00:00<00:02, 15.20it/s]
[36m(vLLMHttpServer pid=183434)[0m Capturing CUDA graphs (PIECEWISE):  25%|██▌       | 13/51 [00:00<00:02, 15.64it/s]
[36m(vLLMHttpServer pid=183434)[0m Capturing CUDA graphs (PIECEWISE):  31%|███▏      | 16/51 [00:00<00:01, 17.92it/s]
[36m(vLLMHttpServer pid=183434)[0m Capturing CUDA graphs (PIECEWISE):  37%|███▋      | 19/51 [00:01<00:01, 19.53it/s]
[36m(vLLMHttpServer pid=183434)[0m Capturing CUDA graphs (PIECEWISE):  43%|████▎     | 22/51 [00:01<00:01, 20.57it/s]
[36m(vLLMHttpServer pid=183434)[0m Capturing CUDA graphs (PIECEWISE):  49%|████▉     | 25/51 [00:01<00:01, 21.15it/s]
[36m(vLLMHttpServer pid=183434)[0m Capturing CUDA graphs (PIECEWISE):  55%|█████▍    | 28/51 [00:01<00:01, 21.96it/s]
[36m(vLLMHttpServer pid=183434)[0m Capturing CUDA graphs (PIECEWISE):  61%|██████    | 31/51 [00:01<00:00, 22.43it/s]
[36m(vLLMHttpServer pid=183434)[0m Capturing CUDA graphs (PIECEWISE):  67%|██████▋   | 34/51 [00:01<00:00, 22.78it/s]
[36m(vLLMHttpServer pid=183434)[0m Capturing CUDA graphs (PIECEWISE):  73%|███████▎  | 37/51 [00:01<00:00, 22.85it/s]
[36m(vLLMHttpServer pid=183434)[0m Capturing CUDA graphs (PIECEWISE):  78%|███████▊  | 40/51 [00:01<00:00, 22.91it/s]
[36m(vLLMHttpServer pid=183434)[0m Capturing CUDA graphs (PIECEWISE):  84%|████████▍ | 43/51 [00:02<00:00, 22.85it/s]
[36m(vLLMHttpServer pid=183434)[0m Capturing CUDA graphs (PIECEWISE):  90%|█████████ | 46/51 [00:02<00:00, 22.41it/s]
[36m(vLLMHttpServer pid=183433)[0m WARNING 09-11 13:18:03 [api_router.py:30] LoRA dynamic loading & unloading is enabled in the API server. This should ONLY be used for local development!
[36m(vLLMHttpServer pid=183434)[0m Capturing CUDA graphs (PIECEWISE):  96%|█████████▌| 49/51 [00:02<00:00, 22.71it/s]
[36m(vLLMHttpServer pid=183433)[0m WARNING 09-11 13:18:03 [model.py:1509] Default vLLM sampling parameters have been overridden by the model's `generation_config.json`: `{'repetition_penalty': 1.0, 'temperature': 1.0, 'top_k': -1, 'top_p': 0.95, 'max_tokens': 8192}`. If this is not intended, please relaunch vLLM instance with `--generation-config vllm`.
[36m(vLLMHttpServer pid=183434)[0m Capturing CUDA graphs (PIECEWISE): 100%|██████████| 51/51 [00:02<00:00, 21.07it/s]
[36m(vLLMHttpServer pid=183434)[0m (Worker_TP0 pid=184276) Capturing CUDA graphs (FULL):   0%|          | 0/35 [00:00<?, ?it/s]
[36m(vLLMHttpServer pid=183434)[0m Capturing CUDA graphs (FULL):   6%|▌         | 2/35 [00:00<00:01, 18.59it/s]
[36m(vLLMHttpServer pid=183434)[0m Capturing CUDA graphs (FULL):  11%|█▏        | 4/35 [00:00<00:01, 17.14it/s]
[36m(vLLMHttpServer pid=183434)[0m Capturing CUDA graphs (FULL):  17%|█▋        | 6/35 [00:00<00:01, 16.15it/s]
[36m(vLLMHttpServer pid=183434)[0m Capturing CUDA graphs (FULL):  23%|██▎       | 8/35 [00:00<00:01, 16.84it/s]
[36m(vLLMHttpServer pid=183434)[0m Capturing CUDA graphs (FULL):  29%|██▊       | 10/35 [00:00<00:01, 14.02it/s]
[36m(vLLMHttpServer pid=183434)[0m Capturing CUDA graphs (FULL):  34%|███▍      | 12/35 [00:00<00:01, 14.02it/s]
[36m(vLLMHttpServer pid=183434)[0m Capturing CUDA graphs (FULL):  43%|████▎     | 15/35 [00:00<00:01, 16.88it/s]
[36m(vLLMHttpServer pid=183434)[0m Capturing CUDA graphs (FULL):  51%|█████▏    | 18/35 [00:01<00:00, 18.84it/s]
[36m(vLLMHttpServer pid=183434)[0m Capturing CUDA graphs (FULL):  60%|██████    | 21/35 [00:01<00:00, 20.01it/s]
[36m(vLLMHttpServer pid=183434)[0m Capturing CUDA graphs (FULL):  69%|██████▊   | 24/35 [00:01<00:00, 21.02it/s]
[36m(vLLMHttpServer pid=183434)[0m Capturing CUDA graphs (FULL):  77%|███████▋  | 27/35 [00:01<00:00, 21.86it/s]
[36m(vLLMHttpServer pid=183434)[0m Capturing CUDA graphs (FULL):  86%|████████▌ | 30/35 [00:01<00:00, 22.56it/s]
[36m(vLLMHttpServer pid=183434)[0m Capturing CUDA graphs (FULL):  94%|█████████▍| 33/35 [00:01<00:00, 22.96it/s]Capturing CUDA graphs (FULL): 100%|██████████| 35/35 [00:01<00:00, 19.72it/s]
[36m(vLLMHttpServer pid=183434)[0m WARNING 09-11 13:18:07 [api_router.py:30] LoRA dynamic loading & unloading is enabled in the API server. This should ONLY be used for local development!
[36m(vLLMHttpServer pid=183434)[0m WARNING 09-11 13:18:07 [model.py:1509] Default vLLM sampling parameters have been overridden by the model's `generation_config.json`: `{'repetition_penalty': 1.0, 'temperature': 1.0, 'top_k': -1, 'top_p': 0.95, 'max_tokens': 8192}`. If this is not intended, please relaunch vLLM instance with `--generation-config vllm`.
[36m(TaskRunnerV1 pid=178100)[0m LLMServerManager: ['10.90.67.85:37923', '10.90.67.85:46285']
[36m(TaskRunnerV1 pid=178100)[0m INFO:2026-09-11 13:18:08,941:checkpoint engine manager initialized
[36m(TaskRunnerV1 pid=178100)[0m INFO:2026-09-11 13:18:10,823:all initialize finished, ready to fit
[36m(WorkerDict pid=180052)[0m /home/p00938733/verl-090/verl/plugin/platform/platform_cuda.py:99: FutureWarning: torch.cuda._set_allocator_settings is deprecated. Use torch._C._accelerator_setAllocatorSettings instead.
[36m(WorkerDict pid=180052)[0m   torch.cuda.memory._set_allocator_settings(settings)
[36m(WorkerDict pid=180050)[0m /home/p00938733/verl-090/verl/plugin/platform/platform_cuda.py:99: FutureWarning: torch.cuda._set_allocator_settings is deprecated. Use torch._C._accelerator_setAllocatorSettings instead.
[36m(WorkerDict pid=180050)[0m   torch.cuda.memory._set_allocator_settings(settings)
[36m(WorkerDict pid=180051)[0m /home/p00938733/verl-090/verl/plugin/platform/platform_cuda.py:99: FutureWarning: torch.cuda._set_allocator_settings is deprecated. Use torch._C._accelerator_setAllocatorSettings instead.
[36m(WorkerDict pid=180051)[0m   torch.cuda.memory._set_allocator_settings(settings)
[36m(WorkerDict pid=180053)[0m /home/p00938733/verl-090/verl/plugin/platform/platform_cuda.py:99: FutureWarning: torch.cuda._set_allocator_settings is deprecated. Use torch._C._accelerator_setAllocatorSettings instead.
[36m(WorkerDict pid=180053)[0m   torch.cuda.memory._set_allocator_settings(settings)
[36m(WorkerDict pid=180054)[0m /home/p00938733/verl-090/verl/plugin/platform/platform_cuda.py:99: FutureWarning: torch.cuda._set_allocator_settings is deprecated. Use torch._C._accelerator_setAllocatorSettings instead.
[36m(WorkerDict pid=180054)[0m   torch.cuda.memory._set_allocator_settings(settings)
[36m(WorkerDict pid=180055)[0m /home/p00938733/verl-090/verl/plugin/platform/platform_cuda.py:99: FutureWarning: torch.cuda._set_allocator_settings is deprecated. Use torch._C._accelerator_setAllocatorSettings instead.
[36m(WorkerDict pid=180055)[0m   torch.cuda.memory._set_allocator_settings(settings)
[36m(WorkerDict pid=180056)[0m /home/p00938733/verl-090/verl/plugin/platform/platform_cuda.py:99: FutureWarning: torch.cuda._set_allocator_settings is deprecated. Use torch._C._accelerator_setAllocatorSettings instead.
[36m(WorkerDict pid=180056)[0m   torch.cuda.memory._set_allocator_settings(settings)
[36m(WorkerDict pid=180057)[0m /home/p00938733/verl-090/verl/plugin/platform/platform_cuda.py:99: FutureWarning: torch.cuda._set_allocator_settings is deprecated. Use torch._C._accelerator_setAllocatorSettings instead.
[36m(WorkerDict pid=180057)[0m   torch.cuda.memory._set_allocator_settings(settings)
[36m(WorkerDict pid=180050)[0m [transformers] `Qwen2VLImageProcessorFast` is deprecated. The `Fast` suffix for image processors has been removed; use `Qwen2VLImageProcessor` instead.
[36m(WorkerDict pid=180054)[0m [transformers] `Qwen2VLImageProcessorFast` is deprecated. The `Fast` suffix for image processors has been removed; use `Qwen2VLImageProcessor` instead.
[36m(vLLMHttpServer pid=183433)[0m (EngineCore pid=184034) WARNING 09-11 13:18:12 [scheduler.py:1948] reset_connector called but no KV connector is configured.
[36m(vLLMHttpServer pid=183434)[0m (EngineCore pid=184048) WARNING 09-11 13:18:12 [scheduler.py:1948] reset_connector called but no KV connector is configured.
[36m(WorkerDict pid=180051)[0m NCCL version 2.28.9+cuda12.9
[36m(WorkerDict pid=180053)[0m NCCL version 2.28.9+cuda12.9
[36m(GlobalRequestLoadBalancer pid=186225)[0m W0911 13:18:18.054000 186225 torch/utils/cpp_extension.py:140] No CUDA runtime is found, using CUDA_HOME='/usr/local/cuda'
[36m(GlobalRequestLoadBalancer pid=186225)[0m [transformers] `Qwen2VLImageProcessorFast` is deprecated. The `Fast` suffix for image processors has been removed; use `Qwen2VLImageProcessor` instead.
[36m(WorkerDict pid=180050)[0m Converting to HuggingFace ━━━━━━━━━━━━━━━━━━━━━━━━━━━━━━━━━━━━━━━━ 100% 0:00:00 (291/291) Qwen3Bridge
[36m(vLLMHttpServer pid=183433)[0m (EngineCore pid=184034) WARNING 09-11 13:18:40 [scheduler.py:1948] reset_connector called but no KV connector is configured.
[36m(vLLMHttpServer pid=183434)[0m (EngineCore pid=184048) WARNING 09-11 13:18:40 [scheduler.py:1948] reset_connector called but no KV connector is configured.
[36m(vLLMHttpServer pid=183434)[0m (EngineCore pid=184048) WARNING 09-11 13:18:42 [scheduler.py:1948] reset_connector called but no KV connector is configured.
[36m(vLLMHttpServer pid=183433)[0m (EngineCore pid=184034) WARNING 09-11 13:18:43 [scheduler.py:1948] reset_connector called but no KV connector is configured.
[36m(TaskRunnerV1 pid=178100)[0m [RolloutTqSkip()] [33mNo cached data found for step 1. The trainer will generate and dump the data.[0m
[36m(TaskRunnerV1 pid=178100)[0m Training Progress:   0%|          | 0/4 [00:00<?, ?it/s]
[36m(pid=186973)[0m WARNING:2026-09-11 13:18:54,188:Platform 'nvidia' (PlatformCUDA) is registered but not available. This may be due to this ray actor being a CPU-only actor.
[36m(pid=186973)[0m /home/p00938733/verl-090/verl/workers/engine/__init__.py:32: UserWarning: torchtitan engine is not available: ModuleNotFoundError("No module named 'torchtitan'")
[36m(pid=186973)[0m   warnings.warn(f"torchtitan engine is not available: {e!r}", stacklevel=1)
[36m(pid=186973)[0m /home/p00938733/verl-090/verl/workers/engine/__init__.py:41: UserWarning: veomni engine is not available: ModuleNotFoundError("No module named 'veomni'")
[36m(pid=186973)[0m   warnings.warn(f"veomni engine is not available: {e!r}", stacklevel=1)
[36m(pid=186973)[0m /home/p00938733/verl-090/verl/workers/engine/__init__.py:50: UserWarning: automodel engine is not available: ModuleNotFoundError("No module named 'nemo_automodel'")
[36m(pid=186973)[0m   warnings.warn(f"automodel engine is not available: {e!r}", stacklevel=1)
[36m(pid=186975)[0m WARNING:2026-09-11 13:19:02,477:No supported accelerator detected. Registered: ('nvidia', 'huawei', 'amd'). Falling back to 'nvidia'.
[36m(pid=186975)[0m WARNING:2026-09-11 13:19:02,478:Platform 'nvidia' (PlatformCUDA) is registered but not available. This may be due to this ray actor being a CPU-only actor.
[36m(pid=186975)[0m /home/p00938733/verl-090/verl/workers/engine/__init__.py:32: UserWarning: torchtitan engine is not available: ModuleNotFoundError("No module named 'torchtitan'")
[36m(pid=186975)[0m   warnings.warn(f"torchtitan engine is not available: {e!r}", stacklevel=1)
[36m(pid=186975)[0m /home/p00938733/verl-090/verl/workers/engine/__init__.py:41: UserWarning: veomni engine is not available: ModuleNotFoundError("No module named 'veomni'")
[36m(pid=186975)[0m   warnings.warn(f"veomni engine is not available: {e!r}", stacklevel=1)
[36m(pid=186975)[0m /home/p00938733/verl-090/verl/workers/engine/__init__.py:50: UserWarning: automodel engine is not available: ModuleNotFoundError("No module named 'nemo_automodel'")
[36m(pid=186975)[0m   warnings.warn(f"automodel engine is not available: {e!r}", stacklevel=1)
[36m(pid=186970)[0m WARNING:2026-09-11 13:19:02,965:No supported accelerator detected. Registered: ('nvidia', 'huawei', 'amd'). Falling back to 'nvidia'.
[36m(pid=186970)[0m WARNING:2026-09-11 13:19:02,969:Platform 'nvidia' (PlatformCUDA) is registered but not available. This may be due to this ray actor being a CPU-only actor.
[36m(pid=186970)[0m /home/p00938733/verl-090/verl/workers/engine/__init__.py:32: UserWarning: torchtitan engine is not available: ModuleNotFoundError("No module named 'torchtitan'")
[36m(pid=186970)[0m   warnings.warn(f"torchtitan engine is not available: {e!r}", stacklevel=1)
[36m(pid=186970)[0m /home/p00938733/verl-090/verl/workers/engine/__init__.py:41: UserWarning: veomni engine is not available: ModuleNotFoundError("No module named 'veomni'")
[36m(pid=186970)[0m   warnings.warn(f"veomni engine is not available: {e!r}", stacklevel=1)
[36m(pid=186970)[0m /home/p00938733/verl-090/verl/workers/engine/__init__.py:50: UserWarning: automodel engine is not available: ModuleNotFoundError("No module named 'nemo_automodel'")
[36m(pid=186970)[0m   warnings.warn(f"automodel engine is not available: {e!r}", stacklevel=1)
[36m(pid=186974)[0m WARNING:2026-09-11 13:19:03,026:No supported accelerator detected. Registered: ('nvidia', 'huawei', 'amd'). Falling back to 'nvidia'.
[36m(pid=186974)[0m WARNING:2026-09-11 13:19:03,027:Platform 'nvidia' (PlatformCUDA) is registered but not available. This may be due to this ray actor being a CPU-only actor.
[36m(pid=186974)[0m /home/p00938733/verl-090/verl/workers/engine/__init__.py:32: UserWarning: torchtitan engine is not available: ModuleNotFoundError("No module named 'torchtitan'")
[36m(pid=186974)[0m   warnings.warn(f"torchtitan engine is not available: {e!r}", stacklevel=1)
[36m(pid=186974)[0m /home/p00938733/verl-090/verl/workers/engine/__init__.py:41: UserWarning: veomni engine is not available: ModuleNotFoundError("No module named 'veomni'")
[36m(pid=186974)[0m   warnings.warn(f"veomni engine is not available: {e!r}", stacklevel=1)
[36m(pid=186974)[0m /home/p00938733/verl-090/verl/workers/engine/__init__.py:50: UserWarning: automodel engine is not available: ModuleNotFoundError("No module named 'nemo_automodel'")
[36m(pid=186974)[0m   warnings.warn(f"automodel engine is not available: {e!r}", stacklevel=1)
[36m(pid=186969)[0m WARNING:2026-09-11 13:19:03,081:No supported accelerator detected. Registered: ('nvidia', 'huawei', 'amd'). Falling back to 'nvidia'.
[36m(pid=186969)[0m WARNING:2026-09-11 13:19:03,082:Platform 'nvidia' (PlatformCUDA) is registered but not available. This may be due to this ray actor being a CPU-only actor.
[36m(pid=186969)[0m /home/p00938733/verl-090/verl/workers/engine/__init__.py:32: UserWarning: torchtitan engine is not available: ModuleNotFoundError("No module named 'torchtitan'")
[36m(pid=186969)[0m   warnings.warn(f"torchtitan engine is not available: {e!r}", stacklevel=1)
[36m(pid=186969)[0m /home/p00938733/verl-090/verl/workers/engine/__init__.py:41: UserWarning: veomni engine is not available: ModuleNotFoundError("No module named 'veomni'")
[36m(pid=186969)[0m   warnings.warn(f"veomni engine is not available: {e!r}", stacklevel=1)
[36m(pid=186969)[0m /home/p00938733/verl-090/verl/workers/engine/__init__.py:50: UserWarning: automodel engine is not available: ModuleNotFoundError("No module named 'nemo_automodel'")
[36m(pid=186969)[0m   warnings.warn(f"automodel engine is not available: {e!r}", stacklevel=1)
[36m(pid=186971)[0m WARNING:2026-09-11 13:19:03,144:No supported accelerator detected. Registered: ('nvidia', 'huawei', 'amd'). Falling back to 'nvidia'.
[36m(pid=186971)[0m WARNING:2026-09-11 13:19:03,145:Platform 'nvidia' (PlatformCUDA) is registered but not available. This may be due to this ray actor being a CPU-only actor.
[36m(pid=186971)[0m /home/p00938733/verl-090/verl/workers/engine/__init__.py:32: UserWarning: torchtitan engine is not available: ModuleNotFoundError("No module named 'torchtitan'")
[36m(pid=186971)[0m   warnings.warn(f"torchtitan engine is not available: {e!r}", stacklevel=1)
[36m(pid=186971)[0m /home/p00938733/verl-090/verl/workers/engine/__init__.py:41: UserWarning: veomni engine is not available: ModuleNotFoundError("No module named 'veomni'")
[36m(pid=186971)[0m   warnings.warn(f"veomni engine is not available: {e!r}", stacklevel=1)
[36m(pid=186971)[0m /home/p00938733/verl-090/verl/workers/engine/__init__.py:50: UserWarning: automodel engine is not available: ModuleNotFoundError("No module named 'nemo_automodel'")
[36m(pid=186971)[0m   warnings.warn(f"automodel engine is not available: {e!r}", stacklevel=1)
[36m(pid=186968)[0m WARNING:2026-09-11 13:19:03,273:No supported accelerator detected. Registered: ('nvidia', 'huawei', 'amd'). Falling back to 'nvidia'.
[36m(pid=186968)[0m WARNING:2026-09-11 13:19:03,275:Platform 'nvidia' (PlatformCUDA) is registered but not available. This may be due to this ray actor being a CPU-only actor.
[36m(pid=186968)[0m /home/p00938733/verl-090/verl/workers/engine/__init__.py:32: UserWarning: torchtitan engine is not available: ModuleNotFoundError("No module named 'torchtitan'")
[36m(pid=186968)[0m   warnings.warn(f"torchtitan engine is not available: {e!r}", stacklevel=1)
[36m(pid=186968)[0m /home/p00938733/verl-090/verl/workers/engine/__init__.py:41: UserWarning: veomni engine is not available: ModuleNotFoundError("No module named 'veomni'")
[36m(pid=186968)[0m   warnings.warn(f"veomni engine is not available: {e!r}", stacklevel=1)
[36m(pid=186968)[0m /home/p00938733/verl-090/verl/workers/engine/__init__.py:50: UserWarning: automodel engine is not available: ModuleNotFoundError("No module named 'nemo_automodel'")
[36m(pid=186968)[0m   warnings.warn(f"automodel engine is not available: {e!r}", stacklevel=1)
[36m(pid=186972)[0m WARNING:2026-09-11 13:19:03,212:No supported accelerator detected. Registered: ('nvidia', 'huawei', 'amd'). Falling back to 'nvidia'.
[36m(pid=186972)[0m WARNING:2026-09-11 13:19:03,214:Platform 'nvidia' (PlatformCUDA) is registered but not available. This may be due to this ray actor being a CPU-only actor.
[36m(pid=186972)[0m /home/p00938733/verl-090/verl/workers/engine/__init__.py:32: UserWarning: torchtitan engine is not available: ModuleNotFoundError("No module named 'torchtitan'")
[36m(pid=186972)[0m   warnings.warn(f"torchtitan engine is not available: {e!r}", stacklevel=1)
[36m(pid=186972)[0m /home/p00938733/verl-090/verl/workers/engine/__init__.py:41: UserWarning: veomni engine is not available: ModuleNotFoundError("No module named 'veomni'")
[36m(pid=186972)[0m   warnings.warn(f"veomni engine is not available: {e!r}", stacklevel=1)
[36m(pid=186972)[0m /home/p00938733/verl-090/verl/workers/engine/__init__.py:50: UserWarning: automodel engine is not available: ModuleNotFoundError("No module named 'nemo_automodel'")
[36m(pid=186972)[0m   warnings.warn(f"automodel engine is not available: {e!r}", stacklevel=1)
[36m(pid=186973)[0m W0911 13:19:06.251000 186973 torch/utils/cpp_extension.py:140] No CUDA runtime is found, using CUDA_HOME='/usr/local/cuda'
[36m(pid=186975)[0m W0911 13:19:06.504000 186975 torch/utils/cpp_extension.py:140] No CUDA runtime is found, using CUDA_HOME='/usr/local/cuda'
[36m(pid=186970)[0m W0911 13:19:06.757000 186970 torch/utils/cpp_extension.py:140] No CUDA runtime is found, using CUDA_HOME='/usr/local/cuda'
[36m(pid=186969)[0m W0911 13:19:06.766000 186969 torch/utils/cpp_extension.py:140] No CUDA runtime is found, using CUDA_HOME='/usr/local/cuda'
[36m(pid=186971)[0m W0911 13:19:06.762000 186971 torch/utils/cpp_extension.py:140] No CUDA runtime is found, using CUDA_HOME='/usr/local/cuda'
[36m(pid=186972)[0m W0911 13:19:06.808000 186972 torch/utils/cpp_extension.py:140] No CUDA runtime is found, using CUDA_HOME='/usr/local/cuda'
[36m(pid=186974)[0m W0911 13:19:06.758000 186974 torch/utils/cpp_extension.py:140] No CUDA runtime is found, using CUDA_HOME='/usr/local/cuda'
[36m(pid=186968)[0m W0911 13:19:06.843000 186968 torch/utils/cpp_extension.py:140] No CUDA runtime is found, using CUDA_HOME='/usr/local/cuda'
[36m(AgentLoopWorkerTQ pid=186973)[0m Using dataset class: RLHFDataset
[36m(AgentLoopWorkerTQ pid=186973)[0m Using blocking ray.get inside async actor. This blocks the event loop. Please use `await` on object ref with asyncio.gather if you want to yield execution to the event loop instead.
[36m(AgentLoopWorkerTQ pid=186975)[0m Using dataset class: RLHFDataset
[36m(AgentLoopWorkerTQ pid=186975)[0m Using blocking ray.get inside async actor. This blocks the event loop. Please use `await` on object ref with asyncio.gather if you want to yield execution to the event loop instead.
[36m(AgentLoopWorkerTQ pid=186971)[0m Using blocking ray.get inside async actor. This blocks the event loop. Please use `await` on object ref with asyncio.gather if you want to yield execution to the event loop instead.
[36m(AgentLoopWorkerTQ pid=186971)[0m Using dataset class: RLHFDataset
[36m(AgentLoopWorkerTQ pid=186969)[0m Using dataset class: RLHFDataset
[36m(AgentLoopWorkerTQ pid=186969)[0m Using blocking ray.get inside async actor. This blocks the event loop. Please use `await` on object ref with asyncio.gather if you want to yield execution to the event loop instead.
[36m(AgentLoopWorkerTQ pid=186970)[0m Using dataset class: RLHFDataset
[36m(AgentLoopWorkerTQ pid=186968)[0m Using blocking ray.get inside async actor. This blocks the event loop. Please use `await` on object ref with asyncio.gather if you want to yield execution to the event loop instead.
[36m(AgentLoopWorkerTQ pid=186970)[0m Using blocking ray.get inside async actor. This blocks the event loop. Please use `await` on object ref with asyncio.gather if you want to yield execution to the event loop instead.
[36m(AgentLoopWorkerTQ pid=186968)[0m Using dataset class: RLHFDataset
[36m(AgentLoopWorkerTQ pid=186972)[0m Using blocking ray.get inside async actor. This blocks the event loop. Please use `await` on object ref with asyncio.gather if you want to yield execution to the event loop instead.
[36m(AgentLoopWorkerTQ pid=186974)[0m Using blocking ray.get inside async actor. This blocks the event loop. Please use `await` on object ref with asyncio.gather if you want to yield execution to the event loop instead.
[36m(AgentLoopWorkerTQ pid=186972)[0m Using dataset class: RLHFDataset
[36m(AgentLoopWorkerTQ pid=186974)[0m Using dataset class: RLHFDataset
[36m(AgentLoopWorkerTQ pid=186969)[0m [transformers] `Qwen2VLImageProcessorFast` is deprecated. The `Fast` suffix for image processors has been removed; use `Qwen2VLImageProcessor` instead.
[36m(AgentLoopWorkerTQ pid=186968)[0m [transformers] `Qwen2VLImageProcessorFast` is deprecated. The `Fast` suffix for image processors has been removed; use `Qwen2VLImageProcessor` instead.
[36m(vLLMHttpServer pid=183433)[0m WARNING 09-11 13:19:13 [input_processor.py:274] Passing raw prompts to InputProcessor is deprecated and will be removed in v0.18. You should instead pass the outputs of Renderer.render_cmpl() or Renderer.render_chat().
[36m(vLLMHttpServer pid=183434)[0m WARNING 09-11 13:19:13 [input_processor.py:274] Passing raw prompts to InputProcessor is deprecated and will be removed in v0.18. You should instead pass the outputs of Renderer.render_cmpl() or Renderer.render_chat().
[36m(AgentLoopWorkerTQ pid=186971)[0m [transformers] `Qwen2VLImageProcessorFast` is deprecated. The `Fast` suffix for image processors has been removed; use `Qwen2VLImageProcessor` instead.
[36m(vLLMHttpServer pid=183433)[0m (Worker_TP0 pid=184233) WARNING 09-11 13:19:13 [jit_monitor.py:103] Triton kernel JIT compilation during inference: _topk_log_softmax_kernel. This causes a latency spike; consider extending warmup to cover this shape/config.
[36m(vLLMHttpServer pid=183434)[0m (Worker_TP0 pid=184276) WARNING 09-11 13:19:13 [jit_monitor.py:103] Triton kernel JIT compilation during inference: _topk_log_softmax_kernel. This causes a latency spike; consider extending warmup to cover this shape/config.
[36m(AgentLoopWorkerTQ pid=186970)[0m [transformers] `Qwen2VLImageProcessorFast` is deprecated. The `Fast` suffix for image processors has been removed; use `Qwen2VLImageProcessor` instead.
[36m(vLLMHttpServer pid=183433)[0m (Worker_TP0 pid=184233) WARNING 09-11 13:19:13 [jit_monitor.py:103] Triton kernel JIT compilation during inference: _topk_topp_kernel. This causes a latency spike; consider extending warmup to cover this shape/config.
[36m(vLLMHttpServer pid=183434)[0m (Worker_TP0 pid=184276) WARNING 09-11 13:19:13 [jit_monitor.py:103] Triton kernel JIT compilation during inference: _topk_topp_kernel. This causes a latency spike; consider extending warmup to cover this shape/config.
[36m(TaskRunnerV1 pid=178100)[0m INFO:2026-09-11 13:20:10,284:pending: 0, running: 4, finished: 0, failure: 0
[36m(RewardLoopWorker pid=182952)[0m WARNING:2026-09-11 13:20:20,906:Platform 'nvidia' (PlatformCUDA) is registered but not available. This may be due to this ray actor being a CPU-only actor.
[36m(RewardLoopWorker pid=182953)[0m WARNING:2026-09-11 13:20:21,525:Platform 'nvidia' (PlatformCUDA) is registered but not available. This may be due to this ray actor being a CPU-only actor.
[36m(RewardLoopWorker pid=182955)[0m WARNING:2026-09-11 13:20:21,710:Platform 'nvidia' (PlatformCUDA) is registered but not available. This may be due to this ray actor being a CPU-only actor.
[36m(RewardLoopWorker pid=182957)[0m WARNING:2026-09-11 13:20:22,725:No supported accelerator detected. Registered: ('nvidia', 'huawei', 'amd'). Falling back to 'nvidia'.
[36m(RewardLoopWorker pid=182957)[0m WARNING:2026-09-11 13:20:22,728:Platform 'nvidia' (PlatformCUDA) is registered but not available. This may be due to this ray actor being a CPU-only actor.
[36m(RewardLoopWorker pid=182954)[0m WARNING:2026-09-11 13:20:22,789:No supported accelerator detected. Registered: ('nvidia', 'huawei', 'amd'). Falling back to 'nvidia'.
[36m(RewardLoopWorker pid=182954)[0m WARNING:2026-09-11 13:20:22,790:Platform 'nvidia' (PlatformCUDA) is registered but not available. This may be due to this ray actor being a CPU-only actor.
[36m(RewardLoopWorker pid=182949)[0m WARNING:2026-09-11 13:20:22,855:No supported accelerator detected. Registered: ('nvidia', 'huawei', 'amd'). Falling back to 'nvidia'.
[36m(RewardLoopWorker pid=182949)[0m WARNING:2026-09-11 13:20:22,858:Platform 'nvidia' (PlatformCUDA) is registered but not available. This may be due to this ray actor being a CPU-only actor.
[36m(RewardLoopWorker pid=182951)[0m WARNING:2026-09-11 13:20:22,919:No supported accelerator detected. Registered: ('nvidia', 'huawei', 'amd'). Falling back to 'nvidia'.
[36m(RewardLoopWorker pid=182951)[0m WARNING:2026-09-11 13:20:22,921:Platform 'nvidia' (PlatformCUDA) is registered but not available. This may be due to this ray actor being a CPU-only actor.
[36m(TaskRunnerV1 pid=178100)[0m [RolloutTqSkip()] [33mDump TQ batch at step 1 (16 trajectories) to /home/p00938733/rlmh-cache/8k8k-recompute-20260911-131445/rlmh_combinations_a100_rlmh_combinations_a100/GBS4_N4_in8448_out8192/1/0[0m
[36m(WorkerDict pid=180052)[0m Using blocking ray.get inside async actor. This blocks the event loop. Please use `await` on object ref with asyncio.gather if you want to yield execution to the event loop instead.
[36m(WorkerDict pid=180050)[0m Using blocking ray.get inside async actor. This blocks the event loop. Please use `await` on object ref with asyncio.gather if you want to yield execution to the event loop instead.
[36m(WorkerDict pid=180051)[0m Using blocking ray.get inside async actor. This blocks the event loop. Please use `await` on object ref with asyncio.gather if you want to yield execution to the event loop instead.
[36m(WorkerDict pid=180053)[0m Using blocking ray.get inside async actor. This blocks the event loop. Please use `await` on object ref with asyncio.gather if you want to yield execution to the event loop instead.
[36m(WorkerDict pid=180054)[0m Using blocking ray.get inside async actor. This blocks the event loop. Please use `await` on object ref with asyncio.gather if you want to yield execution to the event loop instead.
[36m(WorkerDict pid=180055)[0m Using blocking ray.get inside async actor. This blocks the event loop. Please use `await` on object ref with asyncio.gather if you want to yield execution to the event loop instead.
[36m(WorkerDict pid=180056)[0m Using blocking ray.get inside async actor. This blocks the event loop. Please use `await` on object ref with asyncio.gather if you want to yield execution to the event loop instead.
[36m(WorkerDict pid=180057)[0m Using blocking ray.get inside async actor. This blocks the event loop. Please use `await` on object ref with asyncio.gather if you want to yield execution to the event loop instead.
[36m(WorkerDict pid=180052)[0m [rank2]:W0911 13:20:26.842000 180052 torch/fx/_symbolic_trace.py:53] is_fx_tracing will return true for both fx.symbolic_trace and torch.export. Please use is_fx_tracing_symbolic_tracing() for specifically fx.symbolic_trace or torch.compiler.is_compiling() for specifically torch.export/compile.
[36m(WorkerDict pid=180057)[0m NCCL version 2.28.9+cuda12.9
[36m(WorkerDict pid=180053)[0m [rank3]:W0911 13:20:27.106000 180053 torch/fx/_symbolic_trace.py:53] is_fx_tracing will return true for both fx.symbolic_trace and torch.export. Please use is_fx_tracing_symbolic_tracing() for specifically fx.symbolic_trace or torch.compiler.is_compiling() for specifically torch.export/compile.
[36m(WorkerDict pid=180055)[0m NCCL version 2.28.9+cuda12.9
[36m(WorkerDict pid=180052)[0m WARNING:2026-09-11 13:20:27,336:flash-attn v4 may provide important feature support or performance improvement. Please install flash-attn v4 by 
[36m(WorkerDict pid=180052)[0m pip install flash-attn-4==4.0.0b11 nvidia-cutlass-dsl[cu13]
[36m(WorkerDict pid=180050)[0m [rank0]:W0911 13:20:27.381000 180050 torch/fx/_symbolic_trace.py:53] is_fx_tracing will return true for both fx.symbolic_trace and torch.export. Please use is_fx_tracing_symbolic_tracing() for specifically fx.symbolic_trace or torch.compiler.is_compiling() for specifically torch.export/compile.
[36m(WorkerDict pid=180051)[0m [rank1]:W0911 13:20:27.390000 180051 torch/fx/_symbolic_trace.py:53] is_fx_tracing will return true for both fx.symbolic_trace and torch.export. Please use is_fx_tracing_symbolic_tracing() for specifically fx.symbolic_trace or torch.compiler.is_compiling() for specifically torch.export/compile.
[36m(WorkerDict pid=180053)[0m WARNING:2026-09-11 13:20:27,324:flash-attn v4 may provide important feature support or performance improvement. Please install flash-attn v4 by 
[36m(WorkerDict pid=180053)[0m pip install flash-attn-4==4.0.0b11 nvidia-cutlass-dsl[cu13]
[36m(WorkerDict pid=180051)[0m WARNING:2026-09-11 13:20:27,602:flash-attn v4 may provide important feature support or performance improvement. Please install flash-attn v4 by 
[36m(WorkerDict pid=180051)[0m pip install flash-attn-4==4.0.0b11 nvidia-cutlass-dsl[cu13]
[36m(WorkerDict pid=180052)[0m [rank2]:[W911 13:20:31.345912971 ProcessGroupNCCL.cpp:4094] Warning: An unbatched P2P op (send/recv) was called on this ProcessGroup with size 2.  In lazy initialization mode, this will result in a new 2-rank NCCL communicator to be created. (function operator())
[36m(WorkerDict pid=180056)[0m [rank6]:[W911 13:20:31.347458662 ProcessGroupNCCL.cpp:4094] Warning: An unbatched P2P op (send/recv) was called on this ProcessGroup with size 2.  In lazy initialization mode, this will result in a new 2-rank NCCL communicator to be created. (function operator())
[36m(WorkerDict pid=180053)[0m [rank3]:[W911 13:20:33.728661189 ProcessGroupNCCL.cpp:4094] Warning: An unbatched P2P op (send/recv) was called on this ProcessGroup with size 2.  In lazy initialization mode, this will result in a new 2-rank NCCL communicator to be created. (function operator())
[36m(WorkerDict pid=180057)[0m [rank7]:[W911 13:20:33.731183801 ProcessGroupNCCL.cpp:4094] Warning: An unbatched P2P op (send/recv) was called on this ProcessGroup with size 2.  In lazy initialization mode, this will result in a new 2-rank NCCL communicator to be created. (function operator())
[36m(WorkerDict pid=180056)[0m [rank6]:W0911 13:20:33.551000 180056 torch/fx/_symbolic_trace.py:53] is_fx_tracing will return true for both fx.symbolic_trace and torch.export. Please use is_fx_tracing_symbolic_tracing() for specifically fx.symbolic_trace or torch.compiler.is_compiling() for specifically torch.export/compile.
[36m(WorkerDict pid=180050)[0m [rank0]:[W911 13:20:34.066345457 ProcessGroupNCCL.cpp:4094] Warning: An unbatched P2P op (send/recv) was called on this ProcessGroup with size 2.  In lazy initialization mode, this will result in a new 2-rank NCCL communicator to be created. (function operator())
[36m(WorkerDict pid=180054)[0m [rank4]:[W911 13:20:34.067736688 ProcessGroupNCCL.cpp:4094] Warning: An unbatched P2P op (send/recv) was called on this ProcessGroup with size 2.  In lazy initialization mode, this will result in a new 2-rank NCCL communicator to be created. (function operator())
[36m(WorkerDict pid=180051)[0m [rank1]:[W911 13:20:35.828120088 ProcessGroupNCCL.cpp:4094] Warning: An unbatched P2P op (send/recv) was called on this ProcessGroup with size 2.  In lazy initialization mode, this will result in a new 2-rank NCCL communicator to be created. (function operator())
[36m(WorkerDict pid=180055)[0m [rank5]:[W911 13:20:35.833686380 ProcessGroupNCCL.cpp:4094] Warning: An unbatched P2P op (send/recv) was called on this ProcessGroup with size 2.  In lazy initialization mode, this will result in a new 2-rank NCCL communicator to be created. (function operator())
[36m(WorkerDict pid=180057)[0m [rank7]:W0911 13:20:35.814000 180057 torch/fx/_symbolic_trace.py:53] is_fx_tracing will return true for both fx.symbolic_trace and torch.export. Please use is_fx_tracing_symbolic_tracing() for specifically fx.symbolic_trace or torch.compiler.is_compiling() for specifically torch.export/compile.
[36m(WorkerDict pid=180056)[0m WARNING:2026-09-11 13:20:35,967:flash-attn v4 may provide important feature support or performance improvement. Please install flash-attn v4 by 
[36m(WorkerDict pid=180056)[0m pip install flash-attn-4==4.0.0b11 nvidia-cutlass-dsl[cu13]
[36m(WorkerDict pid=180057)[0m WARNING:2026-09-11 13:20:35,988:flash-attn v4 may provide important feature support or performance improvement. Please install flash-attn v4 by 
[36m(WorkerDict pid=180057)[0m pip install flash-attn-4==4.0.0b11 nvidia-cutlass-dsl[cu13]
[36m(WorkerDict pid=180054)[0m [rank4]:W0911 13:20:37.328000 180054 torch/fx/_symbolic_trace.py:53] is_fx_tracing will return true for both fx.symbolic_trace and torch.export. Please use is_fx_tracing_symbolic_tracing() for specifically fx.symbolic_trace or torch.compiler.is_compiling() for specifically torch.export/compile.
[36m(WorkerDict pid=180055)[0m [rank5]:W0911 13:20:37.770000 180055 torch/fx/_symbolic_trace.py:53] is_fx_tracing will return true for both fx.symbolic_trace and torch.export. Please use is_fx_tracing_symbolic_tracing() for specifically fx.symbolic_trace or torch.compiler.is_compiling() for specifically torch.export/compile.
[36m(WorkerDict pid=180055)[0m WARNING:2026-09-11 13:20:37,923:flash-attn v4 may provide important feature support or performance improvement. Please install flash-attn v4 by 
[36m(WorkerDict pid=180055)[0m pip install flash-attn-4==4.0.0b11 nvidia-cutlass-dsl[cu13]
[36m(WorkerDict pid=180054)[0m /opt/Megatron-Bridge/3rdparty/Megatron-LM/megatron/core/tensor_parallel/layers.py:749: UserWarning: When using sequence parallelism it is recommended to set the environment variable CUDA_DEVICE_MAX_CONNECTIONS to 1 for maximum speedup
[36m(WorkerDict pid=180054)[0m   warnings.warn(
[36m(WorkerDict pid=180055)[0m /opt/Megatron-Bridge/3rdparty/Megatron-LM/megatron/core/tensor_parallel/layers.py:749: UserWarning: When using sequence parallelism it is recommended to set the environment variable CUDA_DEVICE_MAX_CONNECTIONS to 1 for maximum speedup
[36m(WorkerDict pid=180055)[0m   warnings.warn(
[36m(WorkerDict pid=180056)[0m /opt/Megatron-Bridge/3rdparty/Megatron-LM/megatron/core/tensor_parallel/layers.py:749: UserWarning: When using sequence parallelism it is recommended to set the environment variable CUDA_DEVICE_MAX_CONNECTIONS to 1 for maximum speedup
[36m(WorkerDict pid=180056)[0m   warnings.warn(
[36m(WorkerDict pid=180057)[0m /opt/Megatron-Bridge/3rdparty/Megatron-LM/megatron/core/tensor_parallel/layers.py:749: UserWarning: When using sequence parallelism it is recommended to set the environment variable CUDA_DEVICE_MAX_CONNECTIONS to 1 for maximum speedup
[36m(WorkerDict pid=180057)[0m   warnings.warn(
[36m(TransferQueueController pid=179147)[0m 2026-09-11 13:20:57,657 - INFO - transfer_queue.utils.perf_utils - TQ_CONTROLLER_24f17099: [Performance] Total success requests: 109, Total req/min: 20.10, Total avg process time: 0.0003s; 
[36m(TransferQueueController pid=179147)[0m Time range: last 5.42 minutes; 
[36m(TransferQueueController pid=179147)[0m Per-operation statistics: KV_RETRIEVE_META: req_count=28, req/min=5.16, avg_time=0.000691s, max_time=0.002065s, min_time=0.000319s; SET_CUSTOM_META: req_count=25, req/min=4.61, avg_time=0.000034s, max_time=0.000062s, min_time=0.000024s; KV_LIST: req_count=38, req/min=7.01, avg_time=0.000069s, max_time=0.000086s, min_time=0.000040s; NOTIFY_DATA_UPDATE: req_count=17, req/min=3.13, avg_time=0.000440s, max_time=0.002878s, min_time=0.000190s; CLEAR_META: req_count=1, req/min=0.18, avg_time=0.000292s, max_time=0.000292s, min_time=0.000292s
[36m(SimpleStorageUnit pid=179218)[0m 2026-09-11 13:20:57,651 - INFO - transfer_queue.utils.perf_utils - TQ_STORAGE_UNIT_435838e4: [Performance] Total success requests: 13, Total req/min: 2.43, Total avg process time: 0.0134s; 
[36m(SimpleStorageUnit pid=179218)[0m Time range: last 5.35 minutes; 
[36m(SimpleStorageUnit pid=179218)[0m Per-operation statistics: PUT_DATA: req_count=3, req/min=0.56, avg_time=0.013186s, max_time=0.015248s, min_time=0.010904s; CLEAR_DATA: req_count=1, req/min=0.19, avg_time=0.012698s, max_time=0.012698s, min_time=0.012698s; GET_DATA: req_count=9, req/min=1.68, avg_time=0.013504s, max_time=0.016485s, min_time=0.010769s
[36m(SimpleStorageUnit pid=179219)[0m 2026-09-11 13:20:57,652 - INFO - transfer_queue.utils.perf_utils - TQ_STORAGE_UNIT_9df54ff2: [Performance] Total success requests: 13, Total req/min: 2.43, Total avg process time: 0.0116s; 
[36m(SimpleStorageUnit pid=179219)[0m Time range: last 5.36 minutes; 
[36m(SimpleStorageUnit pid=179219)[0m Per-operation statistics: PUT_DATA: req_count=3, req/min=0.56, avg_time=0.013128s, max_time=0.015100s, min_time=0.012003s; CLEAR_DATA: req_count=1, req/min=0.19, avg_time=0.013219s, max_time=0.013219s, min_time=0.013219s; GET_DATA: req_count=9, req/min=1.68, avg_time=0.010981s, max_time=0.015108s, min_time=0.007619s
[36m(SimpleStorageUnit pid=179226)[0m 2026-09-11 13:20:57,646 - INFO - transfer_queue.utils.perf_utils - TQ_STORAGE_UNIT_30328933: [Performance] Total success requests: 12, Total req/min: 2.24, Total avg process time: 0.0104s; 
[36m(SimpleStorageUnit pid=179226)[0m Time range: last 5.35 minutes; 
[36m(SimpleStorageUnit pid=179226)[0m Per-operation statistics: PUT_DATA: req_count=3, req/min=0.56, avg_time=0.011963s, max_time=0.014103s, min_time=0.010155s; GET_DATA: req_count=9, req/min=1.68, avg_time=0.009902s, max_time=0.014977s, min_time=0.008230s
[36m(SimpleStorageUnit pid=179230)[0m 2026-09-11 13:20:57,653 - INFO - transfer_queue.utils.perf_utils - TQ_STORAGE_UNIT_55d43c91: [Performance] Total success requests: 13, Total req/min: 2.43, Total avg process time: 0.0133s; 
[36m(SimpleStorageUnit pid=179230)[0m Time range: last 5.35 minutes; 
[36m(SimpleStorageUnit pid=179230)[0m Per-operation statistics: PUT_DATA: req_count=3, req/min=0.56, avg_time=0.013390s, max_time=0.015137s, min_time=0.012081s; CLEAR_DATA: req_count=1, req/min=0.19, avg_time=0.012882s, max_time=0.012882s, min_time=0.012882s; GET_DATA: req_count=9, req/min=1.68, avg_time=0.013261s, max_time=0.014878s, min_time=0.009343s
[36m(SimpleStorageUnit pid=179229)[0m 2026-09-11 13:20:57,653 - INFO - transfer_queue.utils.perf_utils - TQ_STORAGE_UNIT_b8795049: [Performance] Total success requests: 13, Total req/min: 2.43, Total avg process time: 0.0129s; 
[36m(SimpleStorageUnit pid=179229)[0m Time range: last 5.35 minutes; 
[36m(SimpleStorageUnit pid=179229)[0m Per-operation statistics: PUT_DATA: req_count=3, req/min=0.56, avg_time=0.012370s, max_time=0.014688s, min_time=0.009565s; CLEAR_DATA: req_count=1, req/min=0.19, avg_time=0.012979s, max_time=0.012979s, min_time=0.012979s; GET_DATA: req_count=9, req/min=1.68, avg_time=0.013027s, max_time=0.014630s, min_time=0.010252s
[36m(SimpleStorageUnit pid=179233)[0m 2026-09-11 13:20:57,649 - INFO - transfer_queue.utils.perf_utils - TQ_STORAGE_UNIT_d44741cc: [Performance] Total success requests: 12, Total req/min: 2.24, Total avg process time: 0.0119s; 
[36m(SimpleStorageUnit pid=179233)[0m Time range: last 5.35 minutes; 
[36m(SimpleStorageUnit pid=179233)[0m Per-operation statistics: PUT_DATA: req_count=3, req/min=0.56, avg_time=0.012297s, max_time=0.015179s, min_time=0.009202s; GET_DATA: req_count=9, req/min=1.68, avg_time=0.011790s, max_time=0.015487s, min_time=0.007960s
[36m(SimpleStorageUnit pid=179231)[0m 2026-09-11 13:20:57,648 - INFO - transfer_queue.utils.perf_utils - TQ_STORAGE_UNIT_0e84e3fd: [Performance] Total success requests: 12, Total req/min: 2.25, Total avg process time: 0.0126s; 
[36m(SimpleStorageUnit pid=179231)[0m Time range: last 5.34 minutes; 
[36m(SimpleStorageUnit pid=179231)[0m Per-operation statistics: PUT_DATA: req_count=3, req/min=0.56, avg_time=0.011631s, max_time=0.013090s, min_time=0.009181s; GET_DATA: req_count=9, req/min=1.68, avg_time=0.012935s, max_time=0.015599s, min_time=0.009305s
[36m(SimpleStorageUnit pid=179232)[0m 2026-09-11 13:20:57,648 - INFO - transfer_queue.utils.perf_utils - TQ_STORAGE_UNIT_e8e335de: [Performance] Total success requests: 12, Total req/min: 2.25, Total avg process time: 0.0115s; 
[36m(SimpleStorageUnit pid=179232)[0m Time range: last 5.34 minutes; 
[36m(SimpleStorageUnit pid=179232)[0m Per-operation statistics: PUT_DATA: req_count=3, req/min=0.56, avg_time=0.010390s, max_time=0.015015s, min_time=0.004587s; GET_DATA: req_count=9, req/min=1.68, avg_time=0.011893s, max_time=0.014831s, min_time=0.008651s
[36m(WorkerDict pid=180054)[0m /opt/dev/lib/python3.12/site-packages/torch/autograd/graph.py:869: UserWarning: c10d::broadcast_: an autograd kernel was not registered to the Autograd key(s) but we are trying to backprop through it. This may lead to silently incorrect behavior. This behavior is deprecated and will be removed in a future version of PyTorch. If your operator is differentiable, please ensure you have registered an autograd kernel to the correct Autograd key (e.g. DispatchKey::Autograd, DispatchKey::CompositeImplicitAutograd). If your operator is not differentiable, or to squash this warning and use the previous behavior, please register torch::CppFunction::makeFallthrough() to DispatchKey::Autograd. (Triggered internally at /pytorch/torch/csrc/autograd/autograd_not_implemented_fallback.cpp:76.)
[36m(WorkerDict pid=180054)[0m   return Variable._execution_engine.run_backward(  # Calls into the C++ engine to run the backward pass
[36m(WorkerDict pid=180055)[0m /opt/dev/lib/python3.12/site-packages/torch/autograd/graph.py:869: UserWarning: c10d::broadcast_: an autograd kernel was not registered to the Autograd key(s) but we are trying to backprop through it. This may lead to silently incorrect behavior. This behavior is deprecated and will be removed in a future version of PyTorch. If your operator is differentiable, please ensure you have registered an autograd kernel to the correct Autograd key (e.g. DispatchKey::Autograd, DispatchKey::CompositeImplicitAutograd). If your operator is not differentiable, or to squash this warning and use the previous behavior, please register torch::CppFunction::makeFallthrough() to DispatchKey::Autograd. (Triggered internally at /pytorch/torch/csrc/autograd/autograd_not_implemented_fallback.cpp:76.)
[36m(WorkerDict pid=180055)[0m   return Variable._execution_engine.run_backward(  # Calls into the C++ engine to run the backward pass
[36m(WorkerDict pid=180056)[0m /opt/dev/lib/python3.12/site-packages/torch/autograd/graph.py:869: UserWarning: c10d::broadcast_: an autograd kernel was not registered to the Autograd key(s) but we are trying to backprop through it. This may lead to silently incorrect behavior. This behavior is deprecated and will be removed in a future version of PyTorch. If your operator is differentiable, please ensure you have registered an autograd kernel to the correct Autograd key (e.g. DispatchKey::Autograd, DispatchKey::CompositeImplicitAutograd). If your operator is not differentiable, or to squash this warning and use the previous behavior, please register torch::CppFunction::makeFallthrough() to DispatchKey::Autograd. (Triggered internally at /pytorch/torch/csrc/autograd/autograd_not_implemented_fallback.cpp:76.)
[36m(WorkerDict pid=180056)[0m   return Variable._execution_engine.run_backward(  # Calls into the C++ engine to run the backward pass
[36m(WorkerDict pid=180057)[0m /opt/dev/lib/python3.12/site-packages/torch/autograd/graph.py:869: UserWarning: c10d::broadcast_: an autograd kernel was not registered to the Autograd key(s) but we are trying to backprop through it. This may lead to silently incorrect behavior. This behavior is deprecated and will be removed in a future version of PyTorch. If your operator is differentiable, please ensure you have registered an autograd kernel to the correct Autograd key (e.g. DispatchKey::Autograd, DispatchKey::CompositeImplicitAutograd). If your operator is not differentiable, or to squash this warning and use the previous behavior, please register torch::CppFunction::makeFallthrough() to DispatchKey::Autograd. (Triggered internally at /pytorch/torch/csrc/autograd/autograd_not_implemented_fallback.cpp:76.)
[36m(WorkerDict pid=180057)[0m   return Variable._execution_engine.run_backward(  # Calls into the C++ engine to run the backward pass
[36m(WorkerDict pid=180054)[0m /opt/Megatron-Bridge/3rdparty/Megatron-LM/megatron/core/pipeline_parallel/schedules.py:211: UserWarning: The AccumulateGrad node's stream does not match the stream of the node that produced the incoming gradient. This may incur unnecessary synchronization and break CUDA graph capture if the AccumulateGrad node's stream is the default stream. This mismatch is caused by an AccumulateGrad node created prior to the current iteration being kept alive. This can happen if the autograd graph is still being kept alive by tensors such as the loss, or if you are using DDP, which will stash a reference to the node. To resolve the mismatch, delete all references to the autograd graph or ensure that DDP initialization is performed under the same stream as subsequent forwards. If the mismatch is intentional, you can use torch.autograd.graph.set_warn_on_accumulate_grad_stream_mismatch(False) to suppress this warning. (Triggered internally at /pytorch/torch/csrc/autograd/input_buffer.cpp:240.)
[36m(WorkerDict pid=180054)[0m   Variable._execution_engine.run_backward(
[36m(WorkerDict pid=180054)[0m /opt/Megatron-Bridge/3rdparty/Megatron-LM/megatron/core/pipeline_parallel/schedules.py:211: UserWarning: c10d::broadcast_: an autograd kernel was not registered to the Autograd key(s) but we are trying to backprop through it. This may lead to silently incorrect behavior. This behavior is deprecated and will be removed in a future version of PyTorch. If your operator is differentiable, please ensure you have registered an autograd kernel to the correct Autograd key (e.g. DispatchKey::Autograd, DispatchKey::CompositeImplicitAutograd). If your operator is not differentiable, or to squash this warning and use the previous behavior, please register torch::CppFunction::makeFallthrough() to DispatchKey::Autograd. (Triggered internally at /pytorch/torch/csrc/autograd/autograd_not_implemented_fallback.cpp:76.)
[36m(WorkerDict pid=180054)[0m   Variable._execution_engine.run_backward(
[36m(WorkerDict pid=180055)[0m /opt/Megatron-Bridge/3rdparty/Megatron-LM/megatron/core/pipeline_parallel/schedules.py:211: UserWarning: The AccumulateGrad node's stream does not match the stream of the node that produced the incoming gradient. This may incur unnecessary synchronization and break CUDA graph capture if the AccumulateGrad node's stream is the default stream. This mismatch is caused by an AccumulateGrad node created prior to the current iteration being kept alive. This can happen if the autograd graph is still being kept alive by tensors such as the loss, or if you are using DDP, which will stash a reference to the node. To resolve the mismatch, delete all references to the autograd graph or ensure that DDP initialization is performed under the same stream as subsequent forwards. If the mismatch is intentional, you can use torch.autograd.graph.set_warn_on_accumulate_grad_stream_mismatch(False) to suppress this warning. (Triggered internally at /pytorch/torch/csrc/autograd/input_buffer.cpp:240.)
[36m(WorkerDict pid=180055)[0m   Variable._execution_engine.run_backward(
[36m(WorkerDict pid=180055)[0m /opt/Megatron-Bridge/3rdparty/Megatron-LM/megatron/core/pipeline_parallel/schedules.py:211: UserWarning: c10d::broadcast_: an autograd kernel was not registered to the Autograd key(s) but we are trying to backprop through it. This may lead to silently incorrect behavior. This behavior is deprecated and will be removed in a future version of PyTorch. If your operator is differentiable, please ensure you have registered an autograd kernel to the correct Autograd key (e.g. DispatchKey::Autograd, DispatchKey::CompositeImplicitAutograd). If your operator is not differentiable, or to squash this warning and use the previous behavior, please register torch::CppFunction::makeFallthrough() to DispatchKey::Autograd. (Triggered internally at /pytorch/torch/csrc/autograd/autograd_not_implemented_fallback.cpp:76.)
[36m(WorkerDict pid=180055)[0m   Variable._execution_engine.run_backward(
[36m(WorkerDict pid=180056)[0m /opt/Megatron-Bridge/3rdparty/Megatron-LM/megatron/core/pipeline_parallel/schedules.py:211: UserWarning: The AccumulateGrad node's stream does not match the stream of the node that produced the incoming gradient. This may incur unnecessary synchronization and break CUDA graph capture if the AccumulateGrad node's stream is the default stream. This mismatch is caused by an AccumulateGrad node created prior to the current iteration being kept alive. This can happen if the autograd graph is still being kept alive by tensors such as the loss, or if you are using DDP, which will stash a reference to the node. To resolve the mismatch, delete all references to the autograd graph or ensure that DDP initialization is performed under the same stream as subsequent forwards. If the mismatch is intentional, you can use torch.autograd.graph.set_warn_on_accumulate_grad_stream_mismatch(False) to suppress this warning. (Triggered internally at /pytorch/torch/csrc/autograd/input_buffer.cpp:240.)
[36m(WorkerDict pid=180056)[0m   Variable._execution_engine.run_backward(
[36m(WorkerDict pid=180056)[0m /opt/Megatron-Bridge/3rdparty/Megatron-LM/megatron/core/pipeline_parallel/schedules.py:211: UserWarning: c10d::broadcast_: an autograd kernel was not registered to the Autograd key(s) but we are trying to backprop through it. This may lead to silently incorrect behavior. This behavior is deprecated and will be removed in a future version of PyTorch. If your operator is differentiable, please ensure you have registered an autograd kernel to the correct Autograd key (e.g. DispatchKey::Autograd, DispatchKey::CompositeImplicitAutograd). If your operator is not differentiable, or to squash this warning and use the previous behavior, please register torch::CppFunction::makeFallthrough() to DispatchKey::Autograd. (Triggered internally at /pytorch/torch/csrc/autograd/autograd_not_implemented_fallback.cpp:76.)
[36m(WorkerDict pid=180056)[0m   Variable._execution_engine.run_backward(
[36m(WorkerDict pid=180057)[0m /opt/Megatron-Bridge/3rdparty/Megatron-LM/megatron/core/pipeline_parallel/schedules.py:211: UserWarning: The AccumulateGrad node's stream does not match the stream of the node that produced the incoming gradient. This may incur unnecessary synchronization and break CUDA graph capture if the AccumulateGrad node's stream is the default stream. This mismatch is caused by an AccumulateGrad node created prior to the current iteration being kept alive. This can happen if the autograd graph is still being kept alive by tensors such as the loss, or if you are using DDP, which will stash a reference to the node. To resolve the mismatch, delete all references to the autograd graph or ensure that DDP initialization is performed under the same stream as subsequent forwards. If the mismatch is intentional, you can use torch.autograd.graph.set_warn_on_accumulate_grad_stream_mismatch(False) to suppress this warning. (Triggered internally at /pytorch/torch/csrc/autograd/input_buffer.cpp:240.)
[36m(WorkerDict pid=180057)[0m   Variable._execution_engine.run_backward(
[36m(WorkerDict pid=180057)[0m /opt/Megatron-Bridge/3rdparty/Megatron-LM/megatron/core/pipeline_parallel/schedules.py:211: UserWarning: c10d::broadcast_: an autograd kernel was not registered to the Autograd key(s) but we are trying to backprop through it. This may lead to silently incorrect behavior. This behavior is deprecated and will be removed in a future version of PyTorch. If your operator is differentiable, please ensure you have registered an autograd kernel to the correct Autograd key (e.g. DispatchKey::Autograd, DispatchKey::CompositeImplicitAutograd). If your operator is not differentiable, or to squash this warning and use the previous behavior, please register torch::CppFunction::makeFallthrough() to DispatchKey::Autograd. (Triggered internally at /pytorch/torch/csrc/autograd/autograd_not_implemented_fallback.cpp:76.)
[36m(WorkerDict pid=180057)[0m   Variable._execution_engine.run_backward(
[36m(WorkerDict pid=180052)[0m [rank2]:[W911 13:21:15.863991365 ProcessGroupNCCL.cpp:4094] Warning: An unbatched P2P op (send/recv) was called on this ProcessGroup with size 8.  In lazy initialization mode, this will result in a new 2-rank NCCL communicator to be created. (function operator())
[36m(WorkerDict pid=180056)[0m [rank6]:[W911 13:21:15.863503705 ProcessGroupNCCL.cpp:4094] Warning: An unbatched P2P op (send/recv) was called on this ProcessGroup with size 8.  In lazy initialization mode, this will result in a new 2-rank NCCL communicator to be created. (function operator())
[36m(WorkerDict pid=180053)[0m [rank3]:[W911 13:21:16.509596931 ProcessGroupNCCL.cpp:4094] Warning: An unbatched P2P op (send/recv) was called on this ProcessGroup with size 8.  In lazy initialization mode, this will result in a new 2-rank NCCL communicator to be created. (function operator())
[36m(WorkerDict pid=180057)[0m [rank7]:[W911 13:21:16.509117991 ProcessGroupNCCL.cpp:4094] Warning: An unbatched P2P op (send/recv) was called on this ProcessGroup with size 8.  In lazy initialization mode, this will result in a new 2-rank NCCL communicator to be created. (function operator())
[36m(WorkerDict pid=180050)[0m [rank0]:[W911 13:21:17.260490517 ProcessGroupNCCL.cpp:4094] Warning: An unbatched P2P op (send/recv) was called on this ProcessGroup with size 8.  In lazy initialization mode, this will result in a new 2-rank NCCL communicator to be created. (function operator())
[36m(WorkerDict pid=180054)[0m [rank4]:[W911 13:21:17.259540816 ProcessGroupNCCL.cpp:4094] Warning: An unbatched P2P op (send/recv) was called on this ProcessGroup with size 8.  In lazy initialization mode, this will result in a new 2-rank NCCL communicator to be created. (function operator())
[36m(WorkerDict pid=180051)[0m [rank1]:[W911 13:21:18.927734245 ProcessGroupNCCL.cpp:4094] Warning: An unbatched P2P op (send/recv) was called on this ProcessGroup with size 8.  In lazy initialization mode, this will result in a new 2-rank NCCL communicator to be created. (function operator())
[36m(WorkerDict pid=180055)[0m [rank5]:[W911 13:21:18.927529035 ProcessGroupNCCL.cpp:4094] Warning: An unbatched P2P op (send/recv) was called on this ProcessGroup with size 8.  In lazy initialization mode, this will result in a new 2-rank NCCL communicator to be created. (function operator())
[36m(WorkerDict pid=180052)[0m /opt/dev/lib/python3.12/site-packages/torch/autograd/graph.py:869: UserWarning: The AccumulateGrad node's stream does not match the stream of the node that produced the incoming gradient. This may incur unnecessary synchronization and break CUDA graph capture if the AccumulateGrad node's stream is the default stream. This mismatch is caused by an AccumulateGrad node created prior to the current iteration being kept alive. This can happen if the autograd graph is still being kept alive by tensors such as the loss, or if you are using DDP, which will stash a reference to the node. To resolve the mismatch, delete all references to the autograd graph or ensure that DDP initialization is performed under the same stream as subsequent forwards. If the mismatch is intentional, you can use torch.autograd.graph.set_warn_on_accumulate_grad_stream_mismatch(False) to suppress this warning. (Triggered internally at /pytorch/torch/csrc/autograd/input_buffer.cpp:240.)
[36m(WorkerDict pid=180052)[0m   return Variable._execution_engine.run_backward(  # Calls into the C++ engine to run the backward pass
[36m(WorkerDict pid=180052)[0m /opt/dev/lib/python3.12/site-packages/torch/autograd/graph.py:869: UserWarning: c10d::broadcast_: an autograd kernel was not registered to the Autograd key(s) but we are trying to backprop through it. This may lead to silently incorrect behavior. This behavior is deprecated and will be removed in a future version of PyTorch. If your operator is differentiable, please ensure you have registered an autograd kernel to the correct Autograd key (e.g. DispatchKey::Autograd, DispatchKey::CompositeImplicitAutograd). If your operator is not differentiable, or to squash this warning and use the previous behavior, please register torch::CppFunction::makeFallthrough() to DispatchKey::Autograd. (Triggered internally at /pytorch/torch/csrc/autograd/autograd_not_implemented_fallback.cpp:76.)
[36m(WorkerDict pid=180052)[0m   return Variable._execution_engine.run_backward(  # Calls into the C++ engine to run the backward pass
[36m(WorkerDict pid=180050)[0m /opt/dev/lib/python3.12/site-packages/torch/autograd/graph.py:869: UserWarning: The AccumulateGrad node's stream does not match the stream of the node that produced the incoming gradient. This may incur unnecessary synchronization and break CUDA graph capture if the AccumulateGrad node's stream is the default stream. This mismatch is caused by an AccumulateGrad node created prior to the current iteration being kept alive. This can happen if the autograd graph is still being kept alive by tensors such as the loss, or if you are using DDP, which will stash a reference to the node. To resolve the mismatch, delete all references to the autograd graph or ensure that DDP initialization is performed under the same stream as subsequent forwards. If the mismatch is intentional, you can use torch.autograd.graph.set_warn_on_accumulate_grad_stream_mismatch(False) to suppress this warning. (Triggered internally at /pytorch/torch/csrc/autograd/input_buffer.cpp:240.)
[36m(WorkerDict pid=180050)[0m   return Variable._execution_engine.run_backward(  # Calls into the C++ engine to run the backward pass
[36m(WorkerDict pid=180050)[0m /opt/dev/lib/python3.12/site-packages/torch/autograd/graph.py:869: UserWarning: c10d::broadcast_: an autograd kernel was not registered to the Autograd key(s) but we are trying to backprop through it. This may lead to silently incorrect behavior. This behavior is deprecated and will be removed in a future version of PyTorch. If your operator is differentiable, please ensure you have registered an autograd kernel to the correct Autograd key (e.g. DispatchKey::Autograd, DispatchKey::CompositeImplicitAutograd). If your operator is not differentiable, or to squash this warning and use the previous behavior, please register torch::CppFunction::makeFallthrough() to DispatchKey::Autograd. (Triggered internally at /pytorch/torch/csrc/autograd/autograd_not_implemented_fallback.cpp:76.)
[36m(WorkerDict pid=180050)[0m   return Variable._execution_engine.run_backward(  # Calls into the C++ engine to run the backward pass
[36m(WorkerDict pid=180051)[0m /opt/dev/lib/python3.12/site-packages/torch/autograd/graph.py:869: UserWarning: The AccumulateGrad node's stream does not match the stream of the node that produced the incoming gradient. This may incur unnecessary synchronization and break CUDA graph capture if the AccumulateGrad node's stream is the default stream. This mismatch is caused by an AccumulateGrad node created prior to the current iteration being kept alive. This can happen if the autograd graph is still being kept alive by tensors such as the loss, or if you are using DDP, which will stash a reference to the node. To resolve the mismatch, delete all references to the autograd graph or ensure that DDP initialization is performed under the same stream as subsequent forwards. If the mismatch is intentional, you can use torch.autograd.graph.set_warn_on_accumulate_grad_stream_mismatch(False) to suppress this warning. (Triggered internally at /pytorch/torch/csrc/autograd/input_buffer.cpp:240.)
[36m(WorkerDict pid=180051)[0m   return Variable._execution_engine.run_backward(  # Calls into the C++ engine to run the backward pass
[36m(WorkerDict pid=180051)[0m /opt/dev/lib/python3.12/site-packages/torch/autograd/graph.py:869: UserWarning: c10d::broadcast_: an autograd kernel was not registered to the Autograd key(s) but we are trying to backprop through it. This may lead to silently incorrect behavior. This behavior is deprecated and will be removed in a future version of PyTorch. If your operator is differentiable, please ensure you have registered an autograd kernel to the correct Autograd key (e.g. DispatchKey::Autograd, DispatchKey::CompositeImplicitAutograd). If your operator is not differentiable, or to squash this warning and use the previous behavior, please register torch::CppFunction::makeFallthrough() to DispatchKey::Autograd. (Triggered internally at /pytorch/torch/csrc/autograd/autograd_not_implemented_fallback.cpp:76.)
[36m(WorkerDict pid=180051)[0m   return Variable._execution_engine.run_backward(  # Calls into the C++ engine to run the backward pass
[36m(WorkerDict pid=180053)[0m /opt/dev/lib/python3.12/site-packages/torch/autograd/graph.py:869: UserWarning: The AccumulateGrad node's stream does not match the stream of the node that produced the incoming gradient. This may incur unnecessary synchronization and break CUDA graph capture if the AccumulateGrad node's stream is the default stream. This mismatch is caused by an AccumulateGrad node created prior to the current iteration being kept alive. This can happen if the autograd graph is still being kept alive by tensors such as the loss, or if you are using DDP, which will stash a reference to the node. To resolve the mismatch, delete all references to the autograd graph or ensure that DDP initialization is performed under the same stream as subsequent forwards. If the mismatch is intentional, you can use torch.autograd.graph.set_warn_on_accumulate_grad_stream_mismatch(False) to suppress this warning. (Triggered internally at /pytorch/torch/csrc/autograd/input_buffer.cpp:240.)
[36m(WorkerDict pid=180053)[0m   return Variable._execution_engine.run_backward(  # Calls into the C++ engine to run the backward pass
[36m(WorkerDict pid=180053)[0m /opt/dev/lib/python3.12/site-packages/torch/autograd/graph.py:869: UserWarning: c10d::broadcast_: an autograd kernel was not registered to the Autograd key(s) but we are trying to backprop through it. This may lead to silently incorrect behavior. This behavior is deprecated and will be removed in a future version of PyTorch. If your operator is differentiable, please ensure you have registered an autograd kernel to the correct Autograd key (e.g. DispatchKey::Autograd, DispatchKey::CompositeImplicitAutograd). If your operator is not differentiable, or to squash this warning and use the previous behavior, please register torch::CppFunction::makeFallthrough() to DispatchKey::Autograd. (Triggered internally at /pytorch/torch/csrc/autograd/autograd_not_implemented_fallback.cpp:76.)
[36m(WorkerDict pid=180053)[0m   return Variable._execution_engine.run_backward(  # Calls into the C++ engine to run the backward pass
[36m(WorkerDict pid=180052)[0m /opt/Megatron-Bridge/3rdparty/Megatron-LM/megatron/core/pipeline_parallel/schedules.py:211: UserWarning: c10d::broadcast_: an autograd kernel was not registered to the Autograd key(s) but we are trying to backprop through it. This may lead to silently incorrect behavior. This behavior is deprecated and will be removed in a future version of PyTorch. If your operator is differentiable, please ensure you have registered an autograd kernel to the correct Autograd key (e.g. DispatchKey::Autograd, DispatchKey::CompositeImplicitAutograd). If your operator is not differentiable, or to squash this warning and use the previous behavior, please register torch::CppFunction::makeFallthrough() to DispatchKey::Autograd. (Triggered internally at /pytorch/torch/csrc/autograd/autograd_not_implemented_fallback.cpp:76.)
[36m(WorkerDict pid=180052)[0m   Variable._execution_engine.run_backward(
[36m(WorkerDict pid=180050)[0m /opt/Megatron-Bridge/3rdparty/Megatron-LM/megatron/core/pipeline_parallel/schedules.py:211: UserWarning: c10d::broadcast_: an autograd kernel was not registered to the Autograd key(s) but we are trying to backprop through it. This may lead to silently incorrect behavior. This behavior is deprecated and will be removed in a future version of PyTorch. If your operator is differentiable, please ensure you have registered an autograd kernel to the correct Autograd key (e.g. DispatchKey::Autograd, DispatchKey::CompositeImplicitAutograd). If your operator is not differentiable, or to squash this warning and use the previous behavior, please register torch::CppFunction::makeFallthrough() to DispatchKey::Autograd. (Triggered internally at /pytorch/torch/csrc/autograd/autograd_not_implemented_fallback.cpp:76.)
[36m(WorkerDict pid=180050)[0m   Variable._execution_engine.run_backward(
[36m(WorkerDict pid=180051)[0m /opt/Megatron-Bridge/3rdparty/Megatron-LM/megatron/core/pipeline_parallel/schedules.py:211: UserWarning: c10d::broadcast_: an autograd kernel was not registered to the Autograd key(s) but we are trying to backprop through it. This may lead to silently incorrect behavior. This behavior is deprecated and will be removed in a future version of PyTorch. If your operator is differentiable, please ensure you have registered an autograd kernel to the correct Autograd key (e.g. DispatchKey::Autograd, DispatchKey::CompositeImplicitAutograd). If your operator is not differentiable, or to squash this warning and use the previous behavior, please register torch::CppFunction::makeFallthrough() to DispatchKey::Autograd. (Triggered internally at /pytorch/torch/csrc/autograd/autograd_not_implemented_fallback.cpp:76.)
[36m(WorkerDict pid=180051)[0m   Variable._execution_engine.run_backward(
[36m(WorkerDict pid=180053)[0m /opt/Megatron-Bridge/3rdparty/Megatron-LM/megatron/core/pipeline_parallel/schedules.py:211: UserWarning: c10d::broadcast_: an autograd kernel was not registered to the Autograd key(s) but we are trying to backprop through it. This may lead to silently incorrect behavior. This behavior is deprecated and will be removed in a future version of PyTorch. If your operator is differentiable, please ensure you have registered an autograd kernel to the correct Autograd key (e.g. DispatchKey::Autograd, DispatchKey::CompositeImplicitAutograd). If your operator is not differentiable, or to squash this warning and use the previous behavior, please register torch::CppFunction::makeFallthrough() to DispatchKey::Autograd. (Triggered internally at /pytorch/torch/csrc/autograd/autograd_not_implemented_fallback.cpp:76.)
[36m(WorkerDict pid=180053)[0m   Variable._execution_engine.run_backward(
[36m(WorkerDict pid=180052)[0m /home/p00938733/verl-090/verl/plugin/platform/platform_cuda.py:99: FutureWarning: torch.cuda._set_allocator_settings is deprecated. Use torch._C._accelerator_setAllocatorSettings instead.
[36m(WorkerDict pid=180052)[0m   torch.cuda.memory._set_allocator_settings(settings)
[36m(WorkerDict pid=180053)[0m /home/p00938733/verl-090/verl/plugin/platform/platform_cuda.py:99: FutureWarning: torch.cuda._set_allocator_settings is deprecated. Use torch._C._accelerator_setAllocatorSettings instead.
[36m(WorkerDict pid=180053)[0m   torch.cuda.memory._set_allocator_settings(settings)
[36m(WorkerDict pid=180056)[0m /home/p00938733/verl-090/verl/plugin/platform/platform_cuda.py:99: FutureWarning: torch.cuda._set_allocator_settings is deprecated. Use torch._C._accelerator_setAllocatorSettings instead.
[36m(WorkerDict pid=180056)[0m   torch.cuda.memory._set_allocator_settings(settings)
[36m(WorkerDict pid=180057)[0m /home/p00938733/verl-090/verl/plugin/platform/platform_cuda.py:99: FutureWarning: torch.cuda._set_allocator_settings is deprecated. Use torch._C._accelerator_setAllocatorSettings instead.
[36m(WorkerDict pid=180057)[0m   torch.cuda.memory._set_allocator_settings(settings)
[36m(vLLMHttpServer pid=183434)[0m (EngineCore pid=184048) WARNING 09-11 13:22:10 [scheduler.py:1948] reset_connector called but no KV connector is configured.
[36m(vLLMHttpServer pid=183433)[0m (EngineCore pid=184034) WARNING 09-11 13:22:10 [scheduler.py:1948] reset_connector called but no KV connector is configured.
[36m(WorkerDict pid=180050)[0m Converting to HuggingFace ━━━━━━━━━━━━━━━━━━━━━━━━━━━━━━━━━━━━━━━━ 100% 0:00:00 (291/291) Qwen3Bridge
[36m(vLLMHttpServer pid=183433)[0m (EngineCore pid=184034) WARNING 09-11 13:22:11 [scheduler.py:1948] reset_connector called but no KV connector is configured.
[36m(vLLMHttpServer pid=183434)[0m (EngineCore pid=184048) WARNING 09-11 13:22:11 [scheduler.py:1948] reset_connector called but no KV connector is configured.
[36m(vLLMHttpServer pid=183433)[0m (EngineCore pid=184034) WARNING 09-11 13:22:13 [scheduler.py:1948] reset_connector called but no KV connector is configured.
[36m(vLLMHttpServer pid=183434)[0m (EngineCore pid=184048) WARNING 09-11 13:22:13 [scheduler.py:1948] reset_connector called but no KV connector is configured.
[36m(TaskRunnerV1 pid=178100)[0m step:1 - global_seqlen/min:255568.0 - global_seqlen/max:255568.0 - global_seqlen/minmax_diff:0.0 - global_seqlen/balanced_min:255568.0 - global_seqlen/balanced_max:255568.0 - global_seqlen/mean:255568.0 - actor/entropy:0.004453862551599741 - training/rollout_probs_diff_valid:1.0 - training/rollout_probs_diff_max:0.12435147166252136 - training/rollout_probs_diff_mean:0.00024026710889302194 - training/rollout_probs_diff_std:0.0026521612890064716 - training/rollout_actor_probs_pearson_corr:0.9968180656433105 - rollout_corr/training_ppl:1.003605842590332 - rollout_corr/training_log_ppl:0.0035981026012450457 - rollout_corr/kl:0.00021888641640543938 - rollout_corr/k3_kl:1.4434562217502389e-05 - rollout_corr/rollout_ppl:1.0033862590789795 - rollout_corr/rollout_log_ppl:0.00337921641767025 - rollout_corr/log_ppl_diff:0.00021888603805564344 - rollout_corr/log_ppl_abs_diff:0.00021888603805564344 - rollout_corr/log_ppl_diff_max:0.00038048531860113144 - rollout_corr/log_ppl_diff_min:0.00012797745876014233 - rollout_corr/ppl_ratio:1.0002188682556152 - rollout_corr/chi2_token:-0.0003806948661804199 - rollout_corr/chi2_seq:-0.9525042176246643 - actor/pg_clipfrac:0.0 - actor/ppo_kl:0.0 - actor/pg_clipfrac_lower:0.0 - actor/pg_loss:-2.8472859412431717e-06 - actor/entropy_loss:0.004453862769878469 - actor/kl_loss:0.0 - actor/kl_coef:0.001 - actor/loss:-7.294118404388428e-06 - actor/grad_norm:0.10542578063905239 - actor/perf/max_memory_allocated_gb:31.40934419631958 - actor/perf/max_memory_reserved_gb:32.78125 - actor/perf/cpu_memory_used_gb:201.22356414794922 - actor/lr:0.0 - perf/mfu/actor:0.24472307881511807 - training/global_step:1 - training/epoch:0 - critic/score/mean:0.972646951675415 - critic/score/max:0.993452787399292 - critic/score/min:0.952946126461029 - critic/rewards/mean:0.972646951675415 - critic/rewards/max:0.993452787399292 - critic/rewards/min:0.952946126461029 - critic/advantages/mean:2.818182110786438e-06 - critic/advantages/max:1.458733081817627 - critic/advantages/min:-1.3413969278335571 - critic/returns/mean:2.818182110786438e-06 - critic/returns/max:1.458733081817627 - critic/returns/min:-1.3413969278335571 - response_length/mean:8192.0 - response_length/max:8192.0 - response_length/min:8192.0 - response_length/clip_ratio:1.0 - response_length_non_aborted/mean:8192.0 - response_length_non_aborted/max:8192.0 - response_length_non_aborted/min:8192.0 - response_length_non_aborted/clip_ratio:1.0 - response/aborted_ratio:0.0 - prompt_length/mean:7781.0 - prompt_length/max:8074.0 - prompt_length/min:7488.0 - prompt_length/clip_ratio:0.5 - timing_s/gen:75.77889922598843 - timing_s/old_log_prob:31.838316642097197 - timing_s/ref:10.144917684956454 - timing_s/adv:0.12793858698569238 - timing_s/update_actor:60.43686980707571 - timing_s/update_weights:5.1518275529379025 - timing_s/step:210.34090844006278 - timing_per_token_ms/gen:0.578147119338901 - timing_per_token_ms/adv:0.0005006048761413494 - timing_per_token_ms/ref:0.03969557098289478 - timing_per_token_ms/update_actor:0.23648058366883065 - perf/total_num_tokens:255568 - perf/time_per_step:210.34090844006278 - perf/throughput:151.87725600749272 - training/num_turns/mean:np.float64(2.0) - training/num_turns/max:np.int64(2) - training/num_turns/min:np.int64(2) - training/off_policy/trajectory_spans/mean:np.float64(1.0) - training/off_policy/trajectory_spans/max:np.int64(1) - training/off_policy/trajectory_spans/min:np.int64(1) - training/off_policy/trajectory_staleness/mean:np.float64(0.0) - training/off_policy/trajectory_staleness/max:np.int64(0) - training/off_policy/trajectory_staleness/min:np.int64(0) - training/off_policy/trajectory_staleness_worst/mean:np.float64(0.0) - training/off_policy/trajectory_staleness_worst/max:np.int64(0) - training/off_policy/trajectory_staleness_worst/min:np.int64(0)
[36m(TaskRunnerV1 pid=178100)[0m [RolloutTqSkip()] [33mNo cached data found for step 2. The trainer will generate and dump the data.[0m
[36m(TaskRunnerV1 pid=178100)[0m Training Progress:  25%|██▌       | 1/4 [03:30<10:31, 210.43s/it]
[36m(TaskRunnerV1 pid=178100)[0m INFO:2026-09-11 13:23:13,886:pending: 0, running: 4, finished: 0, failure: 0
[36m(TaskRunnerV1 pid=178100)[0m [RolloutTqSkip()] [33mDump TQ batch at step 2 (16 trajectories) to /home/p00938733/rlmh-cache/8k8k-recompute-20260911-131445/rlmh_combinations_a100_rlmh_combinations_a100/GBS4_N4_in8448_out8192/2/0[0m
[36m(vLLMHttpServer pid=183434)[0m (EngineCore pid=184048) WARNING 09-11 13:24:08 [scheduler.py:1948] reset_connector called but no KV connector is configured.
[36m(vLLMHttpServer pid=183433)[0m (EngineCore pid=184034) WARNING 09-11 13:24:08 [scheduler.py:1948] reset_connector called but no KV connector is configured.
[36m(WorkerDict pid=180050)[0m Converting to HuggingFace ━━━━━━━━━━━━━━━━━━━━━━━━━━━━━━━━━━━━━━━━ 100% 0:00:00 (291/291) Qwen3Bridge
[36m(vLLMHttpServer pid=183434)[0m (EngineCore pid=184048) WARNING 09-11 13:24:10 [scheduler.py:1948] reset_connector called but no KV connector is configured.
[36m(vLLMHttpServer pid=183433)[0m (EngineCore pid=184034) WARNING 09-11 13:24:10 [scheduler.py:1948] reset_connector called but no KV connector is configured.
[36m(vLLMHttpServer pid=183433)[0m (EngineCore pid=184034) WARNING 09-11 13:24:11 [scheduler.py:1948] reset_connector called but no KV connector is configured.
[36m(vLLMHttpServer pid=183434)[0m (EngineCore pid=184048) WARNING 09-11 13:24:11 [scheduler.py:1948] reset_connector called but no KV connector is configured.
[36m(TaskRunnerV1 pid=178100)[0m step:2 - global_seqlen/min:253200.0 - global_seqlen/max:253200.0 - global_seqlen/minmax_diff:0.0 - global_seqlen/balanced_min:253200.0 - global_seqlen/balanced_max:253200.0 - global_seqlen/mean:253200.0 - actor/entropy:0.00742935948073864 - training/rollout_probs_diff_valid:1.0 - training/rollout_probs_diff_max:0.09389263391494751 - training/rollout_probs_diff_mean:0.00031145109096542 - training/rollout_probs_diff_std:0.0028857446741312742 - training/rollout_actor_probs_pearson_corr:0.9982449412345886 - rollout_corr/training_ppl:1.0063072443008423 - rollout_corr/training_log_ppl:0.006264267489314079 - rollout_corr/kl:0.00030196222360245883 - rollout_corr/k3_kl:1.620107468625065e-05 - rollout_corr/rollout_ppl:1.0060023069381714 - rollout_corr/rollout_log_ppl:0.005962306167930365 - rollout_corr/log_ppl_diff:0.00030196140869520605 - rollout_corr/log_ppl_abs_diff:0.00030196140869520605 - rollout_corr/log_ppl_diff_max:0.0008615180850028992 - rollout_corr/log_ppl_diff_min:0.000125543971080333 - rollout_corr/ppl_ratio:1.0003019571304321 - rollout_corr/chi2_token:-0.0005400180816650391 - rollout_corr/chi2_seq:-0.9650940299034119 - actor/pg_clipfrac:0.0 - actor/ppo_kl:0.0 - actor/pg_clipfrac_lower:0.0 - actor/pg_loss:8.230563253164291e-07 - actor/entropy_loss:0.0074293597135692835 - actor/kl_loss:0.0 - actor/kl_coef:0.001 - actor/loss:-6.582587957382202e-06 - actor/grad_norm:0.11276079341769218 - actor/perf/max_memory_allocated_gb:31.43496561050415 - actor/perf/max_memory_reserved_gb:33.1328125 - actor/perf/cpu_memory_used_gb:288.3353748321533 - actor/lr:0.0 - perf/mfu/actor:0.30339024086697847 - training/global_step:2 - training/epoch:0 - critic/score/mean:0.9714645147323608 - critic/score/max:0.9939537048339844 - critic/score/min:0.9510151147842407 - critic/rewards/mean:0.9714645147323608 - critic/rewards/max:0.9939537048339844 - critic/rewards/min:0.9510151147842407 - critic/advantages/mean:-8.270144462585449e-07 - critic/advantages/max:1.3537063598632812 - critic/advantages/min:-1.4830353260040283 - critic/returns/mean:-8.270144462585449e-07 - critic/returns/max:1.3537063598632812 - critic/returns/min:-1.4830353260040283 - response_length/mean:8192.0 - response_length/max:8192.0 - response_length/min:8192.0 - response_length/clip_ratio:1.0 - response_length_non_aborted/mean:8192.0 - response_length_non_aborted/max:8192.0 - response_length_non_aborted/min:8192.0 - response_length_non_aborted/clip_ratio:1.0 - response/aborted_ratio:0.0 - prompt_length/mean:7633.0 - prompt_length/max:8068.0 - prompt_length/min:7482.0 - prompt_length/clip_ratio:0.25 - timing_s/gen:61.81872445496265 - timing_s/old_log_prob:9.739539353991859 - timing_s/ref:9.691822782042436 - timing_s/adv:0.09434098191559315 - timing_s/update_actor:32.1469735999126 - timing_s/update_weights:4.6237972270464525 - timing_s/step:118.14177097403444 - timing_per_token_ms/gen:0.47163943828554267 - timing_per_token_ms/adv:0.00037259471530645005 - timing_per_token_ms/ref:0.03827734116130504 - timing_per_token_ms/update_actor:0.1269627709317243 - perf/total_num_tokens:253200 - perf/time_per_step:118.14177097403444 - perf/throughput:267.8984726490695 - training/num_turns/mean:np.float64(2.0) - training/num_turns/max:np.int64(2) - training/num_turns/min:np.int64(2) - training/off_policy/trajectory_spans/mean:np.float64(1.0) - training/off_policy/trajectory_spans/max:np.int64(1) - training/off_policy/trajectory_spans/min:np.int64(1) - training/off_policy/trajectory_staleness/mean:np.float64(0.0) - training/off_policy/trajectory_staleness/max:np.int64(0) - training/off_policy/trajectory_staleness/min:np.int64(0) - training/off_policy/trajectory_staleness_worst/mean:np.float64(0.0) - training/off_policy/trajectory_staleness_worst/max:np.int64(0) - training/off_policy/trajectory_staleness_worst/min:np.int64(0)
[36m(TaskRunnerV1 pid=178100)[0m [RolloutTqSkip()] [33mNo cached data found for step 3. The trainer will generate and dump the data.[0m
[36m(TaskRunnerV1 pid=178100)[0m Training Progress:  50%|█████     | 2/4 [05:28<05:12, 156.19s/it]
[36m(TaskRunnerV1 pid=178100)[0m INFO:2026-09-11 13:25:12,109:pending: 0, running: 4, finished: 0, failure: 0
[36m(TaskRunnerV1 pid=178100)[0m [RolloutTqSkip()] [33mDump TQ batch at step 3 (16 trajectories) to /home/p00938733/rlmh-cache/8k8k-recompute-20260911-131445/rlmh_combinations_a100_rlmh_combinations_a100/GBS4_N4_in8448_out8192/3/0[0m
[36m(vLLMHttpServer pid=183434)[0m (EngineCore pid=184048) WARNING 09-11 13:26:06 [scheduler.py:1948] reset_connector called but no KV connector is configured.
[36m(vLLMHttpServer pid=183433)[0m (EngineCore pid=184034) WARNING 09-11 13:26:06 [scheduler.py:1948] reset_connector called but no KV connector is configured.
[36m(WorkerDict pid=180050)[0m Converting to HuggingFace ━━━━━━━━━━━━━━━━━━━━━━━━━━━━━━━━━━━━━━━━ 100% 0:00:00 (291/291) Qwen3Bridge
[36m(vLLMHttpServer pid=183433)[0m (EngineCore pid=184034) WARNING 09-11 13:26:08 [scheduler.py:1948] reset_connector called but no KV connector is configured.
[36m(vLLMHttpServer pid=183434)[0m (EngineCore pid=184048) WARNING 09-11 13:26:08 [scheduler.py:1948] reset_connector called but no KV connector is configured.
[36m(vLLMHttpServer pid=183434)[0m (EngineCore pid=184048) WARNING 09-11 13:26:10 [scheduler.py:1948] reset_connector called but no KV connector is configured.
[36m(TransferQueueController pid=179147)[0m 2026-09-11 13:26:11,285 - INFO - transfer_queue.utils.perf_utils - TQ_CONTROLLER_24f17099: [Performance] Total success requests: 268, Total req/min: 51.27, Total avg process time: 0.0004s; 
[36m(TransferQueueController pid=179147)[0m Time range: last 5.23 minutes; 
[36m(TransferQueueController pid=179147)[0m Per-operation statistics: SET_CUSTOM_META: req_count=65, req/min=12.44, avg_time=0.000029s, max_time=0.000046s, min_time=0.000016s; KV_RETRIEVE_KEYS: req_count=6, req/min=1.15, avg_time=0.000055s, max_time=0.000065s, min_time=0.000032s; KV_RETRIEVE_META: req_count=85, req/min=16.26, avg_time=0.000949s, max_time=0.002179s, min_time=0.000311s; NOTIFY_DATA_UPDATE: req_count=46, req/min=8.80, avg_time=0.000228s, max_time=0.000415s, min_time=0.000127s; CLEAR_META: req_count=4, req/min=0.77, avg_time=0.000253s, max_time=0.000334s, min_time=0.000153s; KV_LIST: req_count=62, req/min=11.86, avg_time=0.000066s, max_time=0.000091s, min_time=0.000042s
[36m(SimpleStorageUnit pid=179218)[0m 2026-09-11 13:26:11,320 - INFO - transfer_queue.utils.perf_utils - TQ_STORAGE_UNIT_435838e4: [Performance] Total success requests: 100, Total req/min: 19.13, Total avg process time: 0.0138s; 
[36m(SimpleStorageUnit pid=179218)[0m Time range: last 5.23 minutes; 
[36m(SimpleStorageUnit pid=179218)[0m Per-operation statistics: GET_DATA: req_count=78, req/min=14.92, avg_time=0.013866s, max_time=0.017308s, min_time=0.008122s; PUT_DATA: req_count=18, req/min=3.44, avg_time=0.013292s, max_time=0.016356s, min_time=0.011161s; CLEAR_DATA: req_count=4, req/min=0.77, avg_time=0.013921s, max_time=0.015150s, min_time=0.012583s
[36m(SimpleStorageUnit pid=179219)[0m 2026-09-11 13:26:11,319 - INFO - transfer_queue.utils.perf_utils - TQ_STORAGE_UNIT_9df54ff2: [Performance] Total success requests: 100, Total req/min: 19.13, Total avg process time: 0.0141s; 
[36m(SimpleStorageUnit pid=179219)[0m Time range: last 5.23 minutes; 
[36m(SimpleStorageUnit pid=179219)[0m Per-operation statistics: GET_DATA: req_count=78, req/min=14.92, avg_time=0.014267s, max_time=0.016666s, min_time=0.008396s; PUT_DATA: req_count=18, req/min=3.44, avg_time=0.013295s, max_time=0.015984s, min_time=0.010707s; CLEAR_DATA: req_count=4, req/min=0.77, avg_time=0.013390s, max_time=0.014780s, min_time=0.012041s
[36m(SimpleStorageUnit pid=179226)[0m 2026-09-11 13:26:11,314 - INFO - transfer_queue.utils.perf_utils - TQ_STORAGE_UNIT_30328933: [Performance] Total success requests: 98, Total req/min: 18.75, Total avg process time: 0.0136s; 
[36m(SimpleStorageUnit pid=179226)[0m Time range: last 5.23 minutes; 
[36m(SimpleStorageUnit pid=179226)[0m Per-operation statistics: GET_DATA: req_count=78, req/min=14.92, avg_time=0.014218s, max_time=0.016947s, min_time=0.007124s; PUT_DATA: req_count=18, req/min=3.44, avg_time=0.010896s, max_time=0.015163s, min_time=0.005683s; CLEAR_DATA: req_count=2, req/min=0.38, avg_time=0.013635s, max_time=0.013922s, min_time=0.013347s
[36m(SimpleStorageUnit pid=179230)[0m 2026-09-11 13:26:11,320 - INFO - transfer_queue.utils.perf_utils - TQ_STORAGE_UNIT_55d43c91: [Performance] Total success requests: 100, Total req/min: 19.13, Total avg process time: 0.0138s; 
[36m(SimpleStorageUnit pid=179230)[0m Time range: last 5.23 minutes; 
[36m(SimpleStorageUnit pid=179230)[0m Per-operation statistics: GET_DATA: req_count=78, req/min=14.92, avg_time=0.014062s, max_time=0.016712s, min_time=0.008790s; PUT_DATA: req_count=18, req/min=3.44, avg_time=0.012664s, max_time=0.015809s, min_time=0.010440s; CLEAR_DATA: req_count=4, req/min=0.77, avg_time=0.012839s, max_time=0.014682s, min_time=0.012130s
[36m(SimpleStorageUnit pid=179229)[0m 2026-09-11 13:26:11,321 - INFO - transfer_queue.utils.perf_utils - TQ_STORAGE_UNIT_b8795049: [Performance] Total success requests: 100, Total req/min: 19.13, Total avg process time: 0.0126s; 
[36m(SimpleStorageUnit pid=179229)[0m Time range: last 5.23 minutes; 
[36m(SimpleStorageUnit pid=179229)[0m Per-operation statistics: GET_DATA: req_count=78, req/min=14.92, avg_time=0.013094s, max_time=0.015891s, min_time=0.008561s; PUT_DATA: req_count=18, req/min=3.44, avg_time=0.010955s, max_time=0.015801s, min_time=0.004819s; CLEAR_DATA: req_count=4, req/min=0.77, avg_time=0.009925s, max_time=0.014565s, min_time=0.006114s
[36m(SimpleStorageUnit pid=179233)[0m 2026-09-11 13:26:11,316 - INFO - transfer_queue.utils.perf_utils - TQ_STORAGE_UNIT_d44741cc: [Performance] Total success requests: 98, Total req/min: 18.75, Total avg process time: 0.0139s; 
[36m(SimpleStorageUnit pid=179233)[0m Time range: last 5.23 minutes; 
[36m(SimpleStorageUnit pid=179233)[0m Per-operation statistics: GET_DATA: req_count=78, req/min=14.92, avg_time=0.014138s, max_time=0.016880s, min_time=0.007855s; PUT_DATA: req_count=18, req/min=3.44, avg_time=0.012681s, max_time=0.015978s, min_time=0.009519s; CLEAR_DATA: req_count=2, req/min=0.38, avg_time=0.014872s, max_time=0.014925s, min_time=0.014818s
[36m(SimpleStorageUnit pid=179231)[0m 2026-09-11 13:26:11,318 - INFO - transfer_queue.utils.perf_utils - TQ_STORAGE_UNIT_0e84e3fd: [Performance] Total success requests: 98, Total req/min: 18.75, Total avg process time: 0.0139s; 
[36m(SimpleStorageUnit pid=179231)[0m Time range: last 5.23 minutes; 
[36m(SimpleStorageUnit pid=179231)[0m Per-operation statistics: GET_DATA: req_count=78, req/min=14.92, avg_time=0.014307s, max_time=0.017210s, min_time=0.008616s; PUT_DATA: req_count=18, req/min=3.44, avg_time=0.012160s, max_time=0.016173s, min_time=0.010619s; CLEAR_DATA: req_count=2, req/min=0.38, avg_time=0.015043s, max_time=0.015135s, min_time=0.014952s
[36m(SimpleStorageUnit pid=179232)[0m 2026-09-11 13:26:11,316 - INFO - transfer_queue.utils.perf_utils - TQ_STORAGE_UNIT_e8e335de: [Performance] Total success requests: 98, Total req/min: 18.75, Total avg process time: 0.0142s; 
[36m(SimpleStorageUnit pid=179232)[0m Time range: last 5.23 minutes; 
[36m(SimpleStorageUnit pid=179232)[0m Per-operation statistics: GET_DATA: req_count=78, req/min=14.92, avg_time=0.014532s, max_time=0.017698s, min_time=0.008626s; PUT_DATA: req_count=18, req/min=3.44, avg_time=0.012881s, max_time=0.015884s, min_time=0.009482s; CLEAR_DATA: req_count=2, req/min=0.38, avg_time=0.014711s, max_time=0.014929s, min_time=0.014492s
[36m(vLLMHttpServer pid=183433)[0m (EngineCore pid=184034) WARNING 09-11 13:26:11 [scheduler.py:1948] reset_connector called but no KV connector is configured.
[36m(TaskRunnerV1 pid=178100)[0m step:3 - global_seqlen/min:255568.0 - global_seqlen/max:255568.0 - global_seqlen/minmax_diff:0.0 - global_seqlen/balanced_min:255568.0 - global_seqlen/balanced_max:255568.0 - global_seqlen/mean:255568.0 - actor/entropy:0.005407924298197031 - training/rollout_probs_diff_valid:1.0 - training/rollout_probs_diff_max:0.117002934217453 - training/rollout_probs_diff_mean:0.00031775704701431096 - training/rollout_probs_diff_std:0.0029153639916330576 - training/rollout_actor_probs_pearson_corr:0.9969199895858765 - rollout_corr/training_ppl:1.0041884183883667 - rollout_corr/training_log_ppl:0.004177316091954708 - rollout_corr/kl:0.0003110570542048663 - rollout_corr/k3_kl:1.4913344784872606e-05 - rollout_corr/rollout_ppl:1.0038760900497437 - rollout_corr/rollout_log_ppl:0.0038662594743072987 - rollout_corr/log_ppl_diff:0.0003110565594397485 - rollout_corr/log_ppl_abs_diff:0.0003110565594397485 - rollout_corr/log_ppl_diff_max:0.00048351753503084183 - rollout_corr/log_ppl_diff_min:0.00018824683502316475 - rollout_corr/ppl_ratio:1.0003111362457275 - rollout_corr/chi2_token:-0.0005634427070617676 - rollout_corr/chi2_seq:-0.9858414530754089 - actor/pg_clipfrac:0.0 - actor/ppo_kl:0.0 - actor/pg_clipfrac_lower:0.0 - actor/pg_loss:2.537854015827179e-06 - actor/entropy_loss:0.005407924385508522 - actor/kl_loss:0.0 - actor/kl_coef:0.001 - actor/loss:-2.86102294921875e-06 - actor/grad_norm:0.10552488639950752 - actor/perf/max_memory_allocated_gb:31.442079067230225 - actor/perf/max_memory_reserved_gb:33.19140625 - actor/perf/cpu_memory_used_gb:289.1169147491455 - actor/lr:0.0 - perf/mfu/actor:0.3076695421924508 - training/global_step:3 - training/epoch:1 - critic/score/mean:0.9716493487358093 - critic/score/max:0.9928258657455444 - critic/score/min:0.9535560011863708 - critic/rewards/mean:0.9716493487358093 - critic/rewards/max:0.9928258657455444 - critic/rewards/min:0.9535560011863708 - critic/advantages/mean:-2.528540790081024e-06 - critic/advantages/max:1.4533283710479736 - critic/advantages/min:-1.337865948677063 - critic/returns/mean:-2.528540790081024e-06 - critic/returns/max:1.4533283710479736 - critic/returns/min:-1.337865948677063 - response_length/mean:8192.0 - response_length/max:8192.0 - response_length/min:8192.0 - response_length/clip_ratio:1.0 - response_length_non_aborted/mean:8192.0 - response_length_non_aborted/max:8192.0 - response_length_non_aborted/min:8192.0 - response_length_non_aborted/clip_ratio:1.0 - response/aborted_ratio:0.0 - prompt_length/mean:7781.0 - prompt_length/max:8074.0 - prompt_length/min:7488.0 - prompt_length/clip_ratio:0.5 - timing_s/gen:62.01264870201703 - timing_s/old_log_prob:9.643700501066633 - timing_s/ref:9.794865319039673 - timing_s/adv:0.10438426700420678 - timing_s/update_actor:32.011003119987436 - timing_s/update_weights:5.693948596017435 - timing_s/step:119.28460497502238 - timing_per_token_ms/gen:0.47311896287549615 - timing_per_token_ms/adv:0.0004084402859677533 - timing_per_token_ms/ref:0.03832586755399609 - timing_per_token_ms/update_actor:0.12525434764910878 - perf/total_num_tokens:255568 - perf/time_per_step:119.28460497502238 - perf/throughput:267.81326900222655 - training/num_turns/mean:np.float64(2.0) - training/num_turns/max:np.int64(2) - training/num_turns/min:np.int64(2) - training/off_policy/trajectory_spans/mean:np.float64(1.0) - training/off_policy/trajectory_spans/max:np.int64(1) - training/off_policy/trajectory_spans/min:np.int64(1) - training/off_policy/trajectory_staleness/mean:np.float64(0.0) - training/off_policy/trajectory_staleness/max:np.int64(0) - training/off_policy/trajectory_staleness/min:np.int64(0) - training/off_policy/trajectory_staleness_worst/mean:np.float64(0.0) - training/off_policy/trajectory_staleness_worst/max:np.int64(0) - training/off_policy/trajectory_staleness_worst/min:np.int64(0)
[36m(TaskRunnerV1 pid=178100)[0m [RolloutTqSkip()] [33mNo cached data found for step 4. The trainer will generate and dump the data.[0m
[36m(TaskRunnerV1 pid=178100)[0m Training Progress:  75%|███████▌  | 3/4 [07:28<02:19, 139.38s/it]
[36m(TaskRunnerV1 pid=178100)[0m INFO:2026-09-11 13:27:11,498:pending: 0, running: 4, finished: 0, failure: 0
[36m(RewardLoopWorker pid=182950)[0m WARNING:2026-09-11 13:27:13,231:Platform 'nvidia' (PlatformCUDA) is registered but not available. This may be due to this ray actor being a CPU-only actor.
[36m(TaskRunnerV1 pid=178100)[0m [RolloutTqSkip()] [33mDump TQ batch at step 4 (16 trajectories) to /home/p00938733/rlmh-cache/8k8k-recompute-20260911-131445/rlmh_combinations_a100_rlmh_combinations_a100/GBS4_N4_in8448_out8192/4/0[0m
[36m(vLLMHttpServer pid=183433)[0m (EngineCore pid=184034) WARNING 09-11 13:28:08 [scheduler.py:1948] reset_connector called but no KV connector is configured.
[36m(vLLMHttpServer pid=183434)[0m (EngineCore pid=184048) WARNING 09-11 13:28:08 [scheduler.py:1948] reset_connector called but no KV connector is configured.
[36m(WorkerDict pid=180050)[0m Converting to HuggingFace ━━━━━━━━━━━━━━━━━━━━━━━━━━━━━━━━━━━━━━━━ 100% 0:00:00 (291/291) Qwen3Bridge
[36m(vLLMHttpServer pid=183433)[0m (EngineCore pid=184034) WARNING 09-11 13:28:10 [scheduler.py:1948] reset_connector called but no KV connector is configured.
[36m(vLLMHttpServer pid=183434)[0m (EngineCore pid=184048) WARNING 09-11 13:28:10 [scheduler.py:1948] reset_connector called but no KV connector is configured.
[36m(vLLMHttpServer pid=183433)[0m (EngineCore pid=184034) WARNING 09-11 13:28:13 [scheduler.py:1948] reset_connector called but no KV connector is configured.
[36m(vLLMHttpServer pid=183434)[0m (EngineCore pid=184048) WARNING 09-11 13:28:13 [scheduler.py:1948] reset_connector called but no KV connector is configured.
[36m(TaskRunnerV1 pid=178100)[0m step:4 - global_seqlen/min:253200.0 - global_seqlen/max:253200.0 - global_seqlen/minmax_diff:0.0 - global_seqlen/balanced_min:253200.0 - global_seqlen/balanced_max:253200.0 - global_seqlen/mean:253200.0 - actor/entropy:0.0050626820884644985 - training/rollout_probs_diff_valid:1.0 - training/rollout_probs_diff_max:0.12435322999954224 - training/rollout_probs_diff_mean:0.00028406083583831787 - training/rollout_probs_diff_std:0.002823538612574339 - training/rollout_actor_probs_pearson_corr:0.9965894818305969 - rollout_corr/training_ppl:1.003782033920288 - rollout_corr/training_log_ppl:0.0037729835603386164 - rollout_corr/kl:0.00026331134722568095 - rollout_corr/k3_kl:1.2994560165680014e-05 - rollout_corr/rollout_ppl:1.0035176277160645 - rollout_corr/rollout_log_ppl:0.0035096725914627314 - rollout_corr/log_ppl_diff:0.00026331108529120684 - rollout_corr/log_ppl_abs_diff:0.00026331108529120684 - rollout_corr/log_ppl_diff_max:0.0004999213851988316 - rollout_corr/log_ppl_diff_min:0.00012037099804729223 - rollout_corr/ppl_ratio:1.0002633333206177 - rollout_corr/chi2_token:-0.00047522783279418945 - rollout_corr/chi2_seq:-0.9691570997238159 - actor/pg_clipfrac:0.0 - actor/ppo_kl:0.0 - actor/pg_clipfrac_lower:0.0 - actor/pg_loss:5.724141374230385e-07 - actor/entropy_loss:0.005062682583229616 - actor/kl_loss:0.0 - actor/kl_coef:0.001 - actor/loss:-4.4889748096466064e-06 - actor/grad_norm:0.10001187399029732 - actor/perf/max_memory_allocated_gb:31.442079067230225 - actor/perf/max_memory_reserved_gb:33.19140625 - actor/perf/cpu_memory_used_gb:289.1027641296387 - actor/lr:0.0 - perf/mfu/actor:0.29427869804485635 - training/global_step:4 - training/epoch:1 - critic/score/mean:0.9782750010490417 - critic/score/max:0.9968963861465454 - critic/score/min:0.9508408308029175 - critic/rewards/mean:0.9782750010490417 - critic/rewards/max:0.9968963861465454 - critic/rewards/min:0.9508408308029175 - critic/advantages/mean:-6.183981895446777e-07 - critic/advantages/max:1.3366742134094238 - critic/advantages/min:-1.3960033655166626 - critic/returns/mean:-6.183981895446777e-07 - critic/returns/max:1.3366742134094238 - critic/returns/min:-1.3960033655166626 - response_length/mean:8192.0 - response_length/max:8192.0 - response_length/min:8192.0 - response_length/clip_ratio:1.0 - response_length_non_aborted/mean:8192.0 - response_length_non_aborted/max:8192.0 - response_length_non_aborted/min:8192.0 - response_length_non_aborted/clip_ratio:1.0 - response/aborted_ratio:0.0 - prompt_length/mean:7633.0 - prompt_length/max:8068.0 - prompt_length/min:7482.0 - prompt_length/clip_ratio:0.25 - timing_s/gen:64.61232336401008 - timing_s/old_log_prob:7.726182293961756 - timing_s/ref:10.663088197004981 - timing_s/adv:0.12312120501883328 - timing_s/update_actor:32.891201473074034 - timing_s/update_weights:5.839464199962094 - timing_s/step:121.8801206840435 - timing_per_token_ms/gen:0.4929529065247351 - timing_per_token_ms/adv:0.00048626068332872544 - timing_per_token_ms/ref:0.04211330251581746 - timing_per_token_ms/update_actor:0.1299020595303082 - perf/total_num_tokens:253200 - perf/time_per_step:121.8801206840435 - perf/throughput:259.68139695273214 - training/num_turns/mean:np.float64(2.0) - training/num_turns/max:np.int64(2) - training/num_turns/min:np.int64(2) - training/off_policy/trajectory_spans/mean:np.float64(1.0) - training/off_policy/trajectory_spans/max:np.int64(1) - training/off_policy/trajectory_spans/min:np.int64(1) - training/off_policy/trajectory_staleness/mean:np.float64(0.0) - training/off_policy/trajectory_staleness/max:np.int64(0) - training/off_policy/trajectory_staleness/min:np.int64(0) - training/off_policy/trajectory_staleness_worst/mean:np.float64(0.0) - training/off_policy/trajectory_staleness_worst/max:np.int64(0) - training/off_policy/trajectory_staleness_worst/min:np.int64(0)
[36m(TaskRunnerV1 pid=178100)[0m 'Final validation metrics: None'
[36m(TaskRunnerV1 pid=178100)[0m Training Progress: 100%|██████████| 4/4 [09:30<00:00, 132.51s/it]Training Progress: 100%|██████████| 4/4 [09:30<00:00, 142.50s/it]
