+ export CUDA_DEVICE_MAX_CONNECTIONS=1
+ CUDA_DEVICE_MAX_CONNECTIONS=1
+ INFER_BACKEND=vllm
+ MODEL_PATH=/home/p00938733/Qwen3-8B
+ NNODES=1
+ NGPUS_PER_NODE=8
+ train_batch_size=1024
+ ppo_mini_batch_size=256
+ max_prompt_length=8448
+ max_response_length=8192
+ ppo_max_token_len_per_gpu=49152
+ actor_lr=1e-6
+ kl_loss_coef=0.001
+ entropy_coeff=0
+ actor_tp=2
+ actor_pp=2
+ rollout_tp=2
+ rollout_gpu_mem_util=0.6
+ rollout_n=5
+ total_epochs=15
+ save_freq=20
+ test_freq=5
+ project_name=verl_grpo_gsm8k_math
+ experiment_name=qwen3_8b_vllm_megatron
+ DATA=(algorithm.adv_estimator=grpo algorithm.use_kl_in_reward=False data.train_files="['$HOME/data/gsm8k/train.parquet', '$HOME/data/math/train.parquet']" data.val_files="['$HOME/data/gsm8k/test.parquet', '$HOME/data/math/test.parquet']" data.train_batch_size=${train_batch_size} data.max_prompt_length=${max_prompt_length} data.max_response_length=${max_response_length} data.filter_overlong_prompts=True data.truncation='error')
+ MODEL=(actor_rollout_ref.model.path="$MODEL_PATH" actor_rollout_ref.model.use_remove_padding=True)
+ ACTOR=(actor_rollout_ref.actor.optim.lr=${actor_lr} actor_rollout_ref.actor.ppo_mini_batch_size=${ppo_mini_batch_size} actor_rollout_ref.actor.use_dynamic_bsz=True actor_rollout_ref.actor.ppo_max_token_len_per_gpu=${ppo_max_token_len_per_gpu} actor_rollout_ref.actor.use_kl_loss=True actor_rollout_ref.actor.kl_loss_coef=${kl_loss_coef} actor_rollout_ref.actor.kl_loss_type=low_var_kl actor_rollout_ref.actor.entropy_coeff=${entropy_coeff} actor_rollout_ref.actor.megatron.tensor_model_parallel_size=${actor_tp} actor_rollout_ref.actor.megatron.pipeline_model_parallel_size=${actor_pp})
+ ROLLOUT=(actor_rollout_ref.rollout.name=${INFER_BACKEND} actor_rollout_ref.rollout.tensor_model_parallel_size=${rollout_tp} actor_rollout_ref.rollout.gpu_memory_utilization=${rollout_gpu_mem_util} actor_rollout_ref.rollout.n=${rollout_n} actor_rollout_ref.rollout.log_prob_use_dynamic_bsz=True actor_rollout_ref.rollout.log_prob_max_token_len_per_gpu=${ppo_max_token_len_per_gpu})
+ REF=(actor_rollout_ref.ref.log_prob_use_dynamic_bsz=True actor_rollout_ref.ref.log_prob_max_token_len_per_gpu=${ppo_max_token_len_per_gpu} actor_rollout_ref.ref.megatron.tensor_model_parallel_size=${actor_tp} actor_rollout_ref.ref.megatron.pipeline_model_parallel_size=${actor_pp})
+ TRAINER=(trainer.balance_batch=True trainer.logger='["console","wandb"]' trainer.project_name=${project_name} trainer.experiment_name=${experiment_name} trainer.n_gpus_per_node=${NGPUS_PER_NODE} trainer.nnodes=${NNODES} trainer.save_freq=${save_freq} trainer.test_freq=${test_freq} trainer.total_epochs=${total_epochs})
+ EXTRA=(model_engine=megatron)
+ LAUNCH=(python3)
+ RAY=(ray_kwargs.ray_init.runtime_env.py_executable=null)
+ '[' 0 '!=' 0 ']'
+ python3 -m verl.trainer.main_ppo algorithm.adv_estimator=grpo algorithm.use_kl_in_reward=False 'data.train_files=['\''/root/data/gsm8k/train.parquet'\'', '\''/root/data/math/train.parquet'\'']' 'data.val_files=['\''/root/data/gsm8k/test.parquet'\'', '\''/root/data/math/test.parquet'\'']' data.train_batch_size=1024 data.max_prompt_length=8448 data.max_response_length=8192 data.filter_overlong_prompts=True data.truncation=error actor_rollout_ref.model.path=/home/p00938733/Qwen3-8B actor_rollout_ref.model.use_remove_padding=True actor_rollout_ref.actor.optim.lr=1e-6 actor_rollout_ref.actor.ppo_mini_batch_size=256 actor_rollout_ref.actor.use_dynamic_bsz=True actor_rollout_ref.actor.ppo_max_token_len_per_gpu=49152 actor_rollout_ref.actor.use_kl_loss=True actor_rollout_ref.actor.kl_loss_coef=0.001 actor_rollout_ref.actor.kl_loss_type=low_var_kl actor_rollout_ref.actor.entropy_coeff=0 actor_rollout_ref.actor.megatron.tensor_model_parallel_size=2 actor_rollout_ref.actor.megatron.pipeline_model_parallel_size=2 actor_rollout_ref.rollout.name=vllm actor_rollout_ref.rollout.tensor_model_parallel_size=2 actor_rollout_ref.rollout.gpu_memory_utilization=0.6 actor_rollout_ref.rollout.n=5 actor_rollout_ref.rollout.log_prob_use_dynamic_bsz=True actor_rollout_ref.rollout.log_prob_max_token_len_per_gpu=49152 actor_rollout_ref.ref.log_prob_use_dynamic_bsz=True actor_rollout_ref.ref.log_prob_max_token_len_per_gpu=49152 actor_rollout_ref.ref.megatron.tensor_model_parallel_size=2 actor_rollout_ref.ref.megatron.pipeline_model_parallel_size=2 trainer.balance_batch=True 'trainer.logger=["console","wandb"]' trainer.project_name=verl_grpo_gsm8k_math trainer.experiment_name=qwen3_8b_vllm_megatron trainer.n_gpus_per_node=8 trainer.nnodes=1 trainer.save_freq=20 trainer.test_freq=5 trainer.total_epochs=15 model_engine=megatron ray_kwargs.ray_init.runtime_env.py_executable=null actor_rollout_ref.model.path=/home/p00938733/Qwen3-8B data.train_files=/home/p00938733/ruler-verl/8k8k/train.parquet data.val_files=/home/p00938733/ruler-verl/8k8k/test.parquet data.max_prompt_length=8448 data.max_response_length=8192 data.train_batch_size=4 data.gen_batch_size=4 data.shuffle=false data.seed=42 actor_rollout_ref.model.use_remove_padding=true actor_rollout_ref.actor.megatron.vanilla_mbridge=false actor_rollout_ref.actor.megatron.use_remove_padding=true actor_rollout_ref.actor.megatron.sequence_parallel=true actor_rollout_ref.actor.megatron.tensor_model_parallel_size=2 actor_rollout_ref.actor.megatron.pipeline_model_parallel_size=2 actor_rollout_ref.actor.megatron.context_parallel_size=2 actor_rollout_ref.ref.megatron.sequence_parallel=true actor_rollout_ref.ref.megatron.tensor_model_parallel_size=2 actor_rollout_ref.ref.megatron.pipeline_model_parallel_size=2 actor_rollout_ref.ref.megatron.context_parallel_size=2 actor_rollout_ref.actor.megatron.param_offload=true actor_rollout_ref.actor.megatron.optimizer_offload=true actor_rollout_ref.ref.megatron.param_offload=true actor_rollout_ref.actor.ppo_mini_batch_size=1 actor_rollout_ref.actor.data_loader_seed=42 actor_rollout_ref.actor.optim.lr=0.0 actor_rollout_ref.actor.calculate_entropy=true actor_rollout_ref.actor.entropy_coeff=0.001 actor_rollout_ref.rollout.n=4 actor_rollout_ref.rollout.seed=42 actor_rollout_ref.rollout.tensor_model_parallel_size=4 actor_rollout_ref.rollout.gpu_memory_utilization=0.5 actor_rollout_ref.rollout.ignore_eos=true actor_rollout_ref.rollout.max_model_len=16640 trainer.use_v1=true trainer.v1.trainer_mode=sync trainer.total_training_steps=4 trainer.resume_mode=disable trainer.val_before_train=false trainer.n_gpus_per_node=8 trainer.nnodes=1 'trainer.logger=["console"]' trainer.project_name=rlmh_combinations_a100 trainer.experiment_name=rlmh_combinations_a100 trainer.save_freq=-1 trainer.test_freq=-1 skip.rollout.enable=false skip.rollout_tq.enable=true skip.rollout_tq.dump_dir=/home/p00938733/rlmh-cache/8k8k-recompute-20260911-131445 'skip.rollout_tq.steps=[1,2,3,4]' skip.rollout_tq.action=cache data.filter_overlong_prompts=false data.truncation=error data.dataloader_num_workers=0 +data.apply_chat_template_kwargs.enable_thinking=false reward.custom_reward_function.path=/home/p00938733/ruler-verl/ruler_niah_reward.py reward.custom_reward_function.name=compute_score actor_rollout_ref.rollout.temperature=1.0 actor_rollout_ref.rollout.top_p=0.95 actor_rollout_ref.rollout.max_num_batched_tokens=65536 actor_rollout_ref.rollout.max_model_len=16640 actor_rollout_ref.rollout.ignore_eos=true actor_rollout_ref.actor.megatron.override_transformer_config.recompute_granularity=full actor_rollout_ref.actor.megatron.override_transformer_config.recompute_method=uniform actor_rollout_ref.actor.megatron.override_transformer_config.recompute_num_layers=1 actor_rollout_ref.actor.use_dynamic_bsz=false actor_rollout_ref.actor.ppo_micro_batch_size_per_gpu=1 actor_rollout_ref.rollout.log_prob_use_dynamic_bsz=false actor_rollout_ref.rollout.log_prob_micro_batch_size_per_gpu=1 actor_rollout_ref.ref.log_prob_use_dynamic_bsz=false actor_rollout_ref.ref.log_prob_micro_batch_size_per_gpu=1 '+ray_kwargs.ray_init.runtime_env.env_vars.VERL_RESPONSE_ONLY_LM_HEAD_PROFILE="1"' actor_rollout_ref.model.use_fused_kernels=false actor_rollout_ref.actor.megatron.response_only_lm_head=true actor_rollout_ref.ref.megatron.response_only_lm_head=true
/home/p00938733/verl-090/verl/trainer/main_ppo.py:180: UserWarning: Disabled critic as algorithm.adv_estimator != gae. If it is not intended, please set critic.enable=True
  use_critic=need_critic(config),
[validate_config] All configuration checks passed successfully!
ray init kwargs: {'num_cpus': None, 'runtime_env': {'env_vars': {'NCCL_DEBUG': 'WARN', 'VLLM_LOGGING_LEVEL': 'WARN', 'VLLM_ALLOW_RUNTIME_LORA_UPDATING': 'true', 'VLLM_DISABLE_COMPILE_CACHE': '1', 'HCCL_HOST_SOCKET_PORT_RANGE': 'auto', 'HCCL_NPU_SOCKET_PORT_RANGE': 'auto', 'HSA_NO_SCRATCH_RECLAIM': '1', 'VERL_FULL_DETERMINISM': '0', 'VLLM_BATCH_INVARIANT': '0', 'VERL_RL_INSIGHT_ENABLE': '0', 'VERL_RESPONSE_ONLY_LM_HEAD_PROFILE': '1'}, 'working_dir': None, 'py_executable': None}}
2026-09-11 13:37:53,059	INFO worker.py:1814 -- Connecting to existing Ray cluster at address: 10.90.67.85:6389...
2026-09-11 13:37:53,083	INFO worker.py:2003 -- Connected to Ray cluster. View the dashboard at [1m[32mhttp://10.90.67.85:8265 [39m[22m
/opt/dev/lib/python3.12/site-packages/ray/_private/worker.py:2051: FutureWarning: Tip: In future versions of Ray, Ray will no longer override accelerator visible devices env var if num_gpus=0 or num_gpus=None (default). To enable this behavior and turn off this error message, set RAY_ACCEL_ENV_VAR_OVERRIDE_ON_ZERO=0
  warnings.warn(
[36m(TaskRunnerV1 pid=223685)[0m WARNING:2026-09-11 13:38:04,821:Platform 'nvidia' (PlatformCUDA) is registered but not available. This may be due to this ray actor being a CPU-only actor.
[36m(TaskRunnerV1 pid=223685)[0m /home/p00938733/verl-090/verl/workers/engine/__init__.py:32: UserWarning: torchtitan engine is not available: ModuleNotFoundError("No module named 'torchtitan'")
[36m(TaskRunnerV1 pid=223685)[0m   warnings.warn(f"torchtitan engine is not available: {e!r}", stacklevel=1)
[36m(TaskRunnerV1 pid=223685)[0m /home/p00938733/verl-090/verl/workers/engine/__init__.py:41: UserWarning: veomni engine is not available: ModuleNotFoundError("No module named 'veomni'")
[36m(TaskRunnerV1 pid=223685)[0m   warnings.warn(f"veomni engine is not available: {e!r}", stacklevel=1)
[36m(TaskRunnerV1 pid=223685)[0m /home/p00938733/verl-090/verl/workers/engine/__init__.py:50: UserWarning: automodel engine is not available: ModuleNotFoundError("No module named 'nemo_automodel'")
[36m(TaskRunnerV1 pid=223685)[0m   warnings.warn(f"automodel engine is not available: {e!r}", stacklevel=1)
[36m(TaskRunnerV1 pid=223685)[0m W0911 13:38:09.098000 223685 torch/utils/cpp_extension.py:140] No CUDA runtime is found, using CUDA_HOME='/usr/local/cuda'
[36m(TaskRunnerV1 pid=223685)[0m {'actor_rollout_ref': {'actor': {'_target_': 'verl.workers.config.McoreActorConfig',
[36m(TaskRunnerV1 pid=223685)[0m                                  'calculate_entropy': True,
[36m(TaskRunnerV1 pid=223685)[0m                                  'calculate_sum_pi_squared': False,
[36m(TaskRunnerV1 pid=223685)[0m                                  'checkpoint': {'_target_': 'verl.workers.config.McoreCheckpointConfig',
[36m(TaskRunnerV1 pid=223685)[0m                                                 'async_save': False,
[36m(TaskRunnerV1 pid=223685)[0m                                                 'load_contents': ['model',
[36m(TaskRunnerV1 pid=223685)[0m                                                                   'optimizer',
[36m(TaskRunnerV1 pid=223685)[0m                                                                   'extra'],
[36m(TaskRunnerV1 pid=223685)[0m                                                 'mbridge_config': {},
[36m(TaskRunnerV1 pid=223685)[0m                                                 'save_contents': ['model',
[36m(TaskRunnerV1 pid=223685)[0m                                                                   'optimizer',
[36m(TaskRunnerV1 pid=223685)[0m                                                                   'extra'],
[36m(TaskRunnerV1 pid=223685)[0m                                                 'strict': True},
[36m(TaskRunnerV1 pid=223685)[0m                                  'clip_ratio': 0.2,
[36m(TaskRunnerV1 pid=223685)[0m                                  'clip_ratio_c': 3.0,
[36m(TaskRunnerV1 pid=223685)[0m                                  'clip_ratio_high': 0.2,
[36m(TaskRunnerV1 pid=223685)[0m                                  'clip_ratio_low': 0.2,
[36m(TaskRunnerV1 pid=223685)[0m                                  'data_loader_seed': 42,
[36m(TaskRunnerV1 pid=223685)[0m                                  'entropy_coeff': 0.001,
[36m(TaskRunnerV1 pid=223685)[0m                                  'entropy_from_logits_chunk_size': 2048,
[36m(TaskRunnerV1 pid=223685)[0m                                  'entropy_from_logits_with_chunking': False,
[36m(TaskRunnerV1 pid=223685)[0m                                  'freeze_vision_tower': False,
[36m(TaskRunnerV1 pid=223685)[0m                                  'kl_loss_coef': 0.001,
[36m(TaskRunnerV1 pid=223685)[0m                                  'kl_loss_type': 'low_var_kl',
[36m(TaskRunnerV1 pid=223685)[0m                                  'loss_agg_mode': 'token-mean',
[36m(TaskRunnerV1 pid=223685)[0m                                  'loss_scale_factor': None,
[36m(TaskRunnerV1 pid=223685)[0m                                  'megatron': {'_target_': 'verl.workers.config.McoreEngineConfig',
[36m(TaskRunnerV1 pid=223685)[0m                                               'context_parallel_size': 2,
[36m(TaskRunnerV1 pid=223685)[0m                                               'dist_checkpointing_path': None,
[36m(TaskRunnerV1 pid=223685)[0m                                               'dist_checkpointing_prefix': '',
[36m(TaskRunnerV1 pid=223685)[0m                                               'dist_ckpt_optim_fully_reshardable': False,
[36m(TaskRunnerV1 pid=223685)[0m                                               'distrib_optim_fully_reshardable_mem_efficient': False,
[36m(TaskRunnerV1 pid=223685)[0m                                               'dtype': 'bfloat16',
[36m(TaskRunnerV1 pid=223685)[0m                                               'dynamic_context_parallel': False,
[36m(TaskRunnerV1 pid=223685)[0m                                               'entropy_from_logits_chunk_size': 2048,
[36m(TaskRunnerV1 pid=223685)[0m                                               'entropy_from_logits_with_chunking': False,
[36m(TaskRunnerV1 pid=223685)[0m                                               'expert_model_parallel_size': 1,
[36m(TaskRunnerV1 pid=223685)[0m                                               'expert_tensor_parallel_size': None,
[36m(TaskRunnerV1 pid=223685)[0m                                               'forward_only': False,
[36m(TaskRunnerV1 pid=223685)[0m                                               'max_seqlen_per_dp_cp_rank': None,
[36m(TaskRunnerV1 pid=223685)[0m                                               'optimizer_offload': True,
[36m(TaskRunnerV1 pid=223685)[0m                                               'override_ddp_config': {},
[36m(TaskRunnerV1 pid=223685)[0m                                               'override_mcore_model_config': {},
[36m(TaskRunnerV1 pid=223685)[0m                                               'override_transformer_config': {'attention_backend': 'flash',
[36m(TaskRunnerV1 pid=223685)[0m                                                                               'recompute_granularity': 'full',
[36m(TaskRunnerV1 pid=223685)[0m                                                                               'recompute_method': 'uniform',
[36m(TaskRunnerV1 pid=223685)[0m                                                                               'recompute_modules': ['core_attn'],
[36m(TaskRunnerV1 pid=223685)[0m                                                                               'recompute_num_layers': 1},
[36m(TaskRunnerV1 pid=223685)[0m                                               'pad_bshd_to_minibatch_max': True,
[36m(TaskRunnerV1 pid=223685)[0m                                               'pad_to_length': False,
[36m(TaskRunnerV1 pid=223685)[0m                                               'pad_to_length_bucket': 512,
[36m(TaskRunnerV1 pid=223685)[0m                                               'param_offload': True,
[36m(TaskRunnerV1 pid=223685)[0m                                               'pipeline_model_parallel_size': 2,
[36m(TaskRunnerV1 pid=223685)[0m                                               'qat': {'_target_': 'verl.workers.config.QATEngineConfig',
[36m(TaskRunnerV1 pid=223685)[0m                                                       'activation_observer': None,
[36m(TaskRunnerV1 pid=223685)[0m                                                       'enable': False,
[36m(TaskRunnerV1 pid=223685)[0m                                                       'group_size': 16,
[36m(TaskRunnerV1 pid=223685)[0m                                                       'ignore_patterns': ['lm_head',
[36m(TaskRunnerV1 pid=223685)[0m                                                                           '*mlp.gate'],
[36m(TaskRunnerV1 pid=223685)[0m                                                       'mode': 'w4a16',
[36m(TaskRunnerV1 pid=223685)[0m                                                       'quantization_config_path': None},
[36m(TaskRunnerV1 pid=223685)[0m                                               'response_only_lm_head': True,
[36m(TaskRunnerV1 pid=223685)[0m                                               'router_replay': {'_target_': 'verl.workers.config.EngineRouterReplayConfig',
[36m(TaskRunnerV1 pid=223685)[0m                                                                 'mode': 'disabled',
[36m(TaskRunnerV1 pid=223685)[0m                                                                 'record_file': None,
[36m(TaskRunnerV1 pid=223685)[0m                                                                 'replay_file': None},
[36m(TaskRunnerV1 pid=223685)[0m                                               'seed': 42,
[36m(TaskRunnerV1 pid=223685)[0m                                               'sequence_parallel': True,
[36m(TaskRunnerV1 pid=223685)[0m                                               'tensor_model_parallel_size': 2,
[36m(TaskRunnerV1 pid=223685)[0m                                               'use_dist_checkpointing': False,
[36m(TaskRunnerV1 pid=223685)[0m                                               'use_distributed_optimizer': True,
[36m(TaskRunnerV1 pid=223685)[0m                                               'use_mbridge': True,
[36m(TaskRunnerV1 pid=223685)[0m                                               'use_megatron_fsdp': False,
[36m(TaskRunnerV1 pid=223685)[0m                                               'use_remove_padding': True,
[36m(TaskRunnerV1 pid=223685)[0m                                               'vanilla_mbridge': False,
[36m(TaskRunnerV1 pid=223685)[0m                                               'virtual_pipeline_model_parallel_size': None},
[36m(TaskRunnerV1 pid=223685)[0m                                  'optim': {'_target_': 'verl.workers.config.McoreOptimizerConfig',
[36m(TaskRunnerV1 pid=223685)[0m                                            'betas': [0.9, 0.999],
[36m(TaskRunnerV1 pid=223685)[0m                                            'clip_grad': 1.0,
[36m(TaskRunnerV1 pid=223685)[0m                                            'exp_avg_dtype': 'fp32',
[36m(TaskRunnerV1 pid=223685)[0m                                            'exp_avg_sq_dtype': 'fp32',
[36m(TaskRunnerV1 pid=223685)[0m                                            'lr': 0.0,
[36m(TaskRunnerV1 pid=223685)[0m                                            'lr_decay_steps': None,
[36m(TaskRunnerV1 pid=223685)[0m                                            'lr_decay_style': 'constant',
[36m(TaskRunnerV1 pid=223685)[0m                                            'lr_warmup_init': 0.0,
[36m(TaskRunnerV1 pid=223685)[0m                                            'lr_warmup_steps': -1,
[36m(TaskRunnerV1 pid=223685)[0m                                            'lr_warmup_steps_ratio': 0.0,
[36m(TaskRunnerV1 pid=223685)[0m                                            'lr_wsd_decay_steps': None,
[36m(TaskRunnerV1 pid=223685)[0m                                            'lr_wsd_decay_style': 'exponential',
[36m(TaskRunnerV1 pid=223685)[0m                                            'main_grads_dtype': 'fp32',
[36m(TaskRunnerV1 pid=223685)[0m                                            'min_lr': 0.0,
[36m(TaskRunnerV1 pid=223685)[0m                                            'muon_coefficient_type': 'quintic',
[36m(TaskRunnerV1 pid=223685)[0m                                            'muon_extra_scale_factor': 1.0,
[36m(TaskRunnerV1 pid=223685)[0m                                            'muon_fp32_matmul_prec': 'medium',
[36m(TaskRunnerV1 pid=223685)[0m                                            'muon_match_adamw_update_rms': False,
[36m(TaskRunnerV1 pid=223685)[0m                                            'muon_momentum': 0.95,
[36m(TaskRunnerV1 pid=223685)[0m                                            'muon_nesterov': False,
[36m(TaskRunnerV1 pid=223685)[0m                                            'muon_num_ns_steps': 5,
[36m(TaskRunnerV1 pid=223685)[0m                                            'muon_scalar_optimizer': 'adam',
[36m(TaskRunnerV1 pid=223685)[0m                                            'muon_scale_mode': 'spectral',
[36m(TaskRunnerV1 pid=223685)[0m                                            'muon_split_qkv': True,
[36m(TaskRunnerV1 pid=223685)[0m                                            'muon_tp_mode': 'blockwise',
[36m(TaskRunnerV1 pid=223685)[0m                                            'optimizer': 'adam',
[36m(TaskRunnerV1 pid=223685)[0m                                            'override_optimizer_config': {},
[36m(TaskRunnerV1 pid=223685)[0m                                            'total_training_steps': -1,
[36m(TaskRunnerV1 pid=223685)[0m                                            'use_checkpoint_opt_param_scheduler': False,
[36m(TaskRunnerV1 pid=223685)[0m                                            'use_layer_wise_distributed_optimizer': False,
[36m(TaskRunnerV1 pid=223685)[0m                                            'use_precision_aware_optimizer': False,
[36m(TaskRunnerV1 pid=223685)[0m                                            'weight_decay': 0.01,
[36m(TaskRunnerV1 pid=223685)[0m                                            'weight_decay_incr_style': 'constant'},
[36m(TaskRunnerV1 pid=223685)[0m                                  'policy_loss': {'_target_': 'verl.workers.config.PolicyLossConfig',
[36m(TaskRunnerV1 pid=223685)[0m                                                  'clip_cov_lb': 1.0,
[36m(TaskRunnerV1 pid=223685)[0m                                                  'clip_cov_ratio': 0.0002,
[36m(TaskRunnerV1 pid=223685)[0m                                                  'clip_cov_ub': 5.0,
[36m(TaskRunnerV1 pid=223685)[0m                                                  'dro_beta': None,
[36m(TaskRunnerV1 pid=223685)[0m                                                  'kl_cov_ratio': 0.0002,
[36m(TaskRunnerV1 pid=223685)[0m                                                  'loss_mode': 'vanilla',
[36m(TaskRunnerV1 pid=223685)[0m                                                  'ppo_kl_coef': 0.1},
[36m(TaskRunnerV1 pid=223685)[0m                                  'ppo_epochs': 1,
[36m(TaskRunnerV1 pid=223685)[0m                                  'ppo_max_token_len_per_gpu': 49152,
[36m(TaskRunnerV1 pid=223685)[0m                                  'ppo_micro_batch_size': None,
[36m(TaskRunnerV1 pid=223685)[0m                                  'ppo_micro_batch_size_per_gpu': 1,
[36m(TaskRunnerV1 pid=223685)[0m                                  'ppo_mini_batch_size': 1,
[36m(TaskRunnerV1 pid=223685)[0m                                  'profiler': {'_target_': 'verl.utils.profiler.ProfilerConfig',
[36m(TaskRunnerV1 pid=223685)[0m                                               'all_ranks': False,
[36m(TaskRunnerV1 pid=223685)[0m                                               'enable': False,
[36m(TaskRunnerV1 pid=223685)[0m                                               'finish_hook_all_ranks': False,
[36m(TaskRunnerV1 pid=223685)[0m                                               'finish_hook_cmd': None,
[36m(TaskRunnerV1 pid=223685)[0m                                               'finish_hook_ranks': [],
[36m(TaskRunnerV1 pid=223685)[0m                                               'ranks': [],
[36m(TaskRunnerV1 pid=223685)[0m                                               'relocate_results': False,
[36m(TaskRunnerV1 pid=223685)[0m                                               'save_path': 'outputs/profile',
[36m(TaskRunnerV1 pid=223685)[0m                                               'tool': None,
[36m(TaskRunnerV1 pid=223685)[0m                                               'tool_config': {'npu': {'_target_': 'verl.utils.profiler.config.NPUToolConfig',
[36m(TaskRunnerV1 pid=223685)[0m                                                                       'analysis': True,
[36m(TaskRunnerV1 pid=223685)[0m                                                                       'contents': [],
[36m(TaskRunnerV1 pid=223685)[0m                                                                       'discrete': False,
[36m(TaskRunnerV1 pid=223685)[0m                                                                       'level': 'level0'},
[36m(TaskRunnerV1 pid=223685)[0m                                                               'nsys': {'_target_': 'verl.utils.profiler.config.NsightToolConfig',
[36m(TaskRunnerV1 pid=223685)[0m                                                                        'discrete': False},
[36m(TaskRunnerV1 pid=223685)[0m                                                               'precision_debugger': {'_target_': 'verl.utils.profiler.config.PrecisionDebuggerToolConfig',
[36m(TaskRunnerV1 pid=223685)[0m                                                                                      'config_path': None,
[36m(TaskRunnerV1 pid=223685)[0m                                                                                      'stages': None,
[36m(TaskRunnerV1 pid=223685)[0m                                                                                      'steps': None,
[36m(TaskRunnerV1 pid=223685)[0m                                                                                      'strict': False},
[36m(TaskRunnerV1 pid=223685)[0m                                                               'torch': {'_target_': 'verl.utils.profiler.config.TorchProfilerToolConfig',
[36m(TaskRunnerV1 pid=223685)[0m                                                                         'contents': [],
[36m(TaskRunnerV1 pid=223685)[0m                                                                         'discrete': False,
[36m(TaskRunnerV1 pid=223685)[0m                                                                         'schedule': {'_target_': 'verl.utils.profiler.config.TorchProfilerScheduleConfig',
[36m(TaskRunnerV1 pid=223685)[0m                                                                                      'active': 0,
[36m(TaskRunnerV1 pid=223685)[0m                                                                                      'repeat': 0,
[36m(TaskRunnerV1 pid=223685)[0m                                                                                      'skip_first': 0,
[36m(TaskRunnerV1 pid=223685)[0m                                                                                      'wait': 0,
[36m(TaskRunnerV1 pid=223685)[0m                                                                                      'warmup': 0}},
[36m(TaskRunnerV1 pid=223685)[0m                                                               'torch_memory': {'_target_': 'verl.utils.profiler.config.TorchMemoryToolConfig',
[36m(TaskRunnerV1 pid=223685)[0m                                                                                'memory_snapshot_num_steps': 1,
[36m(TaskRunnerV1 pid=223685)[0m                                                                                'stack_depth': 32,
[36m(TaskRunnerV1 pid=223685)[0m                                                                                'trace_alloc_max_entries': 100000}}},
[36m(TaskRunnerV1 pid=223685)[0m                                  'qat': {'activation_observer': 'static_minmax',
[36m(TaskRunnerV1 pid=223685)[0m                                          'enable': False,
[36m(TaskRunnerV1 pid=223685)[0m                                          'group_size': 16,
[36m(TaskRunnerV1 pid=223685)[0m                                          'ignore_patterns': ['lm_head',
[36m(TaskRunnerV1 pid=223685)[0m                                                              'embed_tokens',
[36m(TaskRunnerV1 pid=223685)[0m                                                              're:.*mlp.gate$'],
[36m(TaskRunnerV1 pid=223685)[0m                                          'mode': 'w4a16',
[36m(TaskRunnerV1 pid=223685)[0m                                          'quantization_config_path': None},
[36m(TaskRunnerV1 pid=223685)[0m                                  'rollout_n': 4,
[36m(TaskRunnerV1 pid=223685)[0m                                  'shuffle': False,
[36m(TaskRunnerV1 pid=223685)[0m                                  'strategy': 'megatron',
[36m(TaskRunnerV1 pid=223685)[0m                                  'tau_neg': 1.05,
[36m(TaskRunnerV1 pid=223685)[0m                                  'tau_pos': 1.0,
[36m(TaskRunnerV1 pid=223685)[0m                                  'use_dynamic_bsz': False,
[36m(TaskRunnerV1 pid=223685)[0m                                  'use_fused_kernels': False,
[36m(TaskRunnerV1 pid=223685)[0m                                  'use_kl_loss': True,
[36m(TaskRunnerV1 pid=223685)[0m                                  'use_prefix_grouper': False,
[36m(TaskRunnerV1 pid=223685)[0m                                  'use_torch_compile': True},
[36m(TaskRunnerV1 pid=223685)[0m                        'hybrid_engine': True,
[36m(TaskRunnerV1 pid=223685)[0m                        'model': {'_target_': 'verl.workers.config.HFModelConfig',
[36m(TaskRunnerV1 pid=223685)[0m                                  'custom_chat_template': None,
[36m(TaskRunnerV1 pid=223685)[0m                                  'enable_activation_offload': False,
[36m(TaskRunnerV1 pid=223685)[0m                                  'enable_gradient_checkpointing': True,
[36m(TaskRunnerV1 pid=223685)[0m                                  'exclude_modules': None,
[36m(TaskRunnerV1 pid=223685)[0m                                  'external_lib': None,
[36m(TaskRunnerV1 pid=223685)[0m                                  'fused_kernel_options': {'impl_backend': 'torch'},
[36m(TaskRunnerV1 pid=223685)[0m                                  'hf_config_path': None,
[36m(TaskRunnerV1 pid=223685)[0m                                  'lora': {'a2a_experimental': False,
[36m(TaskRunnerV1 pid=223685)[0m                                           'adapter_path': None,
[36m(TaskRunnerV1 pid=223685)[0m                                           'alpha': 32,
[36m(TaskRunnerV1 pid=223685)[0m                                           'dropout': 0.0,
[36m(TaskRunnerV1 pid=223685)[0m                                           'dropout_position': 'pre',
[36m(TaskRunnerV1 pid=223685)[0m                                           'dtype': None,
[36m(TaskRunnerV1 pid=223685)[0m                                           'exclude_modules': [],
[36m(TaskRunnerV1 pid=223685)[0m                                           'freeze_language_model': True,
[36m(TaskRunnerV1 pid=223685)[0m                                           'freeze_vision_model': True,
[36m(TaskRunnerV1 pid=223685)[0m                                           'freeze_vision_projection': True,
[36m(TaskRunnerV1 pid=223685)[0m                                           'lora_A_init_method': 'xavier',
[36m(TaskRunnerV1 pid=223685)[0m                                           'lora_B_init_method': 'zero',
[36m(TaskRunnerV1 pid=223685)[0m                                           'merge': False,
[36m(TaskRunnerV1 pid=223685)[0m                                           'rank': 0,
[36m(TaskRunnerV1 pid=223685)[0m                                           'target_modules': ['linear_qkv',
[36m(TaskRunnerV1 pid=223685)[0m                                                              'linear_proj',
[36m(TaskRunnerV1 pid=223685)[0m                                                              'linear_fc1',
[36m(TaskRunnerV1 pid=223685)[0m                                                              'linear_fc2'],
[36m(TaskRunnerV1 pid=223685)[0m                                           'type': 'lora'},
[36m(TaskRunnerV1 pid=223685)[0m                                  'lora_adapter_path': None,
[36m(TaskRunnerV1 pid=223685)[0m                                  'lora_alpha': 16,
[36m(TaskRunnerV1 pid=223685)[0m                                  'lora_rank': 0,
[36m(TaskRunnerV1 pid=223685)[0m                                  'mtp': {'_target_': 'verl.workers.config.MtpConfig',
[36m(TaskRunnerV1 pid=223685)[0m                                          'detach_encoder': False,
[36m(TaskRunnerV1 pid=223685)[0m                                          'enable': False,
[36m(TaskRunnerV1 pid=223685)[0m                                          'enable_rollout': False,
[36m(TaskRunnerV1 pid=223685)[0m                                          'enable_train': False,
[36m(TaskRunnerV1 pid=223685)[0m                                          'method': 'mtp',
[36m(TaskRunnerV1 pid=223685)[0m                                          'mtp_loss_scaling_factor': 0.1,
[36m(TaskRunnerV1 pid=223685)[0m                                          'num_speculative_tokens': 1,
[36m(TaskRunnerV1 pid=223685)[0m                                          'speculative_algorithm': 'EAGLE',
[36m(TaskRunnerV1 pid=223685)[0m                                          'speculative_eagle_topk': 1,
[36m(TaskRunnerV1 pid=223685)[0m                                          'speculative_num_draft_tokens': 4,
[36m(TaskRunnerV1 pid=223685)[0m                                          'speculative_num_steps': 3},
[36m(TaskRunnerV1 pid=223685)[0m                                  'override_config': {},
[36m(TaskRunnerV1 pid=223685)[0m                                  'path': '/home/p00938733/Qwen3-8B',
[36m(TaskRunnerV1 pid=223685)[0m                                  'target_modules': 'all-linear',
[36m(TaskRunnerV1 pid=223685)[0m                                  'tiled_mlp': {'enabled': False,
[36m(TaskRunnerV1 pid=223685)[0m                                                'num_shards': 4},
[36m(TaskRunnerV1 pid=223685)[0m                                  'tokenizer_path': None,
[36m(TaskRunnerV1 pid=223685)[0m                                  'trust_remote_code': False,
[36m(TaskRunnerV1 pid=223685)[0m                                  'use_fused_kernels': False,
[36m(TaskRunnerV1 pid=223685)[0m                                  'use_liger': False,
[36m(TaskRunnerV1 pid=223685)[0m                                  'use_remove_padding': True,
[36m(TaskRunnerV1 pid=223685)[0m                                  'use_shm': False},
[36m(TaskRunnerV1 pid=223685)[0m                        'nccl_timeout': 600,
[36m(TaskRunnerV1 pid=223685)[0m                        'ref': {'_target_': 'verl.workers.config.McoreActorConfig',
[36m(TaskRunnerV1 pid=223685)[0m                                'entropy_from_logits_chunk_size': 2048,
[36m(TaskRunnerV1 pid=223685)[0m                                'entropy_from_logits_with_chunking': False,
[36m(TaskRunnerV1 pid=223685)[0m                                'log_prob_max_token_len_per_gpu': 49152,
[36m(TaskRunnerV1 pid=223685)[0m                                'log_prob_micro_batch_size': None,
[36m(TaskRunnerV1 pid=223685)[0m                                'log_prob_micro_batch_size_per_gpu': 1,
[36m(TaskRunnerV1 pid=223685)[0m                                'log_prob_use_dynamic_bsz': False,
[36m(TaskRunnerV1 pid=223685)[0m                                'megatron': {'_target_': 'verl.workers.config.McoreEngineConfig',
[36m(TaskRunnerV1 pid=223685)[0m                                             'context_parallel_size': 2,
[36m(TaskRunnerV1 pid=223685)[0m                                             'dist_checkpointing_path': None,
[36m(TaskRunnerV1 pid=223685)[0m                                             'dist_checkpointing_prefix': '',
[36m(TaskRunnerV1 pid=223685)[0m                                             'dist_ckpt_optim_fully_reshardable': False,
[36m(TaskRunnerV1 pid=223685)[0m                                             'distrib_optim_fully_reshardable_mem_efficient': False,
[36m(TaskRunnerV1 pid=223685)[0m                                             'dtype': 'bfloat16',
[36m(TaskRunnerV1 pid=223685)[0m                                             'dynamic_context_parallel': False,
[36m(TaskRunnerV1 pid=223685)[0m                                             'entropy_from_logits_chunk_size': 2048,
[36m(TaskRunnerV1 pid=223685)[0m                                             'entropy_from_logits_with_chunking': False,
[36m(TaskRunnerV1 pid=223685)[0m                                             'expert_model_parallel_size': 1,
[36m(TaskRunnerV1 pid=223685)[0m                                             'expert_tensor_parallel_size': None,
[36m(TaskRunnerV1 pid=223685)[0m                                             'forward_only': True,
[36m(TaskRunnerV1 pid=223685)[0m                                             'max_seqlen_per_dp_cp_rank': None,
[36m(TaskRunnerV1 pid=223685)[0m                                             'optimizer_offload': False,
[36m(TaskRunnerV1 pid=223685)[0m                                             'override_ddp_config': {},
[36m(TaskRunnerV1 pid=223685)[0m                                             'override_mcore_model_config': {},
[36m(TaskRunnerV1 pid=223685)[0m                                             'override_transformer_config': {'attention_backend': 'flash',
[36m(TaskRunnerV1 pid=223685)[0m                                                                             'recompute_granularity': 'full',
[36m(TaskRunnerV1 pid=223685)[0m                                                                             'recompute_method': 'uniform',
[36m(TaskRunnerV1 pid=223685)[0m                                                                             'recompute_modules': ['core_attn'],
[36m(TaskRunnerV1 pid=223685)[0m                                                                             'recompute_num_layers': 1},
[36m(TaskRunnerV1 pid=223685)[0m                                             'pad_bshd_to_minibatch_max': True,
[36m(TaskRunnerV1 pid=223685)[0m                                             'pad_to_length': False,
[36m(TaskRunnerV1 pid=223685)[0m                                             'pad_to_length_bucket': 512,
[36m(TaskRunnerV1 pid=223685)[0m                                             'param_offload': True,
[36m(TaskRunnerV1 pid=223685)[0m                                             'pipeline_model_parallel_size': 2,
[36m(TaskRunnerV1 pid=223685)[0m                                             'qat': {'_target_': 'verl.workers.config.QATEngineConfig',
[36m(TaskRunnerV1 pid=223685)[0m                                                     'activation_observer': None,
[36m(TaskRunnerV1 pid=223685)[0m                                                     'enable': False,
[36m(TaskRunnerV1 pid=223685)[0m                                                     'group_size': 16,
[36m(TaskRunnerV1 pid=223685)[0m                                                     'ignore_patterns': ['lm_head',
[36m(TaskRunnerV1 pid=223685)[0m                                                                         '*mlp.gate'],
[36m(TaskRunnerV1 pid=223685)[0m                                                     'mode': 'w4a16',
[36m(TaskRunnerV1 pid=223685)[0m                                                     'quantization_config_path': None},
[36m(TaskRunnerV1 pid=223685)[0m                                             'response_only_lm_head': True,
[36m(TaskRunnerV1 pid=223685)[0m                                             'router_replay': {'_target_': 'verl.workers.config.EngineRouterReplayConfig',
[36m(TaskRunnerV1 pid=223685)[0m                                                               'mode': 'disabled',
[36m(TaskRunnerV1 pid=223685)[0m                                                               'record_file': None,
[36m(TaskRunnerV1 pid=223685)[0m                                                               'replay_file': None},
[36m(TaskRunnerV1 pid=223685)[0m                                             'seed': 42,
[36m(TaskRunnerV1 pid=223685)[0m                                             'sequence_parallel': True,
[36m(TaskRunnerV1 pid=223685)[0m                                             'tensor_model_parallel_size': 2,
[36m(TaskRunnerV1 pid=223685)[0m                                             'use_dist_checkpointing': False,
[36m(TaskRunnerV1 pid=223685)[0m                                             'use_distributed_optimizer': True,
[36m(TaskRunnerV1 pid=223685)[0m                                             'use_mbridge': True,
[36m(TaskRunnerV1 pid=223685)[0m                                             'use_megatron_fsdp': False,
[36m(TaskRunnerV1 pid=223685)[0m                                             'use_remove_padding': True,
[36m(TaskRunnerV1 pid=223685)[0m                                             'vanilla_mbridge': False,
[36m(TaskRunnerV1 pid=223685)[0m                                             'virtual_pipeline_model_parallel_size': None},
[36m(TaskRunnerV1 pid=223685)[0m                                'profiler': {'_target_': 'verl.utils.profiler.ProfilerConfig',
[36m(TaskRunnerV1 pid=223685)[0m                                             'all_ranks': False,
[36m(TaskRunnerV1 pid=223685)[0m                                             'enable': False,
[36m(TaskRunnerV1 pid=223685)[0m                                             'finish_hook_all_ranks': False,
[36m(TaskRunnerV1 pid=223685)[0m                                             'finish_hook_cmd': None,
[36m(TaskRunnerV1 pid=223685)[0m                                             'finish_hook_ranks': [],
[36m(TaskRunnerV1 pid=223685)[0m                                             'ranks': [],
[36m(TaskRunnerV1 pid=223685)[0m                                             'relocate_results': False,
[36m(TaskRunnerV1 pid=223685)[0m                                             'save_path': 'outputs/profile',
[36m(TaskRunnerV1 pid=223685)[0m                                             'tool': None,
[36m(TaskRunnerV1 pid=223685)[0m                                             'tool_config': {'npu': {'_target_': 'verl.utils.profiler.config.NPUToolConfig',
[36m(TaskRunnerV1 pid=223685)[0m                                                                     'analysis': True,
[36m(TaskRunnerV1 pid=223685)[0m                                                                     'contents': [],
[36m(TaskRunnerV1 pid=223685)[0m                                                                     'discrete': False,
[36m(TaskRunnerV1 pid=223685)[0m                                                                     'level': 'level0'},
[36m(TaskRunnerV1 pid=223685)[0m                                                             'nsys': {'_target_': 'verl.utils.profiler.config.NsightToolConfig',
[36m(TaskRunnerV1 pid=223685)[0m                                                                      'discrete': False},
[36m(TaskRunnerV1 pid=223685)[0m                                                             'precision_debugger': {'_target_': 'verl.utils.profiler.config.PrecisionDebuggerToolConfig',
[36m(TaskRunnerV1 pid=223685)[0m                                                                                    'config_path': None,
[36m(TaskRunnerV1 pid=223685)[0m                                                                                    'stages': None,
[36m(TaskRunnerV1 pid=223685)[0m                                                                                    'steps': None,
[36m(TaskRunnerV1 pid=223685)[0m                                                                                    'strict': False},
[36m(TaskRunnerV1 pid=223685)[0m                                                             'torch': {'_target_': 'verl.utils.profiler.config.TorchProfilerToolConfig',
[36m(TaskRunnerV1 pid=223685)[0m                                                                       'contents': [],
[36m(TaskRunnerV1 pid=223685)[0m                                                                       'discrete': False,
[36m(TaskRunnerV1 pid=223685)[0m                                                                       'schedule': {'_target_': 'verl.utils.profiler.config.TorchProfilerScheduleConfig',
[36m(TaskRunnerV1 pid=223685)[0m                                                                                    'active': 0,
[36m(TaskRunnerV1 pid=223685)[0m                                                                                    'repeat': 0,
[36m(TaskRunnerV1 pid=223685)[0m                                                                                    'skip_first': 0,
[36m(TaskRunnerV1 pid=223685)[0m                                                                                    'wait': 0,
[36m(TaskRunnerV1 pid=223685)[0m                                                                                    'warmup': 0}},
[36m(TaskRunnerV1 pid=223685)[0m                                                             'torch_memory': {'_target_': 'verl.utils.profiler.config.TorchMemoryToolConfig',
[36m(TaskRunnerV1 pid=223685)[0m                                                                              'memory_snapshot_num_steps': 1,
[36m(TaskRunnerV1 pid=223685)[0m                                                                              'stack_depth': 32,
[36m(TaskRunnerV1 pid=223685)[0m                                                                              'trace_alloc_max_entries': 100000}}},
[36m(TaskRunnerV1 pid=223685)[0m                                'rollout_n': 4,
[36m(TaskRunnerV1 pid=223685)[0m                                'strategy': 'megatron',
[36m(TaskRunnerV1 pid=223685)[0m                                'use_torch_compile': True},
[36m(TaskRunnerV1 pid=223685)[0m                        'rollout': {'_target_': 'verl.workers.config.RolloutConfig',
[36m(TaskRunnerV1 pid=223685)[0m                                    'agent': {'_target_': 'verl.workers.config.AgentLoopConfig',
[36m(TaskRunnerV1 pid=223685)[0m                                              'agent_loop_config_path': None,
[36m(TaskRunnerV1 pid=223685)[0m                                              'custom_async_server': {'_target_': 'verl.workers.config.CustomAsyncServerConfig',
[36m(TaskRunnerV1 pid=223685)[0m                                                                      'name': None,
[36m(TaskRunnerV1 pid=223685)[0m                                                                      'path': None},
[36m(TaskRunnerV1 pid=223685)[0m                                              'default_agent_loop': 'single_turn_agent',
[36m(TaskRunnerV1 pid=223685)[0m                                              'num_workers': 8},
[36m(TaskRunnerV1 pid=223685)[0m                                    'calculate_log_probs': True,
[36m(TaskRunnerV1 pid=223685)[0m                                    'checkpoint_engine': {'_target_': 'verl.workers.config.CheckpointEngineConfig',
[36m(TaskRunnerV1 pid=223685)[0m                                                          'backend': 'naive',
[36m(TaskRunnerV1 pid=223685)[0m                                                          'custom_backend_module': None,
[36m(TaskRunnerV1 pid=223685)[0m                                                          'engine_kwargs': {},
[36m(TaskRunnerV1 pid=223685)[0m                                                          'update_weights_bucket_megabytes': 2048},
[36m(TaskRunnerV1 pid=223685)[0m                                    'cudagraph_capture_sizes': None,
[36m(TaskRunnerV1 pid=223685)[0m                                    'data_parallel_size': 1,
[36m(TaskRunnerV1 pid=223685)[0m                                    'disable_log_stats': True,
[36m(TaskRunnerV1 pid=223685)[0m                                    'disaggregation': {'bootstrap_port': None,
[36m(TaskRunnerV1 pid=223685)[0m                                                       'decode_replicas': 1,
[36m(TaskRunnerV1 pid=223685)[0m                                                       'decode_tensor_model_parallel_size': None,
[36m(TaskRunnerV1 pid=223685)[0m                                                       'enabled': False,
[36m(TaskRunnerV1 pid=223685)[0m                                                       'ib_device': None,
[36m(TaskRunnerV1 pid=223685)[0m                                                       'prefill_replicas': 1,
[36m(TaskRunnerV1 pid=223685)[0m                                                       'transfer_backend': 'nixl'},
[36m(TaskRunnerV1 pid=223685)[0m                                    'do_sample': True,
[36m(TaskRunnerV1 pid=223685)[0m                                    'dtype': 'bfloat16',
[36m(TaskRunnerV1 pid=223685)[0m                                    'enable_chunked_prefill': True,
[36m(TaskRunnerV1 pid=223685)[0m                                    'enable_prefix_caching': True,
[36m(TaskRunnerV1 pid=223685)[0m                                    'enable_rollout_routing_replay': False,
[36m(TaskRunnerV1 pid=223685)[0m                                    'enforce_eager': False,
[36m(TaskRunnerV1 pid=223685)[0m                                    'engine_kwargs': {'sglang': {},
[36m(TaskRunnerV1 pid=223685)[0m                                                      'trtllm': {},
[36m(TaskRunnerV1 pid=223685)[0m                                                      'vllm': {}},
[36m(TaskRunnerV1 pid=223685)[0m                                    'expert_parallel_size': 1,
[36m(TaskRunnerV1 pid=223685)[0m                                    'free_cache_engine': True,
[36m(TaskRunnerV1 pid=223685)[0m                                    'full_determinism': False,
[36m(TaskRunnerV1 pid=223685)[0m                                    'gpu_memory_utilization': 0.5,
[36m(TaskRunnerV1 pid=223685)[0m                                    'ignore_eos': True,
[36m(TaskRunnerV1 pid=223685)[0m                                    'layered_summon': False,
[36m(TaskRunnerV1 pid=223685)[0m                                    'load_format': 'dummy',
[36m(TaskRunnerV1 pid=223685)[0m                                    'log_prob_max_token_len_per_gpu': 49152,
[36m(TaskRunnerV1 pid=223685)[0m                                    'log_prob_micro_batch_size': None,
[36m(TaskRunnerV1 pid=223685)[0m                                    'log_prob_micro_batch_size_per_gpu': 1,
[36m(TaskRunnerV1 pid=223685)[0m                                    'log_prob_use_dynamic_bsz': False,
[36m(TaskRunnerV1 pid=223685)[0m                                    'logprobs_mode': 'processed_logprobs',
[36m(TaskRunnerV1 pid=223685)[0m                                    'max_model_len': 16640,
[36m(TaskRunnerV1 pid=223685)[0m                                    'max_num_batched_tokens': 65536,
[36m(TaskRunnerV1 pid=223685)[0m                                    'max_num_seqs': 256,
[36m(TaskRunnerV1 pid=223685)[0m                                    'mode': 'async',
[36m(TaskRunnerV1 pid=223685)[0m                                    'moe_load_balance_metrics_interval': 0,
[36m(TaskRunnerV1 pid=223685)[0m                                    'mtp': {'_target_': 'verl.workers.config.MtpConfig',
[36m(TaskRunnerV1 pid=223685)[0m                                            'detach_encoder': False,
[36m(TaskRunnerV1 pid=223685)[0m                                            'enable': False,
[36m(TaskRunnerV1 pid=223685)[0m                                            'enable_rollout': False,
[36m(TaskRunnerV1 pid=223685)[0m                                            'enable_train': False,
[36m(TaskRunnerV1 pid=223685)[0m                                            'method': 'mtp',
[36m(TaskRunnerV1 pid=223685)[0m                                            'mtp_loss_scaling_factor': 0.1,
[36m(TaskRunnerV1 pid=223685)[0m                                            'num_speculative_tokens': 1,
[36m(TaskRunnerV1 pid=223685)[0m                                            'speculative_algorithm': 'EAGLE',
[36m(TaskRunnerV1 pid=223685)[0m                                            'speculative_eagle_topk': 1,
[36m(TaskRunnerV1 pid=223685)[0m                                            'speculative_num_draft_tokens': 4,
[36m(TaskRunnerV1 pid=223685)[0m                                            'speculative_num_steps': 3},
[36m(TaskRunnerV1 pid=223685)[0m                                    'multi_stage_wake_up': False,
[36m(TaskRunnerV1 pid=223685)[0m                                    'multi_turn': {'_target_': 'verl.workers.config.MultiTurnConfig',
[36m(TaskRunnerV1 pid=223685)[0m                                                   'enable': False,
[36m(TaskRunnerV1 pid=223685)[0m                                                   'format': 'hermes',
[36m(TaskRunnerV1 pid=223685)[0m                                                   'function_tool_path': None,
[36m(TaskRunnerV1 pid=223685)[0m                                                   'max_assistant_turns': None,
[36m(TaskRunnerV1 pid=223685)[0m                                                   'max_parallel_calls': 1,
[36m(TaskRunnerV1 pid=223685)[0m                                                   'max_tool_response_length': 256,
[36m(TaskRunnerV1 pid=223685)[0m                                                   'max_user_turns': None,
[36m(TaskRunnerV1 pid=223685)[0m                                                   'num_repeat_rollouts': None,
[36m(TaskRunnerV1 pid=223685)[0m                                                   'tokenization_sanity_check_mode': 'strict',
[36m(TaskRunnerV1 pid=223685)[0m                                                   'tool_config_path': None,
[36m(TaskRunnerV1 pid=223685)[0m                                                   'tool_response_truncate_side': 'middle',
[36m(TaskRunnerV1 pid=223685)[0m                                                   'use_inference_chat_template': False},
[36m(TaskRunnerV1 pid=223685)[0m                                    'n': 4,
[36m(TaskRunnerV1 pid=223685)[0m                                    'n_gpus_per_node': 8,
[36m(TaskRunnerV1 pid=223685)[0m                                    'name': 'vllm',
[36m(TaskRunnerV1 pid=223685)[0m                                    'nnodes': 0,
[36m(TaskRunnerV1 pid=223685)[0m                                    'over_sample_rate': 0,
[36m(TaskRunnerV1 pid=223685)[0m                                    'pipeline_model_parallel_size': 1,
[36m(TaskRunnerV1 pid=223685)[0m                                    'profiler': {'_target_': 'verl.utils.profiler.ProfilerConfig',
[36m(TaskRunnerV1 pid=223685)[0m                                                 'all_ranks': False,
[36m(TaskRunnerV1 pid=223685)[0m                                                 'enable': False,
[36m(TaskRunnerV1 pid=223685)[0m                                                 'finish_hook_all_ranks': False,
[36m(TaskRunnerV1 pid=223685)[0m                                                 'finish_hook_cmd': None,
[36m(TaskRunnerV1 pid=223685)[0m                                                 'finish_hook_ranks': [],
[36m(TaskRunnerV1 pid=223685)[0m                                                 'ranks': [],
[36m(TaskRunnerV1 pid=223685)[0m                                                 'relocate_results': False,
[36m(TaskRunnerV1 pid=223685)[0m                                                 'save_path': 'outputs/profile',
[36m(TaskRunnerV1 pid=223685)[0m                                                 'tool': None,
[36m(TaskRunnerV1 pid=223685)[0m                                                 'tool_config': {'npu': {'_target_': 'verl.utils.profiler.config.NPUToolConfig',
[36m(TaskRunnerV1 pid=223685)[0m                                                                         'analysis': True,
[36m(TaskRunnerV1 pid=223685)[0m                                                                         'contents': [],
[36m(TaskRunnerV1 pid=223685)[0m                                                                         'discrete': False,
[36m(TaskRunnerV1 pid=223685)[0m                                                                         'level': 'level0',
[36m(TaskRunnerV1 pid=223685)[0m                                                                         'profile_token_end': None,
[36m(TaskRunnerV1 pid=223685)[0m                                                                         'profile_token_start': None},
[36m(TaskRunnerV1 pid=223685)[0m                                                                 'precision_debugger': {'_target_': 'verl.utils.profiler.config.PrecisionDebuggerToolConfig',
[36m(TaskRunnerV1 pid=223685)[0m                                                                                        'config_path': None,
[36m(TaskRunnerV1 pid=223685)[0m                                                                                        'stages': None,
[36m(TaskRunnerV1 pid=223685)[0m                                                                                        'steps': None,
[36m(TaskRunnerV1 pid=223685)[0m                                                                                        'strict': False},
[36m(TaskRunnerV1 pid=223685)[0m                                                                 'torch': {'_target_': 'verl.utils.profiler.config.TorchProfilerToolConfig',
[36m(TaskRunnerV1 pid=223685)[0m                                                                           'contents': [],
[36m(TaskRunnerV1 pid=223685)[0m                                                                           'discrete': False,
[36m(TaskRunnerV1 pid=223685)[0m                                                                           'profile_token_end': None,
[36m(TaskRunnerV1 pid=223685)[0m                                                                           'profile_token_start': None}}},
[36m(TaskRunnerV1 pid=223685)[0m                                    'prometheus': {'_target_': 'verl.workers.config.PrometheusConfig',
[36m(TaskRunnerV1 pid=223685)[0m                                                   'enable': False,
[36m(TaskRunnerV1 pid=223685)[0m                                                   'file': '/tmp/ray/session_latest/metrics/prometheus/prometheus.yml',
[36m(TaskRunnerV1 pid=223685)[0m                                                   'port': 9090,
[36m(TaskRunnerV1 pid=223685)[0m                                                   'served_model_name': '/home/p00938733/Qwen3-8B'},
[36m(TaskRunnerV1 pid=223685)[0m                                    'prompt_length': 8448,
[36m(TaskRunnerV1 pid=223685)[0m                                    'qat': {'_target_': 'verl.workers.config.QATEngineConfig',
[36m(TaskRunnerV1 pid=223685)[0m                                            'activation_observer': None,
[36m(TaskRunnerV1 pid=223685)[0m                                            'enable': False,
[36m(TaskRunnerV1 pid=223685)[0m                                            'group_size': 16,
[36m(TaskRunnerV1 pid=223685)[0m                                            'ignore_patterns': ['lm_head',
[36m(TaskRunnerV1 pid=223685)[0m                                                                '*mlp.gate'],
[36m(TaskRunnerV1 pid=223685)[0m                                            'mode': 'w4a16',
[36m(TaskRunnerV1 pid=223685)[0m                                            'quantization_config_path': None},
[36m(TaskRunnerV1 pid=223685)[0m                                    'quantization': None,
[36m(TaskRunnerV1 pid=223685)[0m                                    'quantization_config_file': None,
[36m(TaskRunnerV1 pid=223685)[0m                                    'response_length': 8192,
[36m(TaskRunnerV1 pid=223685)[0m                                    'router_config_path': None,
[36m(TaskRunnerV1 pid=223685)[0m                                    'scheduling_policy': 'fcfs',
[36m(TaskRunnerV1 pid=223685)[0m                                    'seed': 42,
[36m(TaskRunnerV1 pid=223685)[0m                                    'skip_tokenizer_init': True,
[36m(TaskRunnerV1 pid=223685)[0m                                    'temperature': 1.0,
[36m(TaskRunnerV1 pid=223685)[0m                                    'tensor_model_parallel_size': 4,
[36m(TaskRunnerV1 pid=223685)[0m                                    'top_k': -1,
[36m(TaskRunnerV1 pid=223685)[0m                                    'top_p': 0.95,
[36m(TaskRunnerV1 pid=223685)[0m                                    'trace': {'_target_': 'verl.workers.config.TraceConfig',
[36m(TaskRunnerV1 pid=223685)[0m                                              'backend': None,
[36m(TaskRunnerV1 pid=223685)[0m                                              'experiment_name': 'rlmh_combinations_a100',
[36m(TaskRunnerV1 pid=223685)[0m                                              'max_samples_per_step_per_worker': None,
[36m(TaskRunnerV1 pid=223685)[0m                                              'project_name': 'rlmh_combinations_a100',
[36m(TaskRunnerV1 pid=223685)[0m                                              'token2text': False},
[36m(TaskRunnerV1 pid=223685)[0m                                    'val_kwargs': {'_target_': 'verl.workers.config.SamplingConfig',
[36m(TaskRunnerV1 pid=223685)[0m                                                   'do_sample': False,
[36m(TaskRunnerV1 pid=223685)[0m                                                   'n': 1,
[36m(TaskRunnerV1 pid=223685)[0m                                                   'temperature': 0,
[36m(TaskRunnerV1 pid=223685)[0m                                                   'top_k': -1,
[36m(TaskRunnerV1 pid=223685)[0m                                                   'top_p': 1.0}}},
[36m(TaskRunnerV1 pid=223685)[0m  'algorithm': {'_target_': 'verl.trainer.config.AlgoConfig',
[36m(TaskRunnerV1 pid=223685)[0m                'adv_estimator': 'grpo',
[36m(TaskRunnerV1 pid=223685)[0m                'filter_groups': {'_target_': 'verl.trainer.config.FilterGroupsConfig',
[36m(TaskRunnerV1 pid=223685)[0m                                  'enable': False,
[36m(TaskRunnerV1 pid=223685)[0m                                  'max_inflight_gen_batches': 1,
[36m(TaskRunnerV1 pid=223685)[0m                                  'max_num_gen_batches': 0,
[36m(TaskRunnerV1 pid=223685)[0m                                  'metric': 'reward'},
[36m(TaskRunnerV1 pid=223685)[0m                'gamma': 1.0,
[36m(TaskRunnerV1 pid=223685)[0m                'kl_ctrl': {'_target_': 'verl.trainer.config.KLControlConfig',
[36m(TaskRunnerV1 pid=223685)[0m                            'horizon': 10000,
[36m(TaskRunnerV1 pid=223685)[0m                            'kl_coef': 0.001,
[36m(TaskRunnerV1 pid=223685)[0m                            'target_kl': 0.1,
[36m(TaskRunnerV1 pid=223685)[0m                            'type': 'fixed'},
[36m(TaskRunnerV1 pid=223685)[0m                'kl_penalty': 'kl',
[36m(TaskRunnerV1 pid=223685)[0m                'lam': 1.0,
[36m(TaskRunnerV1 pid=223685)[0m                'norm_adv_by_std_in_grpo': True,
[36m(TaskRunnerV1 pid=223685)[0m                'pf_ppo': {'reweight_method': 'pow', 'weight_pow': 2.0},
[36m(TaskRunnerV1 pid=223685)[0m                'rollout_correction': {'bypass_mode': False,
[36m(TaskRunnerV1 pid=223685)[0m                                       'loss_type': 'ppo_clip',
[36m(TaskRunnerV1 pid=223685)[0m                                       'rollout_is': None,
[36m(TaskRunnerV1 pid=223685)[0m                                       'rollout_is_batch_normalize': False,
[36m(TaskRunnerV1 pid=223685)[0m                                       'rollout_is_threshold': 2.0,
[36m(TaskRunnerV1 pid=223685)[0m                                       'rollout_rs': None,
[36m(TaskRunnerV1 pid=223685)[0m                                       'rollout_rs_threshold': None},
[36m(TaskRunnerV1 pid=223685)[0m                'use_kl_in_reward': False,
[36m(TaskRunnerV1 pid=223685)[0m                'use_pf_ppo': False},
[36m(TaskRunnerV1 pid=223685)[0m  'critic': {'_target_': 'verl.workers.config.McoreCriticConfig',
[36m(TaskRunnerV1 pid=223685)[0m             'checkpoint': {'_target_': 'verl.workers.config.McoreCheckpointConfig',
[36m(TaskRunnerV1 pid=223685)[0m                            'async_save': False,
[36m(TaskRunnerV1 pid=223685)[0m                            'load_contents': ['model', 'optimizer', 'extra'],
[36m(TaskRunnerV1 pid=223685)[0m                            'mbridge_config': {},
[36m(TaskRunnerV1 pid=223685)[0m                            'save_contents': ['model', 'optimizer', 'extra']},
[36m(TaskRunnerV1 pid=223685)[0m             'cliprange_value': 0.5,
[36m(TaskRunnerV1 pid=223685)[0m             'data_loader_seed': 42,
[36m(TaskRunnerV1 pid=223685)[0m             'enable': None,
[36m(TaskRunnerV1 pid=223685)[0m             'forward_max_token_len_per_gpu': 32768,
[36m(TaskRunnerV1 pid=223685)[0m             'loss_agg_mode': 'token-mean',
[36m(TaskRunnerV1 pid=223685)[0m             'loss_scale_factor': None,
[36m(TaskRunnerV1 pid=223685)[0m             'megatron': {'_target_': 'verl.workers.config.McoreEngineConfig',
[36m(TaskRunnerV1 pid=223685)[0m                          'context_parallel_size': 1,
[36m(TaskRunnerV1 pid=223685)[0m                          'dist_checkpointing_path': None,
[36m(TaskRunnerV1 pid=223685)[0m                          'dist_checkpointing_prefix': '',
[36m(TaskRunnerV1 pid=223685)[0m                          'dist_ckpt_optim_fully_reshardable': False,
[36m(TaskRunnerV1 pid=223685)[0m                          'distrib_optim_fully_reshardable_mem_efficient': False,
[36m(TaskRunnerV1 pid=223685)[0m                          'dtype': 'bfloat16',
[36m(TaskRunnerV1 pid=223685)[0m                          'dynamic_context_parallel': False,
[36m(TaskRunnerV1 pid=223685)[0m                          'entropy_from_logits_chunk_size': 2048,
[36m(TaskRunnerV1 pid=223685)[0m                          'entropy_from_logits_with_chunking': False,
[36m(TaskRunnerV1 pid=223685)[0m                          'expert_model_parallel_size': 1,
[36m(TaskRunnerV1 pid=223685)[0m                          'expert_tensor_parallel_size': None,
[36m(TaskRunnerV1 pid=223685)[0m                          'forward_only': False,
[36m(TaskRunnerV1 pid=223685)[0m                          'max_seqlen_per_dp_cp_rank': None,
[36m(TaskRunnerV1 pid=223685)[0m                          'optimizer_offload': False,
[36m(TaskRunnerV1 pid=223685)[0m                          'override_ddp_config': {},
[36m(TaskRunnerV1 pid=223685)[0m                          'override_mcore_model_config': {},
[36m(TaskRunnerV1 pid=223685)[0m                          'override_transformer_config': {'attention_backend': 'flash',
[36m(TaskRunnerV1 pid=223685)[0m                                                          'recompute_granularity': None,
[36m(TaskRunnerV1 pid=223685)[0m                                                          'recompute_method': None,
[36m(TaskRunnerV1 pid=223685)[0m                                                          'recompute_modules': ['core_attn'],
[36m(TaskRunnerV1 pid=223685)[0m                                                          'recompute_num_layers': None},
[36m(TaskRunnerV1 pid=223685)[0m                          'pad_bshd_to_minibatch_max': True,
[36m(TaskRunnerV1 pid=223685)[0m                          'pad_to_length': False,
[36m(TaskRunnerV1 pid=223685)[0m                          'pad_to_length_bucket': 512,
[36m(TaskRunnerV1 pid=223685)[0m                          'param_offload': False,
[36m(TaskRunnerV1 pid=223685)[0m                          'pipeline_model_parallel_size': 1,
[36m(TaskRunnerV1 pid=223685)[0m                          'qat': {'_target_': 'verl.workers.config.QATEngineConfig',
[36m(TaskRunnerV1 pid=223685)[0m                                  'activation_observer': None,
[36m(TaskRunnerV1 pid=223685)[0m                                  'enable': False,
[36m(TaskRunnerV1 pid=223685)[0m                                  'group_size': 16,
[36m(TaskRunnerV1 pid=223685)[0m                                  'ignore_patterns': ['lm_head', '*mlp.gate'],
[36m(TaskRunnerV1 pid=223685)[0m                                  'mode': 'w4a16',
[36m(TaskRunnerV1 pid=223685)[0m                                  'quantization_config_path': None},
[36m(TaskRunnerV1 pid=223685)[0m                          'response_only_lm_head': False,
[36m(TaskRunnerV1 pid=223685)[0m                          'router_replay': {'_target_': 'verl.workers.config.EngineRouterReplayConfig',
[36m(TaskRunnerV1 pid=223685)[0m                                            'mode': 'disabled',
[36m(TaskRunnerV1 pid=223685)[0m                                            'record_file': None,
[36m(TaskRunnerV1 pid=223685)[0m                                            'replay_file': None},
[36m(TaskRunnerV1 pid=223685)[0m                          'seed': 42,
[36m(TaskRunnerV1 pid=223685)[0m                          'sequence_parallel': True,
[36m(TaskRunnerV1 pid=223685)[0m                          'tensor_model_parallel_size': 1,
[36m(TaskRunnerV1 pid=223685)[0m                          'use_dist_checkpointing': False,
[36m(TaskRunnerV1 pid=223685)[0m                          'use_distributed_optimizer': True,
[36m(TaskRunnerV1 pid=223685)[0m                          'use_mbridge': True,
[36m(TaskRunnerV1 pid=223685)[0m                          'use_megatron_fsdp': False,
[36m(TaskRunnerV1 pid=223685)[0m                          'use_remove_padding': True,
[36m(TaskRunnerV1 pid=223685)[0m                          'vanilla_mbridge': False,
[36m(TaskRunnerV1 pid=223685)[0m                          'virtual_pipeline_model_parallel_size': None},
[36m(TaskRunnerV1 pid=223685)[0m             'model': {'_target_': 'verl.workers.config.HFModelConfig',
[36m(TaskRunnerV1 pid=223685)[0m                       'custom_chat_template': None,
[36m(TaskRunnerV1 pid=223685)[0m                       'enable_activation_offload': False,
[36m(TaskRunnerV1 pid=223685)[0m                       'enable_gradient_checkpointing': True,
[36m(TaskRunnerV1 pid=223685)[0m                       'exclude_modules': None,
[36m(TaskRunnerV1 pid=223685)[0m                       'external_lib': None,
[36m(TaskRunnerV1 pid=223685)[0m                       'fused_kernel_options': {'impl_backend': 'torch'},
[36m(TaskRunnerV1 pid=223685)[0m                       'hf_config_path': None,
[36m(TaskRunnerV1 pid=223685)[0m                       'lora': {'a2a_experimental': False,
[36m(TaskRunnerV1 pid=223685)[0m                                'adapter_path': None,
[36m(TaskRunnerV1 pid=223685)[0m                                'alpha': 32,
[36m(TaskRunnerV1 pid=223685)[0m                                'dropout': 0.0,
[36m(TaskRunnerV1 pid=223685)[0m                                'dropout_position': 'pre',
[36m(TaskRunnerV1 pid=223685)[0m                                'dtype': None,
[36m(TaskRunnerV1 pid=223685)[0m                                'exclude_modules': [],
[36m(TaskRunnerV1 pid=223685)[0m                                'freeze_language_model': True,
[36m(TaskRunnerV1 pid=223685)[0m                                'freeze_vision_model': True,
[36m(TaskRunnerV1 pid=223685)[0m                                'freeze_vision_projection': True,
[36m(TaskRunnerV1 pid=223685)[0m                                'lora_A_init_method': 'xavier',
[36m(TaskRunnerV1 pid=223685)[0m                                'lora_B_init_method': 'zero',
[36m(TaskRunnerV1 pid=223685)[0m                                'merge': False,
[36m(TaskRunnerV1 pid=223685)[0m                                'rank': 0,
[36m(TaskRunnerV1 pid=223685)[0m                                'target_modules': ['linear_qkv',
[36m(TaskRunnerV1 pid=223685)[0m                                                   'linear_proj',
[36m(TaskRunnerV1 pid=223685)[0m                                                   'linear_fc1',
[36m(TaskRunnerV1 pid=223685)[0m                                                   'linear_fc2'],
[36m(TaskRunnerV1 pid=223685)[0m                                'type': 'lora'},
[36m(TaskRunnerV1 pid=223685)[0m                       'lora_adapter_path': None,
[36m(TaskRunnerV1 pid=223685)[0m                       'lora_alpha': 16,
[36m(TaskRunnerV1 pid=223685)[0m                       'lora_rank': 0,
[36m(TaskRunnerV1 pid=223685)[0m                       'mtp': {'_target_': 'verl.workers.config.MtpConfig',
[36m(TaskRunnerV1 pid=223685)[0m                               'detach_encoder': False,
[36m(TaskRunnerV1 pid=223685)[0m                               'enable': False,
[36m(TaskRunnerV1 pid=223685)[0m                               'enable_rollout': False,
[36m(TaskRunnerV1 pid=223685)[0m                               'enable_train': False,
[36m(TaskRunnerV1 pid=223685)[0m                               'method': 'mtp',
[36m(TaskRunnerV1 pid=223685)[0m                               'mtp_loss_scaling_factor': 0.1,
[36m(TaskRunnerV1 pid=223685)[0m                               'num_speculative_tokens': 1,
[36m(TaskRunnerV1 pid=223685)[0m                               'speculative_algorithm': 'EAGLE',
[36m(TaskRunnerV1 pid=223685)[0m                               'speculative_eagle_topk': 1,
[36m(TaskRunnerV1 pid=223685)[0m                               'speculative_num_draft_tokens': 4,
[36m(TaskRunnerV1 pid=223685)[0m                               'speculative_num_steps': 3},
[36m(TaskRunnerV1 pid=223685)[0m                       'override_config': {},
[36m(TaskRunnerV1 pid=223685)[0m                       'path': '~/models/deepseek-llm-7b-chat',
[36m(TaskRunnerV1 pid=223685)[0m                       'target_modules': 'all-linear',
[36m(TaskRunnerV1 pid=223685)[0m                       'tiled_mlp': {'enabled': False, 'num_shards': 4},
[36m(TaskRunnerV1 pid=223685)[0m                       'tokenizer_path': None,
[36m(TaskRunnerV1 pid=223685)[0m                       'trust_remote_code': False,
[36m(TaskRunnerV1 pid=223685)[0m                       'use_fused_kernels': False,
[36m(TaskRunnerV1 pid=223685)[0m                       'use_liger': False,
[36m(TaskRunnerV1 pid=223685)[0m                       'use_remove_padding': True,
[36m(TaskRunnerV1 pid=223685)[0m                       'use_shm': False},
[36m(TaskRunnerV1 pid=223685)[0m             'nccl_timeout': 600,
[36m(TaskRunnerV1 pid=223685)[0m             'optim': {'_target_': 'verl.workers.config.McoreOptimizerConfig',
[36m(TaskRunnerV1 pid=223685)[0m                       'betas': [0.9, 0.999],
[36m(TaskRunnerV1 pid=223685)[0m                       'clip_grad': 1.0,
[36m(TaskRunnerV1 pid=223685)[0m                       'exp_avg_dtype': 'fp32',
[36m(TaskRunnerV1 pid=223685)[0m                       'exp_avg_sq_dtype': 'fp32',
[36m(TaskRunnerV1 pid=223685)[0m                       'lr': 1e-05,
[36m(TaskRunnerV1 pid=223685)[0m                       'lr_decay_steps': None,
[36m(TaskRunnerV1 pid=223685)[0m                       'lr_decay_style': 'constant',
[36m(TaskRunnerV1 pid=223685)[0m                       'lr_warmup_init': 0.0,
[36m(TaskRunnerV1 pid=223685)[0m                       'lr_warmup_steps': -1,
[36m(TaskRunnerV1 pid=223685)[0m                       'lr_warmup_steps_ratio': 0.0,
[36m(TaskRunnerV1 pid=223685)[0m                       'lr_wsd_decay_steps': None,
[36m(TaskRunnerV1 pid=223685)[0m                       'lr_wsd_decay_style': 'exponential',
[36m(TaskRunnerV1 pid=223685)[0m                       'main_grads_dtype': 'fp32',
[36m(TaskRunnerV1 pid=223685)[0m                       'min_lr': 0.0,
[36m(TaskRunnerV1 pid=223685)[0m                       'muon_coefficient_type': 'quintic',
[36m(TaskRunnerV1 pid=223685)[0m                       'muon_extra_scale_factor': 1.0,
[36m(TaskRunnerV1 pid=223685)[0m                       'muon_fp32_matmul_prec': 'medium',
[36m(TaskRunnerV1 pid=223685)[0m                       'muon_match_adamw_update_rms': False,
[36m(TaskRunnerV1 pid=223685)[0m                       'muon_momentum': 0.95,
[36m(TaskRunnerV1 pid=223685)[0m                       'muon_nesterov': False,
[36m(TaskRunnerV1 pid=223685)[0m                       'muon_num_ns_steps': 5,
[36m(TaskRunnerV1 pid=223685)[0m                       'muon_scalar_optimizer': 'adam',
[36m(TaskRunnerV1 pid=223685)[0m                       'muon_scale_mode': 'spectral',
[36m(TaskRunnerV1 pid=223685)[0m                       'muon_split_qkv': True,
[36m(TaskRunnerV1 pid=223685)[0m                       'muon_tp_mode': 'blockwise',
[36m(TaskRunnerV1 pid=223685)[0m                       'optimizer': 'adam',
[36m(TaskRunnerV1 pid=223685)[0m                       'override_optimizer_config': {},
[36m(TaskRunnerV1 pid=223685)[0m                       'total_training_steps': -1,
[36m(TaskRunnerV1 pid=223685)[0m                       'use_checkpoint_opt_param_scheduler': False,
[36m(TaskRunnerV1 pid=223685)[0m                       'use_layer_wise_distributed_optimizer': False,
[36m(TaskRunnerV1 pid=223685)[0m                       'use_precision_aware_optimizer': False,
[36m(TaskRunnerV1 pid=223685)[0m                       'weight_decay': 0.01,
[36m(TaskRunnerV1 pid=223685)[0m                       'weight_decay_incr_style': 'constant'},
[36m(TaskRunnerV1 pid=223685)[0m             'ppo_epochs': 1,
[36m(TaskRunnerV1 pid=223685)[0m             'ppo_max_token_len_per_gpu': 32768,
[36m(TaskRunnerV1 pid=223685)[0m             'ppo_micro_batch_size': None,
[36m(TaskRunnerV1 pid=223685)[0m             'ppo_micro_batch_size_per_gpu': None,
[36m(TaskRunnerV1 pid=223685)[0m             'ppo_mini_batch_size': 1,
[36m(TaskRunnerV1 pid=223685)[0m             'profiler': {'_target_': 'verl.utils.profiler.ProfilerConfig',
[36m(TaskRunnerV1 pid=223685)[0m                          'all_ranks': False,
[36m(TaskRunnerV1 pid=223685)[0m                          'enable': False,
[36m(TaskRunnerV1 pid=223685)[0m                          'finish_hook_all_ranks': False,
[36m(TaskRunnerV1 pid=223685)[0m                          'finish_hook_cmd': None,
[36m(TaskRunnerV1 pid=223685)[0m                          'finish_hook_ranks': [],
[36m(TaskRunnerV1 pid=223685)[0m                          'ranks': [],
[36m(TaskRunnerV1 pid=223685)[0m                          'relocate_results': False,
[36m(TaskRunnerV1 pid=223685)[0m                          'save_path': 'outputs/profile',
[36m(TaskRunnerV1 pid=223685)[0m                          'tool': None,
[36m(TaskRunnerV1 pid=223685)[0m                          'tool_config': {'npu': {'_target_': 'verl.utils.profiler.config.NPUToolConfig',
[36m(TaskRunnerV1 pid=223685)[0m                                                  'analysis': True,
[36m(TaskRunnerV1 pid=223685)[0m                                                  'contents': [],
[36m(TaskRunnerV1 pid=223685)[0m                                                  'discrete': False,
[36m(TaskRunnerV1 pid=223685)[0m                                                  'level': 'level0'},
[36m(TaskRunnerV1 pid=223685)[0m                                          'nsys': {'_target_': 'verl.utils.profiler.config.NsightToolConfig',
[36m(TaskRunnerV1 pid=223685)[0m                                                   'discrete': False},
[36m(TaskRunnerV1 pid=223685)[0m                                          'precision_debugger': {'_target_': 'verl.utils.profiler.config.PrecisionDebuggerToolConfig',
[36m(TaskRunnerV1 pid=223685)[0m                                                                 'config_path': None,
[36m(TaskRunnerV1 pid=223685)[0m                                                                 'stages': None,
[36m(TaskRunnerV1 pid=223685)[0m                                                                 'steps': None,
[36m(TaskRunnerV1 pid=223685)[0m                                                                 'strict': False},
[36m(TaskRunnerV1 pid=223685)[0m                                          'torch': {'_target_': 'verl.utils.profiler.config.TorchProfilerToolConfig',
[36m(TaskRunnerV1 pid=223685)[0m                                                    'contents': [],
[36m(TaskRunnerV1 pid=223685)[0m                                                    'discrete': False,
[36m(TaskRunnerV1 pid=223685)[0m                                                    'schedule': {'_target_': 'verl.utils.profiler.config.TorchProfilerScheduleConfig',
[36m(TaskRunnerV1 pid=223685)[0m                                                                 'active': 0,
[36m(TaskRunnerV1 pid=223685)[0m                                                                 'repeat': 0,
[36m(TaskRunnerV1 pid=223685)[0m                                                                 'skip_first': 0,
[36m(TaskRunnerV1 pid=223685)[0m                                                                 'wait': 0,
[36m(TaskRunnerV1 pid=223685)[0m                                                                 'warmup': 0}},
[36m(TaskRunnerV1 pid=223685)[0m                                          'torch_memory': {'_target_': 'verl.utils.profiler.config.TorchMemoryToolConfig',
[36m(TaskRunnerV1 pid=223685)[0m                                                           'memory_snapshot_num_steps': 1,
[36m(TaskRunnerV1 pid=223685)[0m                                                           'stack_depth': 32,
[36m(TaskRunnerV1 pid=223685)[0m                                                           'trace_alloc_max_entries': 100000}}},
[36m(TaskRunnerV1 pid=223685)[0m             'rollout_n': 4,
[36m(TaskRunnerV1 pid=223685)[0m             'shuffle': False,
[36m(TaskRunnerV1 pid=223685)[0m             'strategy': 'megatron',
[36m(TaskRunnerV1 pid=223685)[0m             'use_dynamic_bsz': False},
[36m(TaskRunnerV1 pid=223685)[0m  'custom_reward_function': {'name': None, 'path': None},
[36m(TaskRunnerV1 pid=223685)[0m  'data': {'apply_chat_template_kwargs': {'enable_thinking': False},
[36m(TaskRunnerV1 pid=223685)[0m           'audio_key': 'audios',
[36m(TaskRunnerV1 pid=223685)[0m           'custom_cls': {'name': None, 'path': None},
[36m(TaskRunnerV1 pid=223685)[0m           'dataloader_num_workers': 0,
[36m(TaskRunnerV1 pid=223685)[0m           'filter_overlong_prompts': False,
[36m(TaskRunnerV1 pid=223685)[0m           'filter_overlong_prompts_workers': 1,
[36m(TaskRunnerV1 pid=223685)[0m           'function_tool_path': None,
[36m(TaskRunnerV1 pid=223685)[0m           'gen_batch_size': 4,
[36m(TaskRunnerV1 pid=223685)[0m           'image_key': 'images',
[36m(TaskRunnerV1 pid=223685)[0m           'image_patch_size': 14,
[36m(TaskRunnerV1 pid=223685)[0m           'max_prompt_length': 8448,
[36m(TaskRunnerV1 pid=223685)[0m           'max_response_length': 8192,
[36m(TaskRunnerV1 pid=223685)[0m           'mm_processor_kwargs': {},
[36m(TaskRunnerV1 pid=223685)[0m           'prompt_key': 'prompt',
[36m(TaskRunnerV1 pid=223685)[0m           'return_full_prompt': False,
[36m(TaskRunnerV1 pid=223685)[0m           'return_multi_modal_inputs': True,
[36m(TaskRunnerV1 pid=223685)[0m           'return_raw_chat': True,
[36m(TaskRunnerV1 pid=223685)[0m           'return_raw_input_ids': False,
[36m(TaskRunnerV1 pid=223685)[0m           'reward_fn_key': 'data_source',
[36m(TaskRunnerV1 pid=223685)[0m           'seed': 42,
[36m(TaskRunnerV1 pid=223685)[0m           'shuffle': False,
[36m(TaskRunnerV1 pid=223685)[0m           'tokenizer': None,
[36m(TaskRunnerV1 pid=223685)[0m           'tool_config_path': None,
[36m(TaskRunnerV1 pid=223685)[0m           'train_batch_size': 4,
[36m(TaskRunnerV1 pid=223685)[0m           'train_files': '/home/p00938733/ruler-verl/8k8k/train.parquet',
[36m(TaskRunnerV1 pid=223685)[0m           'train_max_samples': -1,
[36m(TaskRunnerV1 pid=223685)[0m           'truncation': 'error',
[36m(TaskRunnerV1 pid=223685)[0m           'trust_remote_code': False,
[36m(TaskRunnerV1 pid=223685)[0m           'use_shm': False,
[36m(TaskRunnerV1 pid=223685)[0m           'val_batch_size': None,
[36m(TaskRunnerV1 pid=223685)[0m           'val_files': '/home/p00938733/ruler-verl/8k8k/test.parquet',
[36m(TaskRunnerV1 pid=223685)[0m           'val_max_samples': -1,
[36m(TaskRunnerV1 pid=223685)[0m           'validation_shuffle': False,
[36m(TaskRunnerV1 pid=223685)[0m           'video_key': 'videos'},
[36m(TaskRunnerV1 pid=223685)[0m  'distillation': {'_target_': 'verl.workers.config.DistillationConfig',
[36m(TaskRunnerV1 pid=223685)[0m                   'distillation_loss': {'_target_': 'verl.workers.config.DistillationLossConfig',
[36m(TaskRunnerV1 pid=223685)[0m                                         'clip_ratio': 0.2,
[36m(TaskRunnerV1 pid=223685)[0m                                         'clip_ratio_high': 0.2,
[36m(TaskRunnerV1 pid=223685)[0m                                         'clip_ratio_low': 0.2,
[36m(TaskRunnerV1 pid=223685)[0m                                         'distillation_loss_coef': 1.0,
[36m(TaskRunnerV1 pid=223685)[0m                                         'log_prob_min_clamp': None,
[36m(TaskRunnerV1 pid=223685)[0m                                         'loss_max_clamp': None,
[36m(TaskRunnerV1 pid=223685)[0m                                         'loss_mode': 'k3',
[36m(TaskRunnerV1 pid=223685)[0m                                         'policy_loss_mode': 'vanilla',
[36m(TaskRunnerV1 pid=223685)[0m                                         'topk': 32,
[36m(TaskRunnerV1 pid=223685)[0m                                         'use_policy_gradient': False,
[36m(TaskRunnerV1 pid=223685)[0m                                         'use_task_rewards': True},
[36m(TaskRunnerV1 pid=223685)[0m                   'enabled': False,
[36m(TaskRunnerV1 pid=223685)[0m                   'n_gpus_per_node': 8,
[36m(TaskRunnerV1 pid=223685)[0m                   'nnodes': 0,
[36m(TaskRunnerV1 pid=223685)[0m                   'teacher_key': 'data_source',
[36m(TaskRunnerV1 pid=223685)[0m                   'teacher_models': {'teacher_model': {'_target_': 'verl.workers.config.DistillationTeacherModelConfig',
[36m(TaskRunnerV1 pid=223685)[0m                                                        'inference': {'_target_': 'verl.workers.config.RolloutConfig',
[36m(TaskRunnerV1 pid=223685)[0m                                                                      'cudagraph_capture_sizes': None,
[36m(TaskRunnerV1 pid=223685)[0m                                                                      'data_parallel_size': 1,
[36m(TaskRunnerV1 pid=223685)[0m                                                                      'disable_log_stats': True,
[36m(TaskRunnerV1 pid=223685)[0m                                                                      'dtype': 'bfloat16',
[36m(TaskRunnerV1 pid=223685)[0m                                                                      'enable_chunked_prefill': True,
[36m(TaskRunnerV1 pid=223685)[0m                                                                      'enable_prefix_caching': True,
[36m(TaskRunnerV1 pid=223685)[0m                                                                      'enforce_eager': True,
[36m(TaskRunnerV1 pid=223685)[0m                                                                      'engine_kwargs': {},
[36m(TaskRunnerV1 pid=223685)[0m                                                                      'expert_parallel_size': 1,
[36m(TaskRunnerV1 pid=223685)[0m                                                                      'free_cache_engine': True,
[36m(TaskRunnerV1 pid=223685)[0m                                                                      'gpu_memory_utilization': 0.5,
[36m(TaskRunnerV1 pid=223685)[0m                                                                      'limit_images': None,
[36m(TaskRunnerV1 pid=223685)[0m                                                                      'load_format': 'auto',
[36m(TaskRunnerV1 pid=223685)[0m                                                                      'max_model_len': None,
[36m(TaskRunnerV1 pid=223685)[0m                                                                      'max_num_batched_tokens': 8192,
[36m(TaskRunnerV1 pid=223685)[0m                                                                      'max_num_seqs': 1024,
[36m(TaskRunnerV1 pid=223685)[0m                                                                      'name': 'vllm',
[36m(TaskRunnerV1 pid=223685)[0m                                                                      'prompt_length': 8448,
[36m(TaskRunnerV1 pid=223685)[0m                                                                      'response_length': 8192,
[36m(TaskRunnerV1 pid=223685)[0m                                                                      'skip_tokenizer_init': True,
[36m(TaskRunnerV1 pid=223685)[0m                                                                      'temperature': 1.0,
[36m(TaskRunnerV1 pid=223685)[0m                                                                      'tensor_model_parallel_size': 2},
[36m(TaskRunnerV1 pid=223685)[0m                                                        'key': None,
[36m(TaskRunnerV1 pid=223685)[0m                                                        'model_path': None,
[36m(TaskRunnerV1 pid=223685)[0m                                                        'num_replicas': 0}}},
[36m(TaskRunnerV1 pid=223685)[0m  'global_profiler': {'_target_': 'verl.utils.profiler.ProfilerConfig',
[36m(TaskRunnerV1 pid=223685)[0m                      'finish_hook_all_ranks': False,
[36m(TaskRunnerV1 pid=223685)[0m                      'finish_hook_cmd': None,
[36m(TaskRunnerV1 pid=223685)[0m                      'finish_hook_ranks': [],
[36m(TaskRunnerV1 pid=223685)[0m                      'global_tool_config': {'nsys': {'_target_': 'verl.utils.profiler.config.NsightToolConfig',
[36m(TaskRunnerV1 pid=223685)[0m                                                      'controller_nsight_options': {'cuda-graph-trace': 'graph',
[36m(TaskRunnerV1 pid=223685)[0m                                                                                    'cuda-memory-usage': 'true',
[36m(TaskRunnerV1 pid=223685)[0m                                                                                    'trace': 'cuda,nvtx,cublas,ucx'},
[36m(TaskRunnerV1 pid=223685)[0m                                                      'discrete': False,
[36m(TaskRunnerV1 pid=223685)[0m                                                      'worker_nsight_options': {'capture-range': 'cudaProfilerApi',
[36m(TaskRunnerV1 pid=223685)[0m                                                                                'capture-range-end': None,
[36m(TaskRunnerV1 pid=223685)[0m                                                                                'cuda-graph-trace': 'graph',
[36m(TaskRunnerV1 pid=223685)[0m                                                                                'cuda-memory-usage': 'true',
[36m(TaskRunnerV1 pid=223685)[0m                                                                                'kill': 'none',
[36m(TaskRunnerV1 pid=223685)[0m                                                                                'trace': 'cuda,nvtx,cublas,ucx'}},
[36m(TaskRunnerV1 pid=223685)[0m                                             'precision_debugger': {'_target_': 'verl.utils.profiler.config.PrecisionDebuggerToolConfig',
[36m(TaskRunnerV1 pid=223685)[0m                                                                    'config_path': None,
[36m(TaskRunnerV1 pid=223685)[0m                                                                    'stages': None,
[36m(TaskRunnerV1 pid=223685)[0m                                                                    'steps': None,
[36m(TaskRunnerV1 pid=223685)[0m                                                                    'strict': False},
[36m(TaskRunnerV1 pid=223685)[0m                                             'torch_memory': {'context': 'all',
[36m(TaskRunnerV1 pid=223685)[0m                                                              'kw_args': {},
[36m(TaskRunnerV1 pid=223685)[0m                                                              'memory_snapshot_num_steps': 1,
[36m(TaskRunnerV1 pid=223685)[0m                                                              'stack_depth': 32,
[36m(TaskRunnerV1 pid=223685)[0m                                                              'stacks': 'all',
[36m(TaskRunnerV1 pid=223685)[0m                                                              'trace_alloc_max_entries': 100000}},
[36m(TaskRunnerV1 pid=223685)[0m                      'profile_continuous_steps': False,
[36m(TaskRunnerV1 pid=223685)[0m                      'relocate_results': False,
[36m(TaskRunnerV1 pid=223685)[0m                      'save_path': 'outputs/profile',
[36m(TaskRunnerV1 pid=223685)[0m                      'steps': None,
[36m(TaskRunnerV1 pid=223685)[0m                      'tool': None},
[36m(TaskRunnerV1 pid=223685)[0m  'model_engine': 'megatron',
[36m(TaskRunnerV1 pid=223685)[0m  'ray_kwargs': {'ray_init': {'num_cpus': None,
[36m(TaskRunnerV1 pid=223685)[0m                              'runtime_env': {'env_vars': {'VERL_RESPONSE_ONLY_LM_HEAD_PROFILE': '1'},
[36m(TaskRunnerV1 pid=223685)[0m                                              'py_executable': None}},
[36m(TaskRunnerV1 pid=223685)[0m                 'timeline_json_file': None},
[36m(TaskRunnerV1 pid=223685)[0m  'reward': {'_target_': 'verl.workers.config.RewardConfig',
[36m(TaskRunnerV1 pid=223685)[0m             'custom_reward_function': {'name': 'compute_score',
[36m(TaskRunnerV1 pid=223685)[0m                                        'path': '/home/p00938733/ruler-verl/ruler_niah_reward.py'},
[36m(TaskRunnerV1 pid=223685)[0m             'num_workers': 8,
[36m(TaskRunnerV1 pid=223685)[0m             'reward_manager': {'_target_': 'verl.workers.config.reward.RewardManagerConfig',
[36m(TaskRunnerV1 pid=223685)[0m                                'module': {'_target_': 'verl.trainer.config.config.ModuleConfig',
[36m(TaskRunnerV1 pid=223685)[0m                                           'name': 'custom_reward_manager',
[36m(TaskRunnerV1 pid=223685)[0m                                           'path': None},
[36m(TaskRunnerV1 pid=223685)[0m                                'name': 'naive',
[36m(TaskRunnerV1 pid=223685)[0m                                'source': 'register'},
[36m(TaskRunnerV1 pid=223685)[0m             'reward_model': {'_target_': 'verl.workers.config.RewardModelConfig',
[36m(TaskRunnerV1 pid=223685)[0m                              'enable': False,
[36m(TaskRunnerV1 pid=223685)[0m                              'enable_resource_pool': False,
[36m(TaskRunnerV1 pid=223685)[0m                              'model_path': None,
[36m(TaskRunnerV1 pid=223685)[0m                              'n_gpus_per_node': 8,
[36m(TaskRunnerV1 pid=223685)[0m                              'nnodes': 0,
[36m(TaskRunnerV1 pid=223685)[0m                              'rollout': {'_target_': 'verl.workers.config.RolloutConfig',
[36m(TaskRunnerV1 pid=223685)[0m                                          'cudagraph_capture_sizes': None,
[36m(TaskRunnerV1 pid=223685)[0m                                          'data_parallel_size': 1,
[36m(TaskRunnerV1 pid=223685)[0m                                          'disable_log_stats': True,
[36m(TaskRunnerV1 pid=223685)[0m                                          'disaggregation': {'bootstrap_port': None,
[36m(TaskRunnerV1 pid=223685)[0m                                                             'decode_replicas': 1,
[36m(TaskRunnerV1 pid=223685)[0m                                                             'decode_tensor_model_parallel_size': None,
[36m(TaskRunnerV1 pid=223685)[0m                                                             'enabled': False,
[36m(TaskRunnerV1 pid=223685)[0m                                                             'ib_device': None,
[36m(TaskRunnerV1 pid=223685)[0m                                                             'prefill_replicas': 1,
[36m(TaskRunnerV1 pid=223685)[0m                                                             'transfer_backend': 'nixl'},
[36m(TaskRunnerV1 pid=223685)[0m                                          'do_sample': True,
[36m(TaskRunnerV1 pid=223685)[0m                                          'dtype': 'bfloat16',
[36m(TaskRunnerV1 pid=223685)[0m                                          'enable_chunked_prefill': True,
[36m(TaskRunnerV1 pid=223685)[0m                                          'enable_prefix_caching': True,
[36m(TaskRunnerV1 pid=223685)[0m                                          'enforce_eager': True,
[36m(TaskRunnerV1 pid=223685)[0m                                          'engine_kwargs': {},
[36m(TaskRunnerV1 pid=223685)[0m                                          'expert_parallel_size': 1,
[36m(TaskRunnerV1 pid=223685)[0m                                          'free_cache_engine': True,
[36m(TaskRunnerV1 pid=223685)[0m                                          'full_determinism': False,
[36m(TaskRunnerV1 pid=223685)[0m                                          'gpu_memory_utilization': 0.5,
[36m(TaskRunnerV1 pid=223685)[0m                                          'ignore_eos': False,
[36m(TaskRunnerV1 pid=223685)[0m                                          'layered_summon': False,
[36m(TaskRunnerV1 pid=223685)[0m                                          'limit_images': None,
[36m(TaskRunnerV1 pid=223685)[0m                                          'load_format': 'auto',
[36m(TaskRunnerV1 pid=223685)[0m                                          'max_model_len': None,
[36m(TaskRunnerV1 pid=223685)[0m                                          'max_num_batched_tokens': 8192,
[36m(TaskRunnerV1 pid=223685)[0m                                          'max_num_seqs': 1024,
[36m(TaskRunnerV1 pid=223685)[0m                                          'mtp': None,
[36m(TaskRunnerV1 pid=223685)[0m                                          'multi_stage_wake_up': False,
[36m(TaskRunnerV1 pid=223685)[0m                                          'n': 1,
[36m(TaskRunnerV1 pid=223685)[0m                                          'name': '???',
[36m(TaskRunnerV1 pid=223685)[0m                                          'pipeline_model_parallel_size': 1,
[36m(TaskRunnerV1 pid=223685)[0m                                          'prompt_length': 2048,
[36m(TaskRunnerV1 pid=223685)[0m                                          'quantization': None,
[36m(TaskRunnerV1 pid=223685)[0m                                          'quantization_config_file': None,
[36m(TaskRunnerV1 pid=223685)[0m                                          'response_length': 2048,
[36m(TaskRunnerV1 pid=223685)[0m                                          'scheduling_policy': 'fcfs',
[36m(TaskRunnerV1 pid=223685)[0m                                          'seed': 42,
[36m(TaskRunnerV1 pid=223685)[0m                                          'skip_tokenizer_init': False,
[36m(TaskRunnerV1 pid=223685)[0m                                          'temperature': 1.0,
[36m(TaskRunnerV1 pid=223685)[0m                                          'tensor_model_parallel_size': 2,
[36m(TaskRunnerV1 pid=223685)[0m                                          'top_k': -1,
[36m(TaskRunnerV1 pid=223685)[0m                                          'top_p': 1}},
[36m(TaskRunnerV1 pid=223685)[0m             'sandbox_fusion': {'_target_': 'verl.workers.config.SandboxFusionConfig',
[36m(TaskRunnerV1 pid=223685)[0m                                'max_concurrent': 64,
[36m(TaskRunnerV1 pid=223685)[0m                                'memory_limit_mb': 1024,
[36m(TaskRunnerV1 pid=223685)[0m                                'url': None}},
[36m(TaskRunnerV1 pid=223685)[0m  'reward_model': {'enable': None,
[36m(TaskRunnerV1 pid=223685)[0m                   'enable_resource_pool': None,
[36m(TaskRunnerV1 pid=223685)[0m                   'model': {'external_lib': None,
[36m(TaskRunnerV1 pid=223685)[0m                             'path': None,
[36m(TaskRunnerV1 pid=223685)[0m                             'trust_remote_code': None},
[36m(TaskRunnerV1 pid=223685)[0m                   'n_gpus_per_node': None,
[36m(TaskRunnerV1 pid=223685)[0m                   'nnodes': None,
[36m(TaskRunnerV1 pid=223685)[0m                   'num_workers': None,
[36m(TaskRunnerV1 pid=223685)[0m                   'reward_loop_class_name': None,
[36m(TaskRunnerV1 pid=223685)[0m                   'reward_loop_module_path': None,
[36m(TaskRunnerV1 pid=223685)[0m                   'reward_loop_source': None,
[36m(TaskRunnerV1 pid=223685)[0m                   'reward_manager': None,
[36m(TaskRunnerV1 pid=223685)[0m                   'rollout': {'cudagraph_capture_sizes': None,
[36m(TaskRunnerV1 pid=223685)[0m                               'data_parallel_size': None,
[36m(TaskRunnerV1 pid=223685)[0m                               'disable_log_stats': None,
[36m(TaskRunnerV1 pid=223685)[0m                               'dtype': None,
[36m(TaskRunnerV1 pid=223685)[0m                               'enable_chunked_prefill': None,
[36m(TaskRunnerV1 pid=223685)[0m                               'enable_prefix_caching': None,
[36m(TaskRunnerV1 pid=223685)[0m                               'enforce_eager': None,
[36m(TaskRunnerV1 pid=223685)[0m                               'engine_kwargs': None,
[36m(TaskRunnerV1 pid=223685)[0m                               'expert_parallel_size': None,
[36m(TaskRunnerV1 pid=223685)[0m                               'free_cache_engine': None,
[36m(TaskRunnerV1 pid=223685)[0m                               'gpu_memory_utilization': None,
[36m(TaskRunnerV1 pid=223685)[0m                               'limit_images': None,
[36m(TaskRunnerV1 pid=223685)[0m                               'load_format': None,
[36m(TaskRunnerV1 pid=223685)[0m                               'max_model_len': None,
[36m(TaskRunnerV1 pid=223685)[0m                               'max_num_batched_tokens': None,
[36m(TaskRunnerV1 pid=223685)[0m                               'max_num_seqs': None,
[36m(TaskRunnerV1 pid=223685)[0m                               'name': None,
[36m(TaskRunnerV1 pid=223685)[0m                               'prompt_length': None,
[36m(TaskRunnerV1 pid=223685)[0m                               'response_length': None,
[36m(TaskRunnerV1 pid=223685)[0m                               'skip_tokenizer_init': None,
[36m(TaskRunnerV1 pid=223685)[0m                               'tensor_model_parallel_size': None}},
[36m(TaskRunnerV1 pid=223685)[0m  'sandbox_fusion': {'max_concurrent': None,
[36m(TaskRunnerV1 pid=223685)[0m                     'memory_limit_mb': None,
[36m(TaskRunnerV1 pid=223685)[0m                     'url': None},
[36m(TaskRunnerV1 pid=223685)[0m  'skip': {'_target_': 'verl.utils.skip.SkipManagerConfig',
[36m(TaskRunnerV1 pid=223685)[0m           'async_rollout': {'action': 'cache',
[36m(TaskRunnerV1 pid=223685)[0m                             'dump_dir': '~/.verl/rollout_dump',
[36m(TaskRunnerV1 pid=223685)[0m                             'enable': False,
[36m(TaskRunnerV1 pid=223685)[0m                             'steps': []},
[36m(TaskRunnerV1 pid=223685)[0m           'rollout': {'action': 'cache',
[36m(TaskRunnerV1 pid=223685)[0m                       'dump_dir': '~/.verl/rollout_dump',
[36m(TaskRunnerV1 pid=223685)[0m                       'enable': False,
[36m(TaskRunnerV1 pid=223685)[0m                       'steps': []},
[36m(TaskRunnerV1 pid=223685)[0m           'rollout_tq': {'action': 'cache',
[36m(TaskRunnerV1 pid=223685)[0m                          'dump_dir': '/home/p00938733/rlmh-cache/8k8k-recompute-20260911-131445',
[36m(TaskRunnerV1 pid=223685)[0m                          'enable': True,
[36m(TaskRunnerV1 pid=223685)[0m                          'steps': [1, 2, 3, 4]}},
[36m(TaskRunnerV1 pid=223685)[0m  'trainer': {'balance_batch': True,
[36m(TaskRunnerV1 pid=223685)[0m              'checkpoint_callback_class': None,
[36m(TaskRunnerV1 pid=223685)[0m              'critic_warmup': 0,
[36m(TaskRunnerV1 pid=223685)[0m              'default_hdfs_dir': None,
[36m(TaskRunnerV1 pid=223685)[0m              'default_local_dir': 'checkpoints/rlmh_combinations_a100/rlmh_combinations_a100',
[36m(TaskRunnerV1 pid=223685)[0m              'del_local_ckpt_after_load': False,
[36m(TaskRunnerV1 pid=223685)[0m              'device': 'cuda',
[36m(TaskRunnerV1 pid=223685)[0m              'esi_redundant_time': 0,
[36m(TaskRunnerV1 pid=223685)[0m              'experiment_name': 'rlmh_combinations_a100',
[36m(TaskRunnerV1 pid=223685)[0m              'log_val_generations': 0,
[36m(TaskRunnerV1 pid=223685)[0m              'logger': ['console'],
[36m(TaskRunnerV1 pid=223685)[0m              'max_actor_ckpt_to_keep': None,
[36m(TaskRunnerV1 pid=223685)[0m              'max_critic_ckpt_to_keep': None,
[36m(TaskRunnerV1 pid=223685)[0m              'n_gpus_per_node': 8,
[36m(TaskRunnerV1 pid=223685)[0m              'nnodes': 1,
[36m(TaskRunnerV1 pid=223685)[0m              'project_name': 'rlmh_combinations_a100',
[36m(TaskRunnerV1 pid=223685)[0m              'ray_wait_register_center_timeout': 300,
[36m(TaskRunnerV1 pid=223685)[0m              'resume_from_path': None,
[36m(TaskRunnerV1 pid=223685)[0m              'resume_mode': 'disable',
[36m(TaskRunnerV1 pid=223685)[0m              'rollout_data_dir': None,
[36m(TaskRunnerV1 pid=223685)[0m              'save_freq': -1,
[36m(TaskRunnerV1 pid=223685)[0m              'test_freq': -1,
[36m(TaskRunnerV1 pid=223685)[0m              'total_epochs': 15,
[36m(TaskRunnerV1 pid=223685)[0m              'total_training_steps': 4,
[36m(TaskRunnerV1 pid=223685)[0m              'use_v1': True,
[36m(TaskRunnerV1 pid=223685)[0m              'v1': {'colocate_async': {'num_warmup_batches': 1},
[36m(TaskRunnerV1 pid=223685)[0m                     'sampler': {'custom_sampler': {'name': None, 'path': None},
[36m(TaskRunnerV1 pid=223685)[0m                                 'max_off_policy_strategy': 'drop',
[36m(TaskRunnerV1 pid=223685)[0m                                 'max_off_policy_threshold': 8,
[36m(TaskRunnerV1 pid=223685)[0m                                 'sampler_kwargs': {},
[36m(TaskRunnerV1 pid=223685)[0m                                 'sync_refill_failed_groups': False},
[36m(TaskRunnerV1 pid=223685)[0m                     'separate_async': {'hybrid_rollout': {'_target_': 'verl.trainer.config.HybridRolloutSwitchConfig',
[36m(TaskRunnerV1 pid=223685)[0m                                                           'adaptive_switch_threshold': True,
[36m(TaskRunnerV1 pid=223685)[0m                                                           'enable_switch': False,
[36m(TaskRunnerV1 pid=223685)[0m                                                           'switch_cost_window_size': 3,
[36m(TaskRunnerV1 pid=223685)[0m                                                           'switch_threshold_ratio': 0.4,
[36m(TaskRunnerV1 pid=223685)[0m                                                           'switch_threshold_release_steps': 2,
[36m(TaskRunnerV1 pid=223685)[0m                                                           'switch_threshold_step_down': 0.03,
[36m(TaskRunnerV1 pid=223685)[0m                                                           'switch_threshold_step_up': 0.05},
[36m(TaskRunnerV1 pid=223685)[0m                                        'num_warmup_batches': 1,
[36m(TaskRunnerV1 pid=223685)[0m                                        'parameter_sync_step': 4},
[36m(TaskRunnerV1 pid=223685)[0m                     'sync': {},
[36m(TaskRunnerV1 pid=223685)[0m                     'trainer_mode': 'sync'},
[36m(TaskRunnerV1 pid=223685)[0m              'val_before_train': False,
[36m(TaskRunnerV1 pid=223685)[0m              'val_only': False,
[36m(TaskRunnerV1 pid=223685)[0m              'validation_data_dir': None},
[36m(TaskRunnerV1 pid=223685)[0m  'transfer_queue': {'backend': {'MooncakeStore': {'auto_init': False,
[36m(TaskRunnerV1 pid=223685)[0m                                                   'device_name': '',
[36m(TaskRunnerV1 pid=223685)[0m                                                   'global_segment_size': 4294967296,
[36m(TaskRunnerV1 pid=223685)[0m                                                   'local_buffer_size': 1073741824,
[36m(TaskRunnerV1 pid=223685)[0m                                                   'local_hostname': 'localhost',
[36m(TaskRunnerV1 pid=223685)[0m                                                   'master_server_address': 'localhost:50124',
[36m(TaskRunnerV1 pid=223685)[0m                                                   'metadata_server': 'localhost:50123',
[36m(TaskRunnerV1 pid=223685)[0m                                                   'protocol': 'tcp'},
[36m(TaskRunnerV1 pid=223685)[0m                                 'SimpleStorage': {'num_data_storage_units': 8,
[36m(TaskRunnerV1 pid=223685)[0m                                                   'total_storage_size': 100000},
[36m(TaskRunnerV1 pid=223685)[0m                                 'storage_backend': 'SimpleStorage'},
[36m(TaskRunnerV1 pid=223685)[0m                     'enable': True,
[36m(TaskRunnerV1 pid=223685)[0m                     'metrics': {'enabled': False, 'port': 0}}}
[36m(TaskRunnerV1 pid=223685)[0m /home/p00938733/verl-090/verl/trainer/ppo/v1/trainer_base.py:129: UserWarning: Disabled critic as algorithm.adv_estimator != gae. If it is not intended, please set critic.enable=True
[36m(TaskRunnerV1 pid=223685)[0m   self.use_critic = need_critic(self.config)
[36m(TaskRunnerV1 pid=223685)[0m Using dataset class: RLHFDataset
[36m(TaskRunnerV1 pid=223685)[0m dataset len: 8
[36m(TaskRunnerV1 pid=223685)[0m Using dataset class: RLHFDataset
[36m(TaskRunnerV1 pid=223685)[0m INFO:2026-09-11 13:38:22,101:train and validate dataloader initialized, train dataset size: 8, val dataset size: 4
[36m(TaskRunnerV1 pid=223685)[0m INFO:2026-09-11 13:38:22,101:Total training steps: 4
[36m(TaskRunnerV1 pid=223685)[0m /home/p00938733/verl-090/verl/trainer/ppo/v1/trainer_base.py:755: UserWarning: Disabled critic as algorithm.adv_estimator != gae. If it is not intended, please set critic.enable=True
[36m(TaskRunnerV1 pid=223685)[0m   if need_critic(config):
[36m(TaskRunnerV1 pid=223685)[0m INFO:2026-09-11 13:38:22,108:worker group kwargs: {'device_name': 'cuda'}
[36m(TaskRunnerV1 pid=223685)[0m dataset len: 4
[36m(TaskRunnerV1 pid=223685)[0m colocated worker base class <class 'verl.single_controller.base.worker.Worker'>
[36m(TaskRunnerV1 pid=223685)[0m INFO:2026-09-11 13:38:23,061:create worker group dict_keys(['actor_rollout_ref'])
[36m(WorkerDict pid=224932)[0m /home/p00938733/verl-090/verl/workers/engine/__init__.py:32: UserWarning: torchtitan engine is not available: ModuleNotFoundError("No module named 'torchtitan'")
[36m(WorkerDict pid=224932)[0m   warnings.warn(f"torchtitan engine is not available: {e!r}", stacklevel=1)
[36m(WorkerDict pid=224932)[0m /home/p00938733/verl-090/verl/workers/engine/__init__.py:41: UserWarning: veomni engine is not available: ModuleNotFoundError("No module named 'veomni'")
[36m(WorkerDict pid=224932)[0m   warnings.warn(f"veomni engine is not available: {e!r}", stacklevel=1)
[36m(WorkerDict pid=224932)[0m /home/p00938733/verl-090/verl/workers/engine/__init__.py:50: UserWarning: automodel engine is not available: ModuleNotFoundError("No module named 'nemo_automodel'")
[36m(WorkerDict pid=224932)[0m   warnings.warn(f"automodel engine is not available: {e!r}", stacklevel=1)
[36m(WorkerDict pid=224929)[0m /home/p00938733/verl-090/verl/workers/engine/__init__.py:32: UserWarning: torchtitan engine is not available: ModuleNotFoundError("No module named 'torchtitan'")
[36m(WorkerDict pid=224929)[0m   warnings.warn(f"torchtitan engine is not available: {e!r}", stacklevel=1)
[36m(WorkerDict pid=224929)[0m /home/p00938733/verl-090/verl/workers/engine/__init__.py:41: UserWarning: veomni engine is not available: ModuleNotFoundError("No module named 'veomni'")
[36m(WorkerDict pid=224929)[0m   warnings.warn(f"veomni engine is not available: {e!r}", stacklevel=1)
[36m(WorkerDict pid=224929)[0m /home/p00938733/verl-090/verl/workers/engine/__init__.py:50: UserWarning: automodel engine is not available: ModuleNotFoundError("No module named 'nemo_automodel'")
[36m(WorkerDict pid=224929)[0m   warnings.warn(f"automodel engine is not available: {e!r}", stacklevel=1)
[36m(WorkerDict pid=224928)[0m /home/p00938733/verl-090/verl/workers/engine/__init__.py:32: UserWarning: torchtitan engine is not available: ModuleNotFoundError("No module named 'torchtitan'")
[36m(WorkerDict pid=224928)[0m   warnings.warn(f"torchtitan engine is not available: {e!r}", stacklevel=1)
[36m(WorkerDict pid=224928)[0m /home/p00938733/verl-090/verl/workers/engine/__init__.py:41: UserWarning: veomni engine is not available: ModuleNotFoundError("No module named 'veomni'")
[36m(WorkerDict pid=224928)[0m   warnings.warn(f"veomni engine is not available: {e!r}", stacklevel=1)
[36m(WorkerDict pid=224928)[0m /home/p00938733/verl-090/verl/workers/engine/__init__.py:50: UserWarning: automodel engine is not available: ModuleNotFoundError("No module named 'nemo_automodel'")
[36m(WorkerDict pid=224928)[0m   warnings.warn(f"automodel engine is not available: {e!r}", stacklevel=1)
[36m(WorkerDict pid=224930)[0m /home/p00938733/verl-090/verl/workers/engine/__init__.py:32: UserWarning: torchtitan engine is not available: ModuleNotFoundError("No module named 'torchtitan'")
[36m(WorkerDict pid=224930)[0m   warnings.warn(f"torchtitan engine is not available: {e!r}", stacklevel=1)
[36m(WorkerDict pid=224930)[0m /home/p00938733/verl-090/verl/workers/engine/__init__.py:41: UserWarning: veomni engine is not available: ModuleNotFoundError("No module named 'veomni'")
[36m(WorkerDict pid=224930)[0m   warnings.warn(f"veomni engine is not available: {e!r}", stacklevel=1)
[36m(WorkerDict pid=224930)[0m /home/p00938733/verl-090/verl/workers/engine/__init__.py:50: UserWarning: automodel engine is not available: ModuleNotFoundError("No module named 'nemo_automodel'")
[36m(WorkerDict pid=224930)[0m   warnings.warn(f"automodel engine is not available: {e!r}", stacklevel=1)
[36m(WorkerDict pid=224927)[0m /home/p00938733/verl-090/verl/workers/engine/__init__.py:32: UserWarning: torchtitan engine is not available: ModuleNotFoundError("No module named 'torchtitan'")
[36m(WorkerDict pid=224927)[0m   warnings.warn(f"torchtitan engine is not available: {e!r}", stacklevel=1)
[36m(WorkerDict pid=224927)[0m /home/p00938733/verl-090/verl/workers/engine/__init__.py:41: UserWarning: veomni engine is not available: ModuleNotFoundError("No module named 'veomni'")
[36m(WorkerDict pid=224927)[0m   warnings.warn(f"veomni engine is not available: {e!r}", stacklevel=1)
[36m(WorkerDict pid=224927)[0m /home/p00938733/verl-090/verl/workers/engine/__init__.py:50: UserWarning: automodel engine is not available: ModuleNotFoundError("No module named 'nemo_automodel'")
[36m(WorkerDict pid=224927)[0m   warnings.warn(f"automodel engine is not available: {e!r}", stacklevel=1)
[36m(WorkerDict pid=224934)[0m /home/p00938733/verl-090/verl/workers/engine/__init__.py:32: UserWarning: torchtitan engine is not available: ModuleNotFoundError("No module named 'torchtitan'")
[36m(WorkerDict pid=224934)[0m   warnings.warn(f"torchtitan engine is not available: {e!r}", stacklevel=1)
[36m(WorkerDict pid=224934)[0m /home/p00938733/verl-090/verl/workers/engine/__init__.py:41: UserWarning: veomni engine is not available: ModuleNotFoundError("No module named 'veomni'")
[36m(WorkerDict pid=224934)[0m   warnings.warn(f"veomni engine is not available: {e!r}", stacklevel=1)
[36m(WorkerDict pid=224934)[0m /home/p00938733/verl-090/verl/workers/engine/__init__.py:50: UserWarning: automodel engine is not available: ModuleNotFoundError("No module named 'nemo_automodel'")
[36m(WorkerDict pid=224934)[0m   warnings.warn(f"automodel engine is not available: {e!r}", stacklevel=1)
[36m(WorkerDict pid=224933)[0m /home/p00938733/verl-090/verl/workers/engine/__init__.py:32: UserWarning: torchtitan engine is not available: ModuleNotFoundError("No module named 'torchtitan'")
[36m(WorkerDict pid=224933)[0m   warnings.warn(f"torchtitan engine is not available: {e!r}", stacklevel=1)
[36m(WorkerDict pid=224933)[0m /home/p00938733/verl-090/verl/workers/engine/__init__.py:41: UserWarning: veomni engine is not available: ModuleNotFoundError("No module named 'veomni'")
[36m(WorkerDict pid=224933)[0m   warnings.warn(f"veomni engine is not available: {e!r}", stacklevel=1)
[36m(WorkerDict pid=224933)[0m /home/p00938733/verl-090/verl/workers/engine/__init__.py:50: UserWarning: automodel engine is not available: ModuleNotFoundError("No module named 'nemo_automodel'")
[36m(WorkerDict pid=224933)[0m   warnings.warn(f"automodel engine is not available: {e!r}", stacklevel=1)
[36m(WorkerDict pid=224931)[0m /home/p00938733/verl-090/verl/workers/engine/__init__.py:32: UserWarning: torchtitan engine is not available: ModuleNotFoundError("No module named 'torchtitan'")
[36m(WorkerDict pid=224931)[0m   warnings.warn(f"torchtitan engine is not available: {e!r}", stacklevel=1)
[36m(WorkerDict pid=224931)[0m /home/p00938733/verl-090/verl/workers/engine/__init__.py:41: UserWarning: veomni engine is not available: ModuleNotFoundError("No module named 'veomni'")
[36m(WorkerDict pid=224931)[0m   warnings.warn(f"veomni engine is not available: {e!r}", stacklevel=1)
[36m(WorkerDict pid=224931)[0m /home/p00938733/verl-090/verl/workers/engine/__init__.py:50: UserWarning: automodel engine is not available: ModuleNotFoundError("No module named 'nemo_automodel'")
[36m(WorkerDict pid=224931)[0m   warnings.warn(f"automodel engine is not available: {e!r}", stacklevel=1)
[36m(WorkerDict pid=224930)[0m /opt/Megatron-Bridge/3rdparty/Megatron-LM/megatron/core/models/mimo/config/base_configs.py:12: UserWarning: MimoModelConfig is experimental and still under active development. The API may change without notice in future releases.
[36m(WorkerDict pid=224930)[0m   class MimoModelConfig:
[36m(WorkerDict pid=224930)[0m [transformers] `torch_dtype` is deprecated! Use `dtype` instead!
[36m(WorkerDict pid=224930)[0m /opt/Megatron-Bridge/3rdparty/Megatron-LM/megatron/core/transformer/transformer_config.py:2191: UserWarning: full scope is deprecated. Use empty cuda_graph_modules to capture the whole layer.
[36m(WorkerDict pid=224930)[0m   warnings.warn(
[36m(WorkerDict pid=224930)[0m /opt/Megatron-Bridge/3rdparty/Megatron-LM/megatron/core/models/gpt/gpt_layer_specs.py:216: UserWarning: The fp8 argument in "get_gpt_layer_with_transformer_engine_spec" has been deprecated and will be removed soon. Please update your code accordingly.
[36m(WorkerDict pid=224930)[0m   warnings.warn(
[36m(WorkerDict pid=224927)[0m /opt/Megatron-Bridge/3rdparty/Megatron-LM/megatron/core/models/mimo/config/base_configs.py:12: UserWarning: MimoModelConfig is experimental and still under active development. The API may change without notice in future releases.
[36m(WorkerDict pid=224927)[0m   class MimoModelConfig:
[36m(WorkerDict pid=224929)[0m /opt/Megatron-Bridge/3rdparty/Megatron-LM/megatron/core/models/mimo/config/base_configs.py:12: UserWarning: MimoModelConfig is experimental and still under active development. The API may change without notice in future releases.
[36m(WorkerDict pid=224929)[0m   class MimoModelConfig:
[36m(WorkerDict pid=224927)[0m [transformers] `torch_dtype` is deprecated! Use `dtype` instead!
[36m(WorkerDict pid=224927)[0m /opt/Megatron-Bridge/3rdparty/Megatron-LM/megatron/core/transformer/transformer_config.py:2191: UserWarning: full scope is deprecated. Use empty cuda_graph_modules to capture the whole layer.
[36m(WorkerDict pid=224927)[0m   warnings.warn(
[36m(WorkerDict pid=224927)[0m /opt/Megatron-Bridge/3rdparty/Megatron-LM/megatron/core/models/gpt/gpt_layer_specs.py:216: UserWarning: The fp8 argument in "get_gpt_layer_with_transformer_engine_spec" has been deprecated and will be removed soon. Please update your code accordingly.
[36m(WorkerDict pid=224927)[0m   warnings.warn(
[36m(WorkerDict pid=224929)[0m [transformers] `torch_dtype` is deprecated! Use `dtype` instead!
[36m(WorkerDict pid=224929)[0m /opt/Megatron-Bridge/3rdparty/Megatron-LM/megatron/core/transformer/transformer_config.py:2191: UserWarning: full scope is deprecated. Use empty cuda_graph_modules to capture the whole layer.
[36m(WorkerDict pid=224929)[0m   warnings.warn(
[36m(WorkerDict pid=224929)[0m /opt/Megatron-Bridge/3rdparty/Megatron-LM/megatron/core/models/gpt/gpt_layer_specs.py:216: UserWarning: The fp8 argument in "get_gpt_layer_with_transformer_engine_spec" has been deprecated and will be removed soon. Please update your code accordingly.
[36m(WorkerDict pid=224929)[0m   warnings.warn(
[36m(WorkerDict pid=224928)[0m /opt/Megatron-Bridge/3rdparty/Megatron-LM/megatron/core/models/mimo/config/base_configs.py:12: UserWarning: MimoModelConfig is experimental and still under active development. The API may change without notice in future releases.
[36m(WorkerDict pid=224928)[0m   class MimoModelConfig:
[36m(WorkerDict pid=224928)[0m [transformers] `torch_dtype` is deprecated! Use `dtype` instead!
[36m(WorkerDict pid=224928)[0m /opt/Megatron-Bridge/3rdparty/Megatron-LM/megatron/core/transformer/transformer_config.py:2191: UserWarning: full scope is deprecated. Use empty cuda_graph_modules to capture the whole layer.
[36m(WorkerDict pid=224928)[0m   warnings.warn(
[36m(WorkerDict pid=224928)[0m /opt/Megatron-Bridge/3rdparty/Megatron-LM/megatron/core/models/gpt/gpt_layer_specs.py:216: UserWarning: The fp8 argument in "get_gpt_layer_with_transformer_engine_spec" has been deprecated and will be removed soon. Please update your code accordingly.
[36m(WorkerDict pid=224928)[0m   warnings.warn(
[36m(WorkerDict pid=224931)[0m /opt/Megatron-Bridge/3rdparty/Megatron-LM/megatron/core/models/mimo/config/base_configs.py:12: UserWarning: MimoModelConfig is experimental and still under active development. The API may change without notice in future releases.
[36m(WorkerDict pid=224931)[0m   class MimoModelConfig:
[36m(WorkerDict pid=224931)[0m [transformers] `torch_dtype` is deprecated! Use `dtype` instead!
[36m(WorkerDict pid=224931)[0m /opt/Megatron-Bridge/3rdparty/Megatron-LM/megatron/core/transformer/transformer_config.py:2191: UserWarning: full scope is deprecated. Use empty cuda_graph_modules to capture the whole layer.
[36m(WorkerDict pid=224931)[0m   warnings.warn(
[36m(WorkerDict pid=224931)[0m /opt/Megatron-Bridge/3rdparty/Megatron-LM/megatron/core/models/gpt/gpt_layer_specs.py:216: UserWarning: The fp8 argument in "get_gpt_layer_with_transformer_engine_spec" has been deprecated and will be removed soon. Please update your code accordingly.
[36m(WorkerDict pid=224931)[0m   warnings.warn(
[36m(WorkerDict pid=224932)[0m /opt/Megatron-Bridge/3rdparty/Megatron-LM/megatron/core/models/mimo/config/base_configs.py:12: UserWarning: MimoModelConfig is experimental and still under active development. The API may change without notice in future releases.
[36m(WorkerDict pid=224932)[0m   class MimoModelConfig:
[36m(WorkerDict pid=224933)[0m /opt/Megatron-Bridge/3rdparty/Megatron-LM/megatron/core/models/mimo/config/base_configs.py:12: UserWarning: MimoModelConfig is experimental and still under active development. The API may change without notice in future releases.
[36m(WorkerDict pid=224933)[0m   class MimoModelConfig:
[36m(WorkerDict pid=224933)[0m [transformers] `torch_dtype` is deprecated! Use `dtype` instead!
[36m(WorkerDict pid=224933)[0m /opt/Megatron-Bridge/3rdparty/Megatron-LM/megatron/core/transformer/transformer_config.py:2191: UserWarning: full scope is deprecated. Use empty cuda_graph_modules to capture the whole layer.
[36m(WorkerDict pid=224933)[0m   warnings.warn(
[36m(WorkerDict pid=224933)[0m /opt/Megatron-Bridge/3rdparty/Megatron-LM/megatron/core/models/gpt/gpt_layer_specs.py:216: UserWarning: The fp8 argument in "get_gpt_layer_with_transformer_engine_spec" has been deprecated and will be removed soon. Please update your code accordingly.
[36m(WorkerDict pid=224933)[0m   warnings.warn(
[36m(WorkerDict pid=224932)[0m [transformers] `torch_dtype` is deprecated! Use `dtype` instead!
[36m(WorkerDict pid=224932)[0m /opt/Megatron-Bridge/3rdparty/Megatron-LM/megatron/core/transformer/transformer_config.py:2191: UserWarning: full scope is deprecated. Use empty cuda_graph_modules to capture the whole layer.
[36m(WorkerDict pid=224932)[0m   warnings.warn(
[36m(WorkerDict pid=224932)[0m /opt/Megatron-Bridge/3rdparty/Megatron-LM/megatron/core/models/gpt/gpt_layer_specs.py:216: UserWarning: The fp8 argument in "get_gpt_layer_with_transformer_engine_spec" has been deprecated and will be removed soon. Please update your code accordingly.
[36m(WorkerDict pid=224932)[0m   warnings.warn(
[36m(WorkerDict pid=224934)[0m /opt/Megatron-Bridge/3rdparty/Megatron-LM/megatron/core/models/mimo/config/base_configs.py:12: UserWarning: MimoModelConfig is experimental and still under active development. The API may change without notice in future releases.
[36m(WorkerDict pid=224934)[0m   class MimoModelConfig:
[36m(WorkerDict pid=224934)[0m [transformers] `torch_dtype` is deprecated! Use `dtype` instead!
[36m(WorkerDict pid=224934)[0m /opt/Megatron-Bridge/3rdparty/Megatron-LM/megatron/core/transformer/transformer_config.py:2191: UserWarning: full scope is deprecated. Use empty cuda_graph_modules to capture the whole layer.
[36m(WorkerDict pid=224934)[0m   warnings.warn(
[36m(WorkerDict pid=224934)[0m /opt/Megatron-Bridge/3rdparty/Megatron-LM/megatron/core/models/gpt/gpt_layer_specs.py:216: UserWarning: The fp8 argument in "get_gpt_layer_with_transformer_engine_spec" has been deprecated and will be removed soon. Please update your code accordingly.
[36m(WorkerDict pid=224934)[0m   warnings.warn(
[36m(WorkerDict pid=224930)[0m /opt/dev/lib/python3.12/site-packages/transformer_engine/pytorch/module/base.py:1481: UserWarning: To guarantee overlapping TP and SP collectives with the backwardGEMMs, set environment variable CUDA_DEVICE_MAX_CONNECTIONS = 1
[36m(WorkerDict pid=224930)[0m   warnings.warn(
[36m(WorkerDict pid=224929)[0m /opt/dev/lib/python3.12/site-packages/transformer_engine/pytorch/module/base.py:1481: UserWarning: To guarantee overlapping TP and SP collectives with the backwardGEMMs, set environment variable CUDA_DEVICE_MAX_CONNECTIONS = 1
[36m(WorkerDict pid=224929)[0m   warnings.warn(
[36m(WorkerDict pid=224927)[0m /opt/dev/lib/python3.12/site-packages/transformer_engine/pytorch/module/base.py:1481: UserWarning: To guarantee overlapping TP and SP collectives with the backwardGEMMs, set environment variable CUDA_DEVICE_MAX_CONNECTIONS = 1
[36m(WorkerDict pid=224927)[0m   warnings.warn(
[36m(WorkerDict pid=224931)[0m /opt/dev/lib/python3.12/site-packages/transformer_engine/pytorch/module/base.py:1481: UserWarning: To guarantee overlapping TP and SP collectives with the backwardGEMMs, set environment variable CUDA_DEVICE_MAX_CONNECTIONS = 1
[36m(WorkerDict pid=224931)[0m   warnings.warn(
[36m(WorkerDict pid=224932)[0m /opt/dev/lib/python3.12/site-packages/transformer_engine/pytorch/module/base.py:1481: UserWarning: To guarantee overlapping TP and SP collectives with the backwardGEMMs, set environment variable CUDA_DEVICE_MAX_CONNECTIONS = 1
[36m(WorkerDict pid=224932)[0m   warnings.warn(
[36m(WorkerDict pid=224929)[0m module: 1
[36m(WorkerDict pid=224934)[0m /opt/dev/lib/python3.12/site-packages/transformer_engine/pytorch/module/base.py:1481: UserWarning: To guarantee overlapping TP and SP collectives with the backwardGEMMs, set environment variable CUDA_DEVICE_MAX_CONNECTIONS = 1
[36m(WorkerDict pid=224934)[0m   warnings.warn(
[36m(WorkerDict pid=224930)[0m module: 1
[36m(WorkerDict pid=224928)[0m /opt/dev/lib/python3.12/site-packages/transformer_engine/pytorch/module/base.py:1481: UserWarning: To guarantee overlapping TP and SP collectives with the backwardGEMMs, set environment variable CUDA_DEVICE_MAX_CONNECTIONS = 1
[36m(WorkerDict pid=224928)[0m   warnings.warn(
[36m(WorkerDict pid=224927)[0m  > number of parameters on (tensor, pipeline) model parallel rank (0, 0): 2047758848
[36m(WorkerDict pid=224927)[0m module: 1
[36m(WorkerDict pid=224933)[0m /opt/dev/lib/python3.12/site-packages/transformer_engine/pytorch/module/base.py:1481: UserWarning: To guarantee overlapping TP and SP collectives with the backwardGEMMs, set environment variable CUDA_DEVICE_MAX_CONNECTIONS = 1
[36m(WorkerDict pid=224933)[0m   warnings.warn(
[36m(WorkerDict pid=224932)[0m  > number of parameters on (tensor, pipeline) model parallel rank (1, 1): 2047762944
[36m(WorkerDict pid=224932)[0m module: 1
[36m(WorkerDict pid=224928)[0m  > number of parameters on (tensor, pipeline) model parallel rank (1, 0): 2047758848
[36m(WorkerDict pid=224928)[0m module: 1
[36m(WorkerDict pid=224931)[0m  > number of parameters on (tensor, pipeline) model parallel rank (0, 1): 2047762944
[36m(WorkerDict pid=224931)[0m module: 1
[36m(WorkerDict pid=224931)[0m NCCL version 2.28.9+cuda12.9
[36m(WorkerDict pid=224934)[0m module: 1
[36m(WorkerDict pid=224933)[0m module: 1
[36m(WorkerDict pid=224933)[0m NCCL version 2.28.9+cuda12.9
[36m(WorkerDict pid=224929)[0m NCCL version 2.28.9+cuda12.9
[36m(WorkerDict pid=224927)[0m NCCL version 2.28.9+cuda12.9
[36m(WorkerDict pid=224930)[0m /home/p00938733/verl-090/verl/utils/megatron_utils.py:627: UserWarning: TypedStorage is deprecated. It will be removed in the future and UntypedStorage will be the only storage class. This should only matter to you if you are using storages directly.  To access UntypedStorage directly, use tensor.untyped_storage() instead of tensor.storage()
[36m(WorkerDict pid=224930)[0m   tensor.storage().size() == tensor.numel()
[36m(WorkerDict pid=224929)[0m /home/p00938733/verl-090/verl/utils/megatron_utils.py:627: UserWarning: TypedStorage is deprecated. It will be removed in the future and UntypedStorage will be the only storage class. This should only matter to you if you are using storages directly.  To access UntypedStorage directly, use tensor.untyped_storage() instead of tensor.storage()
[36m(WorkerDict pid=224929)[0m   tensor.storage().size() == tensor.numel()
[36m(WorkerDict pid=224930)[0m module: 1
[36m(WorkerDict pid=224929)[0m module: 1
[36m(WorkerDict pid=224927)[0m Loading from /home/p00938733/Qwen3-8B ━━━━━━━━━━━━━━━━━━━━━━━━━━━━━━━━━━━━━━━━ 100% 0:00:00 (291/291) Qwen3Bridge
[36m(WorkerDict pid=224927)[0m Float16Module contains 2.05B parameters
[36m(WorkerDict pid=224927)[0m /home/p00938733/verl-090/verl/utils/megatron_utils.py:627: UserWarning: TypedStorage is deprecated. It will be removed in the future and UntypedStorage will be the only storage class. This should only matter to you if you are using storages directly.  To access UntypedStorage directly, use tensor.untyped_storage() instead of tensor.storage()
[36m(WorkerDict pid=224927)[0m   tensor.storage().size() == tensor.numel()
[36m(WorkerDict pid=224928)[0m /home/p00938733/verl-090/verl/utils/megatron_utils.py:627: UserWarning: TypedStorage is deprecated. It will be removed in the future and UntypedStorage will be the only storage class. This should only matter to you if you are using storages directly.  To access UntypedStorage directly, use tensor.untyped_storage() instead of tensor.storage()
[36m(WorkerDict pid=224928)[0m   tensor.storage().size() == tensor.numel()
[36m(WorkerDict pid=224928)[0m  > number of parameters on (tensor, pipeline) model parallel rank (1, 0): 2047758848
[36m(WorkerDict pid=224928)[0m module: 1
[36m(WorkerDict pid=224927)[0m  > number of parameters on (tensor, pipeline) model parallel rank (0, 0): 2047758848
[36m(WorkerDict pid=224927)[0m module: 1
[36m(WorkerDict pid=224934)[0m /home/p00938733/verl-090/verl/utils/megatron_utils.py:627: UserWarning: TypedStorage is deprecated. It will be removed in the future and UntypedStorage will be the only storage class. This should only matter to you if you are using storages directly.  To access UntypedStorage directly, use tensor.untyped_storage() instead of tensor.storage()
[36m(WorkerDict pid=224934)[0m   tensor.storage().size() == tensor.numel()
[36m(WorkerDict pid=224933)[0m /home/p00938733/verl-090/verl/utils/megatron_utils.py:627: UserWarning: TypedStorage is deprecated. It will be removed in the future and UntypedStorage will be the only storage class. This should only matter to you if you are using storages directly.  To access UntypedStorage directly, use tensor.untyped_storage() instead of tensor.storage()
[36m(WorkerDict pid=224933)[0m   tensor.storage().size() == tensor.numel()
[36m(WorkerDict pid=224931)[0m /home/p00938733/verl-090/verl/utils/megatron_utils.py:627: UserWarning: TypedStorage is deprecated. It will be removed in the future and UntypedStorage will be the only storage class. This should only matter to you if you are using storages directly.  To access UntypedStorage directly, use tensor.untyped_storage() instead of tensor.storage()
[36m(WorkerDict pid=224931)[0m   tensor.storage().size() == tensor.numel()
[36m(WorkerDict pid=224932)[0m /home/p00938733/verl-090/verl/utils/megatron_utils.py:627: UserWarning: TypedStorage is deprecated. It will be removed in the future and UntypedStorage will be the only storage class. This should only matter to you if you are using storages directly.  To access UntypedStorage directly, use tensor.untyped_storage() instead of tensor.storage()
[36m(WorkerDict pid=224932)[0m   tensor.storage().size() == tensor.numel()
[36m(WorkerDict pid=224934)[0m module: 1
[36m(WorkerDict pid=224933)[0m module: 1
[36m(WorkerDict pid=224932)[0m  > number of parameters on (tensor, pipeline) model parallel rank (1, 1): 2047762944
[36m(WorkerDict pid=224931)[0m  > number of parameters on (tensor, pipeline) model parallel rank (0, 1): 2047762944
[36m(WorkerDict pid=224931)[0m module: 1
[36m(WorkerDict pid=224932)[0m module: 1
[36m(WorkerDict pid=224927)[0m Loading from /home/p00938733/Qwen3-8B ━━━━━━━━━━━━━━━━━━━━━━━━━━━━━━━━━━━━━━━━ 100% 0:00:00 (291/291) Qwen3Bridge
[36m(WorkerDict pid=224927)[0m DistributedDataParallel contains 2.05B parameters
[36m(WorkerDict pid=224927)[0m optimizer config after override: {'optimizer': 'adam', 'lr': 0.0, 'min_lr': 0.0, 'clip_grad': 1.0, 'weight_decay': 0.01, 'use_distributed_optimizer': True, 'bf16': True, 'params_dtype': torch.bfloat16}
[36m(TaskRunnerV1 pid=223685)[0m INFO:2026-09-11 13:39:37,627:actor and ref model engine initialized
[36m(TaskRunnerV1 pid=223685)[0m INFO:2026-09-11 13:39:37,812:reward loop manager initialized
[36m(TaskRunnerV1 pid=223685)[0m [transformers] `Qwen2VLImageProcessorFast` is deprecated. The `Fast` suffix for image processors has been removed; use `Qwen2VLImageProcessor` instead.
[36m(pid=228478)[0m [transformers] `Qwen2VLImageProcessorFast` is deprecated. The `Fast` suffix for image processors has been removed; use `Qwen2VLImageProcessor` instead.
[36m(pid=228479)[0m [transformers] `Qwen2VLImageProcessorFast` is deprecated. The `Fast` suffix for image processors has been removed; use `Qwen2VLImageProcessor` instead.
[36m(vLLMHttpServer pid=228478)[0m ['serve',
[36m(vLLMHttpServer pid=228478)[0m  '/home/p00938733/Qwen3-8B',
[36m(vLLMHttpServer pid=228478)[0m  '--dtype',
[36m(vLLMHttpServer pid=228478)[0m  'bfloat16',
[36m(vLLMHttpServer pid=228478)[0m  '--load_format',
[36m(vLLMHttpServer pid=228478)[0m  'dummy',
[36m(vLLMHttpServer pid=228478)[0m  '--distributed_executor_backend',
[36m(vLLMHttpServer pid=228478)[0m  'mp',
[36m(vLLMHttpServer pid=228478)[0m  '--worker_extension_cls',
[36m(vLLMHttpServer pid=228478)[0m  'verl.workers.rollout.vllm_rollout.utils.vLLMColocateWorkerExtension',
[36m(vLLMHttpServer pid=228478)[0m  '--max_model_len',
[36m(vLLMHttpServer pid=228478)[0m  '16640',
[36m(vLLMHttpServer pid=228478)[0m  '--max_num_seqs',
[36m(vLLMHttpServer pid=228478)[0m  '256',
[36m(vLLMHttpServer pid=228478)[0m  '--enable_chunked_prefill',
[36m(vLLMHttpServer pid=228478)[0m  '--max_num_batched_tokens',
[36m(vLLMHttpServer pid=228478)[0m  '65536',
[36m(vLLMHttpServer pid=228478)[0m  '--enable_prefix_caching',
[36m(vLLMHttpServer pid=228478)[0m  '--enable_sleep_mode',
[36m(vLLMHttpServer pid=228478)[0m  '--logprobs_mode',
[36m(vLLMHttpServer pid=228478)[0m  'processed_logprobs',
[36m(vLLMHttpServer pid=228478)[0m  '--gpu_memory_utilization',
[36m(vLLMHttpServer pid=228478)[0m  '0.5',
[36m(vLLMHttpServer pid=228478)[0m  '--disable_log_stats',
[36m(vLLMHttpServer pid=228478)[0m  '--tensor_parallel_size',
[36m(vLLMHttpServer pid=228478)[0m  '4',
[36m(vLLMHttpServer pid=228478)[0m  '--seed',
[36m(vLLMHttpServer pid=228478)[0m  '42',
[36m(vLLMHttpServer pid=228478)[0m  '--override_generation_config',
[36m(vLLMHttpServer pid=228478)[0m  '{"temperature": 1.0, "top_k": -1, "top_p": 0.95, "repetition_penalty": 1.0, '
[36m(vLLMHttpServer pid=228478)[0m  '"max_new_tokens": 8192}',
[36m(vLLMHttpServer pid=228478)[0m  '--hf_overrides',
[36m(vLLMHttpServer pid=228478)[0m  '{}',
[36m(vLLMHttpServer pid=228478)[0m  '--scheduling_policy',
[36m(vLLMHttpServer pid=228478)[0m  'fcfs',
[36m(vLLMHttpServer pid=228478)[0m  '--compilation_config',
[36m(vLLMHttpServer pid=228478)[0m  '{"cudagraph_mode": "FULL_AND_PIECEWISE"}']
[36m(vLLMHttpServer pid=228478)[0m WARNING 09-11 13:39:58 [envs.py:2057] Unknown vLLM environment variable detected: VLLM_USE_V1
[36m(vLLMHttpServer pid=228479)[0m WARNING 09-11 13:40:00 [envs.py:2057] Unknown vLLM environment variable detected: VLLM_USE_V1
[36m(vLLMHttpServer pid=228478)[0m WARNING 09-11 13:40:02 [system_utils.py:157] We must use the `spawn` multiprocessing start method. Overriding VLLM_WORKER_MULTIPROC_METHOD to 'spawn'. See https://docs.vllm.ai/en/latest/usage/troubleshooting.html#python-multiprocessing for more information. Reasons: In a Ray actor and can only be spawned; CUDA is initialized
[36m(vLLMHttpServer pid=228479)[0m WARNING 09-11 13:40:05 [system_utils.py:157] We must use the `spawn` multiprocessing start method. Overriding VLLM_WORKER_MULTIPROC_METHOD to 'spawn'. See https://docs.vllm.ai/en/latest/usage/troubleshooting.html#python-multiprocessing for more information. Reasons: In a Ray actor and can only be spawned; CUDA is initialized
[36m(vLLMHttpServer pid=228478)[0m [transformers] `Qwen2VLImageProcessorFast` is deprecated. The `Fast` suffix for image processors has been removed; use `Qwen2VLImageProcessor` instead.
[36m(vLLMHttpServer pid=228478)[0m [transformers] `Qwen2VLImageProcessorFast` is deprecated. The `Fast` suffix for image processors has been removed; use `Qwen2VLImageProcessor` instead.
[36m(vLLMHttpServer pid=228478)[0m [transformers] `Qwen2VLImageProcessorFast` is deprecated. The `Fast` suffix for image processors has been removed; use `Qwen2VLImageProcessor` instead.
[36m(vLLMHttpServer pid=228479)[0m [transformers] `Qwen2VLImageProcessorFast` is deprecated. The `Fast` suffix for image processors has been removed; use `Qwen2VLImageProcessor` instead.
[36m(vLLMHttpServer pid=228478)[0m [transformers] `Qwen2VLImageProcessorFast` is deprecated. The `Fast` suffix for image processors has been removed; use `Qwen2VLImageProcessor` instead.
[36m(vLLMHttpServer pid=228479)[0m [transformers] `Qwen2VLImageProcessorFast` is deprecated. The `Fast` suffix for image processors has been removed; use `Qwen2VLImageProcessor` instead.
[36m(vLLMHttpServer pid=228479)[0m [transformers] `Qwen2VLImageProcessorFast` is deprecated. The `Fast` suffix for image processors has been removed; use `Qwen2VLImageProcessor` instead.
[36m(vLLMHttpServer pid=228479)[0m [transformers] `Qwen2VLImageProcessorFast` is deprecated. The `Fast` suffix for image processors has been removed; use `Qwen2VLImageProcessor` instead.
[36m(vLLMHttpServer pid=228478)[0m (Worker pid=229287) <frozen importlib._bootstrap_external>:1297: FutureWarning: The cuda.cudart module is deprecated and will be removed in a future release, please switch to use the cuda.bindings.runtime module instead.
[36m(vLLMHttpServer pid=228478)[0m (Worker pid=229286) <frozen importlib._bootstrap_external>:1297: FutureWarning: The cuda.cudart module is deprecated and will be removed in a future release, please switch to use the cuda.bindings.runtime module instead.
[36m(vLLMHttpServer pid=228478)[0m (Worker pid=229287) <frozen importlib._bootstrap_external>:1297: FutureWarning: The cuda.nvrtc module is deprecated and will be removed in a future release, please switch to use the cuda.bindings.nvrtc module instead.
[36m(vLLMHttpServer pid=228478)[0m (Worker pid=229286) <frozen importlib._bootstrap_external>:1297: FutureWarning: The cuda.nvrtc module is deprecated and will be removed in a future release, please switch to use the cuda.bindings.nvrtc module instead.
[36m(vLLMHttpServer pid=228478)[0m (Worker pid=229288) <frozen importlib._bootstrap_external>:1297: FutureWarning: The cuda.cudart module is deprecated and will be removed in a future release, please switch to use the cuda.bindings.runtime module instead.
[36m(vLLMHttpServer pid=228478)[0m (Worker pid=229285) <frozen importlib._bootstrap_external>:1297: FutureWarning: The cuda.cudart module is deprecated and will be removed in a future release, please switch to use the cuda.bindings.runtime module instead.
[36m(vLLMHttpServer pid=228478)[0m (Worker pid=229288) <frozen importlib._bootstrap_external>:1297: FutureWarning: The cuda.nvrtc module is deprecated and will be removed in a future release, please switch to use the cuda.bindings.nvrtc module instead.
[36m(vLLMHttpServer pid=228478)[0m (Worker pid=229285) <frozen importlib._bootstrap_external>:1297: FutureWarning: The cuda.nvrtc module is deprecated and will be removed in a future release, please switch to use the cuda.bindings.nvrtc module instead.
[36m(vLLMHttpServer pid=228479)[0m (Worker pid=229310) <frozen importlib._bootstrap_external>:1297: FutureWarning: The cuda.cudart module is deprecated and will be removed in a future release, please switch to use the cuda.bindings.runtime module instead.
[36m(vLLMHttpServer pid=228479)[0m (Worker pid=229310) <frozen importlib._bootstrap_external>:1297: FutureWarning: The cuda.nvrtc module is deprecated and will be removed in a future release, please switch to use the cuda.bindings.nvrtc module instead.
[36m(vLLMHttpServer pid=228479)[0m (Worker pid=229311) <frozen importlib._bootstrap_external>:1297: FutureWarning: The cuda.cudart module is deprecated and will be removed in a future release, please switch to use the cuda.bindings.runtime module instead.
[36m(vLLMHttpServer pid=228479)[0m (Worker pid=229311) <frozen importlib._bootstrap_external>:1297: FutureWarning: The cuda.nvrtc module is deprecated and will be removed in a future release, please switch to use the cuda.bindings.nvrtc module instead.
[36m(vLLMHttpServer pid=228479)[0m (Worker pid=229309) <frozen importlib._bootstrap_external>:1297: FutureWarning: The cuda.cudart module is deprecated and will be removed in a future release, please switch to use the cuda.bindings.runtime module instead.
[36m(vLLMHttpServer pid=228479)[0m (Worker pid=229309) <frozen importlib._bootstrap_external>:1297: FutureWarning: The cuda.nvrtc module is deprecated and will be removed in a future release, please switch to use the cuda.bindings.nvrtc module instead.
[36m(vLLMHttpServer pid=228479)[0m (Worker pid=229312) <frozen importlib._bootstrap_external>:1297: FutureWarning: The cuda.cudart module is deprecated and will be removed in a future release, please switch to use the cuda.bindings.runtime module instead.
[36m(vLLMHttpServer pid=228479)[0m (Worker pid=229312) <frozen importlib._bootstrap_external>:1297: FutureWarning: The cuda.nvrtc module is deprecated and will be removed in a future release, please switch to use the cuda.bindings.nvrtc module instead.
[36m(vLLMHttpServer pid=228479)[0m NCCL version 2.28.9+cuda12.9
[36m(vLLMHttpServer pid=228478)[0m NCCL version 2.28.9+cuda12.9
[36m(vLLMHttpServer pid=228478)[0m (Worker pid=229287) WARNING 09-11 13:40:29 [symm_mem.py:66] SymmMemCommunicator: Device capability 8.0 not supported, communicator is not available.
[36m(vLLMHttpServer pid=228478)[0m (Worker pid=229286) WARNING 09-11 13:40:29 [symm_mem.py:66] SymmMemCommunicator: Device capability 8.0 not supported, communicator is not available.
[36m(vLLMHttpServer pid=228478)[0m (Worker pid=229288) WARNING 09-11 13:40:29 [symm_mem.py:66] SymmMemCommunicator: Device capability 8.0 not supported, communicator is not available.
[36m(vLLMHttpServer pid=228478)[0m (Worker pid=229285) WARNING 09-11 13:40:29 [symm_mem.py:66] SymmMemCommunicator: Device capability 8.0 not supported, communicator is not available.
[36m(vLLMHttpServer pid=228479)[0m (Worker pid=229309) WARNING 09-11 13:40:29 [symm_mem.py:66] SymmMemCommunicator: Device capability 8.0 not supported, communicator is not available.
[36m(vLLMHttpServer pid=228479)[0m (Worker pid=229311) WARNING 09-11 13:40:29 [symm_mem.py:66] SymmMemCommunicator: Device capability 8.0 not supported, communicator is not available.
[36m(vLLMHttpServer pid=228479)[0m (Worker pid=229312) WARNING 09-11 13:40:29 [symm_mem.py:66] SymmMemCommunicator: Device capability 8.0 not supported, communicator is not available.
[36m(vLLMHttpServer pid=228479)[0m (Worker pid=229310) WARNING 09-11 13:40:29 [symm_mem.py:66] SymmMemCommunicator: Device capability 8.0 not supported, communicator is not available.
[36m(vLLMHttpServer pid=228479)[0m (Worker_TP0 pid=229309) Capturing CUDA graphs (PIECEWISE):   0%|          | 0/51 [00:00<?, ?it/s]
[36m(vLLMHttpServer pid=228478)[0m (Worker_TP0 pid=229285) Capturing CUDA graphs (PIECEWISE):   0%|          | 0/51 [00:00<?, ?it/s]
[36m(vLLMHttpServer pid=228479)[0m Capturing CUDA graphs (PIECEWISE):   4%|▍         | 2/51 [00:00<00:02, 17.46it/s]
[36m(vLLMHttpServer pid=228478)[0m Capturing CUDA graphs (PIECEWISE):   4%|▍         | 2/51 [00:00<00:03, 15.60it/s]
[36m(vLLMHttpServer pid=228479)[0m Capturing CUDA graphs (PIECEWISE):   8%|▊         | 4/51 [00:00<00:02, 18.63it/s]
[36m(vLLMHttpServer pid=228478)[0m Capturing CUDA graphs (PIECEWISE):  10%|▉         | 5/51 [00:00<00:02, 19.82it/s]
[36m(vLLMHttpServer pid=228479)[0m Capturing CUDA graphs (PIECEWISE):  14%|█▎        | 7/51 [00:00<00:02, 21.02it/s]
[36m(vLLMHttpServer pid=228478)[0m Capturing CUDA graphs (PIECEWISE):  16%|█▌        | 8/51 [00:00<00:02, 19.10it/s]
[36m(vLLMHttpServer pid=228479)[0m Capturing CUDA graphs (PIECEWISE):  20%|█▉        | 10/51 [00:00<00:01, 21.48it/s]
[36m(vLLMHttpServer pid=228478)[0m Capturing CUDA graphs (PIECEWISE):  20%|█▉        | 10/51 [00:00<00:02, 14.28it/s]
[36m(vLLMHttpServer pid=228479)[0m Capturing CUDA graphs (PIECEWISE):  25%|██▌       | 13/51 [00:00<00:02, 14.75it/s]
[36m(vLLMHttpServer pid=228478)[0m Capturing CUDA graphs (PIECEWISE):  25%|██▌       | 13/51 [00:00<00:02, 16.95it/s]
[36m(vLLMHttpServer pid=228479)[0m Capturing CUDA graphs (PIECEWISE):  31%|███▏      | 16/51 [00:00<00:02, 17.03it/s]
[36m(vLLMHttpServer pid=228478)[0m Capturing CUDA graphs (PIECEWISE):  31%|███▏      | 16/51 [00:00<00:02, 17.47it/s]
[36m(vLLMHttpServer pid=228479)[0m Capturing CUDA graphs (PIECEWISE):  37%|███▋      | 19/51 [00:01<00:01, 17.77it/s]
[36m(vLLMHttpServer pid=228478)[0m Capturing CUDA graphs (PIECEWISE):  35%|███▌      | 18/51 [00:01<00:02, 15.80it/s]
[36m(vLLMHttpServer pid=228479)[0m Capturing CUDA graphs (PIECEWISE):  41%|████      | 21/51 [00:01<00:01, 16.05it/s]
[36m(vLLMHttpServer pid=228478)[0m Capturing CUDA graphs (PIECEWISE):  39%|███▉      | 20/51 [00:01<00:01, 16.45it/s]
[36m(vLLMHttpServer pid=228479)[0m Capturing CUDA graphs (PIECEWISE):  45%|████▌     | 23/51 [00:01<00:01, 16.50it/s]
[36m(vLLMHttpServer pid=228478)[0m Capturing CUDA graphs (PIECEWISE):  45%|████▌     | 23/51 [00:01<00:01, 18.35it/s]
[36m(vLLMHttpServer pid=228479)[0m Capturing CUDA graphs (PIECEWISE):  51%|█████     | 26/51 [00:01<00:01, 18.50it/s]
[36m(vLLMHttpServer pid=228478)[0m Capturing CUDA graphs (PIECEWISE):  51%|█████     | 26/51 [00:01<00:01, 19.88it/s]
[36m(vLLMHttpServer pid=228479)[0m Capturing CUDA graphs (PIECEWISE):  57%|█████▋    | 29/51 [00:01<00:01, 20.03it/s]
[36m(vLLMHttpServer pid=228478)[0m Capturing CUDA graphs (PIECEWISE):  57%|█████▋    | 29/51 [00:01<00:01, 20.99it/s]
[36m(vLLMHttpServer pid=228479)[0m Capturing CUDA graphs (PIECEWISE):  63%|██████▎   | 32/51 [00:01<00:00, 21.27it/s]
[36m(vLLMHttpServer pid=228478)[0m Capturing CUDA graphs (PIECEWISE):  63%|██████▎   | 32/51 [00:01<00:00, 21.96it/s]
[36m(vLLMHttpServer pid=228479)[0m Capturing CUDA graphs (PIECEWISE):  69%|██████▊   | 35/51 [00:01<00:00, 21.83it/s]
[36m(vLLMHttpServer pid=228478)[0m Capturing CUDA graphs (PIECEWISE):  69%|██████▊   | 35/51 [00:01<00:00, 22.28it/s]
[36m(vLLMHttpServer pid=228479)[0m Capturing CUDA graphs (PIECEWISE):  75%|███████▍  | 38/51 [00:01<00:00, 22.31it/s]
[36m(vLLMHttpServer pid=228478)[0m Capturing CUDA graphs (PIECEWISE):  75%|███████▍  | 38/51 [00:02<00:00, 18.06it/s]
[36m(vLLMHttpServer pid=228479)[0m Capturing CUDA graphs (PIECEWISE):  80%|████████  | 41/51 [00:02<00:00, 19.59it/s]
[36m(vLLMHttpServer pid=228478)[0m Capturing CUDA graphs (PIECEWISE):  78%|███████▊  | 40/51 [00:02<00:00, 17.21it/s]
[36m(vLLMHttpServer pid=228479)[0m Capturing CUDA graphs (PIECEWISE):  86%|████████▋ | 44/51 [00:02<00:00, 18.04it/s]
[36m(vLLMHttpServer pid=228478)[0m Capturing CUDA graphs (PIECEWISE):  84%|████████▍ | 43/51 [00:02<00:00, 18.84it/s]
[36m(vLLMHttpServer pid=228479)[0m Capturing CUDA graphs (PIECEWISE):  92%|█████████▏| 47/51 [00:02<00:00, 18.93it/s]
[36m(vLLMHttpServer pid=228478)[0m Capturing CUDA graphs (PIECEWISE):  90%|█████████ | 46/51 [00:02<00:00, 19.57it/s]
[36m(vLLMHttpServer pid=228479)[0m Capturing CUDA graphs (PIECEWISE):  98%|█████████▊| 50/51 [00:02<00:00, 20.17it/s]
[36m(vLLMHttpServer pid=228478)[0m Capturing CUDA graphs (PIECEWISE):  96%|█████████▌| 49/51 [00:02<00:00, 20.69it/s]
[36m(vLLMHttpServer pid=228479)[0m Capturing CUDA graphs (PIECEWISE): 100%|██████████| 51/51 [00:02<00:00, 19.00it/s]
[36m(vLLMHttpServer pid=228479)[0m (Worker_TP0 pid=229309) Capturing CUDA graphs (FULL):   0%|          | 0/35 [00:00<?, ?it/s]
[36m(vLLMHttpServer pid=228478)[0m Capturing CUDA graphs (PIECEWISE): 100%|██████████| 51/51 [00:02<00:00, 18.89it/s]
[36m(vLLMHttpServer pid=228478)[0m (Worker_TP0 pid=229285) Capturing CUDA graphs (FULL):   0%|          | 0/35 [00:00<?, ?it/s]
[36m(vLLMHttpServer pid=228479)[0m Capturing CUDA graphs (FULL):   9%|▊         | 3/35 [00:00<00:01, 21.47it/s]
[36m(vLLMHttpServer pid=228478)[0m Capturing CUDA graphs (FULL):   6%|▌         | 2/35 [00:00<00:01, 18.27it/s]
[36m(vLLMHttpServer pid=228479)[0m Capturing CUDA graphs (FULL):  17%|█▋        | 6/35 [00:00<00:01, 17.70it/s]
[36m(vLLMHttpServer pid=228478)[0m Capturing CUDA graphs (FULL):  11%|█▏        | 4/35 [00:00<00:02, 12.44it/s]
[36m(vLLMHttpServer pid=228479)[0m Capturing CUDA graphs (FULL):  23%|██▎       | 8/35 [00:00<00:01, 14.52it/s]
[36m(vLLMHttpServer pid=228478)[0m Capturing CUDA graphs (FULL):  17%|█▋        | 6/35 [00:00<00:02, 12.33it/s]
[36m(vLLMHttpServer pid=228479)[0m Capturing CUDA graphs (FULL):  29%|██▊       | 10/35 [00:00<00:01, 14.65it/s]
[36m(vLLMHttpServer pid=228478)[0m Capturing CUDA graphs (FULL):  26%|██▌       | 9/35 [00:00<00:01, 15.87it/s]
[36m(vLLMHttpServer pid=228479)[0m Capturing CUDA graphs (FULL):  37%|███▋      | 13/35 [00:00<00:01, 17.38it/s]
[36m(vLLMHttpServer pid=228478)[0m Capturing CUDA graphs (FULL):  34%|███▍      | 12/35 [00:00<00:01, 18.13it/s]
[36m(vLLMHttpServer pid=228479)[0m Capturing CUDA graphs (FULL):  46%|████▌     | 16/35 [00:00<00:00, 19.36it/s]
[36m(vLLMHttpServer pid=228478)[0m Capturing CUDA graphs (FULL):  43%|████▎     | 15/35 [00:00<00:01, 19.84it/s]
[36m(vLLMHttpServer pid=228479)[0m Capturing CUDA graphs (FULL):  54%|█████▍    | 19/35 [00:01<00:00, 20.45it/s]
[36m(vLLMHttpServer pid=228478)[0m Capturing CUDA graphs (FULL):  51%|█████▏    | 18/35 [00:00<00:00, 20.91it/s]
[36m(vLLMHttpServer pid=228479)[0m Capturing CUDA graphs (FULL):  63%|██████▎   | 22/35 [00:01<00:00, 21.24it/s]
[36m(vLLMHttpServer pid=228478)[0m Capturing CUDA graphs (FULL):  60%|██████    | 21/35 [00:01<00:00, 21.51it/s]
[36m(vLLMHttpServer pid=228479)[0m Capturing CUDA graphs (FULL):  71%|███████▏  | 25/35 [00:01<00:00, 21.90it/s]
[36m(vLLMHttpServer pid=228478)[0m Capturing CUDA graphs (FULL):  69%|██████▊   | 24/35 [00:01<00:00, 21.93it/s]
[36m(vLLMHttpServer pid=228479)[0m Capturing CUDA graphs (FULL):  80%|████████  | 28/35 [00:01<00:00, 22.50it/s]
[36m(vLLMHttpServer pid=228478)[0m Capturing CUDA graphs (FULL):  77%|███████▋  | 27/35 [00:01<00:00, 22.38it/s]
[36m(vLLMHttpServer pid=228479)[0m Capturing CUDA graphs (FULL):  89%|████████▊ | 31/35 [00:01<00:00, 23.02it/s]
[36m(vLLMHttpServer pid=228478)[0m Capturing CUDA graphs (FULL):  86%|████████▌ | 30/35 [00:01<00:00, 22.84it/s]
[36m(vLLMHttpServer pid=228479)[0m Capturing CUDA graphs (FULL):  97%|█████████▋| 34/35 [00:01<00:00, 23.35it/s]Capturing CUDA graphs (FULL): 100%|██████████| 35/35 [00:01<00:00, 20.54it/s]
[36m(vLLMHttpServer pid=228478)[0m Capturing CUDA graphs (FULL):  94%|█████████▍| 33/35 [00:01<00:00, 23.19it/s]
[36m(vLLMHttpServer pid=228478)[0m Capturing CUDA graphs (FULL): 100%|██████████| 35/35 [00:01<00:00, 20.41it/s]
[36m(vLLMHttpServer pid=228478)[0m WARNING 09-11 13:40:53 [api_router.py:30] LoRA dynamic loading & unloading is enabled in the API server. This should ONLY be used for local development!
[36m(vLLMHttpServer pid=228478)[0m WARNING 09-11 13:40:54 [model.py:1509] Default vLLM sampling parameters have been overridden by the model's `generation_config.json`: `{'repetition_penalty': 1.0, 'temperature': 1.0, 'top_k': -1, 'top_p': 0.95, 'max_tokens': 8192}`. If this is not intended, please relaunch vLLM instance with `--generation-config vllm`.
[36m(vLLMHttpServer pid=228479)[0m WARNING 09-11 13:40:54 [api_router.py:30] LoRA dynamic loading & unloading is enabled in the API server. This should ONLY be used for local development!
[36m(vLLMHttpServer pid=228479)[0m WARNING 09-11 13:40:54 [model.py:1509] Default vLLM sampling parameters have been overridden by the model's `generation_config.json`: `{'repetition_penalty': 1.0, 'temperature': 1.0, 'top_k': -1, 'top_p': 0.95, 'max_tokens': 8192}`. If this is not intended, please relaunch vLLM instance with `--generation-config vllm`.
[36m(TaskRunnerV1 pid=223685)[0m INFO:2026-09-11 13:40:55,463:checkpoint engine manager initialized
[36m(TaskRunnerV1 pid=223685)[0m LLMServerManager: ['10.90.67.85:38463', '10.90.67.85:46157']
[36m(TaskRunnerV1 pid=223685)[0m INFO:2026-09-11 13:40:56,852:all initialize finished, ready to fit
[36m(WorkerDict pid=224931)[0m /home/p00938733/verl-090/verl/plugin/platform/platform_cuda.py:99: FutureWarning: torch.cuda._set_allocator_settings is deprecated. Use torch._C._accelerator_setAllocatorSettings instead.
[36m(WorkerDict pid=224931)[0m   torch.cuda.memory._set_allocator_settings(settings)
[36m(WorkerDict pid=224932)[0m /home/p00938733/verl-090/verl/plugin/platform/platform_cuda.py:99: FutureWarning: torch.cuda._set_allocator_settings is deprecated. Use torch._C._accelerator_setAllocatorSettings instead.
[36m(WorkerDict pid=224932)[0m   torch.cuda.memory._set_allocator_settings(settings)
[36m(WorkerDict pid=224934)[0m /home/p00938733/verl-090/verl/plugin/platform/platform_cuda.py:99: FutureWarning: torch.cuda._set_allocator_settings is deprecated. Use torch._C._accelerator_setAllocatorSettings instead.
[36m(WorkerDict pid=224934)[0m   torch.cuda.memory._set_allocator_settings(settings)
[36m(WorkerDict pid=224930)[0m /home/p00938733/verl-090/verl/plugin/platform/platform_cuda.py:99: FutureWarning: torch.cuda._set_allocator_settings is deprecated. Use torch._C._accelerator_setAllocatorSettings instead.
[36m(WorkerDict pid=224930)[0m   torch.cuda.memory._set_allocator_settings(settings)
[36m(WorkerDict pid=224927)[0m /home/p00938733/verl-090/verl/plugin/platform/platform_cuda.py:99: FutureWarning: torch.cuda._set_allocator_settings is deprecated. Use torch._C._accelerator_setAllocatorSettings instead.
[36m(WorkerDict pid=224927)[0m   torch.cuda.memory._set_allocator_settings(settings)
[36m(WorkerDict pid=224929)[0m /home/p00938733/verl-090/verl/plugin/platform/platform_cuda.py:99: FutureWarning: torch.cuda._set_allocator_settings is deprecated. Use torch._C._accelerator_setAllocatorSettings instead.
[36m(WorkerDict pid=224929)[0m   torch.cuda.memory._set_allocator_settings(settings)
[36m(WorkerDict pid=224928)[0m /home/p00938733/verl-090/verl/plugin/platform/platform_cuda.py:99: FutureWarning: torch.cuda._set_allocator_settings is deprecated. Use torch._C._accelerator_setAllocatorSettings instead.
[36m(WorkerDict pid=224928)[0m   torch.cuda.memory._set_allocator_settings(settings)
[36m(WorkerDict pid=224933)[0m /home/p00938733/verl-090/verl/plugin/platform/platform_cuda.py:99: FutureWarning: torch.cuda._set_allocator_settings is deprecated. Use torch._C._accelerator_setAllocatorSettings instead.
[36m(WorkerDict pid=224933)[0m   torch.cuda.memory._set_allocator_settings(settings)
[36m(WorkerDict pid=224927)[0m [transformers] `Qwen2VLImageProcessorFast` is deprecated. The `Fast` suffix for image processors has been removed; use `Qwen2VLImageProcessor` instead.
[36m(WorkerDict pid=224931)[0m [transformers] `Qwen2VLImageProcessorFast` is deprecated. The `Fast` suffix for image processors has been removed; use `Qwen2VLImageProcessor` instead.
[36m(vLLMHttpServer pid=228478)[0m (EngineCore pid=229070) WARNING 09-11 13:40:57 [scheduler.py:1948] reset_connector called but no KV connector is configured.
[36m(vLLMHttpServer pid=228479)[0m (EngineCore pid=229094) WARNING 09-11 13:40:58 [scheduler.py:1948] reset_connector called but no KV connector is configured.
[36m(WorkerDict pid=224928)[0m NCCL version 2.28.9+cuda12.9
[36m(WorkerDict pid=224930)[0m NCCL version 2.28.9+cuda12.9
[36m(GlobalRequestLoadBalancer pid=231111)[0m W0911 13:41:04.819000 231111 torch/utils/cpp_extension.py:140] No CUDA runtime is found, using CUDA_HOME='/usr/local/cuda'
[36m(GlobalRequestLoadBalancer pid=231111)[0m [transformers] `Qwen2VLImageProcessorFast` is deprecated. The `Fast` suffix for image processors has been removed; use `Qwen2VLImageProcessor` instead.
[36m(WorkerDict pid=224927)[0m Converting to HuggingFace ━━━━━━━━━━━━━━━━━━━━━━━━━━━━━━━━━━━━━━━━ 100% 0:00:00 (291/291) Qwen3Bridge
[36m(vLLMHttpServer pid=228478)[0m (EngineCore pid=229070) WARNING 09-11 13:41:25 [scheduler.py:1948] reset_connector called but no KV connector is configured.
[36m(vLLMHttpServer pid=228479)[0m (EngineCore pid=229094) WARNING 09-11 13:41:25 [scheduler.py:1948] reset_connector called but no KV connector is configured.
[36m(vLLMHttpServer pid=228479)[0m (EngineCore pid=229094) WARNING 09-11 13:41:27 [scheduler.py:1948] reset_connector called but no KV connector is configured.
[36m(vLLMHttpServer pid=228478)[0m (EngineCore pid=229070) WARNING 09-11 13:41:27 [scheduler.py:1948] reset_connector called but no KV connector is configured.
[36m(TaskRunnerV1 pid=223685)[0m Training Progress:   0%|          | 0/4 [00:00<?, ?it/s]
[36m(TaskRunnerV1 pid=223685)[0m [RolloutTqSkip()] [33mInjected 16 cached trajectories from step 1 (4 prompts x 4) into TQ partition 'train' at current step 1[0m
[36m(WorkerDict pid=224931)[0m Using blocking ray.get inside async actor. This blocks the event loop. Please use `await` on object ref with asyncio.gather if you want to yield execution to the event loop instead.
[36m(WorkerDict pid=224932)[0m Using blocking ray.get inside async actor. This blocks the event loop. Please use `await` on object ref with asyncio.gather if you want to yield execution to the event loop instead.
[36m(WorkerDict pid=224934)[0m Using blocking ray.get inside async actor. This blocks the event loop. Please use `await` on object ref with asyncio.gather if you want to yield execution to the event loop instead.
[36m(WorkerDict pid=224930)[0m Using blocking ray.get inside async actor. This blocks the event loop. Please use `await` on object ref with asyncio.gather if you want to yield execution to the event loop instead.
[36m(WorkerDict pid=224927)[0m Using blocking ray.get inside async actor. This blocks the event loop. Please use `await` on object ref with asyncio.gather if you want to yield execution to the event loop instead.
[36m(WorkerDict pid=224929)[0m Using blocking ray.get inside async actor. This blocks the event loop. Please use `await` on object ref with asyncio.gather if you want to yield execution to the event loop instead.
[36m(WorkerDict pid=224928)[0m Using blocking ray.get inside async actor. This blocks the event loop. Please use `await` on object ref with asyncio.gather if you want to yield execution to the event loop instead.
[36m(WorkerDict pid=224933)[0m Using blocking ray.get inside async actor. This blocks the event loop. Please use `await` on object ref with asyncio.gather if you want to yield execution to the event loop instead.
[36m(WorkerDict pid=224932)[0m NCCL version 2.28.9+cuda12.9
[36m(WorkerDict pid=224934)[0m NCCL version 2.28.9+cuda12.9
[36m(WorkerDict pid=224927)[0m [rank0]:W0911 13:41:31.095000 224927 torch/fx/_symbolic_trace.py:53] is_fx_tracing will return true for both fx.symbolic_trace and torch.export. Please use is_fx_tracing_symbolic_tracing() for specifically fx.symbolic_trace or torch.compiler.is_compiling() for specifically torch.export/compile.
[36m(WorkerDict pid=224929)[0m [rank2]:W0911 13:41:31.083000 224929 torch/fx/_symbolic_trace.py:53] is_fx_tracing will return true for both fx.symbolic_trace and torch.export. Please use is_fx_tracing_symbolic_tracing() for specifically fx.symbolic_trace or torch.compiler.is_compiling() for specifically torch.export/compile.
[36m(WorkerDict pid=224928)[0m [rank1]:W0911 13:41:31.048000 224928 torch/fx/_symbolic_trace.py:53] is_fx_tracing will return true for both fx.symbolic_trace and torch.export. Please use is_fx_tracing_symbolic_tracing() for specifically fx.symbolic_trace or torch.compiler.is_compiling() for specifically torch.export/compile.
[36m(WorkerDict pid=224930)[0m [rank3]:W0911 13:41:31.163000 224930 torch/fx/_symbolic_trace.py:53] is_fx_tracing will return true for both fx.symbolic_trace and torch.export. Please use is_fx_tracing_symbolic_tracing() for specifically fx.symbolic_trace or torch.compiler.is_compiling() for specifically torch.export/compile.
[36m(WorkerDict pid=224930)[0m WARNING:2026-09-11 13:41:31,567:flash-attn v4 may provide important feature support or performance improvement. Please install flash-attn v4 by 
[36m(WorkerDict pid=224930)[0m pip install flash-attn-4==4.0.0b11 nvidia-cutlass-dsl[cu13]
[36m(WorkerDict pid=224929)[0m WARNING:2026-09-11 13:41:31,552:flash-attn v4 may provide important feature support or performance improvement. Please install flash-attn v4 by 
[36m(WorkerDict pid=224929)[0m pip install flash-attn-4==4.0.0b11 nvidia-cutlass-dsl[cu13]
[36m(WorkerDict pid=224928)[0m WARNING:2026-09-11 13:41:31,555:flash-attn v4 may provide important feature support or performance improvement. Please install flash-attn v4 by 
[36m(WorkerDict pid=224928)[0m pip install flash-attn-4==4.0.0b11 nvidia-cutlass-dsl[cu13]
[36m(WorkerDict pid=224929)[0m [rank2]:[W911 13:41:36.128613173 ProcessGroupNCCL.cpp:4094] Warning: An unbatched P2P op (send/recv) was called on this ProcessGroup with size 2.  In lazy initialization mode, this will result in a new 2-rank NCCL communicator to be created. (function operator())
[36m(WorkerDict pid=224933)[0m [rank6]:[W911 13:41:36.140116028 ProcessGroupNCCL.cpp:4094] Warning: An unbatched P2P op (send/recv) was called on this ProcessGroup with size 2.  In lazy initialization mode, this will result in a new 2-rank NCCL communicator to be created. (function operator())
[36m(pid=231841)[0m WARNING:2026-09-11 13:41:47,904:No supported accelerator detected. Registered: ('nvidia', 'huawei', 'amd'). Falling back to 'nvidia'.
[36m(pid=231841)[0m WARNING:2026-09-11 13:41:47,905:Platform 'nvidia' (PlatformCUDA) is registered but not available. This may be due to this ray actor being a CPU-only actor.
[36m(pid=231841)[0m /home/p00938733/verl-090/verl/workers/engine/__init__.py:32: UserWarning: torchtitan engine is not available: ModuleNotFoundError("No module named 'torchtitan'")
[36m(pid=231841)[0m   warnings.warn(f"torchtitan engine is not available: {e!r}", stacklevel=1)
[36m(pid=231841)[0m /home/p00938733/verl-090/verl/workers/engine/__init__.py:41: UserWarning: veomni engine is not available: ModuleNotFoundError("No module named 'veomni'")
[36m(pid=231841)[0m   warnings.warn(f"veomni engine is not available: {e!r}", stacklevel=1)
[36m(pid=231841)[0m /home/p00938733/verl-090/verl/workers/engine/__init__.py:50: UserWarning: automodel engine is not available: ModuleNotFoundError("No module named 'nemo_automodel'")
[36m(pid=231841)[0m   warnings.warn(f"automodel engine is not available: {e!r}", stacklevel=1)
[36m(pid=231840)[0m WARNING:2026-09-11 13:41:48,045:No supported accelerator detected. Registered: ('nvidia', 'huawei', 'amd'). Falling back to 'nvidia'.
[36m(pid=231840)[0m WARNING:2026-09-11 13:41:48,046:Platform 'nvidia' (PlatformCUDA) is registered but not available. This may be due to this ray actor being a CPU-only actor.
[36m(pid=231844)[0m WARNING:2026-09-11 13:41:47,985:No supported accelerator detected. Registered: ('nvidia', 'huawei', 'amd'). Falling back to 'nvidia'.
[36m(pid=231844)[0m WARNING:2026-09-11 13:41:47,986:Platform 'nvidia' (PlatformCUDA) is registered but not available. This may be due to this ray actor being a CPU-only actor.
[36m(pid=231844)[0m /home/p00938733/verl-090/verl/workers/engine/__init__.py:32: UserWarning: torchtitan engine is not available: ModuleNotFoundError("No module named 'torchtitan'")
[36m(pid=231844)[0m   warnings.warn(f"torchtitan engine is not available: {e!r}", stacklevel=1)
[36m(pid=231844)[0m /home/p00938733/verl-090/verl/workers/engine/__init__.py:41: UserWarning: veomni engine is not available: ModuleNotFoundError("No module named 'veomni'")
[36m(pid=231844)[0m   warnings.warn(f"veomni engine is not available: {e!r}", stacklevel=1)
[36m(pid=231844)[0m /home/p00938733/verl-090/verl/workers/engine/__init__.py:50: UserWarning: automodel engine is not available: ModuleNotFoundError("No module named 'nemo_automodel'")
[36m(pid=231844)[0m   warnings.warn(f"automodel engine is not available: {e!r}", stacklevel=1)
[36m(pid=231840)[0m /home/p00938733/verl-090/verl/workers/engine/__init__.py:32: UserWarning: torchtitan engine is not available: ModuleNotFoundError("No module named 'torchtitan'")
[36m(pid=231840)[0m   warnings.warn(f"torchtitan engine is not available: {e!r}", stacklevel=1)
[36m(pid=231840)[0m /home/p00938733/verl-090/verl/workers/engine/__init__.py:41: UserWarning: veomni engine is not available: ModuleNotFoundError("No module named 'veomni'")
[36m(pid=231840)[0m   warnings.warn(f"veomni engine is not available: {e!r}", stacklevel=1)
[36m(pid=231840)[0m /home/p00938733/verl-090/verl/workers/engine/__init__.py:50: UserWarning: automodel engine is not available: ModuleNotFoundError("No module named 'nemo_automodel'")
[36m(pid=231840)[0m   warnings.warn(f"automodel engine is not available: {e!r}", stacklevel=1)
[36m(pid=231846)[0m WARNING:2026-09-11 13:41:48,112:No supported accelerator detected. Registered: ('nvidia', 'huawei', 'amd'). Falling back to 'nvidia'.
[36m(pid=231846)[0m WARNING:2026-09-11 13:41:48,113:Platform 'nvidia' (PlatformCUDA) is registered but not available. This may be due to this ray actor being a CPU-only actor.
[36m(pid=231846)[0m /home/p00938733/verl-090/verl/workers/engine/__init__.py:32: UserWarning: torchtitan engine is not available: ModuleNotFoundError("No module named 'torchtitan'")
[36m(pid=231846)[0m   warnings.warn(f"torchtitan engine is not available: {e!r}", stacklevel=1)
[36m(pid=231846)[0m /home/p00938733/verl-090/verl/workers/engine/__init__.py:41: UserWarning: veomni engine is not available: ModuleNotFoundError("No module named 'veomni'")
[36m(pid=231846)[0m   warnings.warn(f"veomni engine is not available: {e!r}", stacklevel=1)
[36m(pid=231846)[0m /home/p00938733/verl-090/verl/workers/engine/__init__.py:50: UserWarning: automodel engine is not available: ModuleNotFoundError("No module named 'nemo_automodel'")
[36m(pid=231846)[0m   warnings.warn(f"automodel engine is not available: {e!r}", stacklevel=1)
[36m(pid=231845)[0m WARNING:2026-09-11 13:41:48,179:No supported accelerator detected. Registered: ('nvidia', 'huawei', 'amd'). Falling back to 'nvidia'.
[36m(pid=231845)[0m WARNING:2026-09-11 13:41:48,180:Platform 'nvidia' (PlatformCUDA) is registered but not available. This may be due to this ray actor being a CPU-only actor.
[36m(pid=231845)[0m /home/p00938733/verl-090/verl/workers/engine/__init__.py:32: UserWarning: torchtitan engine is not available: ModuleNotFoundError("No module named 'torchtitan'")
[36m(pid=231845)[0m   warnings.warn(f"torchtitan engine is not available: {e!r}", stacklevel=1)
[36m(pid=231845)[0m /home/p00938733/verl-090/verl/workers/engine/__init__.py:41: UserWarning: veomni engine is not available: ModuleNotFoundError("No module named 'veomni'")
[36m(pid=231845)[0m   warnings.warn(f"veomni engine is not available: {e!r}", stacklevel=1)
[36m(pid=231845)[0m /home/p00938733/verl-090/verl/workers/engine/__init__.py:50: UserWarning: automodel engine is not available: ModuleNotFoundError("No module named 'nemo_automodel'")
[36m(pid=231845)[0m   warnings.warn(f"automodel engine is not available: {e!r}", stacklevel=1)
[36m(pid=231842)[0m WARNING:2026-09-11 13:41:48,210:No supported accelerator detected. Registered: ('nvidia', 'huawei', 'amd'). Falling back to 'nvidia'.
[36m(pid=231842)[0m WARNING:2026-09-11 13:41:48,211:Platform 'nvidia' (PlatformCUDA) is registered but not available. This may be due to this ray actor being a CPU-only actor.
[36m(pid=231842)[0m /home/p00938733/verl-090/verl/workers/engine/__init__.py:32: UserWarning: torchtitan engine is not available: ModuleNotFoundError("No module named 'torchtitan'")
[36m(pid=231842)[0m   warnings.warn(f"torchtitan engine is not available: {e!r}", stacklevel=1)
[36m(pid=231842)[0m /home/p00938733/verl-090/verl/workers/engine/__init__.py:41: UserWarning: veomni engine is not available: ModuleNotFoundError("No module named 'veomni'")
[36m(pid=231842)[0m   warnings.warn(f"veomni engine is not available: {e!r}", stacklevel=1)
[36m(pid=231842)[0m /home/p00938733/verl-090/verl/workers/engine/__init__.py:50: UserWarning: automodel engine is not available: ModuleNotFoundError("No module named 'nemo_automodel'")
[36m(pid=231842)[0m   warnings.warn(f"automodel engine is not available: {e!r}", stacklevel=1)
[36m(pid=231847)[0m WARNING:2026-09-11 13:41:48,320:No supported accelerator detected. Registered: ('nvidia', 'huawei', 'amd'). Falling back to 'nvidia'.
[36m(pid=231847)[0m WARNING:2026-09-11 13:41:48,322:Platform 'nvidia' (PlatformCUDA) is registered but not available. This may be due to this ray actor being a CPU-only actor.
[36m(pid=231847)[0m /home/p00938733/verl-090/verl/workers/engine/__init__.py:32: UserWarning: torchtitan engine is not available: ModuleNotFoundError("No module named 'torchtitan'")
[36m(pid=231847)[0m   warnings.warn(f"torchtitan engine is not available: {e!r}", stacklevel=1)
[36m(pid=231843)[0m WARNING:2026-09-11 13:41:48,296:No supported accelerator detected. Registered: ('nvidia', 'huawei', 'amd'). Falling back to 'nvidia'.
[36m(pid=231843)[0m WARNING:2026-09-11 13:41:48,297:Platform 'nvidia' (PlatformCUDA) is registered but not available. This may be due to this ray actor being a CPU-only actor.
[36m(pid=231843)[0m /home/p00938733/verl-090/verl/workers/engine/__init__.py:32: UserWarning: torchtitan engine is not available: ModuleNotFoundError("No module named 'torchtitan'")
[36m(pid=231843)[0m   warnings.warn(f"torchtitan engine is not available: {e!r}", stacklevel=1)
[36m(pid=231843)[0m /home/p00938733/verl-090/verl/workers/engine/__init__.py:41: UserWarning: veomni engine is not available: ModuleNotFoundError("No module named 'veomni'")
[36m(pid=231843)[0m   warnings.warn(f"veomni engine is not available: {e!r}", stacklevel=1)
[36m(pid=231843)[0m /home/p00938733/verl-090/verl/workers/engine/__init__.py:50: UserWarning: automodel engine is not available: ModuleNotFoundError("No module named 'nemo_automodel'")
[36m(pid=231843)[0m   warnings.warn(f"automodel engine is not available: {e!r}", stacklevel=1)
[36m(pid=231847)[0m /home/p00938733/verl-090/verl/workers/engine/__init__.py:41: UserWarning: veomni engine is not available: ModuleNotFoundError("No module named 'veomni'")
[36m(pid=231847)[0m   warnings.warn(f"veomni engine is not available: {e!r}", stacklevel=1)
[36m(pid=231847)[0m /home/p00938733/verl-090/verl/workers/engine/__init__.py:50: UserWarning: automodel engine is not available: ModuleNotFoundError("No module named 'nemo_automodel'")
[36m(pid=231847)[0m   warnings.warn(f"automodel engine is not available: {e!r}", stacklevel=1)
[36m(WorkerDict pid=224930)[0m [rank3]:[W911 13:41:51.766574997 ProcessGroupNCCL.cpp:4094] Warning: An unbatched P2P op (send/recv) was called on this ProcessGroup with size 2.  In lazy initialization mode, this will result in a new 2-rank NCCL communicator to be created. (function operator())
[36m(WorkerDict pid=224934)[0m [rank7]:[W911 13:41:51.774017380 ProcessGroupNCCL.cpp:4094] Warning: An unbatched P2P op (send/recv) was called on this ProcessGroup with size 2.  In lazy initialization mode, this will result in a new 2-rank NCCL communicator to be created. (function operator())
[36m(WorkerDict pid=224933)[0m [rank6]:W0911 13:41:52.030000 224933 torch/fx/_symbolic_trace.py:53] is_fx_tracing will return true for both fx.symbolic_trace and torch.export. Please use is_fx_tracing_symbolic_tracing() for specifically fx.symbolic_trace or torch.compiler.is_compiling() for specifically torch.export/compile.
[36m(WorkerDict pid=224931)[0m [rank4]:[W911 13:41:52.884638876 ProcessGroupNCCL.cpp:4094] Warning: An unbatched P2P op (send/recv) was called on this ProcessGroup with size 2.  In lazy initialization mode, this will result in a new 2-rank NCCL communicator to be created. (function operator())
[36m(WorkerDict pid=224927)[0m [rank0]:[W911 13:41:52.878577894 ProcessGroupNCCL.cpp:4094] Warning: An unbatched P2P op (send/recv) was called on this ProcessGroup with size 2.  In lazy initialization mode, this will result in a new 2-rank NCCL communicator to be created. (function operator())
[36m(pid=231841)[0m W0911 13:41:52.346000 231841 torch/utils/cpp_extension.py:140] No CUDA runtime is found, using CUDA_HOME='/usr/local/cuda'
[36m(pid=231840)[0m W0911 13:41:52.496000 231840 torch/utils/cpp_extension.py:140] No CUDA runtime is found, using CUDA_HOME='/usr/local/cuda'
[36m(pid=231844)[0m W0911 13:41:52.411000 231844 torch/utils/cpp_extension.py:140] No CUDA runtime is found, using CUDA_HOME='/usr/local/cuda'
[36m(pid=231846)[0m W0911 13:41:52.527000 231846 torch/utils/cpp_extension.py:140] No CUDA runtime is found, using CUDA_HOME='/usr/local/cuda'
[36m(pid=231845)[0m W0911 13:41:52.530000 231845 torch/utils/cpp_extension.py:140] No CUDA runtime is found, using CUDA_HOME='/usr/local/cuda'
[36m(pid=231842)[0m W0911 13:41:52.606000 231842 torch/utils/cpp_extension.py:140] No CUDA runtime is found, using CUDA_HOME='/usr/local/cuda'
[36m(pid=231847)[0m W0911 13:41:52.628000 231847 torch/utils/cpp_extension.py:140] No CUDA runtime is found, using CUDA_HOME='/usr/local/cuda'
[36m(pid=231843)[0m W0911 13:41:52.634000 231843 torch/utils/cpp_extension.py:140] No CUDA runtime is found, using CUDA_HOME='/usr/local/cuda'
[36m(WorkerDict pid=224932)[0m [rank5]:[W911 13:41:53.980393936 ProcessGroupNCCL.cpp:4094] Warning: An unbatched P2P op (send/recv) was called on this ProcessGroup with size 2.  In lazy initialization mode, this will result in a new 2-rank NCCL communicator to be created. (function operator())
[36m(WorkerDict pid=224928)[0m [rank1]:[W911 13:41:53.978282245 ProcessGroupNCCL.cpp:4094] Warning: An unbatched P2P op (send/recv) was called on this ProcessGroup with size 2.  In lazy initialization mode, this will result in a new 2-rank NCCL communicator to be created. (function operator())
[36m(WorkerDict pid=224934)[0m [rank7]:W0911 13:41:53.659000 224934 torch/fx/_symbolic_trace.py:53] is_fx_tracing will return true for both fx.symbolic_trace and torch.export. Please use is_fx_tracing_symbolic_tracing() for specifically fx.symbolic_trace or torch.compiler.is_compiling() for specifically torch.export/compile.
[36m(WorkerDict pid=224933)[0m WARNING:2026-09-11 13:41:53,831:flash-attn v4 may provide important feature support or performance improvement. Please install flash-attn v4 by 
[36m(WorkerDict pid=224933)[0m pip install flash-attn-4==4.0.0b11 nvidia-cutlass-dsl[cu13]
[36m(WorkerDict pid=224934)[0m WARNING:2026-09-11 13:41:53,853:flash-attn v4 may provide important feature support or performance improvement. Please install flash-attn v4 by 
[36m(WorkerDict pid=224934)[0m pip install flash-attn-4==4.0.0b11 nvidia-cutlass-dsl[cu13]
[36m(WorkerDict pid=224931)[0m [rank4]:W0911 13:41:54.566000 224931 torch/fx/_symbolic_trace.py:53] is_fx_tracing will return true for both fx.symbolic_trace and torch.export. Please use is_fx_tracing_symbolic_tracing() for specifically fx.symbolic_trace or torch.compiler.is_compiling() for specifically torch.export/compile.
[36m(AgentLoopWorkerTQ pid=231841)[0m Using blocking ray.get inside async actor. This blocks the event loop. Please use `await` on object ref with asyncio.gather if you want to yield execution to the event loop instead.
[36m(AgentLoopWorkerTQ pid=231840)[0m Using blocking ray.get inside async actor. This blocks the event loop. Please use `await` on object ref with asyncio.gather if you want to yield execution to the event loop instead.
[36m(AgentLoopWorkerTQ pid=231841)[0m Using dataset class: RLHFDataset
[36m(AgentLoopWorkerTQ pid=231840)[0m Using dataset class: RLHFDataset
[36m(AgentLoopWorkerTQ pid=231842)[0m Using blocking ray.get inside async actor. This blocks the event loop. Please use `await` on object ref with asyncio.gather if you want to yield execution to the event loop instead.
[36m(AgentLoopWorkerTQ pid=231842)[0m Using dataset class: RLHFDataset
[36m(AgentLoopWorkerTQ pid=231846)[0m Using blocking ray.get inside async actor. This blocks the event loop. Please use `await` on object ref with asyncio.gather if you want to yield execution to the event loop instead.
[36m(AgentLoopWorkerTQ pid=231843)[0m Using blocking ray.get inside async actor. This blocks the event loop. Please use `await` on object ref with asyncio.gather if you want to yield execution to the event loop instead.
[36m(AgentLoopWorkerTQ pid=231843)[0m Using dataset class: RLHFDataset
[36m(AgentLoopWorkerTQ pid=231845)[0m Using blocking ray.get inside async actor. This blocks the event loop. Please use `await` on object ref with asyncio.gather if you want to yield execution to the event loop instead.
[36m(AgentLoopWorkerTQ pid=231845)[0m Using dataset class: RLHFDataset
[36m(AgentLoopWorkerTQ pid=231846)[0m Using dataset class: RLHFDataset
[36m(AgentLoopWorkerTQ pid=231844)[0m Using dataset class: RLHFDataset
[36m(AgentLoopWorkerTQ pid=231844)[0m Using blocking ray.get inside async actor. This blocks the event loop. Please use `await` on object ref with asyncio.gather if you want to yield execution to the event loop instead.
[36m(AgentLoopWorkerTQ pid=231847)[0m Using dataset class: RLHFDataset
[36m(AgentLoopWorkerTQ pid=231847)[0m Using blocking ray.get inside async actor. This blocks the event loop. Please use `await` on object ref with asyncio.gather if you want to yield execution to the event loop instead.
[36m(WorkerDict pid=224932)[0m [rank5]:W0911 13:41:56.340000 224932 torch/fx/_symbolic_trace.py:53] is_fx_tracing will return true for both fx.symbolic_trace and torch.export. Please use is_fx_tracing_symbolic_tracing() for specifically fx.symbolic_trace or torch.compiler.is_compiling() for specifically torch.export/compile.
[36m(WorkerDict pid=224932)[0m WARNING:2026-09-11 13:41:56,507:flash-attn v4 may provide important feature support or performance improvement. Please install flash-attn v4 by 
[36m(WorkerDict pid=224932)[0m pip install flash-attn-4==4.0.0b11 nvidia-cutlass-dsl[cu13]
[36m(WorkerDict pid=224934)[0m WARNING:2026-09-11 13:42:03,887:VERL_RESPONSE_ONLY_LM_HEAD_PROFILE {"active_ratio": 0.5077433628318584, "actual_logits_bytes": 627647616, "allocated_before_bytes": 4175527936, "backend": "unfused", "calculate_entropy": true, "calculate_sum_pi_squared": false, "context_parallel_size": 2, "data_format": "thd", "dense_logits_bytes": 1236151296, "dense_rows": 8136, "distillation_only": false, "elapsed_s": 0.4391811059322208, "element_size": 2, "entropy_from_logits_chunk_size": 2048, "entropy_from_logits_with_chunking": false, "event_id": 0, "logits_dtype": "torch.bfloat16", "logits_saved_bytes": 608503680, "peak_allocated_bytes": 7916841984, "peak_increment_bytes": 3741314048, "pipeline_parallel_size": 2, "projected_rows": 4131, "rank": 7, "response_only_enabled": true, "role": "actor", "selected_rows": 4131, "tensor_parallel_size": 2, "vocab_shard": 75968}
[36m(WorkerDict pid=224933)[0m WARNING:2026-09-11 13:42:03,887:VERL_RESPONSE_ONLY_LM_HEAD_PROFILE {"active_ratio": 0.5077433628318584, "actual_logits_bytes": 627647616, "allocated_before_bytes": 4175527936, "backend": "unfused", "calculate_entropy": true, "calculate_sum_pi_squared": false, "context_parallel_size": 2, "data_format": "thd", "dense_logits_bytes": 1236151296, "dense_rows": 8136, "distillation_only": false, "elapsed_s": 0.4392238659784198, "element_size": 2, "entropy_from_logits_chunk_size": 2048, "entropy_from_logits_with_chunking": false, "event_id": 0, "logits_dtype": "torch.bfloat16", "logits_saved_bytes": 608503680, "peak_allocated_bytes": 7916841984, "peak_increment_bytes": 3741314048, "pipeline_parallel_size": 2, "projected_rows": 4131, "rank": 6, "response_only_enabled": true, "role": "actor", "selected_rows": 4131, "tensor_parallel_size": 2, "vocab_shard": 75968}
[36m(WorkerDict pid=224932)[0m WARNING:2026-09-11 13:42:04,421:VERL_RESPONSE_ONLY_LM_HEAD_PROFILE {"active_ratio": 0.49913962635201575, "actual_logits_bytes": 617012096, "allocated_before_bytes": 4175527936, "backend": "unfused", "calculate_entropy": true, "calculate_sum_pi_squared": false, "context_parallel_size": 2, "data_format": "thd", "dense_logits_bytes": 1236151296, "dense_rows": 8136, "distillation_only": false, "elapsed_s": 0.9758050868986174, "element_size": 2, "entropy_from_logits_chunk_size": 2048, "entropy_from_logits_with_chunking": false, "event_id": 0, "logits_dtype": "torch.bfloat16", "logits_saved_bytes": 619139200, "peak_allocated_bytes": 7853025280, "peak_increment_bytes": 3677497344, "pipeline_parallel_size": 2, "projected_rows": 4061, "rank": 5, "response_only_enabled": true, "role": "actor", "selected_rows": 4061, "tensor_parallel_size": 2, "vocab_shard": 75968}
[36m(WorkerDict pid=224932)[0m WARNING:2026-09-11 13:42:09,504:VERL_RESPONSE_ONLY_LM_HEAD_PROFILE {"active_ratio": 0.49913962635201575, "actual_logits_bytes": 617012096, "allocated_before_bytes": 4184180224, "backend": "unfused", "calculate_entropy": true, "calculate_sum_pi_squared": false, "context_parallel_size": 2, "data_format": "thd", "dense_logits_bytes": 1236151296, "dense_rows": 8136, "distillation_only": false, "elapsed_s": 0.03270787501242012, "element_size": 2, "entropy_from_logits_chunk_size": 2048, "entropy_from_logits_with_chunking": false, "event_id": 1, "logits_dtype": "torch.bfloat16", "logits_saved_bytes": 619139200, "peak_allocated_bytes": 7853157888, "peak_increment_bytes": 3668977664, "pipeline_parallel_size": 2, "projected_rows": 4061, "rank": 5, "response_only_enabled": true, "role": "actor", "selected_rows": 4061, "tensor_parallel_size": 2, "vocab_shard": 75968}
[36m(WorkerDict pid=224934)[0m WARNING:2026-09-11 13:42:09,505:VERL_RESPONSE_ONLY_LM_HEAD_PROFILE {"active_ratio": 0.5077433628318584, "actual_logits_bytes": 627647616, "allocated_before_bytes": 4184180224, "backend": "unfused", "calculate_entropy": true, "calculate_sum_pi_squared": false, "context_parallel_size": 2, "data_format": "thd", "dense_logits_bytes": 1236151296, "dense_rows": 8136, "distillation_only": false, "elapsed_s": 0.03430923505220562, "element_size": 2, "entropy_from_logits_chunk_size": 2048, "entropy_from_logits_with_chunking": false, "event_id": 1, "logits_dtype": "torch.bfloat16", "logits_saved_bytes": 608503680, "peak_allocated_bytes": 7916974592, "peak_increment_bytes": 3732794368, "pipeline_parallel_size": 2, "projected_rows": 4131, "rank": 7, "response_only_enabled": true, "role": "actor", "selected_rows": 4131, "tensor_parallel_size": 2, "vocab_shard": 75968}
[36m(WorkerDict pid=224933)[0m WARNING:2026-09-11 13:42:09,505:VERL_RESPONSE_ONLY_LM_HEAD_PROFILE {"active_ratio": 0.5077433628318584, "actual_logits_bytes": 627647616, "allocated_before_bytes": 4184180224, "backend": "unfused", "calculate_entropy": true, "calculate_sum_pi_squared": false, "context_parallel_size": 2, "data_format": "thd", "dense_logits_bytes": 1236151296, "dense_rows": 8136, "distillation_only": false, "elapsed_s": 0.034165065037086606, "element_size": 2, "entropy_from_logits_chunk_size": 2048, "entropy_from_logits_with_chunking": false, "event_id": 1, "logits_dtype": "torch.bfloat16", "logits_saved_bytes": 608503680, "peak_allocated_bytes": 7916974592, "peak_increment_bytes": 3732794368, "pipeline_parallel_size": 2, "projected_rows": 4131, "rank": 6, "response_only_enabled": true, "role": "actor", "selected_rows": 4131, "tensor_parallel_size": 2, "vocab_shard": 75968}
[36m(WorkerDict pid=224932)[0m WARNING:2026-09-11 13:42:09,773:VERL_RESPONSE_ONLY_LM_HEAD_PROFILE {"active_ratio": 0.49913962635201575, "actual_logits_bytes": 617012096, "allocated_before_bytes": 4184312320, "backend": "unfused", "calculate_entropy": true, "calculate_sum_pi_squared": false, "context_parallel_size": 2, "data_format": "thd", "dense_logits_bytes": 1236151296, "dense_rows": 8136, "distillation_only": false, "elapsed_s": 0.030765293049626052, "element_size": 2, "entropy_from_logits_chunk_size": 2048, "entropy_from_logits_with_chunking": false, "event_id": 2, "logits_dtype": "torch.bfloat16", "logits_saved_bytes": 619139200, "peak_allocated_bytes": 7853289984, "peak_increment_bytes": 3668977664, "pipeline_parallel_size": 2, "projected_rows": 4061, "rank": 5, "response_only_enabled": true, "role": "actor", "selected_rows": 4061, "tensor_parallel_size": 2, "vocab_shard": 75968}
[36m(WorkerDict pid=224934)[0m WARNING:2026-09-11 13:42:09,774:VERL_RESPONSE_ONLY_LM_HEAD_PROFILE {"active_ratio": 0.5077433628318584, "actual_logits_bytes": 627647616, "allocated_before_bytes": 4184312320, "backend": "unfused", "calculate_entropy": true, "calculate_sum_pi_squared": false, "context_parallel_size": 2, "data_format": "thd", "dense_logits_bytes": 1236151296, "dense_rows": 8136, "distillation_only": false, "elapsed_s": 0.031655774102546275, "element_size": 2, "entropy_from_logits_chunk_size": 2048, "entropy_from_logits_with_chunking": false, "event_id": 2, "logits_dtype": "torch.bfloat16", "logits_saved_bytes": 608503680, "peak_allocated_bytes": 7917106688, "peak_increment_bytes": 3732794368, "pipeline_parallel_size": 2, "projected_rows": 4131, "rank": 7, "response_only_enabled": true, "role": "actor", "selected_rows": 4131, "tensor_parallel_size": 2, "vocab_shard": 75968}
[36m(WorkerDict pid=224933)[0m WARNING:2026-09-11 13:42:09,774:VERL_RESPONSE_ONLY_LM_HEAD_PROFILE {"active_ratio": 0.5077433628318584, "actual_logits_bytes": 627647616, "allocated_before_bytes": 4184312320, "backend": "unfused", "calculate_entropy": true, "calculate_sum_pi_squared": false, "context_parallel_size": 2, "data_format": "thd", "dense_logits_bytes": 1236151296, "dense_rows": 8136, "distillation_only": false, "elapsed_s": 0.03167172404937446, "element_size": 2, "entropy_from_logits_chunk_size": 2048, "entropy_from_logits_with_chunking": false, "event_id": 2, "logits_dtype": "torch.bfloat16", "logits_saved_bytes": 608503680, "peak_allocated_bytes": 7917106688, "peak_increment_bytes": 3732794368, "pipeline_parallel_size": 2, "projected_rows": 4131, "rank": 6, "response_only_enabled": true, "role": "actor", "selected_rows": 4131, "tensor_parallel_size": 2, "vocab_shard": 75968}
[36m(WorkerDict pid=224932)[0m WARNING:2026-09-11 13:42:10,041:VERL_RESPONSE_ONLY_LM_HEAD_PROFILE {"active_ratio": 0.49913962635201575, "actual_logits_bytes": 617012096, "allocated_before_bytes": 4184444416, "backend": "unfused", "calculate_entropy": true, "calculate_sum_pi_squared": false, "context_parallel_size": 2, "data_format": "thd", "dense_logits_bytes": 1236151296, "dense_rows": 8136, "distillation_only": false, "elapsed_s": 0.030417433939874172, "element_size": 2, "entropy_from_logits_chunk_size": 2048, "entropy_from_logits_with_chunking": false, "event_id": 3, "logits_dtype": "torch.bfloat16", "logits_saved_bytes": 619139200, "peak_allocated_bytes": 7853422080, "peak_increment_bytes": 3668977664, "pipeline_parallel_size": 2, "projected_rows": 4061, "rank": 5, "response_only_enabled": true, "role": "actor", "selected_rows": 4061, "tensor_parallel_size": 2, "vocab_shard": 75968}
[36m(WorkerDict pid=224934)[0m WARNING:2026-09-11 13:42:10,042:VERL_RESPONSE_ONLY_LM_HEAD_PROFILE {"active_ratio": 0.5077433628318584, "actual_logits_bytes": 627647616, "allocated_before_bytes": 4184444416, "backend": "unfused", "calculate_entropy": true, "calculate_sum_pi_squared": false, "context_parallel_size": 2, "data_format": "thd", "dense_logits_bytes": 1236151296, "dense_rows": 8136, "distillation_only": false, "elapsed_s": 0.03195287496782839, "element_size": 2, "entropy_from_logits_chunk_size": 2048, "entropy_from_logits_with_chunking": false, "event_id": 3, "logits_dtype": "torch.bfloat16", "logits_saved_bytes": 608503680, "peak_allocated_bytes": 7917238784, "peak_increment_bytes": 3732794368, "pipeline_parallel_size": 2, "projected_rows": 4131, "rank": 7, "response_only_enabled": true, "role": "actor", "selected_rows": 4131, "tensor_parallel_size": 2, "vocab_shard": 75968}
[36m(WorkerDict pid=224933)[0m WARNING:2026-09-11 13:42:10,042:VERL_RESPONSE_ONLY_LM_HEAD_PROFILE {"active_ratio": 0.5077433628318584, "actual_logits_bytes": 627647616, "allocated_before_bytes": 4184444416, "backend": "unfused", "calculate_entropy": true, "calculate_sum_pi_squared": false, "context_parallel_size": 2, "data_format": "thd", "dense_logits_bytes": 1236151296, "dense_rows": 8136, "distillation_only": false, "elapsed_s": 0.03190584504045546, "element_size": 2, "entropy_from_logits_chunk_size": 2048, "entropy_from_logits_with_chunking": false, "event_id": 3, "logits_dtype": "torch.bfloat16", "logits_saved_bytes": 608503680, "peak_allocated_bytes": 7917238784, "peak_increment_bytes": 3732794368, "pipeline_parallel_size": 2, "projected_rows": 4131, "rank": 6, "response_only_enabled": true, "role": "actor", "selected_rows": 4131, "tensor_parallel_size": 2, "vocab_shard": 75968}
[36m(WorkerDict pid=224932)[0m WARNING:2026-09-11 13:42:10,311:VERL_RESPONSE_ONLY_LM_HEAD_PROFILE {"active_ratio": 0.49913962635201575, "actual_logits_bytes": 617012096, "allocated_before_bytes": 4184576512, "backend": "unfused", "calculate_entropy": true, "calculate_sum_pi_squared": false, "context_parallel_size": 2, "data_format": "thd", "dense_logits_bytes": 1236151296, "dense_rows": 8136, "distillation_only": false, "elapsed_s": 0.031443314044736326, "element_size": 2, "entropy_from_logits_chunk_size": 2048, "entropy_from_logits_with_chunking": false, "event_id": 4, "logits_dtype": "torch.bfloat16", "logits_saved_bytes": 619139200, "peak_allocated_bytes": 7853554176, "peak_increment_bytes": 3668977664, "pipeline_parallel_size": 2, "projected_rows": 4061, "rank": 5, "response_only_enabled": true, "role": "actor", "selected_rows": 4061, "tensor_parallel_size": 2, "vocab_shard": 75968}
[36m(WorkerDict pid=224934)[0m WARNING:2026-09-11 13:42:10,311:VERL_RESPONSE_ONLY_LM_HEAD_PROFILE {"active_ratio": 0.5077433628318584, "actual_logits_bytes": 627647616, "allocated_before_bytes": 4184576512, "backend": "unfused", "calculate_entropy": true, "calculate_sum_pi_squared": false, "context_parallel_size": 2, "data_format": "thd", "dense_logits_bytes": 1236151296, "dense_rows": 8136, "distillation_only": false, "elapsed_s": 0.03137243399396539, "element_size": 2, "entropy_from_logits_chunk_size": 2048, "entropy_from_logits_with_chunking": false, "event_id": 4, "logits_dtype": "torch.bfloat16", "logits_saved_bytes": 608503680, "peak_allocated_bytes": 7917370880, "peak_increment_bytes": 3732794368, "pipeline_parallel_size": 2, "projected_rows": 4131, "rank": 7, "response_only_enabled": true, "role": "actor", "selected_rows": 4131, "tensor_parallel_size": 2, "vocab_shard": 75968}
[36m(WorkerDict pid=224933)[0m WARNING:2026-09-11 13:42:10,311:VERL_RESPONSE_ONLY_LM_HEAD_PROFILE {"active_ratio": 0.5077433628318584, "actual_logits_bytes": 627647616, "allocated_before_bytes": 4184576512, "backend": "unfused", "calculate_entropy": true, "calculate_sum_pi_squared": false, "context_parallel_size": 2, "data_format": "thd", "dense_logits_bytes": 1236151296, "dense_rows": 8136, "distillation_only": false, "elapsed_s": 0.031416843994520605, "element_size": 2, "entropy_from_logits_chunk_size": 2048, "entropy_from_logits_with_chunking": false, "event_id": 4, "logits_dtype": "torch.bfloat16", "logits_saved_bytes": 608503680, "peak_allocated_bytes": 7917370880, "peak_increment_bytes": 3732794368, "pipeline_parallel_size": 2, "projected_rows": 4131, "rank": 6, "response_only_enabled": true, "role": "actor", "selected_rows": 4131, "tensor_parallel_size": 2, "vocab_shard": 75968}
[36m(WorkerDict pid=224932)[0m WARNING:2026-09-11 13:42:10,584:VERL_RESPONSE_ONLY_LM_HEAD_PROFILE {"active_ratio": 0.49913962635201575, "actual_logits_bytes": 617012096, "allocated_before_bytes": 4184708608, "backend": "unfused", "calculate_entropy": true, "calculate_sum_pi_squared": false, "context_parallel_size": 2, "data_format": "thd", "dense_logits_bytes": 1236151296, "dense_rows": 8136, "distillation_only": false, "elapsed_s": 0.030365913989953697, "element_size": 2, "entropy_from_logits_chunk_size": 2048, "entropy_from_logits_with_chunking": false, "event_id": 5, "logits_dtype": "torch.bfloat16", "logits_saved_bytes": 619139200, "peak_allocated_bytes": 7853686272, "peak_increment_bytes": 3668977664, "pipeline_parallel_size": 2, "projected_rows": 4061, "rank": 5, "response_only_enabled": true, "role": "actor", "selected_rows": 4061, "tensor_parallel_size": 2, "vocab_shard": 75968}
[36m(WorkerDict pid=224934)[0m WARNING:2026-09-11 13:42:10,585:VERL_RESPONSE_ONLY_LM_HEAD_PROFILE {"active_ratio": 0.5077433628318584, "actual_logits_bytes": 627647616, "allocated_before_bytes": 4184708608, "backend": "unfused", "calculate_entropy": true, "calculate_sum_pi_squared": false, "context_parallel_size": 2, "data_format": "thd", "dense_logits_bytes": 1236151296, "dense_rows": 8136, "distillation_only": false, "elapsed_s": 0.03157744405325502, "element_size": 2, "entropy_from_logits_chunk_size": 2048, "entropy_from_logits_with_chunking": false, "event_id": 5, "logits_dtype": "torch.bfloat16", "logits_saved_bytes": 608503680, "peak_allocated_bytes": 7917502976, "peak_increment_bytes": 3732794368, "pipeline_parallel_size": 2, "projected_rows": 4131, "rank": 7, "response_only_enabled": true, "role": "actor", "selected_rows": 4131, "tensor_parallel_size": 2, "vocab_shard": 75968}
[36m(WorkerDict pid=224933)[0m WARNING:2026-09-11 13:42:10,585:VERL_RESPONSE_ONLY_LM_HEAD_PROFILE {"active_ratio": 0.5077433628318584, "actual_logits_bytes": 627647616, "allocated_before_bytes": 4184708608, "backend": "unfused", "calculate_entropy": true, "calculate_sum_pi_squared": false, "context_parallel_size": 2, "data_format": "thd", "dense_logits_bytes": 1236151296, "dense_rows": 8136, "distillation_only": false, "elapsed_s": 0.03160052397288382, "element_size": 2, "entropy_from_logits_chunk_size": 2048, "entropy_from_logits_with_chunking": false, "event_id": 5, "logits_dtype": "torch.bfloat16", "logits_saved_bytes": 608503680, "peak_allocated_bytes": 7917502976, "peak_increment_bytes": 3732794368, "pipeline_parallel_size": 2, "projected_rows": 4131, "rank": 6, "response_only_enabled": true, "role": "actor", "selected_rows": 4131, "tensor_parallel_size": 2, "vocab_shard": 75968}
[36m(WorkerDict pid=224932)[0m WARNING:2026-09-11 13:42:10,853:VERL_RESPONSE_ONLY_LM_HEAD_PROFILE {"active_ratio": 0.49913962635201575, "actual_logits_bytes": 617012096, "allocated_before_bytes": 4184840704, "backend": "unfused", "calculate_entropy": true, "calculate_sum_pi_squared": false, "context_parallel_size": 2, "data_format": "thd", "dense_logits_bytes": 1236151296, "dense_rows": 8136, "distillation_only": false, "elapsed_s": 0.030553523916751146, "element_size": 2, "entropy_from_logits_chunk_size": 2048, "entropy_from_logits_with_chunking": false, "event_id": 6, "logits_dtype": "torch.bfloat16", "logits_saved_bytes": 619139200, "peak_allocated_bytes": 7853818368, "peak_increment_bytes": 3668977664, "pipeline_parallel_size": 2, "projected_rows": 4061, "rank": 5, "response_only_enabled": true, "role": "actor", "selected_rows": 4061, "tensor_parallel_size": 2, "vocab_shard": 75968}
[36m(WorkerDict pid=224934)[0m WARNING:2026-09-11 13:42:10,854:VERL_RESPONSE_ONLY_LM_HEAD_PROFILE {"active_ratio": 0.5077433628318584, "actual_logits_bytes": 627647616, "allocated_before_bytes": 4184840704, "backend": "unfused", "calculate_entropy": true, "calculate_sum_pi_squared": false, "context_parallel_size": 2, "data_format": "thd", "dense_logits_bytes": 1236151296, "dense_rows": 8136, "distillation_only": false, "elapsed_s": 0.03144004405476153, "element_size": 2, "entropy_from_logits_chunk_size": 2048, "entropy_from_logits_with_chunking": false, "event_id": 6, "logits_dtype": "torch.bfloat16", "logits_saved_bytes": 608503680, "peak_allocated_bytes": 7917635072, "peak_increment_bytes": 3732794368, "pipeline_parallel_size": 2, "projected_rows": 4131, "rank": 7, "response_only_enabled": true, "role": "actor", "selected_rows": 4131, "tensor_parallel_size": 2, "vocab_shard": 75968}
[36m(WorkerDict pid=224933)[0m WARNING:2026-09-11 13:42:10,854:VERL_RESPONSE_ONLY_LM_HEAD_PROFILE {"active_ratio": 0.5077433628318584, "actual_logits_bytes": 627647616, "allocated_before_bytes": 4184840704, "backend": "unfused", "calculate_entropy": true, "calculate_sum_pi_squared": false, "context_parallel_size": 2, "data_format": "thd", "dense_logits_bytes": 1236151296, "dense_rows": 8136, "distillation_only": false, "elapsed_s": 0.03146956395357847, "element_size": 2, "entropy_from_logits_chunk_size": 2048, "entropy_from_logits_with_chunking": false, "event_id": 6, "logits_dtype": "torch.bfloat16", "logits_saved_bytes": 608503680, "peak_allocated_bytes": 7917635072, "peak_increment_bytes": 3732794368, "pipeline_parallel_size": 2, "projected_rows": 4131, "rank": 6, "response_only_enabled": true, "role": "actor", "selected_rows": 4131, "tensor_parallel_size": 2, "vocab_shard": 75968}
[36m(WorkerDict pid=224932)[0m WARNING:2026-09-11 13:42:11,120:VERL_RESPONSE_ONLY_LM_HEAD_PROFILE {"active_ratio": 0.49913962635201575, "actual_logits_bytes": 617012096, "allocated_before_bytes": 4184972800, "backend": "unfused", "calculate_entropy": true, "calculate_sum_pi_squared": false, "context_parallel_size": 2, "data_format": "thd", "dense_logits_bytes": 1236151296, "dense_rows": 8136, "distillation_only": false, "elapsed_s": 0.03035621391609311, "element_size": 2, "entropy_from_logits_chunk_size": 2048, "entropy_from_logits_with_chunking": false, "event_id": 7, "logits_dtype": "torch.bfloat16", "logits_saved_bytes": 619139200, "peak_allocated_bytes": 7853950464, "peak_increment_bytes": 3668977664, "pipeline_parallel_size": 2, "projected_rows": 4061, "rank": 5, "response_only_enabled": true, "role": "actor", "selected_rows": 4061, "tensor_parallel_size": 2, "vocab_shard": 75968}
[36m(WorkerDict pid=224934)[0m WARNING:2026-09-11 13:42:11,122:VERL_RESPONSE_ONLY_LM_HEAD_PROFILE {"active_ratio": 0.5077433628318584, "actual_logits_bytes": 627647616, "allocated_before_bytes": 4184972800, "backend": "unfused", "calculate_entropy": true, "calculate_sum_pi_squared": false, "context_parallel_size": 2, "data_format": "thd", "dense_logits_bytes": 1236151296, "dense_rows": 8136, "distillation_only": false, "elapsed_s": 0.03147631394676864, "element_size": 2, "entropy_from_logits_chunk_size": 2048, "entropy_from_logits_with_chunking": false, "event_id": 7, "logits_dtype": "torch.bfloat16", "logits_saved_bytes": 608503680, "peak_allocated_bytes": 7917767168, "peak_increment_bytes": 3732794368, "pipeline_parallel_size": 2, "projected_rows": 4131, "rank": 7, "response_only_enabled": true, "role": "actor", "selected_rows": 4131, "tensor_parallel_size": 2, "vocab_shard": 75968}
[36m(WorkerDict pid=224933)[0m WARNING:2026-09-11 13:42:11,122:VERL_RESPONSE_ONLY_LM_HEAD_PROFILE {"active_ratio": 0.5077433628318584, "actual_logits_bytes": 627647616, "allocated_before_bytes": 4184972800, "backend": "unfused", "calculate_entropy": true, "calculate_sum_pi_squared": false, "context_parallel_size": 2, "data_format": "thd", "dense_logits_bytes": 1236151296, "dense_rows": 8136, "distillation_only": false, "elapsed_s": 0.03150435397401452, "element_size": 2, "entropy_from_logits_chunk_size": 2048, "entropy_from_logits_with_chunking": false, "event_id": 7, "logits_dtype": "torch.bfloat16", "logits_saved_bytes": 608503680, "peak_allocated_bytes": 7917767168, "peak_increment_bytes": 3732794368, "pipeline_parallel_size": 2, "projected_rows": 4131, "rank": 6, "response_only_enabled": true, "role": "actor", "selected_rows": 4131, "tensor_parallel_size": 2, "vocab_shard": 75968}
[36m(WorkerDict pid=224932)[0m WARNING:2026-09-11 13:42:11,468:VERL_RESPONSE_ONLY_LM_HEAD_PROFILE {"active_ratio": 0.4998724489795918, "actual_logits_bytes": 595437184, "allocated_before_bytes": 4190684672, "backend": "unfused", "calculate_entropy": true, "calculate_sum_pi_squared": false, "context_parallel_size": 2, "data_format": "thd", "dense_logits_bytes": 1191178240, "dense_rows": 7840, "distillation_only": false, "elapsed_s": 0.029782062978483737, "element_size": 2, "entropy_from_logits_chunk_size": 2048, "entropy_from_logits_with_chunking": false, "event_id": 8, "logits_dtype": "torch.bfloat16", "logits_saved_bytes": 595741056, "peak_allocated_bytes": 7731417600, "peak_increment_bytes": 3540732928, "pipeline_parallel_size": 2, "projected_rows": 3919, "rank": 5, "response_only_enabled": true, "role": "actor", "selected_rows": 3919, "tensor_parallel_size": 2, "vocab_shard": 75968}
[36m(WorkerDict pid=224934)[0m WARNING:2026-09-11 13:42:11,473:VERL_RESPONSE_ONLY_LM_HEAD_PROFILE {"active_ratio": 0.5450255102040816, "actual_logits_bytes": 649222528, "allocated_before_bytes": 4190684672, "backend": "unfused", "calculate_entropy": true, "calculate_sum_pi_squared": false, "context_parallel_size": 2, "data_format": "thd", "dense_logits_bytes": 1191178240, "dense_rows": 7840, "distillation_only": false, "elapsed_s": 0.03436935495119542, "element_size": 2, "entropy_from_logits_chunk_size": 2048, "entropy_from_logits_with_chunking": false, "event_id": 8, "logits_dtype": "torch.bfloat16", "logits_saved_bytes": 541955712, "peak_allocated_bytes": 8054141440, "peak_increment_bytes": 3863456768, "pipeline_parallel_size": 2, "projected_rows": 4273, "rank": 7, "response_only_enabled": true, "role": "actor", "selected_rows": 4273, "tensor_parallel_size": 2, "vocab_shard": 75968}
[36m(WorkerDict pid=224933)[0m WARNING:2026-09-11 13:42:11,473:VERL_RESPONSE_ONLY_LM_HEAD_PROFILE {"active_ratio": 0.5450255102040816, "actual_logits_bytes": 649222528, "allocated_before_bytes": 4190684672, "backend": "unfused", "calculate_entropy": true, "calculate_sum_pi_squared": false, "context_parallel_size": 2, "data_format": "thd", "dense_logits_bytes": 1191178240, "dense_rows": 7840, "distillation_only": false, "elapsed_s": 0.034374944982118905, "element_size": 2, "entropy_from_logits_chunk_size": 2048, "entropy_from_logits_with_chunking": false, "event_id": 8, "logits_dtype": "torch.bfloat16", "logits_saved_bytes": 541955712, "peak_allocated_bytes": 8054141440, "peak_increment_bytes": 3863456768, "pipeline_parallel_size": 2, "projected_rows": 4273, "rank": 6, "response_only_enabled": true, "role": "actor", "selected_rows": 4273, "tensor_parallel_size": 2, "vocab_shard": 75968}
[36m(WorkerDict pid=224932)[0m WARNING:2026-09-11 13:42:11,733:VERL_RESPONSE_ONLY_LM_HEAD_PROFILE {"active_ratio": 0.4998724489795918, "actual_logits_bytes": 595437184, "allocated_before_bytes": 4190811648, "backend": "unfused", "calculate_entropy": true, "calculate_sum_pi_squared": false, "context_parallel_size": 2, "data_format": "thd", "dense_logits_bytes": 1191178240, "dense_rows": 7840, "distillation_only": false, "elapsed_s": 0.029864212963730097, "element_size": 2, "entropy_from_logits_chunk_size": 2048, "entropy_from_logits_with_chunking": false, "event_id": 9, "logits_dtype": "torch.bfloat16", "logits_saved_bytes": 595741056, "peak_allocated_bytes": 7731544576, "peak_increment_bytes": 3540732928, "pipeline_parallel_size": 2, "projected_rows": 3919, "rank": 5, "response_only_enabled": true, "role": "actor", "selected_rows": 3919, "tensor_parallel_size": 2, "vocab_shard": 75968}
[36m(WorkerDict pid=224934)[0m WARNING:2026-09-11 13:42:11,735:VERL_RESPONSE_ONLY_LM_HEAD_PROFILE {"active_ratio": 0.5450255102040816, "actual_logits_bytes": 649222528, "allocated_before_bytes": 4190811648, "backend": "unfused", "calculate_entropy": true, "calculate_sum_pi_squared": false, "context_parallel_size": 2, "data_format": "thd", "dense_logits_bytes": 1191178240, "dense_rows": 7840, "distillation_only": false, "elapsed_s": 0.0320606540190056, "element_size": 2, "entropy_from_logits_chunk_size": 2048, "entropy_from_logits_with_chunking": false, "event_id": 9, "logits_dtype": "torch.bfloat16", "logits_saved_bytes": 541955712, "peak_allocated_bytes": 8054268416, "peak_increment_bytes": 3863456768, "pipeline_parallel_size": 2, "projected_rows": 4273, "rank": 7, "response_only_enabled": true, "role": "actor", "selected_rows": 4273, "tensor_parallel_size": 2, "vocab_shard": 75968}
[36m(WorkerDict pid=224933)[0m WARNING:2026-09-11 13:42:11,735:VERL_RESPONSE_ONLY_LM_HEAD_PROFILE {"active_ratio": 0.5450255102040816, "actual_logits_bytes": 649222528, "allocated_before_bytes": 4190811648, "backend": "unfused", "calculate_entropy": true, "calculate_sum_pi_squared": false, "context_parallel_size": 2, "data_format": "thd", "dense_logits_bytes": 1191178240, "dense_rows": 7840, "distillation_only": false, "elapsed_s": 0.03275450400542468, "element_size": 2, "entropy_from_logits_chunk_size": 2048, "entropy_from_logits_with_chunking": false, "event_id": 9, "logits_dtype": "torch.bfloat16", "logits_saved_bytes": 541955712, "peak_allocated_bytes": 8054268416, "peak_increment_bytes": 3863456768, "pipeline_parallel_size": 2, "projected_rows": 4273, "rank": 6, "response_only_enabled": true, "role": "actor", "selected_rows": 4273, "tensor_parallel_size": 2, "vocab_shard": 75968}
[36m(WorkerDict pid=224932)[0m WARNING:2026-09-11 13:42:11,995:VERL_RESPONSE_ONLY_LM_HEAD_PROFILE {"active_ratio": 0.4998724489795918, "actual_logits_bytes": 595437184, "allocated_before_bytes": 4190938624, "backend": "unfused", "calculate_entropy": true, "calculate_sum_pi_squared": false, "context_parallel_size": 2, "data_format": "thd", "dense_logits_bytes": 1191178240, "dense_rows": 7840, "distillation_only": false, "elapsed_s": 0.029663343098945916, "element_size": 2, "entropy_from_logits_chunk_size": 2048, "entropy_from_logits_with_chunking": false, "event_id": 10, "logits_dtype": "torch.bfloat16", "logits_saved_bytes": 595741056, "peak_allocated_bytes": 7731671552, "peak_increment_bytes": 3540732928, "pipeline_parallel_size": 2, "projected_rows": 3919, "rank": 5, "response_only_enabled": true, "role": "actor", "selected_rows": 3919, "tensor_parallel_size": 2, "vocab_shard": 75968}
[36m(WorkerDict pid=224934)[0m WARNING:2026-09-11 13:42:11,997:VERL_RESPONSE_ONLY_LM_HEAD_PROFILE {"active_ratio": 0.5450255102040816, "actual_logits_bytes": 649222528, "allocated_before_bytes": 4190938624, "backend": "unfused", "calculate_entropy": true, "calculate_sum_pi_squared": false, "context_parallel_size": 2, "data_format": "thd", "dense_logits_bytes": 1191178240, "dense_rows": 7840, "distillation_only": false, "elapsed_s": 0.03215197497047484, "element_size": 2, "entropy_from_logits_chunk_size": 2048, "entropy_from_logits_with_chunking": false, "event_id": 10, "logits_dtype": "torch.bfloat16", "logits_saved_bytes": 541955712, "peak_allocated_bytes": 8054395392, "peak_increment_bytes": 3863456768, "pipeline_parallel_size": 2, "projected_rows": 4273, "rank": 7, "response_only_enabled": true, "role": "actor", "selected_rows": 4273, "tensor_parallel_size": 2, "vocab_shard": 75968}
[36m(WorkerDict pid=224933)[0m WARNING:2026-09-11 13:42:11,997:VERL_RESPONSE_ONLY_LM_HEAD_PROFILE {"active_ratio": 0.5450255102040816, "actual_logits_bytes": 649222528, "allocated_before_bytes": 4190938624, "backend": "unfused", "calculate_entropy": true, "calculate_sum_pi_squared": false, "context_parallel_size": 2, "data_format": "thd", "dense_logits_bytes": 1191178240, "dense_rows": 7840, "distillation_only": false, "elapsed_s": 0.032140585011802614, "element_size": 2, "entropy_from_logits_chunk_size": 2048, "entropy_from_logits_with_chunking": false, "event_id": 10, "logits_dtype": "torch.bfloat16", "logits_saved_bytes": 541955712, "peak_allocated_bytes": 8054395392, "peak_increment_bytes": 3863456768, "pipeline_parallel_size": 2, "projected_rows": 4273, "rank": 6, "response_only_enabled": true, "role": "actor", "selected_rows": 4273, "tensor_parallel_size": 2, "vocab_shard": 75968}
[36m(WorkerDict pid=224932)[0m WARNING:2026-09-11 13:42:12,256:VERL_RESPONSE_ONLY_LM_HEAD_PROFILE {"active_ratio": 0.4998724489795918, "actual_logits_bytes": 595437184, "allocated_before_bytes": 4191065600, "backend": "unfused", "calculate_entropy": true, "calculate_sum_pi_squared": false, "context_parallel_size": 2, "data_format": "thd", "dense_logits_bytes": 1191178240, "dense_rows": 7840, "distillation_only": false, "elapsed_s": 0.029660172993317246, "element_size": 2, "entropy_from_logits_chunk_size": 2048, "entropy_from_logits_with_chunking": false, "event_id": 11, "logits_dtype": "torch.bfloat16", "logits_saved_bytes": 595741056, "peak_allocated_bytes": 7731798528, "peak_increment_bytes": 3540732928, "pipeline_parallel_size": 2, "projected_rows": 3919, "rank": 5, "response_only_enabled": true, "role": "actor", "selected_rows": 3919, "tensor_parallel_size": 2, "vocab_shard": 75968}
[36m(WorkerDict pid=224934)[0m WARNING:2026-09-11 13:42:12,258:VERL_RESPONSE_ONLY_LM_HEAD_PROFILE {"active_ratio": 0.5450255102040816, "actual_logits_bytes": 649222528, "allocated_before_bytes": 4191065600, "backend": "unfused", "calculate_entropy": true, "calculate_sum_pi_squared": false, "context_parallel_size": 2, "data_format": "thd", "dense_logits_bytes": 1191178240, "dense_rows": 7840, "distillation_only": false, "elapsed_s": 0.03205598401837051, "element_size": 2, "entropy_from_logits_chunk_size": 2048, "entropy_from_logits_with_chunking": false, "event_id": 11, "logits_dtype": "torch.bfloat16", "logits_saved_bytes": 541955712, "peak_allocated_bytes": 8054522368, "peak_increment_bytes": 3863456768, "pipeline_parallel_size": 2, "projected_rows": 4273, "rank": 7, "response_only_enabled": true, "role": "actor", "selected_rows": 4273, "tensor_parallel_size": 2, "vocab_shard": 75968}
[36m(WorkerDict pid=224933)[0m WARNING:2026-09-11 13:42:12,258:VERL_RESPONSE_ONLY_LM_HEAD_PROFILE {"active_ratio": 0.5450255102040816, "actual_logits_bytes": 649222528, "allocated_before_bytes": 4191065600, "backend": "unfused", "calculate_entropy": true, "calculate_sum_pi_squared": false, "context_parallel_size": 2, "data_format": "thd", "dense_logits_bytes": 1191178240, "dense_rows": 7840, "distillation_only": false, "elapsed_s": 0.03223553393036127, "element_size": 2, "entropy_from_logits_chunk_size": 2048, "entropy_from_logits_with_chunking": false, "event_id": 11, "logits_dtype": "torch.bfloat16", "logits_saved_bytes": 541955712, "peak_allocated_bytes": 8054522368, "peak_increment_bytes": 3863456768, "pipeline_parallel_size": 2, "projected_rows": 4273, "rank": 6, "response_only_enabled": true, "role": "actor", "selected_rows": 4273, "tensor_parallel_size": 2, "vocab_shard": 75968}
[36m(WorkerDict pid=224932)[0m WARNING:2026-09-11 13:42:12,521:VERL_RESPONSE_ONLY_LM_HEAD_PROFILE {"active_ratio": 0.4998724489795918, "actual_logits_bytes": 595437184, "allocated_before_bytes": 4191192576, "backend": "unfused", "calculate_entropy": true, "calculate_sum_pi_squared": false, "context_parallel_size": 2, "data_format": "thd", "dense_logits_bytes": 1191178240, "dense_rows": 7840, "distillation_only": false, "elapsed_s": 0.02991652302443981, "element_size": 2, "entropy_from_logits_chunk_size": 2048, "entropy_from_logits_with_chunking": false, "event_id": 12, "logits_dtype": "torch.bfloat16", "logits_saved_bytes": 595741056, "peak_allocated_bytes": 7731925504, "peak_increment_bytes": 3540732928, "pipeline_parallel_size": 2, "projected_rows": 3919, "rank": 5, "response_only_enabled": true, "role": "actor", "selected_rows": 3919, "tensor_parallel_size": 2, "vocab_shard": 75968}
[36m(WorkerDict pid=224934)[0m WARNING:2026-09-11 13:42:12,523:VERL_RESPONSE_ONLY_LM_HEAD_PROFILE {"active_ratio": 0.5450255102040816, "actual_logits_bytes": 649222528, "allocated_before_bytes": 4191192576, "backend": "unfused", "calculate_entropy": true, "calculate_sum_pi_squared": false, "context_parallel_size": 2, "data_format": "thd", "dense_logits_bytes": 1191178240, "dense_rows": 7840, "distillation_only": false, "elapsed_s": 0.03223009395878762, "element_size": 2, "entropy_from_logits_chunk_size": 2048, "entropy_from_logits_with_chunking": false, "event_id": 12, "logits_dtype": "torch.bfloat16", "logits_saved_bytes": 541955712, "peak_allocated_bytes": 8054649344, "peak_increment_bytes": 3863456768, "pipeline_parallel_size": 2, "projected_rows": 4273, "rank": 7, "response_only_enabled": true, "role": "actor", "selected_rows": 4273, "tensor_parallel_size": 2, "vocab_shard": 75968}
[36m(WorkerDict pid=224933)[0m WARNING:2026-09-11 13:42:12,523:VERL_RESPONSE_ONLY_LM_HEAD_PROFILE {"active_ratio": 0.5450255102040816, "actual_logits_bytes": 649222528, "allocated_before_bytes": 4191192576, "backend": "unfused", "calculate_entropy": true, "calculate_sum_pi_squared": false, "context_parallel_size": 2, "data_format": "thd", "dense_logits_bytes": 1191178240, "dense_rows": 7840, "distillation_only": false, "elapsed_s": 0.03227348404470831, "element_size": 2, "entropy_from_logits_chunk_size": 2048, "entropy_from_logits_with_chunking": false, "event_id": 12, "logits_dtype": "torch.bfloat16", "logits_saved_bytes": 541955712, "peak_allocated_bytes": 8054649344, "peak_increment_bytes": 3863456768, "pipeline_parallel_size": 2, "projected_rows": 4273, "rank": 6, "response_only_enabled": true, "role": "actor", "selected_rows": 4273, "tensor_parallel_size": 2, "vocab_shard": 75968}
[36m(WorkerDict pid=224932)[0m WARNING:2026-09-11 13:42:12,782:VERL_RESPONSE_ONLY_LM_HEAD_PROFILE {"active_ratio": 0.4998724489795918, "actual_logits_bytes": 595437184, "allocated_before_bytes": 4191319552, "backend": "unfused", "calculate_entropy": true, "calculate_sum_pi_squared": false, "context_parallel_size": 2, "data_format": "thd", "dense_logits_bytes": 1191178240, "dense_rows": 7840, "distillation_only": false, "elapsed_s": 0.029733533039689064, "element_size": 2, "entropy_from_logits_chunk_size": 2048, "entropy_from_logits_with_chunking": false, "event_id": 13, "logits_dtype": "torch.bfloat16", "logits_saved_bytes": 595741056, "peak_allocated_bytes": 7732052480, "peak_increment_bytes": 3540732928, "pipeline_parallel_size": 2, "projected_rows": 3919, "rank": 5, "response_only_enabled": true, "role": "actor", "selected_rows": 3919, "tensor_parallel_size": 2, "vocab_shard": 75968}
[36m(WorkerDict pid=224934)[0m WARNING:2026-09-11 13:42:12,785:VERL_RESPONSE_ONLY_LM_HEAD_PROFILE {"active_ratio": 0.5450255102040816, "actual_logits_bytes": 649222528, "allocated_before_bytes": 4191319552, "backend": "unfused", "calculate_entropy": true, "calculate_sum_pi_squared": false, "context_parallel_size": 2, "data_format": "thd", "dense_logits_bytes": 1191178240, "dense_rows": 7840, "distillation_only": false, "elapsed_s": 0.032243865076452494, "element_size": 2, "entropy_from_logits_chunk_size": 2048, "entropy_from_logits_with_chunking": false, "event_id": 13, "logits_dtype": "torch.bfloat16", "logits_saved_bytes": 541955712, "peak_allocated_bytes": 8054776320, "peak_increment_bytes": 3863456768, "pipeline_parallel_size": 2, "projected_rows": 4273, "rank": 7, "response_only_enabled": true, "role": "actor", "selected_rows": 4273, "tensor_parallel_size": 2, "vocab_shard": 75968}
[36m(WorkerDict pid=224933)[0m WARNING:2026-09-11 13:42:12,785:VERL_RESPONSE_ONLY_LM_HEAD_PROFILE {"active_ratio": 0.5450255102040816, "actual_logits_bytes": 649222528, "allocated_before_bytes": 4191319552, "backend": "unfused", "calculate_entropy": true, "calculate_sum_pi_squared": false, "context_parallel_size": 2, "data_format": "thd", "dense_logits_bytes": 1191178240, "dense_rows": 7840, "distillation_only": false, "elapsed_s": 0.03221847501117736, "element_size": 2, "entropy_from_logits_chunk_size": 2048, "entropy_from_logits_with_chunking": false, "event_id": 13, "logits_dtype": "torch.bfloat16", "logits_saved_bytes": 541955712, "peak_allocated_bytes": 8054776320, "peak_increment_bytes": 3863456768, "pipeline_parallel_size": 2, "projected_rows": 4273, "rank": 6, "response_only_enabled": true, "role": "actor", "selected_rows": 4273, "tensor_parallel_size": 2, "vocab_shard": 75968}
[36m(WorkerDict pid=224932)[0m WARNING:2026-09-11 13:42:13,044:VERL_RESPONSE_ONLY_LM_HEAD_PROFILE {"active_ratio": 0.4998724489795918, "actual_logits_bytes": 595437184, "allocated_before_bytes": 4191446528, "backend": "unfused", "calculate_entropy": true, "calculate_sum_pi_squared": false, "context_parallel_size": 2, "data_format": "thd", "dense_logits_bytes": 1191178240, "dense_rows": 7840, "distillation_only": false, "elapsed_s": 0.02971998299472034, "element_size": 2, "entropy_from_logits_chunk_size": 2048, "entropy_from_logits_with_chunking": false, "event_id": 14, "logits_dtype": "torch.bfloat16", "logits_saved_bytes": 595741056, "peak_allocated_bytes": 7732179456, "peak_increment_bytes": 3540732928, "pipeline_parallel_size": 2, "projected_rows": 3919, "rank": 5, "response_only_enabled": true, "role": "actor", "selected_rows": 3919, "tensor_parallel_size": 2, "vocab_shard": 75968}
[36m(WorkerDict pid=224934)[0m WARNING:2026-09-11 13:42:13,046:VERL_RESPONSE_ONLY_LM_HEAD_PROFILE {"active_ratio": 0.5450255102040816, "actual_logits_bytes": 649222528, "allocated_before_bytes": 4191446528, "backend": "unfused", "calculate_entropy": true, "calculate_sum_pi_squared": false, "context_parallel_size": 2, "data_format": "thd", "dense_logits_bytes": 1191178240, "dense_rows": 7840, "distillation_only": false, "elapsed_s": 0.03237848402932286, "element_size": 2, "entropy_from_logits_chunk_size": 2048, "entropy_from_logits_with_chunking": false, "event_id": 14, "logits_dtype": "torch.bfloat16", "logits_saved_bytes": 541955712, "peak_allocated_bytes": 8054903296, "peak_increment_bytes": 3863456768, "pipeline_parallel_size": 2, "projected_rows": 4273, "rank": 7, "response_only_enabled": true, "role": "actor", "selected_rows": 4273, "tensor_parallel_size": 2, "vocab_shard": 75968}
[36m(WorkerDict pid=224933)[0m WARNING:2026-09-11 13:42:13,046:VERL_RESPONSE_ONLY_LM_HEAD_PROFILE {"active_ratio": 0.5450255102040816, "actual_logits_bytes": 649222528, "allocated_before_bytes": 4191446528, "backend": "unfused", "calculate_entropy": true, "calculate_sum_pi_squared": false, "context_parallel_size": 2, "data_format": "thd", "dense_logits_bytes": 1191178240, "dense_rows": 7840, "distillation_only": false, "elapsed_s": 0.032336023985408247, "element_size": 2, "entropy_from_logits_chunk_size": 2048, "entropy_from_logits_with_chunking": false, "event_id": 14, "logits_dtype": "torch.bfloat16", "logits_saved_bytes": 541955712, "peak_allocated_bytes": 8054903296, "peak_increment_bytes": 3863456768, "pipeline_parallel_size": 2, "projected_rows": 4273, "rank": 6, "response_only_enabled": true, "role": "actor", "selected_rows": 4273, "tensor_parallel_size": 2, "vocab_shard": 75968}
[36m(WorkerDict pid=224932)[0m WARNING:2026-09-11 13:42:13,307:VERL_RESPONSE_ONLY_LM_HEAD_PROFILE {"active_ratio": 0.4998724489795918, "actual_logits_bytes": 595437184, "allocated_before_bytes": 4191573504, "backend": "unfused", "calculate_entropy": true, "calculate_sum_pi_squared": false, "context_parallel_size": 2, "data_format": "thd", "dense_logits_bytes": 1191178240, "dense_rows": 7840, "distillation_only": false, "elapsed_s": 0.02964165306184441, "element_size": 2, "entropy_from_logits_chunk_size": 2048, "entropy_from_logits_with_chunking": false, "event_id": 15, "logits_dtype": "torch.bfloat16", "logits_saved_bytes": 595741056, "peak_allocated_bytes": 7732306432, "peak_increment_bytes": 3540732928, "pipeline_parallel_size": 2, "projected_rows": 3919, "rank": 5, "response_only_enabled": true, "role": "actor", "selected_rows": 3919, "tensor_parallel_size": 2, "vocab_shard": 75968}
[36m(WorkerDict pid=224934)[0m WARNING:2026-09-11 13:42:13,310:VERL_RESPONSE_ONLY_LM_HEAD_PROFILE {"active_ratio": 0.5450255102040816, "actual_logits_bytes": 649222528, "allocated_before_bytes": 4191573504, "backend": "unfused", "calculate_entropy": true, "calculate_sum_pi_squared": false, "context_parallel_size": 2, "data_format": "thd", "dense_logits_bytes": 1191178240, "dense_rows": 7840, "distillation_only": false, "elapsed_s": 0.032127393991686404, "element_size": 2, "entropy_from_logits_chunk_size": 2048, "entropy_from_logits_with_chunking": false, "event_id": 15, "logits_dtype": "torch.bfloat16", "logits_saved_bytes": 541955712, "peak_allocated_bytes": 8055030272, "peak_increment_bytes": 3863456768, "pipeline_parallel_size": 2, "projected_rows": 4273, "rank": 7, "response_only_enabled": true, "role": "actor", "selected_rows": 4273, "tensor_parallel_size": 2, "vocab_shard": 75968}
[36m(WorkerDict pid=224933)[0m WARNING:2026-09-11 13:42:13,310:VERL_RESPONSE_ONLY_LM_HEAD_PROFILE {"active_ratio": 0.5450255102040816, "actual_logits_bytes": 649222528, "allocated_before_bytes": 4191573504, "backend": "unfused", "calculate_entropy": true, "calculate_sum_pi_squared": false, "context_parallel_size": 2, "data_format": "thd", "dense_logits_bytes": 1191178240, "dense_rows": 7840, "distillation_only": false, "elapsed_s": 0.03212046402040869, "element_size": 2, "entropy_from_logits_chunk_size": 2048, "entropy_from_logits_with_chunking": false, "event_id": 15, "logits_dtype": "torch.bfloat16", "logits_saved_bytes": 541955712, "peak_allocated_bytes": 8055030272, "peak_increment_bytes": 3863456768, "pipeline_parallel_size": 2, "projected_rows": 4273, "rank": 6, "response_only_enabled": true, "role": "actor", "selected_rows": 4273, "tensor_parallel_size": 2, "vocab_shard": 75968}
[36m(WorkerDict pid=224932)[0m WARNING:2026-09-11 13:42:18,146:VERL_RESPONSE_ONLY_LM_HEAD_PROFILE {"active_ratio": 0.49913962635201575, "actual_logits_bytes": 617012096, "allocated_before_bytes": 4232661504, "backend": "unfused", "calculate_entropy": false, "calculate_sum_pi_squared": false, "context_parallel_size": 2, "data_format": "thd", "dense_logits_bytes": 1236151296, "dense_rows": 8136, "distillation_only": false, "elapsed_s": 0.04813380097039044, "element_size": 2, "entropy_from_logits_chunk_size": 2048, "entropy_from_logits_with_chunking": false, "event_id": 16, "logits_dtype": "torch.bfloat16", "logits_saved_bytes": 619139200, "peak_allocated_bytes": 6050373120, "peak_increment_bytes": 1817711616, "pipeline_parallel_size": 2, "projected_rows": 4061, "rank": 5, "response_only_enabled": true, "role": "ref", "selected_rows": 4061, "tensor_parallel_size": 2, "vocab_shard": 75968}
[36m(WorkerDict pid=224934)[0m WARNING:2026-09-11 13:42:18,147:VERL_RESPONSE_ONLY_LM_HEAD_PROFILE {"active_ratio": 0.5077433628318584, "actual_logits_bytes": 627647616, "allocated_before_bytes": 4232661504, "backend": "unfused", "calculate_entropy": false, "calculate_sum_pi_squared": false, "context_parallel_size": 2, "data_format": "thd", "dense_logits_bytes": 1236151296, "dense_rows": 8136, "distillation_only": false, "elapsed_s": 0.04922761197667569, "element_size": 2, "entropy_from_logits_chunk_size": 2048, "entropy_from_logits_with_chunking": false, "event_id": 16, "logits_dtype": "torch.bfloat16", "logits_saved_bytes": 608503680, "peak_allocated_bytes": 6082279936, "peak_increment_bytes": 1849618432, "pipeline_parallel_size": 2, "projected_rows": 4131, "rank": 7, "response_only_enabled": true, "role": "ref", "selected_rows": 4131, "tensor_parallel_size": 2, "vocab_shard": 75968}
[36m(WorkerDict pid=224933)[0m WARNING:2026-09-11 13:42:18,147:VERL_RESPONSE_ONLY_LM_HEAD_PROFILE {"active_ratio": 0.5077433628318584, "actual_logits_bytes": 627647616, "allocated_before_bytes": 4232661504, "backend": "unfused", "calculate_entropy": false, "calculate_sum_pi_squared": false, "context_parallel_size": 2, "data_format": "thd", "dense_logits_bytes": 1236151296, "dense_rows": 8136, "distillation_only": false, "elapsed_s": 0.049254811950959265, "element_size": 2, "entropy_from_logits_chunk_size": 2048, "entropy_from_logits_with_chunking": false, "event_id": 16, "logits_dtype": "torch.bfloat16", "logits_saved_bytes": 608503680, "peak_allocated_bytes": 6082279936, "peak_increment_bytes": 1849618432, "pipeline_parallel_size": 2, "projected_rows": 4131, "rank": 6, "response_only_enabled": true, "role": "ref", "selected_rows": 4131, "tensor_parallel_size": 2, "vocab_shard": 75968}
[36m(WorkerDict pid=224932)[0m WARNING:2026-09-11 13:42:18,404:VERL_RESPONSE_ONLY_LM_HEAD_PROFILE {"active_ratio": 0.49913962635201575, "actual_logits_bytes": 617012096, "allocated_before_bytes": 4232728064, "backend": "unfused", "calculate_entropy": false, "calculate_sum_pi_squared": false, "context_parallel_size": 2, "data_format": "thd", "dense_logits_bytes": 1236151296, "dense_rows": 8136, "distillation_only": false, "elapsed_s": 0.021431959932669997, "element_size": 2, "entropy_from_logits_chunk_size": 2048, "entropy_from_logits_with_chunking": false, "event_id": 17, "logits_dtype": "torch.bfloat16", "logits_saved_bytes": 619139200, "peak_allocated_bytes": 6050439680, "peak_increment_bytes": 1817711616, "pipeline_parallel_size": 2, "projected_rows": 4061, "rank": 5, "response_only_enabled": true, "role": "ref", "selected_rows": 4061, "tensor_parallel_size": 2, "vocab_shard": 75968}
[36m(WorkerDict pid=224934)[0m WARNING:2026-09-11 13:42:18,405:VERL_RESPONSE_ONLY_LM_HEAD_PROFILE {"active_ratio": 0.5077433628318584, "actual_logits_bytes": 627647616, "allocated_before_bytes": 4232728064, "backend": "unfused", "calculate_entropy": false, "calculate_sum_pi_squared": false, "context_parallel_size": 2, "data_format": "thd", "dense_logits_bytes": 1236151296, "dense_rows": 8136, "distillation_only": false, "elapsed_s": 0.02201396005693823, "element_size": 2, "entropy_from_logits_chunk_size": 2048, "entropy_from_logits_with_chunking": false, "event_id": 17, "logits_dtype": "torch.bfloat16", "logits_saved_bytes": 608503680, "peak_allocated_bytes": 6082346496, "peak_increment_bytes": 1849618432, "pipeline_parallel_size": 2, "projected_rows": 4131, "rank": 7, "response_only_enabled": true, "role": "ref", "selected_rows": 4131, "tensor_parallel_size": 2, "vocab_shard": 75968}
[36m(WorkerDict pid=224933)[0m WARNING:2026-09-11 13:42:18,405:VERL_RESPONSE_ONLY_LM_HEAD_PROFILE {"active_ratio": 0.5077433628318584, "actual_logits_bytes": 627647616, "allocated_before_bytes": 4232728064, "backend": "unfused", "calculate_entropy": false, "calculate_sum_pi_squared": false, "context_parallel_size": 2, "data_format": "thd", "dense_logits_bytes": 1236151296, "dense_rows": 8136, "distillation_only": false, "elapsed_s": 0.021996240015141666, "element_size": 2, "entropy_from_logits_chunk_size": 2048, "entropy_from_logits_with_chunking": false, "event_id": 17, "logits_dtype": "torch.bfloat16", "logits_saved_bytes": 608503680, "peak_allocated_bytes": 6082346496, "peak_increment_bytes": 1849618432, "pipeline_parallel_size": 2, "projected_rows": 4131, "rank": 6, "response_only_enabled": true, "role": "ref", "selected_rows": 4131, "tensor_parallel_size": 2, "vocab_shard": 75968}
[36m(WorkerDict pid=224932)[0m WARNING:2026-09-11 13:42:18,667:VERL_RESPONSE_ONLY_LM_HEAD_PROFILE {"active_ratio": 0.49913962635201575, "actual_logits_bytes": 617012096, "allocated_before_bytes": 4232794112, "backend": "unfused", "calculate_entropy": false, "calculate_sum_pi_squared": false, "context_parallel_size": 2, "data_format": "thd", "dense_logits_bytes": 1236151296, "dense_rows": 8136, "distillation_only": false, "elapsed_s": 0.023343040025793016, "element_size": 2, "entropy_from_logits_chunk_size": 2048, "entropy_from_logits_with_chunking": false, "event_id": 18, "logits_dtype": "torch.bfloat16", "logits_saved_bytes": 619139200, "peak_allocated_bytes": 6050505728, "peak_increment_bytes": 1817711616, "pipeline_parallel_size": 2, "projected_rows": 4061, "rank": 5, "response_only_enabled": true, "role": "ref", "selected_rows": 4061, "tensor_parallel_size": 2, "vocab_shard": 75968}
[36m(WorkerDict pid=224934)[0m WARNING:2026-09-11 13:42:18,666:VERL_RESPONSE_ONLY_LM_HEAD_PROFILE {"active_ratio": 0.5077433628318584, "actual_logits_bytes": 627647616, "allocated_before_bytes": 4232794112, "backend": "unfused", "calculate_entropy": false, "calculate_sum_pi_squared": false, "context_parallel_size": 2, "data_format": "thd", "dense_logits_bytes": 1236151296, "dense_rows": 8136, "distillation_only": false, "elapsed_s": 0.02195805893279612, "element_size": 2, "entropy_from_logits_chunk_size": 2048, "entropy_from_logits_with_chunking": false, "event_id": 18, "logits_dtype": "torch.bfloat16", "logits_saved_bytes": 608503680, "peak_allocated_bytes": 6082412544, "peak_increment_bytes": 1849618432, "pipeline_parallel_size": 2, "projected_rows": 4131, "rank": 7, "response_only_enabled": true, "role": "ref", "selected_rows": 4131, "tensor_parallel_size": 2, "vocab_shard": 75968}
[36m(WorkerDict pid=224933)[0m WARNING:2026-09-11 13:42:18,666:VERL_RESPONSE_ONLY_LM_HEAD_PROFILE {"active_ratio": 0.5077433628318584, "actual_logits_bytes": 627647616, "allocated_before_bytes": 4232794112, "backend": "unfused", "calculate_entropy": false, "calculate_sum_pi_squared": false, "context_parallel_size": 2, "data_format": "thd", "dense_logits_bytes": 1236151296, "dense_rows": 8136, "distillation_only": false, "elapsed_s": 0.021988698979839683, "element_size": 2, "entropy_from_logits_chunk_size": 2048, "entropy_from_logits_with_chunking": false, "event_id": 18, "logits_dtype": "torch.bfloat16", "logits_saved_bytes": 608503680, "peak_allocated_bytes": 6082412544, "peak_increment_bytes": 1849618432, "pipeline_parallel_size": 2, "projected_rows": 4131, "rank": 6, "response_only_enabled": true, "role": "ref", "selected_rows": 4131, "tensor_parallel_size": 2, "vocab_shard": 75968}
[36m(WorkerDict pid=224932)[0m WARNING:2026-09-11 13:42:18,925:VERL_RESPONSE_ONLY_LM_HEAD_PROFILE {"active_ratio": 0.49913962635201575, "actual_logits_bytes": 617012096, "allocated_before_bytes": 4232860160, "backend": "unfused", "calculate_entropy": false, "calculate_sum_pi_squared": false, "context_parallel_size": 2, "data_format": "thd", "dense_logits_bytes": 1236151296, "dense_rows": 8136, "distillation_only": false, "elapsed_s": 0.02124637004453689, "element_size": 2, "entropy_from_logits_chunk_size": 2048, "entropy_from_logits_with_chunking": false, "event_id": 19, "logits_dtype": "torch.bfloat16", "logits_saved_bytes": 619139200, "peak_allocated_bytes": 6050571776, "peak_increment_bytes": 1817711616, "pipeline_parallel_size": 2, "projected_rows": 4061, "rank": 5, "response_only_enabled": true, "role": "ref", "selected_rows": 4061, "tensor_parallel_size": 2, "vocab_shard": 75968}
[36m(WorkerDict pid=224934)[0m WARNING:2026-09-11 13:42:18,926:VERL_RESPONSE_ONLY_LM_HEAD_PROFILE {"active_ratio": 0.5077433628318584, "actual_logits_bytes": 627647616, "allocated_before_bytes": 4232860160, "backend": "unfused", "calculate_entropy": false, "calculate_sum_pi_squared": false, "context_parallel_size": 2, "data_format": "thd", "dense_logits_bytes": 1236151296, "dense_rows": 8136, "distillation_only": false, "elapsed_s": 0.022121710004284978, "element_size": 2, "entropy_from_logits_chunk_size": 2048, "entropy_from_logits_with_chunking": false, "event_id": 19, "logits_dtype": "torch.bfloat16", "logits_saved_bytes": 608503680, "peak_allocated_bytes": 6082478592, "peak_increment_bytes": 1849618432, "pipeline_parallel_size": 2, "projected_rows": 4131, "rank": 7, "response_only_enabled": true, "role": "ref", "selected_rows": 4131, "tensor_parallel_size": 2, "vocab_shard": 75968}
[36m(WorkerDict pid=224933)[0m WARNING:2026-09-11 13:42:18,926:VERL_RESPONSE_ONLY_LM_HEAD_PROFILE {"active_ratio": 0.5077433628318584, "actual_logits_bytes": 627647616, "allocated_before_bytes": 4232860160, "backend": "unfused", "calculate_entropy": false, "calculate_sum_pi_squared": false, "context_parallel_size": 2, "data_format": "thd", "dense_logits_bytes": 1236151296, "dense_rows": 8136, "distillation_only": false, "elapsed_s": 0.02214381005614996, "element_size": 2, "entropy_from_logits_chunk_size": 2048, "entropy_from_logits_with_chunking": false, "event_id": 19, "logits_dtype": "torch.bfloat16", "logits_saved_bytes": 608503680, "peak_allocated_bytes": 6082478592, "peak_increment_bytes": 1849618432, "pipeline_parallel_size": 2, "projected_rows": 4131, "rank": 6, "response_only_enabled": true, "role": "ref", "selected_rows": 4131, "tensor_parallel_size": 2, "vocab_shard": 75968}
[36m(WorkerDict pid=224932)[0m WARNING:2026-09-11 13:42:19,185:VERL_RESPONSE_ONLY_LM_HEAD_PROFILE {"active_ratio": 0.49913962635201575, "actual_logits_bytes": 617012096, "allocated_before_bytes": 4232926208, "backend": "unfused", "calculate_entropy": false, "calculate_sum_pi_squared": false, "context_parallel_size": 2, "data_format": "thd", "dense_logits_bytes": 1236151296, "dense_rows": 8136, "distillation_only": false, "elapsed_s": 0.021335970028303564, "element_size": 2, "entropy_from_logits_chunk_size": 2048, "entropy_from_logits_with_chunking": false, "event_id": 20, "logits_dtype": "torch.bfloat16", "logits_saved_bytes": 619139200, "peak_allocated_bytes": 6050637824, "peak_increment_bytes": 1817711616, "pipeline_parallel_size": 2, "projected_rows": 4061, "rank": 5, "response_only_enabled": true, "role": "ref", "selected_rows": 4061, "tensor_parallel_size": 2, "vocab_shard": 75968}
[36m(WorkerDict pid=224934)[0m WARNING:2026-09-11 13:42:19,186:VERL_RESPONSE_ONLY_LM_HEAD_PROFILE {"active_ratio": 0.5077433628318584, "actual_logits_bytes": 627647616, "allocated_before_bytes": 4232926208, "backend": "unfused", "calculate_entropy": false, "calculate_sum_pi_squared": false, "context_parallel_size": 2, "data_format": "thd", "dense_logits_bytes": 1236151296, "dense_rows": 8136, "distillation_only": false, "elapsed_s": 0.022169220028445125, "element_size": 2, "entropy_from_logits_chunk_size": 2048, "entropy_from_logits_with_chunking": false, "event_id": 20, "logits_dtype": "torch.bfloat16", "logits_saved_bytes": 608503680, "peak_allocated_bytes": 6082544640, "peak_increment_bytes": 1849618432, "pipeline_parallel_size": 2, "projected_rows": 4131, "rank": 7, "response_only_enabled": true, "role": "ref", "selected_rows": 4131, "tensor_parallel_size": 2, "vocab_shard": 75968}
[36m(WorkerDict pid=224933)[0m WARNING:2026-09-11 13:42:19,186:VERL_RESPONSE_ONLY_LM_HEAD_PROFILE {"active_ratio": 0.5077433628318584, "actual_logits_bytes": 627647616, "allocated_before_bytes": 4232926208, "backend": "unfused", "calculate_entropy": false, "calculate_sum_pi_squared": false, "context_parallel_size": 2, "data_format": "thd", "dense_logits_bytes": 1236151296, "dense_rows": 8136, "distillation_only": false, "elapsed_s": 0.02218164992518723, "element_size": 2, "entropy_from_logits_chunk_size": 2048, "entropy_from_logits_with_chunking": false, "event_id": 20, "logits_dtype": "torch.bfloat16", "logits_saved_bytes": 608503680, "peak_allocated_bytes": 6082544640, "peak_increment_bytes": 1849618432, "pipeline_parallel_size": 2, "projected_rows": 4131, "rank": 6, "response_only_enabled": true, "role": "ref", "selected_rows": 4131, "tensor_parallel_size": 2, "vocab_shard": 75968}
[36m(WorkerDict pid=224932)[0m WARNING:2026-09-11 13:42:19,445:VERL_RESPONSE_ONLY_LM_HEAD_PROFILE {"active_ratio": 0.49913962635201575, "actual_logits_bytes": 617012096, "allocated_before_bytes": 4232992256, "backend": "unfused", "calculate_entropy": false, "calculate_sum_pi_squared": false, "context_parallel_size": 2, "data_format": "thd", "dense_logits_bytes": 1236151296, "dense_rows": 8136, "distillation_only": false, "elapsed_s": 0.02270810992922634, "element_size": 2, "entropy_from_logits_chunk_size": 2048, "entropy_from_logits_with_chunking": false, "event_id": 21, "logits_dtype": "torch.bfloat16", "logits_saved_bytes": 619139200, "peak_allocated_bytes": 6050703872, "peak_increment_bytes": 1817711616, "pipeline_parallel_size": 2, "projected_rows": 4061, "rank": 5, "response_only_enabled": true, "role": "ref", "selected_rows": 4061, "tensor_parallel_size": 2, "vocab_shard": 75968}
[36m(WorkerDict pid=224934)[0m WARNING:2026-09-11 13:42:19,444:VERL_RESPONSE_ONLY_LM_HEAD_PROFILE {"active_ratio": 0.5077433628318584, "actual_logits_bytes": 627647616, "allocated_before_bytes": 4232992256, "backend": "unfused", "calculate_entropy": false, "calculate_sum_pi_squared": false, "context_parallel_size": 2, "data_format": "thd", "dense_logits_bytes": 1236151296, "dense_rows": 8136, "distillation_only": false, "elapsed_s": 0.022259379969909787, "element_size": 2, "entropy_from_logits_chunk_size": 2048, "entropy_from_logits_with_chunking": false, "event_id": 21, "logits_dtype": "torch.bfloat16", "logits_saved_bytes": 608503680, "peak_allocated_bytes": 6082610688, "peak_increment_bytes": 1849618432, "pipeline_parallel_size": 2, "projected_rows": 4131, "rank": 7, "response_only_enabled": true, "role": "ref", "selected_rows": 4131, "tensor_parallel_size": 2, "vocab_shard": 75968}
[36m(WorkerDict pid=224933)[0m WARNING:2026-09-11 13:42:19,444:VERL_RESPONSE_ONLY_LM_HEAD_PROFILE {"active_ratio": 0.5077433628318584, "actual_logits_bytes": 627647616, "allocated_before_bytes": 4232992256, "backend": "unfused", "calculate_entropy": false, "calculate_sum_pi_squared": false, "context_parallel_size": 2, "data_format": "thd", "dense_logits_bytes": 1236151296, "dense_rows": 8136, "distillation_only": false, "elapsed_s": 0.02223362005315721, "element_size": 2, "entropy_from_logits_chunk_size": 2048, "entropy_from_logits_with_chunking": false, "event_id": 21, "logits_dtype": "torch.bfloat16", "logits_saved_bytes": 608503680, "peak_allocated_bytes": 6082610688, "peak_increment_bytes": 1849618432, "pipeline_parallel_size": 2, "projected_rows": 4131, "rank": 6, "response_only_enabled": true, "role": "ref", "selected_rows": 4131, "tensor_parallel_size": 2, "vocab_shard": 75968}
[36m(WorkerDict pid=224932)[0m WARNING:2026-09-11 13:42:19,704:VERL_RESPONSE_ONLY_LM_HEAD_PROFILE {"active_ratio": 0.49913962635201575, "actual_logits_bytes": 617012096, "allocated_before_bytes": 4233058304, "backend": "unfused", "calculate_entropy": false, "calculate_sum_pi_squared": false, "context_parallel_size": 2, "data_format": "thd", "dense_logits_bytes": 1236151296, "dense_rows": 8136, "distillation_only": false, "elapsed_s": 0.02148780005518347, "element_size": 2, "entropy_from_logits_chunk_size": 2048, "entropy_from_logits_with_chunking": false, "event_id": 22, "logits_dtype": "torch.bfloat16", "logits_saved_bytes": 619139200, "peak_allocated_bytes": 6050769920, "peak_increment_bytes": 1817711616, "pipeline_parallel_size": 2, "projected_rows": 4061, "rank": 5, "response_only_enabled": true, "role": "ref", "selected_rows": 4061, "tensor_parallel_size": 2, "vocab_shard": 75968}
[36m(WorkerDict pid=224934)[0m WARNING:2026-09-11 13:42:19,705:VERL_RESPONSE_ONLY_LM_HEAD_PROFILE {"active_ratio": 0.5077433628318584, "actual_logits_bytes": 627647616, "allocated_before_bytes": 4233058304, "backend": "unfused", "calculate_entropy": false, "calculate_sum_pi_squared": false, "context_parallel_size": 2, "data_format": "thd", "dense_logits_bytes": 1236151296, "dense_rows": 8136, "distillation_only": false, "elapsed_s": 0.022109820041805506, "element_size": 2, "entropy_from_logits_chunk_size": 2048, "entropy_from_logits_with_chunking": false, "event_id": 22, "logits_dtype": "torch.bfloat16", "logits_saved_bytes": 608503680, "peak_allocated_bytes": 6082676736, "peak_increment_bytes": 1849618432, "pipeline_parallel_size": 2, "projected_rows": 4131, "rank": 7, "response_only_enabled": true, "role": "ref", "selected_rows": 4131, "tensor_parallel_size": 2, "vocab_shard": 75968}
[36m(WorkerDict pid=224933)[0m WARNING:2026-09-11 13:42:19,705:VERL_RESPONSE_ONLY_LM_HEAD_PROFILE {"active_ratio": 0.5077433628318584, "actual_logits_bytes": 627647616, "allocated_before_bytes": 4233058304, "backend": "unfused", "calculate_entropy": false, "calculate_sum_pi_squared": false, "context_parallel_size": 2, "data_format": "thd", "dense_logits_bytes": 1236151296, "dense_rows": 8136, "distillation_only": false, "elapsed_s": 0.022084060008637607, "element_size": 2, "entropy_from_logits_chunk_size": 2048, "entropy_from_logits_with_chunking": false, "event_id": 22, "logits_dtype": "torch.bfloat16", "logits_saved_bytes": 608503680, "peak_allocated_bytes": 6082676736, "peak_increment_bytes": 1849618432, "pipeline_parallel_size": 2, "projected_rows": 4131, "rank": 6, "response_only_enabled": true, "role": "ref", "selected_rows": 4131, "tensor_parallel_size": 2, "vocab_shard": 75968}
[36m(WorkerDict pid=224932)[0m WARNING:2026-09-11 13:42:19,965:VERL_RESPONSE_ONLY_LM_HEAD_PROFILE {"active_ratio": 0.49913962635201575, "actual_logits_bytes": 617012096, "allocated_before_bytes": 4233124352, "backend": "unfused", "calculate_entropy": false, "calculate_sum_pi_squared": false, "context_parallel_size": 2, "data_format": "thd", "dense_logits_bytes": 1236151296, "dense_rows": 8136, "distillation_only": false, "elapsed_s": 0.021646189037710428, "element_size": 2, "entropy_from_logits_chunk_size": 2048, "entropy_from_logits_with_chunking": false, "event_id": 23, "logits_dtype": "torch.bfloat16", "logits_saved_bytes": 619139200, "peak_allocated_bytes": 6050835968, "peak_increment_bytes": 1817711616, "pipeline_parallel_size": 2, "projected_rows": 4061, "rank": 5, "response_only_enabled": true, "role": "ref", "selected_rows": 4061, "tensor_parallel_size": 2, "vocab_shard": 75968}
[36m(WorkerDict pid=224934)[0m WARNING:2026-09-11 13:42:19,965:VERL_RESPONSE_ONLY_LM_HEAD_PROFILE {"active_ratio": 0.5077433628318584, "actual_logits_bytes": 627647616, "allocated_before_bytes": 4233124352, "backend": "unfused", "calculate_entropy": false, "calculate_sum_pi_squared": false, "context_parallel_size": 2, "data_format": "thd", "dense_logits_bytes": 1236151296, "dense_rows": 8136, "distillation_only": false, "elapsed_s": 0.022219649981707335, "element_size": 2, "entropy_from_logits_chunk_size": 2048, "entropy_from_logits_with_chunking": false, "event_id": 23, "logits_dtype": "torch.bfloat16", "logits_saved_bytes": 608503680, "peak_allocated_bytes": 6082742784, "peak_increment_bytes": 1849618432, "pipeline_parallel_size": 2, "projected_rows": 4131, "rank": 7, "response_only_enabled": true, "role": "ref", "selected_rows": 4131, "tensor_parallel_size": 2, "vocab_shard": 75968}
[36m(WorkerDict pid=224933)[0m WARNING:2026-09-11 13:42:19,965:VERL_RESPONSE_ONLY_LM_HEAD_PROFILE {"active_ratio": 0.5077433628318584, "actual_logits_bytes": 627647616, "allocated_before_bytes": 4233124352, "backend": "unfused", "calculate_entropy": false, "calculate_sum_pi_squared": false, "context_parallel_size": 2, "data_format": "thd", "dense_logits_bytes": 1236151296, "dense_rows": 8136, "distillation_only": false, "elapsed_s": 0.022213619900867343, "element_size": 2, "entropy_from_logits_chunk_size": 2048, "entropy_from_logits_with_chunking": false, "event_id": 23, "logits_dtype": "torch.bfloat16", "logits_saved_bytes": 608503680, "peak_allocated_bytes": 6082742784, "peak_increment_bytes": 1849618432, "pipeline_parallel_size": 2, "projected_rows": 4131, "rank": 6, "response_only_enabled": true, "role": "ref", "selected_rows": 4131, "tensor_parallel_size": 2, "vocab_shard": 75968}
[36m(WorkerDict pid=224932)[0m WARNING:2026-09-11 13:42:20,220:VERL_RESPONSE_ONLY_LM_HEAD_PROFILE {"active_ratio": 0.4998724489795918, "actual_logits_bytes": 595437184, "allocated_before_bytes": 4238767616, "backend": "unfused", "calculate_entropy": false, "calculate_sum_pi_squared": false, "context_parallel_size": 2, "data_format": "thd", "dense_logits_bytes": 1191178240, "dense_rows": 7840, "distillation_only": false, "elapsed_s": 0.02091055898927152, "element_size": 2, "entropy_from_logits_chunk_size": 2048, "entropy_from_logits_with_chunking": false, "event_id": 24, "logits_dtype": "torch.bfloat16", "logits_saved_bytes": 595741056, "peak_allocated_bytes": 5992967168, "peak_increment_bytes": 1754199552, "pipeline_parallel_size": 2, "projected_rows": 3919, "rank": 5, "response_only_enabled": true, "role": "ref", "selected_rows": 3919, "tensor_parallel_size": 2, "vocab_shard": 75968}
[36m(WorkerDict pid=224934)[0m WARNING:2026-09-11 13:42:20,320:VERL_RESPONSE_ONLY_LM_HEAD_PROFILE {"active_ratio": 0.5450255102040816, "actual_logits_bytes": 649222528, "allocated_before_bytes": 4238767616, "backend": "unfused", "calculate_entropy": false, "calculate_sum_pi_squared": false, "context_parallel_size": 2, "data_format": "thd", "dense_logits_bytes": 1191178240, "dense_rows": 7840, "distillation_only": false, "elapsed_s": 0.1217508640838787, "element_size": 2, "entropy_from_logits_chunk_size": 2048, "entropy_from_logits_with_chunking": false, "event_id": 24, "logits_dtype": "torch.bfloat16", "logits_saved_bytes": 541955712, "peak_allocated_bytes": 6154322944, "peak_increment_bytes": 1915555328, "pipeline_parallel_size": 2, "projected_rows": 4273, "rank": 7, "response_only_enabled": true, "role": "ref", "selected_rows": 4273, "tensor_parallel_size": 2, "vocab_shard": 75968}
[36m(WorkerDict pid=224933)[0m WARNING:2026-09-11 13:42:20,320:VERL_RESPONSE_ONLY_LM_HEAD_PROFILE {"active_ratio": 0.5450255102040816, "actual_logits_bytes": 649222528, "allocated_before_bytes": 4238767616, "backend": "unfused", "calculate_entropy": false, "calculate_sum_pi_squared": false, "context_parallel_size": 2, "data_format": "thd", "dense_logits_bytes": 1191178240, "dense_rows": 7840, "distillation_only": false, "elapsed_s": 0.12189438403584063, "element_size": 2, "entropy_from_logits_chunk_size": 2048, "entropy_from_logits_with_chunking": false, "event_id": 24, "logits_dtype": "torch.bfloat16", "logits_saved_bytes": 541955712, "peak_allocated_bytes": 6154322944, "peak_increment_bytes": 1915555328, "pipeline_parallel_size": 2, "projected_rows": 4273, "rank": 6, "response_only_enabled": true, "role": "ref", "selected_rows": 4273, "tensor_parallel_size": 2, "vocab_shard": 75968}
[36m(WorkerDict pid=224932)[0m WARNING:2026-09-11 13:42:20,577:VERL_RESPONSE_ONLY_LM_HEAD_PROFILE {"active_ratio": 0.4998724489795918, "actual_logits_bytes": 595437184, "allocated_before_bytes": 4238831104, "backend": "unfused", "calculate_entropy": false, "calculate_sum_pi_squared": false, "context_parallel_size": 2, "data_format": "thd", "dense_logits_bytes": 1191178240, "dense_rows": 7840, "distillation_only": false, "elapsed_s": 0.02099463006015867, "element_size": 2, "entropy_from_logits_chunk_size": 2048, "entropy_from_logits_with_chunking": false, "event_id": 25, "logits_dtype": "torch.bfloat16", "logits_saved_bytes": 595741056, "peak_allocated_bytes": 5993030656, "peak_increment_bytes": 1754199552, "pipeline_parallel_size": 2, "projected_rows": 3919, "rank": 5, "response_only_enabled": true, "role": "ref", "selected_rows": 3919, "tensor_parallel_size": 2, "vocab_shard": 75968}
[36m(WorkerDict pid=224934)[0m WARNING:2026-09-11 13:42:20,578:VERL_RESPONSE_ONLY_LM_HEAD_PROFILE {"active_ratio": 0.5450255102040816, "actual_logits_bytes": 649222528, "allocated_before_bytes": 4238831104, "backend": "unfused", "calculate_entropy": false, "calculate_sum_pi_squared": false, "context_parallel_size": 2, "data_format": "thd", "dense_logits_bytes": 1191178240, "dense_rows": 7840, "distillation_only": false, "elapsed_s": 0.0224504399811849, "element_size": 2, "entropy_from_logits_chunk_size": 2048, "entropy_from_logits_with_chunking": false, "event_id": 25, "logits_dtype": "torch.bfloat16", "logits_saved_bytes": 541955712, "peak_allocated_bytes": 6154386432, "peak_increment_bytes": 1915555328, "pipeline_parallel_size": 2, "projected_rows": 4273, "rank": 7, "response_only_enabled": true, "role": "ref", "selected_rows": 4273, "tensor_parallel_size": 2, "vocab_shard": 75968}
[36m(WorkerDict pid=224933)[0m WARNING:2026-09-11 13:42:20,578:VERL_RESPONSE_ONLY_LM_HEAD_PROFILE {"active_ratio": 0.5450255102040816, "actual_logits_bytes": 649222528, "allocated_before_bytes": 4238831104, "backend": "unfused", "calculate_entropy": false, "calculate_sum_pi_squared": false, "context_parallel_size": 2, "data_format": "thd", "dense_logits_bytes": 1191178240, "dense_rows": 7840, "distillation_only": false, "elapsed_s": 0.022485409979708493, "element_size": 2, "entropy_from_logits_chunk_size": 2048, "entropy_from_logits_with_chunking": false, "event_id": 25, "logits_dtype": "torch.bfloat16", "logits_saved_bytes": 541955712, "peak_allocated_bytes": 6154386432, "peak_increment_bytes": 1915555328, "pipeline_parallel_size": 2, "projected_rows": 4273, "rank": 6, "response_only_enabled": true, "role": "ref", "selected_rows": 4273, "tensor_parallel_size": 2, "vocab_shard": 75968}
[36m(WorkerDict pid=224932)[0m WARNING:2026-09-11 13:42:20,828:VERL_RESPONSE_ONLY_LM_HEAD_PROFILE {"active_ratio": 0.4998724489795918, "actual_logits_bytes": 595437184, "allocated_before_bytes": 4238894592, "backend": "unfused", "calculate_entropy": false, "calculate_sum_pi_squared": false, "context_parallel_size": 2, "data_format": "thd", "dense_logits_bytes": 1191178240, "dense_rows": 7840, "distillation_only": false, "elapsed_s": 0.020929038990288973, "element_size": 2, "entropy_from_logits_chunk_size": 2048, "entropy_from_logits_with_chunking": false, "event_id": 26, "logits_dtype": "torch.bfloat16", "logits_saved_bytes": 595741056, "peak_allocated_bytes": 5993094144, "peak_increment_bytes": 1754199552, "pipeline_parallel_size": 2, "projected_rows": 3919, "rank": 5, "response_only_enabled": true, "role": "ref", "selected_rows": 3919, "tensor_parallel_size": 2, "vocab_shard": 75968}
[36m(WorkerDict pid=224934)[0m WARNING:2026-09-11 13:42:20,829:VERL_RESPONSE_ONLY_LM_HEAD_PROFILE {"active_ratio": 0.5450255102040816, "actual_logits_bytes": 649222528, "allocated_before_bytes": 4238894592, "backend": "unfused", "calculate_entropy": false, "calculate_sum_pi_squared": false, "context_parallel_size": 2, "data_format": "thd", "dense_logits_bytes": 1191178240, "dense_rows": 7840, "distillation_only": false, "elapsed_s": 0.02231499005574733, "element_size": 2, "entropy_from_logits_chunk_size": 2048, "entropy_from_logits_with_chunking": false, "event_id": 26, "logits_dtype": "torch.bfloat16", "logits_saved_bytes": 541955712, "peak_allocated_bytes": 6154449920, "peak_increment_bytes": 1915555328, "pipeline_parallel_size": 2, "projected_rows": 4273, "rank": 7, "response_only_enabled": true, "role": "ref", "selected_rows": 4273, "tensor_parallel_size": 2, "vocab_shard": 75968}
[36m(WorkerDict pid=224933)[0m WARNING:2026-09-11 13:42:20,829:VERL_RESPONSE_ONLY_LM_HEAD_PROFILE {"active_ratio": 0.5450255102040816, "actual_logits_bytes": 649222528, "allocated_before_bytes": 4238894592, "backend": "unfused", "calculate_entropy": false, "calculate_sum_pi_squared": false, "context_parallel_size": 2, "data_format": "thd", "dense_logits_bytes": 1191178240, "dense_rows": 7840, "distillation_only": false, "elapsed_s": 0.022329279920086265, "element_size": 2, "entropy_from_logits_chunk_size": 2048, "entropy_from_logits_with_chunking": false, "event_id": 26, "logits_dtype": "torch.bfloat16", "logits_saved_bytes": 541955712, "peak_allocated_bytes": 6154449920, "peak_increment_bytes": 1915555328, "pipeline_parallel_size": 2, "projected_rows": 4273, "rank": 6, "response_only_enabled": true, "role": "ref", "selected_rows": 4273, "tensor_parallel_size": 2, "vocab_shard": 75968}
[36m(WorkerDict pid=224932)[0m WARNING:2026-09-11 13:42:21,079:VERL_RESPONSE_ONLY_LM_HEAD_PROFILE {"active_ratio": 0.4998724489795918, "actual_logits_bytes": 595437184, "allocated_before_bytes": 4238958080, "backend": "unfused", "calculate_entropy": false, "calculate_sum_pi_squared": false, "context_parallel_size": 2, "data_format": "thd", "dense_logits_bytes": 1191178240, "dense_rows": 7840, "distillation_only": false, "elapsed_s": 0.02086896903347224, "element_size": 2, "entropy_from_logits_chunk_size": 2048, "entropy_from_logits_with_chunking": false, "event_id": 27, "logits_dtype": "torch.bfloat16", "logits_saved_bytes": 595741056, "peak_allocated_bytes": 5993157632, "peak_increment_bytes": 1754199552, "pipeline_parallel_size": 2, "projected_rows": 3919, "rank": 5, "response_only_enabled": true, "role": "ref", "selected_rows": 3919, "tensor_parallel_size": 2, "vocab_shard": 75968}
[36m(WorkerDict pid=224934)[0m WARNING:2026-09-11 13:42:21,081:VERL_RESPONSE_ONLY_LM_HEAD_PROFILE {"active_ratio": 0.5450255102040816, "actual_logits_bytes": 649222528, "allocated_before_bytes": 4238958080, "backend": "unfused", "calculate_entropy": false, "calculate_sum_pi_squared": false, "context_parallel_size": 2, "data_format": "thd", "dense_logits_bytes": 1191178240, "dense_rows": 7840, "distillation_only": false, "elapsed_s": 0.02239996998105198, "element_size": 2, "entropy_from_logits_chunk_size": 2048, "entropy_from_logits_with_chunking": false, "event_id": 27, "logits_dtype": "torch.bfloat16", "logits_saved_bytes": 541955712, "peak_allocated_bytes": 6154513408, "peak_increment_bytes": 1915555328, "pipeline_parallel_size": 2, "projected_rows": 4273, "rank": 7, "response_only_enabled": true, "role": "ref", "selected_rows": 4273, "tensor_parallel_size": 2, "vocab_shard": 75968}
[36m(WorkerDict pid=224933)[0m WARNING:2026-09-11 13:42:21,081:VERL_RESPONSE_ONLY_LM_HEAD_PROFILE {"active_ratio": 0.5450255102040816, "actual_logits_bytes": 649222528, "allocated_before_bytes": 4238958080, "backend": "unfused", "calculate_entropy": false, "calculate_sum_pi_squared": false, "context_parallel_size": 2, "data_format": "thd", "dense_logits_bytes": 1191178240, "dense_rows": 7840, "distillation_only": false, "elapsed_s": 0.02240560995414853, "element_size": 2, "entropy_from_logits_chunk_size": 2048, "entropy_from_logits_with_chunking": false, "event_id": 27, "logits_dtype": "torch.bfloat16", "logits_saved_bytes": 541955712, "peak_allocated_bytes": 6154513408, "peak_increment_bytes": 1915555328, "pipeline_parallel_size": 2, "projected_rows": 4273, "rank": 6, "response_only_enabled": true, "role": "ref", "selected_rows": 4273, "tensor_parallel_size": 2, "vocab_shard": 75968}
[36m(WorkerDict pid=224932)[0m WARNING:2026-09-11 13:42:21,332:VERL_RESPONSE_ONLY_LM_HEAD_PROFILE {"active_ratio": 0.4998724489795918, "actual_logits_bytes": 595437184, "allocated_before_bytes": 4239021568, "backend": "unfused", "calculate_entropy": false, "calculate_sum_pi_squared": false, "context_parallel_size": 2, "data_format": "thd", "dense_logits_bytes": 1191178240, "dense_rows": 7840, "distillation_only": false, "elapsed_s": 0.02091950993053615, "element_size": 2, "entropy_from_logits_chunk_size": 2048, "entropy_from_logits_with_chunking": false, "event_id": 28, "logits_dtype": "torch.bfloat16", "logits_saved_bytes": 595741056, "peak_allocated_bytes": 5993221120, "peak_increment_bytes": 1754199552, "pipeline_parallel_size": 2, "projected_rows": 3919, "rank": 5, "response_only_enabled": true, "role": "ref", "selected_rows": 3919, "tensor_parallel_size": 2, "vocab_shard": 75968}
[36m(WorkerDict pid=224934)[0m WARNING:2026-09-11 13:42:21,333:VERL_RESPONSE_ONLY_LM_HEAD_PROFILE {"active_ratio": 0.5450255102040816, "actual_logits_bytes": 649222528, "allocated_before_bytes": 4239021568, "backend": "unfused", "calculate_entropy": false, "calculate_sum_pi_squared": false, "context_parallel_size": 2, "data_format": "thd", "dense_logits_bytes": 1191178240, "dense_rows": 7840, "distillation_only": false, "elapsed_s": 0.022395839914679527, "element_size": 2, "entropy_from_logits_chunk_size": 2048, "entropy_from_logits_with_chunking": false, "event_id": 28, "logits_dtype": "torch.bfloat16", "logits_saved_bytes": 541955712, "peak_allocated_bytes": 6154576896, "peak_increment_bytes": 1915555328, "pipeline_parallel_size": 2, "projected_rows": 4273, "rank": 7, "response_only_enabled": true, "role": "ref", "selected_rows": 4273, "tensor_parallel_size": 2, "vocab_shard": 75968}
[36m(WorkerDict pid=224933)[0m WARNING:2026-09-11 13:42:21,333:VERL_RESPONSE_ONLY_LM_HEAD_PROFILE {"active_ratio": 0.5450255102040816, "actual_logits_bytes": 649222528, "allocated_before_bytes": 4239021568, "backend": "unfused", "calculate_entropy": false, "calculate_sum_pi_squared": false, "context_parallel_size": 2, "data_format": "thd", "dense_logits_bytes": 1191178240, "dense_rows": 7840, "distillation_only": false, "elapsed_s": 0.0223385599674657, "element_size": 2, "entropy_from_logits_chunk_size": 2048, "entropy_from_logits_with_chunking": false, "event_id": 28, "logits_dtype": "torch.bfloat16", "logits_saved_bytes": 541955712, "peak_allocated_bytes": 6154576896, "peak_increment_bytes": 1915555328, "pipeline_parallel_size": 2, "projected_rows": 4273, "rank": 6, "response_only_enabled": true, "role": "ref", "selected_rows": 4273, "tensor_parallel_size": 2, "vocab_shard": 75968}
[36m(WorkerDict pid=224932)[0m WARNING:2026-09-11 13:42:21,584:VERL_RESPONSE_ONLY_LM_HEAD_PROFILE {"active_ratio": 0.4998724489795918, "actual_logits_bytes": 595437184, "allocated_before_bytes": 4239085056, "backend": "unfused", "calculate_entropy": false, "calculate_sum_pi_squared": false, "context_parallel_size": 2, "data_format": "thd", "dense_logits_bytes": 1191178240, "dense_rows": 7840, "distillation_only": false, "elapsed_s": 0.020960169029422104, "element_size": 2, "entropy_from_logits_chunk_size": 2048, "entropy_from_logits_with_chunking": false, "event_id": 29, "logits_dtype": "torch.bfloat16", "logits_saved_bytes": 595741056, "peak_allocated_bytes": 5993284608, "peak_increment_bytes": 1754199552, "pipeline_parallel_size": 2, "projected_rows": 3919, "rank": 5, "response_only_enabled": true, "role": "ref", "selected_rows": 3919, "tensor_parallel_size": 2, "vocab_shard": 75968}
[36m(WorkerDict pid=224934)[0m WARNING:2026-09-11 13:42:21,585:VERL_RESPONSE_ONLY_LM_HEAD_PROFILE {"active_ratio": 0.5450255102040816, "actual_logits_bytes": 649222528, "allocated_before_bytes": 4239085056, "backend": "unfused", "calculate_entropy": false, "calculate_sum_pi_squared": false, "context_parallel_size": 2, "data_format": "thd", "dense_logits_bytes": 1191178240, "dense_rows": 7840, "distillation_only": false, "elapsed_s": 0.022477179998531938, "element_size": 2, "entropy_from_logits_chunk_size": 2048, "entropy_from_logits_with_chunking": false, "event_id": 29, "logits_dtype": "torch.bfloat16", "logits_saved_bytes": 541955712, "peak_allocated_bytes": 6154640384, "peak_increment_bytes": 1915555328, "pipeline_parallel_size": 2, "projected_rows": 4273, "rank": 7, "response_only_enabled": true, "role": "ref", "selected_rows": 4273, "tensor_parallel_size": 2, "vocab_shard": 75968}
[36m(WorkerDict pid=224933)[0m WARNING:2026-09-11 13:42:21,585:VERL_RESPONSE_ONLY_LM_HEAD_PROFILE {"active_ratio": 0.5450255102040816, "actual_logits_bytes": 649222528, "allocated_before_bytes": 4239085056, "backend": "unfused", "calculate_entropy": false, "calculate_sum_pi_squared": false, "context_parallel_size": 2, "data_format": "thd", "dense_logits_bytes": 1191178240, "dense_rows": 7840, "distillation_only": false, "elapsed_s": 0.02245361008681357, "element_size": 2, "entropy_from_logits_chunk_size": 2048, "entropy_from_logits_with_chunking": false, "event_id": 29, "logits_dtype": "torch.bfloat16", "logits_saved_bytes": 541955712, "peak_allocated_bytes": 6154640384, "peak_increment_bytes": 1915555328, "pipeline_parallel_size": 2, "projected_rows": 4273, "rank": 6, "response_only_enabled": true, "role": "ref", "selected_rows": 4273, "tensor_parallel_size": 2, "vocab_shard": 75968}
[36m(WorkerDict pid=224932)[0m WARNING:2026-09-11 13:42:21,836:VERL_RESPONSE_ONLY_LM_HEAD_PROFILE {"active_ratio": 0.4998724489795918, "actual_logits_bytes": 595437184, "allocated_before_bytes": 4239148544, "backend": "unfused", "calculate_entropy": false, "calculate_sum_pi_squared": false, "context_parallel_size": 2, "data_format": "thd", "dense_logits_bytes": 1191178240, "dense_rows": 7840, "distillation_only": false, "elapsed_s": 0.02089411998167634, "element_size": 2, "entropy_from_logits_chunk_size": 2048, "entropy_from_logits_with_chunking": false, "event_id": 30, "logits_dtype": "torch.bfloat16", "logits_saved_bytes": 595741056, "peak_allocated_bytes": 5993348096, "peak_increment_bytes": 1754199552, "pipeline_parallel_size": 2, "projected_rows": 3919, "rank": 5, "response_only_enabled": true, "role": "ref", "selected_rows": 3919, "tensor_parallel_size": 2, "vocab_shard": 75968}
[36m(WorkerDict pid=224934)[0m WARNING:2026-09-11 13:42:21,837:VERL_RESPONSE_ONLY_LM_HEAD_PROFILE {"active_ratio": 0.5450255102040816, "actual_logits_bytes": 649222528, "allocated_before_bytes": 4239148544, "backend": "unfused", "calculate_entropy": false, "calculate_sum_pi_squared": false, "context_parallel_size": 2, "data_format": "thd", "dense_logits_bytes": 1191178240, "dense_rows": 7840, "distillation_only": false, "elapsed_s": 0.022346199955791235, "element_size": 2, "entropy_from_logits_chunk_size": 2048, "entropy_from_logits_with_chunking": false, "event_id": 30, "logits_dtype": "torch.bfloat16", "logits_saved_bytes": 541955712, "peak_allocated_bytes": 6154703872, "peak_increment_bytes": 1915555328, "pipeline_parallel_size": 2, "projected_rows": 4273, "rank": 7, "response_only_enabled": true, "role": "ref", "selected_rows": 4273, "tensor_parallel_size": 2, "vocab_shard": 75968}
[36m(WorkerDict pid=224933)[0m WARNING:2026-09-11 13:42:21,837:VERL_RESPONSE_ONLY_LM_HEAD_PROFILE {"active_ratio": 0.5450255102040816, "actual_logits_bytes": 649222528, "allocated_before_bytes": 4239148544, "backend": "unfused", "calculate_entropy": false, "calculate_sum_pi_squared": false, "context_parallel_size": 2, "data_format": "thd", "dense_logits_bytes": 1191178240, "dense_rows": 7840, "distillation_only": false, "elapsed_s": 0.022387680015526712, "element_size": 2, "entropy_from_logits_chunk_size": 2048, "entropy_from_logits_with_chunking": false, "event_id": 30, "logits_dtype": "torch.bfloat16", "logits_saved_bytes": 541955712, "peak_allocated_bytes": 6154703872, "peak_increment_bytes": 1915555328, "pipeline_parallel_size": 2, "projected_rows": 4273, "rank": 6, "response_only_enabled": true, "role": "ref", "selected_rows": 4273, "tensor_parallel_size": 2, "vocab_shard": 75968}
[36m(WorkerDict pid=224932)[0m WARNING:2026-09-11 13:42:22,089:VERL_RESPONSE_ONLY_LM_HEAD_PROFILE {"active_ratio": 0.4998724489795918, "actual_logits_bytes": 595437184, "allocated_before_bytes": 4239212032, "backend": "unfused", "calculate_entropy": false, "calculate_sum_pi_squared": false, "context_parallel_size": 2, "data_format": "thd", "dense_logits_bytes": 1191178240, "dense_rows": 7840, "distillation_only": false, "elapsed_s": 0.021081729093566537, "element_size": 2, "entropy_from_logits_chunk_size": 2048, "entropy_from_logits_with_chunking": false, "event_id": 31, "logits_dtype": "torch.bfloat16", "logits_saved_bytes": 595741056, "peak_allocated_bytes": 5993411584, "peak_increment_bytes": 1754199552, "pipeline_parallel_size": 2, "projected_rows": 3919, "rank": 5, "response_only_enabled": true, "role": "ref", "selected_rows": 3919, "tensor_parallel_size": 2, "vocab_shard": 75968}
[36m(WorkerDict pid=224934)[0m WARNING:2026-09-11 13:42:22,091:VERL_RESPONSE_ONLY_LM_HEAD_PROFILE {"active_ratio": 0.5450255102040816, "actual_logits_bytes": 649222528, "allocated_before_bytes": 4239212032, "backend": "unfused", "calculate_entropy": false, "calculate_sum_pi_squared": false, "context_parallel_size": 2, "data_format": "thd", "dense_logits_bytes": 1191178240, "dense_rows": 7840, "distillation_only": false, "elapsed_s": 0.022446959977969527, "element_size": 2, "entropy_from_logits_chunk_size": 2048, "entropy_from_logits_with_chunking": false, "event_id": 31, "logits_dtype": "torch.bfloat16", "logits_saved_bytes": 541955712, "peak_allocated_bytes": 6154767360, "peak_increment_bytes": 1915555328, "pipeline_parallel_size": 2, "projected_rows": 4273, "rank": 7, "response_only_enabled": true, "role": "ref", "selected_rows": 4273, "tensor_parallel_size": 2, "vocab_shard": 75968}
[36m(WorkerDict pid=224933)[0m WARNING:2026-09-11 13:42:22,091:VERL_RESPONSE_ONLY_LM_HEAD_PROFILE {"active_ratio": 0.5450255102040816, "actual_logits_bytes": 649222528, "allocated_before_bytes": 4239212032, "backend": "unfused", "calculate_entropy": false, "calculate_sum_pi_squared": false, "context_parallel_size": 2, "data_format": "thd", "dense_logits_bytes": 1191178240, "dense_rows": 7840, "distillation_only": false, "elapsed_s": 0.022442930028773844, "element_size": 2, "entropy_from_logits_chunk_size": 2048, "entropy_from_logits_with_chunking": false, "event_id": 31, "logits_dtype": "torch.bfloat16", "logits_saved_bytes": 541955712, "peak_allocated_bytes": 6154767360, "peak_increment_bytes": 1915555328, "pipeline_parallel_size": 2, "projected_rows": 4273, "rank": 6, "response_only_enabled": true, "role": "ref", "selected_rows": 4273, "tensor_parallel_size": 2, "vocab_shard": 75968}
[36m(WorkerDict pid=224932)[0m WARNING:2026-09-11 13:42:29,606:VERL_RESPONSE_ONLY_LM_HEAD_PROFILE {"active_ratio": 0.49913962635201575, "actual_logits_bytes": 617012096, "allocated_before_bytes": 17127225344, "backend": "unfused", "calculate_entropy": true, "calculate_sum_pi_squared": false, "context_parallel_size": 2, "data_format": "thd", "dense_logits_bytes": 1236151296, "dense_rows": 8136, "distillation_only": false, "elapsed_s": 0.22768090094905347, "element_size": 2, "entropy_from_logits_chunk_size": 2048, "entropy_from_logits_with_chunking": false, "event_id": 32, "logits_dtype": "torch.bfloat16", "logits_saved_bytes": 619139200, "peak_allocated_bytes": 20829606912, "peak_increment_bytes": 3702381568, "pipeline_parallel_size": 2, "projected_rows": 4061, "rank": 5, "response_only_enabled": true, "role": "actor", "selected_rows": 4061, "tensor_parallel_size": 2, "vocab_shard": 75968}
[36m(WorkerDict pid=224934)[0m WARNING:2026-09-11 13:42:29,606:VERL_RESPONSE_ONLY_LM_HEAD_PROFILE {"active_ratio": 0.5077433628318584, "actual_logits_bytes": 627647616, "allocated_before_bytes": 17127225344, "backend": "unfused", "calculate_entropy": true, "calculate_sum_pi_squared": false, "context_parallel_size": 2, "data_format": "thd", "dense_logits_bytes": 1236151296, "dense_rows": 8136, "distillation_only": false, "elapsed_s": 0.2277568420395255, "element_size": 2, "entropy_from_logits_chunk_size": 2048, "entropy_from_logits_with_chunking": false, "event_id": 32, "logits_dtype": "torch.bfloat16", "logits_saved_bytes": 608503680, "peak_allocated_bytes": 20893998592, "peak_increment_bytes": 3766773248, "pipeline_parallel_size": 2, "projected_rows": 4131, "rank": 7, "response_only_enabled": true, "role": "actor", "selected_rows": 4131, "tensor_parallel_size": 2, "vocab_shard": 75968}
[36m(WorkerDict pid=224933)[0m WARNING:2026-09-11 13:42:29,606:VERL_RESPONSE_ONLY_LM_HEAD_PROFILE {"active_ratio": 0.5077433628318584, "actual_logits_bytes": 627647616, "allocated_before_bytes": 17127225344, "backend": "unfused", "calculate_entropy": true, "calculate_sum_pi_squared": false, "context_parallel_size": 2, "data_format": "thd", "dense_logits_bytes": 1236151296, "dense_rows": 8136, "distillation_only": false, "elapsed_s": 0.22773330204654485, "element_size": 2, "entropy_from_logits_chunk_size": 2048, "entropy_from_logits_with_chunking": false, "event_id": 32, "logits_dtype": "torch.bfloat16", "logits_saved_bytes": 608503680, "peak_allocated_bytes": 20893998592, "peak_increment_bytes": 3766773248, "pipeline_parallel_size": 2, "projected_rows": 4131, "rank": 6, "response_only_enabled": true, "role": "actor", "selected_rows": 4131, "tensor_parallel_size": 2, "vocab_shard": 75968}
[36m(WorkerDict pid=224931)[0m /opt/dev/lib/python3.12/site-packages/torch/autograd/graph.py:869: UserWarning: c10d::broadcast_: an autograd kernel was not registered to the Autograd key(s) but we are trying to backprop through it. This may lead to silently incorrect behavior. This behavior is deprecated and will be removed in a future version of PyTorch. If your operator is differentiable, please ensure you have registered an autograd kernel to the correct Autograd key (e.g. DispatchKey::Autograd, DispatchKey::CompositeImplicitAutograd). If your operator is not differentiable, or to squash this warning and use the previous behavior, please register torch::CppFunction::makeFallthrough() to DispatchKey::Autograd. (Triggered internally at /pytorch/torch/csrc/autograd/autograd_not_implemented_fallback.cpp:76.)
[36m(WorkerDict pid=224931)[0m   return Variable._execution_engine.run_backward(  # Calls into the C++ engine to run the backward pass
[36m(WorkerDict pid=224932)[0m /opt/dev/lib/python3.12/site-packages/torch/autograd/graph.py:869: UserWarning: c10d::broadcast_: an autograd kernel was not registered to the Autograd key(s) but we are trying to backprop through it. This may lead to silently incorrect behavior. This behavior is deprecated and will be removed in a future version of PyTorch. If your operator is differentiable, please ensure you have registered an autograd kernel to the correct Autograd key (e.g. DispatchKey::Autograd, DispatchKey::CompositeImplicitAutograd). If your operator is not differentiable, or to squash this warning and use the previous behavior, please register torch::CppFunction::makeFallthrough() to DispatchKey::Autograd. (Triggered internally at /pytorch/torch/csrc/autograd/autograd_not_implemented_fallback.cpp:76.)
[36m(WorkerDict pid=224932)[0m   return Variable._execution_engine.run_backward(  # Calls into the C++ engine to run the backward pass
[36m(WorkerDict pid=224934)[0m /opt/dev/lib/python3.12/site-packages/torch/autograd/graph.py:869: UserWarning: c10d::broadcast_: an autograd kernel was not registered to the Autograd key(s) but we are trying to backprop through it. This may lead to silently incorrect behavior. This behavior is deprecated and will be removed in a future version of PyTorch. If your operator is differentiable, please ensure you have registered an autograd kernel to the correct Autograd key (e.g. DispatchKey::Autograd, DispatchKey::CompositeImplicitAutograd). If your operator is not differentiable, or to squash this warning and use the previous behavior, please register torch::CppFunction::makeFallthrough() to DispatchKey::Autograd. (Triggered internally at /pytorch/torch/csrc/autograd/autograd_not_implemented_fallback.cpp:76.)
[36m(WorkerDict pid=224934)[0m   return Variable._execution_engine.run_backward(  # Calls into the C++ engine to run the backward pass
[36m(WorkerDict pid=224933)[0m /opt/dev/lib/python3.12/site-packages/torch/autograd/graph.py:869: UserWarning: c10d::broadcast_: an autograd kernel was not registered to the Autograd key(s) but we are trying to backprop through it. This may lead to silently incorrect behavior. This behavior is deprecated and will be removed in a future version of PyTorch. If your operator is differentiable, please ensure you have registered an autograd kernel to the correct Autograd key (e.g. DispatchKey::Autograd, DispatchKey::CompositeImplicitAutograd). If your operator is not differentiable, or to squash this warning and use the previous behavior, please register torch::CppFunction::makeFallthrough() to DispatchKey::Autograd. (Triggered internally at /pytorch/torch/csrc/autograd/autograd_not_implemented_fallback.cpp:76.)
[36m(WorkerDict pid=224933)[0m   return Variable._execution_engine.run_backward(  # Calls into the C++ engine to run the backward pass
[36m(WorkerDict pid=224931)[0m /opt/Megatron-Bridge/3rdparty/Megatron-LM/megatron/core/pipeline_parallel/schedules.py:211: UserWarning: The AccumulateGrad node's stream does not match the stream of the node that produced the incoming gradient. This may incur unnecessary synchronization and break CUDA graph capture if the AccumulateGrad node's stream is the default stream. This mismatch is caused by an AccumulateGrad node created prior to the current iteration being kept alive. This can happen if the autograd graph is still being kept alive by tensors such as the loss, or if you are using DDP, which will stash a reference to the node. To resolve the mismatch, delete all references to the autograd graph or ensure that DDP initialization is performed under the same stream as subsequent forwards. If the mismatch is intentional, you can use torch.autograd.graph.set_warn_on_accumulate_grad_stream_mismatch(False) to suppress this warning. (Triggered internally at /pytorch/torch/csrc/autograd/input_buffer.cpp:240.)
[36m(WorkerDict pid=224931)[0m   Variable._execution_engine.run_backward(
[36m(WorkerDict pid=224931)[0m /opt/Megatron-Bridge/3rdparty/Megatron-LM/megatron/core/pipeline_parallel/schedules.py:211: UserWarning: c10d::broadcast_: an autograd kernel was not registered to the Autograd key(s) but we are trying to backprop through it. This may lead to silently incorrect behavior. This behavior is deprecated and will be removed in a future version of PyTorch. If your operator is differentiable, please ensure you have registered an autograd kernel to the correct Autograd key (e.g. DispatchKey::Autograd, DispatchKey::CompositeImplicitAutograd). If your operator is not differentiable, or to squash this warning and use the previous behavior, please register torch::CppFunction::makeFallthrough() to DispatchKey::Autograd. (Triggered internally at /pytorch/torch/csrc/autograd/autograd_not_implemented_fallback.cpp:76.)
[36m(WorkerDict pid=224931)[0m   Variable._execution_engine.run_backward(
[36m(WorkerDict pid=224932)[0m /opt/Megatron-Bridge/3rdparty/Megatron-LM/megatron/core/pipeline_parallel/schedules.py:211: UserWarning: The AccumulateGrad node's stream does not match the stream of the node that produced the incoming gradient. This may incur unnecessary synchronization and break CUDA graph capture if the AccumulateGrad node's stream is the default stream. This mismatch is caused by an AccumulateGrad node created prior to the current iteration being kept alive. This can happen if the autograd graph is still being kept alive by tensors such as the loss, or if you are using DDP, which will stash a reference to the node. To resolve the mismatch, delete all references to the autograd graph or ensure that DDP initialization is performed under the same stream as subsequent forwards. If the mismatch is intentional, you can use torch.autograd.graph.set_warn_on_accumulate_grad_stream_mismatch(False) to suppress this warning. (Triggered internally at /pytorch/torch/csrc/autograd/input_buffer.cpp:240.)
[36m(WorkerDict pid=224932)[0m   Variable._execution_engine.run_backward(
[36m(WorkerDict pid=224932)[0m /opt/Megatron-Bridge/3rdparty/Megatron-LM/megatron/core/pipeline_parallel/schedules.py:211: UserWarning: c10d::broadcast_: an autograd kernel was not registered to the Autograd key(s) but we are trying to backprop through it. This may lead to silently incorrect behavior. This behavior is deprecated and will be removed in a future version of PyTorch. If your operator is differentiable, please ensure you have registered an autograd kernel to the correct Autograd key (e.g. DispatchKey::Autograd, DispatchKey::CompositeImplicitAutograd). If your operator is not differentiable, or to squash this warning and use the previous behavior, please register torch::CppFunction::makeFallthrough() to DispatchKey::Autograd. (Triggered internally at /pytorch/torch/csrc/autograd/autograd_not_implemented_fallback.cpp:76.)
[36m(WorkerDict pid=224932)[0m   Variable._execution_engine.run_backward(
[36m(WorkerDict pid=224934)[0m /opt/Megatron-Bridge/3rdparty/Megatron-LM/megatron/core/pipeline_parallel/schedules.py:211: UserWarning: The AccumulateGrad node's stream does not match the stream of the node that produced the incoming gradient. This may incur unnecessary synchronization and break CUDA graph capture if the AccumulateGrad node's stream is the default stream. This mismatch is caused by an AccumulateGrad node created prior to the current iteration being kept alive. This can happen if the autograd graph is still being kept alive by tensors such as the loss, or if you are using DDP, which will stash a reference to the node. To resolve the mismatch, delete all references to the autograd graph or ensure that DDP initialization is performed under the same stream as subsequent forwards. If the mismatch is intentional, you can use torch.autograd.graph.set_warn_on_accumulate_grad_stream_mismatch(False) to suppress this warning. (Triggered internally at /pytorch/torch/csrc/autograd/input_buffer.cpp:240.)
[36m(WorkerDict pid=224934)[0m   Variable._execution_engine.run_backward(
[36m(WorkerDict pid=224934)[0m /opt/Megatron-Bridge/3rdparty/Megatron-LM/megatron/core/pipeline_parallel/schedules.py:211: UserWarning: c10d::broadcast_: an autograd kernel was not registered to the Autograd key(s) but we are trying to backprop through it. This may lead to silently incorrect behavior. This behavior is deprecated and will be removed in a future version of PyTorch. If your operator is differentiable, please ensure you have registered an autograd kernel to the correct Autograd key (e.g. DispatchKey::Autograd, DispatchKey::CompositeImplicitAutograd). If your operator is not differentiable, or to squash this warning and use the previous behavior, please register torch::CppFunction::makeFallthrough() to DispatchKey::Autograd. (Triggered internally at /pytorch/torch/csrc/autograd/autograd_not_implemented_fallback.cpp:76.)
[36m(WorkerDict pid=224934)[0m   Variable._execution_engine.run_backward(
[36m(WorkerDict pid=224933)[0m /opt/Megatron-Bridge/3rdparty/Megatron-LM/megatron/core/pipeline_parallel/schedules.py:211: UserWarning: The AccumulateGrad node's stream does not match the stream of the node that produced the incoming gradient. This may incur unnecessary synchronization and break CUDA graph capture if the AccumulateGrad node's stream is the default stream. This mismatch is caused by an AccumulateGrad node created prior to the current iteration being kept alive. This can happen if the autograd graph is still being kept alive by tensors such as the loss, or if you are using DDP, which will stash a reference to the node. To resolve the mismatch, delete all references to the autograd graph or ensure that DDP initialization is performed under the same stream as subsequent forwards. If the mismatch is intentional, you can use torch.autograd.graph.set_warn_on_accumulate_grad_stream_mismatch(False) to suppress this warning. (Triggered internally at /pytorch/torch/csrc/autograd/input_buffer.cpp:240.)
[36m(WorkerDict pid=224933)[0m   Variable._execution_engine.run_backward(
[36m(WorkerDict pid=224933)[0m /opt/Megatron-Bridge/3rdparty/Megatron-LM/megatron/core/pipeline_parallel/schedules.py:211: UserWarning: c10d::broadcast_: an autograd kernel was not registered to the Autograd key(s) but we are trying to backprop through it. This may lead to silently incorrect behavior. This behavior is deprecated and will be removed in a future version of PyTorch. If your operator is differentiable, please ensure you have registered an autograd kernel to the correct Autograd key (e.g. DispatchKey::Autograd, DispatchKey::CompositeImplicitAutograd). If your operator is not differentiable, or to squash this warning and use the previous behavior, please register torch::CppFunction::makeFallthrough() to DispatchKey::Autograd. (Triggered internally at /pytorch/torch/csrc/autograd/autograd_not_implemented_fallback.cpp:76.)
[36m(WorkerDict pid=224933)[0m   Variable._execution_engine.run_backward(
[36m(WorkerDict pid=224929)[0m [rank2]:[W911 13:42:32.567129373 ProcessGroupNCCL.cpp:4094] Warning: An unbatched P2P op (send/recv) was called on this ProcessGroup with size 8.  In lazy initialization mode, this will result in a new 2-rank NCCL communicator to be created. (function operator())
[36m(WorkerDict pid=224933)[0m [rank6]:[W911 13:42:32.566561463 ProcessGroupNCCL.cpp:4094] Warning: An unbatched P2P op (send/recv) was called on this ProcessGroup with size 8.  In lazy initialization mode, this will result in a new 2-rank NCCL communicator to be created. (function operator())
[36m(WorkerDict pid=224934)[0m [rank7]:[W911 13:42:34.955374043 ProcessGroupNCCL.cpp:4094] Warning: An unbatched P2P op (send/recv) was called on this ProcessGroup with size 8.  In lazy initialization mode, this will result in a new 2-rank NCCL communicator to be created. (function operator())
[36m(WorkerDict pid=224930)[0m [rank3]:[W911 13:42:34.955823104 ProcessGroupNCCL.cpp:4094] Warning: An unbatched P2P op (send/recv) was called on this ProcessGroup with size 8.  In lazy initialization mode, this will result in a new 2-rank NCCL communicator to be created. (function operator())
[36m(WorkerDict pid=224931)[0m [rank4]:[W911 13:42:36.594552816 ProcessGroupNCCL.cpp:4094] Warning: An unbatched P2P op (send/recv) was called on this ProcessGroup with size 8.  In lazy initialization mode, this will result in a new 2-rank NCCL communicator to be created. (function operator())
[36m(WorkerDict pid=224927)[0m [rank0]:[W911 13:42:36.594769486 ProcessGroupNCCL.cpp:4094] Warning: An unbatched P2P op (send/recv) was called on this ProcessGroup with size 8.  In lazy initialization mode, this will result in a new 2-rank NCCL communicator to be created. (function operator())
[36m(WorkerDict pid=224932)[0m [rank5]:[W911 13:42:36.211793872 ProcessGroupNCCL.cpp:4094] Warning: An unbatched P2P op (send/recv) was called on this ProcessGroup with size 8.  In lazy initialization mode, this will result in a new 2-rank NCCL communicator to be created. (function operator())
[36m(WorkerDict pid=224928)[0m [rank1]:[W911 13:42:36.211929042 ProcessGroupNCCL.cpp:4094] Warning: An unbatched P2P op (send/recv) was called on this ProcessGroup with size 8.  In lazy initialization mode, this will result in a new 2-rank NCCL communicator to be created. (function operator())
[36m(WorkerDict pid=224930)[0m /opt/dev/lib/python3.12/site-packages/torch/autograd/graph.py:869: UserWarning: The AccumulateGrad node's stream does not match the stream of the node that produced the incoming gradient. This may incur unnecessary synchronization and break CUDA graph capture if the AccumulateGrad node's stream is the default stream. This mismatch is caused by an AccumulateGrad node created prior to the current iteration being kept alive. This can happen if the autograd graph is still being kept alive by tensors such as the loss, or if you are using DDP, which will stash a reference to the node. To resolve the mismatch, delete all references to the autograd graph or ensure that DDP initialization is performed under the same stream as subsequent forwards. If the mismatch is intentional, you can use torch.autograd.graph.set_warn_on_accumulate_grad_stream_mismatch(False) to suppress this warning. (Triggered internally at /pytorch/torch/csrc/autograd/input_buffer.cpp:240.)
[36m(WorkerDict pid=224930)[0m   return Variable._execution_engine.run_backward(  # Calls into the C++ engine to run the backward pass
[36m(WorkerDict pid=224930)[0m /opt/dev/lib/python3.12/site-packages/torch/autograd/graph.py:869: UserWarning: c10d::broadcast_: an autograd kernel was not registered to the Autograd key(s) but we are trying to backprop through it. This may lead to silently incorrect behavior. This behavior is deprecated and will be removed in a future version of PyTorch. If your operator is differentiable, please ensure you have registered an autograd kernel to the correct Autograd key (e.g. DispatchKey::Autograd, DispatchKey::CompositeImplicitAutograd). If your operator is not differentiable, or to squash this warning and use the previous behavior, please register torch::CppFunction::makeFallthrough() to DispatchKey::Autograd. (Triggered internally at /pytorch/torch/csrc/autograd/autograd_not_implemented_fallback.cpp:76.)
[36m(WorkerDict pid=224930)[0m   return Variable._execution_engine.run_backward(  # Calls into the C++ engine to run the backward pass
[36m(WorkerDict pid=224927)[0m /opt/dev/lib/python3.12/site-packages/torch/autograd/graph.py:869: UserWarning: The AccumulateGrad node's stream does not match the stream of the node that produced the incoming gradient. This may incur unnecessary synchronization and break CUDA graph capture if the AccumulateGrad node's stream is the default stream. This mismatch is caused by an AccumulateGrad node created prior to the current iteration being kept alive. This can happen if the autograd graph is still being kept alive by tensors such as the loss, or if you are using DDP, which will stash a reference to the node. To resolve the mismatch, delete all references to the autograd graph or ensure that DDP initialization is performed under the same stream as subsequent forwards. If the mismatch is intentional, you can use torch.autograd.graph.set_warn_on_accumulate_grad_stream_mismatch(False) to suppress this warning. (Triggered internally at /pytorch/torch/csrc/autograd/input_buffer.cpp:240.)
[36m(WorkerDict pid=224927)[0m   return Variable._execution_engine.run_backward(  # Calls into the C++ engine to run the backward pass
[36m(WorkerDict pid=224927)[0m /opt/dev/lib/python3.12/site-packages/torch/autograd/graph.py:869: UserWarning: c10d::broadcast_: an autograd kernel was not registered to the Autograd key(s) but we are trying to backprop through it. This may lead to silently incorrect behavior. This behavior is deprecated and will be removed in a future version of PyTorch. If your operator is differentiable, please ensure you have registered an autograd kernel to the correct Autograd key (e.g. DispatchKey::Autograd, DispatchKey::CompositeImplicitAutograd). If your operator is not differentiable, or to squash this warning and use the previous behavior, please register torch::CppFunction::makeFallthrough() to DispatchKey::Autograd. (Triggered internally at /pytorch/torch/csrc/autograd/autograd_not_implemented_fallback.cpp:76.)
[36m(WorkerDict pid=224927)[0m   return Variable._execution_engine.run_backward(  # Calls into the C++ engine to run the backward pass
[36m(WorkerDict pid=224929)[0m /opt/dev/lib/python3.12/site-packages/torch/autograd/graph.py:869: UserWarning: The AccumulateGrad node's stream does not match the stream of the node that produced the incoming gradient. This may incur unnecessary synchronization and break CUDA graph capture if the AccumulateGrad node's stream is the default stream. This mismatch is caused by an AccumulateGrad node created prior to the current iteration being kept alive. This can happen if the autograd graph is still being kept alive by tensors such as the loss, or if you are using DDP, which will stash a reference to the node. To resolve the mismatch, delete all references to the autograd graph or ensure that DDP initialization is performed under the same stream as subsequent forwards. If the mismatch is intentional, you can use torch.autograd.graph.set_warn_on_accumulate_grad_stream_mismatch(False) to suppress this warning. (Triggered internally at /pytorch/torch/csrc/autograd/input_buffer.cpp:240.)
[36m(WorkerDict pid=224929)[0m   return Variable._execution_engine.run_backward(  # Calls into the C++ engine to run the backward pass
[36m(WorkerDict pid=224929)[0m /opt/dev/lib/python3.12/site-packages/torch/autograd/graph.py:869: UserWarning: c10d::broadcast_: an autograd kernel was not registered to the Autograd key(s) but we are trying to backprop through it. This may lead to silently incorrect behavior. This behavior is deprecated and will be removed in a future version of PyTorch. If your operator is differentiable, please ensure you have registered an autograd kernel to the correct Autograd key (e.g. DispatchKey::Autograd, DispatchKey::CompositeImplicitAutograd). If your operator is not differentiable, or to squash this warning and use the previous behavior, please register torch::CppFunction::makeFallthrough() to DispatchKey::Autograd. (Triggered internally at /pytorch/torch/csrc/autograd/autograd_not_implemented_fallback.cpp:76.)
[36m(WorkerDict pid=224929)[0m   return Variable._execution_engine.run_backward(  # Calls into the C++ engine to run the backward pass
[36m(WorkerDict pid=224928)[0m /opt/dev/lib/python3.12/site-packages/torch/autograd/graph.py:869: UserWarning: The AccumulateGrad node's stream does not match the stream of the node that produced the incoming gradient. This may incur unnecessary synchronization and break CUDA graph capture if the AccumulateGrad node's stream is the default stream. This mismatch is caused by an AccumulateGrad node created prior to the current iteration being kept alive. This can happen if the autograd graph is still being kept alive by tensors such as the loss, or if you are using DDP, which will stash a reference to the node. To resolve the mismatch, delete all references to the autograd graph or ensure that DDP initialization is performed under the same stream as subsequent forwards. If the mismatch is intentional, you can use torch.autograd.graph.set_warn_on_accumulate_grad_stream_mismatch(False) to suppress this warning. (Triggered internally at /pytorch/torch/csrc/autograd/input_buffer.cpp:240.)
[36m(WorkerDict pid=224928)[0m   return Variable._execution_engine.run_backward(  # Calls into the C++ engine to run the backward pass
[36m(WorkerDict pid=224928)[0m /opt/dev/lib/python3.12/site-packages/torch/autograd/graph.py:869: UserWarning: c10d::broadcast_: an autograd kernel was not registered to the Autograd key(s) but we are trying to backprop through it. This may lead to silently incorrect behavior. This behavior is deprecated and will be removed in a future version of PyTorch. If your operator is differentiable, please ensure you have registered an autograd kernel to the correct Autograd key (e.g. DispatchKey::Autograd, DispatchKey::CompositeImplicitAutograd). If your operator is not differentiable, or to squash this warning and use the previous behavior, please register torch::CppFunction::makeFallthrough() to DispatchKey::Autograd. (Triggered internally at /pytorch/torch/csrc/autograd/autograd_not_implemented_fallback.cpp:76.)
[36m(WorkerDict pid=224928)[0m   return Variable._execution_engine.run_backward(  # Calls into the C++ engine to run the backward pass
[36m(WorkerDict pid=224932)[0m WARNING:2026-09-11 13:42:40,243:VERL_RESPONSE_ONLY_LM_HEAD_PROFILE {"active_ratio": 0.49913962635201575, "actual_logits_bytes": 617012096, "allocated_before_bytes": 17984471040, "backend": "unfused", "calculate_entropy": true, "calculate_sum_pi_squared": false, "context_parallel_size": 2, "data_format": "thd", "dense_logits_bytes": 1236151296, "dense_rows": 8136, "distillation_only": false, "elapsed_s": 0.06959435099270195, "element_size": 2, "entropy_from_logits_chunk_size": 2048, "entropy_from_logits_with_chunking": false, "event_id": 33, "logits_dtype": "torch.bfloat16", "logits_saved_bytes": 619139200, "peak_allocated_bytes": 21686852608, "peak_increment_bytes": 3702381568, "pipeline_parallel_size": 2, "projected_rows": 4061, "rank": 5, "response_only_enabled": true, "role": "actor", "selected_rows": 4061, "tensor_parallel_size": 2, "vocab_shard": 75968}
[36m(WorkerDict pid=224934)[0m WARNING:2026-09-11 13:42:40,244:VERL_RESPONSE_ONLY_LM_HEAD_PROFILE {"active_ratio": 0.5077433628318584, "actual_logits_bytes": 627647616, "allocated_before_bytes": 17984471040, "backend": "unfused", "calculate_entropy": true, "calculate_sum_pi_squared": false, "context_parallel_size": 2, "data_format": "thd", "dense_logits_bytes": 1236151296, "dense_rows": 8136, "distillation_only": false, "elapsed_s": 0.07114920194726437, "element_size": 2, "entropy_from_logits_chunk_size": 2048, "entropy_from_logits_with_chunking": false, "event_id": 33, "logits_dtype": "torch.bfloat16", "logits_saved_bytes": 608503680, "peak_allocated_bytes": 21751244288, "peak_increment_bytes": 3766773248, "pipeline_parallel_size": 2, "projected_rows": 4131, "rank": 7, "response_only_enabled": true, "role": "actor", "selected_rows": 4131, "tensor_parallel_size": 2, "vocab_shard": 75968}
[36m(WorkerDict pid=224933)[0m WARNING:2026-09-11 13:42:40,244:VERL_RESPONSE_ONLY_LM_HEAD_PROFILE {"active_ratio": 0.5077433628318584, "actual_logits_bytes": 627647616, "allocated_before_bytes": 17984471040, "backend": "unfused", "calculate_entropy": true, "calculate_sum_pi_squared": false, "context_parallel_size": 2, "data_format": "thd", "dense_logits_bytes": 1236151296, "dense_rows": 8136, "distillation_only": false, "elapsed_s": 0.0712091219611466, "element_size": 2, "entropy_from_logits_chunk_size": 2048, "entropy_from_logits_with_chunking": false, "event_id": 33, "logits_dtype": "torch.bfloat16", "logits_saved_bytes": 608503680, "peak_allocated_bytes": 21751244288, "peak_increment_bytes": 3766773248, "pipeline_parallel_size": 2, "projected_rows": 4131, "rank": 6, "response_only_enabled": true, "role": "actor", "selected_rows": 4131, "tensor_parallel_size": 2, "vocab_shard": 75968}
[36m(WorkerDict pid=224930)[0m /opt/Megatron-Bridge/3rdparty/Megatron-LM/megatron/core/pipeline_parallel/schedules.py:211: UserWarning: c10d::broadcast_: an autograd kernel was not registered to the Autograd key(s) but we are trying to backprop through it. This may lead to silently incorrect behavior. This behavior is deprecated and will be removed in a future version of PyTorch. If your operator is differentiable, please ensure you have registered an autograd kernel to the correct Autograd key (e.g. DispatchKey::Autograd, DispatchKey::CompositeImplicitAutograd). If your operator is not differentiable, or to squash this warning and use the previous behavior, please register torch::CppFunction::makeFallthrough() to DispatchKey::Autograd. (Triggered internally at /pytorch/torch/csrc/autograd/autograd_not_implemented_fallback.cpp:76.)
[36m(WorkerDict pid=224930)[0m   Variable._execution_engine.run_backward(
[36m(WorkerDict pid=224927)[0m /opt/Megatron-Bridge/3rdparty/Megatron-LM/megatron/core/pipeline_parallel/schedules.py:211: UserWarning: c10d::broadcast_: an autograd kernel was not registered to the Autograd key(s) but we are trying to backprop through it. This may lead to silently incorrect behavior. This behavior is deprecated and will be removed in a future version of PyTorch. If your operator is differentiable, please ensure you have registered an autograd kernel to the correct Autograd key (e.g. DispatchKey::Autograd, DispatchKey::CompositeImplicitAutograd). If your operator is not differentiable, or to squash this warning and use the previous behavior, please register torch::CppFunction::makeFallthrough() to DispatchKey::Autograd. (Triggered internally at /pytorch/torch/csrc/autograd/autograd_not_implemented_fallback.cpp:76.)
[36m(WorkerDict pid=224927)[0m   Variable._execution_engine.run_backward(
[36m(WorkerDict pid=224929)[0m /opt/Megatron-Bridge/3rdparty/Megatron-LM/megatron/core/pipeline_parallel/schedules.py:211: UserWarning: c10d::broadcast_: an autograd kernel was not registered to the Autograd key(s) but we are trying to backprop through it. This may lead to silently incorrect behavior. This behavior is deprecated and will be removed in a future version of PyTorch. If your operator is differentiable, please ensure you have registered an autograd kernel to the correct Autograd key (e.g. DispatchKey::Autograd, DispatchKey::CompositeImplicitAutograd). If your operator is not differentiable, or to squash this warning and use the previous behavior, please register torch::CppFunction::makeFallthrough() to DispatchKey::Autograd. (Triggered internally at /pytorch/torch/csrc/autograd/autograd_not_implemented_fallback.cpp:76.)
[36m(WorkerDict pid=224929)[0m   Variable._execution_engine.run_backward(
[36m(WorkerDict pid=224928)[0m /opt/Megatron-Bridge/3rdparty/Megatron-LM/megatron/core/pipeline_parallel/schedules.py:211: UserWarning: c10d::broadcast_: an autograd kernel was not registered to the Autograd key(s) but we are trying to backprop through it. This may lead to silently incorrect behavior. This behavior is deprecated and will be removed in a future version of PyTorch. If your operator is differentiable, please ensure you have registered an autograd kernel to the correct Autograd key (e.g. DispatchKey::Autograd, DispatchKey::CompositeImplicitAutograd). If your operator is not differentiable, or to squash this warning and use the previous behavior, please register torch::CppFunction::makeFallthrough() to DispatchKey::Autograd. (Triggered internally at /pytorch/torch/csrc/autograd/autograd_not_implemented_fallback.cpp:76.)
[36m(WorkerDict pid=224928)[0m   Variable._execution_engine.run_backward(
[36m(WorkerDict pid=224932)[0m WARNING:2026-09-11 13:42:41,232:VERL_RESPONSE_ONLY_LM_HEAD_PROFILE {"active_ratio": 0.49913962635201575, "actual_logits_bytes": 617012096, "allocated_before_bytes": 18017928704, "backend": "unfused", "calculate_entropy": true, "calculate_sum_pi_squared": false, "context_parallel_size": 2, "data_format": "thd", "dense_logits_bytes": 1236151296, "dense_rows": 8136, "distillation_only": false, "elapsed_s": 0.03071424295194447, "element_size": 2, "entropy_from_logits_chunk_size": 2048, "entropy_from_logits_with_chunking": false, "event_id": 34, "logits_dtype": "torch.bfloat16", "logits_saved_bytes": 619139200, "peak_allocated_bytes": 21720310272, "peak_increment_bytes": 3702381568, "pipeline_parallel_size": 2, "projected_rows": 4061, "rank": 5, "response_only_enabled": true, "role": "actor", "selected_rows": 4061, "tensor_parallel_size": 2, "vocab_shard": 75968}
[36m(WorkerDict pid=224934)[0m WARNING:2026-09-11 13:42:41,233:VERL_RESPONSE_ONLY_LM_HEAD_PROFILE {"active_ratio": 0.5077433628318584, "actual_logits_bytes": 627647616, "allocated_before_bytes": 18017928704, "backend": "unfused", "calculate_entropy": true, "calculate_sum_pi_squared": false, "context_parallel_size": 2, "data_format": "thd", "dense_logits_bytes": 1236151296, "dense_rows": 8136, "distillation_only": false, "elapsed_s": 0.03159722394775599, "element_size": 2, "entropy_from_logits_chunk_size": 2048, "entropy_from_logits_with_chunking": false, "event_id": 34, "logits_dtype": "torch.bfloat16", "logits_saved_bytes": 608503680, "peak_allocated_bytes": 21784701952, "peak_increment_bytes": 3766773248, "pipeline_parallel_size": 2, "projected_rows": 4131, "rank": 7, "response_only_enabled": true, "role": "actor", "selected_rows": 4131, "tensor_parallel_size": 2, "vocab_shard": 75968}
[36m(WorkerDict pid=224933)[0m WARNING:2026-09-11 13:42:41,233:VERL_RESPONSE_ONLY_LM_HEAD_PROFILE {"active_ratio": 0.5077433628318584, "actual_logits_bytes": 627647616, "allocated_before_bytes": 18017928704, "backend": "unfused", "calculate_entropy": true, "calculate_sum_pi_squared": false, "context_parallel_size": 2, "data_format": "thd", "dense_logits_bytes": 1236151296, "dense_rows": 8136, "distillation_only": false, "elapsed_s": 0.031603904091753066, "element_size": 2, "entropy_from_logits_chunk_size": 2048, "entropy_from_logits_with_chunking": false, "event_id": 34, "logits_dtype": "torch.bfloat16", "logits_saved_bytes": 608503680, "peak_allocated_bytes": 21784701952, "peak_increment_bytes": 3766773248, "pipeline_parallel_size": 2, "projected_rows": 4131, "rank": 6, "response_only_enabled": true, "role": "actor", "selected_rows": 4131, "tensor_parallel_size": 2, "vocab_shard": 75968}
[36m(WorkerDict pid=224932)[0m WARNING:2026-09-11 13:42:42,218:VERL_RESPONSE_ONLY_LM_HEAD_PROFILE {"active_ratio": 0.49913962635201575, "actual_logits_bytes": 617012096, "allocated_before_bytes": 18051386368, "backend": "unfused", "calculate_entropy": true, "calculate_sum_pi_squared": false, "context_parallel_size": 2, "data_format": "thd", "dense_logits_bytes": 1236151296, "dense_rows": 8136, "distillation_only": false, "elapsed_s": 0.030652682995423675, "element_size": 2, "entropy_from_logits_chunk_size": 2048, "entropy_from_logits_with_chunking": false, "event_id": 35, "logits_dtype": "torch.bfloat16", "logits_saved_bytes": 619139200, "peak_allocated_bytes": 21753767936, "peak_increment_bytes": 3702381568, "pipeline_parallel_size": 2, "projected_rows": 4061, "rank": 5, "response_only_enabled": true, "role": "actor", "selected_rows": 4061, "tensor_parallel_size": 2, "vocab_shard": 75968}
[36m(WorkerDict pid=224934)[0m WARNING:2026-09-11 13:42:42,219:VERL_RESPONSE_ONLY_LM_HEAD_PROFILE {"active_ratio": 0.5077433628318584, "actual_logits_bytes": 627647616, "allocated_before_bytes": 18051386368, "backend": "unfused", "calculate_entropy": true, "calculate_sum_pi_squared": false, "context_parallel_size": 2, "data_format": "thd", "dense_logits_bytes": 1236151296, "dense_rows": 8136, "distillation_only": false, "elapsed_s": 0.0317054339684546, "element_size": 2, "entropy_from_logits_chunk_size": 2048, "entropy_from_logits_with_chunking": false, "event_id": 35, "logits_dtype": "torch.bfloat16", "logits_saved_bytes": 608503680, "peak_allocated_bytes": 21818159616, "peak_increment_bytes": 3766773248, "pipeline_parallel_size": 2, "projected_rows": 4131, "rank": 7, "response_only_enabled": true, "role": "actor", "selected_rows": 4131, "tensor_parallel_size": 2, "vocab_shard": 75968}
[36m(WorkerDict pid=224933)[0m WARNING:2026-09-11 13:42:42,219:VERL_RESPONSE_ONLY_LM_HEAD_PROFILE {"active_ratio": 0.5077433628318584, "actual_logits_bytes": 627647616, "allocated_before_bytes": 18051386368, "backend": "unfused", "calculate_entropy": true, "calculate_sum_pi_squared": false, "context_parallel_size": 2, "data_format": "thd", "dense_logits_bytes": 1236151296, "dense_rows": 8136, "distillation_only": false, "elapsed_s": 0.03176914399955422, "element_size": 2, "entropy_from_logits_chunk_size": 2048, "entropy_from_logits_with_chunking": false, "event_id": 35, "logits_dtype": "torch.bfloat16", "logits_saved_bytes": 608503680, "peak_allocated_bytes": 21818159616, "peak_increment_bytes": 3766773248, "pipeline_parallel_size": 2, "projected_rows": 4131, "rank": 6, "response_only_enabled": true, "role": "actor", "selected_rows": 4131, "tensor_parallel_size": 2, "vocab_shard": 75968}
[36m(WorkerDict pid=224932)[0m WARNING:2026-09-11 13:42:58,927:VERL_RESPONSE_ONLY_LM_HEAD_PROFILE {"active_ratio": 0.49913962635201575, "actual_logits_bytes": 617012096, "allocated_before_bytes": 26142064640, "backend": "unfused", "calculate_entropy": true, "calculate_sum_pi_squared": false, "context_parallel_size": 2, "data_format": "thd", "dense_logits_bytes": 1236151296, "dense_rows": 8136, "distillation_only": false, "elapsed_s": 0.1462748060002923, "element_size": 2, "entropy_from_logits_chunk_size": 2048, "entropy_from_logits_with_chunking": false, "event_id": 36, "logits_dtype": "torch.bfloat16", "logits_saved_bytes": 619139200, "peak_allocated_bytes": 29844446208, "peak_increment_bytes": 3702381568, "pipeline_parallel_size": 2, "projected_rows": 4061, "rank": 5, "response_only_enabled": true, "role": "actor", "selected_rows": 4061, "tensor_parallel_size": 2, "vocab_shard": 75968}
[36m(WorkerDict pid=224934)[0m WARNING:2026-09-11 13:42:58,930:VERL_RESPONSE_ONLY_LM_HEAD_PROFILE {"active_ratio": 0.5077433628318584, "actual_logits_bytes": 627647616, "allocated_before_bytes": 26142064640, "backend": "unfused", "calculate_entropy": true, "calculate_sum_pi_squared": false, "context_parallel_size": 2, "data_format": "thd", "dense_logits_bytes": 1236151296, "dense_rows": 8136, "distillation_only": false, "elapsed_s": 0.14935030695050955, "element_size": 2, "entropy_from_logits_chunk_size": 2048, "entropy_from_logits_with_chunking": false, "event_id": 36, "logits_dtype": "torch.bfloat16", "logits_saved_bytes": 608503680, "peak_allocated_bytes": 29908837888, "peak_increment_bytes": 3766773248, "pipeline_parallel_size": 2, "projected_rows": 4131, "rank": 7, "response_only_enabled": true, "role": "actor", "selected_rows": 4131, "tensor_parallel_size": 2, "vocab_shard": 75968}
[36m(WorkerDict pid=224933)[0m WARNING:2026-09-11 13:42:58,930:VERL_RESPONSE_ONLY_LM_HEAD_PROFILE {"active_ratio": 0.5077433628318584, "actual_logits_bytes": 627647616, "allocated_before_bytes": 26142064640, "backend": "unfused", "calculate_entropy": true, "calculate_sum_pi_squared": false, "context_parallel_size": 2, "data_format": "thd", "dense_logits_bytes": 1236151296, "dense_rows": 8136, "distillation_only": false, "elapsed_s": 0.14932541700545698, "element_size": 2, "entropy_from_logits_chunk_size": 2048, "entropy_from_logits_with_chunking": false, "event_id": 36, "logits_dtype": "torch.bfloat16", "logits_saved_bytes": 608503680, "peak_allocated_bytes": 29908837888, "peak_increment_bytes": 3766773248, "pipeline_parallel_size": 2, "projected_rows": 4131, "rank": 6, "response_only_enabled": true, "role": "actor", "selected_rows": 4131, "tensor_parallel_size": 2, "vocab_shard": 75968}
[36m(WorkerDict pid=224932)[0m WARNING:2026-09-11 13:42:59,923:VERL_RESPONSE_ONLY_LM_HEAD_PROFILE {"active_ratio": 0.49913962635201575, "actual_logits_bytes": 617012096, "allocated_before_bytes": 26175522816, "backend": "unfused", "calculate_entropy": true, "calculate_sum_pi_squared": false, "context_parallel_size": 2, "data_format": "thd", "dense_logits_bytes": 1236151296, "dense_rows": 8136, "distillation_only": false, "elapsed_s": 0.030488063930533826, "element_size": 2, "entropy_from_logits_chunk_size": 2048, "entropy_from_logits_with_chunking": false, "event_id": 37, "logits_dtype": "torch.bfloat16", "logits_saved_bytes": 619139200, "peak_allocated_bytes": 29877904384, "peak_increment_bytes": 3702381568, "pipeline_parallel_size": 2, "projected_rows": 4061, "rank": 5, "response_only_enabled": true, "role": "actor", "selected_rows": 4061, "tensor_parallel_size": 2, "vocab_shard": 75968}
[36m(WorkerDict pid=224934)[0m WARNING:2026-09-11 13:42:59,924:VERL_RESPONSE_ONLY_LM_HEAD_PROFILE {"active_ratio": 0.5077433628318584, "actual_logits_bytes": 627647616, "allocated_before_bytes": 26175522816, "backend": "unfused", "calculate_entropy": true, "calculate_sum_pi_squared": false, "context_parallel_size": 2, "data_format": "thd", "dense_logits_bytes": 1236151296, "dense_rows": 8136, "distillation_only": false, "elapsed_s": 0.0315808440791443, "element_size": 2, "entropy_from_logits_chunk_size": 2048, "entropy_from_logits_with_chunking": false, "event_id": 37, "logits_dtype": "torch.bfloat16", "logits_saved_bytes": 608503680, "peak_allocated_bytes": 29942296064, "peak_increment_bytes": 3766773248, "pipeline_parallel_size": 2, "projected_rows": 4131, "rank": 7, "response_only_enabled": true, "role": "actor", "selected_rows": 4131, "tensor_parallel_size": 2, "vocab_shard": 75968}
[36m(WorkerDict pid=224933)[0m WARNING:2026-09-11 13:42:59,924:VERL_RESPONSE_ONLY_LM_HEAD_PROFILE {"active_ratio": 0.5077433628318584, "actual_logits_bytes": 627647616, "allocated_before_bytes": 26175522816, "backend": "unfused", "calculate_entropy": true, "calculate_sum_pi_squared": false, "context_parallel_size": 2, "data_format": "thd", "dense_logits_bytes": 1236151296, "dense_rows": 8136, "distillation_only": false, "elapsed_s": 0.03150028409436345, "element_size": 2, "entropy_from_logits_chunk_size": 2048, "entropy_from_logits_with_chunking": false, "event_id": 37, "logits_dtype": "torch.bfloat16", "logits_saved_bytes": 608503680, "peak_allocated_bytes": 29942296064, "peak_increment_bytes": 3766773248, "pipeline_parallel_size": 2, "projected_rows": 4131, "rank": 6, "response_only_enabled": true, "role": "actor", "selected_rows": 4131, "tensor_parallel_size": 2, "vocab_shard": 75968}
[36m(WorkerDict pid=224932)[0m WARNING:2026-09-11 13:43:00,945:VERL_RESPONSE_ONLY_LM_HEAD_PROFILE {"active_ratio": 0.49913962635201575, "actual_logits_bytes": 617012096, "allocated_before_bytes": 26208980480, "backend": "unfused", "calculate_entropy": true, "calculate_sum_pi_squared": false, "context_parallel_size": 2, "data_format": "thd", "dense_logits_bytes": 1236151296, "dense_rows": 8136, "distillation_only": false, "elapsed_s": 0.030961354030296206, "element_size": 2, "entropy_from_logits_chunk_size": 2048, "entropy_from_logits_with_chunking": false, "event_id": 38, "logits_dtype": "torch.bfloat16", "logits_saved_bytes": 619139200, "peak_allocated_bytes": 29911362048, "peak_increment_bytes": 3702381568, "pipeline_parallel_size": 2, "projected_rows": 4061, "rank": 5, "response_only_enabled": true, "role": "actor", "selected_rows": 4061, "tensor_parallel_size": 2, "vocab_shard": 75968}
[36m(WorkerDict pid=224934)[0m WARNING:2026-09-11 13:43:00,946:VERL_RESPONSE_ONLY_LM_HEAD_PROFILE {"active_ratio": 0.5077433628318584, "actual_logits_bytes": 627647616, "allocated_before_bytes": 26208980480, "backend": "unfused", "calculate_entropy": true, "calculate_sum_pi_squared": false, "context_parallel_size": 2, "data_format": "thd", "dense_logits_bytes": 1236151296, "dense_rows": 8136, "distillation_only": false, "elapsed_s": 0.03174232388846576, "element_size": 2, "entropy_from_logits_chunk_size": 2048, "entropy_from_logits_with_chunking": false, "event_id": 38, "logits_dtype": "torch.bfloat16", "logits_saved_bytes": 608503680, "peak_allocated_bytes": 29975753728, "peak_increment_bytes": 3766773248, "pipeline_parallel_size": 2, "projected_rows": 4131, "rank": 7, "response_only_enabled": true, "role": "actor", "selected_rows": 4131, "tensor_parallel_size": 2, "vocab_shard": 75968}
[36m(WorkerDict pid=224933)[0m WARNING:2026-09-11 13:43:00,946:VERL_RESPONSE_ONLY_LM_HEAD_PROFILE {"active_ratio": 0.5077433628318584, "actual_logits_bytes": 627647616, "allocated_before_bytes": 26208980480, "backend": "unfused", "calculate_entropy": true, "calculate_sum_pi_squared": false, "context_parallel_size": 2, "data_format": "thd", "dense_logits_bytes": 1236151296, "dense_rows": 8136, "distillation_only": false, "elapsed_s": 0.03178586403373629, "element_size": 2, "entropy_from_logits_chunk_size": 2048, "entropy_from_logits_with_chunking": false, "event_id": 38, "logits_dtype": "torch.bfloat16", "logits_saved_bytes": 608503680, "peak_allocated_bytes": 29975753728, "peak_increment_bytes": 3766773248, "pipeline_parallel_size": 2, "projected_rows": 4131, "rank": 6, "response_only_enabled": true, "role": "actor", "selected_rows": 4131, "tensor_parallel_size": 2, "vocab_shard": 75968}
[36m(WorkerDict pid=224932)[0m WARNING:2026-09-11 13:43:01,938:VERL_RESPONSE_ONLY_LM_HEAD_PROFILE {"active_ratio": 0.49913962635201575, "actual_logits_bytes": 617012096, "allocated_before_bytes": 26242438144, "backend": "unfused", "calculate_entropy": true, "calculate_sum_pi_squared": false, "context_parallel_size": 2, "data_format": "thd", "dense_logits_bytes": 1236151296, "dense_rows": 8136, "distillation_only": false, "elapsed_s": 0.03567541600205004, "element_size": 2, "entropy_from_logits_chunk_size": 2048, "entropy_from_logits_with_chunking": false, "event_id": 39, "logits_dtype": "torch.bfloat16", "logits_saved_bytes": 619139200, "peak_allocated_bytes": 29944819712, "peak_increment_bytes": 3702381568, "pipeline_parallel_size": 2, "projected_rows": 4061, "rank": 5, "response_only_enabled": true, "role": "actor", "selected_rows": 4061, "tensor_parallel_size": 2, "vocab_shard": 75968}
[36m(WorkerDict pid=224934)[0m WARNING:2026-09-11 13:43:01,935:VERL_RESPONSE_ONLY_LM_HEAD_PROFILE {"active_ratio": 0.5077433628318584, "actual_logits_bytes": 627647616, "allocated_before_bytes": 26242438144, "backend": "unfused", "calculate_entropy": true, "calculate_sum_pi_squared": false, "context_parallel_size": 2, "data_format": "thd", "dense_logits_bytes": 1236151296, "dense_rows": 8136, "distillation_only": false, "elapsed_s": 0.03235766396392137, "element_size": 2, "entropy_from_logits_chunk_size": 2048, "entropy_from_logits_with_chunking": false, "event_id": 39, "logits_dtype": "torch.bfloat16", "logits_saved_bytes": 608503680, "peak_allocated_bytes": 30009211392, "peak_increment_bytes": 3766773248, "pipeline_parallel_size": 2, "projected_rows": 4131, "rank": 7, "response_only_enabled": true, "role": "actor", "selected_rows": 4131, "tensor_parallel_size": 2, "vocab_shard": 75968}
[36m(WorkerDict pid=224933)[0m WARNING:2026-09-11 13:43:01,935:VERL_RESPONSE_ONLY_LM_HEAD_PROFILE {"active_ratio": 0.5077433628318584, "actual_logits_bytes": 627647616, "allocated_before_bytes": 26242438144, "backend": "unfused", "calculate_entropy": true, "calculate_sum_pi_squared": false, "context_parallel_size": 2, "data_format": "thd", "dense_logits_bytes": 1236151296, "dense_rows": 8136, "distillation_only": false, "elapsed_s": 0.032353173941373825, "element_size": 2, "entropy_from_logits_chunk_size": 2048, "entropy_from_logits_with_chunking": false, "event_id": 39, "logits_dtype": "torch.bfloat16", "logits_saved_bytes": 608503680, "peak_allocated_bytes": 30009211392, "peak_increment_bytes": 3766773248, "pipeline_parallel_size": 2, "projected_rows": 4131, "rank": 6, "response_only_enabled": true, "role": "actor", "selected_rows": 4131, "tensor_parallel_size": 2, "vocab_shard": 75968}
[36m(WorkerDict pid=224932)[0m WARNING:2026-09-11 13:43:03,937:VERL_RESPONSE_ONLY_LM_HEAD_PROFILE {"active_ratio": 0.4998724489795918, "actual_logits_bytes": 595437184, "allocated_before_bytes": 26117789696, "backend": "unfused", "calculate_entropy": true, "calculate_sum_pi_squared": false, "context_parallel_size": 2, "data_format": "thd", "dense_logits_bytes": 1191178240, "dense_rows": 7840, "distillation_only": false, "elapsed_s": 0.029773373040370643, "element_size": 2, "entropy_from_logits_chunk_size": 2048, "entropy_from_logits_with_chunking": false, "event_id": 40, "logits_dtype": "torch.bfloat16", "logits_saved_bytes": 595741056, "peak_allocated_bytes": 29690759168, "peak_increment_bytes": 3572969472, "pipeline_parallel_size": 2, "projected_rows": 3919, "rank": 5, "response_only_enabled": true, "role": "actor", "selected_rows": 3919, "tensor_parallel_size": 2, "vocab_shard": 75968}
[36m(WorkerDict pid=224934)[0m WARNING:2026-09-11 13:43:03,939:VERL_RESPONSE_ONLY_LM_HEAD_PROFILE {"active_ratio": 0.5450255102040816, "actual_logits_bytes": 649222528, "allocated_before_bytes": 26117789696, "backend": "unfused", "calculate_entropy": true, "calculate_sum_pi_squared": false, "context_parallel_size": 2, "data_format": "thd", "dense_logits_bytes": 1191178240, "dense_rows": 7840, "distillation_only": false, "elapsed_s": 0.03224662400316447, "element_size": 2, "entropy_from_logits_chunk_size": 2048, "entropy_from_logits_with_chunking": false, "event_id": 40, "logits_dtype": "torch.bfloat16", "logits_saved_bytes": 541955712, "peak_allocated_bytes": 30016388608, "peak_increment_bytes": 3898598912, "pipeline_parallel_size": 2, "projected_rows": 4273, "rank": 7, "response_only_enabled": true, "role": "actor", "selected_rows": 4273, "tensor_parallel_size": 2, "vocab_shard": 75968}
[36m(WorkerDict pid=224933)[0m WARNING:2026-09-11 13:43:03,939:VERL_RESPONSE_ONLY_LM_HEAD_PROFILE {"active_ratio": 0.5450255102040816, "actual_logits_bytes": 649222528, "allocated_before_bytes": 26117789696, "backend": "unfused", "calculate_entropy": true, "calculate_sum_pi_squared": false, "context_parallel_size": 2, "data_format": "thd", "dense_logits_bytes": 1191178240, "dense_rows": 7840, "distillation_only": false, "elapsed_s": 0.03225900395773351, "element_size": 2, "entropy_from_logits_chunk_size": 2048, "entropy_from_logits_with_chunking": false, "event_id": 40, "logits_dtype": "torch.bfloat16", "logits_saved_bytes": 541955712, "peak_allocated_bytes": 30016388608, "peak_increment_bytes": 3898598912, "pipeline_parallel_size": 2, "projected_rows": 4273, "rank": 6, "response_only_enabled": true, "role": "actor", "selected_rows": 4273, "tensor_parallel_size": 2, "vocab_shard": 75968}
[36m(WorkerDict pid=224932)[0m WARNING:2026-09-11 13:43:04,886:VERL_RESPONSE_ONLY_LM_HEAD_PROFILE {"active_ratio": 0.4998724489795918, "actual_logits_bytes": 595437184, "allocated_before_bytes": 26150030336, "backend": "unfused", "calculate_entropy": true, "calculate_sum_pi_squared": false, "context_parallel_size": 2, "data_format": "thd", "dense_logits_bytes": 1191178240, "dense_rows": 7840, "distillation_only": false, "elapsed_s": 0.029721913975663483, "element_size": 2, "entropy_from_logits_chunk_size": 2048, "entropy_from_logits_with_chunking": false, "event_id": 41, "logits_dtype": "torch.bfloat16", "logits_saved_bytes": 595741056, "peak_allocated_bytes": 29722999808, "peak_increment_bytes": 3572969472, "pipeline_parallel_size": 2, "projected_rows": 3919, "rank": 5, "response_only_enabled": true, "role": "actor", "selected_rows": 3919, "tensor_parallel_size": 2, "vocab_shard": 75968}
[36m(WorkerDict pid=224934)[0m WARNING:2026-09-11 13:43:04,889:VERL_RESPONSE_ONLY_LM_HEAD_PROFILE {"active_ratio": 0.5450255102040816, "actual_logits_bytes": 649222528, "allocated_before_bytes": 26150030336, "backend": "unfused", "calculate_entropy": true, "calculate_sum_pi_squared": false, "context_parallel_size": 2, "data_format": "thd", "dense_logits_bytes": 1191178240, "dense_rows": 7840, "distillation_only": false, "elapsed_s": 0.03227271500509232, "element_size": 2, "entropy_from_logits_chunk_size": 2048, "entropy_from_logits_with_chunking": false, "event_id": 41, "logits_dtype": "torch.bfloat16", "logits_saved_bytes": 541955712, "peak_allocated_bytes": 30048629248, "peak_increment_bytes": 3898598912, "pipeline_parallel_size": 2, "projected_rows": 4273, "rank": 7, "response_only_enabled": true, "role": "actor", "selected_rows": 4273, "tensor_parallel_size": 2, "vocab_shard": 75968}
[36m(WorkerDict pid=224933)[0m WARNING:2026-09-11 13:43:04,889:VERL_RESPONSE_ONLY_LM_HEAD_PROFILE {"active_ratio": 0.5450255102040816, "actual_logits_bytes": 649222528, "allocated_before_bytes": 26150030336, "backend": "unfused", "calculate_entropy": true, "calculate_sum_pi_squared": false, "context_parallel_size": 2, "data_format": "thd", "dense_logits_bytes": 1191178240, "dense_rows": 7840, "distillation_only": false, "elapsed_s": 0.03218381409533322, "element_size": 2, "entropy_from_logits_chunk_size": 2048, "entropy_from_logits_with_chunking": false, "event_id": 41, "logits_dtype": "torch.bfloat16", "logits_saved_bytes": 541955712, "peak_allocated_bytes": 30048629248, "peak_increment_bytes": 3898598912, "pipeline_parallel_size": 2, "projected_rows": 4273, "rank": 6, "response_only_enabled": true, "role": "actor", "selected_rows": 4273, "tensor_parallel_size": 2, "vocab_shard": 75968}
[36m(WorkerDict pid=224932)[0m WARNING:2026-09-11 13:43:05,840:VERL_RESPONSE_ONLY_LM_HEAD_PROFILE {"active_ratio": 0.4998724489795918, "actual_logits_bytes": 595437184, "allocated_before_bytes": 26182270464, "backend": "unfused", "calculate_entropy": true, "calculate_sum_pi_squared": false, "context_parallel_size": 2, "data_format": "thd", "dense_logits_bytes": 1191178240, "dense_rows": 7840, "distillation_only": false, "elapsed_s": 0.029772212961688638, "element_size": 2, "entropy_from_logits_chunk_size": 2048, "entropy_from_logits_with_chunking": false, "event_id": 42, "logits_dtype": "torch.bfloat16", "logits_saved_bytes": 595741056, "peak_allocated_bytes": 29755239936, "peak_increment_bytes": 3572969472, "pipeline_parallel_size": 2, "projected_rows": 3919, "rank": 5, "response_only_enabled": true, "role": "actor", "selected_rows": 3919, "tensor_parallel_size": 2, "vocab_shard": 75968}
[36m(WorkerDict pid=224934)[0m WARNING:2026-09-11 13:43:05,843:VERL_RESPONSE_ONLY_LM_HEAD_PROFILE {"active_ratio": 0.5450255102040816, "actual_logits_bytes": 649222528, "allocated_before_bytes": 26182270464, "backend": "unfused", "calculate_entropy": true, "calculate_sum_pi_squared": false, "context_parallel_size": 2, "data_format": "thd", "dense_logits_bytes": 1191178240, "dense_rows": 7840, "distillation_only": false, "elapsed_s": 0.0328086840454489, "element_size": 2, "entropy_from_logits_chunk_size": 2048, "entropy_from_logits_with_chunking": false, "event_id": 42, "logits_dtype": "torch.bfloat16", "logits_saved_bytes": 541955712, "peak_allocated_bytes": 30080869376, "peak_increment_bytes": 3898598912, "pipeline_parallel_size": 2, "projected_rows": 4273, "rank": 7, "response_only_enabled": true, "role": "actor", "selected_rows": 4273, "tensor_parallel_size": 2, "vocab_shard": 75968}
[36m(WorkerDict pid=224933)[0m WARNING:2026-09-11 13:43:05,843:VERL_RESPONSE_ONLY_LM_HEAD_PROFILE {"active_ratio": 0.5450255102040816, "actual_logits_bytes": 649222528, "allocated_before_bytes": 26182270464, "backend": "unfused", "calculate_entropy": true, "calculate_sum_pi_squared": false, "context_parallel_size": 2, "data_format": "thd", "dense_logits_bytes": 1191178240, "dense_rows": 7840, "distillation_only": false, "elapsed_s": 0.03277190402150154, "element_size": 2, "entropy_from_logits_chunk_size": 2048, "entropy_from_logits_with_chunking": false, "event_id": 42, "logits_dtype": "torch.bfloat16", "logits_saved_bytes": 541955712, "peak_allocated_bytes": 30080869376, "peak_increment_bytes": 3898598912, "pipeline_parallel_size": 2, "projected_rows": 4273, "rank": 6, "response_only_enabled": true, "role": "actor", "selected_rows": 4273, "tensor_parallel_size": 2, "vocab_shard": 75968}
[36m(WorkerDict pid=224932)[0m WARNING:2026-09-11 13:43:06,794:VERL_RESPONSE_ONLY_LM_HEAD_PROFILE {"active_ratio": 0.4998724489795918, "actual_logits_bytes": 595437184, "allocated_before_bytes": 26214510592, "backend": "unfused", "calculate_entropy": true, "calculate_sum_pi_squared": false, "context_parallel_size": 2, "data_format": "thd", "dense_logits_bytes": 1191178240, "dense_rows": 7840, "distillation_only": false, "elapsed_s": 0.029819414019584656, "element_size": 2, "entropy_from_logits_chunk_size": 2048, "entropy_from_logits_with_chunking": false, "event_id": 43, "logits_dtype": "torch.bfloat16", "logits_saved_bytes": 595741056, "peak_allocated_bytes": 29787480064, "peak_increment_bytes": 3572969472, "pipeline_parallel_size": 2, "projected_rows": 3919, "rank": 5, "response_only_enabled": true, "role": "actor", "selected_rows": 3919, "tensor_parallel_size": 2, "vocab_shard": 75968}
[36m(WorkerDict pid=224934)[0m WARNING:2026-09-11 13:43:06,797:VERL_RESPONSE_ONLY_LM_HEAD_PROFILE {"active_ratio": 0.5450255102040816, "actual_logits_bytes": 649222528, "allocated_before_bytes": 26214510592, "backend": "unfused", "calculate_entropy": true, "calculate_sum_pi_squared": false, "context_parallel_size": 2, "data_format": "thd", "dense_logits_bytes": 1191178240, "dense_rows": 7840, "distillation_only": false, "elapsed_s": 0.03224413492716849, "element_size": 2, "entropy_from_logits_chunk_size": 2048, "entropy_from_logits_with_chunking": false, "event_id": 43, "logits_dtype": "torch.bfloat16", "logits_saved_bytes": 541955712, "peak_allocated_bytes": 30113109504, "peak_increment_bytes": 3898598912, "pipeline_parallel_size": 2, "projected_rows": 4273, "rank": 7, "response_only_enabled": true, "role": "actor", "selected_rows": 4273, "tensor_parallel_size": 2, "vocab_shard": 75968}
[36m(WorkerDict pid=224933)[0m WARNING:2026-09-11 13:43:06,797:VERL_RESPONSE_ONLY_LM_HEAD_PROFILE {"active_ratio": 0.5450255102040816, "actual_logits_bytes": 649222528, "allocated_before_bytes": 26214510592, "backend": "unfused", "calculate_entropy": true, "calculate_sum_pi_squared": false, "context_parallel_size": 2, "data_format": "thd", "dense_logits_bytes": 1191178240, "dense_rows": 7840, "distillation_only": false, "elapsed_s": 0.032293315045535564, "element_size": 2, "entropy_from_logits_chunk_size": 2048, "entropy_from_logits_with_chunking": false, "event_id": 43, "logits_dtype": "torch.bfloat16", "logits_saved_bytes": 541955712, "peak_allocated_bytes": 30113109504, "peak_increment_bytes": 3898598912, "pipeline_parallel_size": 2, "projected_rows": 4273, "rank": 6, "response_only_enabled": true, "role": "actor", "selected_rows": 4273, "tensor_parallel_size": 2, "vocab_shard": 75968}
[36m(WorkerDict pid=224932)[0m WARNING:2026-09-11 13:43:08,749:VERL_RESPONSE_ONLY_LM_HEAD_PROFILE {"active_ratio": 0.4998724489795918, "actual_logits_bytes": 595437184, "allocated_before_bytes": 26117789696, "backend": "unfused", "calculate_entropy": true, "calculate_sum_pi_squared": false, "context_parallel_size": 2, "data_format": "thd", "dense_logits_bytes": 1191178240, "dense_rows": 7840, "distillation_only": false, "elapsed_s": 0.029769652988761663, "element_size": 2, "entropy_from_logits_chunk_size": 2048, "entropy_from_logits_with_chunking": false, "event_id": 44, "logits_dtype": "torch.bfloat16", "logits_saved_bytes": 595741056, "peak_allocated_bytes": 29690759168, "peak_increment_bytes": 3572969472, "pipeline_parallel_size": 2, "projected_rows": 3919, "rank": 5, "response_only_enabled": true, "role": "actor", "selected_rows": 3919, "tensor_parallel_size": 2, "vocab_shard": 75968}
[36m(WorkerDict pid=224934)[0m WARNING:2026-09-11 13:43:08,751:VERL_RESPONSE_ONLY_LM_HEAD_PROFILE {"active_ratio": 0.5450255102040816, "actual_logits_bytes": 649222528, "allocated_before_bytes": 26117789696, "backend": "unfused", "calculate_entropy": true, "calculate_sum_pi_squared": false, "context_parallel_size": 2, "data_format": "thd", "dense_logits_bytes": 1191178240, "dense_rows": 7840, "distillation_only": false, "elapsed_s": 0.032396694063209, "element_size": 2, "entropy_from_logits_chunk_size": 2048, "entropy_from_logits_with_chunking": false, "event_id": 44, "logits_dtype": "torch.bfloat16", "logits_saved_bytes": 541955712, "peak_allocated_bytes": 30016388608, "peak_increment_bytes": 3898598912, "pipeline_parallel_size": 2, "projected_rows": 4273, "rank": 7, "response_only_enabled": true, "role": "actor", "selected_rows": 4273, "tensor_parallel_size": 2, "vocab_shard": 75968}
[36m(WorkerDict pid=224933)[0m WARNING:2026-09-11 13:43:08,751:VERL_RESPONSE_ONLY_LM_HEAD_PROFILE {"active_ratio": 0.5450255102040816, "actual_logits_bytes": 649222528, "allocated_before_bytes": 26117789696, "backend": "unfused", "calculate_entropy": true, "calculate_sum_pi_squared": false, "context_parallel_size": 2, "data_format": "thd", "dense_logits_bytes": 1191178240, "dense_rows": 7840, "distillation_only": false, "elapsed_s": 0.03235988400410861, "element_size": 2, "entropy_from_logits_chunk_size": 2048, "entropy_from_logits_with_chunking": false, "event_id": 44, "logits_dtype": "torch.bfloat16", "logits_saved_bytes": 541955712, "peak_allocated_bytes": 30016388608, "peak_increment_bytes": 3898598912, "pipeline_parallel_size": 2, "projected_rows": 4273, "rank": 6, "response_only_enabled": true, "role": "actor", "selected_rows": 4273, "tensor_parallel_size": 2, "vocab_shard": 75968}
[36m(WorkerDict pid=224932)[0m WARNING:2026-09-11 13:43:09,703:VERL_RESPONSE_ONLY_LM_HEAD_PROFILE {"active_ratio": 0.4998724489795918, "actual_logits_bytes": 595437184, "allocated_before_bytes": 26150030336, "backend": "unfused", "calculate_entropy": true, "calculate_sum_pi_squared": false, "context_parallel_size": 2, "data_format": "thd", "dense_logits_bytes": 1191178240, "dense_rows": 7840, "distillation_only": false, "elapsed_s": 0.029691793024539948, "element_size": 2, "entropy_from_logits_chunk_size": 2048, "entropy_from_logits_with_chunking": false, "event_id": 45, "logits_dtype": "torch.bfloat16", "logits_saved_bytes": 595741056, "peak_allocated_bytes": 29722999808, "peak_increment_bytes": 3572969472, "pipeline_parallel_size": 2, "projected_rows": 3919, "rank": 5, "response_only_enabled": true, "role": "actor", "selected_rows": 3919, "tensor_parallel_size": 2, "vocab_shard": 75968}
[36m(WorkerDict pid=224934)[0m WARNING:2026-09-11 13:43:09,706:VERL_RESPONSE_ONLY_LM_HEAD_PROFILE {"active_ratio": 0.5450255102040816, "actual_logits_bytes": 649222528, "allocated_before_bytes": 26150030336, "backend": "unfused", "calculate_entropy": true, "calculate_sum_pi_squared": false, "context_parallel_size": 2, "data_format": "thd", "dense_logits_bytes": 1191178240, "dense_rows": 7840, "distillation_only": false, "elapsed_s": 0.03228281403426081, "element_size": 2, "entropy_from_logits_chunk_size": 2048, "entropy_from_logits_with_chunking": false, "event_id": 45, "logits_dtype": "torch.bfloat16", "logits_saved_bytes": 541955712, "peak_allocated_bytes": 30048629248, "peak_increment_bytes": 3898598912, "pipeline_parallel_size": 2, "projected_rows": 4273, "rank": 7, "response_only_enabled": true, "role": "actor", "selected_rows": 4273, "tensor_parallel_size": 2, "vocab_shard": 75968}
[36m(WorkerDict pid=224933)[0m WARNING:2026-09-11 13:43:09,706:VERL_RESPONSE_ONLY_LM_HEAD_PROFILE {"active_ratio": 0.5450255102040816, "actual_logits_bytes": 649222528, "allocated_before_bytes": 26150030336, "backend": "unfused", "calculate_entropy": true, "calculate_sum_pi_squared": false, "context_parallel_size": 2, "data_format": "thd", "dense_logits_bytes": 1191178240, "dense_rows": 7840, "distillation_only": false, "elapsed_s": 0.03225334407761693, "element_size": 2, "entropy_from_logits_chunk_size": 2048, "entropy_from_logits_with_chunking": false, "event_id": 45, "logits_dtype": "torch.bfloat16", "logits_saved_bytes": 541955712, "peak_allocated_bytes": 30048629248, "peak_increment_bytes": 3898598912, "pipeline_parallel_size": 2, "projected_rows": 4273, "rank": 6, "response_only_enabled": true, "role": "actor", "selected_rows": 4273, "tensor_parallel_size": 2, "vocab_shard": 75968}
[36m(WorkerDict pid=224932)[0m WARNING:2026-09-11 13:43:10,658:VERL_RESPONSE_ONLY_LM_HEAD_PROFILE {"active_ratio": 0.4998724489795918, "actual_logits_bytes": 595437184, "allocated_before_bytes": 26182270464, "backend": "unfused", "calculate_entropy": true, "calculate_sum_pi_squared": false, "context_parallel_size": 2, "data_format": "thd", "dense_logits_bytes": 1191178240, "dense_rows": 7840, "distillation_only": false, "elapsed_s": 0.029648642987012863, "element_size": 2, "entropy_from_logits_chunk_size": 2048, "entropy_from_logits_with_chunking": false, "event_id": 46, "logits_dtype": "torch.bfloat16", "logits_saved_bytes": 595741056, "peak_allocated_bytes": 29755239936, "peak_increment_bytes": 3572969472, "pipeline_parallel_size": 2, "projected_rows": 3919, "rank": 5, "response_only_enabled": true, "role": "actor", "selected_rows": 3919, "tensor_parallel_size": 2, "vocab_shard": 75968}
[36m(WorkerDict pid=224934)[0m WARNING:2026-09-11 13:43:10,660:VERL_RESPONSE_ONLY_LM_HEAD_PROFILE {"active_ratio": 0.5450255102040816, "actual_logits_bytes": 649222528, "allocated_before_bytes": 26182270464, "backend": "unfused", "calculate_entropy": true, "calculate_sum_pi_squared": false, "context_parallel_size": 2, "data_format": "thd", "dense_logits_bytes": 1191178240, "dense_rows": 7840, "distillation_only": false, "elapsed_s": 0.03215991402976215, "element_size": 2, "entropy_from_logits_chunk_size": 2048, "entropy_from_logits_with_chunking": false, "event_id": 46, "logits_dtype": "torch.bfloat16", "logits_saved_bytes": 541955712, "peak_allocated_bytes": 30080869376, "peak_increment_bytes": 3898598912, "pipeline_parallel_size": 2, "projected_rows": 4273, "rank": 7, "response_only_enabled": true, "role": "actor", "selected_rows": 4273, "tensor_parallel_size": 2, "vocab_shard": 75968}
[36m(WorkerDict pid=224933)[0m WARNING:2026-09-11 13:43:10,660:VERL_RESPONSE_ONLY_LM_HEAD_PROFILE {"active_ratio": 0.5450255102040816, "actual_logits_bytes": 649222528, "allocated_before_bytes": 26182270464, "backend": "unfused", "calculate_entropy": true, "calculate_sum_pi_squared": false, "context_parallel_size": 2, "data_format": "thd", "dense_logits_bytes": 1191178240, "dense_rows": 7840, "distillation_only": false, "elapsed_s": 0.0321544740581885, "element_size": 2, "entropy_from_logits_chunk_size": 2048, "entropy_from_logits_with_chunking": false, "event_id": 46, "logits_dtype": "torch.bfloat16", "logits_saved_bytes": 541955712, "peak_allocated_bytes": 30080869376, "peak_increment_bytes": 3898598912, "pipeline_parallel_size": 2, "projected_rows": 4273, "rank": 6, "response_only_enabled": true, "role": "actor", "selected_rows": 4273, "tensor_parallel_size": 2, "vocab_shard": 75968}
[36m(WorkerDict pid=224932)[0m WARNING:2026-09-11 13:43:11,614:VERL_RESPONSE_ONLY_LM_HEAD_PROFILE {"active_ratio": 0.4998724489795918, "actual_logits_bytes": 595437184, "allocated_before_bytes": 26214510592, "backend": "unfused", "calculate_entropy": true, "calculate_sum_pi_squared": false, "context_parallel_size": 2, "data_format": "thd", "dense_logits_bytes": 1191178240, "dense_rows": 7840, "distillation_only": false, "elapsed_s": 0.02972005307674408, "element_size": 2, "entropy_from_logits_chunk_size": 2048, "entropy_from_logits_with_chunking": false, "event_id": 47, "logits_dtype": "torch.bfloat16", "logits_saved_bytes": 595741056, "peak_allocated_bytes": 29787480064, "peak_increment_bytes": 3572969472, "pipeline_parallel_size": 2, "projected_rows": 3919, "rank": 5, "response_only_enabled": true, "role": "actor", "selected_rows": 3919, "tensor_parallel_size": 2, "vocab_shard": 75968}
[36m(WorkerDict pid=224934)[0m WARNING:2026-09-11 13:43:11,616:VERL_RESPONSE_ONLY_LM_HEAD_PROFILE {"active_ratio": 0.5450255102040816, "actual_logits_bytes": 649222528, "allocated_before_bytes": 26214510592, "backend": "unfused", "calculate_entropy": true, "calculate_sum_pi_squared": false, "context_parallel_size": 2, "data_format": "thd", "dense_logits_bytes": 1191178240, "dense_rows": 7840, "distillation_only": false, "elapsed_s": 0.03216490393970162, "element_size": 2, "entropy_from_logits_chunk_size": 2048, "entropy_from_logits_with_chunking": false, "event_id": 47, "logits_dtype": "torch.bfloat16", "logits_saved_bytes": 541955712, "peak_allocated_bytes": 30113109504, "peak_increment_bytes": 3898598912, "pipeline_parallel_size": 2, "projected_rows": 4273, "rank": 7, "response_only_enabled": true, "role": "actor", "selected_rows": 4273, "tensor_parallel_size": 2, "vocab_shard": 75968}
[36m(WorkerDict pid=224933)[0m WARNING:2026-09-11 13:43:11,616:VERL_RESPONSE_ONLY_LM_HEAD_PROFILE {"active_ratio": 0.5450255102040816, "actual_logits_bytes": 649222528, "allocated_before_bytes": 26214510592, "backend": "unfused", "calculate_entropy": true, "calculate_sum_pi_squared": false, "context_parallel_size": 2, "data_format": "thd", "dense_logits_bytes": 1191178240, "dense_rows": 7840, "distillation_only": false, "elapsed_s": 0.03218932403251529, "element_size": 2, "entropy_from_logits_chunk_size": 2048, "entropy_from_logits_with_chunking": false, "event_id": 47, "logits_dtype": "torch.bfloat16", "logits_saved_bytes": 541955712, "peak_allocated_bytes": 30113109504, "peak_increment_bytes": 3898598912, "pipeline_parallel_size": 2, "projected_rows": 4273, "rank": 6, "response_only_enabled": true, "role": "actor", "selected_rows": 4273, "tensor_parallel_size": 2, "vocab_shard": 75968}
[36m(WorkerDict pid=224934)[0m /home/p00938733/verl-090/verl/plugin/platform/platform_cuda.py:99: FutureWarning: torch.cuda._set_allocator_settings is deprecated. Use torch._C._accelerator_setAllocatorSettings instead.
[36m(WorkerDict pid=224934)[0m   torch.cuda.memory._set_allocator_settings(settings)
[36m(WorkerDict pid=224930)[0m /home/p00938733/verl-090/verl/plugin/platform/platform_cuda.py:99: FutureWarning: torch.cuda._set_allocator_settings is deprecated. Use torch._C._accelerator_setAllocatorSettings instead.
[36m(WorkerDict pid=224930)[0m   torch.cuda.memory._set_allocator_settings(settings)
[36m(WorkerDict pid=224929)[0m /home/p00938733/verl-090/verl/plugin/platform/platform_cuda.py:99: FutureWarning: torch.cuda._set_allocator_settings is deprecated. Use torch._C._accelerator_setAllocatorSettings instead.
[36m(WorkerDict pid=224929)[0m   torch.cuda.memory._set_allocator_settings(settings)
[36m(WorkerDict pid=224933)[0m /home/p00938733/verl-090/verl/plugin/platform/platform_cuda.py:99: FutureWarning: torch.cuda._set_allocator_settings is deprecated. Use torch._C._accelerator_setAllocatorSettings instead.
[36m(WorkerDict pid=224933)[0m   torch.cuda.memory._set_allocator_settings(settings)
[36m(vLLMHttpServer pid=228478)[0m (EngineCore pid=229070) WARNING 09-11 13:43:24 [scheduler.py:1948] reset_connector called but no KV connector is configured.
[36m(vLLMHttpServer pid=228479)[0m (EngineCore pid=229094) WARNING 09-11 13:43:25 [scheduler.py:1948] reset_connector called but no KV connector is configured.
[36m(WorkerDict pid=224927)[0m Converting to HuggingFace ━━━━━━━━━━━━━━━━━━━━━━━━━━━━━━━━━━━━━━━━ 100% 0:00:00 (291/291) Qwen3Bridge
[36m(vLLMHttpServer pid=228478)[0m (EngineCore pid=229070) WARNING 09-11 13:43:26 [scheduler.py:1948] reset_connector called but no KV connector is configured.
[36m(vLLMHttpServer pid=228479)[0m (EngineCore pid=229094) WARNING 09-11 13:43:26 [scheduler.py:1948] reset_connector called but no KV connector is configured.
[36m(vLLMHttpServer pid=228479)[0m (EngineCore pid=229094) WARNING 09-11 13:43:28 [scheduler.py:1948] reset_connector called but no KV connector is configured.
[36m(TaskRunnerV1 pid=223685)[0m Training Progress:  25%|██▌       | 1/4 [02:00<06:02, 120.71s/it]
[36m(TaskRunnerV1 pid=223685)[0m step:1 - global_seqlen/min:255568.0 - global_seqlen/max:255568.0 - global_seqlen/minmax_diff:0.0 - global_seqlen/balanced_min:255568.0 - global_seqlen/balanced_max:255568.0 - global_seqlen/mean:255568.0 - actor/entropy:0.004453862551599741 - training/rollout_probs_diff_valid:1.0 - training/rollout_probs_diff_max:0.12435147166252136 - training/rollout_probs_diff_mean:0.00024026710889302194 - training/rollout_probs_diff_std:0.0026521612890064716 - training/rollout_actor_probs_pearson_corr:0.996808648109436 - rollout_corr/training_ppl:1.003605842590332 - rollout_corr/training_log_ppl:0.0035981026012450457 - rollout_corr/kl:0.00021888641640543938 - rollout_corr/k3_kl:1.4434562217502389e-05 - rollout_corr/rollout_ppl:1.00338613986969 - rollout_corr/rollout_log_ppl:0.00337921641767025 - rollout_corr/log_ppl_diff:0.00021888603805564344 - rollout_corr/log_ppl_abs_diff:0.00021888603805564344 - rollout_corr/log_ppl_diff_max:0.00038048531860113144 - rollout_corr/log_ppl_diff_min:0.00012797745876014233 - rollout_corr/ppl_ratio:1.0002188682556152 - rollout_corr/chi2_token:-0.0003806948661804199 - rollout_corr/chi2_seq:-0.9525042176246643 - actor/pg_clipfrac:0.0 - actor/ppo_kl:0.0 - actor/pg_clipfrac_lower:0.0 - actor/pg_loss:-2.8472859412431717e-06 - actor/entropy_loss:0.004453862769878469 - actor/kl_loss:0.0 - actor/kl_coef:0.001 - actor/loss:-7.294118404388428e-06 - actor/grad_norm:0.12181039713323116 - actor/perf/max_memory_allocated_gb:27.888585567474365 - actor/perf/max_memory_reserved_gb:28.640625 - actor/perf/cpu_memory_used_gb:199.45970249176025 - actor/lr:0.0 - perf/mfu/actor:0.25345060179877243 - training/global_step:1 - training/epoch:0 - critic/score/mean:0.9726468324661255 - critic/score/max:0.993452787399292 - critic/score/min:0.952946126461029 - critic/rewards/mean:0.9726468324661255 - critic/rewards/max:0.993452787399292 - critic/rewards/min:0.952946126461029 - critic/advantages/mean:2.8368085622787476e-06 - critic/advantages/max:1.458733081817627 - critic/advantages/min:-1.3413969278335571 - critic/returns/mean:2.8368085622787476e-06 - critic/returns/max:1.458733081817627 - critic/returns/min:-1.3413969278335571 - response_length/mean:8192.0 - response_length/max:8192.0 - response_length/min:8192.0 - response_length/clip_ratio:1.0 - response_length_non_aborted/mean:8192.0 - response_length_non_aborted/max:8192.0 - response_length_non_aborted/min:8192.0 - response_length_non_aborted/clip_ratio:1.0 - response/aborted_ratio:0.0 - prompt_length/mean:7781.0 - prompt_length/max:8074.0 - prompt_length/min:7488.0 - prompt_length/clip_ratio:0.5 - timing_s/gen:1.3057633340358734 - timing_s/old_log_prob:46.127051269984804 - timing_s/ref:9.510670052026398 - timing_s/adv:0.12262546399142593 - timing_s/update_actor:59.127621772000566 - timing_s/update_weights:4.290960088022985 - timing_s/step:120.62030547100585 - timing_per_token_ms/update_actor:0.23135768864646813 - timing_per_token_ms/ref:0.03721385326811807 - timing_per_token_ms/adv:0.00047981540721618484 - timing_per_token_ms/gen:0.00996218363980006 - perf/total_num_tokens:255568 - perf/time_per_step:120.62030547100585 - perf/throughput:264.8476131382293 - training/num_turns/mean:np.float64(2.0) - training/num_turns/max:np.int64(2) - training/num_turns/min:np.int64(2) - training/off_policy/trajectory_spans/mean:np.float64(1.0) - training/off_policy/trajectory_spans/max:np.int64(1) - training/off_policy/trajectory_spans/min:np.int64(1) - training/off_policy/trajectory_staleness/mean:np.float64(-1.0) - training/off_policy/trajectory_staleness/max:np.int64(-1) - training/off_policy/trajectory_staleness/min:np.int64(-1) - training/off_policy/trajectory_staleness_worst/mean:np.float64(-1.0) - training/off_policy/trajectory_staleness_worst/max:np.int64(-1) - training/off_policy/trajectory_staleness_worst/min:np.int64(-1)
[36m(TransferQueueController pid=224083)[0m 2026-09-11 13:43:28,239 - INFO - transfer_queue.utils.perf_utils - TQ_CONTROLLER_a7f6937f: [Performance] Total success requests: 30, Total req/min: 5.75, Total avg process time: 0.0008s; 
[36m(TransferQueueController pid=224083)[0m Time range: last 5.22 minutes; 
[36m(TransferQueueController pid=224083)[0m Per-operation statistics: KV_RETRIEVE_META: req_count=13, req/min=2.49, avg_time=0.001564s, max_time=0.002180s, min_time=0.000398s; NOTIFY_DATA_UPDATE: req_count=6, req/min=1.15, avg_time=0.000460s, max_time=0.000670s, min_time=0.000282s; SET_CUSTOM_META: req_count=7, req/min=1.34, avg_time=0.000037s, max_time=0.000044s, min_time=0.000027s; KV_LIST: req_count=1, req/min=0.19, avg_time=0.000039s, max_time=0.000039s, min_time=0.000039s; CLEAR_META: req_count=1, req/min=0.19, avg_time=0.000225s, max_time=0.000225s, min_time=0.000225s; KV_RETRIEVE_KEYS: req_count=2, req/min=0.38, avg_time=0.000069s, max_time=0.000078s, min_time=0.000060s
[36m(SimpleStorageUnit pid=224154)[0m 2026-09-11 13:43:28,266 - INFO - transfer_queue.utils.perf_utils - TQ_STORAGE_UNIT_cdd564a4: [Performance] Total success requests: 35, Total req/min: 6.80, Total avg process time: 0.0124s; 
[36m(SimpleStorageUnit pid=224154)[0m Time range: last 5.15 minutes; 
[36m(SimpleStorageUnit pid=224154)[0m Per-operation statistics: PUT_DATA: req_count=6, req/min=1.17, avg_time=0.012333s, max_time=0.013375s, min_time=0.011008s; CLEAR_DATA: req_count=1, req/min=0.19, avg_time=0.009264s, max_time=0.009264s, min_time=0.009264s; GET_DATA: req_count=28, req/min=5.44, avg_time=0.012573s, max_time=0.018161s, min_time=0.006484s
[36m(SimpleStorageUnit pid=224157)[0m 2026-09-11 13:43:28,269 - INFO - transfer_queue.utils.perf_utils - TQ_STORAGE_UNIT_176d5075: [Performance] Total success requests: 35, Total req/min: 6.80, Total avg process time: 0.0122s; 
[36m(SimpleStorageUnit pid=224157)[0m Time range: last 5.15 minutes; 
[36m(SimpleStorageUnit pid=224157)[0m Per-operation statistics: PUT_DATA: req_count=6, req/min=1.16, avg_time=0.012764s, max_time=0.014484s, min_time=0.011390s; CLEAR_DATA: req_count=1, req/min=0.19, avg_time=0.006287s, max_time=0.006287s, min_time=0.006287s; GET_DATA: req_count=28, req/min=5.44, avg_time=0.012279s, max_time=0.016322s, min_time=0.005908s
[36m(SimpleStorageUnit pid=224160)[0m 2026-09-11 13:43:28,273 - INFO - transfer_queue.utils.perf_utils - TQ_STORAGE_UNIT_1e8bf1fb: [Performance] Total success requests: 34, Total req/min: 6.60, Total avg process time: 0.0123s; 
[36m(SimpleStorageUnit pid=224160)[0m Time range: last 5.15 minutes; 
[36m(SimpleStorageUnit pid=224160)[0m Per-operation statistics: PUT_DATA: req_count=6, req/min=1.16, avg_time=0.013543s, max_time=0.013979s, min_time=0.012839s; GET_DATA: req_count=28, req/min=5.44, avg_time=0.012070s, max_time=0.015488s, min_time=0.007692s
[36m(SimpleStorageUnit pid=224155)[0m 2026-09-11 13:43:28,269 - INFO - transfer_queue.utils.perf_utils - TQ_STORAGE_UNIT_812e5bfb: [Performance] Total success requests: 35, Total req/min: 6.79, Total avg process time: 0.0121s; 
[36m(SimpleStorageUnit pid=224155)[0m Time range: last 5.15 minutes; 
[36m(SimpleStorageUnit pid=224155)[0m Per-operation statistics: PUT_DATA: req_count=6, req/min=1.16, avg_time=0.013094s, max_time=0.014211s, min_time=0.010762s; CLEAR_DATA: req_count=1, req/min=0.19, avg_time=0.010199s, max_time=0.010199s, min_time=0.010199s; GET_DATA: req_count=28, req/min=5.44, avg_time=0.011999s, max_time=0.016185s, min_time=0.005925s
[36m(SimpleStorageUnit pid=224159)[0m 2026-09-11 13:43:28,273 - INFO - transfer_queue.utils.perf_utils - TQ_STORAGE_UNIT_6a3f72d9: [Performance] Total success requests: 34, Total req/min: 6.60, Total avg process time: 0.0118s; 
[36m(SimpleStorageUnit pid=224159)[0m Time range: last 5.15 minutes; 
[36m(SimpleStorageUnit pid=224159)[0m Per-operation statistics: PUT_DATA: req_count=6, req/min=1.16, avg_time=0.012377s, max_time=0.014279s, min_time=0.009475s; GET_DATA: req_count=28, req/min=5.43, avg_time=0.011664s, max_time=0.017655s, min_time=0.006468s
[36m(SimpleStorageUnit pid=224158)[0m 2026-09-11 13:43:28,271 - INFO - transfer_queue.utils.perf_utils - TQ_STORAGE_UNIT_05555032: [Performance] Total success requests: 34, Total req/min: 6.60, Total avg process time: 0.0122s; 
[36m(SimpleStorageUnit pid=224158)[0m Time range: last 5.15 minutes; 
[36m(SimpleStorageUnit pid=224158)[0m Per-operation statistics: PUT_DATA: req_count=6, req/min=1.16, avg_time=0.014457s, max_time=0.014850s, min_time=0.013638s; GET_DATA: req_count=28, req/min=5.44, avg_time=0.011683s, max_time=0.015754s, min_time=0.008524s
[36m(SimpleStorageUnit pid=224156)[0m 2026-09-11 13:43:28,271 - INFO - transfer_queue.utils.perf_utils - TQ_STORAGE_UNIT_850c9fd9: [Performance] Total success requests: 35, Total req/min: 6.80, Total avg process time: 0.0124s; 
[36m(SimpleStorageUnit pid=224156)[0m Time range: last 5.15 minutes; 
[36m(SimpleStorageUnit pid=224156)[0m Per-operation statistics: PUT_DATA: req_count=6, req/min=1.16, avg_time=0.013860s, max_time=0.017327s, min_time=0.010893s; CLEAR_DATA: req_count=1, req/min=0.19, avg_time=0.010283s, max_time=0.010283s, min_time=0.010283s; GET_DATA: req_count=28, req/min=5.44, avg_time=0.012223s, max_time=0.017243s, min_time=0.009000s
[36m(SimpleStorageUnit pid=224161)[0m 2026-09-11 13:43:28,274 - INFO - transfer_queue.utils.perf_utils - TQ_STORAGE_UNIT_f2a7acb5: [Performance] Total success requests: 34, Total req/min: 6.60, Total avg process time: 0.0123s; 
[36m(SimpleStorageUnit pid=224161)[0m Time range: last 5.15 minutes; 
[36m(SimpleStorageUnit pid=224161)[0m Per-operation statistics: PUT_DATA: req_count=6, req/min=1.16, avg_time=0.012695s, max_time=0.013381s, min_time=0.011644s; GET_DATA: req_count=28, req/min=5.44, avg_time=0.012239s, max_time=0.019102s, min_time=0.006496s
[36m(vLLMHttpServer pid=228478)[0m (EngineCore pid=229070) WARNING 09-11 13:43:28 [scheduler.py:1948] reset_connector called but no KV connector is configured.
[36m(TaskRunnerV1 pid=223685)[0m [RolloutTqSkip()] [33mInjected 16 cached trajectories from step 2 (4 prompts x 4) into TQ partition 'train' at current step 2[0m
[36m(WorkerDict pid=224932)[0m WARNING:2026-09-11 13:43:32,310:VERL_RESPONSE_ONLY_LM_HEAD_PROFILE {"active_ratio": 0.4992350841407445, "actual_logits_bytes": 594981376, "allocated_before_bytes": 4254686208, "backend": "unfused", "calculate_entropy": true, "calculate_sum_pi_squared": false, "context_parallel_size": 2, "data_format": "thd", "dense_logits_bytes": 1191785984, "dense_rows": 7844, "distillation_only": false, "elapsed_s": 0.4948379209963605, "element_size": 2, "entropy_from_logits_chunk_size": 2048, "entropy_from_logits_with_chunking": false, "event_id": 48, "logits_dtype": "torch.bfloat16", "logits_saved_bytes": 596804608, "peak_allocated_bytes": 7792667136, "peak_increment_bytes": 3537980928, "pipeline_parallel_size": 2, "projected_rows": 3916, "rank": 5, "response_only_enabled": true, "role": "actor", "selected_rows": 3916, "tensor_parallel_size": 2, "vocab_shard": 75968}
[36m(WorkerDict pid=224934)[0m WARNING:2026-09-11 13:43:32,312:VERL_RESPONSE_ONLY_LM_HEAD_PROFILE {"active_ratio": 0.5451300356960734, "actual_logits_bytes": 649678336, "allocated_before_bytes": 4254686208, "backend": "unfused", "calculate_entropy": true, "calculate_sum_pi_squared": false, "context_parallel_size": 2, "data_format": "thd", "dense_logits_bytes": 1191785984, "dense_rows": 7844, "distillation_only": false, "elapsed_s": 0.49715178192127496, "element_size": 2, "entropy_from_logits_chunk_size": 2048, "entropy_from_logits_with_chunking": false, "event_id": 48, "logits_dtype": "torch.bfloat16", "logits_saved_bytes": 542107648, "peak_allocated_bytes": 8120860672, "peak_increment_bytes": 3866174464, "pipeline_parallel_size": 2, "projected_rows": 4276, "rank": 7, "response_only_enabled": true, "role": "actor", "selected_rows": 4276, "tensor_parallel_size": 2, "vocab_shard": 75968}
[36m(WorkerDict pid=224933)[0m WARNING:2026-09-11 13:43:32,312:VERL_RESPONSE_ONLY_LM_HEAD_PROFILE {"active_ratio": 0.5451300356960734, "actual_logits_bytes": 649678336, "allocated_before_bytes": 4254686208, "backend": "unfused", "calculate_entropy": true, "calculate_sum_pi_squared": false, "context_parallel_size": 2, "data_format": "thd", "dense_logits_bytes": 1191785984, "dense_rows": 7844, "distillation_only": false, "elapsed_s": 0.4971808820264414, "element_size": 2, "entropy_from_logits_chunk_size": 2048, "entropy_from_logits_with_chunking": false, "event_id": 48, "logits_dtype": "torch.bfloat16", "logits_saved_bytes": 542107648, "peak_allocated_bytes": 8120860672, "peak_increment_bytes": 3866174464, "pipeline_parallel_size": 2, "projected_rows": 4276, "rank": 6, "response_only_enabled": true, "role": "actor", "selected_rows": 4276, "tensor_parallel_size": 2, "vocab_shard": 75968}
[36m(WorkerDict pid=224932)[0m WARNING:2026-09-11 13:43:32,658:VERL_RESPONSE_ONLY_LM_HEAD_PROFILE {"active_ratio": 0.4992350841407445, "actual_logits_bytes": 594981376, "allocated_before_bytes": 4254813696, "backend": "unfused", "calculate_entropy": true, "calculate_sum_pi_squared": false, "context_parallel_size": 2, "data_format": "thd", "dense_logits_bytes": 1191785984, "dense_rows": 7844, "distillation_only": false, "elapsed_s": 0.029571204097010195, "element_size": 2, "entropy_from_logits_chunk_size": 2048, "entropy_from_logits_with_chunking": false, "event_id": 49, "logits_dtype": "torch.bfloat16", "logits_saved_bytes": 596804608, "peak_allocated_bytes": 7792794624, "peak_increment_bytes": 3537980928, "pipeline_parallel_size": 2, "projected_rows": 3916, "rank": 5, "response_only_enabled": true, "role": "actor", "selected_rows": 3916, "tensor_parallel_size": 2, "vocab_shard": 75968}
[36m(WorkerDict pid=224934)[0m WARNING:2026-09-11 13:43:32,660:VERL_RESPONSE_ONLY_LM_HEAD_PROFILE {"active_ratio": 0.5451300356960734, "actual_logits_bytes": 649678336, "allocated_before_bytes": 4254813696, "backend": "unfused", "calculate_entropy": true, "calculate_sum_pi_squared": false, "context_parallel_size": 2, "data_format": "thd", "dense_logits_bytes": 1191785984, "dense_rows": 7844, "distillation_only": false, "elapsed_s": 0.031944914953783154, "element_size": 2, "entropy_from_logits_chunk_size": 2048, "entropy_from_logits_with_chunking": false, "event_id": 49, "logits_dtype": "torch.bfloat16", "logits_saved_bytes": 542107648, "peak_allocated_bytes": 8120988160, "peak_increment_bytes": 3866174464, "pipeline_parallel_size": 2, "projected_rows": 4276, "rank": 7, "response_only_enabled": true, "role": "actor", "selected_rows": 4276, "tensor_parallel_size": 2, "vocab_shard": 75968}
[36m(WorkerDict pid=224933)[0m WARNING:2026-09-11 13:43:32,660:VERL_RESPONSE_ONLY_LM_HEAD_PROFILE {"active_ratio": 0.5451300356960734, "actual_logits_bytes": 649678336, "allocated_before_bytes": 4254813696, "backend": "unfused", "calculate_entropy": true, "calculate_sum_pi_squared": false, "context_parallel_size": 2, "data_format": "thd", "dense_logits_bytes": 1191785984, "dense_rows": 7844, "distillation_only": false, "elapsed_s": 0.031911234953440726, "element_size": 2, "entropy_from_logits_chunk_size": 2048, "entropy_from_logits_with_chunking": false, "event_id": 49, "logits_dtype": "torch.bfloat16", "logits_saved_bytes": 542107648, "peak_allocated_bytes": 8120988160, "peak_increment_bytes": 3866174464, "pipeline_parallel_size": 2, "projected_rows": 4276, "rank": 6, "response_only_enabled": true, "role": "actor", "selected_rows": 4276, "tensor_parallel_size": 2, "vocab_shard": 75968}
[36m(WorkerDict pid=224932)[0m WARNING:2026-09-11 13:43:32,920:VERL_RESPONSE_ONLY_LM_HEAD_PROFILE {"active_ratio": 0.4992350841407445, "actual_logits_bytes": 594981376, "allocated_before_bytes": 4254940672, "backend": "unfused", "calculate_entropy": true, "calculate_sum_pi_squared": false, "context_parallel_size": 2, "data_format": "thd", "dense_logits_bytes": 1191785984, "dense_rows": 7844, "distillation_only": false, "elapsed_s": 0.029838102986104786, "element_size": 2, "entropy_from_logits_chunk_size": 2048, "entropy_from_logits_with_chunking": false, "event_id": 50, "logits_dtype": "torch.bfloat16", "logits_saved_bytes": 596804608, "peak_allocated_bytes": 7792921600, "peak_increment_bytes": 3537980928, "pipeline_parallel_size": 2, "projected_rows": 3916, "rank": 5, "response_only_enabled": true, "role": "actor", "selected_rows": 3916, "tensor_parallel_size": 2, "vocab_shard": 75968}
[36m(WorkerDict pid=224934)[0m WARNING:2026-09-11 13:43:32,922:VERL_RESPONSE_ONLY_LM_HEAD_PROFILE {"active_ratio": 0.5451300356960734, "actual_logits_bytes": 649678336, "allocated_before_bytes": 4254940672, "backend": "unfused", "calculate_entropy": true, "calculate_sum_pi_squared": false, "context_parallel_size": 2, "data_format": "thd", "dense_logits_bytes": 1191785984, "dense_rows": 7844, "distillation_only": false, "elapsed_s": 0.03217121493071318, "element_size": 2, "entropy_from_logits_chunk_size": 2048, "entropy_from_logits_with_chunking": false, "event_id": 50, "logits_dtype": "torch.bfloat16", "logits_saved_bytes": 542107648, "peak_allocated_bytes": 8121115136, "peak_increment_bytes": 3866174464, "pipeline_parallel_size": 2, "projected_rows": 4276, "rank": 7, "response_only_enabled": true, "role": "actor", "selected_rows": 4276, "tensor_parallel_size": 2, "vocab_shard": 75968}
[36m(WorkerDict pid=224933)[0m WARNING:2026-09-11 13:43:32,922:VERL_RESPONSE_ONLY_LM_HEAD_PROFILE {"active_ratio": 0.5451300356960734, "actual_logits_bytes": 649678336, "allocated_before_bytes": 4254940672, "backend": "unfused", "calculate_entropy": true, "calculate_sum_pi_squared": false, "context_parallel_size": 2, "data_format": "thd", "dense_logits_bytes": 1191785984, "dense_rows": 7844, "distillation_only": false, "elapsed_s": 0.032172695035114884, "element_size": 2, "entropy_from_logits_chunk_size": 2048, "entropy_from_logits_with_chunking": false, "event_id": 50, "logits_dtype": "torch.bfloat16", "logits_saved_bytes": 542107648, "peak_allocated_bytes": 8121115136, "peak_increment_bytes": 3866174464, "pipeline_parallel_size": 2, "projected_rows": 4276, "rank": 6, "response_only_enabled": true, "role": "actor", "selected_rows": 4276, "tensor_parallel_size": 2, "vocab_shard": 75968}
[36m(WorkerDict pid=224932)[0m WARNING:2026-09-11 13:43:33,182:VERL_RESPONSE_ONLY_LM_HEAD_PROFILE {"active_ratio": 0.4992350841407445, "actual_logits_bytes": 594981376, "allocated_before_bytes": 4255067648, "backend": "unfused", "calculate_entropy": true, "calculate_sum_pi_squared": false, "context_parallel_size": 2, "data_format": "thd", "dense_logits_bytes": 1191785984, "dense_rows": 7844, "distillation_only": false, "elapsed_s": 0.02958580304402858, "element_size": 2, "entropy_from_logits_chunk_size": 2048, "entropy_from_logits_with_chunking": false, "event_id": 51, "logits_dtype": "torch.bfloat16", "logits_saved_bytes": 596804608, "peak_allocated_bytes": 7793048576, "peak_increment_bytes": 3537980928, "pipeline_parallel_size": 2, "projected_rows": 3916, "rank": 5, "response_only_enabled": true, "role": "actor", "selected_rows": 3916, "tensor_parallel_size": 2, "vocab_shard": 75968}
[36m(WorkerDict pid=224934)[0m WARNING:2026-09-11 13:43:33,184:VERL_RESPONSE_ONLY_LM_HEAD_PROFILE {"active_ratio": 0.5451300356960734, "actual_logits_bytes": 649678336, "allocated_before_bytes": 4255067648, "backend": "unfused", "calculate_entropy": true, "calculate_sum_pi_squared": false, "context_parallel_size": 2, "data_format": "thd", "dense_logits_bytes": 1191785984, "dense_rows": 7844, "distillation_only": false, "elapsed_s": 0.032104343990795314, "element_size": 2, "entropy_from_logits_chunk_size": 2048, "entropy_from_logits_with_chunking": false, "event_id": 51, "logits_dtype": "torch.bfloat16", "logits_saved_bytes": 542107648, "peak_allocated_bytes": 8121242112, "peak_increment_bytes": 3866174464, "pipeline_parallel_size": 2, "projected_rows": 4276, "rank": 7, "response_only_enabled": true, "role": "actor", "selected_rows": 4276, "tensor_parallel_size": 2, "vocab_shard": 75968}
[36m(WorkerDict pid=224933)[0m WARNING:2026-09-11 13:43:33,184:VERL_RESPONSE_ONLY_LM_HEAD_PROFILE {"active_ratio": 0.5451300356960734, "actual_logits_bytes": 649678336, "allocated_before_bytes": 4255067648, "backend": "unfused", "calculate_entropy": true, "calculate_sum_pi_squared": false, "context_parallel_size": 2, "data_format": "thd", "dense_logits_bytes": 1191785984, "dense_rows": 7844, "distillation_only": false, "elapsed_s": 0.032050134032033384, "element_size": 2, "entropy_from_logits_chunk_size": 2048, "entropy_from_logits_with_chunking": false, "event_id": 51, "logits_dtype": "torch.bfloat16", "logits_saved_bytes": 542107648, "peak_allocated_bytes": 8121242112, "peak_increment_bytes": 3866174464, "pipeline_parallel_size": 2, "projected_rows": 4276, "rank": 6, "response_only_enabled": true, "role": "actor", "selected_rows": 4276, "tensor_parallel_size": 2, "vocab_shard": 75968}
[36m(WorkerDict pid=224932)[0m WARNING:2026-09-11 13:43:33,458:VERL_RESPONSE_ONLY_LM_HEAD_PROFILE {"active_ratio": 0.49938514510575505, "actual_logits_bytes": 617012096, "allocated_before_bytes": 4265902592, "backend": "unfused", "calculate_entropy": true, "calculate_sum_pi_squared": false, "context_parallel_size": 2, "data_format": "thd", "dense_logits_bytes": 1235543552, "dense_rows": 8132, "distillation_only": false, "elapsed_s": 0.032493754057213664, "element_size": 2, "entropy_from_logits_chunk_size": 2048, "entropy_from_logits_with_chunking": false, "event_id": 52, "logits_dtype": "torch.bfloat16", "logits_saved_bytes": 618531456, "peak_allocated_bytes": 7934896640, "peak_increment_bytes": 3668994048, "pipeline_parallel_size": 2, "projected_rows": 4061, "rank": 5, "response_only_enabled": true, "role": "actor", "selected_rows": 4061, "tensor_parallel_size": 2, "vocab_shard": 75968}
[36m(WorkerDict pid=224934)[0m WARNING:2026-09-11 13:43:33,456:VERL_RESPONSE_ONLY_LM_HEAD_PROFILE {"active_ratio": 0.5079931136251845, "actual_logits_bytes": 627647616, "allocated_before_bytes": 4265902592, "backend": "unfused", "calculate_entropy": true, "calculate_sum_pi_squared": false, "context_parallel_size": 2, "data_format": "thd", "dense_logits_bytes": 1235543552, "dense_rows": 8132, "distillation_only": false, "elapsed_s": 0.0315166050568223, "element_size": 2, "entropy_from_logits_chunk_size": 2048, "entropy_from_logits_with_chunking": false, "event_id": 52, "logits_dtype": "torch.bfloat16", "logits_saved_bytes": 607895936, "peak_allocated_bytes": 7998713344, "peak_increment_bytes": 3732810752, "pipeline_parallel_size": 2, "projected_rows": 4131, "rank": 7, "response_only_enabled": true, "role": "actor", "selected_rows": 4131, "tensor_parallel_size": 2, "vocab_shard": 75968}
[36m(WorkerDict pid=224933)[0m WARNING:2026-09-11 13:43:33,456:VERL_RESPONSE_ONLY_LM_HEAD_PROFILE {"active_ratio": 0.5079931136251845, "actual_logits_bytes": 627647616, "allocated_before_bytes": 4265902592, "backend": "unfused", "calculate_entropy": true, "calculate_sum_pi_squared": false, "context_parallel_size": 2, "data_format": "thd", "dense_logits_bytes": 1235543552, "dense_rows": 8132, "distillation_only": false, "elapsed_s": 0.03160417499020696, "element_size": 2, "entropy_from_logits_chunk_size": 2048, "entropy_from_logits_with_chunking": false, "event_id": 52, "logits_dtype": "torch.bfloat16", "logits_saved_bytes": 607895936, "peak_allocated_bytes": 7998713344, "peak_increment_bytes": 3732810752, "pipeline_parallel_size": 2, "projected_rows": 4131, "rank": 6, "response_only_enabled": true, "role": "actor", "selected_rows": 4131, "tensor_parallel_size": 2, "vocab_shard": 75968}
[36m(WorkerDict pid=224932)[0m WARNING:2026-09-11 13:43:33,728:VERL_RESPONSE_ONLY_LM_HEAD_PROFILE {"active_ratio": 0.49938514510575505, "actual_logits_bytes": 617012096, "allocated_before_bytes": 4266034688, "backend": "unfused", "calculate_entropy": true, "calculate_sum_pi_squared": false, "context_parallel_size": 2, "data_format": "thd", "dense_logits_bytes": 1235543552, "dense_rows": 8132, "distillation_only": false, "elapsed_s": 0.03049724397715181, "element_size": 2, "entropy_from_logits_chunk_size": 2048, "entropy_from_logits_with_chunking": false, "event_id": 53, "logits_dtype": "torch.bfloat16", "logits_saved_bytes": 618531456, "peak_allocated_bytes": 7935028736, "peak_increment_bytes": 3668994048, "pipeline_parallel_size": 2, "projected_rows": 4061, "rank": 5, "response_only_enabled": true, "role": "actor", "selected_rows": 4061, "tensor_parallel_size": 2, "vocab_shard": 75968}
[36m(WorkerDict pid=224934)[0m WARNING:2026-09-11 13:43:33,729:VERL_RESPONSE_ONLY_LM_HEAD_PROFILE {"active_ratio": 0.5079931136251845, "actual_logits_bytes": 627647616, "allocated_before_bytes": 4266034688, "backend": "unfused", "calculate_entropy": true, "calculate_sum_pi_squared": false, "context_parallel_size": 2, "data_format": "thd", "dense_logits_bytes": 1235543552, "dense_rows": 8132, "distillation_only": false, "elapsed_s": 0.03159155510365963, "element_size": 2, "entropy_from_logits_chunk_size": 2048, "entropy_from_logits_with_chunking": false, "event_id": 53, "logits_dtype": "torch.bfloat16", "logits_saved_bytes": 607895936, "peak_allocated_bytes": 7998845440, "peak_increment_bytes": 3732810752, "pipeline_parallel_size": 2, "projected_rows": 4131, "rank": 7, "response_only_enabled": true, "role": "actor", "selected_rows": 4131, "tensor_parallel_size": 2, "vocab_shard": 75968}
[36m(WorkerDict pid=224933)[0m WARNING:2026-09-11 13:43:33,729:VERL_RESPONSE_ONLY_LM_HEAD_PROFILE {"active_ratio": 0.5079931136251845, "actual_logits_bytes": 627647616, "allocated_before_bytes": 4266034688, "backend": "unfused", "calculate_entropy": true, "calculate_sum_pi_squared": false, "context_parallel_size": 2, "data_format": "thd", "dense_logits_bytes": 1235543552, "dense_rows": 8132, "distillation_only": false, "elapsed_s": 0.03159865504130721, "element_size": 2, "entropy_from_logits_chunk_size": 2048, "entropy_from_logits_with_chunking": false, "event_id": 53, "logits_dtype": "torch.bfloat16", "logits_saved_bytes": 607895936, "peak_allocated_bytes": 7998845440, "peak_increment_bytes": 3732810752, "pipeline_parallel_size": 2, "projected_rows": 4131, "rank": 6, "response_only_enabled": true, "role": "actor", "selected_rows": 4131, "tensor_parallel_size": 2, "vocab_shard": 75968}
[36m(WorkerDict pid=224932)[0m WARNING:2026-09-11 13:43:33,998:VERL_RESPONSE_ONLY_LM_HEAD_PROFILE {"active_ratio": 0.49938514510575505, "actual_logits_bytes": 617012096, "allocated_before_bytes": 4266166784, "backend": "unfused", "calculate_entropy": true, "calculate_sum_pi_squared": false, "context_parallel_size": 2, "data_format": "thd", "dense_logits_bytes": 1235543552, "dense_rows": 8132, "distillation_only": false, "elapsed_s": 0.030630214023403823, "element_size": 2, "entropy_from_logits_chunk_size": 2048, "entropy_from_logits_with_chunking": false, "event_id": 54, "logits_dtype": "torch.bfloat16", "logits_saved_bytes": 618531456, "peak_allocated_bytes": 7935160832, "peak_increment_bytes": 3668994048, "pipeline_parallel_size": 2, "projected_rows": 4061, "rank": 5, "response_only_enabled": true, "role": "actor", "selected_rows": 4061, "tensor_parallel_size": 2, "vocab_shard": 75968}
[36m(WorkerDict pid=224934)[0m WARNING:2026-09-11 13:43:33,999:VERL_RESPONSE_ONLY_LM_HEAD_PROFILE {"active_ratio": 0.5079931136251845, "actual_logits_bytes": 627647616, "allocated_before_bytes": 4266166784, "backend": "unfused", "calculate_entropy": true, "calculate_sum_pi_squared": false, "context_parallel_size": 2, "data_format": "thd", "dense_logits_bytes": 1235543552, "dense_rows": 8132, "distillation_only": false, "elapsed_s": 0.031547953956760466, "element_size": 2, "entropy_from_logits_chunk_size": 2048, "entropy_from_logits_with_chunking": false, "event_id": 54, "logits_dtype": "torch.bfloat16", "logits_saved_bytes": 607895936, "peak_allocated_bytes": 7998977536, "peak_increment_bytes": 3732810752, "pipeline_parallel_size": 2, "projected_rows": 4131, "rank": 7, "response_only_enabled": true, "role": "actor", "selected_rows": 4131, "tensor_parallel_size": 2, "vocab_shard": 75968}
[36m(WorkerDict pid=224933)[0m WARNING:2026-09-11 13:43:33,999:VERL_RESPONSE_ONLY_LM_HEAD_PROFILE {"active_ratio": 0.5079931136251845, "actual_logits_bytes": 627647616, "allocated_before_bytes": 4266166784, "backend": "unfused", "calculate_entropy": true, "calculate_sum_pi_squared": false, "context_parallel_size": 2, "data_format": "thd", "dense_logits_bytes": 1235543552, "dense_rows": 8132, "distillation_only": false, "elapsed_s": 0.03188278409652412, "element_size": 2, "entropy_from_logits_chunk_size": 2048, "entropy_from_logits_with_chunking": false, "event_id": 54, "logits_dtype": "torch.bfloat16", "logits_saved_bytes": 607895936, "peak_allocated_bytes": 7998977536, "peak_increment_bytes": 3732810752, "pipeline_parallel_size": 2, "projected_rows": 4131, "rank": 6, "response_only_enabled": true, "role": "actor", "selected_rows": 4131, "tensor_parallel_size": 2, "vocab_shard": 75968}
[36m(WorkerDict pid=224932)[0m WARNING:2026-09-11 13:43:34,268:VERL_RESPONSE_ONLY_LM_HEAD_PROFILE {"active_ratio": 0.49938514510575505, "actual_logits_bytes": 617012096, "allocated_before_bytes": 4266298880, "backend": "unfused", "calculate_entropy": true, "calculate_sum_pi_squared": false, "context_parallel_size": 2, "data_format": "thd", "dense_logits_bytes": 1235543552, "dense_rows": 8132, "distillation_only": false, "elapsed_s": 0.030611052992753685, "element_size": 2, "entropy_from_logits_chunk_size": 2048, "entropy_from_logits_with_chunking": false, "event_id": 55, "logits_dtype": "torch.bfloat16", "logits_saved_bytes": 618531456, "peak_allocated_bytes": 7935292928, "peak_increment_bytes": 3668994048, "pipeline_parallel_size": 2, "projected_rows": 4061, "rank": 5, "response_only_enabled": true, "role": "actor", "selected_rows": 4061, "tensor_parallel_size": 2, "vocab_shard": 75968}
[36m(WorkerDict pid=224934)[0m WARNING:2026-09-11 13:43:34,269:VERL_RESPONSE_ONLY_LM_HEAD_PROFILE {"active_ratio": 0.5079931136251845, "actual_logits_bytes": 627647616, "allocated_before_bytes": 4266298880, "backend": "unfused", "calculate_entropy": true, "calculate_sum_pi_squared": false, "context_parallel_size": 2, "data_format": "thd", "dense_logits_bytes": 1235543552, "dense_rows": 8132, "distillation_only": false, "elapsed_s": 0.03176435409113765, "element_size": 2, "entropy_from_logits_chunk_size": 2048, "entropy_from_logits_with_chunking": false, "event_id": 55, "logits_dtype": "torch.bfloat16", "logits_saved_bytes": 607895936, "peak_allocated_bytes": 7999109632, "peak_increment_bytes": 3732810752, "pipeline_parallel_size": 2, "projected_rows": 4131, "rank": 7, "response_only_enabled": true, "role": "actor", "selected_rows": 4131, "tensor_parallel_size": 2, "vocab_shard": 75968}
[36m(WorkerDict pid=224933)[0m WARNING:2026-09-11 13:43:34,269:VERL_RESPONSE_ONLY_LM_HEAD_PROFILE {"active_ratio": 0.5079931136251845, "actual_logits_bytes": 627647616, "allocated_before_bytes": 4266298880, "backend": "unfused", "calculate_entropy": true, "calculate_sum_pi_squared": false, "context_parallel_size": 2, "data_format": "thd", "dense_logits_bytes": 1235543552, "dense_rows": 8132, "distillation_only": false, "elapsed_s": 0.03174286405555904, "element_size": 2, "entropy_from_logits_chunk_size": 2048, "entropy_from_logits_with_chunking": false, "event_id": 55, "logits_dtype": "torch.bfloat16", "logits_saved_bytes": 607895936, "peak_allocated_bytes": 7999109632, "peak_increment_bytes": 3732810752, "pipeline_parallel_size": 2, "projected_rows": 4131, "rank": 6, "response_only_enabled": true, "role": "actor", "selected_rows": 4131, "tensor_parallel_size": 2, "vocab_shard": 75968}
[36m(WorkerDict pid=224932)[0m WARNING:2026-09-11 13:43:34,531:VERL_RESPONSE_ONLY_LM_HEAD_PROFILE {"active_ratio": 0.4992350841407445, "actual_logits_bytes": 594981376, "allocated_before_bytes": 4264050176, "backend": "unfused", "calculate_entropy": true, "calculate_sum_pi_squared": false, "context_parallel_size": 2, "data_format": "thd", "dense_logits_bytes": 1191785984, "dense_rows": 7844, "distillation_only": false, "elapsed_s": 0.02974798297509551, "element_size": 2, "entropy_from_logits_chunk_size": 2048, "entropy_from_logits_with_chunking": false, "event_id": 56, "logits_dtype": "torch.bfloat16", "logits_saved_bytes": 596804608, "peak_allocated_bytes": 7802031104, "peak_increment_bytes": 3537980928, "pipeline_parallel_size": 2, "projected_rows": 3916, "rank": 5, "response_only_enabled": true, "role": "actor", "selected_rows": 3916, "tensor_parallel_size": 2, "vocab_shard": 75968}
[36m(WorkerDict pid=224934)[0m WARNING:2026-09-11 13:43:34,534:VERL_RESPONSE_ONLY_LM_HEAD_PROFILE {"active_ratio": 0.5451300356960734, "actual_logits_bytes": 649678336, "allocated_before_bytes": 4264050176, "backend": "unfused", "calculate_entropy": true, "calculate_sum_pi_squared": false, "context_parallel_size": 2, "data_format": "thd", "dense_logits_bytes": 1191785984, "dense_rows": 7844, "distillation_only": false, "elapsed_s": 0.032188283978030086, "element_size": 2, "entropy_from_logits_chunk_size": 2048, "entropy_from_logits_with_chunking": false, "event_id": 56, "logits_dtype": "torch.bfloat16", "logits_saved_bytes": 542107648, "peak_allocated_bytes": 8130224640, "peak_increment_bytes": 3866174464, "pipeline_parallel_size": 2, "projected_rows": 4276, "rank": 7, "response_only_enabled": true, "role": "actor", "selected_rows": 4276, "tensor_parallel_size": 2, "vocab_shard": 75968}
[36m(WorkerDict pid=224933)[0m WARNING:2026-09-11 13:43:34,534:VERL_RESPONSE_ONLY_LM_HEAD_PROFILE {"active_ratio": 0.5451300356960734, "actual_logits_bytes": 649678336, "allocated_before_bytes": 4264050176, "backend": "unfused", "calculate_entropy": true, "calculate_sum_pi_squared": false, "context_parallel_size": 2, "data_format": "thd", "dense_logits_bytes": 1191785984, "dense_rows": 7844, "distillation_only": false, "elapsed_s": 0.032190314028412104, "element_size": 2, "entropy_from_logits_chunk_size": 2048, "entropy_from_logits_with_chunking": false, "event_id": 56, "logits_dtype": "torch.bfloat16", "logits_saved_bytes": 542107648, "peak_allocated_bytes": 8130224640, "peak_increment_bytes": 3866174464, "pipeline_parallel_size": 2, "projected_rows": 4276, "rank": 6, "response_only_enabled": true, "role": "actor", "selected_rows": 4276, "tensor_parallel_size": 2, "vocab_shard": 75968}
[36m(WorkerDict pid=224932)[0m WARNING:2026-09-11 13:43:34,794:VERL_RESPONSE_ONLY_LM_HEAD_PROFILE {"active_ratio": 0.4992350841407445, "actual_logits_bytes": 594981376, "allocated_before_bytes": 4264177152, "backend": "unfused", "calculate_entropy": true, "calculate_sum_pi_squared": false, "context_parallel_size": 2, "data_format": "thd", "dense_logits_bytes": 1191785984, "dense_rows": 7844, "distillation_only": false, "elapsed_s": 0.029709203052334487, "element_size": 2, "entropy_from_logits_chunk_size": 2048, "entropy_from_logits_with_chunking": false, "event_id": 57, "logits_dtype": "torch.bfloat16", "logits_saved_bytes": 596804608, "peak_allocated_bytes": 7802158080, "peak_increment_bytes": 3537980928, "pipeline_parallel_size": 2, "projected_rows": 3916, "rank": 5, "response_only_enabled": true, "role": "actor", "selected_rows": 3916, "tensor_parallel_size": 2, "vocab_shard": 75968}
[36m(WorkerDict pid=224934)[0m WARNING:2026-09-11 13:43:34,796:VERL_RESPONSE_ONLY_LM_HEAD_PROFILE {"active_ratio": 0.5451300356960734, "actual_logits_bytes": 649678336, "allocated_before_bytes": 4264177152, "backend": "unfused", "calculate_entropy": true, "calculate_sum_pi_squared": false, "context_parallel_size": 2, "data_format": "thd", "dense_logits_bytes": 1191785984, "dense_rows": 7844, "distillation_only": false, "elapsed_s": 0.03216486400924623, "element_size": 2, "entropy_from_logits_chunk_size": 2048, "entropy_from_logits_with_chunking": false, "event_id": 57, "logits_dtype": "torch.bfloat16", "logits_saved_bytes": 542107648, "peak_allocated_bytes": 8130351616, "peak_increment_bytes": 3866174464, "pipeline_parallel_size": 2, "projected_rows": 4276, "rank": 7, "response_only_enabled": true, "role": "actor", "selected_rows": 4276, "tensor_parallel_size": 2, "vocab_shard": 75968}
[36m(WorkerDict pid=224933)[0m WARNING:2026-09-11 13:43:34,796:VERL_RESPONSE_ONLY_LM_HEAD_PROFILE {"active_ratio": 0.5451300356960734, "actual_logits_bytes": 649678336, "allocated_before_bytes": 4264177152, "backend": "unfused", "calculate_entropy": true, "calculate_sum_pi_squared": false, "context_parallel_size": 2, "data_format": "thd", "dense_logits_bytes": 1191785984, "dense_rows": 7844, "distillation_only": false, "elapsed_s": 0.03215465403627604, "element_size": 2, "entropy_from_logits_chunk_size": 2048, "entropy_from_logits_with_chunking": false, "event_id": 57, "logits_dtype": "torch.bfloat16", "logits_saved_bytes": 542107648, "peak_allocated_bytes": 8130351616, "peak_increment_bytes": 3866174464, "pipeline_parallel_size": 2, "projected_rows": 4276, "rank": 6, "response_only_enabled": true, "role": "actor", "selected_rows": 4276, "tensor_parallel_size": 2, "vocab_shard": 75968}
[36m(WorkerDict pid=224932)[0m WARNING:2026-09-11 13:43:35,056:VERL_RESPONSE_ONLY_LM_HEAD_PROFILE {"active_ratio": 0.4992350841407445, "actual_logits_bytes": 594981376, "allocated_before_bytes": 4264304128, "backend": "unfused", "calculate_entropy": true, "calculate_sum_pi_squared": false, "context_parallel_size": 2, "data_format": "thd", "dense_logits_bytes": 1191785984, "dense_rows": 7844, "distillation_only": false, "elapsed_s": 0.02960380306467414, "element_size": 2, "entropy_from_logits_chunk_size": 2048, "entropy_from_logits_with_chunking": false, "event_id": 58, "logits_dtype": "torch.bfloat16", "logits_saved_bytes": 596804608, "peak_allocated_bytes": 7802285056, "peak_increment_bytes": 3537980928, "pipeline_parallel_size": 2, "projected_rows": 3916, "rank": 5, "response_only_enabled": true, "role": "actor", "selected_rows": 3916, "tensor_parallel_size": 2, "vocab_shard": 75968}
[36m(WorkerDict pid=224934)[0m WARNING:2026-09-11 13:43:35,059:VERL_RESPONSE_ONLY_LM_HEAD_PROFILE {"active_ratio": 0.5451300356960734, "actual_logits_bytes": 649678336, "allocated_before_bytes": 4264304128, "backend": "unfused", "calculate_entropy": true, "calculate_sum_pi_squared": false, "context_parallel_size": 2, "data_format": "thd", "dense_logits_bytes": 1191785984, "dense_rows": 7844, "distillation_only": false, "elapsed_s": 0.03218683390878141, "element_size": 2, "entropy_from_logits_chunk_size": 2048, "entropy_from_logits_with_chunking": false, "event_id": 58, "logits_dtype": "torch.bfloat16", "logits_saved_bytes": 542107648, "peak_allocated_bytes": 8130478592, "peak_increment_bytes": 3866174464, "pipeline_parallel_size": 2, "projected_rows": 4276, "rank": 7, "response_only_enabled": true, "role": "actor", "selected_rows": 4276, "tensor_parallel_size": 2, "vocab_shard": 75968}
[36m(WorkerDict pid=224933)[0m WARNING:2026-09-11 13:43:35,059:VERL_RESPONSE_ONLY_LM_HEAD_PROFILE {"active_ratio": 0.5451300356960734, "actual_logits_bytes": 649678336, "allocated_before_bytes": 4264304128, "backend": "unfused", "calculate_entropy": true, "calculate_sum_pi_squared": false, "context_parallel_size": 2, "data_format": "thd", "dense_logits_bytes": 1191785984, "dense_rows": 7844, "distillation_only": false, "elapsed_s": 0.032155724009498954, "element_size": 2, "entropy_from_logits_chunk_size": 2048, "entropy_from_logits_with_chunking": false, "event_id": 58, "logits_dtype": "torch.bfloat16", "logits_saved_bytes": 542107648, "peak_allocated_bytes": 8130478592, "peak_increment_bytes": 3866174464, "pipeline_parallel_size": 2, "projected_rows": 4276, "rank": 6, "response_only_enabled": true, "role": "actor", "selected_rows": 4276, "tensor_parallel_size": 2, "vocab_shard": 75968}
[36m(WorkerDict pid=224932)[0m WARNING:2026-09-11 13:43:35,319:VERL_RESPONSE_ONLY_LM_HEAD_PROFILE {"active_ratio": 0.4992350841407445, "actual_logits_bytes": 594981376, "allocated_before_bytes": 4264431104, "backend": "unfused", "calculate_entropy": true, "calculate_sum_pi_squared": false, "context_parallel_size": 2, "data_format": "thd", "dense_logits_bytes": 1191785984, "dense_rows": 7844, "distillation_only": false, "elapsed_s": 0.029924633097834885, "element_size": 2, "entropy_from_logits_chunk_size": 2048, "entropy_from_logits_with_chunking": false, "event_id": 59, "logits_dtype": "torch.bfloat16", "logits_saved_bytes": 596804608, "peak_allocated_bytes": 7802412032, "peak_increment_bytes": 3537980928, "pipeline_parallel_size": 2, "projected_rows": 3916, "rank": 5, "response_only_enabled": true, "role": "actor", "selected_rows": 3916, "tensor_parallel_size": 2, "vocab_shard": 75968}
[36m(WorkerDict pid=224934)[0m WARNING:2026-09-11 13:43:35,321:VERL_RESPONSE_ONLY_LM_HEAD_PROFILE {"active_ratio": 0.5451300356960734, "actual_logits_bytes": 649678336, "allocated_before_bytes": 4264431104, "backend": "unfused", "calculate_entropy": true, "calculate_sum_pi_squared": false, "context_parallel_size": 2, "data_format": "thd", "dense_logits_bytes": 1191785984, "dense_rows": 7844, "distillation_only": false, "elapsed_s": 0.03213449404574931, "element_size": 2, "entropy_from_logits_chunk_size": 2048, "entropy_from_logits_with_chunking": false, "event_id": 59, "logits_dtype": "torch.bfloat16", "logits_saved_bytes": 542107648, "peak_allocated_bytes": 8130605568, "peak_increment_bytes": 3866174464, "pipeline_parallel_size": 2, "projected_rows": 4276, "rank": 7, "response_only_enabled": true, "role": "actor", "selected_rows": 4276, "tensor_parallel_size": 2, "vocab_shard": 75968}
[36m(WorkerDict pid=224933)[0m WARNING:2026-09-11 13:43:35,321:VERL_RESPONSE_ONLY_LM_HEAD_PROFILE {"active_ratio": 0.5451300356960734, "actual_logits_bytes": 649678336, "allocated_before_bytes": 4264431104, "backend": "unfused", "calculate_entropy": true, "calculate_sum_pi_squared": false, "context_parallel_size": 2, "data_format": "thd", "dense_logits_bytes": 1191785984, "dense_rows": 7844, "distillation_only": false, "elapsed_s": 0.03212281398009509, "element_size": 2, "entropy_from_logits_chunk_size": 2048, "entropy_from_logits_with_chunking": false, "event_id": 59, "logits_dtype": "torch.bfloat16", "logits_saved_bytes": 542107648, "peak_allocated_bytes": 8130605568, "peak_increment_bytes": 3866174464, "pipeline_parallel_size": 2, "projected_rows": 4276, "rank": 6, "response_only_enabled": true, "role": "actor", "selected_rows": 4276, "tensor_parallel_size": 2, "vocab_shard": 75968}
[36m(WorkerDict pid=224932)[0m WARNING:2026-09-11 13:43:35,583:VERL_RESPONSE_ONLY_LM_HEAD_PROFILE {"active_ratio": 0.49910714285714286, "actual_logits_bytes": 594525568, "allocated_before_bytes": 4264523264, "backend": "unfused", "calculate_entropy": true, "calculate_sum_pi_squared": false, "context_parallel_size": 2, "data_format": "thd", "dense_logits_bytes": 1191178240, "dense_rows": 7840, "distillation_only": false, "elapsed_s": 0.02978997293394059, "element_size": 2, "entropy_from_logits_chunk_size": 2048, "entropy_from_logits_with_chunking": false, "event_id": 60, "logits_dtype": "torch.bfloat16", "logits_saved_bytes": 596652672, "peak_allocated_bytes": 7799786496, "peak_increment_bytes": 3535263232, "pipeline_parallel_size": 2, "projected_rows": 3913, "rank": 5, "response_only_enabled": true, "role": "actor", "selected_rows": 3913, "tensor_parallel_size": 2, "vocab_shard": 75968}
[36m(WorkerDict pid=224934)[0m WARNING:2026-09-11 13:43:35,585:VERL_RESPONSE_ONLY_LM_HEAD_PROFILE {"active_ratio": 0.5457908163265306, "actual_logits_bytes": 650134144, "allocated_before_bytes": 4264523264, "backend": "unfused", "calculate_entropy": true, "calculate_sum_pi_squared": false, "context_parallel_size": 2, "data_format": "thd", "dense_logits_bytes": 1191178240, "dense_rows": 7840, "distillation_only": false, "elapsed_s": 0.032373783993534744, "element_size": 2, "entropy_from_logits_chunk_size": 2048, "entropy_from_logits_with_chunking": false, "event_id": 60, "logits_dtype": "torch.bfloat16", "logits_saved_bytes": 541044096, "peak_allocated_bytes": 8133449728, "peak_increment_bytes": 3868926464, "pipeline_parallel_size": 2, "projected_rows": 4279, "rank": 7, "response_only_enabled": true, "role": "actor", "selected_rows": 4279, "tensor_parallel_size": 2, "vocab_shard": 75968}
[36m(WorkerDict pid=224933)[0m WARNING:2026-09-11 13:43:35,585:VERL_RESPONSE_ONLY_LM_HEAD_PROFILE {"active_ratio": 0.5457908163265306, "actual_logits_bytes": 650134144, "allocated_before_bytes": 4264523264, "backend": "unfused", "calculate_entropy": true, "calculate_sum_pi_squared": false, "context_parallel_size": 2, "data_format": "thd", "dense_logits_bytes": 1191178240, "dense_rows": 7840, "distillation_only": false, "elapsed_s": 0.03244173398707062, "element_size": 2, "entropy_from_logits_chunk_size": 2048, "entropy_from_logits_with_chunking": false, "event_id": 60, "logits_dtype": "torch.bfloat16", "logits_saved_bytes": 541044096, "peak_allocated_bytes": 8133449728, "peak_increment_bytes": 3868926464, "pipeline_parallel_size": 2, "projected_rows": 4279, "rank": 6, "response_only_enabled": true, "role": "actor", "selected_rows": 4279, "tensor_parallel_size": 2, "vocab_shard": 75968}
[36m(WorkerDict pid=224932)[0m WARNING:2026-09-11 13:43:35,849:VERL_RESPONSE_ONLY_LM_HEAD_PROFILE {"active_ratio": 0.49910714285714286, "actual_logits_bytes": 594525568, "allocated_before_bytes": 4264650240, "backend": "unfused", "calculate_entropy": true, "calculate_sum_pi_squared": false, "context_parallel_size": 2, "data_format": "thd", "dense_logits_bytes": 1191178240, "dense_rows": 7840, "distillation_only": false, "elapsed_s": 0.02961422293446958, "element_size": 2, "entropy_from_logits_chunk_size": 2048, "entropy_from_logits_with_chunking": false, "event_id": 61, "logits_dtype": "torch.bfloat16", "logits_saved_bytes": 596652672, "peak_allocated_bytes": 7799913472, "peak_increment_bytes": 3535263232, "pipeline_parallel_size": 2, "projected_rows": 3913, "rank": 5, "response_only_enabled": true, "role": "actor", "selected_rows": 3913, "tensor_parallel_size": 2, "vocab_shard": 75968}
[36m(WorkerDict pid=224934)[0m WARNING:2026-09-11 13:43:35,852:VERL_RESPONSE_ONLY_LM_HEAD_PROFILE {"active_ratio": 0.5457908163265306, "actual_logits_bytes": 650134144, "allocated_before_bytes": 4264650240, "backend": "unfused", "calculate_entropy": true, "calculate_sum_pi_squared": false, "context_parallel_size": 2, "data_format": "thd", "dense_logits_bytes": 1191178240, "dense_rows": 7840, "distillation_only": false, "elapsed_s": 0.03231532406061888, "element_size": 2, "entropy_from_logits_chunk_size": 2048, "entropy_from_logits_with_chunking": false, "event_id": 61, "logits_dtype": "torch.bfloat16", "logits_saved_bytes": 541044096, "peak_allocated_bytes": 8133576704, "peak_increment_bytes": 3868926464, "pipeline_parallel_size": 2, "projected_rows": 4279, "rank": 7, "response_only_enabled": true, "role": "actor", "selected_rows": 4279, "tensor_parallel_size": 2, "vocab_shard": 75968}
[36m(WorkerDict pid=224933)[0m WARNING:2026-09-11 13:43:35,851:VERL_RESPONSE_ONLY_LM_HEAD_PROFILE {"active_ratio": 0.5457908163265306, "actual_logits_bytes": 650134144, "allocated_before_bytes": 4264650240, "backend": "unfused", "calculate_entropy": true, "calculate_sum_pi_squared": false, "context_parallel_size": 2, "data_format": "thd", "dense_logits_bytes": 1191178240, "dense_rows": 7840, "distillation_only": false, "elapsed_s": 0.032265093992464244, "element_size": 2, "entropy_from_logits_chunk_size": 2048, "entropy_from_logits_with_chunking": false, "event_id": 61, "logits_dtype": "torch.bfloat16", "logits_saved_bytes": 541044096, "peak_allocated_bytes": 8133576704, "peak_increment_bytes": 3868926464, "pipeline_parallel_size": 2, "projected_rows": 4279, "rank": 6, "response_only_enabled": true, "role": "actor", "selected_rows": 4279, "tensor_parallel_size": 2, "vocab_shard": 75968}
[36m(WorkerDict pid=224932)[0m WARNING:2026-09-11 13:43:36,110:VERL_RESPONSE_ONLY_LM_HEAD_PROFILE {"active_ratio": 0.49910714285714286, "actual_logits_bytes": 594525568, "allocated_before_bytes": 4264777216, "backend": "unfused", "calculate_entropy": true, "calculate_sum_pi_squared": false, "context_parallel_size": 2, "data_format": "thd", "dense_logits_bytes": 1191178240, "dense_rows": 7840, "distillation_only": false, "elapsed_s": 0.02964086306747049, "element_size": 2, "entropy_from_logits_chunk_size": 2048, "entropy_from_logits_with_chunking": false, "event_id": 62, "logits_dtype": "torch.bfloat16", "logits_saved_bytes": 596652672, "peak_allocated_bytes": 7800040448, "peak_increment_bytes": 3535263232, "pipeline_parallel_size": 2, "projected_rows": 3913, "rank": 5, "response_only_enabled": true, "role": "actor", "selected_rows": 3913, "tensor_parallel_size": 2, "vocab_shard": 75968}
[36m(WorkerDict pid=224934)[0m WARNING:2026-09-11 13:43:36,113:VERL_RESPONSE_ONLY_LM_HEAD_PROFILE {"active_ratio": 0.5457908163265306, "actual_logits_bytes": 650134144, "allocated_before_bytes": 4264777216, "backend": "unfused", "calculate_entropy": true, "calculate_sum_pi_squared": false, "context_parallel_size": 2, "data_format": "thd", "dense_logits_bytes": 1191178240, "dense_rows": 7840, "distillation_only": false, "elapsed_s": 0.032224663998931646, "element_size": 2, "entropy_from_logits_chunk_size": 2048, "entropy_from_logits_with_chunking": false, "event_id": 62, "logits_dtype": "torch.bfloat16", "logits_saved_bytes": 541044096, "peak_allocated_bytes": 8133703680, "peak_increment_bytes": 3868926464, "pipeline_parallel_size": 2, "projected_rows": 4279, "rank": 7, "response_only_enabled": true, "role": "actor", "selected_rows": 4279, "tensor_parallel_size": 2, "vocab_shard": 75968}
[36m(WorkerDict pid=224933)[0m WARNING:2026-09-11 13:43:36,113:VERL_RESPONSE_ONLY_LM_HEAD_PROFILE {"active_ratio": 0.5457908163265306, "actual_logits_bytes": 650134144, "allocated_before_bytes": 4264777216, "backend": "unfused", "calculate_entropy": true, "calculate_sum_pi_squared": false, "context_parallel_size": 2, "data_format": "thd", "dense_logits_bytes": 1191178240, "dense_rows": 7840, "distillation_only": false, "elapsed_s": 0.03218755393754691, "element_size": 2, "entropy_from_logits_chunk_size": 2048, "entropy_from_logits_with_chunking": false, "event_id": 62, "logits_dtype": "torch.bfloat16", "logits_saved_bytes": 541044096, "peak_allocated_bytes": 8133703680, "peak_increment_bytes": 3868926464, "pipeline_parallel_size": 2, "projected_rows": 4279, "rank": 6, "response_only_enabled": true, "role": "actor", "selected_rows": 4279, "tensor_parallel_size": 2, "vocab_shard": 75968}
[36m(WorkerDict pid=224932)[0m WARNING:2026-09-11 13:43:36,374:VERL_RESPONSE_ONLY_LM_HEAD_PROFILE {"active_ratio": 0.49910714285714286, "actual_logits_bytes": 594525568, "allocated_before_bytes": 4264904192, "backend": "unfused", "calculate_entropy": true, "calculate_sum_pi_squared": false, "context_parallel_size": 2, "data_format": "thd", "dense_logits_bytes": 1191178240, "dense_rows": 7840, "distillation_only": false, "elapsed_s": 0.029644164023920894, "element_size": 2, "entropy_from_logits_chunk_size": 2048, "entropy_from_logits_with_chunking": false, "event_id": 63, "logits_dtype": "torch.bfloat16", "logits_saved_bytes": 596652672, "peak_allocated_bytes": 7800167424, "peak_increment_bytes": 3535263232, "pipeline_parallel_size": 2, "projected_rows": 3913, "rank": 5, "response_only_enabled": true, "role": "actor", "selected_rows": 3913, "tensor_parallel_size": 2, "vocab_shard": 75968}
[36m(WorkerDict pid=224934)[0m WARNING:2026-09-11 13:43:36,376:VERL_RESPONSE_ONLY_LM_HEAD_PROFILE {"active_ratio": 0.5457908163265306, "actual_logits_bytes": 650134144, "allocated_before_bytes": 4264904192, "backend": "unfused", "calculate_entropy": true, "calculate_sum_pi_squared": false, "context_parallel_size": 2, "data_format": "thd", "dense_logits_bytes": 1191178240, "dense_rows": 7840, "distillation_only": false, "elapsed_s": 0.032197564956732094, "element_size": 2, "entropy_from_logits_chunk_size": 2048, "entropy_from_logits_with_chunking": false, "event_id": 63, "logits_dtype": "torch.bfloat16", "logits_saved_bytes": 541044096, "peak_allocated_bytes": 8133830656, "peak_increment_bytes": 3868926464, "pipeline_parallel_size": 2, "projected_rows": 4279, "rank": 7, "response_only_enabled": true, "role": "actor", "selected_rows": 4279, "tensor_parallel_size": 2, "vocab_shard": 75968}
[36m(WorkerDict pid=224933)[0m WARNING:2026-09-11 13:43:36,376:VERL_RESPONSE_ONLY_LM_HEAD_PROFILE {"active_ratio": 0.5457908163265306, "actual_logits_bytes": 650134144, "allocated_before_bytes": 4264904192, "backend": "unfused", "calculate_entropy": true, "calculate_sum_pi_squared": false, "context_parallel_size": 2, "data_format": "thd", "dense_logits_bytes": 1191178240, "dense_rows": 7840, "distillation_only": false, "elapsed_s": 0.032171644968912005, "element_size": 2, "entropy_from_logits_chunk_size": 2048, "entropy_from_logits_with_chunking": false, "event_id": 63, "logits_dtype": "torch.bfloat16", "logits_saved_bytes": 541044096, "peak_allocated_bytes": 8133830656, "peak_increment_bytes": 3868926464, "pipeline_parallel_size": 2, "projected_rows": 4279, "rank": 6, "response_only_enabled": true, "role": "actor", "selected_rows": 4279, "tensor_parallel_size": 2, "vocab_shard": 75968}
[36m(WorkerDict pid=224932)[0m WARNING:2026-09-11 13:43:40,834:VERL_RESPONSE_ONLY_LM_HEAD_PROFILE {"active_ratio": 0.4992350841407445, "actual_logits_bytes": 594981376, "allocated_before_bytes": 4271184896, "backend": "unfused", "calculate_entropy": false, "calculate_sum_pi_squared": false, "context_parallel_size": 2, "data_format": "thd", "dense_logits_bytes": 1191785984, "dense_rows": 7844, "distillation_only": false, "elapsed_s": 0.04780449206009507, "element_size": 2, "entropy_from_logits_chunk_size": 2048, "entropy_from_logits_with_chunking": false, "event_id": 64, "logits_dtype": "torch.bfloat16", "logits_saved_bytes": 596804608, "peak_allocated_bytes": 6024000000, "peak_increment_bytes": 1752815104, "pipeline_parallel_size": 2, "projected_rows": 3916, "rank": 5, "response_only_enabled": true, "role": "ref", "selected_rows": 3916, "tensor_parallel_size": 2, "vocab_shard": 75968}
[36m(WorkerDict pid=224934)[0m WARNING:2026-09-11 13:43:40,837:VERL_RESPONSE_ONLY_LM_HEAD_PROFILE {"active_ratio": 0.5451300356960734, "actual_logits_bytes": 649678336, "allocated_before_bytes": 4271184896, "backend": "unfused", "calculate_entropy": false, "calculate_sum_pi_squared": false, "context_parallel_size": 2, "data_format": "thd", "dense_logits_bytes": 1191785984, "dense_rows": 7844, "distillation_only": false, "elapsed_s": 0.05129140301141888, "element_size": 2, "entropy_from_logits_chunk_size": 2048, "entropy_from_logits_with_chunking": false, "event_id": 64, "logits_dtype": "torch.bfloat16", "logits_saved_bytes": 542107648, "peak_allocated_bytes": 6188090880, "peak_increment_bytes": 1916905984, "pipeline_parallel_size": 2, "projected_rows": 4276, "rank": 7, "response_only_enabled": true, "role": "ref", "selected_rows": 4276, "tensor_parallel_size": 2, "vocab_shard": 75968}
[36m(WorkerDict pid=224933)[0m WARNING:2026-09-11 13:43:40,837:VERL_RESPONSE_ONLY_LM_HEAD_PROFILE {"active_ratio": 0.5451300356960734, "actual_logits_bytes": 649678336, "allocated_before_bytes": 4271184896, "backend": "unfused", "calculate_entropy": false, "calculate_sum_pi_squared": false, "context_parallel_size": 2, "data_format": "thd", "dense_logits_bytes": 1191785984, "dense_rows": 7844, "distillation_only": false, "elapsed_s": 0.051269053015857935, "element_size": 2, "entropy_from_logits_chunk_size": 2048, "entropy_from_logits_with_chunking": false, "event_id": 64, "logits_dtype": "torch.bfloat16", "logits_saved_bytes": 542107648, "peak_allocated_bytes": 6188090880, "peak_increment_bytes": 1916905984, "pipeline_parallel_size": 2, "projected_rows": 4276, "rank": 6, "response_only_enabled": true, "role": "ref", "selected_rows": 4276, "tensor_parallel_size": 2, "vocab_shard": 75968}
[36m(WorkerDict pid=224932)[0m WARNING:2026-09-11 13:43:41,088:VERL_RESPONSE_ONLY_LM_HEAD_PROFILE {"active_ratio": 0.4992350841407445, "actual_logits_bytes": 594981376, "allocated_before_bytes": 4271248896, "backend": "unfused", "calculate_entropy": false, "calculate_sum_pi_squared": false, "context_parallel_size": 2, "data_format": "thd", "dense_logits_bytes": 1191785984, "dense_rows": 7844, "distillation_only": false, "elapsed_s": 0.020685518975369632, "element_size": 2, "entropy_from_logits_chunk_size": 2048, "entropy_from_logits_with_chunking": false, "event_id": 65, "logits_dtype": "torch.bfloat16", "logits_saved_bytes": 596804608, "peak_allocated_bytes": 6024064000, "peak_increment_bytes": 1752815104, "pipeline_parallel_size": 2, "projected_rows": 3916, "rank": 5, "response_only_enabled": true, "role": "ref", "selected_rows": 3916, "tensor_parallel_size": 2, "vocab_shard": 75968}
[36m(WorkerDict pid=224934)[0m WARNING:2026-09-11 13:43:41,090:VERL_RESPONSE_ONLY_LM_HEAD_PROFILE {"active_ratio": 0.5451300356960734, "actual_logits_bytes": 649678336, "allocated_before_bytes": 4271248896, "backend": "unfused", "calculate_entropy": false, "calculate_sum_pi_squared": false, "context_parallel_size": 2, "data_format": "thd", "dense_logits_bytes": 1191785984, "dense_rows": 7844, "distillation_only": false, "elapsed_s": 0.022376250009983778, "element_size": 2, "entropy_from_logits_chunk_size": 2048, "entropy_from_logits_with_chunking": false, "event_id": 65, "logits_dtype": "torch.bfloat16", "logits_saved_bytes": 542107648, "peak_allocated_bytes": 6188154880, "peak_increment_bytes": 1916905984, "pipeline_parallel_size": 2, "projected_rows": 4276, "rank": 7, "response_only_enabled": true, "role": "ref", "selected_rows": 4276, "tensor_parallel_size": 2, "vocab_shard": 75968}
[36m(WorkerDict pid=224933)[0m WARNING:2026-09-11 13:43:41,090:VERL_RESPONSE_ONLY_LM_HEAD_PROFILE {"active_ratio": 0.5451300356960734, "actual_logits_bytes": 649678336, "allocated_before_bytes": 4271248896, "backend": "unfused", "calculate_entropy": false, "calculate_sum_pi_squared": false, "context_parallel_size": 2, "data_format": "thd", "dense_logits_bytes": 1191785984, "dense_rows": 7844, "distillation_only": false, "elapsed_s": 0.02236728009302169, "element_size": 2, "entropy_from_logits_chunk_size": 2048, "entropy_from_logits_with_chunking": false, "event_id": 65, "logits_dtype": "torch.bfloat16", "logits_saved_bytes": 542107648, "peak_allocated_bytes": 6188154880, "peak_increment_bytes": 1916905984, "pipeline_parallel_size": 2, "projected_rows": 4276, "rank": 6, "response_only_enabled": true, "role": "ref", "selected_rows": 4276, "tensor_parallel_size": 2, "vocab_shard": 75968}
[36m(WorkerDict pid=224932)[0m WARNING:2026-09-11 13:43:41,341:VERL_RESPONSE_ONLY_LM_HEAD_PROFILE {"active_ratio": 0.4992350841407445, "actual_logits_bytes": 594981376, "allocated_before_bytes": 4271312384, "backend": "unfused", "calculate_entropy": false, "calculate_sum_pi_squared": false, "context_parallel_size": 2, "data_format": "thd", "dense_logits_bytes": 1191785984, "dense_rows": 7844, "distillation_only": false, "elapsed_s": 0.02083398902323097, "element_size": 2, "entropy_from_logits_chunk_size": 2048, "entropy_from_logits_with_chunking": false, "event_id": 66, "logits_dtype": "torch.bfloat16", "logits_saved_bytes": 596804608, "peak_allocated_bytes": 6024127488, "peak_increment_bytes": 1752815104, "pipeline_parallel_size": 2, "projected_rows": 3916, "rank": 5, "response_only_enabled": true, "role": "ref", "selected_rows": 3916, "tensor_parallel_size": 2, "vocab_shard": 75968}
[36m(WorkerDict pid=224934)[0m WARNING:2026-09-11 13:43:41,343:VERL_RESPONSE_ONLY_LM_HEAD_PROFILE {"active_ratio": 0.5451300356960734, "actual_logits_bytes": 649678336, "allocated_before_bytes": 4271312384, "backend": "unfused", "calculate_entropy": false, "calculate_sum_pi_squared": false, "context_parallel_size": 2, "data_format": "thd", "dense_logits_bytes": 1191785984, "dense_rows": 7844, "distillation_only": false, "elapsed_s": 0.02238064003176987, "element_size": 2, "entropy_from_logits_chunk_size": 2048, "entropy_from_logits_with_chunking": false, "event_id": 66, "logits_dtype": "torch.bfloat16", "logits_saved_bytes": 542107648, "peak_allocated_bytes": 6188218368, "peak_increment_bytes": 1916905984, "pipeline_parallel_size": 2, "projected_rows": 4276, "rank": 7, "response_only_enabled": true, "role": "ref", "selected_rows": 4276, "tensor_parallel_size": 2, "vocab_shard": 75968}
[36m(WorkerDict pid=224933)[0m WARNING:2026-09-11 13:43:41,343:VERL_RESPONSE_ONLY_LM_HEAD_PROFILE {"active_ratio": 0.5451300356960734, "actual_logits_bytes": 649678336, "allocated_before_bytes": 4271312384, "backend": "unfused", "calculate_entropy": false, "calculate_sum_pi_squared": false, "context_parallel_size": 2, "data_format": "thd", "dense_logits_bytes": 1191785984, "dense_rows": 7844, "distillation_only": false, "elapsed_s": 0.02237512997817248, "element_size": 2, "entropy_from_logits_chunk_size": 2048, "entropy_from_logits_with_chunking": false, "event_id": 66, "logits_dtype": "torch.bfloat16", "logits_saved_bytes": 542107648, "peak_allocated_bytes": 6188218368, "peak_increment_bytes": 1916905984, "pipeline_parallel_size": 2, "projected_rows": 4276, "rank": 6, "response_only_enabled": true, "role": "ref", "selected_rows": 4276, "tensor_parallel_size": 2, "vocab_shard": 75968}
[36m(WorkerDict pid=224932)[0m WARNING:2026-09-11 13:43:41,596:VERL_RESPONSE_ONLY_LM_HEAD_PROFILE {"active_ratio": 0.4992350841407445, "actual_logits_bytes": 594981376, "allocated_before_bytes": 4271375872, "backend": "unfused", "calculate_entropy": false, "calculate_sum_pi_squared": false, "context_parallel_size": 2, "data_format": "thd", "dense_logits_bytes": 1191785984, "dense_rows": 7844, "distillation_only": false, "elapsed_s": 0.02085357904434204, "element_size": 2, "entropy_from_logits_chunk_size": 2048, "entropy_from_logits_with_chunking": false, "event_id": 67, "logits_dtype": "torch.bfloat16", "logits_saved_bytes": 596804608, "peak_allocated_bytes": 6024190976, "peak_increment_bytes": 1752815104, "pipeline_parallel_size": 2, "projected_rows": 3916, "rank": 5, "response_only_enabled": true, "role": "ref", "selected_rows": 3916, "tensor_parallel_size": 2, "vocab_shard": 75968}
[36m(WorkerDict pid=224934)[0m WARNING:2026-09-11 13:43:41,597:VERL_RESPONSE_ONLY_LM_HEAD_PROFILE {"active_ratio": 0.5451300356960734, "actual_logits_bytes": 649678336, "allocated_before_bytes": 4271375872, "backend": "unfused", "calculate_entropy": false, "calculate_sum_pi_squared": false, "context_parallel_size": 2, "data_format": "thd", "dense_logits_bytes": 1191785984, "dense_rows": 7844, "distillation_only": false, "elapsed_s": 0.022544910083524883, "element_size": 2, "entropy_from_logits_chunk_size": 2048, "entropy_from_logits_with_chunking": false, "event_id": 67, "logits_dtype": "torch.bfloat16", "logits_saved_bytes": 542107648, "peak_allocated_bytes": 6188281856, "peak_increment_bytes": 1916905984, "pipeline_parallel_size": 2, "projected_rows": 4276, "rank": 7, "response_only_enabled": true, "role": "ref", "selected_rows": 4276, "tensor_parallel_size": 2, "vocab_shard": 75968}
[36m(WorkerDict pid=224933)[0m WARNING:2026-09-11 13:43:41,597:VERL_RESPONSE_ONLY_LM_HEAD_PROFILE {"active_ratio": 0.5451300356960734, "actual_logits_bytes": 649678336, "allocated_before_bytes": 4271375872, "backend": "unfused", "calculate_entropy": false, "calculate_sum_pi_squared": false, "context_parallel_size": 2, "data_format": "thd", "dense_logits_bytes": 1191785984, "dense_rows": 7844, "distillation_only": false, "elapsed_s": 0.022551820031367242, "element_size": 2, "entropy_from_logits_chunk_size": 2048, "entropy_from_logits_with_chunking": false, "event_id": 67, "logits_dtype": "torch.bfloat16", "logits_saved_bytes": 542107648, "peak_allocated_bytes": 6188281856, "peak_increment_bytes": 1916905984, "pipeline_parallel_size": 2, "projected_rows": 4276, "rank": 6, "response_only_enabled": true, "role": "ref", "selected_rows": 4276, "tensor_parallel_size": 2, "vocab_shard": 75968}
[36m(WorkerDict pid=224932)[0m WARNING:2026-09-11 13:43:41,859:VERL_RESPONSE_ONLY_LM_HEAD_PROFILE {"active_ratio": 0.49938514510575505, "actual_logits_bytes": 617012096, "allocated_before_bytes": 4282149888, "backend": "unfused", "calculate_entropy": false, "calculate_sum_pi_squared": false, "context_parallel_size": 2, "data_format": "thd", "dense_logits_bytes": 1235543552, "dense_rows": 8132, "distillation_only": false, "elapsed_s": 0.021390320034697652, "element_size": 2, "entropy_from_logits_chunk_size": 2048, "entropy_from_logits_with_chunking": false, "event_id": 68, "logits_dtype": "torch.bfloat16", "logits_saved_bytes": 618531456, "peak_allocated_bytes": 6099877888, "peak_increment_bytes": 1817728000, "pipeline_parallel_size": 2, "projected_rows": 4061, "rank": 5, "response_only_enabled": true, "role": "ref", "selected_rows": 4061, "tensor_parallel_size": 2, "vocab_shard": 75968}
[36m(WorkerDict pid=224934)[0m WARNING:2026-09-11 13:43:41,860:VERL_RESPONSE_ONLY_LM_HEAD_PROFILE {"active_ratio": 0.5079931136251845, "actual_logits_bytes": 627647616, "allocated_before_bytes": 4282149888, "backend": "unfused", "calculate_entropy": false, "calculate_sum_pi_squared": false, "context_parallel_size": 2, "data_format": "thd", "dense_logits_bytes": 1235543552, "dense_rows": 8132, "distillation_only": false, "elapsed_s": 0.022167680086567998, "element_size": 2, "entropy_from_logits_chunk_size": 2048, "entropy_from_logits_with_chunking": false, "event_id": 68, "logits_dtype": "torch.bfloat16", "logits_saved_bytes": 607895936, "peak_allocated_bytes": 6131784704, "peak_increment_bytes": 1849634816, "pipeline_parallel_size": 2, "projected_rows": 4131, "rank": 7, "response_only_enabled": true, "role": "ref", "selected_rows": 4131, "tensor_parallel_size": 2, "vocab_shard": 75968}
[36m(WorkerDict pid=224933)[0m WARNING:2026-09-11 13:43:41,860:VERL_RESPONSE_ONLY_LM_HEAD_PROFILE {"active_ratio": 0.5079931136251845, "actual_logits_bytes": 627647616, "allocated_before_bytes": 4282149888, "backend": "unfused", "calculate_entropy": false, "calculate_sum_pi_squared": false, "context_parallel_size": 2, "data_format": "thd", "dense_logits_bytes": 1235543552, "dense_rows": 8132, "distillation_only": false, "elapsed_s": 0.02218816999811679, "element_size": 2, "entropy_from_logits_chunk_size": 2048, "entropy_from_logits_with_chunking": false, "event_id": 68, "logits_dtype": "torch.bfloat16", "logits_saved_bytes": 607895936, "peak_allocated_bytes": 6131784704, "peak_increment_bytes": 1849634816, "pipeline_parallel_size": 2, "projected_rows": 4131, "rank": 6, "response_only_enabled": true, "role": "ref", "selected_rows": 4131, "tensor_parallel_size": 2, "vocab_shard": 75968}
[36m(WorkerDict pid=224932)[0m WARNING:2026-09-11 13:43:42,120:VERL_RESPONSE_ONLY_LM_HEAD_PROFILE {"active_ratio": 0.49938514510575505, "actual_logits_bytes": 617012096, "allocated_before_bytes": 4282215936, "backend": "unfused", "calculate_entropy": false, "calculate_sum_pi_squared": false, "context_parallel_size": 2, "data_format": "thd", "dense_logits_bytes": 1235543552, "dense_rows": 8132, "distillation_only": false, "elapsed_s": 0.021207759040407836, "element_size": 2, "entropy_from_logits_chunk_size": 2048, "entropy_from_logits_with_chunking": false, "event_id": 69, "logits_dtype": "torch.bfloat16", "logits_saved_bytes": 618531456, "peak_allocated_bytes": 6099943936, "peak_increment_bytes": 1817728000, "pipeline_parallel_size": 2, "projected_rows": 4061, "rank": 5, "response_only_enabled": true, "role": "ref", "selected_rows": 4061, "tensor_parallel_size": 2, "vocab_shard": 75968}
[36m(WorkerDict pid=224934)[0m WARNING:2026-09-11 13:43:42,121:VERL_RESPONSE_ONLY_LM_HEAD_PROFILE {"active_ratio": 0.5079931136251845, "actual_logits_bytes": 627647616, "allocated_before_bytes": 4282215936, "backend": "unfused", "calculate_entropy": false, "calculate_sum_pi_squared": false, "context_parallel_size": 2, "data_format": "thd", "dense_logits_bytes": 1235543552, "dense_rows": 8132, "distillation_only": false, "elapsed_s": 0.022196669946424663, "element_size": 2, "entropy_from_logits_chunk_size": 2048, "entropy_from_logits_with_chunking": false, "event_id": 69, "logits_dtype": "torch.bfloat16", "logits_saved_bytes": 607895936, "peak_allocated_bytes": 6131850752, "peak_increment_bytes": 1849634816, "pipeline_parallel_size": 2, "projected_rows": 4131, "rank": 7, "response_only_enabled": true, "role": "ref", "selected_rows": 4131, "tensor_parallel_size": 2, "vocab_shard": 75968}
[36m(WorkerDict pid=224933)[0m WARNING:2026-09-11 13:43:42,121:VERL_RESPONSE_ONLY_LM_HEAD_PROFILE {"active_ratio": 0.5079931136251845, "actual_logits_bytes": 627647616, "allocated_before_bytes": 4282215936, "backend": "unfused", "calculate_entropy": false, "calculate_sum_pi_squared": false, "context_parallel_size": 2, "data_format": "thd", "dense_logits_bytes": 1235543552, "dense_rows": 8132, "distillation_only": false, "elapsed_s": 0.022201630054041743, "element_size": 2, "entropy_from_logits_chunk_size": 2048, "entropy_from_logits_with_chunking": false, "event_id": 69, "logits_dtype": "torch.bfloat16", "logits_saved_bytes": 607895936, "peak_allocated_bytes": 6131850752, "peak_increment_bytes": 1849634816, "pipeline_parallel_size": 2, "projected_rows": 4131, "rank": 6, "response_only_enabled": true, "role": "ref", "selected_rows": 4131, "tensor_parallel_size": 2, "vocab_shard": 75968}
[36m(WorkerDict pid=224932)[0m WARNING:2026-09-11 13:43:42,381:VERL_RESPONSE_ONLY_LM_HEAD_PROFILE {"active_ratio": 0.49938514510575505, "actual_logits_bytes": 617012096, "allocated_before_bytes": 4282281984, "backend": "unfused", "calculate_entropy": false, "calculate_sum_pi_squared": false, "context_parallel_size": 2, "data_format": "thd", "dense_logits_bytes": 1235543552, "dense_rows": 8132, "distillation_only": false, "elapsed_s": 0.021276208921335638, "element_size": 2, "entropy_from_logits_chunk_size": 2048, "entropy_from_logits_with_chunking": false, "event_id": 70, "logits_dtype": "torch.bfloat16", "logits_saved_bytes": 618531456, "peak_allocated_bytes": 6100009984, "peak_increment_bytes": 1817728000, "pipeline_parallel_size": 2, "projected_rows": 4061, "rank": 5, "response_only_enabled": true, "role": "ref", "selected_rows": 4061, "tensor_parallel_size": 2, "vocab_shard": 75968}
[36m(WorkerDict pid=224934)[0m WARNING:2026-09-11 13:43:42,382:VERL_RESPONSE_ONLY_LM_HEAD_PROFILE {"active_ratio": 0.5079931136251845, "actual_logits_bytes": 627647616, "allocated_before_bytes": 4282281984, "backend": "unfused", "calculate_entropy": false, "calculate_sum_pi_squared": false, "context_parallel_size": 2, "data_format": "thd", "dense_logits_bytes": 1235543552, "dense_rows": 8132, "distillation_only": false, "elapsed_s": 0.022377040004357696, "element_size": 2, "entropy_from_logits_chunk_size": 2048, "entropy_from_logits_with_chunking": false, "event_id": 70, "logits_dtype": "torch.bfloat16", "logits_saved_bytes": 607895936, "peak_allocated_bytes": 6131916800, "peak_increment_bytes": 1849634816, "pipeline_parallel_size": 2, "projected_rows": 4131, "rank": 7, "response_only_enabled": true, "role": "ref", "selected_rows": 4131, "tensor_parallel_size": 2, "vocab_shard": 75968}
[36m(WorkerDict pid=224933)[0m WARNING:2026-09-11 13:43:42,382:VERL_RESPONSE_ONLY_LM_HEAD_PROFILE {"active_ratio": 0.5079931136251845, "actual_logits_bytes": 627647616, "allocated_before_bytes": 4282281984, "backend": "unfused", "calculate_entropy": false, "calculate_sum_pi_squared": false, "context_parallel_size": 2, "data_format": "thd", "dense_logits_bytes": 1235543552, "dense_rows": 8132, "distillation_only": false, "elapsed_s": 0.022381120012141764, "element_size": 2, "entropy_from_logits_chunk_size": 2048, "entropy_from_logits_with_chunking": false, "event_id": 70, "logits_dtype": "torch.bfloat16", "logits_saved_bytes": 607895936, "peak_allocated_bytes": 6131916800, "peak_increment_bytes": 1849634816, "pipeline_parallel_size": 2, "projected_rows": 4131, "rank": 6, "response_only_enabled": true, "role": "ref", "selected_rows": 4131, "tensor_parallel_size": 2, "vocab_shard": 75968}
[36m(WorkerDict pid=224932)[0m WARNING:2026-09-11 13:43:42,644:VERL_RESPONSE_ONLY_LM_HEAD_PROFILE {"active_ratio": 0.49938514510575505, "actual_logits_bytes": 617012096, "allocated_before_bytes": 4282348032, "backend": "unfused", "calculate_entropy": false, "calculate_sum_pi_squared": false, "context_parallel_size": 2, "data_format": "thd", "dense_logits_bytes": 1235543552, "dense_rows": 8132, "distillation_only": false, "elapsed_s": 0.02140219009015709, "element_size": 2, "entropy_from_logits_chunk_size": 2048, "entropy_from_logits_with_chunking": false, "event_id": 71, "logits_dtype": "torch.bfloat16", "logits_saved_bytes": 618531456, "peak_allocated_bytes": 6100076032, "peak_increment_bytes": 1817728000, "pipeline_parallel_size": 2, "projected_rows": 4061, "rank": 5, "response_only_enabled": true, "role": "ref", "selected_rows": 4061, "tensor_parallel_size": 2, "vocab_shard": 75968}
[36m(WorkerDict pid=224934)[0m WARNING:2026-09-11 13:43:42,644:VERL_RESPONSE_ONLY_LM_HEAD_PROFILE {"active_ratio": 0.5079931136251845, "actual_logits_bytes": 627647616, "allocated_before_bytes": 4282348032, "backend": "unfused", "calculate_entropy": false, "calculate_sum_pi_squared": false, "context_parallel_size": 2, "data_format": "thd", "dense_logits_bytes": 1235543552, "dense_rows": 8132, "distillation_only": false, "elapsed_s": 0.022279459983110428, "element_size": 2, "entropy_from_logits_chunk_size": 2048, "entropy_from_logits_with_chunking": false, "event_id": 71, "logits_dtype": "torch.bfloat16", "logits_saved_bytes": 607895936, "peak_allocated_bytes": 6131982848, "peak_increment_bytes": 1849634816, "pipeline_parallel_size": 2, "projected_rows": 4131, "rank": 7, "response_only_enabled": true, "role": "ref", "selected_rows": 4131, "tensor_parallel_size": 2, "vocab_shard": 75968}
[36m(WorkerDict pid=224933)[0m WARNING:2026-09-11 13:43:42,644:VERL_RESPONSE_ONLY_LM_HEAD_PROFILE {"active_ratio": 0.5079931136251845, "actual_logits_bytes": 627647616, "allocated_before_bytes": 4282348032, "backend": "unfused", "calculate_entropy": false, "calculate_sum_pi_squared": false, "context_parallel_size": 2, "data_format": "thd", "dense_logits_bytes": 1235543552, "dense_rows": 8132, "distillation_only": false, "elapsed_s": 0.022277800017036498, "element_size": 2, "entropy_from_logits_chunk_size": 2048, "entropy_from_logits_with_chunking": false, "event_id": 71, "logits_dtype": "torch.bfloat16", "logits_saved_bytes": 607895936, "peak_allocated_bytes": 6131982848, "peak_increment_bytes": 1849634816, "pipeline_parallel_size": 2, "projected_rows": 4131, "rank": 6, "response_only_enabled": true, "role": "ref", "selected_rows": 4131, "tensor_parallel_size": 2, "vocab_shard": 75968}
[36m(WorkerDict pid=224932)[0m WARNING:2026-09-11 13:43:42,897:VERL_RESPONSE_ONLY_LM_HEAD_PROFILE {"active_ratio": 0.4992350841407445, "actual_logits_bytes": 594981376, "allocated_before_bytes": 4280030720, "backend": "unfused", "calculate_entropy": false, "calculate_sum_pi_squared": false, "context_parallel_size": 2, "data_format": "thd", "dense_logits_bytes": 1191785984, "dense_rows": 7844, "distillation_only": false, "elapsed_s": 0.020893438952043653, "element_size": 2, "entropy_from_logits_chunk_size": 2048, "entropy_from_logits_with_chunking": false, "event_id": 72, "logits_dtype": "torch.bfloat16", "logits_saved_bytes": 596804608, "peak_allocated_bytes": 6032845824, "peak_increment_bytes": 1752815104, "pipeline_parallel_size": 2, "projected_rows": 3916, "rank": 5, "response_only_enabled": true, "role": "ref", "selected_rows": 3916, "tensor_parallel_size": 2, "vocab_shard": 75968}
[36m(WorkerDict pid=224934)[0m WARNING:2026-09-11 13:43:42,898:VERL_RESPONSE_ONLY_LM_HEAD_PROFILE {"active_ratio": 0.5451300356960734, "actual_logits_bytes": 649678336, "allocated_before_bytes": 4280030720, "backend": "unfused", "calculate_entropy": false, "calculate_sum_pi_squared": false, "context_parallel_size": 2, "data_format": "thd", "dense_logits_bytes": 1191785984, "dense_rows": 7844, "distillation_only": false, "elapsed_s": 0.02254728099796921, "element_size": 2, "entropy_from_logits_chunk_size": 2048, "entropy_from_logits_with_chunking": false, "event_id": 72, "logits_dtype": "torch.bfloat16", "logits_saved_bytes": 542107648, "peak_allocated_bytes": 6196936704, "peak_increment_bytes": 1916905984, "pipeline_parallel_size": 2, "projected_rows": 4276, "rank": 7, "response_only_enabled": true, "role": "ref", "selected_rows": 4276, "tensor_parallel_size": 2, "vocab_shard": 75968}
[36m(WorkerDict pid=224933)[0m WARNING:2026-09-11 13:43:42,898:VERL_RESPONSE_ONLY_LM_HEAD_PROFILE {"active_ratio": 0.5451300356960734, "actual_logits_bytes": 649678336, "allocated_before_bytes": 4280030720, "backend": "unfused", "calculate_entropy": false, "calculate_sum_pi_squared": false, "context_parallel_size": 2, "data_format": "thd", "dense_logits_bytes": 1191785984, "dense_rows": 7844, "distillation_only": false, "elapsed_s": 0.022512050927616656, "element_size": 2, "entropy_from_logits_chunk_size": 2048, "entropy_from_logits_with_chunking": false, "event_id": 72, "logits_dtype": "torch.bfloat16", "logits_saved_bytes": 542107648, "peak_allocated_bytes": 6196936704, "peak_increment_bytes": 1916905984, "pipeline_parallel_size": 2, "projected_rows": 4276, "rank": 6, "response_only_enabled": true, "role": "ref", "selected_rows": 4276, "tensor_parallel_size": 2, "vocab_shard": 75968}
[36m(WorkerDict pid=224932)[0m WARNING:2026-09-11 13:43:43,150:VERL_RESPONSE_ONLY_LM_HEAD_PROFILE {"active_ratio": 0.4992350841407445, "actual_logits_bytes": 594981376, "allocated_before_bytes": 4280094208, "backend": "unfused", "calculate_entropy": false, "calculate_sum_pi_squared": false, "context_parallel_size": 2, "data_format": "thd", "dense_logits_bytes": 1191785984, "dense_rows": 7844, "distillation_only": false, "elapsed_s": 0.02101354906335473, "element_size": 2, "entropy_from_logits_chunk_size": 2048, "entropy_from_logits_with_chunking": false, "event_id": 73, "logits_dtype": "torch.bfloat16", "logits_saved_bytes": 596804608, "peak_allocated_bytes": 6032909312, "peak_increment_bytes": 1752815104, "pipeline_parallel_size": 2, "projected_rows": 3916, "rank": 5, "response_only_enabled": true, "role": "ref", "selected_rows": 3916, "tensor_parallel_size": 2, "vocab_shard": 75968}
[36m(WorkerDict pid=224934)[0m WARNING:2026-09-11 13:43:43,152:VERL_RESPONSE_ONLY_LM_HEAD_PROFILE {"active_ratio": 0.5451300356960734, "actual_logits_bytes": 649678336, "allocated_before_bytes": 4280094208, "backend": "unfused", "calculate_entropy": false, "calculate_sum_pi_squared": false, "context_parallel_size": 2, "data_format": "thd", "dense_logits_bytes": 1191785984, "dense_rows": 7844, "distillation_only": false, "elapsed_s": 0.022467459901235998, "element_size": 2, "entropy_from_logits_chunk_size": 2048, "entropy_from_logits_with_chunking": false, "event_id": 73, "logits_dtype": "torch.bfloat16", "logits_saved_bytes": 542107648, "peak_allocated_bytes": 6197000192, "peak_increment_bytes": 1916905984, "pipeline_parallel_size": 2, "projected_rows": 4276, "rank": 7, "response_only_enabled": true, "role": "ref", "selected_rows": 4276, "tensor_parallel_size": 2, "vocab_shard": 75968}
[36m(WorkerDict pid=224933)[0m WARNING:2026-09-11 13:43:43,152:VERL_RESPONSE_ONLY_LM_HEAD_PROFILE {"active_ratio": 0.5451300356960734, "actual_logits_bytes": 649678336, "allocated_before_bytes": 4280094208, "backend": "unfused", "calculate_entropy": false, "calculate_sum_pi_squared": false, "context_parallel_size": 2, "data_format": "thd", "dense_logits_bytes": 1191785984, "dense_rows": 7844, "distillation_only": false, "elapsed_s": 0.022478490020148456, "element_size": 2, "entropy_from_logits_chunk_size": 2048, "entropy_from_logits_with_chunking": false, "event_id": 73, "logits_dtype": "torch.bfloat16", "logits_saved_bytes": 542107648, "peak_allocated_bytes": 6197000192, "peak_increment_bytes": 1916905984, "pipeline_parallel_size": 2, "projected_rows": 4276, "rank": 6, "response_only_enabled": true, "role": "ref", "selected_rows": 4276, "tensor_parallel_size": 2, "vocab_shard": 75968}
[36m(WorkerDict pid=224932)[0m WARNING:2026-09-11 13:43:43,406:VERL_RESPONSE_ONLY_LM_HEAD_PROFILE {"active_ratio": 0.4992350841407445, "actual_logits_bytes": 594981376, "allocated_before_bytes": 4280157696, "backend": "unfused", "calculate_entropy": false, "calculate_sum_pi_squared": false, "context_parallel_size": 2, "data_format": "thd", "dense_logits_bytes": 1191785984, "dense_rows": 7844, "distillation_only": false, "elapsed_s": 0.020800258964300156, "element_size": 2, "entropy_from_logits_chunk_size": 2048, "entropy_from_logits_with_chunking": false, "event_id": 74, "logits_dtype": "torch.bfloat16", "logits_saved_bytes": 596804608, "peak_allocated_bytes": 6032972800, "peak_increment_bytes": 1752815104, "pipeline_parallel_size": 2, "projected_rows": 3916, "rank": 5, "response_only_enabled": true, "role": "ref", "selected_rows": 3916, "tensor_parallel_size": 2, "vocab_shard": 75968}
[36m(WorkerDict pid=224934)[0m WARNING:2026-09-11 13:43:43,408:VERL_RESPONSE_ONLY_LM_HEAD_PROFILE {"active_ratio": 0.5451300356960734, "actual_logits_bytes": 649678336, "allocated_before_bytes": 4280157696, "backend": "unfused", "calculate_entropy": false, "calculate_sum_pi_squared": false, "context_parallel_size": 2, "data_format": "thd", "dense_logits_bytes": 1191785984, "dense_rows": 7844, "distillation_only": false, "elapsed_s": 0.022615440073423088, "element_size": 2, "entropy_from_logits_chunk_size": 2048, "entropy_from_logits_with_chunking": false, "event_id": 74, "logits_dtype": "torch.bfloat16", "logits_saved_bytes": 542107648, "peak_allocated_bytes": 6197063680, "peak_increment_bytes": 1916905984, "pipeline_parallel_size": 2, "projected_rows": 4276, "rank": 7, "response_only_enabled": true, "role": "ref", "selected_rows": 4276, "tensor_parallel_size": 2, "vocab_shard": 75968}
[36m(WorkerDict pid=224933)[0m WARNING:2026-09-11 13:43:43,408:VERL_RESPONSE_ONLY_LM_HEAD_PROFILE {"active_ratio": 0.5451300356960734, "actual_logits_bytes": 649678336, "allocated_before_bytes": 4280157696, "backend": "unfused", "calculate_entropy": false, "calculate_sum_pi_squared": false, "context_parallel_size": 2, "data_format": "thd", "dense_logits_bytes": 1191785984, "dense_rows": 7844, "distillation_only": false, "elapsed_s": 0.022636860026977956, "element_size": 2, "entropy_from_logits_chunk_size": 2048, "entropy_from_logits_with_chunking": false, "event_id": 74, "logits_dtype": "torch.bfloat16", "logits_saved_bytes": 542107648, "peak_allocated_bytes": 6197063680, "peak_increment_bytes": 1916905984, "pipeline_parallel_size": 2, "projected_rows": 4276, "rank": 6, "response_only_enabled": true, "role": "ref", "selected_rows": 4276, "tensor_parallel_size": 2, "vocab_shard": 75968}
[36m(WorkerDict pid=224932)[0m WARNING:2026-09-11 13:43:43,661:VERL_RESPONSE_ONLY_LM_HEAD_PROFILE {"active_ratio": 0.4992350841407445, "actual_logits_bytes": 594981376, "allocated_before_bytes": 4280221184, "backend": "unfused", "calculate_entropy": false, "calculate_sum_pi_squared": false, "context_parallel_size": 2, "data_format": "thd", "dense_logits_bytes": 1191785984, "dense_rows": 7844, "distillation_only": false, "elapsed_s": 0.02085302898194641, "element_size": 2, "entropy_from_logits_chunk_size": 2048, "entropy_from_logits_with_chunking": false, "event_id": 75, "logits_dtype": "torch.bfloat16", "logits_saved_bytes": 596804608, "peak_allocated_bytes": 6033036288, "peak_increment_bytes": 1752815104, "pipeline_parallel_size": 2, "projected_rows": 3916, "rank": 5, "response_only_enabled": true, "role": "ref", "selected_rows": 3916, "tensor_parallel_size": 2, "vocab_shard": 75968}
[36m(WorkerDict pid=224934)[0m WARNING:2026-09-11 13:43:43,662:VERL_RESPONSE_ONLY_LM_HEAD_PROFILE {"active_ratio": 0.5451300356960734, "actual_logits_bytes": 649678336, "allocated_before_bytes": 4280221184, "backend": "unfused", "calculate_entropy": false, "calculate_sum_pi_squared": false, "context_parallel_size": 2, "data_format": "thd", "dense_logits_bytes": 1191785984, "dense_rows": 7844, "distillation_only": false, "elapsed_s": 0.022426920011639595, "element_size": 2, "entropy_from_logits_chunk_size": 2048, "entropy_from_logits_with_chunking": false, "event_id": 75, "logits_dtype": "torch.bfloat16", "logits_saved_bytes": 542107648, "peak_allocated_bytes": 6197127168, "peak_increment_bytes": 1916905984, "pipeline_parallel_size": 2, "projected_rows": 4276, "rank": 7, "response_only_enabled": true, "role": "ref", "selected_rows": 4276, "tensor_parallel_size": 2, "vocab_shard": 75968}
[36m(WorkerDict pid=224933)[0m WARNING:2026-09-11 13:43:43,662:VERL_RESPONSE_ONLY_LM_HEAD_PROFILE {"active_ratio": 0.5451300356960734, "actual_logits_bytes": 649678336, "allocated_before_bytes": 4280221184, "backend": "unfused", "calculate_entropy": false, "calculate_sum_pi_squared": false, "context_parallel_size": 2, "data_format": "thd", "dense_logits_bytes": 1191785984, "dense_rows": 7844, "distillation_only": false, "elapsed_s": 0.022411079960875213, "element_size": 2, "entropy_from_logits_chunk_size": 2048, "entropy_from_logits_with_chunking": false, "event_id": 75, "logits_dtype": "torch.bfloat16", "logits_saved_bytes": 542107648, "peak_allocated_bytes": 6197127168, "peak_increment_bytes": 1916905984, "pipeline_parallel_size": 2, "projected_rows": 4276, "rank": 6, "response_only_enabled": true, "role": "ref", "selected_rows": 4276, "tensor_parallel_size": 2, "vocab_shard": 75968}
[36m(WorkerDict pid=224932)[0m WARNING:2026-09-11 13:43:43,913:VERL_RESPONSE_ONLY_LM_HEAD_PROFILE {"active_ratio": 0.49910714285714286, "actual_logits_bytes": 594525568, "allocated_before_bytes": 4280249856, "backend": "unfused", "calculate_entropy": false, "calculate_sum_pi_squared": false, "context_parallel_size": 2, "data_format": "thd", "dense_logits_bytes": 1191178240, "dense_rows": 7840, "distillation_only": false, "elapsed_s": 0.020861188997514546, "element_size": 2, "entropy_from_logits_chunk_size": 2048, "entropy_from_logits_with_chunking": false, "event_id": 76, "logits_dtype": "torch.bfloat16", "logits_saved_bytes": 596652672, "peak_allocated_bytes": 6031714304, "peak_increment_bytes": 1751464448, "pipeline_parallel_size": 2, "projected_rows": 3913, "rank": 5, "response_only_enabled": true, "role": "ref", "selected_rows": 3913, "tensor_parallel_size": 2, "vocab_shard": 75968}
[36m(WorkerDict pid=224934)[0m WARNING:2026-09-11 13:43:43,915:VERL_RESPONSE_ONLY_LM_HEAD_PROFILE {"active_ratio": 0.5457908163265306, "actual_logits_bytes": 650134144, "allocated_before_bytes": 4280249856, "backend": "unfused", "calculate_entropy": false, "calculate_sum_pi_squared": false, "context_parallel_size": 2, "data_format": "thd", "dense_logits_bytes": 1191178240, "dense_rows": 7840, "distillation_only": false, "elapsed_s": 0.022496189922094345, "element_size": 2, "entropy_from_logits_chunk_size": 2048, "entropy_from_logits_with_chunking": false, "event_id": 76, "logits_dtype": "torch.bfloat16", "logits_saved_bytes": 541044096, "peak_allocated_bytes": 6198540288, "peak_increment_bytes": 1918290432, "pipeline_parallel_size": 2, "projected_rows": 4279, "rank": 7, "response_only_enabled": true, "role": "ref", "selected_rows": 4279, "tensor_parallel_size": 2, "vocab_shard": 75968}
[36m(WorkerDict pid=224933)[0m WARNING:2026-09-11 13:43:43,915:VERL_RESPONSE_ONLY_LM_HEAD_PROFILE {"active_ratio": 0.5457908163265306, "actual_logits_bytes": 650134144, "allocated_before_bytes": 4280249856, "backend": "unfused", "calculate_entropy": false, "calculate_sum_pi_squared": false, "context_parallel_size": 2, "data_format": "thd", "dense_logits_bytes": 1191178240, "dense_rows": 7840, "distillation_only": false, "elapsed_s": 0.02253874996677041, "element_size": 2, "entropy_from_logits_chunk_size": 2048, "entropy_from_logits_with_chunking": false, "event_id": 76, "logits_dtype": "torch.bfloat16", "logits_saved_bytes": 541044096, "peak_allocated_bytes": 6198540288, "peak_increment_bytes": 1918290432, "pipeline_parallel_size": 2, "projected_rows": 4279, "rank": 6, "response_only_enabled": true, "role": "ref", "selected_rows": 4279, "tensor_parallel_size": 2, "vocab_shard": 75968}
[36m(WorkerDict pid=224932)[0m WARNING:2026-09-11 13:43:44,166:VERL_RESPONSE_ONLY_LM_HEAD_PROFILE {"active_ratio": 0.49910714285714286, "actual_logits_bytes": 594525568, "allocated_before_bytes": 4280313344, "backend": "unfused", "calculate_entropy": false, "calculate_sum_pi_squared": false, "context_parallel_size": 2, "data_format": "thd", "dense_logits_bytes": 1191178240, "dense_rows": 7840, "distillation_only": false, "elapsed_s": 0.0208000490674749, "element_size": 2, "entropy_from_logits_chunk_size": 2048, "entropy_from_logits_with_chunking": false, "event_id": 77, "logits_dtype": "torch.bfloat16", "logits_saved_bytes": 596652672, "peak_allocated_bytes": 6031777792, "peak_increment_bytes": 1751464448, "pipeline_parallel_size": 2, "projected_rows": 3913, "rank": 5, "response_only_enabled": true, "role": "ref", "selected_rows": 3913, "tensor_parallel_size": 2, "vocab_shard": 75968}
[36m(WorkerDict pid=224934)[0m WARNING:2026-09-11 13:43:44,167:VERL_RESPONSE_ONLY_LM_HEAD_PROFILE {"active_ratio": 0.5457908163265306, "actual_logits_bytes": 650134144, "allocated_before_bytes": 4280313344, "backend": "unfused", "calculate_entropy": false, "calculate_sum_pi_squared": false, "context_parallel_size": 2, "data_format": "thd", "dense_logits_bytes": 1191178240, "dense_rows": 7840, "distillation_only": false, "elapsed_s": 0.02256920002400875, "element_size": 2, "entropy_from_logits_chunk_size": 2048, "entropy_from_logits_with_chunking": false, "event_id": 77, "logits_dtype": "torch.bfloat16", "logits_saved_bytes": 541044096, "peak_allocated_bytes": 6198603776, "peak_increment_bytes": 1918290432, "pipeline_parallel_size": 2, "projected_rows": 4279, "rank": 7, "response_only_enabled": true, "role": "ref", "selected_rows": 4279, "tensor_parallel_size": 2, "vocab_shard": 75968}
[36m(WorkerDict pid=224933)[0m WARNING:2026-09-11 13:43:44,167:VERL_RESPONSE_ONLY_LM_HEAD_PROFILE {"active_ratio": 0.5457908163265306, "actual_logits_bytes": 650134144, "allocated_before_bytes": 4280313344, "backend": "unfused", "calculate_entropy": false, "calculate_sum_pi_squared": false, "context_parallel_size": 2, "data_format": "thd", "dense_logits_bytes": 1191178240, "dense_rows": 7840, "distillation_only": false, "elapsed_s": 0.02258547011297196, "element_size": 2, "entropy_from_logits_chunk_size": 2048, "entropy_from_logits_with_chunking": false, "event_id": 77, "logits_dtype": "torch.bfloat16", "logits_saved_bytes": 541044096, "peak_allocated_bytes": 6198603776, "peak_increment_bytes": 1918290432, "pipeline_parallel_size": 2, "projected_rows": 4279, "rank": 6, "response_only_enabled": true, "role": "ref", "selected_rows": 4279, "tensor_parallel_size": 2, "vocab_shard": 75968}
[36m(WorkerDict pid=224932)[0m WARNING:2026-09-11 13:43:44,418:VERL_RESPONSE_ONLY_LM_HEAD_PROFILE {"active_ratio": 0.49910714285714286, "actual_logits_bytes": 594525568, "allocated_before_bytes": 4280376832, "backend": "unfused", "calculate_entropy": false, "calculate_sum_pi_squared": false, "context_parallel_size": 2, "data_format": "thd", "dense_logits_bytes": 1191178240, "dense_rows": 7840, "distillation_only": false, "elapsed_s": 0.020840049954131246, "element_size": 2, "entropy_from_logits_chunk_size": 2048, "entropy_from_logits_with_chunking": false, "event_id": 78, "logits_dtype": "torch.bfloat16", "logits_saved_bytes": 596652672, "peak_allocated_bytes": 6031841280, "peak_increment_bytes": 1751464448, "pipeline_parallel_size": 2, "projected_rows": 3913, "rank": 5, "response_only_enabled": true, "role": "ref", "selected_rows": 3913, "tensor_parallel_size": 2, "vocab_shard": 75968}
[36m(WorkerDict pid=224934)[0m WARNING:2026-09-11 13:43:44,420:VERL_RESPONSE_ONLY_LM_HEAD_PROFILE {"active_ratio": 0.5457908163265306, "actual_logits_bytes": 650134144, "allocated_before_bytes": 4280376832, "backend": "unfused", "calculate_entropy": false, "calculate_sum_pi_squared": false, "context_parallel_size": 2, "data_format": "thd", "dense_logits_bytes": 1191178240, "dense_rows": 7840, "distillation_only": false, "elapsed_s": 0.022568590939044952, "element_size": 2, "entropy_from_logits_chunk_size": 2048, "entropy_from_logits_with_chunking": false, "event_id": 78, "logits_dtype": "torch.bfloat16", "logits_saved_bytes": 541044096, "peak_allocated_bytes": 6198667264, "peak_increment_bytes": 1918290432, "pipeline_parallel_size": 2, "projected_rows": 4279, "rank": 7, "response_only_enabled": true, "role": "ref", "selected_rows": 4279, "tensor_parallel_size": 2, "vocab_shard": 75968}
[36m(WorkerDict pid=224933)[0m WARNING:2026-09-11 13:43:44,420:VERL_RESPONSE_ONLY_LM_HEAD_PROFILE {"active_ratio": 0.5457908163265306, "actual_logits_bytes": 650134144, "allocated_before_bytes": 4280376832, "backend": "unfused", "calculate_entropy": false, "calculate_sum_pi_squared": false, "context_parallel_size": 2, "data_format": "thd", "dense_logits_bytes": 1191178240, "dense_rows": 7840, "distillation_only": false, "elapsed_s": 0.022560631041415036, "element_size": 2, "entropy_from_logits_chunk_size": 2048, "entropy_from_logits_with_chunking": false, "event_id": 78, "logits_dtype": "torch.bfloat16", "logits_saved_bytes": 541044096, "peak_allocated_bytes": 6198667264, "peak_increment_bytes": 1918290432, "pipeline_parallel_size": 2, "projected_rows": 4279, "rank": 6, "response_only_enabled": true, "role": "ref", "selected_rows": 4279, "tensor_parallel_size": 2, "vocab_shard": 75968}
[36m(WorkerDict pid=224932)[0m WARNING:2026-09-11 13:43:44,672:VERL_RESPONSE_ONLY_LM_HEAD_PROFILE {"active_ratio": 0.49910714285714286, "actual_logits_bytes": 594525568, "allocated_before_bytes": 4280440320, "backend": "unfused", "calculate_entropy": false, "calculate_sum_pi_squared": false, "context_parallel_size": 2, "data_format": "thd", "dense_logits_bytes": 1191178240, "dense_rows": 7840, "distillation_only": false, "elapsed_s": 0.020888868952170014, "element_size": 2, "entropy_from_logits_chunk_size": 2048, "entropy_from_logits_with_chunking": false, "event_id": 79, "logits_dtype": "torch.bfloat16", "logits_saved_bytes": 596652672, "peak_allocated_bytes": 6031904768, "peak_increment_bytes": 1751464448, "pipeline_parallel_size": 2, "projected_rows": 3913, "rank": 5, "response_only_enabled": true, "role": "ref", "selected_rows": 3913, "tensor_parallel_size": 2, "vocab_shard": 75968}
[36m(WorkerDict pid=224934)[0m WARNING:2026-09-11 13:43:44,673:VERL_RESPONSE_ONLY_LM_HEAD_PROFILE {"active_ratio": 0.5457908163265306, "actual_logits_bytes": 650134144, "allocated_before_bytes": 4280440320, "backend": "unfused", "calculate_entropy": false, "calculate_sum_pi_squared": false, "context_parallel_size": 2, "data_format": "thd", "dense_logits_bytes": 1191178240, "dense_rows": 7840, "distillation_only": false, "elapsed_s": 0.022583159967325628, "element_size": 2, "entropy_from_logits_chunk_size": 2048, "entropy_from_logits_with_chunking": false, "event_id": 79, "logits_dtype": "torch.bfloat16", "logits_saved_bytes": 541044096, "peak_allocated_bytes": 6198730752, "peak_increment_bytes": 1918290432, "pipeline_parallel_size": 2, "projected_rows": 4279, "rank": 7, "response_only_enabled": true, "role": "ref", "selected_rows": 4279, "tensor_parallel_size": 2, "vocab_shard": 75968}
[36m(WorkerDict pid=224933)[0m WARNING:2026-09-11 13:43:44,673:VERL_RESPONSE_ONLY_LM_HEAD_PROFILE {"active_ratio": 0.5457908163265306, "actual_logits_bytes": 650134144, "allocated_before_bytes": 4280440320, "backend": "unfused", "calculate_entropy": false, "calculate_sum_pi_squared": false, "context_parallel_size": 2, "data_format": "thd", "dense_logits_bytes": 1191178240, "dense_rows": 7840, "distillation_only": false, "elapsed_s": 0.022574570029973984, "element_size": 2, "entropy_from_logits_chunk_size": 2048, "entropy_from_logits_with_chunking": false, "event_id": 79, "logits_dtype": "torch.bfloat16", "logits_saved_bytes": 541044096, "peak_allocated_bytes": 6198730752, "peak_increment_bytes": 1918290432, "pipeline_parallel_size": 2, "projected_rows": 4279, "rank": 6, "response_only_enabled": true, "role": "ref", "selected_rows": 4279, "tensor_parallel_size": 2, "vocab_shard": 75968}
[36m(WorkerDict pid=224932)[0m WARNING:2026-09-11 13:43:52,782:VERL_RESPONSE_ONLY_LM_HEAD_PROFILE {"active_ratio": 0.4992350841407445, "actual_logits_bytes": 594981376, "allocated_before_bytes": 25335570432, "backend": "unfused", "calculate_entropy": true, "calculate_sum_pi_squared": false, "context_parallel_size": 2, "data_format": "thd", "dense_logits_bytes": 1191785984, "dense_rows": 7844, "distillation_only": false, "elapsed_s": 0.14609733503311872, "element_size": 2, "entropy_from_logits_chunk_size": 2048, "entropy_from_logits_with_chunking": false, "event_id": 80, "logits_dtype": "torch.bfloat16", "logits_saved_bytes": 596804608, "peak_allocated_bytes": 28905763328, "peak_increment_bytes": 3570192896, "pipeline_parallel_size": 2, "projected_rows": 3916, "rank": 5, "response_only_enabled": true, "role": "actor", "selected_rows": 3916, "tensor_parallel_size": 2, "vocab_shard": 75968}
[36m(WorkerDict pid=224934)[0m WARNING:2026-09-11 13:43:52,785:VERL_RESPONSE_ONLY_LM_HEAD_PROFILE {"active_ratio": 0.5451300356960734, "actual_logits_bytes": 649678336, "allocated_before_bytes": 25335570432, "backend": "unfused", "calculate_entropy": true, "calculate_sum_pi_squared": false, "context_parallel_size": 2, "data_format": "thd", "dense_logits_bytes": 1191785984, "dense_rows": 7844, "distillation_only": false, "elapsed_s": 0.14828961598686874, "element_size": 2, "entropy_from_logits_chunk_size": 2048, "entropy_from_logits_with_chunking": false, "event_id": 80, "logits_dtype": "torch.bfloat16", "logits_saved_bytes": 542107648, "peak_allocated_bytes": 29236911616, "peak_increment_bytes": 3901341184, "pipeline_parallel_size": 2, "projected_rows": 4276, "rank": 7, "response_only_enabled": true, "role": "actor", "selected_rows": 4276, "tensor_parallel_size": 2, "vocab_shard": 75968}
[36m(WorkerDict pid=224933)[0m WARNING:2026-09-11 13:43:52,785:VERL_RESPONSE_ONLY_LM_HEAD_PROFILE {"active_ratio": 0.5451300356960734, "actual_logits_bytes": 649678336, "allocated_before_bytes": 25335570432, "backend": "unfused", "calculate_entropy": true, "calculate_sum_pi_squared": false, "context_parallel_size": 2, "data_format": "thd", "dense_logits_bytes": 1191785984, "dense_rows": 7844, "distillation_only": false, "elapsed_s": 0.14825877593830228, "element_size": 2, "entropy_from_logits_chunk_size": 2048, "entropy_from_logits_with_chunking": false, "event_id": 80, "logits_dtype": "torch.bfloat16", "logits_saved_bytes": 542107648, "peak_allocated_bytes": 29236911616, "peak_increment_bytes": 3901341184, "pipeline_parallel_size": 2, "projected_rows": 4276, "rank": 6, "response_only_enabled": true, "role": "actor", "selected_rows": 4276, "tensor_parallel_size": 2, "vocab_shard": 75968}
[36m(WorkerDict pid=224932)[0m WARNING:2026-09-11 13:43:53,786:VERL_RESPONSE_ONLY_LM_HEAD_PROFILE {"active_ratio": 0.4992350841407445, "actual_logits_bytes": 594981376, "allocated_before_bytes": 26183095296, "backend": "unfused", "calculate_entropy": true, "calculate_sum_pi_squared": false, "context_parallel_size": 2, "data_format": "thd", "dense_logits_bytes": 1191785984, "dense_rows": 7844, "distillation_only": false, "elapsed_s": 0.06580983998719603, "element_size": 2, "entropy_from_logits_chunk_size": 2048, "entropy_from_logits_with_chunking": false, "event_id": 81, "logits_dtype": "torch.bfloat16", "logits_saved_bytes": 596804608, "peak_allocated_bytes": 29753288192, "peak_increment_bytes": 3570192896, "pipeline_parallel_size": 2, "projected_rows": 3916, "rank": 5, "response_only_enabled": true, "role": "actor", "selected_rows": 3916, "tensor_parallel_size": 2, "vocab_shard": 75968}
[36m(WorkerDict pid=224934)[0m WARNING:2026-09-11 13:43:53,789:VERL_RESPONSE_ONLY_LM_HEAD_PROFILE {"active_ratio": 0.5451300356960734, "actual_logits_bytes": 649678336, "allocated_before_bytes": 26183095296, "backend": "unfused", "calculate_entropy": true, "calculate_sum_pi_squared": false, "context_parallel_size": 2, "data_format": "thd", "dense_logits_bytes": 1191785984, "dense_rows": 7844, "distillation_only": false, "elapsed_s": 0.06841744109988213, "element_size": 2, "entropy_from_logits_chunk_size": 2048, "entropy_from_logits_with_chunking": false, "event_id": 81, "logits_dtype": "torch.bfloat16", "logits_saved_bytes": 542107648, "peak_allocated_bytes": 30084436480, "peak_increment_bytes": 3901341184, "pipeline_parallel_size": 2, "projected_rows": 4276, "rank": 7, "response_only_enabled": true, "role": "actor", "selected_rows": 4276, "tensor_parallel_size": 2, "vocab_shard": 75968}
[36m(WorkerDict pid=224933)[0m WARNING:2026-09-11 13:43:53,788:VERL_RESPONSE_ONLY_LM_HEAD_PROFILE {"active_ratio": 0.5451300356960734, "actual_logits_bytes": 649678336, "allocated_before_bytes": 26183095296, "backend": "unfused", "calculate_entropy": true, "calculate_sum_pi_squared": false, "context_parallel_size": 2, "data_format": "thd", "dense_logits_bytes": 1191785984, "dense_rows": 7844, "distillation_only": false, "elapsed_s": 0.06840327102690935, "element_size": 2, "entropy_from_logits_chunk_size": 2048, "entropy_from_logits_with_chunking": false, "event_id": 81, "logits_dtype": "torch.bfloat16", "logits_saved_bytes": 542107648, "peak_allocated_bytes": 30084436480, "peak_increment_bytes": 3901341184, "pipeline_parallel_size": 2, "projected_rows": 4276, "rank": 6, "response_only_enabled": true, "role": "actor", "selected_rows": 4276, "tensor_parallel_size": 2, "vocab_shard": 75968}
[36m(WorkerDict pid=224932)[0m WARNING:2026-09-11 13:43:54,830:VERL_RESPONSE_ONLY_LM_HEAD_PROFILE {"active_ratio": 0.4992350841407445, "actual_logits_bytes": 594981376, "allocated_before_bytes": 26215351808, "backend": "unfused", "calculate_entropy": true, "calculate_sum_pi_squared": false, "context_parallel_size": 2, "data_format": "thd", "dense_logits_bytes": 1191785984, "dense_rows": 7844, "distillation_only": false, "elapsed_s": 0.02980422310065478, "element_size": 2, "entropy_from_logits_chunk_size": 2048, "entropy_from_logits_with_chunking": false, "event_id": 82, "logits_dtype": "torch.bfloat16", "logits_saved_bytes": 596804608, "peak_allocated_bytes": 29785544704, "peak_increment_bytes": 3570192896, "pipeline_parallel_size": 2, "projected_rows": 3916, "rank": 5, "response_only_enabled": true, "role": "actor", "selected_rows": 3916, "tensor_parallel_size": 2, "vocab_shard": 75968}
[36m(WorkerDict pid=224934)[0m WARNING:2026-09-11 13:43:54,832:VERL_RESPONSE_ONLY_LM_HEAD_PROFILE {"active_ratio": 0.5451300356960734, "actual_logits_bytes": 649678336, "allocated_before_bytes": 26215351808, "backend": "unfused", "calculate_entropy": true, "calculate_sum_pi_squared": false, "context_parallel_size": 2, "data_format": "thd", "dense_logits_bytes": 1191785984, "dense_rows": 7844, "distillation_only": false, "elapsed_s": 0.03222980396822095, "element_size": 2, "entropy_from_logits_chunk_size": 2048, "entropy_from_logits_with_chunking": false, "event_id": 82, "logits_dtype": "torch.bfloat16", "logits_saved_bytes": 542107648, "peak_allocated_bytes": 30116692992, "peak_increment_bytes": 3901341184, "pipeline_parallel_size": 2, "projected_rows": 4276, "rank": 7, "response_only_enabled": true, "role": "actor", "selected_rows": 4276, "tensor_parallel_size": 2, "vocab_shard": 75968}
[36m(WorkerDict pid=224933)[0m WARNING:2026-09-11 13:43:54,832:VERL_RESPONSE_ONLY_LM_HEAD_PROFILE {"active_ratio": 0.5451300356960734, "actual_logits_bytes": 649678336, "allocated_before_bytes": 26215351808, "backend": "unfused", "calculate_entropy": true, "calculate_sum_pi_squared": false, "context_parallel_size": 2, "data_format": "thd", "dense_logits_bytes": 1191785984, "dense_rows": 7844, "distillation_only": false, "elapsed_s": 0.032177363988012075, "element_size": 2, "entropy_from_logits_chunk_size": 2048, "entropy_from_logits_with_chunking": false, "event_id": 82, "logits_dtype": "torch.bfloat16", "logits_saved_bytes": 542107648, "peak_allocated_bytes": 30116692992, "peak_increment_bytes": 3901341184, "pipeline_parallel_size": 2, "projected_rows": 4276, "rank": 6, "response_only_enabled": true, "role": "actor", "selected_rows": 4276, "tensor_parallel_size": 2, "vocab_shard": 75968}
[36m(WorkerDict pid=224932)[0m WARNING:2026-09-11 13:43:55,792:VERL_RESPONSE_ONLY_LM_HEAD_PROFILE {"active_ratio": 0.4992350841407445, "actual_logits_bytes": 594981376, "allocated_before_bytes": 26247608320, "backend": "unfused", "calculate_entropy": true, "calculate_sum_pi_squared": false, "context_parallel_size": 2, "data_format": "thd", "dense_logits_bytes": 1191785984, "dense_rows": 7844, "distillation_only": false, "elapsed_s": 0.029665743000805378, "element_size": 2, "entropy_from_logits_chunk_size": 2048, "entropy_from_logits_with_chunking": false, "event_id": 83, "logits_dtype": "torch.bfloat16", "logits_saved_bytes": 596804608, "peak_allocated_bytes": 29817801216, "peak_increment_bytes": 3570192896, "pipeline_parallel_size": 2, "projected_rows": 3916, "rank": 5, "response_only_enabled": true, "role": "actor", "selected_rows": 3916, "tensor_parallel_size": 2, "vocab_shard": 75968}
[36m(WorkerDict pid=224934)[0m WARNING:2026-09-11 13:43:55,794:VERL_RESPONSE_ONLY_LM_HEAD_PROFILE {"active_ratio": 0.5451300356960734, "actual_logits_bytes": 649678336, "allocated_before_bytes": 26247608320, "backend": "unfused", "calculate_entropy": true, "calculate_sum_pi_squared": false, "context_parallel_size": 2, "data_format": "thd", "dense_logits_bytes": 1191785984, "dense_rows": 7844, "distillation_only": false, "elapsed_s": 0.03223475406412035, "element_size": 2, "entropy_from_logits_chunk_size": 2048, "entropy_from_logits_with_chunking": false, "event_id": 83, "logits_dtype": "torch.bfloat16", "logits_saved_bytes": 542107648, "peak_allocated_bytes": 30148949504, "peak_increment_bytes": 3901341184, "pipeline_parallel_size": 2, "projected_rows": 4276, "rank": 7, "response_only_enabled": true, "role": "actor", "selected_rows": 4276, "tensor_parallel_size": 2, "vocab_shard": 75968}
[36m(WorkerDict pid=224933)[0m WARNING:2026-09-11 13:43:55,794:VERL_RESPONSE_ONLY_LM_HEAD_PROFILE {"active_ratio": 0.5451300356960734, "actual_logits_bytes": 649678336, "allocated_before_bytes": 26247608320, "backend": "unfused", "calculate_entropy": true, "calculate_sum_pi_squared": false, "context_parallel_size": 2, "data_format": "thd", "dense_logits_bytes": 1191785984, "dense_rows": 7844, "distillation_only": false, "elapsed_s": 0.03224001405760646, "element_size": 2, "entropy_from_logits_chunk_size": 2048, "entropy_from_logits_with_chunking": false, "event_id": 83, "logits_dtype": "torch.bfloat16", "logits_saved_bytes": 542107648, "peak_allocated_bytes": 30148949504, "peak_increment_bytes": 3901341184, "pipeline_parallel_size": 2, "projected_rows": 4276, "rank": 6, "response_only_enabled": true, "role": "actor", "selected_rows": 4276, "tensor_parallel_size": 2, "vocab_shard": 75968}
[36m(WorkerDict pid=224932)[0m WARNING:2026-09-11 13:43:57,773:VERL_RESPONSE_ONLY_LM_HEAD_PROFILE {"active_ratio": 0.49938514510575505, "actual_logits_bytes": 617012096, "allocated_before_bytes": 26174455808, "backend": "unfused", "calculate_entropy": true, "calculate_sum_pi_squared": false, "context_parallel_size": 2, "data_format": "thd", "dense_logits_bytes": 1235543552, "dense_rows": 8132, "distillation_only": false, "elapsed_s": 0.03214883396867663, "element_size": 2, "entropy_from_logits_chunk_size": 2048, "entropy_from_logits_with_chunking": false, "event_id": 84, "logits_dtype": "torch.bfloat16", "logits_saved_bytes": 618531456, "peak_allocated_bytes": 29876853760, "peak_increment_bytes": 3702397952, "pipeline_parallel_size": 2, "projected_rows": 4061, "rank": 5, "response_only_enabled": true, "role": "actor", "selected_rows": 4061, "tensor_parallel_size": 2, "vocab_shard": 75968}
[36m(WorkerDict pid=224934)[0m WARNING:2026-09-11 13:43:57,773:VERL_RESPONSE_ONLY_LM_HEAD_PROFILE {"active_ratio": 0.5079931136251845, "actual_logits_bytes": 627647616, "allocated_before_bytes": 26174455808, "backend": "unfused", "calculate_entropy": true, "calculate_sum_pi_squared": false, "context_parallel_size": 2, "data_format": "thd", "dense_logits_bytes": 1235543552, "dense_rows": 8132, "distillation_only": false, "elapsed_s": 0.0315761340316385, "element_size": 2, "entropy_from_logits_chunk_size": 2048, "entropy_from_logits_with_chunking": false, "event_id": 84, "logits_dtype": "torch.bfloat16", "logits_saved_bytes": 607895936, "peak_allocated_bytes": 29941245440, "peak_increment_bytes": 3766789632, "pipeline_parallel_size": 2, "projected_rows": 4131, "rank": 7, "response_only_enabled": true, "role": "actor", "selected_rows": 4131, "tensor_parallel_size": 2, "vocab_shard": 75968}
[36m(WorkerDict pid=224933)[0m WARNING:2026-09-11 13:43:57,773:VERL_RESPONSE_ONLY_LM_HEAD_PROFILE {"active_ratio": 0.5079931136251845, "actual_logits_bytes": 627647616, "allocated_before_bytes": 26174455808, "backend": "unfused", "calculate_entropy": true, "calculate_sum_pi_squared": false, "context_parallel_size": 2, "data_format": "thd", "dense_logits_bytes": 1235543552, "dense_rows": 8132, "distillation_only": false, "elapsed_s": 0.03155260405037552, "element_size": 2, "entropy_from_logits_chunk_size": 2048, "entropy_from_logits_with_chunking": false, "event_id": 84, "logits_dtype": "torch.bfloat16", "logits_saved_bytes": 607895936, "peak_allocated_bytes": 29941245440, "peak_increment_bytes": 3766789632, "pipeline_parallel_size": 2, "projected_rows": 4131, "rank": 6, "response_only_enabled": true, "role": "actor", "selected_rows": 4131, "tensor_parallel_size": 2, "vocab_shard": 75968}
[36m(WorkerDict pid=224932)[0m WARNING:2026-09-11 13:43:58,764:VERL_RESPONSE_ONLY_LM_HEAD_PROFILE {"active_ratio": 0.49938514510575505, "actual_logits_bytes": 617012096, "allocated_before_bytes": 26207897600, "backend": "unfused", "calculate_entropy": true, "calculate_sum_pi_squared": false, "context_parallel_size": 2, "data_format": "thd", "dense_logits_bytes": 1235543552, "dense_rows": 8132, "distillation_only": false, "elapsed_s": 0.030747434007935226, "element_size": 2, "entropy_from_logits_chunk_size": 2048, "entropy_from_logits_with_chunking": false, "event_id": 85, "logits_dtype": "torch.bfloat16", "logits_saved_bytes": 618531456, "peak_allocated_bytes": 29910295552, "peak_increment_bytes": 3702397952, "pipeline_parallel_size": 2, "projected_rows": 4061, "rank": 5, "response_only_enabled": true, "role": "actor", "selected_rows": 4061, "tensor_parallel_size": 2, "vocab_shard": 75968}
[36m(WorkerDict pid=224934)[0m WARNING:2026-09-11 13:43:58,765:VERL_RESPONSE_ONLY_LM_HEAD_PROFILE {"active_ratio": 0.5079931136251845, "actual_logits_bytes": 627647616, "allocated_before_bytes": 26207897600, "backend": "unfused", "calculate_entropy": true, "calculate_sum_pi_squared": false, "context_parallel_size": 2, "data_format": "thd", "dense_logits_bytes": 1235543552, "dense_rows": 8132, "distillation_only": false, "elapsed_s": 0.031791633926332, "element_size": 2, "entropy_from_logits_chunk_size": 2048, "entropy_from_logits_with_chunking": false, "event_id": 85, "logits_dtype": "torch.bfloat16", "logits_saved_bytes": 607895936, "peak_allocated_bytes": 29974687232, "peak_increment_bytes": 3766789632, "pipeline_parallel_size": 2, "projected_rows": 4131, "rank": 7, "response_only_enabled": true, "role": "actor", "selected_rows": 4131, "tensor_parallel_size": 2, "vocab_shard": 75968}
[36m(WorkerDict pid=224933)[0m WARNING:2026-09-11 13:43:58,765:VERL_RESPONSE_ONLY_LM_HEAD_PROFILE {"active_ratio": 0.5079931136251845, "actual_logits_bytes": 627647616, "allocated_before_bytes": 26207897600, "backend": "unfused", "calculate_entropy": true, "calculate_sum_pi_squared": false, "context_parallel_size": 2, "data_format": "thd", "dense_logits_bytes": 1235543552, "dense_rows": 8132, "distillation_only": false, "elapsed_s": 0.031696454039774835, "element_size": 2, "entropy_from_logits_chunk_size": 2048, "entropy_from_logits_with_chunking": false, "event_id": 85, "logits_dtype": "torch.bfloat16", "logits_saved_bytes": 607895936, "peak_allocated_bytes": 29974687232, "peak_increment_bytes": 3766789632, "pipeline_parallel_size": 2, "projected_rows": 4131, "rank": 6, "response_only_enabled": true, "role": "actor", "selected_rows": 4131, "tensor_parallel_size": 2, "vocab_shard": 75968}
[36m(WorkerDict pid=224932)[0m WARNING:2026-09-11 13:43:59,751:VERL_RESPONSE_ONLY_LM_HEAD_PROFILE {"active_ratio": 0.49938514510575505, "actual_logits_bytes": 617012096, "allocated_before_bytes": 26241338880, "backend": "unfused", "calculate_entropy": true, "calculate_sum_pi_squared": false, "context_parallel_size": 2, "data_format": "thd", "dense_logits_bytes": 1235543552, "dense_rows": 8132, "distillation_only": false, "elapsed_s": 0.03052603406831622, "element_size": 2, "entropy_from_logits_chunk_size": 2048, "entropy_from_logits_with_chunking": false, "event_id": 86, "logits_dtype": "torch.bfloat16", "logits_saved_bytes": 618531456, "peak_allocated_bytes": 29943736832, "peak_increment_bytes": 3702397952, "pipeline_parallel_size": 2, "projected_rows": 4061, "rank": 5, "response_only_enabled": true, "role": "actor", "selected_rows": 4061, "tensor_parallel_size": 2, "vocab_shard": 75968}
[36m(WorkerDict pid=224934)[0m WARNING:2026-09-11 13:43:59,752:VERL_RESPONSE_ONLY_LM_HEAD_PROFILE {"active_ratio": 0.5079931136251845, "actual_logits_bytes": 627647616, "allocated_before_bytes": 26241338880, "backend": "unfused", "calculate_entropy": true, "calculate_sum_pi_squared": false, "context_parallel_size": 2, "data_format": "thd", "dense_logits_bytes": 1235543552, "dense_rows": 8132, "distillation_only": false, "elapsed_s": 0.03168027498759329, "element_size": 2, "entropy_from_logits_chunk_size": 2048, "entropy_from_logits_with_chunking": false, "event_id": 86, "logits_dtype": "torch.bfloat16", "logits_saved_bytes": 607895936, "peak_allocated_bytes": 30008128512, "peak_increment_bytes": 3766789632, "pipeline_parallel_size": 2, "projected_rows": 4131, "rank": 7, "response_only_enabled": true, "role": "actor", "selected_rows": 4131, "tensor_parallel_size": 2, "vocab_shard": 75968}
[36m(WorkerDict pid=224933)[0m WARNING:2026-09-11 13:43:59,752:VERL_RESPONSE_ONLY_LM_HEAD_PROFILE {"active_ratio": 0.5079931136251845, "actual_logits_bytes": 627647616, "allocated_before_bytes": 26241338880, "backend": "unfused", "calculate_entropy": true, "calculate_sum_pi_squared": false, "context_parallel_size": 2, "data_format": "thd", "dense_logits_bytes": 1235543552, "dense_rows": 8132, "distillation_only": false, "elapsed_s": 0.03164348402060568, "element_size": 2, "entropy_from_logits_chunk_size": 2048, "entropy_from_logits_with_chunking": false, "event_id": 86, "logits_dtype": "torch.bfloat16", "logits_saved_bytes": 607895936, "peak_allocated_bytes": 30008128512, "peak_increment_bytes": 3766789632, "pipeline_parallel_size": 2, "projected_rows": 4131, "rank": 6, "response_only_enabled": true, "role": "actor", "selected_rows": 4131, "tensor_parallel_size": 2, "vocab_shard": 75968}
[36m(WorkerDict pid=224932)[0m WARNING:2026-09-11 13:44:00,741:VERL_RESPONSE_ONLY_LM_HEAD_PROFILE {"active_ratio": 0.49938514510575505, "actual_logits_bytes": 617012096, "allocated_before_bytes": 26274780160, "backend": "unfused", "calculate_entropy": true, "calculate_sum_pi_squared": false, "context_parallel_size": 2, "data_format": "thd", "dense_logits_bytes": 1235543552, "dense_rows": 8132, "distillation_only": false, "elapsed_s": 0.030647843959741294, "element_size": 2, "entropy_from_logits_chunk_size": 2048, "entropy_from_logits_with_chunking": false, "event_id": 87, "logits_dtype": "torch.bfloat16", "logits_saved_bytes": 618531456, "peak_allocated_bytes": 29977178112, "peak_increment_bytes": 3702397952, "pipeline_parallel_size": 2, "projected_rows": 4061, "rank": 5, "response_only_enabled": true, "role": "actor", "selected_rows": 4061, "tensor_parallel_size": 2, "vocab_shard": 75968}
[36m(WorkerDict pid=224934)[0m WARNING:2026-09-11 13:44:00,742:VERL_RESPONSE_ONLY_LM_HEAD_PROFILE {"active_ratio": 0.5079931136251845, "actual_logits_bytes": 627647616, "allocated_before_bytes": 26274780160, "backend": "unfused", "calculate_entropy": true, "calculate_sum_pi_squared": false, "context_parallel_size": 2, "data_format": "thd", "dense_logits_bytes": 1235543552, "dense_rows": 8132, "distillation_only": false, "elapsed_s": 0.03182269399985671, "element_size": 2, "entropy_from_logits_chunk_size": 2048, "entropy_from_logits_with_chunking": false, "event_id": 87, "logits_dtype": "torch.bfloat16", "logits_saved_bytes": 607895936, "peak_allocated_bytes": 30041569792, "peak_increment_bytes": 3766789632, "pipeline_parallel_size": 2, "projected_rows": 4131, "rank": 7, "response_only_enabled": true, "role": "actor", "selected_rows": 4131, "tensor_parallel_size": 2, "vocab_shard": 75968}
[36m(WorkerDict pid=224933)[0m WARNING:2026-09-11 13:44:00,742:VERL_RESPONSE_ONLY_LM_HEAD_PROFILE {"active_ratio": 0.5079931136251845, "actual_logits_bytes": 627647616, "allocated_before_bytes": 26274780160, "backend": "unfused", "calculate_entropy": true, "calculate_sum_pi_squared": false, "context_parallel_size": 2, "data_format": "thd", "dense_logits_bytes": 1235543552, "dense_rows": 8132, "distillation_only": false, "elapsed_s": 0.031702324049547315, "element_size": 2, "entropy_from_logits_chunk_size": 2048, "entropy_from_logits_with_chunking": false, "event_id": 87, "logits_dtype": "torch.bfloat16", "logits_saved_bytes": 607895936, "peak_allocated_bytes": 30041569792, "peak_increment_bytes": 3766789632, "pipeline_parallel_size": 2, "projected_rows": 4131, "rank": 6, "response_only_enabled": true, "role": "actor", "selected_rows": 4131, "tensor_parallel_size": 2, "vocab_shard": 75968}
[36m(WorkerDict pid=224932)[0m WARNING:2026-09-11 13:44:02,760:VERL_RESPONSE_ONLY_LM_HEAD_PROFILE {"active_ratio": 0.4992350841407445, "actual_logits_bytes": 594981376, "allocated_before_bytes": 26150838272, "backend": "unfused", "calculate_entropy": true, "calculate_sum_pi_squared": false, "context_parallel_size": 2, "data_format": "thd", "dense_logits_bytes": 1191785984, "dense_rows": 7844, "distillation_only": false, "elapsed_s": 0.02968200296163559, "element_size": 2, "entropy_from_logits_chunk_size": 2048, "entropy_from_logits_with_chunking": false, "event_id": 88, "logits_dtype": "torch.bfloat16", "logits_saved_bytes": 596804608, "peak_allocated_bytes": 29721031168, "peak_increment_bytes": 3570192896, "pipeline_parallel_size": 2, "projected_rows": 3916, "rank": 5, "response_only_enabled": true, "role": "actor", "selected_rows": 3916, "tensor_parallel_size": 2, "vocab_shard": 75968}
[36m(WorkerDict pid=224934)[0m WARNING:2026-09-11 13:44:02,762:VERL_RESPONSE_ONLY_LM_HEAD_PROFILE {"active_ratio": 0.5451300356960734, "actual_logits_bytes": 649678336, "allocated_before_bytes": 26150838272, "backend": "unfused", "calculate_entropy": true, "calculate_sum_pi_squared": false, "context_parallel_size": 2, "data_format": "thd", "dense_logits_bytes": 1191785984, "dense_rows": 7844, "distillation_only": false, "elapsed_s": 0.032510124030523, "element_size": 2, "entropy_from_logits_chunk_size": 2048, "entropy_from_logits_with_chunking": false, "event_id": 88, "logits_dtype": "torch.bfloat16", "logits_saved_bytes": 542107648, "peak_allocated_bytes": 30052179456, "peak_increment_bytes": 3901341184, "pipeline_parallel_size": 2, "projected_rows": 4276, "rank": 7, "response_only_enabled": true, "role": "actor", "selected_rows": 4276, "tensor_parallel_size": 2, "vocab_shard": 75968}
[36m(WorkerDict pid=224933)[0m WARNING:2026-09-11 13:44:02,762:VERL_RESPONSE_ONLY_LM_HEAD_PROFILE {"active_ratio": 0.5451300356960734, "actual_logits_bytes": 649678336, "allocated_before_bytes": 26150838272, "backend": "unfused", "calculate_entropy": true, "calculate_sum_pi_squared": false, "context_parallel_size": 2, "data_format": "thd", "dense_logits_bytes": 1191785984, "dense_rows": 7844, "distillation_only": false, "elapsed_s": 0.0323655140819028, "element_size": 2, "entropy_from_logits_chunk_size": 2048, "entropy_from_logits_with_chunking": false, "event_id": 88, "logits_dtype": "torch.bfloat16", "logits_saved_bytes": 542107648, "peak_allocated_bytes": 30052179456, "peak_increment_bytes": 3901341184, "pipeline_parallel_size": 2, "projected_rows": 4276, "rank": 6, "response_only_enabled": true, "role": "actor", "selected_rows": 4276, "tensor_parallel_size": 2, "vocab_shard": 75968}
[36m(WorkerDict pid=224932)[0m WARNING:2026-09-11 13:44:03,718:VERL_RESPONSE_ONLY_LM_HEAD_PROFILE {"active_ratio": 0.4992350841407445, "actual_logits_bytes": 594981376, "allocated_before_bytes": 26183095296, "backend": "unfused", "calculate_entropy": true, "calculate_sum_pi_squared": false, "context_parallel_size": 2, "data_format": "thd", "dense_logits_bytes": 1191785984, "dense_rows": 7844, "distillation_only": false, "elapsed_s": 0.02994301402941346, "element_size": 2, "entropy_from_logits_chunk_size": 2048, "entropy_from_logits_with_chunking": false, "event_id": 89, "logits_dtype": "torch.bfloat16", "logits_saved_bytes": 596804608, "peak_allocated_bytes": 29753288192, "peak_increment_bytes": 3570192896, "pipeline_parallel_size": 2, "projected_rows": 3916, "rank": 5, "response_only_enabled": true, "role": "actor", "selected_rows": 3916, "tensor_parallel_size": 2, "vocab_shard": 75968}
[36m(WorkerDict pid=224934)[0m WARNING:2026-09-11 13:44:03,721:VERL_RESPONSE_ONLY_LM_HEAD_PROFILE {"active_ratio": 0.5451300356960734, "actual_logits_bytes": 649678336, "allocated_before_bytes": 26183095296, "backend": "unfused", "calculate_entropy": true, "calculate_sum_pi_squared": false, "context_parallel_size": 2, "data_format": "thd", "dense_logits_bytes": 1191785984, "dense_rows": 7844, "distillation_only": false, "elapsed_s": 0.03273270500358194, "element_size": 2, "entropy_from_logits_chunk_size": 2048, "entropy_from_logits_with_chunking": false, "event_id": 89, "logits_dtype": "torch.bfloat16", "logits_saved_bytes": 542107648, "peak_allocated_bytes": 30084436480, "peak_increment_bytes": 3901341184, "pipeline_parallel_size": 2, "projected_rows": 4276, "rank": 7, "response_only_enabled": true, "role": "actor", "selected_rows": 4276, "tensor_parallel_size": 2, "vocab_shard": 75968}
[36m(WorkerDict pid=224933)[0m WARNING:2026-09-11 13:44:03,721:VERL_RESPONSE_ONLY_LM_HEAD_PROFILE {"active_ratio": 0.5451300356960734, "actual_logits_bytes": 649678336, "allocated_before_bytes": 26183095296, "backend": "unfused", "calculate_entropy": true, "calculate_sum_pi_squared": false, "context_parallel_size": 2, "data_format": "thd", "dense_logits_bytes": 1191785984, "dense_rows": 7844, "distillation_only": false, "elapsed_s": 0.03271917498204857, "element_size": 2, "entropy_from_logits_chunk_size": 2048, "entropy_from_logits_with_chunking": false, "event_id": 89, "logits_dtype": "torch.bfloat16", "logits_saved_bytes": 542107648, "peak_allocated_bytes": 30084436480, "peak_increment_bytes": 3901341184, "pipeline_parallel_size": 2, "projected_rows": 4276, "rank": 6, "response_only_enabled": true, "role": "actor", "selected_rows": 4276, "tensor_parallel_size": 2, "vocab_shard": 75968}
[36m(WorkerDict pid=224932)[0m WARNING:2026-09-11 13:44:04,678:VERL_RESPONSE_ONLY_LM_HEAD_PROFILE {"active_ratio": 0.4992350841407445, "actual_logits_bytes": 594981376, "allocated_before_bytes": 26215351808, "backend": "unfused", "calculate_entropy": true, "calculate_sum_pi_squared": false, "context_parallel_size": 2, "data_format": "thd", "dense_logits_bytes": 1191785984, "dense_rows": 7844, "distillation_only": false, "elapsed_s": 0.029925883980467916, "element_size": 2, "entropy_from_logits_chunk_size": 2048, "entropy_from_logits_with_chunking": false, "event_id": 90, "logits_dtype": "torch.bfloat16", "logits_saved_bytes": 596804608, "peak_allocated_bytes": 29785544704, "peak_increment_bytes": 3570192896, "pipeline_parallel_size": 2, "projected_rows": 3916, "rank": 5, "response_only_enabled": true, "role": "actor", "selected_rows": 3916, "tensor_parallel_size": 2, "vocab_shard": 75968}
[36m(WorkerDict pid=224934)[0m WARNING:2026-09-11 13:44:04,680:VERL_RESPONSE_ONLY_LM_HEAD_PROFILE {"active_ratio": 0.5451300356960734, "actual_logits_bytes": 649678336, "allocated_before_bytes": 26215351808, "backend": "unfused", "calculate_entropy": true, "calculate_sum_pi_squared": false, "context_parallel_size": 2, "data_format": "thd", "dense_logits_bytes": 1191785984, "dense_rows": 7844, "distillation_only": false, "elapsed_s": 0.032436685054562986, "element_size": 2, "entropy_from_logits_chunk_size": 2048, "entropy_from_logits_with_chunking": false, "event_id": 90, "logits_dtype": "torch.bfloat16", "logits_saved_bytes": 542107648, "peak_allocated_bytes": 30116692992, "peak_increment_bytes": 3901341184, "pipeline_parallel_size": 2, "projected_rows": 4276, "rank": 7, "response_only_enabled": true, "role": "actor", "selected_rows": 4276, "tensor_parallel_size": 2, "vocab_shard": 75968}
[36m(WorkerDict pid=224933)[0m WARNING:2026-09-11 13:44:04,680:VERL_RESPONSE_ONLY_LM_HEAD_PROFILE {"active_ratio": 0.5451300356960734, "actual_logits_bytes": 649678336, "allocated_before_bytes": 26215351808, "backend": "unfused", "calculate_entropy": true, "calculate_sum_pi_squared": false, "context_parallel_size": 2, "data_format": "thd", "dense_logits_bytes": 1191785984, "dense_rows": 7844, "distillation_only": false, "elapsed_s": 0.03242382500320673, "element_size": 2, "entropy_from_logits_chunk_size": 2048, "entropy_from_logits_with_chunking": false, "event_id": 90, "logits_dtype": "torch.bfloat16", "logits_saved_bytes": 542107648, "peak_allocated_bytes": 30116692992, "peak_increment_bytes": 3901341184, "pipeline_parallel_size": 2, "projected_rows": 4276, "rank": 6, "response_only_enabled": true, "role": "actor", "selected_rows": 4276, "tensor_parallel_size": 2, "vocab_shard": 75968}
[36m(WorkerDict pid=224932)[0m WARNING:2026-09-11 13:44:05,638:VERL_RESPONSE_ONLY_LM_HEAD_PROFILE {"active_ratio": 0.4992350841407445, "actual_logits_bytes": 594981376, "allocated_before_bytes": 26247608320, "backend": "unfused", "calculate_entropy": true, "calculate_sum_pi_squared": false, "context_parallel_size": 2, "data_format": "thd", "dense_logits_bytes": 1191785984, "dense_rows": 7844, "distillation_only": false, "elapsed_s": 0.02986572391819209, "element_size": 2, "entropy_from_logits_chunk_size": 2048, "entropy_from_logits_with_chunking": false, "event_id": 91, "logits_dtype": "torch.bfloat16", "logits_saved_bytes": 596804608, "peak_allocated_bytes": 29817801216, "peak_increment_bytes": 3570192896, "pipeline_parallel_size": 2, "projected_rows": 3916, "rank": 5, "response_only_enabled": true, "role": "actor", "selected_rows": 3916, "tensor_parallel_size": 2, "vocab_shard": 75968}
[36m(WorkerDict pid=224934)[0m WARNING:2026-09-11 13:44:05,640:VERL_RESPONSE_ONLY_LM_HEAD_PROFILE {"active_ratio": 0.5451300356960734, "actual_logits_bytes": 649678336, "allocated_before_bytes": 26247608320, "backend": "unfused", "calculate_entropy": true, "calculate_sum_pi_squared": false, "context_parallel_size": 2, "data_format": "thd", "dense_logits_bytes": 1191785984, "dense_rows": 7844, "distillation_only": false, "elapsed_s": 0.03231624502222985, "element_size": 2, "entropy_from_logits_chunk_size": 2048, "entropy_from_logits_with_chunking": false, "event_id": 91, "logits_dtype": "torch.bfloat16", "logits_saved_bytes": 542107648, "peak_allocated_bytes": 30148949504, "peak_increment_bytes": 3901341184, "pipeline_parallel_size": 2, "projected_rows": 4276, "rank": 7, "response_only_enabled": true, "role": "actor", "selected_rows": 4276, "tensor_parallel_size": 2, "vocab_shard": 75968}
[36m(WorkerDict pid=224933)[0m WARNING:2026-09-11 13:44:05,640:VERL_RESPONSE_ONLY_LM_HEAD_PROFILE {"active_ratio": 0.5451300356960734, "actual_logits_bytes": 649678336, "allocated_before_bytes": 26247608320, "backend": "unfused", "calculate_entropy": true, "calculate_sum_pi_squared": false, "context_parallel_size": 2, "data_format": "thd", "dense_logits_bytes": 1191785984, "dense_rows": 7844, "distillation_only": false, "elapsed_s": 0.03246508492156863, "element_size": 2, "entropy_from_logits_chunk_size": 2048, "entropy_from_logits_with_chunking": false, "event_id": 91, "logits_dtype": "torch.bfloat16", "logits_saved_bytes": 542107648, "peak_allocated_bytes": 30148949504, "peak_increment_bytes": 3901341184, "pipeline_parallel_size": 2, "projected_rows": 4276, "rank": 6, "response_only_enabled": true, "role": "actor", "selected_rows": 4276, "tensor_parallel_size": 2, "vocab_shard": 75968}
[36m(WorkerDict pid=224932)[0m WARNING:2026-09-11 13:44:07,605:VERL_RESPONSE_ONLY_LM_HEAD_PROFILE {"active_ratio": 0.49910714285714286, "actual_logits_bytes": 594525568, "allocated_before_bytes": 26150508544, "backend": "unfused", "calculate_entropy": true, "calculate_sum_pi_squared": false, "context_parallel_size": 2, "data_format": "thd", "dense_logits_bytes": 1191178240, "dense_rows": 7840, "distillation_only": false, "elapsed_s": 0.0298040829366073, "element_size": 2, "entropy_from_logits_chunk_size": 2048, "entropy_from_logits_with_chunking": false, "event_id": 92, "logits_dtype": "torch.bfloat16", "logits_saved_bytes": 596652672, "peak_allocated_bytes": 29717959168, "peak_increment_bytes": 3567450624, "pipeline_parallel_size": 2, "projected_rows": 3913, "rank": 5, "response_only_enabled": true, "role": "actor", "selected_rows": 3913, "tensor_parallel_size": 2, "vocab_shard": 75968}
[36m(WorkerDict pid=224934)[0m WARNING:2026-09-11 13:44:07,607:VERL_RESPONSE_ONLY_LM_HEAD_PROFILE {"active_ratio": 0.5457908163265306, "actual_logits_bytes": 650134144, "allocated_before_bytes": 26150508544, "backend": "unfused", "calculate_entropy": true, "calculate_sum_pi_squared": false, "context_parallel_size": 2, "data_format": "thd", "dense_logits_bytes": 1191178240, "dense_rows": 7840, "distillation_only": false, "elapsed_s": 0.032273503951728344, "element_size": 2, "entropy_from_logits_chunk_size": 2048, "entropy_from_logits_with_chunking": false, "event_id": 92, "logits_dtype": "torch.bfloat16", "logits_saved_bytes": 541044096, "peak_allocated_bytes": 30054626304, "peak_increment_bytes": 3904117760, "pipeline_parallel_size": 2, "projected_rows": 4279, "rank": 7, "response_only_enabled": true, "role": "actor", "selected_rows": 4279, "tensor_parallel_size": 2, "vocab_shard": 75968}
[36m(WorkerDict pid=224933)[0m WARNING:2026-09-11 13:44:07,607:VERL_RESPONSE_ONLY_LM_HEAD_PROFILE {"active_ratio": 0.5457908163265306, "actual_logits_bytes": 650134144, "allocated_before_bytes": 26150508544, "backend": "unfused", "calculate_entropy": true, "calculate_sum_pi_squared": false, "context_parallel_size": 2, "data_format": "thd", "dense_logits_bytes": 1191178240, "dense_rows": 7840, "distillation_only": false, "elapsed_s": 0.03234989393968135, "element_size": 2, "entropy_from_logits_chunk_size": 2048, "entropy_from_logits_with_chunking": false, "event_id": 92, "logits_dtype": "torch.bfloat16", "logits_saved_bytes": 541044096, "peak_allocated_bytes": 30054626304, "peak_increment_bytes": 3904117760, "pipeline_parallel_size": 2, "projected_rows": 4279, "rank": 6, "response_only_enabled": true, "role": "actor", "selected_rows": 4279, "tensor_parallel_size": 2, "vocab_shard": 75968}
[36m(WorkerDict pid=224932)[0m WARNING:2026-09-11 13:44:08,564:VERL_RESPONSE_ONLY_LM_HEAD_PROFILE {"active_ratio": 0.49910714285714286, "actual_logits_bytes": 594525568, "allocated_before_bytes": 26182749184, "backend": "unfused", "calculate_entropy": true, "calculate_sum_pi_squared": false, "context_parallel_size": 2, "data_format": "thd", "dense_logits_bytes": 1191178240, "dense_rows": 7840, "distillation_only": false, "elapsed_s": 0.029809553059749305, "element_size": 2, "entropy_from_logits_chunk_size": 2048, "entropy_from_logits_with_chunking": false, "event_id": 93, "logits_dtype": "torch.bfloat16", "logits_saved_bytes": 596652672, "peak_allocated_bytes": 29750199808, "peak_increment_bytes": 3567450624, "pipeline_parallel_size": 2, "projected_rows": 3913, "rank": 5, "response_only_enabled": true, "role": "actor", "selected_rows": 3913, "tensor_parallel_size": 2, "vocab_shard": 75968}
[36m(WorkerDict pid=224934)[0m WARNING:2026-09-11 13:44:08,567:VERL_RESPONSE_ONLY_LM_HEAD_PROFILE {"active_ratio": 0.5457908163265306, "actual_logits_bytes": 650134144, "allocated_before_bytes": 26182749184, "backend": "unfused", "calculate_entropy": true, "calculate_sum_pi_squared": false, "context_parallel_size": 2, "data_format": "thd", "dense_logits_bytes": 1191178240, "dense_rows": 7840, "distillation_only": false, "elapsed_s": 0.032432063948363066, "element_size": 2, "entropy_from_logits_chunk_size": 2048, "entropy_from_logits_with_chunking": false, "event_id": 93, "logits_dtype": "torch.bfloat16", "logits_saved_bytes": 541044096, "peak_allocated_bytes": 30086866944, "peak_increment_bytes": 3904117760, "pipeline_parallel_size": 2, "projected_rows": 4279, "rank": 7, "response_only_enabled": true, "role": "actor", "selected_rows": 4279, "tensor_parallel_size": 2, "vocab_shard": 75968}
[36m(WorkerDict pid=224933)[0m WARNING:2026-09-11 13:44:08,567:VERL_RESPONSE_ONLY_LM_HEAD_PROFILE {"active_ratio": 0.5457908163265306, "actual_logits_bytes": 650134144, "allocated_before_bytes": 26182749184, "backend": "unfused", "calculate_entropy": true, "calculate_sum_pi_squared": false, "context_parallel_size": 2, "data_format": "thd", "dense_logits_bytes": 1191178240, "dense_rows": 7840, "distillation_only": false, "elapsed_s": 0.03240616398397833, "element_size": 2, "entropy_from_logits_chunk_size": 2048, "entropy_from_logits_with_chunking": false, "event_id": 93, "logits_dtype": "torch.bfloat16", "logits_saved_bytes": 541044096, "peak_allocated_bytes": 30086866944, "peak_increment_bytes": 3904117760, "pipeline_parallel_size": 2, "projected_rows": 4279, "rank": 6, "response_only_enabled": true, "role": "actor", "selected_rows": 4279, "tensor_parallel_size": 2, "vocab_shard": 75968}
[36m(WorkerDict pid=224932)[0m WARNING:2026-09-11 13:44:09,526:VERL_RESPONSE_ONLY_LM_HEAD_PROFILE {"active_ratio": 0.49910714285714286, "actual_logits_bytes": 594525568, "allocated_before_bytes": 26214989312, "backend": "unfused", "calculate_entropy": true, "calculate_sum_pi_squared": false, "context_parallel_size": 2, "data_format": "thd", "dense_logits_bytes": 1191178240, "dense_rows": 7840, "distillation_only": false, "elapsed_s": 0.029929663985967636, "element_size": 2, "entropy_from_logits_chunk_size": 2048, "entropy_from_logits_with_chunking": false, "event_id": 94, "logits_dtype": "torch.bfloat16", "logits_saved_bytes": 596652672, "peak_allocated_bytes": 29782439936, "peak_increment_bytes": 3567450624, "pipeline_parallel_size": 2, "projected_rows": 3913, "rank": 5, "response_only_enabled": true, "role": "actor", "selected_rows": 3913, "tensor_parallel_size": 2, "vocab_shard": 75968}
[36m(WorkerDict pid=224934)[0m WARNING:2026-09-11 13:44:09,528:VERL_RESPONSE_ONLY_LM_HEAD_PROFILE {"active_ratio": 0.5457908163265306, "actual_logits_bytes": 650134144, "allocated_before_bytes": 26214989312, "backend": "unfused", "calculate_entropy": true, "calculate_sum_pi_squared": false, "context_parallel_size": 2, "data_format": "thd", "dense_logits_bytes": 1191178240, "dense_rows": 7840, "distillation_only": false, "elapsed_s": 0.03247379406820983, "element_size": 2, "entropy_from_logits_chunk_size": 2048, "entropy_from_logits_with_chunking": false, "event_id": 94, "logits_dtype": "torch.bfloat16", "logits_saved_bytes": 541044096, "peak_allocated_bytes": 30119107072, "peak_increment_bytes": 3904117760, "pipeline_parallel_size": 2, "projected_rows": 4279, "rank": 7, "response_only_enabled": true, "role": "actor", "selected_rows": 4279, "tensor_parallel_size": 2, "vocab_shard": 75968}
[36m(WorkerDict pid=224933)[0m WARNING:2026-09-11 13:44:09,529:VERL_RESPONSE_ONLY_LM_HEAD_PROFILE {"active_ratio": 0.5457908163265306, "actual_logits_bytes": 650134144, "allocated_before_bytes": 26214989312, "backend": "unfused", "calculate_entropy": true, "calculate_sum_pi_squared": false, "context_parallel_size": 2, "data_format": "thd", "dense_logits_bytes": 1191178240, "dense_rows": 7840, "distillation_only": false, "elapsed_s": 0.03250739397481084, "element_size": 2, "entropy_from_logits_chunk_size": 2048, "entropy_from_logits_with_chunking": false, "event_id": 94, "logits_dtype": "torch.bfloat16", "logits_saved_bytes": 541044096, "peak_allocated_bytes": 30119107072, "peak_increment_bytes": 3904117760, "pipeline_parallel_size": 2, "projected_rows": 4279, "rank": 6, "response_only_enabled": true, "role": "actor", "selected_rows": 4279, "tensor_parallel_size": 2, "vocab_shard": 75968}
[36m(WorkerDict pid=224932)[0m WARNING:2026-09-11 13:44:10,484:VERL_RESPONSE_ONLY_LM_HEAD_PROFILE {"active_ratio": 0.49910714285714286, "actual_logits_bytes": 594525568, "allocated_before_bytes": 26247229440, "backend": "unfused", "calculate_entropy": true, "calculate_sum_pi_squared": false, "context_parallel_size": 2, "data_format": "thd", "dense_logits_bytes": 1191178240, "dense_rows": 7840, "distillation_only": false, "elapsed_s": 0.02991571300663054, "element_size": 2, "entropy_from_logits_chunk_size": 2048, "entropy_from_logits_with_chunking": false, "event_id": 95, "logits_dtype": "torch.bfloat16", "logits_saved_bytes": 596652672, "peak_allocated_bytes": 29814680064, "peak_increment_bytes": 3567450624, "pipeline_parallel_size": 2, "projected_rows": 3913, "rank": 5, "response_only_enabled": true, "role": "actor", "selected_rows": 3913, "tensor_parallel_size": 2, "vocab_shard": 75968}
[36m(WorkerDict pid=224934)[0m WARNING:2026-09-11 13:44:10,486:VERL_RESPONSE_ONLY_LM_HEAD_PROFILE {"active_ratio": 0.5457908163265306, "actual_logits_bytes": 650134144, "allocated_before_bytes": 26247229440, "backend": "unfused", "calculate_entropy": true, "calculate_sum_pi_squared": false, "context_parallel_size": 2, "data_format": "thd", "dense_logits_bytes": 1191178240, "dense_rows": 7840, "distillation_only": false, "elapsed_s": 0.03241843404248357, "element_size": 2, "entropy_from_logits_chunk_size": 2048, "entropy_from_logits_with_chunking": false, "event_id": 95, "logits_dtype": "torch.bfloat16", "logits_saved_bytes": 541044096, "peak_allocated_bytes": 30151347200, "peak_increment_bytes": 3904117760, "pipeline_parallel_size": 2, "projected_rows": 4279, "rank": 7, "response_only_enabled": true, "role": "actor", "selected_rows": 4279, "tensor_parallel_size": 2, "vocab_shard": 75968}
[36m(WorkerDict pid=224933)[0m WARNING:2026-09-11 13:44:10,486:VERL_RESPONSE_ONLY_LM_HEAD_PROFILE {"active_ratio": 0.5457908163265306, "actual_logits_bytes": 650134144, "allocated_before_bytes": 26247229440, "backend": "unfused", "calculate_entropy": true, "calculate_sum_pi_squared": false, "context_parallel_size": 2, "data_format": "thd", "dense_logits_bytes": 1191178240, "dense_rows": 7840, "distillation_only": false, "elapsed_s": 0.032390593900345266, "element_size": 2, "entropy_from_logits_chunk_size": 2048, "entropy_from_logits_with_chunking": false, "event_id": 95, "logits_dtype": "torch.bfloat16", "logits_saved_bytes": 541044096, "peak_allocated_bytes": 30151347200, "peak_increment_bytes": 3904117760, "pipeline_parallel_size": 2, "projected_rows": 4279, "rank": 6, "response_only_enabled": true, "role": "actor", "selected_rows": 4279, "tensor_parallel_size": 2, "vocab_shard": 75968}
[36m(vLLMHttpServer pid=228478)[0m (EngineCore pid=229070) WARNING 09-11 13:44:18 [scheduler.py:1948] reset_connector called but no KV connector is configured.
[36m(vLLMHttpServer pid=228479)[0m (EngineCore pid=229094) WARNING 09-11 13:44:18 [scheduler.py:1948] reset_connector called but no KV connector is configured.
[36m(WorkerDict pid=224927)[0m Converting to HuggingFace ━━━━━━━━━━━━━━━━━━━━━━━━━━━━━━━━━━━━━━━━ 100% 0:00:00 (291/291) Qwen3Bridge
[36m(vLLMHttpServer pid=228478)[0m (EngineCore pid=229070) WARNING 09-11 13:44:19 [scheduler.py:1948] reset_connector called but no KV connector is configured.
[36m(vLLMHttpServer pid=228479)[0m (EngineCore pid=229094) WARNING 09-11 13:44:19 [scheduler.py:1948] reset_connector called but no KV connector is configured.
[36m(vLLMHttpServer pid=228479)[0m (EngineCore pid=229094) WARNING 09-11 13:44:22 [scheduler.py:1948] reset_connector called but no KV connector is configured.
[36m(vLLMHttpServer pid=228478)[0m (EngineCore pid=229070) WARNING 09-11 13:44:23 [scheduler.py:1948] reset_connector called but no KV connector is configured.
[36m(TaskRunnerV1 pid=223685)[0m Training Progress:  50%|█████     | 2/4 [02:55<02:44, 82.01s/it] 
[36m(TaskRunnerV1 pid=223685)[0m step:2 - global_seqlen/min:253200.0 - global_seqlen/max:253200.0 - global_seqlen/minmax_diff:0.0 - global_seqlen/balanced_min:253200.0 - global_seqlen/balanced_max:253200.0 - global_seqlen/mean:253200.0 - actor/entropy:0.00742935948073864 - training/rollout_probs_diff_valid:1.0 - training/rollout_probs_diff_max:0.09389263391494751 - training/rollout_probs_diff_mean:0.00031145112006925046 - training/rollout_probs_diff_std:0.0028857446741312742 - training/rollout_actor_probs_pearson_corr:0.9982742667198181 - rollout_corr/training_ppl:1.0063072443008423 - rollout_corr/training_log_ppl:0.006264267023652792 - rollout_corr/kl:0.00030196222360245883 - rollout_corr/k3_kl:1.620107468625065e-05 - rollout_corr/rollout_ppl:1.0060023069381714 - rollout_corr/rollout_log_ppl:0.005962306167930365 - rollout_corr/log_ppl_diff:0.0003019614377990365 - rollout_corr/log_ppl_abs_diff:0.0003019614377990365 - rollout_corr/log_ppl_diff_max:0.0008615180850028992 - rollout_corr/log_ppl_diff_min:0.000125543971080333 - rollout_corr/ppl_ratio:1.0003020763397217 - rollout_corr/chi2_token:-0.0005400776863098145 - rollout_corr/chi2_seq:-0.9650940299034119 - actor/pg_clipfrac:0.0 - actor/ppo_kl:0.0 - actor/pg_clipfrac_lower:0.0 - actor/pg_loss:8.230563253164291e-07 - actor/entropy_loss:0.0074293597135692835 - actor/kl_loss:0.0 - actor/kl_coef:0.001 - actor/loss:-6.598420441150665e-06 - actor/grad_norm:0.10817604139447212 - actor/perf/max_memory_allocated_gb:27.918721675872803 - actor/perf/max_memory_reserved_gb:29.08984375 - actor/perf/cpu_memory_used_gb:285.90158557891846 - actor/lr:0.0 - perf/mfu/actor:0.32638645552476203 - training/global_step:2 - training/epoch:0 - critic/score/mean:0.9714644551277161 - critic/score/max:0.9939537048339844 - critic/score/min:0.9510151147842407 - critic/rewards/mean:0.9714644551277161 - critic/rewards/max:0.9939537048339844 - critic/rewards/min:0.9510151147842407 - critic/advantages/mean:-8.270144462585449e-07 - critic/advantages/max:1.3537063598632812 - critic/advantages/min:-1.4830353260040283 - critic/returns/mean:-8.270144462585449e-07 - critic/returns/max:1.3537063598632812 - critic/returns/min:-1.4830353260040283 - response_length/mean:8192.0 - response_length/max:8192.0 - response_length/min:8192.0 - response_length/clip_ratio:1.0 - response_length_non_aborted/mean:8192.0 - response_length_non_aborted/max:8192.0 - response_length_non_aborted/min:8192.0 - response_length_non_aborted/clip_ratio:1.0 - response/aborted_ratio:0.0 - prompt_length/mean:7633.0 - prompt_length/max:8068.0 - prompt_length/min:7482.0 - prompt_length/clip_ratio:0.25 - timing_s/gen:1.4754092199727893 - timing_s/old_log_prob:7.797246215981431 - timing_s/ref:9.905599158024415 - timing_s/adv:0.08049811597447842 - timing_s/update_actor:29.565372986951843 - timing_s/update_weights:5.867463973001577 - timing_s/step:54.823496707947925 - timing_per_token_ms/update_actor:0.11676687593582877 - timing_per_token_ms/ref:0.03912163964464619 - timing_per_token_ms/adv:0.00031792304887234764 - timing_per_token_ms/gen:0.011256479034216227 - perf/total_num_tokens:253200 - perf/time_per_step:54.823496707947925 - perf/throughput:577.3072113331948 - training/num_turns/mean:np.float64(2.0) - training/num_turns/max:np.int64(2) - training/num_turns/min:np.int64(2) - training/off_policy/trajectory_spans/mean:np.float64(1.0) - training/off_policy/trajectory_spans/max:np.int64(1) - training/off_policy/trajectory_spans/min:np.int64(1) - training/off_policy/trajectory_staleness/mean:np.float64(-1.0) - training/off_policy/trajectory_staleness/max:np.int64(-1) - training/off_policy/trajectory_staleness/min:np.int64(-1) - training/off_policy/trajectory_staleness_worst/mean:np.float64(-1.0) - training/off_policy/trajectory_staleness_worst/max:np.int64(-1) - training/off_policy/trajectory_staleness_worst/min:np.int64(-1)
[36m(TaskRunnerV1 pid=223685)[0m [RolloutTqSkip()] [33mInjected 16 cached trajectories from step 3 (4 prompts x 4) into TQ partition 'train' at current step 3[0m
[36m(WorkerDict pid=224932)[0m WARNING:2026-09-11 13:44:26,790:VERL_RESPONSE_ONLY_LM_HEAD_PROFILE {"active_ratio": 0.4998724489795918, "actual_logits_bytes": 595437184, "allocated_before_bytes": 4279337984, "backend": "unfused", "calculate_entropy": true, "calculate_sum_pi_squared": false, "context_parallel_size": 2, "data_format": "thd", "dense_logits_bytes": 1191178240, "dense_rows": 7840, "distillation_only": false, "elapsed_s": 0.13855354208499193, "element_size": 2, "entropy_from_logits_chunk_size": 2048, "entropy_from_logits_with_chunking": false, "event_id": 96, "logits_dtype": "torch.bfloat16", "logits_saved_bytes": 595741056, "peak_allocated_bytes": 7820070912, "peak_increment_bytes": 3540732928, "pipeline_parallel_size": 2, "projected_rows": 3919, "rank": 5, "response_only_enabled": true, "role": "actor", "selected_rows": 3919, "tensor_parallel_size": 2, "vocab_shard": 75968}
[36m(WorkerDict pid=224934)[0m WARNING:2026-09-11 13:44:26,793:VERL_RESPONSE_ONLY_LM_HEAD_PROFILE {"active_ratio": 0.5450255102040816, "actual_logits_bytes": 649222528, "allocated_before_bytes": 4279337984, "backend": "unfused", "calculate_entropy": true, "calculate_sum_pi_squared": false, "context_parallel_size": 2, "data_format": "thd", "dense_logits_bytes": 1191178240, "dense_rows": 7840, "distillation_only": false, "elapsed_s": 0.1422950039850548, "element_size": 2, "entropy_from_logits_chunk_size": 2048, "entropy_from_logits_with_chunking": false, "event_id": 96, "logits_dtype": "torch.bfloat16", "logits_saved_bytes": 541955712, "peak_allocated_bytes": 8142794752, "peak_increment_bytes": 3863456768, "pipeline_parallel_size": 2, "projected_rows": 4273, "rank": 7, "response_only_enabled": true, "role": "actor", "selected_rows": 4273, "tensor_parallel_size": 2, "vocab_shard": 75968}
[36m(WorkerDict pid=224933)[0m WARNING:2026-09-11 13:44:26,793:VERL_RESPONSE_ONLY_LM_HEAD_PROFILE {"active_ratio": 0.5450255102040816, "actual_logits_bytes": 649222528, "allocated_before_bytes": 4279337984, "backend": "unfused", "calculate_entropy": true, "calculate_sum_pi_squared": false, "context_parallel_size": 2, "data_format": "thd", "dense_logits_bytes": 1191178240, "dense_rows": 7840, "distillation_only": false, "elapsed_s": 0.14227153395768255, "element_size": 2, "entropy_from_logits_chunk_size": 2048, "entropy_from_logits_with_chunking": false, "event_id": 96, "logits_dtype": "torch.bfloat16", "logits_saved_bytes": 541955712, "peak_allocated_bytes": 8142794752, "peak_increment_bytes": 3863456768, "pipeline_parallel_size": 2, "projected_rows": 4273, "rank": 6, "response_only_enabled": true, "role": "actor", "selected_rows": 4273, "tensor_parallel_size": 2, "vocab_shard": 75968}
[36m(WorkerDict pid=224932)[0m WARNING:2026-09-11 13:44:27,061:VERL_RESPONSE_ONLY_LM_HEAD_PROFILE {"active_ratio": 0.4998724489795918, "actual_logits_bytes": 595437184, "allocated_before_bytes": 4279465472, "backend": "unfused", "calculate_entropy": true, "calculate_sum_pi_squared": false, "context_parallel_size": 2, "data_format": "thd", "dense_logits_bytes": 1191178240, "dense_rows": 7840, "distillation_only": false, "elapsed_s": 0.029754542978480458, "element_size": 2, "entropy_from_logits_chunk_size": 2048, "entropy_from_logits_with_chunking": false, "event_id": 97, "logits_dtype": "torch.bfloat16", "logits_saved_bytes": 595741056, "peak_allocated_bytes": 7820198400, "peak_increment_bytes": 3540732928, "pipeline_parallel_size": 2, "projected_rows": 3919, "rank": 5, "response_only_enabled": true, "role": "actor", "selected_rows": 3919, "tensor_parallel_size": 2, "vocab_shard": 75968}
[36m(WorkerDict pid=224934)[0m WARNING:2026-09-11 13:44:27,064:VERL_RESPONSE_ONLY_LM_HEAD_PROFILE {"active_ratio": 0.5450255102040816, "actual_logits_bytes": 649222528, "allocated_before_bytes": 4279465472, "backend": "unfused", "calculate_entropy": true, "calculate_sum_pi_squared": false, "context_parallel_size": 2, "data_format": "thd", "dense_logits_bytes": 1191178240, "dense_rows": 7840, "distillation_only": false, "elapsed_s": 0.03219088399782777, "element_size": 2, "entropy_from_logits_chunk_size": 2048, "entropy_from_logits_with_chunking": false, "event_id": 97, "logits_dtype": "torch.bfloat16", "logits_saved_bytes": 541955712, "peak_allocated_bytes": 8142922240, "peak_increment_bytes": 3863456768, "pipeline_parallel_size": 2, "projected_rows": 4273, "rank": 7, "response_only_enabled": true, "role": "actor", "selected_rows": 4273, "tensor_parallel_size": 2, "vocab_shard": 75968}
[36m(WorkerDict pid=224933)[0m WARNING:2026-09-11 13:44:27,064:VERL_RESPONSE_ONLY_LM_HEAD_PROFILE {"active_ratio": 0.5450255102040816, "actual_logits_bytes": 649222528, "allocated_before_bytes": 4279465472, "backend": "unfused", "calculate_entropy": true, "calculate_sum_pi_squared": false, "context_parallel_size": 2, "data_format": "thd", "dense_logits_bytes": 1191178240, "dense_rows": 7840, "distillation_only": false, "elapsed_s": 0.032200774061493576, "element_size": 2, "entropy_from_logits_chunk_size": 2048, "entropy_from_logits_with_chunking": false, "event_id": 97, "logits_dtype": "torch.bfloat16", "logits_saved_bytes": 541955712, "peak_allocated_bytes": 8142922240, "peak_increment_bytes": 3863456768, "pipeline_parallel_size": 2, "projected_rows": 4273, "rank": 6, "response_only_enabled": true, "role": "actor", "selected_rows": 4273, "tensor_parallel_size": 2, "vocab_shard": 75968}
[36m(WorkerDict pid=224932)[0m WARNING:2026-09-11 13:44:27,327:VERL_RESPONSE_ONLY_LM_HEAD_PROFILE {"active_ratio": 0.4998724489795918, "actual_logits_bytes": 595437184, "allocated_before_bytes": 4279592448, "backend": "unfused", "calculate_entropy": true, "calculate_sum_pi_squared": false, "context_parallel_size": 2, "data_format": "thd", "dense_logits_bytes": 1191178240, "dense_rows": 7840, "distillation_only": false, "elapsed_s": 0.029801983037032187, "element_size": 2, "entropy_from_logits_chunk_size": 2048, "entropy_from_logits_with_chunking": false, "event_id": 98, "logits_dtype": "torch.bfloat16", "logits_saved_bytes": 595741056, "peak_allocated_bytes": 7820325376, "peak_increment_bytes": 3540732928, "pipeline_parallel_size": 2, "projected_rows": 3919, "rank": 5, "response_only_enabled": true, "role": "actor", "selected_rows": 3919, "tensor_parallel_size": 2, "vocab_shard": 75968}
[36m(WorkerDict pid=224934)[0m WARNING:2026-09-11 13:44:27,329:VERL_RESPONSE_ONLY_LM_HEAD_PROFILE {"active_ratio": 0.5450255102040816, "actual_logits_bytes": 649222528, "allocated_before_bytes": 4279592448, "backend": "unfused", "calculate_entropy": true, "calculate_sum_pi_squared": false, "context_parallel_size": 2, "data_format": "thd", "dense_logits_bytes": 1191178240, "dense_rows": 7840, "distillation_only": false, "elapsed_s": 0.03215519501827657, "element_size": 2, "entropy_from_logits_chunk_size": 2048, "entropy_from_logits_with_chunking": false, "event_id": 98, "logits_dtype": "torch.bfloat16", "logits_saved_bytes": 541955712, "peak_allocated_bytes": 8143049216, "peak_increment_bytes": 3863456768, "pipeline_parallel_size": 2, "projected_rows": 4273, "rank": 7, "response_only_enabled": true, "role": "actor", "selected_rows": 4273, "tensor_parallel_size": 2, "vocab_shard": 75968}
[36m(WorkerDict pid=224933)[0m WARNING:2026-09-11 13:44:27,329:VERL_RESPONSE_ONLY_LM_HEAD_PROFILE {"active_ratio": 0.5450255102040816, "actual_logits_bytes": 649222528, "allocated_before_bytes": 4279592448, "backend": "unfused", "calculate_entropy": true, "calculate_sum_pi_squared": false, "context_parallel_size": 2, "data_format": "thd", "dense_logits_bytes": 1191178240, "dense_rows": 7840, "distillation_only": false, "elapsed_s": 0.0321610450046137, "element_size": 2, "entropy_from_logits_chunk_size": 2048, "entropy_from_logits_with_chunking": false, "event_id": 98, "logits_dtype": "torch.bfloat16", "logits_saved_bytes": 541955712, "peak_allocated_bytes": 8143049216, "peak_increment_bytes": 3863456768, "pipeline_parallel_size": 2, "projected_rows": 4273, "rank": 6, "response_only_enabled": true, "role": "actor", "selected_rows": 4273, "tensor_parallel_size": 2, "vocab_shard": 75968}
[36m(WorkerDict pid=224932)[0m WARNING:2026-09-11 13:44:27,589:VERL_RESPONSE_ONLY_LM_HEAD_PROFILE {"active_ratio": 0.4998724489795918, "actual_logits_bytes": 595437184, "allocated_before_bytes": 4279719424, "backend": "unfused", "calculate_entropy": true, "calculate_sum_pi_squared": false, "context_parallel_size": 2, "data_format": "thd", "dense_logits_bytes": 1191178240, "dense_rows": 7840, "distillation_only": false, "elapsed_s": 0.029744234052486718, "element_size": 2, "entropy_from_logits_chunk_size": 2048, "entropy_from_logits_with_chunking": false, "event_id": 99, "logits_dtype": "torch.bfloat16", "logits_saved_bytes": 595741056, "peak_allocated_bytes": 7820452352, "peak_increment_bytes": 3540732928, "pipeline_parallel_size": 2, "projected_rows": 3919, "rank": 5, "response_only_enabled": true, "role": "actor", "selected_rows": 3919, "tensor_parallel_size": 2, "vocab_shard": 75968}
[36m(WorkerDict pid=224934)[0m WARNING:2026-09-11 13:44:27,591:VERL_RESPONSE_ONLY_LM_HEAD_PROFILE {"active_ratio": 0.5450255102040816, "actual_logits_bytes": 649222528, "allocated_before_bytes": 4279719424, "backend": "unfused", "calculate_entropy": true, "calculate_sum_pi_squared": false, "context_parallel_size": 2, "data_format": "thd", "dense_logits_bytes": 1191178240, "dense_rows": 7840, "distillation_only": false, "elapsed_s": 0.032223224989138544, "element_size": 2, "entropy_from_logits_chunk_size": 2048, "entropy_from_logits_with_chunking": false, "event_id": 99, "logits_dtype": "torch.bfloat16", "logits_saved_bytes": 541955712, "peak_allocated_bytes": 8143176192, "peak_increment_bytes": 3863456768, "pipeline_parallel_size": 2, "projected_rows": 4273, "rank": 7, "response_only_enabled": true, "role": "actor", "selected_rows": 4273, "tensor_parallel_size": 2, "vocab_shard": 75968}
[36m(WorkerDict pid=224933)[0m WARNING:2026-09-11 13:44:27,591:VERL_RESPONSE_ONLY_LM_HEAD_PROFILE {"active_ratio": 0.5450255102040816, "actual_logits_bytes": 649222528, "allocated_before_bytes": 4279719424, "backend": "unfused", "calculate_entropy": true, "calculate_sum_pi_squared": false, "context_parallel_size": 2, "data_format": "thd", "dense_logits_bytes": 1191178240, "dense_rows": 7840, "distillation_only": false, "elapsed_s": 0.032163375057280064, "element_size": 2, "entropy_from_logits_chunk_size": 2048, "entropy_from_logits_with_chunking": false, "event_id": 99, "logits_dtype": "torch.bfloat16", "logits_saved_bytes": 541955712, "peak_allocated_bytes": 8143176192, "peak_increment_bytes": 3863456768, "pipeline_parallel_size": 2, "projected_rows": 4273, "rank": 6, "response_only_enabled": true, "role": "actor", "selected_rows": 4273, "tensor_parallel_size": 2, "vocab_shard": 75968}
[36m(WorkerDict pid=224932)[0m WARNING:2026-09-11 13:44:27,851:VERL_RESPONSE_ONLY_LM_HEAD_PROFILE {"active_ratio": 0.4998724489795918, "actual_logits_bytes": 595437184, "allocated_before_bytes": 4279846400, "backend": "unfused", "calculate_entropy": true, "calculate_sum_pi_squared": false, "context_parallel_size": 2, "data_format": "thd", "dense_logits_bytes": 1191178240, "dense_rows": 7840, "distillation_only": false, "elapsed_s": 0.029765223967842758, "element_size": 2, "entropy_from_logits_chunk_size": 2048, "entropy_from_logits_with_chunking": false, "event_id": 100, "logits_dtype": "torch.bfloat16", "logits_saved_bytes": 595741056, "peak_allocated_bytes": 7820579328, "peak_increment_bytes": 3540732928, "pipeline_parallel_size": 2, "projected_rows": 3919, "rank": 5, "response_only_enabled": true, "role": "actor", "selected_rows": 3919, "tensor_parallel_size": 2, "vocab_shard": 75968}
[36m(WorkerDict pid=224934)[0m WARNING:2026-09-11 13:44:27,853:VERL_RESPONSE_ONLY_LM_HEAD_PROFILE {"active_ratio": 0.5450255102040816, "actual_logits_bytes": 649222528, "allocated_before_bytes": 4279846400, "backend": "unfused", "calculate_entropy": true, "calculate_sum_pi_squared": false, "context_parallel_size": 2, "data_format": "thd", "dense_logits_bytes": 1191178240, "dense_rows": 7840, "distillation_only": false, "elapsed_s": 0.03207285504322499, "element_size": 2, "entropy_from_logits_chunk_size": 2048, "entropy_from_logits_with_chunking": false, "event_id": 100, "logits_dtype": "torch.bfloat16", "logits_saved_bytes": 541955712, "peak_allocated_bytes": 8143303168, "peak_increment_bytes": 3863456768, "pipeline_parallel_size": 2, "projected_rows": 4273, "rank": 7, "response_only_enabled": true, "role": "actor", "selected_rows": 4273, "tensor_parallel_size": 2, "vocab_shard": 75968}
[36m(WorkerDict pid=224933)[0m WARNING:2026-09-11 13:44:27,853:VERL_RESPONSE_ONLY_LM_HEAD_PROFILE {"active_ratio": 0.5450255102040816, "actual_logits_bytes": 649222528, "allocated_before_bytes": 4279846400, "backend": "unfused", "calculate_entropy": true, "calculate_sum_pi_squared": false, "context_parallel_size": 2, "data_format": "thd", "dense_logits_bytes": 1191178240, "dense_rows": 7840, "distillation_only": false, "elapsed_s": 0.032067484920844436, "element_size": 2, "entropy_from_logits_chunk_size": 2048, "entropy_from_logits_with_chunking": false, "event_id": 100, "logits_dtype": "torch.bfloat16", "logits_saved_bytes": 541955712, "peak_allocated_bytes": 8143303168, "peak_increment_bytes": 3863456768, "pipeline_parallel_size": 2, "projected_rows": 4273, "rank": 6, "response_only_enabled": true, "role": "actor", "selected_rows": 4273, "tensor_parallel_size": 2, "vocab_shard": 75968}
[36m(WorkerDict pid=224932)[0m WARNING:2026-09-11 13:44:28,113:VERL_RESPONSE_ONLY_LM_HEAD_PROFILE {"active_ratio": 0.4998724489795918, "actual_logits_bytes": 595437184, "allocated_before_bytes": 4279973376, "backend": "unfused", "calculate_entropy": true, "calculate_sum_pi_squared": false, "context_parallel_size": 2, "data_format": "thd", "dense_logits_bytes": 1191178240, "dense_rows": 7840, "distillation_only": false, "elapsed_s": 0.029872523969970644, "element_size": 2, "entropy_from_logits_chunk_size": 2048, "entropy_from_logits_with_chunking": false, "event_id": 101, "logits_dtype": "torch.bfloat16", "logits_saved_bytes": 595741056, "peak_allocated_bytes": 7820706304, "peak_increment_bytes": 3540732928, "pipeline_parallel_size": 2, "projected_rows": 3919, "rank": 5, "response_only_enabled": true, "role": "actor", "selected_rows": 3919, "tensor_parallel_size": 2, "vocab_shard": 75968}
[36m(WorkerDict pid=224934)[0m WARNING:2026-09-11 13:44:28,114:VERL_RESPONSE_ONLY_LM_HEAD_PROFILE {"active_ratio": 0.5450255102040816, "actual_logits_bytes": 649222528, "allocated_before_bytes": 4279973376, "backend": "unfused", "calculate_entropy": true, "calculate_sum_pi_squared": false, "context_parallel_size": 2, "data_format": "thd", "dense_logits_bytes": 1191178240, "dense_rows": 7840, "distillation_only": false, "elapsed_s": 0.03211318503599614, "element_size": 2, "entropy_from_logits_chunk_size": 2048, "entropy_from_logits_with_chunking": false, "event_id": 101, "logits_dtype": "torch.bfloat16", "logits_saved_bytes": 541955712, "peak_allocated_bytes": 8143430144, "peak_increment_bytes": 3863456768, "pipeline_parallel_size": 2, "projected_rows": 4273, "rank": 7, "response_only_enabled": true, "role": "actor", "selected_rows": 4273, "tensor_parallel_size": 2, "vocab_shard": 75968}
[36m(WorkerDict pid=224933)[0m WARNING:2026-09-11 13:44:28,114:VERL_RESPONSE_ONLY_LM_HEAD_PROFILE {"active_ratio": 0.5450255102040816, "actual_logits_bytes": 649222528, "allocated_before_bytes": 4279973376, "backend": "unfused", "calculate_entropy": true, "calculate_sum_pi_squared": false, "context_parallel_size": 2, "data_format": "thd", "dense_logits_bytes": 1191178240, "dense_rows": 7840, "distillation_only": false, "elapsed_s": 0.03211328503675759, "element_size": 2, "entropy_from_logits_chunk_size": 2048, "entropy_from_logits_with_chunking": false, "event_id": 101, "logits_dtype": "torch.bfloat16", "logits_saved_bytes": 541955712, "peak_allocated_bytes": 8143430144, "peak_increment_bytes": 3863456768, "pipeline_parallel_size": 2, "projected_rows": 4273, "rank": 6, "response_only_enabled": true, "role": "actor", "selected_rows": 4273, "tensor_parallel_size": 2, "vocab_shard": 75968}
[36m(WorkerDict pid=224932)[0m WARNING:2026-09-11 13:44:28,377:VERL_RESPONSE_ONLY_LM_HEAD_PROFILE {"active_ratio": 0.4998724489795918, "actual_logits_bytes": 595437184, "allocated_before_bytes": 4280100352, "backend": "unfused", "calculate_entropy": true, "calculate_sum_pi_squared": false, "context_parallel_size": 2, "data_format": "thd", "dense_logits_bytes": 1191178240, "dense_rows": 7840, "distillation_only": false, "elapsed_s": 0.02980128303170204, "element_size": 2, "entropy_from_logits_chunk_size": 2048, "entropy_from_logits_with_chunking": false, "event_id": 102, "logits_dtype": "torch.bfloat16", "logits_saved_bytes": 595741056, "peak_allocated_bytes": 7820833280, "peak_increment_bytes": 3540732928, "pipeline_parallel_size": 2, "projected_rows": 3919, "rank": 5, "response_only_enabled": true, "role": "actor", "selected_rows": 3919, "tensor_parallel_size": 2, "vocab_shard": 75968}
[36m(WorkerDict pid=224934)[0m WARNING:2026-09-11 13:44:28,379:VERL_RESPONSE_ONLY_LM_HEAD_PROFILE {"active_ratio": 0.5450255102040816, "actual_logits_bytes": 649222528, "allocated_before_bytes": 4280100352, "backend": "unfused", "calculate_entropy": true, "calculate_sum_pi_squared": false, "context_parallel_size": 2, "data_format": "thd", "dense_logits_bytes": 1191178240, "dense_rows": 7840, "distillation_only": false, "elapsed_s": 0.03222817508503795, "element_size": 2, "entropy_from_logits_chunk_size": 2048, "entropy_from_logits_with_chunking": false, "event_id": 102, "logits_dtype": "torch.bfloat16", "logits_saved_bytes": 541955712, "peak_allocated_bytes": 8143557120, "peak_increment_bytes": 3863456768, "pipeline_parallel_size": 2, "projected_rows": 4273, "rank": 7, "response_only_enabled": true, "role": "actor", "selected_rows": 4273, "tensor_parallel_size": 2, "vocab_shard": 75968}
[36m(WorkerDict pid=224933)[0m WARNING:2026-09-11 13:44:28,379:VERL_RESPONSE_ONLY_LM_HEAD_PROFILE {"active_ratio": 0.5450255102040816, "actual_logits_bytes": 649222528, "allocated_before_bytes": 4280100352, "backend": "unfused", "calculate_entropy": true, "calculate_sum_pi_squared": false, "context_parallel_size": 2, "data_format": "thd", "dense_logits_bytes": 1191178240, "dense_rows": 7840, "distillation_only": false, "elapsed_s": 0.03221341490279883, "element_size": 2, "entropy_from_logits_chunk_size": 2048, "entropy_from_logits_with_chunking": false, "event_id": 102, "logits_dtype": "torch.bfloat16", "logits_saved_bytes": 541955712, "peak_allocated_bytes": 8143557120, "peak_increment_bytes": 3863456768, "pipeline_parallel_size": 2, "projected_rows": 4273, "rank": 6, "response_only_enabled": true, "role": "actor", "selected_rows": 4273, "tensor_parallel_size": 2, "vocab_shard": 75968}
[36m(WorkerDict pid=224932)[0m WARNING:2026-09-11 13:44:28,639:VERL_RESPONSE_ONLY_LM_HEAD_PROFILE {"active_ratio": 0.4998724489795918, "actual_logits_bytes": 595437184, "allocated_before_bytes": 4280227328, "backend": "unfused", "calculate_entropy": true, "calculate_sum_pi_squared": false, "context_parallel_size": 2, "data_format": "thd", "dense_logits_bytes": 1191178240, "dense_rows": 7840, "distillation_only": false, "elapsed_s": 0.029829242965206504, "element_size": 2, "entropy_from_logits_chunk_size": 2048, "entropy_from_logits_with_chunking": false, "event_id": 103, "logits_dtype": "torch.bfloat16", "logits_saved_bytes": 595741056, "peak_allocated_bytes": 7820960256, "peak_increment_bytes": 3540732928, "pipeline_parallel_size": 2, "projected_rows": 3919, "rank": 5, "response_only_enabled": true, "role": "actor", "selected_rows": 3919, "tensor_parallel_size": 2, "vocab_shard": 75968}
[36m(WorkerDict pid=224934)[0m WARNING:2026-09-11 13:44:28,641:VERL_RESPONSE_ONLY_LM_HEAD_PROFILE {"active_ratio": 0.5450255102040816, "actual_logits_bytes": 649222528, "allocated_before_bytes": 4280227328, "backend": "unfused", "calculate_entropy": true, "calculate_sum_pi_squared": false, "context_parallel_size": 2, "data_format": "thd", "dense_logits_bytes": 1191178240, "dense_rows": 7840, "distillation_only": false, "elapsed_s": 0.03222477401141077, "element_size": 2, "entropy_from_logits_chunk_size": 2048, "entropy_from_logits_with_chunking": false, "event_id": 103, "logits_dtype": "torch.bfloat16", "logits_saved_bytes": 541955712, "peak_allocated_bytes": 8143684096, "peak_increment_bytes": 3863456768, "pipeline_parallel_size": 2, "projected_rows": 4273, "rank": 7, "response_only_enabled": true, "role": "actor", "selected_rows": 4273, "tensor_parallel_size": 2, "vocab_shard": 75968}
[36m(WorkerDict pid=224933)[0m WARNING:2026-09-11 13:44:28,641:VERL_RESPONSE_ONLY_LM_HEAD_PROFILE {"active_ratio": 0.5450255102040816, "actual_logits_bytes": 649222528, "allocated_before_bytes": 4280227328, "backend": "unfused", "calculate_entropy": true, "calculate_sum_pi_squared": false, "context_parallel_size": 2, "data_format": "thd", "dense_logits_bytes": 1191178240, "dense_rows": 7840, "distillation_only": false, "elapsed_s": 0.032206573989242315, "element_size": 2, "entropy_from_logits_chunk_size": 2048, "entropy_from_logits_with_chunking": false, "event_id": 103, "logits_dtype": "torch.bfloat16", "logits_saved_bytes": 541955712, "peak_allocated_bytes": 8143684096, "peak_increment_bytes": 3863456768, "pipeline_parallel_size": 2, "projected_rows": 4273, "rank": 6, "response_only_enabled": true, "role": "actor", "selected_rows": 4273, "tensor_parallel_size": 2, "vocab_shard": 75968}
[36m(WorkerDict pid=224934)[0m WARNING:2026-09-11 13:44:28,911:VERL_RESPONSE_ONLY_LM_HEAD_PROFILE {"active_ratio": 0.5077433628318584, "actual_logits_bytes": 627647616, "allocated_before_bytes": 4282802688, "backend": "unfused", "calculate_entropy": true, "calculate_sum_pi_squared": false, "context_parallel_size": 2, "data_format": "thd", "dense_logits_bytes": 1236151296, "dense_rows": 8136, "distillation_only": false, "elapsed_s": 0.03156783408485353, "element_size": 2, "entropy_from_logits_chunk_size": 2048, "entropy_from_logits_with_chunking": false, "event_id": 104, "logits_dtype": "torch.bfloat16", "logits_saved_bytes": 608503680, "peak_allocated_bytes": 8015597056, "peak_increment_bytes": 3732794368, "pipeline_parallel_size": 2, "projected_rows": 4131, "rank": 7, "response_only_enabled": true, "role": "actor", "selected_rows": 4131, "tensor_parallel_size": 2, "vocab_shard": 75968}
[36m(WorkerDict pid=224933)[0m WARNING:2026-09-11 13:44:28,911:VERL_RESPONSE_ONLY_LM_HEAD_PROFILE {"active_ratio": 0.5077433628318584, "actual_logits_bytes": 627647616, "allocated_before_bytes": 4282802688, "backend": "unfused", "calculate_entropy": true, "calculate_sum_pi_squared": false, "context_parallel_size": 2, "data_format": "thd", "dense_logits_bytes": 1236151296, "dense_rows": 8136, "distillation_only": false, "elapsed_s": 0.03154583403375, "element_size": 2, "entropy_from_logits_chunk_size": 2048, "entropy_from_logits_with_chunking": false, "event_id": 104, "logits_dtype": "torch.bfloat16", "logits_saved_bytes": 608503680, "peak_allocated_bytes": 8015597056, "peak_increment_bytes": 3732794368, "pipeline_parallel_size": 2, "projected_rows": 4131, "rank": 6, "response_only_enabled": true, "role": "actor", "selected_rows": 4131, "tensor_parallel_size": 2, "vocab_shard": 75968}
[36m(WorkerDict pid=224932)[0m WARNING:2026-09-11 13:44:29,057:VERL_RESPONSE_ONLY_LM_HEAD_PROFILE {"active_ratio": 0.49913962635201575, "actual_logits_bytes": 617012096, "allocated_before_bytes": 4282802688, "backend": "unfused", "calculate_entropy": true, "calculate_sum_pi_squared": false, "context_parallel_size": 2, "data_format": "thd", "dense_logits_bytes": 1236151296, "dense_rows": 8136, "distillation_only": false, "elapsed_s": 0.17658316891174763, "element_size": 2, "entropy_from_logits_chunk_size": 2048, "entropy_from_logits_with_chunking": false, "event_id": 104, "logits_dtype": "torch.bfloat16", "logits_saved_bytes": 619139200, "peak_allocated_bytes": 7951780352, "peak_increment_bytes": 3668977664, "pipeline_parallel_size": 2, "projected_rows": 4061, "rank": 5, "response_only_enabled": true, "role": "actor", "selected_rows": 4061, "tensor_parallel_size": 2, "vocab_shard": 75968}
[36m(WorkerDict pid=224932)[0m WARNING:2026-09-11 13:44:29,325:VERL_RESPONSE_ONLY_LM_HEAD_PROFILE {"active_ratio": 0.49913962635201575, "actual_logits_bytes": 617012096, "allocated_before_bytes": 4282934784, "backend": "unfused", "calculate_entropy": true, "calculate_sum_pi_squared": false, "context_parallel_size": 2, "data_format": "thd", "dense_logits_bytes": 1236151296, "dense_rows": 8136, "distillation_only": false, "elapsed_s": 0.03056157403625548, "element_size": 2, "entropy_from_logits_chunk_size": 2048, "entropy_from_logits_with_chunking": false, "event_id": 105, "logits_dtype": "torch.bfloat16", "logits_saved_bytes": 619139200, "peak_allocated_bytes": 7951912448, "peak_increment_bytes": 3668977664, "pipeline_parallel_size": 2, "projected_rows": 4061, "rank": 5, "response_only_enabled": true, "role": "actor", "selected_rows": 4061, "tensor_parallel_size": 2, "vocab_shard": 75968}
[36m(WorkerDict pid=224934)[0m WARNING:2026-09-11 13:44:29,326:VERL_RESPONSE_ONLY_LM_HEAD_PROFILE {"active_ratio": 0.5077433628318584, "actual_logits_bytes": 627647616, "allocated_before_bytes": 4282934784, "backend": "unfused", "calculate_entropy": true, "calculate_sum_pi_squared": false, "context_parallel_size": 2, "data_format": "thd", "dense_logits_bytes": 1236151296, "dense_rows": 8136, "distillation_only": false, "elapsed_s": 0.031746624037623405, "element_size": 2, "entropy_from_logits_chunk_size": 2048, "entropy_from_logits_with_chunking": false, "event_id": 105, "logits_dtype": "torch.bfloat16", "logits_saved_bytes": 608503680, "peak_allocated_bytes": 8015729152, "peak_increment_bytes": 3732794368, "pipeline_parallel_size": 2, "projected_rows": 4131, "rank": 7, "response_only_enabled": true, "role": "actor", "selected_rows": 4131, "tensor_parallel_size": 2, "vocab_shard": 75968}
[36m(WorkerDict pid=224933)[0m WARNING:2026-09-11 13:44:29,326:VERL_RESPONSE_ONLY_LM_HEAD_PROFILE {"active_ratio": 0.5077433628318584, "actual_logits_bytes": 627647616, "allocated_before_bytes": 4282934784, "backend": "unfused", "calculate_entropy": true, "calculate_sum_pi_squared": false, "context_parallel_size": 2, "data_format": "thd", "dense_logits_bytes": 1236151296, "dense_rows": 8136, "distillation_only": false, "elapsed_s": 0.0317236139671877, "element_size": 2, "entropy_from_logits_chunk_size": 2048, "entropy_from_logits_with_chunking": false, "event_id": 105, "logits_dtype": "torch.bfloat16", "logits_saved_bytes": 608503680, "peak_allocated_bytes": 8015729152, "peak_increment_bytes": 3732794368, "pipeline_parallel_size": 2, "projected_rows": 4131, "rank": 6, "response_only_enabled": true, "role": "actor", "selected_rows": 4131, "tensor_parallel_size": 2, "vocab_shard": 75968}
[36m(WorkerDict pid=224932)[0m WARNING:2026-09-11 13:44:29,594:VERL_RESPONSE_ONLY_LM_HEAD_PROFILE {"active_ratio": 0.49913962635201575, "actual_logits_bytes": 617012096, "allocated_before_bytes": 4283066880, "backend": "unfused", "calculate_entropy": true, "calculate_sum_pi_squared": false, "context_parallel_size": 2, "data_format": "thd", "dense_logits_bytes": 1236151296, "dense_rows": 8136, "distillation_only": false, "elapsed_s": 0.03061465302016586, "element_size": 2, "entropy_from_logits_chunk_size": 2048, "entropy_from_logits_with_chunking": false, "event_id": 106, "logits_dtype": "torch.bfloat16", "logits_saved_bytes": 619139200, "peak_allocated_bytes": 7952044544, "peak_increment_bytes": 3668977664, "pipeline_parallel_size": 2, "projected_rows": 4061, "rank": 5, "response_only_enabled": true, "role": "actor", "selected_rows": 4061, "tensor_parallel_size": 2, "vocab_shard": 75968}
[36m(WorkerDict pid=224934)[0m WARNING:2026-09-11 13:44:29,595:VERL_RESPONSE_ONLY_LM_HEAD_PROFILE {"active_ratio": 0.5077433628318584, "actual_logits_bytes": 627647616, "allocated_before_bytes": 4283066880, "backend": "unfused", "calculate_entropy": true, "calculate_sum_pi_squared": false, "context_parallel_size": 2, "data_format": "thd", "dense_logits_bytes": 1236151296, "dense_rows": 8136, "distillation_only": false, "elapsed_s": 0.03181844495702535, "element_size": 2, "entropy_from_logits_chunk_size": 2048, "entropy_from_logits_with_chunking": false, "event_id": 106, "logits_dtype": "torch.bfloat16", "logits_saved_bytes": 608503680, "peak_allocated_bytes": 8015861248, "peak_increment_bytes": 3732794368, "pipeline_parallel_size": 2, "projected_rows": 4131, "rank": 7, "response_only_enabled": true, "role": "actor", "selected_rows": 4131, "tensor_parallel_size": 2, "vocab_shard": 75968}
[36m(WorkerDict pid=224933)[0m WARNING:2026-09-11 13:44:29,595:VERL_RESPONSE_ONLY_LM_HEAD_PROFILE {"active_ratio": 0.5077433628318584, "actual_logits_bytes": 627647616, "allocated_before_bytes": 4283066880, "backend": "unfused", "calculate_entropy": true, "calculate_sum_pi_squared": false, "context_parallel_size": 2, "data_format": "thd", "dense_logits_bytes": 1236151296, "dense_rows": 8136, "distillation_only": false, "elapsed_s": 0.031677465070970356, "element_size": 2, "entropy_from_logits_chunk_size": 2048, "entropy_from_logits_with_chunking": false, "event_id": 106, "logits_dtype": "torch.bfloat16", "logits_saved_bytes": 608503680, "peak_allocated_bytes": 8015861248, "peak_increment_bytes": 3732794368, "pipeline_parallel_size": 2, "projected_rows": 4131, "rank": 6, "response_only_enabled": true, "role": "actor", "selected_rows": 4131, "tensor_parallel_size": 2, "vocab_shard": 75968}
[36m(WorkerDict pid=224932)[0m WARNING:2026-09-11 13:44:29,865:VERL_RESPONSE_ONLY_LM_HEAD_PROFILE {"active_ratio": 0.49913962635201575, "actual_logits_bytes": 617012096, "allocated_before_bytes": 4283198976, "backend": "unfused", "calculate_entropy": true, "calculate_sum_pi_squared": false, "context_parallel_size": 2, "data_format": "thd", "dense_logits_bytes": 1236151296, "dense_rows": 8136, "distillation_only": false, "elapsed_s": 0.03075247397646308, "element_size": 2, "entropy_from_logits_chunk_size": 2048, "entropy_from_logits_with_chunking": false, "event_id": 107, "logits_dtype": "torch.bfloat16", "logits_saved_bytes": 619139200, "peak_allocated_bytes": 7952176640, "peak_increment_bytes": 3668977664, "pipeline_parallel_size": 2, "projected_rows": 4061, "rank": 5, "response_only_enabled": true, "role": "actor", "selected_rows": 4061, "tensor_parallel_size": 2, "vocab_shard": 75968}
[36m(WorkerDict pid=224934)[0m WARNING:2026-09-11 13:44:29,865:VERL_RESPONSE_ONLY_LM_HEAD_PROFILE {"active_ratio": 0.5077433628318584, "actual_logits_bytes": 627647616, "allocated_before_bytes": 4283198976, "backend": "unfused", "calculate_entropy": true, "calculate_sum_pi_squared": false, "context_parallel_size": 2, "data_format": "thd", "dense_logits_bytes": 1236151296, "dense_rows": 8136, "distillation_only": false, "elapsed_s": 0.03157926397398114, "element_size": 2, "entropy_from_logits_chunk_size": 2048, "entropy_from_logits_with_chunking": false, "event_id": 107, "logits_dtype": "torch.bfloat16", "logits_saved_bytes": 608503680, "peak_allocated_bytes": 8015993344, "peak_increment_bytes": 3732794368, "pipeline_parallel_size": 2, "projected_rows": 4131, "rank": 7, "response_only_enabled": true, "role": "actor", "selected_rows": 4131, "tensor_parallel_size": 2, "vocab_shard": 75968}
[36m(WorkerDict pid=224933)[0m WARNING:2026-09-11 13:44:29,865:VERL_RESPONSE_ONLY_LM_HEAD_PROFILE {"active_ratio": 0.5077433628318584, "actual_logits_bytes": 627647616, "allocated_before_bytes": 4283198976, "backend": "unfused", "calculate_entropy": true, "calculate_sum_pi_squared": false, "context_parallel_size": 2, "data_format": "thd", "dense_logits_bytes": 1236151296, "dense_rows": 8136, "distillation_only": false, "elapsed_s": 0.031582023948431015, "element_size": 2, "entropy_from_logits_chunk_size": 2048, "entropy_from_logits_with_chunking": false, "event_id": 107, "logits_dtype": "torch.bfloat16", "logits_saved_bytes": 608503680, "peak_allocated_bytes": 8015993344, "peak_increment_bytes": 3732794368, "pipeline_parallel_size": 2, "projected_rows": 4131, "rank": 6, "response_only_enabled": true, "role": "actor", "selected_rows": 4131, "tensor_parallel_size": 2, "vocab_shard": 75968}
[36m(WorkerDict pid=224932)[0m WARNING:2026-09-11 13:44:30,135:VERL_RESPONSE_ONLY_LM_HEAD_PROFILE {"active_ratio": 0.49913962635201575, "actual_logits_bytes": 617012096, "allocated_before_bytes": 4283331072, "backend": "unfused", "calculate_entropy": true, "calculate_sum_pi_squared": false, "context_parallel_size": 2, "data_format": "thd", "dense_logits_bytes": 1236151296, "dense_rows": 8136, "distillation_only": false, "elapsed_s": 0.03058337396942079, "element_size": 2, "entropy_from_logits_chunk_size": 2048, "entropy_from_logits_with_chunking": false, "event_id": 108, "logits_dtype": "torch.bfloat16", "logits_saved_bytes": 619139200, "peak_allocated_bytes": 7952308736, "peak_increment_bytes": 3668977664, "pipeline_parallel_size": 2, "projected_rows": 4061, "rank": 5, "response_only_enabled": true, "role": "actor", "selected_rows": 4061, "tensor_parallel_size": 2, "vocab_shard": 75968}
[36m(WorkerDict pid=224934)[0m WARNING:2026-09-11 13:44:30,136:VERL_RESPONSE_ONLY_LM_HEAD_PROFILE {"active_ratio": 0.5077433628318584, "actual_logits_bytes": 627647616, "allocated_before_bytes": 4283331072, "backend": "unfused", "calculate_entropy": true, "calculate_sum_pi_squared": false, "context_parallel_size": 2, "data_format": "thd", "dense_logits_bytes": 1236151296, "dense_rows": 8136, "distillation_only": false, "elapsed_s": 0.03181082394439727, "element_size": 2, "entropy_from_logits_chunk_size": 2048, "entropy_from_logits_with_chunking": false, "event_id": 108, "logits_dtype": "torch.bfloat16", "logits_saved_bytes": 608503680, "peak_allocated_bytes": 8016125440, "peak_increment_bytes": 3732794368, "pipeline_parallel_size": 2, "projected_rows": 4131, "rank": 7, "response_only_enabled": true, "role": "actor", "selected_rows": 4131, "tensor_parallel_size": 2, "vocab_shard": 75968}
[36m(WorkerDict pid=224933)[0m WARNING:2026-09-11 13:44:30,136:VERL_RESPONSE_ONLY_LM_HEAD_PROFILE {"active_ratio": 0.5077433628318584, "actual_logits_bytes": 627647616, "allocated_before_bytes": 4283331072, "backend": "unfused", "calculate_entropy": true, "calculate_sum_pi_squared": false, "context_parallel_size": 2, "data_format": "thd", "dense_logits_bytes": 1236151296, "dense_rows": 8136, "distillation_only": false, "elapsed_s": 0.0318628839449957, "element_size": 2, "entropy_from_logits_chunk_size": 2048, "entropy_from_logits_with_chunking": false, "event_id": 108, "logits_dtype": "torch.bfloat16", "logits_saved_bytes": 608503680, "peak_allocated_bytes": 8016125440, "peak_increment_bytes": 3732794368, "pipeline_parallel_size": 2, "projected_rows": 4131, "rank": 6, "response_only_enabled": true, "role": "actor", "selected_rows": 4131, "tensor_parallel_size": 2, "vocab_shard": 75968}
[36m(WorkerDict pid=224932)[0m WARNING:2026-09-11 13:44:30,407:VERL_RESPONSE_ONLY_LM_HEAD_PROFILE {"active_ratio": 0.49913962635201575, "actual_logits_bytes": 617012096, "allocated_before_bytes": 4283463168, "backend": "unfused", "calculate_entropy": true, "calculate_sum_pi_squared": false, "context_parallel_size": 2, "data_format": "thd", "dense_logits_bytes": 1236151296, "dense_rows": 8136, "distillation_only": false, "elapsed_s": 0.030713632935658097, "element_size": 2, "entropy_from_logits_chunk_size": 2048, "entropy_from_logits_with_chunking": false, "event_id": 109, "logits_dtype": "torch.bfloat16", "logits_saved_bytes": 619139200, "peak_allocated_bytes": 7952440832, "peak_increment_bytes": 3668977664, "pipeline_parallel_size": 2, "projected_rows": 4061, "rank": 5, "response_only_enabled": true, "role": "actor", "selected_rows": 4061, "tensor_parallel_size": 2, "vocab_shard": 75968}
[36m(WorkerDict pid=224934)[0m WARNING:2026-09-11 13:44:30,408:VERL_RESPONSE_ONLY_LM_HEAD_PROFILE {"active_ratio": 0.5077433628318584, "actual_logits_bytes": 627647616, "allocated_before_bytes": 4283463168, "backend": "unfused", "calculate_entropy": true, "calculate_sum_pi_squared": false, "context_parallel_size": 2, "data_format": "thd", "dense_logits_bytes": 1236151296, "dense_rows": 8136, "distillation_only": false, "elapsed_s": 0.031648593954741955, "element_size": 2, "entropy_from_logits_chunk_size": 2048, "entropy_from_logits_with_chunking": false, "event_id": 109, "logits_dtype": "torch.bfloat16", "logits_saved_bytes": 608503680, "peak_allocated_bytes": 8016257536, "peak_increment_bytes": 3732794368, "pipeline_parallel_size": 2, "projected_rows": 4131, "rank": 7, "response_only_enabled": true, "role": "actor", "selected_rows": 4131, "tensor_parallel_size": 2, "vocab_shard": 75968}
[36m(WorkerDict pid=224933)[0m WARNING:2026-09-11 13:44:30,408:VERL_RESPONSE_ONLY_LM_HEAD_PROFILE {"active_ratio": 0.5077433628318584, "actual_logits_bytes": 627647616, "allocated_before_bytes": 4283463168, "backend": "unfused", "calculate_entropy": true, "calculate_sum_pi_squared": false, "context_parallel_size": 2, "data_format": "thd", "dense_logits_bytes": 1236151296, "dense_rows": 8136, "distillation_only": false, "elapsed_s": 0.031639634049497545, "element_size": 2, "entropy_from_logits_chunk_size": 2048, "entropy_from_logits_with_chunking": false, "event_id": 109, "logits_dtype": "torch.bfloat16", "logits_saved_bytes": 608503680, "peak_allocated_bytes": 8016257536, "peak_increment_bytes": 3732794368, "pipeline_parallel_size": 2, "projected_rows": 4131, "rank": 6, "response_only_enabled": true, "role": "actor", "selected_rows": 4131, "tensor_parallel_size": 2, "vocab_shard": 75968}
[36m(WorkerDict pid=224932)[0m WARNING:2026-09-11 13:44:30,677:VERL_RESPONSE_ONLY_LM_HEAD_PROFILE {"active_ratio": 0.49913962635201575, "actual_logits_bytes": 617012096, "allocated_before_bytes": 4283595264, "backend": "unfused", "calculate_entropy": true, "calculate_sum_pi_squared": false, "context_parallel_size": 2, "data_format": "thd", "dense_logits_bytes": 1236151296, "dense_rows": 8136, "distillation_only": false, "elapsed_s": 0.03062678303103894, "element_size": 2, "entropy_from_logits_chunk_size": 2048, "entropy_from_logits_with_chunking": false, "event_id": 110, "logits_dtype": "torch.bfloat16", "logits_saved_bytes": 619139200, "peak_allocated_bytes": 7952572928, "peak_increment_bytes": 3668977664, "pipeline_parallel_size": 2, "projected_rows": 4061, "rank": 5, "response_only_enabled": true, "role": "actor", "selected_rows": 4061, "tensor_parallel_size": 2, "vocab_shard": 75968}
[36m(WorkerDict pid=224934)[0m WARNING:2026-09-11 13:44:30,678:VERL_RESPONSE_ONLY_LM_HEAD_PROFILE {"active_ratio": 0.5077433628318584, "actual_logits_bytes": 627647616, "allocated_before_bytes": 4283595264, "backend": "unfused", "calculate_entropy": true, "calculate_sum_pi_squared": false, "context_parallel_size": 2, "data_format": "thd", "dense_logits_bytes": 1236151296, "dense_rows": 8136, "distillation_only": false, "elapsed_s": 0.03167120390571654, "element_size": 2, "entropy_from_logits_chunk_size": 2048, "entropy_from_logits_with_chunking": false, "event_id": 110, "logits_dtype": "torch.bfloat16", "logits_saved_bytes": 608503680, "peak_allocated_bytes": 8016389632, "peak_increment_bytes": 3732794368, "pipeline_parallel_size": 2, "projected_rows": 4131, "rank": 7, "response_only_enabled": true, "role": "actor", "selected_rows": 4131, "tensor_parallel_size": 2, "vocab_shard": 75968}
[36m(WorkerDict pid=224933)[0m WARNING:2026-09-11 13:44:30,678:VERL_RESPONSE_ONLY_LM_HEAD_PROFILE {"active_ratio": 0.5077433628318584, "actual_logits_bytes": 627647616, "allocated_before_bytes": 4283595264, "backend": "unfused", "calculate_entropy": true, "calculate_sum_pi_squared": false, "context_parallel_size": 2, "data_format": "thd", "dense_logits_bytes": 1236151296, "dense_rows": 8136, "distillation_only": false, "elapsed_s": 0.031681483960710466, "element_size": 2, "entropy_from_logits_chunk_size": 2048, "entropy_from_logits_with_chunking": false, "event_id": 110, "logits_dtype": "torch.bfloat16", "logits_saved_bytes": 608503680, "peak_allocated_bytes": 8016389632, "peak_increment_bytes": 3732794368, "pipeline_parallel_size": 2, "projected_rows": 4131, "rank": 6, "response_only_enabled": true, "role": "actor", "selected_rows": 4131, "tensor_parallel_size": 2, "vocab_shard": 75968}
[36m(WorkerDict pid=224932)[0m WARNING:2026-09-11 13:44:30,948:VERL_RESPONSE_ONLY_LM_HEAD_PROFILE {"active_ratio": 0.49913962635201575, "actual_logits_bytes": 617012096, "allocated_before_bytes": 4283727360, "backend": "unfused", "calculate_entropy": true, "calculate_sum_pi_squared": false, "context_parallel_size": 2, "data_format": "thd", "dense_logits_bytes": 1236151296, "dense_rows": 8136, "distillation_only": false, "elapsed_s": 0.030737773049622774, "element_size": 2, "entropy_from_logits_chunk_size": 2048, "entropy_from_logits_with_chunking": false, "event_id": 111, "logits_dtype": "torch.bfloat16", "logits_saved_bytes": 619139200, "peak_allocated_bytes": 7952705024, "peak_increment_bytes": 3668977664, "pipeline_parallel_size": 2, "projected_rows": 4061, "rank": 5, "response_only_enabled": true, "role": "actor", "selected_rows": 4061, "tensor_parallel_size": 2, "vocab_shard": 75968}
[36m(WorkerDict pid=224934)[0m WARNING:2026-09-11 13:44:30,949:VERL_RESPONSE_ONLY_LM_HEAD_PROFILE {"active_ratio": 0.5077433628318584, "actual_logits_bytes": 627647616, "allocated_before_bytes": 4283727360, "backend": "unfused", "calculate_entropy": true, "calculate_sum_pi_squared": false, "context_parallel_size": 2, "data_format": "thd", "dense_logits_bytes": 1236151296, "dense_rows": 8136, "distillation_only": false, "elapsed_s": 0.03157634404487908, "element_size": 2, "entropy_from_logits_chunk_size": 2048, "entropy_from_logits_with_chunking": false, "event_id": 111, "logits_dtype": "torch.bfloat16", "logits_saved_bytes": 608503680, "peak_allocated_bytes": 8016521728, "peak_increment_bytes": 3732794368, "pipeline_parallel_size": 2, "projected_rows": 4131, "rank": 7, "response_only_enabled": true, "role": "actor", "selected_rows": 4131, "tensor_parallel_size": 2, "vocab_shard": 75968}
[36m(WorkerDict pid=224933)[0m WARNING:2026-09-11 13:44:30,949:VERL_RESPONSE_ONLY_LM_HEAD_PROFILE {"active_ratio": 0.5077433628318584, "actual_logits_bytes": 627647616, "allocated_before_bytes": 4283727360, "backend": "unfused", "calculate_entropy": true, "calculate_sum_pi_squared": false, "context_parallel_size": 2, "data_format": "thd", "dense_logits_bytes": 1236151296, "dense_rows": 8136, "distillation_only": false, "elapsed_s": 0.031570903956890106, "element_size": 2, "entropy_from_logits_chunk_size": 2048, "entropy_from_logits_with_chunking": false, "event_id": 111, "logits_dtype": "torch.bfloat16", "logits_saved_bytes": 608503680, "peak_allocated_bytes": 8016521728, "peak_increment_bytes": 3732794368, "pipeline_parallel_size": 2, "projected_rows": 4131, "rank": 6, "response_only_enabled": true, "role": "actor", "selected_rows": 4131, "tensor_parallel_size": 2, "vocab_shard": 75968}
[36m(WorkerDict pid=224932)[0m WARNING:2026-09-11 13:44:36,261:VERL_RESPONSE_ONLY_LM_HEAD_PROFILE {"active_ratio": 0.4998724489795918, "actual_logits_bytes": 595437184, "allocated_before_bytes": 4280689664, "backend": "unfused", "calculate_entropy": false, "calculate_sum_pi_squared": false, "context_parallel_size": 2, "data_format": "thd", "dense_logits_bytes": 1191178240, "dense_rows": 7840, "distillation_only": false, "elapsed_s": 0.04846101102884859, "element_size": 2, "entropy_from_logits_chunk_size": 2048, "entropy_from_logits_with_chunking": false, "event_id": 112, "logits_dtype": "torch.bfloat16", "logits_saved_bytes": 595741056, "peak_allocated_bytes": 6034889216, "peak_increment_bytes": 1754199552, "pipeline_parallel_size": 2, "projected_rows": 3919, "rank": 5, "response_only_enabled": true, "role": "ref", "selected_rows": 3919, "tensor_parallel_size": 2, "vocab_shard": 75968}
[36m(WorkerDict pid=224934)[0m WARNING:2026-09-11 13:44:36,263:VERL_RESPONSE_ONLY_LM_HEAD_PROFILE {"active_ratio": 0.5450255102040816, "actual_logits_bytes": 649222528, "allocated_before_bytes": 4280689664, "backend": "unfused", "calculate_entropy": false, "calculate_sum_pi_squared": false, "context_parallel_size": 2, "data_format": "thd", "dense_logits_bytes": 1191178240, "dense_rows": 7840, "distillation_only": false, "elapsed_s": 0.05070875200908631, "element_size": 2, "entropy_from_logits_chunk_size": 2048, "entropy_from_logits_with_chunking": false, "event_id": 112, "logits_dtype": "torch.bfloat16", "logits_saved_bytes": 541955712, "peak_allocated_bytes": 6196244992, "peak_increment_bytes": 1915555328, "pipeline_parallel_size": 2, "projected_rows": 4273, "rank": 7, "response_only_enabled": true, "role": "ref", "selected_rows": 4273, "tensor_parallel_size": 2, "vocab_shard": 75968}
[36m(WorkerDict pid=224933)[0m WARNING:2026-09-11 13:44:36,263:VERL_RESPONSE_ONLY_LM_HEAD_PROFILE {"active_ratio": 0.5450255102040816, "actual_logits_bytes": 649222528, "allocated_before_bytes": 4280689664, "backend": "unfused", "calculate_entropy": false, "calculate_sum_pi_squared": false, "context_parallel_size": 2, "data_format": "thd", "dense_logits_bytes": 1191178240, "dense_rows": 7840, "distillation_only": false, "elapsed_s": 0.05074578209314495, "element_size": 2, "entropy_from_logits_chunk_size": 2048, "entropy_from_logits_with_chunking": false, "event_id": 112, "logits_dtype": "torch.bfloat16", "logits_saved_bytes": 541955712, "peak_allocated_bytes": 6196244992, "peak_increment_bytes": 1915555328, "pipeline_parallel_size": 2, "projected_rows": 4273, "rank": 6, "response_only_enabled": true, "role": "ref", "selected_rows": 4273, "tensor_parallel_size": 2, "vocab_shard": 75968}
[36m(WorkerDict pid=224932)[0m WARNING:2026-09-11 13:44:36,513:VERL_RESPONSE_ONLY_LM_HEAD_PROFILE {"active_ratio": 0.4998724489795918, "actual_logits_bytes": 595437184, "allocated_before_bytes": 4280753664, "backend": "unfused", "calculate_entropy": false, "calculate_sum_pi_squared": false, "context_parallel_size": 2, "data_format": "thd", "dense_logits_bytes": 1191178240, "dense_rows": 7840, "distillation_only": false, "elapsed_s": 0.020636158995330334, "element_size": 2, "entropy_from_logits_chunk_size": 2048, "entropy_from_logits_with_chunking": false, "event_id": 113, "logits_dtype": "torch.bfloat16", "logits_saved_bytes": 595741056, "peak_allocated_bytes": 6034953216, "peak_increment_bytes": 1754199552, "pipeline_parallel_size": 2, "projected_rows": 3919, "rank": 5, "response_only_enabled": true, "role": "ref", "selected_rows": 3919, "tensor_parallel_size": 2, "vocab_shard": 75968}
[36m(WorkerDict pid=224934)[0m WARNING:2026-09-11 13:44:36,515:VERL_RESPONSE_ONLY_LM_HEAD_PROFILE {"active_ratio": 0.5450255102040816, "actual_logits_bytes": 649222528, "allocated_before_bytes": 4280753664, "backend": "unfused", "calculate_entropy": false, "calculate_sum_pi_squared": false, "context_parallel_size": 2, "data_format": "thd", "dense_logits_bytes": 1191178240, "dense_rows": 7840, "distillation_only": false, "elapsed_s": 0.022644030046649277, "element_size": 2, "entropy_from_logits_chunk_size": 2048, "entropy_from_logits_with_chunking": false, "event_id": 113, "logits_dtype": "torch.bfloat16", "logits_saved_bytes": 541955712, "peak_allocated_bytes": 6196308992, "peak_increment_bytes": 1915555328, "pipeline_parallel_size": 2, "projected_rows": 4273, "rank": 7, "response_only_enabled": true, "role": "ref", "selected_rows": 4273, "tensor_parallel_size": 2, "vocab_shard": 75968}
[36m(WorkerDict pid=224933)[0m WARNING:2026-09-11 13:44:36,515:VERL_RESPONSE_ONLY_LM_HEAD_PROFILE {"active_ratio": 0.5450255102040816, "actual_logits_bytes": 649222528, "allocated_before_bytes": 4280753664, "backend": "unfused", "calculate_entropy": false, "calculate_sum_pi_squared": false, "context_parallel_size": 2, "data_format": "thd", "dense_logits_bytes": 1191178240, "dense_rows": 7840, "distillation_only": false, "elapsed_s": 0.022588309948332608, "element_size": 2, "entropy_from_logits_chunk_size": 2048, "entropy_from_logits_with_chunking": false, "event_id": 113, "logits_dtype": "torch.bfloat16", "logits_saved_bytes": 541955712, "peak_allocated_bytes": 6196308992, "peak_increment_bytes": 1915555328, "pipeline_parallel_size": 2, "projected_rows": 4273, "rank": 6, "response_only_enabled": true, "role": "ref", "selected_rows": 4273, "tensor_parallel_size": 2, "vocab_shard": 75968}
[36m(WorkerDict pid=224932)[0m WARNING:2026-09-11 13:44:36,765:VERL_RESPONSE_ONLY_LM_HEAD_PROFILE {"active_ratio": 0.4998724489795918, "actual_logits_bytes": 595437184, "allocated_before_bytes": 4280817152, "backend": "unfused", "calculate_entropy": false, "calculate_sum_pi_squared": false, "context_parallel_size": 2, "data_format": "thd", "dense_logits_bytes": 1191178240, "dense_rows": 7840, "distillation_only": false, "elapsed_s": 0.020812250091694295, "element_size": 2, "entropy_from_logits_chunk_size": 2048, "entropy_from_logits_with_chunking": false, "event_id": 114, "logits_dtype": "torch.bfloat16", "logits_saved_bytes": 595741056, "peak_allocated_bytes": 6035016704, "peak_increment_bytes": 1754199552, "pipeline_parallel_size": 2, "projected_rows": 3919, "rank": 5, "response_only_enabled": true, "role": "ref", "selected_rows": 3919, "tensor_parallel_size": 2, "vocab_shard": 75968}
[36m(WorkerDict pid=224934)[0m WARNING:2026-09-11 13:44:36,766:VERL_RESPONSE_ONLY_LM_HEAD_PROFILE {"active_ratio": 0.5450255102040816, "actual_logits_bytes": 649222528, "allocated_before_bytes": 4280817152, "backend": "unfused", "calculate_entropy": false, "calculate_sum_pi_squared": false, "context_parallel_size": 2, "data_format": "thd", "dense_logits_bytes": 1191178240, "dense_rows": 7840, "distillation_only": false, "elapsed_s": 0.022471509990282357, "element_size": 2, "entropy_from_logits_chunk_size": 2048, "entropy_from_logits_with_chunking": false, "event_id": 114, "logits_dtype": "torch.bfloat16", "logits_saved_bytes": 541955712, "peak_allocated_bytes": 6196372480, "peak_increment_bytes": 1915555328, "pipeline_parallel_size": 2, "projected_rows": 4273, "rank": 7, "response_only_enabled": true, "role": "ref", "selected_rows": 4273, "tensor_parallel_size": 2, "vocab_shard": 75968}
[36m(WorkerDict pid=224933)[0m WARNING:2026-09-11 13:44:36,766:VERL_RESPONSE_ONLY_LM_HEAD_PROFILE {"active_ratio": 0.5450255102040816, "actual_logits_bytes": 649222528, "allocated_before_bytes": 4280817152, "backend": "unfused", "calculate_entropy": false, "calculate_sum_pi_squared": false, "context_parallel_size": 2, "data_format": "thd", "dense_logits_bytes": 1191178240, "dense_rows": 7840, "distillation_only": false, "elapsed_s": 0.02246233995538205, "element_size": 2, "entropy_from_logits_chunk_size": 2048, "entropy_from_logits_with_chunking": false, "event_id": 114, "logits_dtype": "torch.bfloat16", "logits_saved_bytes": 541955712, "peak_allocated_bytes": 6196372480, "peak_increment_bytes": 1915555328, "pipeline_parallel_size": 2, "projected_rows": 4273, "rank": 6, "response_only_enabled": true, "role": "ref", "selected_rows": 4273, "tensor_parallel_size": 2, "vocab_shard": 75968}
[36m(WorkerDict pid=224932)[0m WARNING:2026-09-11 13:44:37,018:VERL_RESPONSE_ONLY_LM_HEAD_PROFILE {"active_ratio": 0.4998724489795918, "actual_logits_bytes": 595437184, "allocated_before_bytes": 4280880640, "backend": "unfused", "calculate_entropy": false, "calculate_sum_pi_squared": false, "context_parallel_size": 2, "data_format": "thd", "dense_logits_bytes": 1191178240, "dense_rows": 7840, "distillation_only": false, "elapsed_s": 0.02080633898731321, "element_size": 2, "entropy_from_logits_chunk_size": 2048, "entropy_from_logits_with_chunking": false, "event_id": 115, "logits_dtype": "torch.bfloat16", "logits_saved_bytes": 595741056, "peak_allocated_bytes": 6035080192, "peak_increment_bytes": 1754199552, "pipeline_parallel_size": 2, "projected_rows": 3919, "rank": 5, "response_only_enabled": true, "role": "ref", "selected_rows": 3919, "tensor_parallel_size": 2, "vocab_shard": 75968}
[36m(WorkerDict pid=224934)[0m WARNING:2026-09-11 13:44:37,019:VERL_RESPONSE_ONLY_LM_HEAD_PROFILE {"active_ratio": 0.5450255102040816, "actual_logits_bytes": 649222528, "allocated_before_bytes": 4280880640, "backend": "unfused", "calculate_entropy": false, "calculate_sum_pi_squared": false, "context_parallel_size": 2, "data_format": "thd", "dense_logits_bytes": 1191178240, "dense_rows": 7840, "distillation_only": false, "elapsed_s": 0.022397310007363558, "element_size": 2, "entropy_from_logits_chunk_size": 2048, "entropy_from_logits_with_chunking": false, "event_id": 115, "logits_dtype": "torch.bfloat16", "logits_saved_bytes": 541955712, "peak_allocated_bytes": 6196435968, "peak_increment_bytes": 1915555328, "pipeline_parallel_size": 2, "projected_rows": 4273, "rank": 7, "response_only_enabled": true, "role": "ref", "selected_rows": 4273, "tensor_parallel_size": 2, "vocab_shard": 75968}
[36m(WorkerDict pid=224933)[0m WARNING:2026-09-11 13:44:37,019:VERL_RESPONSE_ONLY_LM_HEAD_PROFILE {"active_ratio": 0.5450255102040816, "actual_logits_bytes": 649222528, "allocated_before_bytes": 4280880640, "backend": "unfused", "calculate_entropy": false, "calculate_sum_pi_squared": false, "context_parallel_size": 2, "data_format": "thd", "dense_logits_bytes": 1191178240, "dense_rows": 7840, "distillation_only": false, "elapsed_s": 0.02239378006197512, "element_size": 2, "entropy_from_logits_chunk_size": 2048, "entropy_from_logits_with_chunking": false, "event_id": 115, "logits_dtype": "torch.bfloat16", "logits_saved_bytes": 541955712, "peak_allocated_bytes": 6196435968, "peak_increment_bytes": 1915555328, "pipeline_parallel_size": 2, "projected_rows": 4273, "rank": 6, "response_only_enabled": true, "role": "ref", "selected_rows": 4273, "tensor_parallel_size": 2, "vocab_shard": 75968}
[36m(WorkerDict pid=224932)[0m WARNING:2026-09-11 13:44:37,269:VERL_RESPONSE_ONLY_LM_HEAD_PROFILE {"active_ratio": 0.4998724489795918, "actual_logits_bytes": 595437184, "allocated_before_bytes": 4280944128, "backend": "unfused", "calculate_entropy": false, "calculate_sum_pi_squared": false, "context_parallel_size": 2, "data_format": "thd", "dense_logits_bytes": 1191178240, "dense_rows": 7840, "distillation_only": false, "elapsed_s": 0.020669638994149864, "element_size": 2, "entropy_from_logits_chunk_size": 2048, "entropy_from_logits_with_chunking": false, "event_id": 116, "logits_dtype": "torch.bfloat16", "logits_saved_bytes": 595741056, "peak_allocated_bytes": 6035143680, "peak_increment_bytes": 1754199552, "pipeline_parallel_size": 2, "projected_rows": 3919, "rank": 5, "response_only_enabled": true, "role": "ref", "selected_rows": 3919, "tensor_parallel_size": 2, "vocab_shard": 75968}
[36m(WorkerDict pid=224934)[0m WARNING:2026-09-11 13:44:37,271:VERL_RESPONSE_ONLY_LM_HEAD_PROFILE {"active_ratio": 0.5450255102040816, "actual_logits_bytes": 649222528, "allocated_before_bytes": 4280944128, "backend": "unfused", "calculate_entropy": false, "calculate_sum_pi_squared": false, "context_parallel_size": 2, "data_format": "thd", "dense_logits_bytes": 1191178240, "dense_rows": 7840, "distillation_only": false, "elapsed_s": 0.022508120047859848, "element_size": 2, "entropy_from_logits_chunk_size": 2048, "entropy_from_logits_with_chunking": false, "event_id": 116, "logits_dtype": "torch.bfloat16", "logits_saved_bytes": 541955712, "peak_allocated_bytes": 6196499456, "peak_increment_bytes": 1915555328, "pipeline_parallel_size": 2, "projected_rows": 4273, "rank": 7, "response_only_enabled": true, "role": "ref", "selected_rows": 4273, "tensor_parallel_size": 2, "vocab_shard": 75968}
[36m(WorkerDict pid=224933)[0m WARNING:2026-09-11 13:44:37,271:VERL_RESPONSE_ONLY_LM_HEAD_PROFILE {"active_ratio": 0.5450255102040816, "actual_logits_bytes": 649222528, "allocated_before_bytes": 4280944128, "backend": "unfused", "calculate_entropy": false, "calculate_sum_pi_squared": false, "context_parallel_size": 2, "data_format": "thd", "dense_logits_bytes": 1191178240, "dense_rows": 7840, "distillation_only": false, "elapsed_s": 0.022464019944891334, "element_size": 2, "entropy_from_logits_chunk_size": 2048, "entropy_from_logits_with_chunking": false, "event_id": 116, "logits_dtype": "torch.bfloat16", "logits_saved_bytes": 541955712, "peak_allocated_bytes": 6196499456, "peak_increment_bytes": 1915555328, "pipeline_parallel_size": 2, "projected_rows": 4273, "rank": 6, "response_only_enabled": true, "role": "ref", "selected_rows": 4273, "tensor_parallel_size": 2, "vocab_shard": 75968}
[36m(WorkerDict pid=224932)[0m WARNING:2026-09-11 13:44:37,522:VERL_RESPONSE_ONLY_LM_HEAD_PROFILE {"active_ratio": 0.4998724489795918, "actual_logits_bytes": 595437184, "allocated_before_bytes": 4281007616, "backend": "unfused", "calculate_entropy": false, "calculate_sum_pi_squared": false, "context_parallel_size": 2, "data_format": "thd", "dense_logits_bytes": 1191178240, "dense_rows": 7840, "distillation_only": false, "elapsed_s": 0.020714198937639594, "element_size": 2, "entropy_from_logits_chunk_size": 2048, "entropy_from_logits_with_chunking": false, "event_id": 117, "logits_dtype": "torch.bfloat16", "logits_saved_bytes": 595741056, "peak_allocated_bytes": 6035207168, "peak_increment_bytes": 1754199552, "pipeline_parallel_size": 2, "projected_rows": 3919, "rank": 5, "response_only_enabled": true, "role": "ref", "selected_rows": 3919, "tensor_parallel_size": 2, "vocab_shard": 75968}
[36m(WorkerDict pid=224934)[0m WARNING:2026-09-11 13:44:37,524:VERL_RESPONSE_ONLY_LM_HEAD_PROFILE {"active_ratio": 0.5450255102040816, "actual_logits_bytes": 649222528, "allocated_before_bytes": 4281007616, "backend": "unfused", "calculate_entropy": false, "calculate_sum_pi_squared": false, "context_parallel_size": 2, "data_format": "thd", "dense_logits_bytes": 1191178240, "dense_rows": 7840, "distillation_only": false, "elapsed_s": 0.02265781001187861, "element_size": 2, "entropy_from_logits_chunk_size": 2048, "entropy_from_logits_with_chunking": false, "event_id": 117, "logits_dtype": "torch.bfloat16", "logits_saved_bytes": 541955712, "peak_allocated_bytes": 6196562944, "peak_increment_bytes": 1915555328, "pipeline_parallel_size": 2, "projected_rows": 4273, "rank": 7, "response_only_enabled": true, "role": "ref", "selected_rows": 4273, "tensor_parallel_size": 2, "vocab_shard": 75968}
[36m(WorkerDict pid=224933)[0m WARNING:2026-09-11 13:44:37,524:VERL_RESPONSE_ONLY_LM_HEAD_PROFILE {"active_ratio": 0.5450255102040816, "actual_logits_bytes": 649222528, "allocated_before_bytes": 4281007616, "backend": "unfused", "calculate_entropy": false, "calculate_sum_pi_squared": false, "context_parallel_size": 2, "data_format": "thd", "dense_logits_bytes": 1191178240, "dense_rows": 7840, "distillation_only": false, "elapsed_s": 0.02261377009563148, "element_size": 2, "entropy_from_logits_chunk_size": 2048, "entropy_from_logits_with_chunking": false, "event_id": 117, "logits_dtype": "torch.bfloat16", "logits_saved_bytes": 541955712, "peak_allocated_bytes": 6196562944, "peak_increment_bytes": 1915555328, "pipeline_parallel_size": 2, "projected_rows": 4273, "rank": 6, "response_only_enabled": true, "role": "ref", "selected_rows": 4273, "tensor_parallel_size": 2, "vocab_shard": 75968}
[36m(WorkerDict pid=224932)[0m WARNING:2026-09-11 13:44:37,775:VERL_RESPONSE_ONLY_LM_HEAD_PROFILE {"active_ratio": 0.4998724489795918, "actual_logits_bytes": 595437184, "allocated_before_bytes": 4281071104, "backend": "unfused", "calculate_entropy": false, "calculate_sum_pi_squared": false, "context_parallel_size": 2, "data_format": "thd", "dense_logits_bytes": 1191178240, "dense_rows": 7840, "distillation_only": false, "elapsed_s": 0.020810848916880786, "element_size": 2, "entropy_from_logits_chunk_size": 2048, "entropy_from_logits_with_chunking": false, "event_id": 118, "logits_dtype": "torch.bfloat16", "logits_saved_bytes": 595741056, "peak_allocated_bytes": 6035270656, "peak_increment_bytes": 1754199552, "pipeline_parallel_size": 2, "projected_rows": 3919, "rank": 5, "response_only_enabled": true, "role": "ref", "selected_rows": 3919, "tensor_parallel_size": 2, "vocab_shard": 75968}
[36m(WorkerDict pid=224934)[0m WARNING:2026-09-11 13:44:37,776:VERL_RESPONSE_ONLY_LM_HEAD_PROFILE {"active_ratio": 0.5450255102040816, "actual_logits_bytes": 649222528, "allocated_before_bytes": 4281071104, "backend": "unfused", "calculate_entropy": false, "calculate_sum_pi_squared": false, "context_parallel_size": 2, "data_format": "thd", "dense_logits_bytes": 1191178240, "dense_rows": 7840, "distillation_only": false, "elapsed_s": 0.022607240010984242, "element_size": 2, "entropy_from_logits_chunk_size": 2048, "entropy_from_logits_with_chunking": false, "event_id": 118, "logits_dtype": "torch.bfloat16", "logits_saved_bytes": 541955712, "peak_allocated_bytes": 6196626432, "peak_increment_bytes": 1915555328, "pipeline_parallel_size": 2, "projected_rows": 4273, "rank": 7, "response_only_enabled": true, "role": "ref", "selected_rows": 4273, "tensor_parallel_size": 2, "vocab_shard": 75968}
[36m(WorkerDict pid=224933)[0m WARNING:2026-09-11 13:44:37,776:VERL_RESPONSE_ONLY_LM_HEAD_PROFILE {"active_ratio": 0.5450255102040816, "actual_logits_bytes": 649222528, "allocated_before_bytes": 4281071104, "backend": "unfused", "calculate_entropy": false, "calculate_sum_pi_squared": false, "context_parallel_size": 2, "data_format": "thd", "dense_logits_bytes": 1191178240, "dense_rows": 7840, "distillation_only": false, "elapsed_s": 0.022594790090806782, "element_size": 2, "entropy_from_logits_chunk_size": 2048, "entropy_from_logits_with_chunking": false, "event_id": 118, "logits_dtype": "torch.bfloat16", "logits_saved_bytes": 541955712, "peak_allocated_bytes": 6196626432, "peak_increment_bytes": 1915555328, "pipeline_parallel_size": 2, "projected_rows": 4273, "rank": 6, "response_only_enabled": true, "role": "ref", "selected_rows": 4273, "tensor_parallel_size": 2, "vocab_shard": 75968}
[36m(WorkerDict pid=224932)[0m WARNING:2026-09-11 13:44:38,027:VERL_RESPONSE_ONLY_LM_HEAD_PROFILE {"active_ratio": 0.4998724489795918, "actual_logits_bytes": 595437184, "allocated_before_bytes": 4281134592, "backend": "unfused", "calculate_entropy": false, "calculate_sum_pi_squared": false, "context_parallel_size": 2, "data_format": "thd", "dense_logits_bytes": 1191178240, "dense_rows": 7840, "distillation_only": false, "elapsed_s": 0.020791238988749683, "element_size": 2, "entropy_from_logits_chunk_size": 2048, "entropy_from_logits_with_chunking": false, "event_id": 119, "logits_dtype": "torch.bfloat16", "logits_saved_bytes": 595741056, "peak_allocated_bytes": 6035334144, "peak_increment_bytes": 1754199552, "pipeline_parallel_size": 2, "projected_rows": 3919, "rank": 5, "response_only_enabled": true, "role": "ref", "selected_rows": 3919, "tensor_parallel_size": 2, "vocab_shard": 75968}
[36m(WorkerDict pid=224934)[0m WARNING:2026-09-11 13:44:38,029:VERL_RESPONSE_ONLY_LM_HEAD_PROFILE {"active_ratio": 0.5450255102040816, "actual_logits_bytes": 649222528, "allocated_before_bytes": 4281134592, "backend": "unfused", "calculate_entropy": false, "calculate_sum_pi_squared": false, "context_parallel_size": 2, "data_format": "thd", "dense_logits_bytes": 1191178240, "dense_rows": 7840, "distillation_only": false, "elapsed_s": 0.022723580012097955, "element_size": 2, "entropy_from_logits_chunk_size": 2048, "entropy_from_logits_with_chunking": false, "event_id": 119, "logits_dtype": "torch.bfloat16", "logits_saved_bytes": 541955712, "peak_allocated_bytes": 6196689920, "peak_increment_bytes": 1915555328, "pipeline_parallel_size": 2, "projected_rows": 4273, "rank": 7, "response_only_enabled": true, "role": "ref", "selected_rows": 4273, "tensor_parallel_size": 2, "vocab_shard": 75968}
[36m(WorkerDict pid=224933)[0m WARNING:2026-09-11 13:44:38,029:VERL_RESPONSE_ONLY_LM_HEAD_PROFILE {"active_ratio": 0.5450255102040816, "actual_logits_bytes": 649222528, "allocated_before_bytes": 4281134592, "backend": "unfused", "calculate_entropy": false, "calculate_sum_pi_squared": false, "context_parallel_size": 2, "data_format": "thd", "dense_logits_bytes": 1191178240, "dense_rows": 7840, "distillation_only": false, "elapsed_s": 0.022684229887090623, "element_size": 2, "entropy_from_logits_chunk_size": 2048, "entropy_from_logits_with_chunking": false, "event_id": 119, "logits_dtype": "torch.bfloat16", "logits_saved_bytes": 541955712, "peak_allocated_bytes": 6196689920, "peak_increment_bytes": 1915555328, "pipeline_parallel_size": 2, "projected_rows": 4273, "rank": 6, "response_only_enabled": true, "role": "ref", "selected_rows": 4273, "tensor_parallel_size": 2, "vocab_shard": 75968}
[36m(WorkerDict pid=224932)[0m WARNING:2026-09-11 13:44:38,323:VERL_RESPONSE_ONLY_LM_HEAD_PROFILE {"active_ratio": 0.49913962635201575, "actual_logits_bytes": 617012096, "allocated_before_bytes": 4283649024, "backend": "unfused", "calculate_entropy": false, "calculate_sum_pi_squared": false, "context_parallel_size": 2, "data_format": "thd", "dense_logits_bytes": 1236151296, "dense_rows": 8136, "distillation_only": false, "elapsed_s": 0.05423828400671482, "element_size": 2, "entropy_from_logits_chunk_size": 2048, "entropy_from_logits_with_chunking": false, "event_id": 120, "logits_dtype": "torch.bfloat16", "logits_saved_bytes": 619139200, "peak_allocated_bytes": 6101360640, "peak_increment_bytes": 1817711616, "pipeline_parallel_size": 2, "projected_rows": 4061, "rank": 5, "response_only_enabled": true, "role": "ref", "selected_rows": 4061, "tensor_parallel_size": 2, "vocab_shard": 75968}
[36m(WorkerDict pid=224934)[0m WARNING:2026-09-11 13:44:38,311:VERL_RESPONSE_ONLY_LM_HEAD_PROFILE {"active_ratio": 0.5077433628318584, "actual_logits_bytes": 627647616, "allocated_before_bytes": 4283649024, "backend": "unfused", "calculate_entropy": false, "calculate_sum_pi_squared": false, "context_parallel_size": 2, "data_format": "thd", "dense_logits_bytes": 1236151296, "dense_rows": 8136, "distillation_only": false, "elapsed_s": 0.04129420907702297, "element_size": 2, "entropy_from_logits_chunk_size": 2048, "entropy_from_logits_with_chunking": false, "event_id": 120, "logits_dtype": "torch.bfloat16", "logits_saved_bytes": 608503680, "peak_allocated_bytes": 6133267456, "peak_increment_bytes": 1849618432, "pipeline_parallel_size": 2, "projected_rows": 4131, "rank": 7, "response_only_enabled": true, "role": "ref", "selected_rows": 4131, "tensor_parallel_size": 2, "vocab_shard": 75968}
[36m(WorkerDict pid=224933)[0m WARNING:2026-09-11 13:44:38,311:VERL_RESPONSE_ONLY_LM_HEAD_PROFILE {"active_ratio": 0.5077433628318584, "actual_logits_bytes": 627647616, "allocated_before_bytes": 4283649024, "backend": "unfused", "calculate_entropy": false, "calculate_sum_pi_squared": false, "context_parallel_size": 2, "data_format": "thd", "dense_logits_bytes": 1236151296, "dense_rows": 8136, "distillation_only": false, "elapsed_s": 0.041257448960095644, "element_size": 2, "entropy_from_logits_chunk_size": 2048, "entropy_from_logits_with_chunking": false, "event_id": 120, "logits_dtype": "torch.bfloat16", "logits_saved_bytes": 608503680, "peak_allocated_bytes": 6133267456, "peak_increment_bytes": 1849618432, "pipeline_parallel_size": 2, "projected_rows": 4131, "rank": 6, "response_only_enabled": true, "role": "ref", "selected_rows": 4131, "tensor_parallel_size": 2, "vocab_shard": 75968}
[36m(WorkerDict pid=224932)[0m WARNING:2026-09-11 13:44:38,583:VERL_RESPONSE_ONLY_LM_HEAD_PROFILE {"active_ratio": 0.49913962635201575, "actual_logits_bytes": 617012096, "allocated_before_bytes": 4283715072, "backend": "unfused", "calculate_entropy": false, "calculate_sum_pi_squared": false, "context_parallel_size": 2, "data_format": "thd", "dense_logits_bytes": 1236151296, "dense_rows": 8136, "distillation_only": false, "elapsed_s": 0.02134792902506888, "element_size": 2, "entropy_from_logits_chunk_size": 2048, "entropy_from_logits_with_chunking": false, "event_id": 121, "logits_dtype": "torch.bfloat16", "logits_saved_bytes": 619139200, "peak_allocated_bytes": 6101426688, "peak_increment_bytes": 1817711616, "pipeline_parallel_size": 2, "projected_rows": 4061, "rank": 5, "response_only_enabled": true, "role": "ref", "selected_rows": 4061, "tensor_parallel_size": 2, "vocab_shard": 75968}
[36m(WorkerDict pid=224934)[0m WARNING:2026-09-11 13:44:38,584:VERL_RESPONSE_ONLY_LM_HEAD_PROFILE {"active_ratio": 0.5077433628318584, "actual_logits_bytes": 627647616, "allocated_before_bytes": 4283715072, "backend": "unfused", "calculate_entropy": false, "calculate_sum_pi_squared": false, "context_parallel_size": 2, "data_format": "thd", "dense_logits_bytes": 1236151296, "dense_rows": 8136, "distillation_only": false, "elapsed_s": 0.022171830059960485, "element_size": 2, "entropy_from_logits_chunk_size": 2048, "entropy_from_logits_with_chunking": false, "event_id": 121, "logits_dtype": "torch.bfloat16", "logits_saved_bytes": 608503680, "peak_allocated_bytes": 6133333504, "peak_increment_bytes": 1849618432, "pipeline_parallel_size": 2, "projected_rows": 4131, "rank": 7, "response_only_enabled": true, "role": "ref", "selected_rows": 4131, "tensor_parallel_size": 2, "vocab_shard": 75968}
[36m(WorkerDict pid=224933)[0m WARNING:2026-09-11 13:44:38,584:VERL_RESPONSE_ONLY_LM_HEAD_PROFILE {"active_ratio": 0.5077433628318584, "actual_logits_bytes": 627647616, "allocated_before_bytes": 4283715072, "backend": "unfused", "calculate_entropy": false, "calculate_sum_pi_squared": false, "context_parallel_size": 2, "data_format": "thd", "dense_logits_bytes": 1236151296, "dense_rows": 8136, "distillation_only": false, "elapsed_s": 0.022154179983772337, "element_size": 2, "entropy_from_logits_chunk_size": 2048, "entropy_from_logits_with_chunking": false, "event_id": 121, "logits_dtype": "torch.bfloat16", "logits_saved_bytes": 608503680, "peak_allocated_bytes": 6133333504, "peak_increment_bytes": 1849618432, "pipeline_parallel_size": 2, "projected_rows": 4131, "rank": 6, "response_only_enabled": true, "role": "ref", "selected_rows": 4131, "tensor_parallel_size": 2, "vocab_shard": 75968}
[36m(WorkerDict pid=224932)[0m WARNING:2026-09-11 13:44:38,843:VERL_RESPONSE_ONLY_LM_HEAD_PROFILE {"active_ratio": 0.49913962635201575, "actual_logits_bytes": 617012096, "allocated_before_bytes": 4283781120, "backend": "unfused", "calculate_entropy": false, "calculate_sum_pi_squared": false, "context_parallel_size": 2, "data_format": "thd", "dense_logits_bytes": 1236151296, "dense_rows": 8136, "distillation_only": false, "elapsed_s": 0.02145025006029755, "element_size": 2, "entropy_from_logits_chunk_size": 2048, "entropy_from_logits_with_chunking": false, "event_id": 122, "logits_dtype": "torch.bfloat16", "logits_saved_bytes": 619139200, "peak_allocated_bytes": 6101492736, "peak_increment_bytes": 1817711616, "pipeline_parallel_size": 2, "projected_rows": 4061, "rank": 5, "response_only_enabled": true, "role": "ref", "selected_rows": 4061, "tensor_parallel_size": 2, "vocab_shard": 75968}
[36m(WorkerDict pid=224934)[0m WARNING:2026-09-11 13:44:38,844:VERL_RESPONSE_ONLY_LM_HEAD_PROFILE {"active_ratio": 0.5077433628318584, "actual_logits_bytes": 627647616, "allocated_before_bytes": 4283781120, "backend": "unfused", "calculate_entropy": false, "calculate_sum_pi_squared": false, "context_parallel_size": 2, "data_format": "thd", "dense_logits_bytes": 1236151296, "dense_rows": 8136, "distillation_only": false, "elapsed_s": 0.02207517996430397, "element_size": 2, "entropy_from_logits_chunk_size": 2048, "entropy_from_logits_with_chunking": false, "event_id": 122, "logits_dtype": "torch.bfloat16", "logits_saved_bytes": 608503680, "peak_allocated_bytes": 6133399552, "peak_increment_bytes": 1849618432, "pipeline_parallel_size": 2, "projected_rows": 4131, "rank": 7, "response_only_enabled": true, "role": "ref", "selected_rows": 4131, "tensor_parallel_size": 2, "vocab_shard": 75968}
[36m(WorkerDict pid=224933)[0m WARNING:2026-09-11 13:44:38,844:VERL_RESPONSE_ONLY_LM_HEAD_PROFILE {"active_ratio": 0.5077433628318584, "actual_logits_bytes": 627647616, "allocated_before_bytes": 4283781120, "backend": "unfused", "calculate_entropy": false, "calculate_sum_pi_squared": false, "context_parallel_size": 2, "data_format": "thd", "dense_logits_bytes": 1236151296, "dense_rows": 8136, "distillation_only": false, "elapsed_s": 0.02207890001591295, "element_size": 2, "entropy_from_logits_chunk_size": 2048, "entropy_from_logits_with_chunking": false, "event_id": 122, "logits_dtype": "torch.bfloat16", "logits_saved_bytes": 608503680, "peak_allocated_bytes": 6133399552, "peak_increment_bytes": 1849618432, "pipeline_parallel_size": 2, "projected_rows": 4131, "rank": 6, "response_only_enabled": true, "role": "ref", "selected_rows": 4131, "tensor_parallel_size": 2, "vocab_shard": 75968}
[36m(WorkerDict pid=224932)[0m WARNING:2026-09-11 13:44:39,104:VERL_RESPONSE_ONLY_LM_HEAD_PROFILE {"active_ratio": 0.49913962635201575, "actual_logits_bytes": 617012096, "allocated_before_bytes": 4283847168, "backend": "unfused", "calculate_entropy": false, "calculate_sum_pi_squared": false, "context_parallel_size": 2, "data_format": "thd", "dense_logits_bytes": 1236151296, "dense_rows": 8136, "distillation_only": false, "elapsed_s": 0.02141918893903494, "element_size": 2, "entropy_from_logits_chunk_size": 2048, "entropy_from_logits_with_chunking": false, "event_id": 123, "logits_dtype": "torch.bfloat16", "logits_saved_bytes": 619139200, "peak_allocated_bytes": 6101558784, "peak_increment_bytes": 1817711616, "pipeline_parallel_size": 2, "projected_rows": 4061, "rank": 5, "response_only_enabled": true, "role": "ref", "selected_rows": 4061, "tensor_parallel_size": 2, "vocab_shard": 75968}
[36m(WorkerDict pid=224934)[0m WARNING:2026-09-11 13:44:39,105:VERL_RESPONSE_ONLY_LM_HEAD_PROFILE {"active_ratio": 0.5077433628318584, "actual_logits_bytes": 627647616, "allocated_before_bytes": 4283847168, "backend": "unfused", "calculate_entropy": false, "calculate_sum_pi_squared": false, "context_parallel_size": 2, "data_format": "thd", "dense_logits_bytes": 1236151296, "dense_rows": 8136, "distillation_only": false, "elapsed_s": 0.022303849924355745, "element_size": 2, "entropy_from_logits_chunk_size": 2048, "entropy_from_logits_with_chunking": false, "event_id": 123, "logits_dtype": "torch.bfloat16", "logits_saved_bytes": 608503680, "peak_allocated_bytes": 6133465600, "peak_increment_bytes": 1849618432, "pipeline_parallel_size": 2, "projected_rows": 4131, "rank": 7, "response_only_enabled": true, "role": "ref", "selected_rows": 4131, "tensor_parallel_size": 2, "vocab_shard": 75968}
[36m(WorkerDict pid=224933)[0m WARNING:2026-09-11 13:44:39,105:VERL_RESPONSE_ONLY_LM_HEAD_PROFILE {"active_ratio": 0.5077433628318584, "actual_logits_bytes": 627647616, "allocated_before_bytes": 4283847168, "backend": "unfused", "calculate_entropy": false, "calculate_sum_pi_squared": false, "context_parallel_size": 2, "data_format": "thd", "dense_logits_bytes": 1236151296, "dense_rows": 8136, "distillation_only": false, "elapsed_s": 0.022327849990688264, "element_size": 2, "entropy_from_logits_chunk_size": 2048, "entropy_from_logits_with_chunking": false, "event_id": 123, "logits_dtype": "torch.bfloat16", "logits_saved_bytes": 608503680, "peak_allocated_bytes": 6133465600, "peak_increment_bytes": 1849618432, "pipeline_parallel_size": 2, "projected_rows": 4131, "rank": 6, "response_only_enabled": true, "role": "ref", "selected_rows": 4131, "tensor_parallel_size": 2, "vocab_shard": 75968}
[36m(WorkerDict pid=224932)[0m WARNING:2026-09-11 13:44:39,365:VERL_RESPONSE_ONLY_LM_HEAD_PROFILE {"active_ratio": 0.49913962635201575, "actual_logits_bytes": 617012096, "allocated_before_bytes": 4283913216, "backend": "unfused", "calculate_entropy": false, "calculate_sum_pi_squared": false, "context_parallel_size": 2, "data_format": "thd", "dense_logits_bytes": 1236151296, "dense_rows": 8136, "distillation_only": false, "elapsed_s": 0.02151828003115952, "element_size": 2, "entropy_from_logits_chunk_size": 2048, "entropy_from_logits_with_chunking": false, "event_id": 124, "logits_dtype": "torch.bfloat16", "logits_saved_bytes": 619139200, "peak_allocated_bytes": 6101624832, "peak_increment_bytes": 1817711616, "pipeline_parallel_size": 2, "projected_rows": 4061, "rank": 5, "response_only_enabled": true, "role": "ref", "selected_rows": 4061, "tensor_parallel_size": 2, "vocab_shard": 75968}
[36m(WorkerDict pid=224934)[0m WARNING:2026-09-11 13:44:39,365:VERL_RESPONSE_ONLY_LM_HEAD_PROFILE {"active_ratio": 0.5077433628318584, "actual_logits_bytes": 627647616, "allocated_before_bytes": 4283913216, "backend": "unfused", "calculate_entropy": false, "calculate_sum_pi_squared": false, "context_parallel_size": 2, "data_format": "thd", "dense_logits_bytes": 1236151296, "dense_rows": 8136, "distillation_only": false, "elapsed_s": 0.02218106994405389, "element_size": 2, "entropy_from_logits_chunk_size": 2048, "entropy_from_logits_with_chunking": false, "event_id": 124, "logits_dtype": "torch.bfloat16", "logits_saved_bytes": 608503680, "peak_allocated_bytes": 6133531648, "peak_increment_bytes": 1849618432, "pipeline_parallel_size": 2, "projected_rows": 4131, "rank": 7, "response_only_enabled": true, "role": "ref", "selected_rows": 4131, "tensor_parallel_size": 2, "vocab_shard": 75968}
[36m(WorkerDict pid=224933)[0m WARNING:2026-09-11 13:44:39,365:VERL_RESPONSE_ONLY_LM_HEAD_PROFILE {"active_ratio": 0.5077433628318584, "actual_logits_bytes": 627647616, "allocated_before_bytes": 4283913216, "backend": "unfused", "calculate_entropy": false, "calculate_sum_pi_squared": false, "context_parallel_size": 2, "data_format": "thd", "dense_logits_bytes": 1236151296, "dense_rows": 8136, "distillation_only": false, "elapsed_s": 0.022201690007932484, "element_size": 2, "entropy_from_logits_chunk_size": 2048, "entropy_from_logits_with_chunking": false, "event_id": 124, "logits_dtype": "torch.bfloat16", "logits_saved_bytes": 608503680, "peak_allocated_bytes": 6133531648, "peak_increment_bytes": 1849618432, "pipeline_parallel_size": 2, "projected_rows": 4131, "rank": 6, "response_only_enabled": true, "role": "ref", "selected_rows": 4131, "tensor_parallel_size": 2, "vocab_shard": 75968}
[36m(WorkerDict pid=224932)[0m WARNING:2026-09-11 13:44:39,624:VERL_RESPONSE_ONLY_LM_HEAD_PROFILE {"active_ratio": 0.49913962635201575, "actual_logits_bytes": 617012096, "allocated_before_bytes": 4283979264, "backend": "unfused", "calculate_entropy": false, "calculate_sum_pi_squared": false, "context_parallel_size": 2, "data_format": "thd", "dense_logits_bytes": 1236151296, "dense_rows": 8136, "distillation_only": false, "elapsed_s": 0.021390139940194786, "element_size": 2, "entropy_from_logits_chunk_size": 2048, "entropy_from_logits_with_chunking": false, "event_id": 125, "logits_dtype": "torch.bfloat16", "logits_saved_bytes": 619139200, "peak_allocated_bytes": 6101690880, "peak_increment_bytes": 1817711616, "pipeline_parallel_size": 2, "projected_rows": 4061, "rank": 5, "response_only_enabled": true, "role": "ref", "selected_rows": 4061, "tensor_parallel_size": 2, "vocab_shard": 75968}
[36m(WorkerDict pid=224934)[0m WARNING:2026-09-11 13:44:39,625:VERL_RESPONSE_ONLY_LM_HEAD_PROFILE {"active_ratio": 0.5077433628318584, "actual_logits_bytes": 627647616, "allocated_before_bytes": 4283979264, "backend": "unfused", "calculate_entropy": false, "calculate_sum_pi_squared": false, "context_parallel_size": 2, "data_format": "thd", "dense_logits_bytes": 1236151296, "dense_rows": 8136, "distillation_only": false, "elapsed_s": 0.022369310026988387, "element_size": 2, "entropy_from_logits_chunk_size": 2048, "entropy_from_logits_with_chunking": false, "event_id": 125, "logits_dtype": "torch.bfloat16", "logits_saved_bytes": 608503680, "peak_allocated_bytes": 6133597696, "peak_increment_bytes": 1849618432, "pipeline_parallel_size": 2, "projected_rows": 4131, "rank": 7, "response_only_enabled": true, "role": "ref", "selected_rows": 4131, "tensor_parallel_size": 2, "vocab_shard": 75968}
[36m(WorkerDict pid=224933)[0m WARNING:2026-09-11 13:44:39,625:VERL_RESPONSE_ONLY_LM_HEAD_PROFILE {"active_ratio": 0.5077433628318584, "actual_logits_bytes": 627647616, "allocated_before_bytes": 4283979264, "backend": "unfused", "calculate_entropy": false, "calculate_sum_pi_squared": false, "context_parallel_size": 2, "data_format": "thd", "dense_logits_bytes": 1236151296, "dense_rows": 8136, "distillation_only": false, "elapsed_s": 0.02226837002672255, "element_size": 2, "entropy_from_logits_chunk_size": 2048, "entropy_from_logits_with_chunking": false, "event_id": 125, "logits_dtype": "torch.bfloat16", "logits_saved_bytes": 608503680, "peak_allocated_bytes": 6133597696, "peak_increment_bytes": 1849618432, "pipeline_parallel_size": 2, "projected_rows": 4131, "rank": 6, "response_only_enabled": true, "role": "ref", "selected_rows": 4131, "tensor_parallel_size": 2, "vocab_shard": 75968}
[36m(WorkerDict pid=224932)[0m WARNING:2026-09-11 13:44:39,885:VERL_RESPONSE_ONLY_LM_HEAD_PROFILE {"active_ratio": 0.49913962635201575, "actual_logits_bytes": 617012096, "allocated_before_bytes": 4284045312, "backend": "unfused", "calculate_entropy": false, "calculate_sum_pi_squared": false, "context_parallel_size": 2, "data_format": "thd", "dense_logits_bytes": 1236151296, "dense_rows": 8136, "distillation_only": false, "elapsed_s": 0.02167532907333225, "element_size": 2, "entropy_from_logits_chunk_size": 2048, "entropy_from_logits_with_chunking": false, "event_id": 126, "logits_dtype": "torch.bfloat16", "logits_saved_bytes": 619139200, "peak_allocated_bytes": 6101756928, "peak_increment_bytes": 1817711616, "pipeline_parallel_size": 2, "projected_rows": 4061, "rank": 5, "response_only_enabled": true, "role": "ref", "selected_rows": 4061, "tensor_parallel_size": 2, "vocab_shard": 75968}
[36m(WorkerDict pid=224934)[0m WARNING:2026-09-11 13:44:39,885:VERL_RESPONSE_ONLY_LM_HEAD_PROFILE {"active_ratio": 0.5077433628318584, "actual_logits_bytes": 627647616, "allocated_before_bytes": 4284045312, "backend": "unfused", "calculate_entropy": false, "calculate_sum_pi_squared": false, "context_parallel_size": 2, "data_format": "thd", "dense_logits_bytes": 1236151296, "dense_rows": 8136, "distillation_only": false, "elapsed_s": 0.02226850006263703, "element_size": 2, "entropy_from_logits_chunk_size": 2048, "entropy_from_logits_with_chunking": false, "event_id": 126, "logits_dtype": "torch.bfloat16", "logits_saved_bytes": 608503680, "peak_allocated_bytes": 6133663744, "peak_increment_bytes": 1849618432, "pipeline_parallel_size": 2, "projected_rows": 4131, "rank": 7, "response_only_enabled": true, "role": "ref", "selected_rows": 4131, "tensor_parallel_size": 2, "vocab_shard": 75968}
[36m(WorkerDict pid=224933)[0m WARNING:2026-09-11 13:44:39,885:VERL_RESPONSE_ONLY_LM_HEAD_PROFILE {"active_ratio": 0.5077433628318584, "actual_logits_bytes": 627647616, "allocated_before_bytes": 4284045312, "backend": "unfused", "calculate_entropy": false, "calculate_sum_pi_squared": false, "context_parallel_size": 2, "data_format": "thd", "dense_logits_bytes": 1236151296, "dense_rows": 8136, "distillation_only": false, "elapsed_s": 0.022232750081457198, "element_size": 2, "entropy_from_logits_chunk_size": 2048, "entropy_from_logits_with_chunking": false, "event_id": 126, "logits_dtype": "torch.bfloat16", "logits_saved_bytes": 608503680, "peak_allocated_bytes": 6133663744, "peak_increment_bytes": 1849618432, "pipeline_parallel_size": 2, "projected_rows": 4131, "rank": 6, "response_only_enabled": true, "role": "ref", "selected_rows": 4131, "tensor_parallel_size": 2, "vocab_shard": 75968}
[36m(WorkerDict pid=224932)[0m WARNING:2026-09-11 13:44:40,145:VERL_RESPONSE_ONLY_LM_HEAD_PROFILE {"active_ratio": 0.49913962635201575, "actual_logits_bytes": 617012096, "allocated_before_bytes": 4284111360, "backend": "unfused", "calculate_entropy": false, "calculate_sum_pi_squared": false, "context_parallel_size": 2, "data_format": "thd", "dense_logits_bytes": 1236151296, "dense_rows": 8136, "distillation_only": false, "elapsed_s": 0.021449059946462512, "element_size": 2, "entropy_from_logits_chunk_size": 2048, "entropy_from_logits_with_chunking": false, "event_id": 127, "logits_dtype": "torch.bfloat16", "logits_saved_bytes": 619139200, "peak_allocated_bytes": 6101822976, "peak_increment_bytes": 1817711616, "pipeline_parallel_size": 2, "projected_rows": 4061, "rank": 5, "response_only_enabled": true, "role": "ref", "selected_rows": 4061, "tensor_parallel_size": 2, "vocab_shard": 75968}
[36m(WorkerDict pid=224934)[0m WARNING:2026-09-11 13:44:40,146:VERL_RESPONSE_ONLY_LM_HEAD_PROFILE {"active_ratio": 0.5077433628318584, "actual_logits_bytes": 627647616, "allocated_before_bytes": 4284111360, "backend": "unfused", "calculate_entropy": false, "calculate_sum_pi_squared": false, "context_parallel_size": 2, "data_format": "thd", "dense_logits_bytes": 1236151296, "dense_rows": 8136, "distillation_only": false, "elapsed_s": 0.022350240033119917, "element_size": 2, "entropy_from_logits_chunk_size": 2048, "entropy_from_logits_with_chunking": false, "event_id": 127, "logits_dtype": "torch.bfloat16", "logits_saved_bytes": 608503680, "peak_allocated_bytes": 6133729792, "peak_increment_bytes": 1849618432, "pipeline_parallel_size": 2, "projected_rows": 4131, "rank": 7, "response_only_enabled": true, "role": "ref", "selected_rows": 4131, "tensor_parallel_size": 2, "vocab_shard": 75968}
[36m(WorkerDict pid=224933)[0m WARNING:2026-09-11 13:44:40,146:VERL_RESPONSE_ONLY_LM_HEAD_PROFILE {"active_ratio": 0.5077433628318584, "actual_logits_bytes": 627647616, "allocated_before_bytes": 4284111360, "backend": "unfused", "calculate_entropy": false, "calculate_sum_pi_squared": false, "context_parallel_size": 2, "data_format": "thd", "dense_logits_bytes": 1236151296, "dense_rows": 8136, "distillation_only": false, "elapsed_s": 0.022348550031892955, "element_size": 2, "entropy_from_logits_chunk_size": 2048, "entropy_from_logits_with_chunking": false, "event_id": 127, "logits_dtype": "torch.bfloat16", "logits_saved_bytes": 608503680, "peak_allocated_bytes": 6133729792, "peak_increment_bytes": 1849618432, "pipeline_parallel_size": 2, "projected_rows": 4131, "rank": 6, "response_only_enabled": true, "role": "ref", "selected_rows": 4131, "tensor_parallel_size": 2, "vocab_shard": 75968}
[36m(WorkerDict pid=224932)[0m WARNING:2026-09-11 13:44:46,761:VERL_RESPONSE_ONLY_LM_HEAD_PROFILE {"active_ratio": 0.4998724489795918, "actual_logits_bytes": 595437184, "allocated_before_bytes": 25336453120, "backend": "unfused", "calculate_entropy": true, "calculate_sum_pi_squared": false, "context_parallel_size": 2, "data_format": "thd", "dense_logits_bytes": 1191178240, "dense_rows": 7840, "distillation_only": false, "elapsed_s": 0.14466713392175734, "element_size": 2, "entropy_from_logits_chunk_size": 2048, "entropy_from_logits_with_chunking": false, "event_id": 128, "logits_dtype": "torch.bfloat16", "logits_saved_bytes": 595741056, "peak_allocated_bytes": 28909422592, "peak_increment_bytes": 3572969472, "pipeline_parallel_size": 2, "projected_rows": 3919, "rank": 5, "response_only_enabled": true, "role": "actor", "selected_rows": 3919, "tensor_parallel_size": 2, "vocab_shard": 75968}
[36m(WorkerDict pid=224934)[0m WARNING:2026-09-11 13:44:46,767:VERL_RESPONSE_ONLY_LM_HEAD_PROFILE {"active_ratio": 0.5450255102040816, "actual_logits_bytes": 649222528, "allocated_before_bytes": 25336453120, "backend": "unfused", "calculate_entropy": true, "calculate_sum_pi_squared": false, "context_parallel_size": 2, "data_format": "thd", "dense_logits_bytes": 1191178240, "dense_rows": 7840, "distillation_only": false, "elapsed_s": 0.1506628970382735, "element_size": 2, "entropy_from_logits_chunk_size": 2048, "entropy_from_logits_with_chunking": false, "event_id": 128, "logits_dtype": "torch.bfloat16", "logits_saved_bytes": 541955712, "peak_allocated_bytes": 29235052032, "peak_increment_bytes": 3898598912, "pipeline_parallel_size": 2, "projected_rows": 4273, "rank": 7, "response_only_enabled": true, "role": "actor", "selected_rows": 4273, "tensor_parallel_size": 2, "vocab_shard": 75968}
[36m(WorkerDict pid=224933)[0m WARNING:2026-09-11 13:44:46,767:VERL_RESPONSE_ONLY_LM_HEAD_PROFILE {"active_ratio": 0.5450255102040816, "actual_logits_bytes": 649222528, "allocated_before_bytes": 25336453120, "backend": "unfused", "calculate_entropy": true, "calculate_sum_pi_squared": false, "context_parallel_size": 2, "data_format": "thd", "dense_logits_bytes": 1191178240, "dense_rows": 7840, "distillation_only": false, "elapsed_s": 0.1506982670398429, "element_size": 2, "entropy_from_logits_chunk_size": 2048, "entropy_from_logits_with_chunking": false, "event_id": 128, "logits_dtype": "torch.bfloat16", "logits_saved_bytes": 541955712, "peak_allocated_bytes": 29235052032, "peak_increment_bytes": 3898598912, "pipeline_parallel_size": 2, "projected_rows": 4273, "rank": 6, "response_only_enabled": true, "role": "actor", "selected_rows": 4273, "tensor_parallel_size": 2, "vocab_shard": 75968}
[36m(WorkerDict pid=224934)[0m WARNING:2026-09-11 13:44:48,027:VERL_RESPONSE_ONLY_LM_HEAD_PROFILE {"active_ratio": 0.5450255102040816, "actual_logits_bytes": 649222528, "allocated_before_bytes": 26183961600, "backend": "unfused", "calculate_entropy": true, "calculate_sum_pi_squared": false, "context_parallel_size": 2, "data_format": "thd", "dense_logits_bytes": 1191178240, "dense_rows": 7840, "distillation_only": false, "elapsed_s": 0.3275333259953186, "element_size": 2, "entropy_from_logits_chunk_size": 2048, "entropy_from_logits_with_chunking": false, "event_id": 129, "logits_dtype": "torch.bfloat16", "logits_saved_bytes": 541955712, "peak_allocated_bytes": 30082560512, "peak_increment_bytes": 3898598912, "pipeline_parallel_size": 2, "projected_rows": 4273, "rank": 7, "response_only_enabled": true, "role": "actor", "selected_rows": 4273, "tensor_parallel_size": 2, "vocab_shard": 75968}
[36m(WorkerDict pid=224933)[0m WARNING:2026-09-11 13:44:48,027:VERL_RESPONSE_ONLY_LM_HEAD_PROFILE {"active_ratio": 0.5450255102040816, "actual_logits_bytes": 649222528, "allocated_before_bytes": 26183961600, "backend": "unfused", "calculate_entropy": true, "calculate_sum_pi_squared": false, "context_parallel_size": 2, "data_format": "thd", "dense_logits_bytes": 1191178240, "dense_rows": 7840, "distillation_only": false, "elapsed_s": 0.32762468606233597, "element_size": 2, "entropy_from_logits_chunk_size": 2048, "entropy_from_logits_with_chunking": false, "event_id": 129, "logits_dtype": "torch.bfloat16", "logits_saved_bytes": 541955712, "peak_allocated_bytes": 30082560512, "peak_increment_bytes": 3898598912, "pipeline_parallel_size": 2, "projected_rows": 4273, "rank": 6, "response_only_enabled": true, "role": "actor", "selected_rows": 4273, "tensor_parallel_size": 2, "vocab_shard": 75968}
[36m(WorkerDict pid=224932)[0m WARNING:2026-09-11 13:44:48,141:VERL_RESPONSE_ONLY_LM_HEAD_PROFILE {"active_ratio": 0.4998724489795918, "actual_logits_bytes": 595437184, "allocated_before_bytes": 26183961600, "backend": "unfused", "calculate_entropy": true, "calculate_sum_pi_squared": false, "context_parallel_size": 2, "data_format": "thd", "dense_logits_bytes": 1191178240, "dense_rows": 7840, "distillation_only": false, "elapsed_s": 0.44221998704597354, "element_size": 2, "entropy_from_logits_chunk_size": 2048, "entropy_from_logits_with_chunking": false, "event_id": 129, "logits_dtype": "torch.bfloat16", "logits_saved_bytes": 595741056, "peak_allocated_bytes": 29756931072, "peak_increment_bytes": 3572969472, "pipeline_parallel_size": 2, "projected_rows": 3919, "rank": 5, "response_only_enabled": true, "role": "actor", "selected_rows": 3919, "tensor_parallel_size": 2, "vocab_shard": 75968}
[36m(WorkerDict pid=224932)[0m WARNING:2026-09-11 13:44:49,208:VERL_RESPONSE_ONLY_LM_HEAD_PROFILE {"active_ratio": 0.4998724489795918, "actual_logits_bytes": 595437184, "allocated_before_bytes": 26216201728, "backend": "unfused", "calculate_entropy": true, "calculate_sum_pi_squared": false, "context_parallel_size": 2, "data_format": "thd", "dense_logits_bytes": 1191178240, "dense_rows": 7840, "distillation_only": false, "elapsed_s": 0.029751452966593206, "element_size": 2, "entropy_from_logits_chunk_size": 2048, "entropy_from_logits_with_chunking": false, "event_id": 130, "logits_dtype": "torch.bfloat16", "logits_saved_bytes": 595741056, "peak_allocated_bytes": 29789171200, "peak_increment_bytes": 3572969472, "pipeline_parallel_size": 2, "projected_rows": 3919, "rank": 5, "response_only_enabled": true, "role": "actor", "selected_rows": 3919, "tensor_parallel_size": 2, "vocab_shard": 75968}
[36m(WorkerDict pid=224934)[0m WARNING:2026-09-11 13:44:49,210:VERL_RESPONSE_ONLY_LM_HEAD_PROFILE {"active_ratio": 0.5450255102040816, "actual_logits_bytes": 649222528, "allocated_before_bytes": 26216201728, "backend": "unfused", "calculate_entropy": true, "calculate_sum_pi_squared": false, "context_parallel_size": 2, "data_format": "thd", "dense_logits_bytes": 1191178240, "dense_rows": 7840, "distillation_only": false, "elapsed_s": 0.032155334018170834, "element_size": 2, "entropy_from_logits_chunk_size": 2048, "entropy_from_logits_with_chunking": false, "event_id": 130, "logits_dtype": "torch.bfloat16", "logits_saved_bytes": 541955712, "peak_allocated_bytes": 30114800640, "peak_increment_bytes": 3898598912, "pipeline_parallel_size": 2, "projected_rows": 4273, "rank": 7, "response_only_enabled": true, "role": "actor", "selected_rows": 4273, "tensor_parallel_size": 2, "vocab_shard": 75968}
[36m(WorkerDict pid=224933)[0m WARNING:2026-09-11 13:44:49,210:VERL_RESPONSE_ONLY_LM_HEAD_PROFILE {"active_ratio": 0.5450255102040816, "actual_logits_bytes": 649222528, "allocated_before_bytes": 26216201728, "backend": "unfused", "calculate_entropy": true, "calculate_sum_pi_squared": false, "context_parallel_size": 2, "data_format": "thd", "dense_logits_bytes": 1191178240, "dense_rows": 7840, "distillation_only": false, "elapsed_s": 0.032117574010044336, "element_size": 2, "entropy_from_logits_chunk_size": 2048, "entropy_from_logits_with_chunking": false, "event_id": 130, "logits_dtype": "torch.bfloat16", "logits_saved_bytes": 541955712, "peak_allocated_bytes": 30114800640, "peak_increment_bytes": 3898598912, "pipeline_parallel_size": 2, "projected_rows": 4273, "rank": 6, "response_only_enabled": true, "role": "actor", "selected_rows": 4273, "tensor_parallel_size": 2, "vocab_shard": 75968}
[36m(WorkerDict pid=224932)[0m WARNING:2026-09-11 13:44:50,162:VERL_RESPONSE_ONLY_LM_HEAD_PROFILE {"active_ratio": 0.4998724489795918, "actual_logits_bytes": 595437184, "allocated_before_bytes": 26248441856, "backend": "unfused", "calculate_entropy": true, "calculate_sum_pi_squared": false, "context_parallel_size": 2, "data_format": "thd", "dense_logits_bytes": 1191178240, "dense_rows": 7840, "distillation_only": false, "elapsed_s": 0.029733933974057436, "element_size": 2, "entropy_from_logits_chunk_size": 2048, "entropy_from_logits_with_chunking": false, "event_id": 131, "logits_dtype": "torch.bfloat16", "logits_saved_bytes": 595741056, "peak_allocated_bytes": 29821411328, "peak_increment_bytes": 3572969472, "pipeline_parallel_size": 2, "projected_rows": 3919, "rank": 5, "response_only_enabled": true, "role": "actor", "selected_rows": 3919, "tensor_parallel_size": 2, "vocab_shard": 75968}
[36m(WorkerDict pid=224934)[0m WARNING:2026-09-11 13:44:50,164:VERL_RESPONSE_ONLY_LM_HEAD_PROFILE {"active_ratio": 0.5450255102040816, "actual_logits_bytes": 649222528, "allocated_before_bytes": 26248441856, "backend": "unfused", "calculate_entropy": true, "calculate_sum_pi_squared": false, "context_parallel_size": 2, "data_format": "thd", "dense_logits_bytes": 1191178240, "dense_rows": 7840, "distillation_only": false, "elapsed_s": 0.03235966502688825, "element_size": 2, "entropy_from_logits_chunk_size": 2048, "entropy_from_logits_with_chunking": false, "event_id": 131, "logits_dtype": "torch.bfloat16", "logits_saved_bytes": 541955712, "peak_allocated_bytes": 30147040768, "peak_increment_bytes": 3898598912, "pipeline_parallel_size": 2, "projected_rows": 4273, "rank": 7, "response_only_enabled": true, "role": "actor", "selected_rows": 4273, "tensor_parallel_size": 2, "vocab_shard": 75968}
[36m(WorkerDict pid=224933)[0m WARNING:2026-09-11 13:44:50,165:VERL_RESPONSE_ONLY_LM_HEAD_PROFILE {"active_ratio": 0.5450255102040816, "actual_logits_bytes": 649222528, "allocated_before_bytes": 26248441856, "backend": "unfused", "calculate_entropy": true, "calculate_sum_pi_squared": false, "context_parallel_size": 2, "data_format": "thd", "dense_logits_bytes": 1191178240, "dense_rows": 7840, "distillation_only": false, "elapsed_s": 0.03235773497726768, "element_size": 2, "entropy_from_logits_chunk_size": 2048, "entropy_from_logits_with_chunking": false, "event_id": 131, "logits_dtype": "torch.bfloat16", "logits_saved_bytes": 541955712, "peak_allocated_bytes": 30147040768, "peak_increment_bytes": 3898598912, "pipeline_parallel_size": 2, "projected_rows": 4273, "rank": 6, "response_only_enabled": true, "role": "actor", "selected_rows": 4273, "tensor_parallel_size": 2, "vocab_shard": 75968}
[36m(WorkerDict pid=224932)[0m WARNING:2026-09-11 13:44:52,120:VERL_RESPONSE_ONLY_LM_HEAD_PROFILE {"active_ratio": 0.4998724489795918, "actual_logits_bytes": 595437184, "allocated_before_bytes": 26151720960, "backend": "unfused", "calculate_entropy": true, "calculate_sum_pi_squared": false, "context_parallel_size": 2, "data_format": "thd", "dense_logits_bytes": 1191178240, "dense_rows": 7840, "distillation_only": false, "elapsed_s": 0.02971832302864641, "element_size": 2, "entropy_from_logits_chunk_size": 2048, "entropy_from_logits_with_chunking": false, "event_id": 132, "logits_dtype": "torch.bfloat16", "logits_saved_bytes": 595741056, "peak_allocated_bytes": 29724690432, "peak_increment_bytes": 3572969472, "pipeline_parallel_size": 2, "projected_rows": 3919, "rank": 5, "response_only_enabled": true, "role": "actor", "selected_rows": 3919, "tensor_parallel_size": 2, "vocab_shard": 75968}
[36m(WorkerDict pid=224934)[0m WARNING:2026-09-11 13:44:52,123:VERL_RESPONSE_ONLY_LM_HEAD_PROFILE {"active_ratio": 0.5450255102040816, "actual_logits_bytes": 649222528, "allocated_before_bytes": 26151720960, "backend": "unfused", "calculate_entropy": true, "calculate_sum_pi_squared": false, "context_parallel_size": 2, "data_format": "thd", "dense_logits_bytes": 1191178240, "dense_rows": 7840, "distillation_only": false, "elapsed_s": 0.03243112389463931, "element_size": 2, "entropy_from_logits_chunk_size": 2048, "entropy_from_logits_with_chunking": false, "event_id": 132, "logits_dtype": "torch.bfloat16", "logits_saved_bytes": 541955712, "peak_allocated_bytes": 30050319872, "peak_increment_bytes": 3898598912, "pipeline_parallel_size": 2, "projected_rows": 4273, "rank": 7, "response_only_enabled": true, "role": "actor", "selected_rows": 4273, "tensor_parallel_size": 2, "vocab_shard": 75968}
[36m(WorkerDict pid=224933)[0m WARNING:2026-09-11 13:44:52,123:VERL_RESPONSE_ONLY_LM_HEAD_PROFILE {"active_ratio": 0.5450255102040816, "actual_logits_bytes": 649222528, "allocated_before_bytes": 26151720960, "backend": "unfused", "calculate_entropy": true, "calculate_sum_pi_squared": false, "context_parallel_size": 2, "data_format": "thd", "dense_logits_bytes": 1191178240, "dense_rows": 7840, "distillation_only": false, "elapsed_s": 0.032411404070444405, "element_size": 2, "entropy_from_logits_chunk_size": 2048, "entropy_from_logits_with_chunking": false, "event_id": 132, "logits_dtype": "torch.bfloat16", "logits_saved_bytes": 541955712, "peak_allocated_bytes": 30050319872, "peak_increment_bytes": 3898598912, "pipeline_parallel_size": 2, "projected_rows": 4273, "rank": 6, "response_only_enabled": true, "role": "actor", "selected_rows": 4273, "tensor_parallel_size": 2, "vocab_shard": 75968}
[36m(WorkerDict pid=224932)[0m WARNING:2026-09-11 13:44:53,076:VERL_RESPONSE_ONLY_LM_HEAD_PROFILE {"active_ratio": 0.4998724489795918, "actual_logits_bytes": 595437184, "allocated_before_bytes": 26183961600, "backend": "unfused", "calculate_entropy": true, "calculate_sum_pi_squared": false, "context_parallel_size": 2, "data_format": "thd", "dense_logits_bytes": 1191178240, "dense_rows": 7840, "distillation_only": false, "elapsed_s": 0.029828793019987643, "element_size": 2, "entropy_from_logits_chunk_size": 2048, "entropy_from_logits_with_chunking": false, "event_id": 133, "logits_dtype": "torch.bfloat16", "logits_saved_bytes": 595741056, "peak_allocated_bytes": 29756931072, "peak_increment_bytes": 3572969472, "pipeline_parallel_size": 2, "projected_rows": 3919, "rank": 5, "response_only_enabled": true, "role": "actor", "selected_rows": 3919, "tensor_parallel_size": 2, "vocab_shard": 75968}
[36m(WorkerDict pid=224934)[0m WARNING:2026-09-11 13:44:53,079:VERL_RESPONSE_ONLY_LM_HEAD_PROFILE {"active_ratio": 0.5450255102040816, "actual_logits_bytes": 649222528, "allocated_before_bytes": 26183961600, "backend": "unfused", "calculate_entropy": true, "calculate_sum_pi_squared": false, "context_parallel_size": 2, "data_format": "thd", "dense_logits_bytes": 1191178240, "dense_rows": 7840, "distillation_only": false, "elapsed_s": 0.03228379401843995, "element_size": 2, "entropy_from_logits_chunk_size": 2048, "entropy_from_logits_with_chunking": false, "event_id": 133, "logits_dtype": "torch.bfloat16", "logits_saved_bytes": 541955712, "peak_allocated_bytes": 30082560512, "peak_increment_bytes": 3898598912, "pipeline_parallel_size": 2, "projected_rows": 4273, "rank": 7, "response_only_enabled": true, "role": "actor", "selected_rows": 4273, "tensor_parallel_size": 2, "vocab_shard": 75968}
[36m(WorkerDict pid=224933)[0m WARNING:2026-09-11 13:44:53,079:VERL_RESPONSE_ONLY_LM_HEAD_PROFILE {"active_ratio": 0.5450255102040816, "actual_logits_bytes": 649222528, "allocated_before_bytes": 26183961600, "backend": "unfused", "calculate_entropy": true, "calculate_sum_pi_squared": false, "context_parallel_size": 2, "data_format": "thd", "dense_logits_bytes": 1191178240, "dense_rows": 7840, "distillation_only": false, "elapsed_s": 0.03232616395689547, "element_size": 2, "entropy_from_logits_chunk_size": 2048, "entropy_from_logits_with_chunking": false, "event_id": 133, "logits_dtype": "torch.bfloat16", "logits_saved_bytes": 541955712, "peak_allocated_bytes": 30082560512, "peak_increment_bytes": 3898598912, "pipeline_parallel_size": 2, "projected_rows": 4273, "rank": 6, "response_only_enabled": true, "role": "actor", "selected_rows": 4273, "tensor_parallel_size": 2, "vocab_shard": 75968}
[36m(WorkerDict pid=224932)[0m WARNING:2026-09-11 13:44:54,031:VERL_RESPONSE_ONLY_LM_HEAD_PROFILE {"active_ratio": 0.4998724489795918, "actual_logits_bytes": 595437184, "allocated_before_bytes": 26216201728, "backend": "unfused", "calculate_entropy": true, "calculate_sum_pi_squared": false, "context_parallel_size": 2, "data_format": "thd", "dense_logits_bytes": 1191178240, "dense_rows": 7840, "distillation_only": false, "elapsed_s": 0.02978587301913649, "element_size": 2, "entropy_from_logits_chunk_size": 2048, "entropy_from_logits_with_chunking": false, "event_id": 134, "logits_dtype": "torch.bfloat16", "logits_saved_bytes": 595741056, "peak_allocated_bytes": 29789171200, "peak_increment_bytes": 3572969472, "pipeline_parallel_size": 2, "projected_rows": 3919, "rank": 5, "response_only_enabled": true, "role": "actor", "selected_rows": 3919, "tensor_parallel_size": 2, "vocab_shard": 75968}
[36m(WorkerDict pid=224934)[0m WARNING:2026-09-11 13:44:54,033:VERL_RESPONSE_ONLY_LM_HEAD_PROFILE {"active_ratio": 0.5450255102040816, "actual_logits_bytes": 649222528, "allocated_before_bytes": 26216201728, "backend": "unfused", "calculate_entropy": true, "calculate_sum_pi_squared": false, "context_parallel_size": 2, "data_format": "thd", "dense_logits_bytes": 1191178240, "dense_rows": 7840, "distillation_only": false, "elapsed_s": 0.03226513392291963, "element_size": 2, "entropy_from_logits_chunk_size": 2048, "entropy_from_logits_with_chunking": false, "event_id": 134, "logits_dtype": "torch.bfloat16", "logits_saved_bytes": 541955712, "peak_allocated_bytes": 30114800640, "peak_increment_bytes": 3898598912, "pipeline_parallel_size": 2, "projected_rows": 4273, "rank": 7, "response_only_enabled": true, "role": "actor", "selected_rows": 4273, "tensor_parallel_size": 2, "vocab_shard": 75968}
[36m(WorkerDict pid=224933)[0m WARNING:2026-09-11 13:44:54,033:VERL_RESPONSE_ONLY_LM_HEAD_PROFILE {"active_ratio": 0.5450255102040816, "actual_logits_bytes": 649222528, "allocated_before_bytes": 26216201728, "backend": "unfused", "calculate_entropy": true, "calculate_sum_pi_squared": false, "context_parallel_size": 2, "data_format": "thd", "dense_logits_bytes": 1191178240, "dense_rows": 7840, "distillation_only": false, "elapsed_s": 0.03230856405571103, "element_size": 2, "entropy_from_logits_chunk_size": 2048, "entropy_from_logits_with_chunking": false, "event_id": 134, "logits_dtype": "torch.bfloat16", "logits_saved_bytes": 541955712, "peak_allocated_bytes": 30114800640, "peak_increment_bytes": 3898598912, "pipeline_parallel_size": 2, "projected_rows": 4273, "rank": 6, "response_only_enabled": true, "role": "actor", "selected_rows": 4273, "tensor_parallel_size": 2, "vocab_shard": 75968}
[36m(WorkerDict pid=224932)[0m WARNING:2026-09-11 13:44:54,989:VERL_RESPONSE_ONLY_LM_HEAD_PROFILE {"active_ratio": 0.4998724489795918, "actual_logits_bytes": 595437184, "allocated_before_bytes": 26248441856, "backend": "unfused", "calculate_entropy": true, "calculate_sum_pi_squared": false, "context_parallel_size": 2, "data_format": "thd", "dense_logits_bytes": 1191178240, "dense_rows": 7840, "distillation_only": false, "elapsed_s": 0.029858363093808293, "element_size": 2, "entropy_from_logits_chunk_size": 2048, "entropy_from_logits_with_chunking": false, "event_id": 135, "logits_dtype": "torch.bfloat16", "logits_saved_bytes": 595741056, "peak_allocated_bytes": 29821411328, "peak_increment_bytes": 3572969472, "pipeline_parallel_size": 2, "projected_rows": 3919, "rank": 5, "response_only_enabled": true, "role": "actor", "selected_rows": 3919, "tensor_parallel_size": 2, "vocab_shard": 75968}
[36m(WorkerDict pid=224934)[0m WARNING:2026-09-11 13:44:54,991:VERL_RESPONSE_ONLY_LM_HEAD_PROFILE {"active_ratio": 0.5450255102040816, "actual_logits_bytes": 649222528, "allocated_before_bytes": 26248441856, "backend": "unfused", "calculate_entropy": true, "calculate_sum_pi_squared": false, "context_parallel_size": 2, "data_format": "thd", "dense_logits_bytes": 1191178240, "dense_rows": 7840, "distillation_only": false, "elapsed_s": 0.03240543499123305, "element_size": 2, "entropy_from_logits_chunk_size": 2048, "entropy_from_logits_with_chunking": false, "event_id": 135, "logits_dtype": "torch.bfloat16", "logits_saved_bytes": 541955712, "peak_allocated_bytes": 30147040768, "peak_increment_bytes": 3898598912, "pipeline_parallel_size": 2, "projected_rows": 4273, "rank": 7, "response_only_enabled": true, "role": "actor", "selected_rows": 4273, "tensor_parallel_size": 2, "vocab_shard": 75968}
[36m(WorkerDict pid=224933)[0m WARNING:2026-09-11 13:44:54,991:VERL_RESPONSE_ONLY_LM_HEAD_PROFILE {"active_ratio": 0.5450255102040816, "actual_logits_bytes": 649222528, "allocated_before_bytes": 26248441856, "backend": "unfused", "calculate_entropy": true, "calculate_sum_pi_squared": false, "context_parallel_size": 2, "data_format": "thd", "dense_logits_bytes": 1191178240, "dense_rows": 7840, "distillation_only": false, "elapsed_s": 0.032443334930576384, "element_size": 2, "entropy_from_logits_chunk_size": 2048, "entropy_from_logits_with_chunking": false, "event_id": 135, "logits_dtype": "torch.bfloat16", "logits_saved_bytes": 541955712, "peak_allocated_bytes": 30147040768, "peak_increment_bytes": 3898598912, "pipeline_parallel_size": 2, "projected_rows": 4273, "rank": 6, "response_only_enabled": true, "role": "actor", "selected_rows": 4273, "tensor_parallel_size": 2, "vocab_shard": 75968}
[36m(WorkerDict pid=224932)[0m WARNING:2026-09-11 13:44:56,970:VERL_RESPONSE_ONLY_LM_HEAD_PROFILE {"active_ratio": 0.49913962635201575, "actual_logits_bytes": 617012096, "allocated_before_bytes": 26175995904, "backend": "unfused", "calculate_entropy": true, "calculate_sum_pi_squared": false, "context_parallel_size": 2, "data_format": "thd", "dense_logits_bytes": 1236151296, "dense_rows": 8136, "distillation_only": false, "elapsed_s": 0.03201862401328981, "element_size": 2, "entropy_from_logits_chunk_size": 2048, "entropy_from_logits_with_chunking": false, "event_id": 136, "logits_dtype": "torch.bfloat16", "logits_saved_bytes": 619139200, "peak_allocated_bytes": 29878377472, "peak_increment_bytes": 3702381568, "pipeline_parallel_size": 2, "projected_rows": 4061, "rank": 5, "response_only_enabled": true, "role": "actor", "selected_rows": 4061, "tensor_parallel_size": 2, "vocab_shard": 75968}
[36m(WorkerDict pid=224934)[0m WARNING:2026-09-11 13:44:56,972:VERL_RESPONSE_ONLY_LM_HEAD_PROFILE {"active_ratio": 0.5077433628318584, "actual_logits_bytes": 627647616, "allocated_before_bytes": 26175995904, "backend": "unfused", "calculate_entropy": true, "calculate_sum_pi_squared": false, "context_parallel_size": 2, "data_format": "thd", "dense_logits_bytes": 1236151296, "dense_rows": 8136, "distillation_only": false, "elapsed_s": 0.03308664506766945, "element_size": 2, "entropy_from_logits_chunk_size": 2048, "entropy_from_logits_with_chunking": false, "event_id": 136, "logits_dtype": "torch.bfloat16", "logits_saved_bytes": 608503680, "peak_allocated_bytes": 29942769152, "peak_increment_bytes": 3766773248, "pipeline_parallel_size": 2, "projected_rows": 4131, "rank": 7, "response_only_enabled": true, "role": "actor", "selected_rows": 4131, "tensor_parallel_size": 2, "vocab_shard": 75968}
[36m(WorkerDict pid=224933)[0m WARNING:2026-09-11 13:44:56,972:VERL_RESPONSE_ONLY_LM_HEAD_PROFILE {"active_ratio": 0.5077433628318584, "actual_logits_bytes": 627647616, "allocated_before_bytes": 26175995904, "backend": "unfused", "calculate_entropy": true, "calculate_sum_pi_squared": false, "context_parallel_size": 2, "data_format": "thd", "dense_logits_bytes": 1236151296, "dense_rows": 8136, "distillation_only": false, "elapsed_s": 0.03302379499655217, "element_size": 2, "entropy_from_logits_chunk_size": 2048, "entropy_from_logits_with_chunking": false, "event_id": 136, "logits_dtype": "torch.bfloat16", "logits_saved_bytes": 608503680, "peak_allocated_bytes": 29942769152, "peak_increment_bytes": 3766773248, "pipeline_parallel_size": 2, "projected_rows": 4131, "rank": 6, "response_only_enabled": true, "role": "actor", "selected_rows": 4131, "tensor_parallel_size": 2, "vocab_shard": 75968}
[36m(WorkerDict pid=224932)[0m WARNING:2026-09-11 13:44:57,960:VERL_RESPONSE_ONLY_LM_HEAD_PROFILE {"active_ratio": 0.49913962635201575, "actual_logits_bytes": 617012096, "allocated_before_bytes": 26209454080, "backend": "unfused", "calculate_entropy": true, "calculate_sum_pi_squared": false, "context_parallel_size": 2, "data_format": "thd", "dense_logits_bytes": 1236151296, "dense_rows": 8136, "distillation_only": false, "elapsed_s": 0.030624393024481833, "element_size": 2, "entropy_from_logits_chunk_size": 2048, "entropy_from_logits_with_chunking": false, "event_id": 137, "logits_dtype": "torch.bfloat16", "logits_saved_bytes": 619139200, "peak_allocated_bytes": 29911835648, "peak_increment_bytes": 3702381568, "pipeline_parallel_size": 2, "projected_rows": 4061, "rank": 5, "response_only_enabled": true, "role": "actor", "selected_rows": 4061, "tensor_parallel_size": 2, "vocab_shard": 75968}
[36m(WorkerDict pid=224934)[0m WARNING:2026-09-11 13:44:57,960:VERL_RESPONSE_ONLY_LM_HEAD_PROFILE {"active_ratio": 0.5077433628318584, "actual_logits_bytes": 627647616, "allocated_before_bytes": 26209454080, "backend": "unfused", "calculate_entropy": true, "calculate_sum_pi_squared": false, "context_parallel_size": 2, "data_format": "thd", "dense_logits_bytes": 1236151296, "dense_rows": 8136, "distillation_only": false, "elapsed_s": 0.0317057539941743, "element_size": 2, "entropy_from_logits_chunk_size": 2048, "entropy_from_logits_with_chunking": false, "event_id": 137, "logits_dtype": "torch.bfloat16", "logits_saved_bytes": 608503680, "peak_allocated_bytes": 29976227328, "peak_increment_bytes": 3766773248, "pipeline_parallel_size": 2, "projected_rows": 4131, "rank": 7, "response_only_enabled": true, "role": "actor", "selected_rows": 4131, "tensor_parallel_size": 2, "vocab_shard": 75968}
[36m(WorkerDict pid=224933)[0m WARNING:2026-09-11 13:44:57,960:VERL_RESPONSE_ONLY_LM_HEAD_PROFILE {"active_ratio": 0.5077433628318584, "actual_logits_bytes": 627647616, "allocated_before_bytes": 26209454080, "backend": "unfused", "calculate_entropy": true, "calculate_sum_pi_squared": false, "context_parallel_size": 2, "data_format": "thd", "dense_logits_bytes": 1236151296, "dense_rows": 8136, "distillation_only": false, "elapsed_s": 0.03172848408576101, "element_size": 2, "entropy_from_logits_chunk_size": 2048, "entropy_from_logits_with_chunking": false, "event_id": 137, "logits_dtype": "torch.bfloat16", "logits_saved_bytes": 608503680, "peak_allocated_bytes": 29976227328, "peak_increment_bytes": 3766773248, "pipeline_parallel_size": 2, "projected_rows": 4131, "rank": 6, "response_only_enabled": true, "role": "actor", "selected_rows": 4131, "tensor_parallel_size": 2, "vocab_shard": 75968}
[36m(WorkerDict pid=224932)[0m WARNING:2026-09-11 13:44:58,953:VERL_RESPONSE_ONLY_LM_HEAD_PROFILE {"active_ratio": 0.49913962635201575, "actual_logits_bytes": 617012096, "allocated_before_bytes": 26242911744, "backend": "unfused", "calculate_entropy": true, "calculate_sum_pi_squared": false, "context_parallel_size": 2, "data_format": "thd", "dense_logits_bytes": 1236151296, "dense_rows": 8136, "distillation_only": false, "elapsed_s": 0.030580673017539084, "element_size": 2, "entropy_from_logits_chunk_size": 2048, "entropy_from_logits_with_chunking": false, "event_id": 138, "logits_dtype": "torch.bfloat16", "logits_saved_bytes": 619139200, "peak_allocated_bytes": 29945293312, "peak_increment_bytes": 3702381568, "pipeline_parallel_size": 2, "projected_rows": 4061, "rank": 5, "response_only_enabled": true, "role": "actor", "selected_rows": 4061, "tensor_parallel_size": 2, "vocab_shard": 75968}
[36m(WorkerDict pid=224934)[0m WARNING:2026-09-11 13:44:58,954:VERL_RESPONSE_ONLY_LM_HEAD_PROFILE {"active_ratio": 0.5077433628318584, "actual_logits_bytes": 627647616, "allocated_before_bytes": 26242911744, "backend": "unfused", "calculate_entropy": true, "calculate_sum_pi_squared": false, "context_parallel_size": 2, "data_format": "thd", "dense_logits_bytes": 1236151296, "dense_rows": 8136, "distillation_only": false, "elapsed_s": 0.03172842401545495, "element_size": 2, "entropy_from_logits_chunk_size": 2048, "entropy_from_logits_with_chunking": false, "event_id": 138, "logits_dtype": "torch.bfloat16", "logits_saved_bytes": 608503680, "peak_allocated_bytes": 30009684992, "peak_increment_bytes": 3766773248, "pipeline_parallel_size": 2, "projected_rows": 4131, "rank": 7, "response_only_enabled": true, "role": "actor", "selected_rows": 4131, "tensor_parallel_size": 2, "vocab_shard": 75968}
[36m(WorkerDict pid=224933)[0m WARNING:2026-09-11 13:44:58,954:VERL_RESPONSE_ONLY_LM_HEAD_PROFILE {"active_ratio": 0.5077433628318584, "actual_logits_bytes": 627647616, "allocated_before_bytes": 26242911744, "backend": "unfused", "calculate_entropy": true, "calculate_sum_pi_squared": false, "context_parallel_size": 2, "data_format": "thd", "dense_logits_bytes": 1236151296, "dense_rows": 8136, "distillation_only": false, "elapsed_s": 0.03177584405057132, "element_size": 2, "entropy_from_logits_chunk_size": 2048, "entropy_from_logits_with_chunking": false, "event_id": 138, "logits_dtype": "torch.bfloat16", "logits_saved_bytes": 608503680, "peak_allocated_bytes": 30009684992, "peak_increment_bytes": 3766773248, "pipeline_parallel_size": 2, "projected_rows": 4131, "rank": 6, "response_only_enabled": true, "role": "actor", "selected_rows": 4131, "tensor_parallel_size": 2, "vocab_shard": 75968}
[36m(WorkerDict pid=224932)[0m WARNING:2026-09-11 13:44:59,946:VERL_RESPONSE_ONLY_LM_HEAD_PROFILE {"active_ratio": 0.49913962635201575, "actual_logits_bytes": 617012096, "allocated_before_bytes": 26276369408, "backend": "unfused", "calculate_entropy": true, "calculate_sum_pi_squared": false, "context_parallel_size": 2, "data_format": "thd", "dense_logits_bytes": 1236151296, "dense_rows": 8136, "distillation_only": false, "elapsed_s": 0.03060715296305716, "element_size": 2, "entropy_from_logits_chunk_size": 2048, "entropy_from_logits_with_chunking": false, "event_id": 139, "logits_dtype": "torch.bfloat16", "logits_saved_bytes": 619139200, "peak_allocated_bytes": 29978750976, "peak_increment_bytes": 3702381568, "pipeline_parallel_size": 2, "projected_rows": 4061, "rank": 5, "response_only_enabled": true, "role": "actor", "selected_rows": 4061, "tensor_parallel_size": 2, "vocab_shard": 75968}
[36m(WorkerDict pid=224934)[0m WARNING:2026-09-11 13:44:59,947:VERL_RESPONSE_ONLY_LM_HEAD_PROFILE {"active_ratio": 0.5077433628318584, "actual_logits_bytes": 627647616, "allocated_before_bytes": 26276369408, "backend": "unfused", "calculate_entropy": true, "calculate_sum_pi_squared": false, "context_parallel_size": 2, "data_format": "thd", "dense_logits_bytes": 1236151296, "dense_rows": 8136, "distillation_only": false, "elapsed_s": 0.03173942398279905, "element_size": 2, "entropy_from_logits_chunk_size": 2048, "entropy_from_logits_with_chunking": false, "event_id": 139, "logits_dtype": "torch.bfloat16", "logits_saved_bytes": 608503680, "peak_allocated_bytes": 30043142656, "peak_increment_bytes": 3766773248, "pipeline_parallel_size": 2, "projected_rows": 4131, "rank": 7, "response_only_enabled": true, "role": "actor", "selected_rows": 4131, "tensor_parallel_size": 2, "vocab_shard": 75968}
[36m(WorkerDict pid=224933)[0m WARNING:2026-09-11 13:44:59,947:VERL_RESPONSE_ONLY_LM_HEAD_PROFILE {"active_ratio": 0.5077433628318584, "actual_logits_bytes": 627647616, "allocated_before_bytes": 26276369408, "backend": "unfused", "calculate_entropy": true, "calculate_sum_pi_squared": false, "context_parallel_size": 2, "data_format": "thd", "dense_logits_bytes": 1236151296, "dense_rows": 8136, "distillation_only": false, "elapsed_s": 0.031838174094446, "element_size": 2, "entropy_from_logits_chunk_size": 2048, "entropy_from_logits_with_chunking": false, "event_id": 139, "logits_dtype": "torch.bfloat16", "logits_saved_bytes": 608503680, "peak_allocated_bytes": 30043142656, "peak_increment_bytes": 3766773248, "pipeline_parallel_size": 2, "projected_rows": 4131, "rank": 6, "response_only_enabled": true, "role": "actor", "selected_rows": 4131, "tensor_parallel_size": 2, "vocab_shard": 75968}
[36m(WorkerDict pid=224932)[0m WARNING:2026-09-11 13:45:01,975:VERL_RESPONSE_ONLY_LM_HEAD_PROFILE {"active_ratio": 0.49913962635201575, "actual_logits_bytes": 617012096, "allocated_before_bytes": 26175995904, "backend": "unfused", "calculate_entropy": true, "calculate_sum_pi_squared": false, "context_parallel_size": 2, "data_format": "thd", "dense_logits_bytes": 1236151296, "dense_rows": 8136, "distillation_only": false, "elapsed_s": 0.03058212308678776, "element_size": 2, "entropy_from_logits_chunk_size": 2048, "entropy_from_logits_with_chunking": false, "event_id": 140, "logits_dtype": "torch.bfloat16", "logits_saved_bytes": 619139200, "peak_allocated_bytes": 29878377472, "peak_increment_bytes": 3702381568, "pipeline_parallel_size": 2, "projected_rows": 4061, "rank": 5, "response_only_enabled": true, "role": "actor", "selected_rows": 4061, "tensor_parallel_size": 2, "vocab_shard": 75968}
[36m(WorkerDict pid=224934)[0m WARNING:2026-09-11 13:45:01,976:VERL_RESPONSE_ONLY_LM_HEAD_PROFILE {"active_ratio": 0.5077433628318584, "actual_logits_bytes": 627647616, "allocated_before_bytes": 26175995904, "backend": "unfused", "calculate_entropy": true, "calculate_sum_pi_squared": false, "context_parallel_size": 2, "data_format": "thd", "dense_logits_bytes": 1236151296, "dense_rows": 8136, "distillation_only": false, "elapsed_s": 0.03181328403297812, "element_size": 2, "entropy_from_logits_chunk_size": 2048, "entropy_from_logits_with_chunking": false, "event_id": 140, "logits_dtype": "torch.bfloat16", "logits_saved_bytes": 608503680, "peak_allocated_bytes": 29942769152, "peak_increment_bytes": 3766773248, "pipeline_parallel_size": 2, "projected_rows": 4131, "rank": 7, "response_only_enabled": true, "role": "actor", "selected_rows": 4131, "tensor_parallel_size": 2, "vocab_shard": 75968}
[36m(WorkerDict pid=224933)[0m WARNING:2026-09-11 13:45:01,976:VERL_RESPONSE_ONLY_LM_HEAD_PROFILE {"active_ratio": 0.5077433628318584, "actual_logits_bytes": 627647616, "allocated_before_bytes": 26175995904, "backend": "unfused", "calculate_entropy": true, "calculate_sum_pi_squared": false, "context_parallel_size": 2, "data_format": "thd", "dense_logits_bytes": 1236151296, "dense_rows": 8136, "distillation_only": false, "elapsed_s": 0.03182869404554367, "element_size": 2, "entropy_from_logits_chunk_size": 2048, "entropy_from_logits_with_chunking": false, "event_id": 140, "logits_dtype": "torch.bfloat16", "logits_saved_bytes": 608503680, "peak_allocated_bytes": 29942769152, "peak_increment_bytes": 3766773248, "pipeline_parallel_size": 2, "projected_rows": 4131, "rank": 6, "response_only_enabled": true, "role": "actor", "selected_rows": 4131, "tensor_parallel_size": 2, "vocab_shard": 75968}
[36m(WorkerDict pid=224932)[0m WARNING:2026-09-11 13:45:02,967:VERL_RESPONSE_ONLY_LM_HEAD_PROFILE {"active_ratio": 0.49913962635201575, "actual_logits_bytes": 617012096, "allocated_before_bytes": 26209454080, "backend": "unfused", "calculate_entropy": true, "calculate_sum_pi_squared": false, "context_parallel_size": 2, "data_format": "thd", "dense_logits_bytes": 1236151296, "dense_rows": 8136, "distillation_only": false, "elapsed_s": 0.030736213899217546, "element_size": 2, "entropy_from_logits_chunk_size": 2048, "entropy_from_logits_with_chunking": false, "event_id": 141, "logits_dtype": "torch.bfloat16", "logits_saved_bytes": 619139200, "peak_allocated_bytes": 29911835648, "peak_increment_bytes": 3702381568, "pipeline_parallel_size": 2, "projected_rows": 4061, "rank": 5, "response_only_enabled": true, "role": "actor", "selected_rows": 4061, "tensor_parallel_size": 2, "vocab_shard": 75968}
[36m(WorkerDict pid=224934)[0m WARNING:2026-09-11 13:45:02,968:VERL_RESPONSE_ONLY_LM_HEAD_PROFILE {"active_ratio": 0.5077433628318584, "actual_logits_bytes": 627647616, "allocated_before_bytes": 26209454080, "backend": "unfused", "calculate_entropy": true, "calculate_sum_pi_squared": false, "context_parallel_size": 2, "data_format": "thd", "dense_logits_bytes": 1236151296, "dense_rows": 8136, "distillation_only": false, "elapsed_s": 0.031669293995946646, "element_size": 2, "entropy_from_logits_chunk_size": 2048, "entropy_from_logits_with_chunking": false, "event_id": 141, "logits_dtype": "torch.bfloat16", "logits_saved_bytes": 608503680, "peak_allocated_bytes": 29976227328, "peak_increment_bytes": 3766773248, "pipeline_parallel_size": 2, "projected_rows": 4131, "rank": 7, "response_only_enabled": true, "role": "actor", "selected_rows": 4131, "tensor_parallel_size": 2, "vocab_shard": 75968}
[36m(WorkerDict pid=224933)[0m WARNING:2026-09-11 13:45:02,968:VERL_RESPONSE_ONLY_LM_HEAD_PROFILE {"active_ratio": 0.5077433628318584, "actual_logits_bytes": 627647616, "allocated_before_bytes": 26209454080, "backend": "unfused", "calculate_entropy": true, "calculate_sum_pi_squared": false, "context_parallel_size": 2, "data_format": "thd", "dense_logits_bytes": 1236151296, "dense_rows": 8136, "distillation_only": false, "elapsed_s": 0.03163919399958104, "element_size": 2, "entropy_from_logits_chunk_size": 2048, "entropy_from_logits_with_chunking": false, "event_id": 141, "logits_dtype": "torch.bfloat16", "logits_saved_bytes": 608503680, "peak_allocated_bytes": 29976227328, "peak_increment_bytes": 3766773248, "pipeline_parallel_size": 2, "projected_rows": 4131, "rank": 6, "response_only_enabled": true, "role": "actor", "selected_rows": 4131, "tensor_parallel_size": 2, "vocab_shard": 75968}
[36m(WorkerDict pid=224932)[0m WARNING:2026-09-11 13:45:03,959:VERL_RESPONSE_ONLY_LM_HEAD_PROFILE {"active_ratio": 0.49913962635201575, "actual_logits_bytes": 617012096, "allocated_before_bytes": 26242911744, "backend": "unfused", "calculate_entropy": true, "calculate_sum_pi_squared": false, "context_parallel_size": 2, "data_format": "thd", "dense_logits_bytes": 1236151296, "dense_rows": 8136, "distillation_only": false, "elapsed_s": 0.030931754037737846, "element_size": 2, "entropy_from_logits_chunk_size": 2048, "entropy_from_logits_with_chunking": false, "event_id": 142, "logits_dtype": "torch.bfloat16", "logits_saved_bytes": 619139200, "peak_allocated_bytes": 29945293312, "peak_increment_bytes": 3702381568, "pipeline_parallel_size": 2, "projected_rows": 4061, "rank": 5, "response_only_enabled": true, "role": "actor", "selected_rows": 4061, "tensor_parallel_size": 2, "vocab_shard": 75968}
[36m(WorkerDict pid=224934)[0m WARNING:2026-09-11 13:45:03,960:VERL_RESPONSE_ONLY_LM_HEAD_PROFILE {"active_ratio": 0.5077433628318584, "actual_logits_bytes": 627647616, "allocated_before_bytes": 26242911744, "backend": "unfused", "calculate_entropy": true, "calculate_sum_pi_squared": false, "context_parallel_size": 2, "data_format": "thd", "dense_logits_bytes": 1236151296, "dense_rows": 8136, "distillation_only": false, "elapsed_s": 0.03183504403568804, "element_size": 2, "entropy_from_logits_chunk_size": 2048, "entropy_from_logits_with_chunking": false, "event_id": 142, "logits_dtype": "torch.bfloat16", "logits_saved_bytes": 608503680, "peak_allocated_bytes": 30009684992, "peak_increment_bytes": 3766773248, "pipeline_parallel_size": 2, "projected_rows": 4131, "rank": 7, "response_only_enabled": true, "role": "actor", "selected_rows": 4131, "tensor_parallel_size": 2, "vocab_shard": 75968}
[36m(WorkerDict pid=224933)[0m WARNING:2026-09-11 13:45:03,960:VERL_RESPONSE_ONLY_LM_HEAD_PROFILE {"active_ratio": 0.5077433628318584, "actual_logits_bytes": 627647616, "allocated_before_bytes": 26242911744, "backend": "unfused", "calculate_entropy": true, "calculate_sum_pi_squared": false, "context_parallel_size": 2, "data_format": "thd", "dense_logits_bytes": 1236151296, "dense_rows": 8136, "distillation_only": false, "elapsed_s": 0.031889343983493745, "element_size": 2, "entropy_from_logits_chunk_size": 2048, "entropy_from_logits_with_chunking": false, "event_id": 142, "logits_dtype": "torch.bfloat16", "logits_saved_bytes": 608503680, "peak_allocated_bytes": 30009684992, "peak_increment_bytes": 3766773248, "pipeline_parallel_size": 2, "projected_rows": 4131, "rank": 6, "response_only_enabled": true, "role": "actor", "selected_rows": 4131, "tensor_parallel_size": 2, "vocab_shard": 75968}
[36m(WorkerDict pid=224932)[0m WARNING:2026-09-11 13:45:04,947:VERL_RESPONSE_ONLY_LM_HEAD_PROFILE {"active_ratio": 0.49913962635201575, "actual_logits_bytes": 617012096, "allocated_before_bytes": 26276369408, "backend": "unfused", "calculate_entropy": true, "calculate_sum_pi_squared": false, "context_parallel_size": 2, "data_format": "thd", "dense_logits_bytes": 1236151296, "dense_rows": 8136, "distillation_only": false, "elapsed_s": 0.03076112305279821, "element_size": 2, "entropy_from_logits_chunk_size": 2048, "entropy_from_logits_with_chunking": false, "event_id": 143, "logits_dtype": "torch.bfloat16", "logits_saved_bytes": 619139200, "peak_allocated_bytes": 29978750976, "peak_increment_bytes": 3702381568, "pipeline_parallel_size": 2, "projected_rows": 4061, "rank": 5, "response_only_enabled": true, "role": "actor", "selected_rows": 4061, "tensor_parallel_size": 2, "vocab_shard": 75968}
[36m(WorkerDict pid=224934)[0m WARNING:2026-09-11 13:45:04,948:VERL_RESPONSE_ONLY_LM_HEAD_PROFILE {"active_ratio": 0.5077433628318584, "actual_logits_bytes": 627647616, "allocated_before_bytes": 26276369408, "backend": "unfused", "calculate_entropy": true, "calculate_sum_pi_squared": false, "context_parallel_size": 2, "data_format": "thd", "dense_logits_bytes": 1236151296, "dense_rows": 8136, "distillation_only": false, "elapsed_s": 0.03173369402065873, "element_size": 2, "entropy_from_logits_chunk_size": 2048, "entropy_from_logits_with_chunking": false, "event_id": 143, "logits_dtype": "torch.bfloat16", "logits_saved_bytes": 608503680, "peak_allocated_bytes": 30043142656, "peak_increment_bytes": 3766773248, "pipeline_parallel_size": 2, "projected_rows": 4131, "rank": 7, "response_only_enabled": true, "role": "actor", "selected_rows": 4131, "tensor_parallel_size": 2, "vocab_shard": 75968}
[36m(WorkerDict pid=224933)[0m WARNING:2026-09-11 13:45:04,948:VERL_RESPONSE_ONLY_LM_HEAD_PROFILE {"active_ratio": 0.5077433628318584, "actual_logits_bytes": 627647616, "allocated_before_bytes": 26276369408, "backend": "unfused", "calculate_entropy": true, "calculate_sum_pi_squared": false, "context_parallel_size": 2, "data_format": "thd", "dense_logits_bytes": 1236151296, "dense_rows": 8136, "distillation_only": false, "elapsed_s": 0.03181473491713405, "element_size": 2, "entropy_from_logits_chunk_size": 2048, "entropy_from_logits_with_chunking": false, "event_id": 143, "logits_dtype": "torch.bfloat16", "logits_saved_bytes": 608503680, "peak_allocated_bytes": 30043142656, "peak_increment_bytes": 3766773248, "pipeline_parallel_size": 2, "projected_rows": 4131, "rank": 6, "response_only_enabled": true, "role": "actor", "selected_rows": 4131, "tensor_parallel_size": 2, "vocab_shard": 75968}
[36m(vLLMHttpServer pid=228478)[0m (EngineCore pid=229070) WARNING 09-11 13:45:14 [scheduler.py:1948] reset_connector called but no KV connector is configured.
[36m(vLLMHttpServer pid=228479)[0m (EngineCore pid=229094) WARNING 09-11 13:45:14 [scheduler.py:1948] reset_connector called but no KV connector is configured.
[36m(WorkerDict pid=224927)[0m Converting to HuggingFace ━━━━━━━━━━━━━━━━━━━━━━━━━━━━━━━━━━━━━━━━ 100% 0:00:00 (291/291) Qwen3Bridge
[36m(vLLMHttpServer pid=228478)[0m (EngineCore pid=229070) WARNING 09-11 13:45:16 [scheduler.py:1948] reset_connector called but no KV connector is configured.
[36m(vLLMHttpServer pid=228479)[0m (EngineCore pid=229094) WARNING 09-11 13:45:16 [scheduler.py:1948] reset_connector called but no KV connector is configured.
[36m(vLLMHttpServer pid=228478)[0m (EngineCore pid=229070) WARNING 09-11 13:45:17 [scheduler.py:1948] reset_connector called but no KV connector is configured.
[36m(vLLMHttpServer pid=228479)[0m (EngineCore pid=229094) WARNING 09-11 13:45:17 [scheduler.py:1948] reset_connector called but no KV connector is configured.
[36m(TaskRunnerV1 pid=223685)[0m Training Progress:  75%|███████▌  | 3/4 [03:50<01:09, 69.61s/it]
[36m(TaskRunnerV1 pid=223685)[0m step:3 - global_seqlen/min:255568.0 - global_seqlen/max:255568.0 - global_seqlen/minmax_diff:0.0 - global_seqlen/balanced_min:255568.0 - global_seqlen/balanced_max:255568.0 - global_seqlen/mean:255568.0 - actor/entropy:0.005407924298197031 - training/rollout_probs_diff_valid:1.0 - training/rollout_probs_diff_max:0.117002934217453 - training/rollout_probs_diff_mean:0.00031775704701431096 - training/rollout_probs_diff_std:0.0029153639916330576 - training/rollout_actor_probs_pearson_corr:0.996885359287262 - rollout_corr/training_ppl:1.0041884183883667 - rollout_corr/training_log_ppl:0.004177316091954708 - rollout_corr/kl:0.0003110570542048663 - rollout_corr/k3_kl:1.4913344784872606e-05 - rollout_corr/rollout_ppl:1.003875970840454 - rollout_corr/rollout_log_ppl:0.0038662594743072987 - rollout_corr/log_ppl_diff:0.0003110565594397485 - rollout_corr/log_ppl_abs_diff:0.0003110565594397485 - rollout_corr/log_ppl_diff_max:0.00048351753503084183 - rollout_corr/log_ppl_diff_min:0.00018824683502316475 - rollout_corr/ppl_ratio:1.0003111362457275 - rollout_corr/chi2_token:-0.000563502311706543 - rollout_corr/chi2_seq:-0.9858414530754089 - actor/pg_clipfrac:0.0 - actor/ppo_kl:0.0 - actor/pg_clipfrac_lower:0.0 - actor/pg_loss:2.537854015827179e-06 - actor/entropy_loss:0.005407924385508522 - actor/kl_loss:0.0 - actor/kl_coef:0.001 - actor/loss:-2.859160304069519e-06 - actor/grad_norm:0.10322828404605389 - actor/perf/max_memory_allocated_gb:27.920186519622803 - actor/perf/max_memory_reserved_gb:28.953125 - actor/perf/cpu_memory_used_gb:286.5150423049927 - actor/lr:0.0 - perf/mfu/actor:0.32263551256677764 - training/global_step:3 - training/epoch:1 - critic/score/mean:0.9716494083404541 - critic/score/max:0.9928258657455444 - critic/score/min:0.9535560011863708 - critic/rewards/mean:0.9716494083404541 - critic/rewards/max:0.9928258657455444 - critic/rewards/min:0.9535560011863708 - critic/advantages/mean:-2.5294721126556396e-06 - critic/advantages/max:1.4533283710479736 - critic/advantages/min:-1.337865948677063 - critic/returns/mean:-2.5294721126556396e-06 - critic/returns/max:1.4533283710479736 - critic/returns/min:-1.337865948677063 - response_length/mean:8192.0 - response_length/max:8192.0 - response_length/min:8192.0 - response_length/clip_ratio:1.0 - response_length_non_aborted/mean:8192.0 - response_length_non_aborted/max:8192.0 - response_length_non_aborted/min:8192.0 - response_length_non_aborted/clip_ratio:1.0 - response/aborted_ratio:0.0 - prompt_length/mean:7781.0 - prompt_length/max:8074.0 - prompt_length/min:7488.0 - prompt_length/clip_ratio:0.5 - timing_s/gen:1.4960891890805215 - timing_s/old_log_prob:8.058301863027737 - timing_s/ref:9.94644392596092 - timing_s/adv:0.12207527493592352 - timing_s/update_actor:30.440806758007966 - timing_s/update_weights:4.557382078026421 - timing_s/step:54.75643318798393 - timing_per_token_ms/update_actor:0.1191104001988041 - timing_per_token_ms/ref:0.03891897235162822 - timing_per_token_ms/adv:0.0004776625983531722 - timing_per_token_ms/gen:0.011414254677433178 - perf/total_num_tokens:255568 - perf/time_per_step:54.75643318798393 - perf/throughput:583.4200319499703 - training/num_turns/mean:np.float64(2.0) - training/num_turns/max:np.int64(2) - training/num_turns/min:np.int64(2) - training/off_policy/trajectory_spans/mean:np.float64(1.0) - training/off_policy/trajectory_spans/max:np.int64(1) - training/off_policy/trajectory_spans/min:np.int64(1) - training/off_policy/trajectory_staleness/mean:np.float64(-1.0) - training/off_policy/trajectory_staleness/max:np.int64(-1) - training/off_policy/trajectory_staleness/min:np.int64(-1) - training/off_policy/trajectory_staleness_worst/mean:np.float64(-1.0) - training/off_policy/trajectory_staleness_worst/max:np.int64(-1) - training/off_policy/trajectory_staleness_worst/min:np.int64(-1)
[36m(TaskRunnerV1 pid=223685)[0m [RolloutTqSkip()] [33mInjected 16 cached trajectories from step 4 (4 prompts x 4) into TQ partition 'train' at current step 4[0m
[36m(WorkerDict pid=224932)[0m WARNING:2026-09-11 13:45:22,277:VERL_RESPONSE_ONLY_LM_HEAD_PROFILE {"active_ratio": 0.49910714285714286, "actual_logits_bytes": 594525568, "allocated_before_bytes": 4280550400, "backend": "unfused", "calculate_entropy": true, "calculate_sum_pi_squared": false, "context_parallel_size": 2, "data_format": "thd", "dense_logits_bytes": 1191178240, "dense_rows": 7840, "distillation_only": false, "elapsed_s": 0.1345576799940318, "element_size": 2, "entropy_from_logits_chunk_size": 2048, "entropy_from_logits_with_chunking": false, "event_id": 144, "logits_dtype": "torch.bfloat16", "logits_saved_bytes": 596652672, "peak_allocated_bytes": 7815813632, "peak_increment_bytes": 3535263232, "pipeline_parallel_size": 2, "projected_rows": 3913, "rank": 5, "response_only_enabled": true, "role": "actor", "selected_rows": 3913, "tensor_parallel_size": 2, "vocab_shard": 75968}
[36m(WorkerDict pid=224934)[0m WARNING:2026-09-11 13:45:22,279:VERL_RESPONSE_ONLY_LM_HEAD_PROFILE {"active_ratio": 0.5457908163265306, "actual_logits_bytes": 650134144, "allocated_before_bytes": 4280550400, "backend": "unfused", "calculate_entropy": true, "calculate_sum_pi_squared": false, "context_parallel_size": 2, "data_format": "thd", "dense_logits_bytes": 1191178240, "dense_rows": 7840, "distillation_only": false, "elapsed_s": 0.13637550093699247, "element_size": 2, "entropy_from_logits_chunk_size": 2048, "entropy_from_logits_with_chunking": false, "event_id": 144, "logits_dtype": "torch.bfloat16", "logits_saved_bytes": 541044096, "peak_allocated_bytes": 8149476864, "peak_increment_bytes": 3868926464, "pipeline_parallel_size": 2, "projected_rows": 4279, "rank": 7, "response_only_enabled": true, "role": "actor", "selected_rows": 4279, "tensor_parallel_size": 2, "vocab_shard": 75968}
[36m(WorkerDict pid=224933)[0m WARNING:2026-09-11 13:45:22,279:VERL_RESPONSE_ONLY_LM_HEAD_PROFILE {"active_ratio": 0.5457908163265306, "actual_logits_bytes": 650134144, "allocated_before_bytes": 4280550400, "backend": "unfused", "calculate_entropy": true, "calculate_sum_pi_squared": false, "context_parallel_size": 2, "data_format": "thd", "dense_logits_bytes": 1191178240, "dense_rows": 7840, "distillation_only": false, "elapsed_s": 0.13661639101337641, "element_size": 2, "entropy_from_logits_chunk_size": 2048, "entropy_from_logits_with_chunking": false, "event_id": 144, "logits_dtype": "torch.bfloat16", "logits_saved_bytes": 541044096, "peak_allocated_bytes": 8149476864, "peak_increment_bytes": 3868926464, "pipeline_parallel_size": 2, "projected_rows": 4279, "rank": 6, "response_only_enabled": true, "role": "actor", "selected_rows": 4279, "tensor_parallel_size": 2, "vocab_shard": 75968}
[36m(WorkerDict pid=224932)[0m WARNING:2026-09-11 13:45:22,545:VERL_RESPONSE_ONLY_LM_HEAD_PROFILE {"active_ratio": 0.49910714285714286, "actual_logits_bytes": 594525568, "allocated_before_bytes": 4280677888, "backend": "unfused", "calculate_entropy": true, "calculate_sum_pi_squared": false, "context_parallel_size": 2, "data_format": "thd", "dense_logits_bytes": 1191178240, "dense_rows": 7840, "distillation_only": false, "elapsed_s": 0.029732463066466153, "element_size": 2, "entropy_from_logits_chunk_size": 2048, "entropy_from_logits_with_chunking": false, "event_id": 145, "logits_dtype": "torch.bfloat16", "logits_saved_bytes": 596652672, "peak_allocated_bytes": 7815941120, "peak_increment_bytes": 3535263232, "pipeline_parallel_size": 2, "projected_rows": 3913, "rank": 5, "response_only_enabled": true, "role": "actor", "selected_rows": 3913, "tensor_parallel_size": 2, "vocab_shard": 75968}
[36m(WorkerDict pid=224934)[0m WARNING:2026-09-11 13:45:22,548:VERL_RESPONSE_ONLY_LM_HEAD_PROFILE {"active_ratio": 0.5457908163265306, "actual_logits_bytes": 650134144, "allocated_before_bytes": 4280677888, "backend": "unfused", "calculate_entropy": true, "calculate_sum_pi_squared": false, "context_parallel_size": 2, "data_format": "thd", "dense_logits_bytes": 1191178240, "dense_rows": 7840, "distillation_only": false, "elapsed_s": 0.03205065394286066, "element_size": 2, "entropy_from_logits_chunk_size": 2048, "entropy_from_logits_with_chunking": false, "event_id": 145, "logits_dtype": "torch.bfloat16", "logits_saved_bytes": 541044096, "peak_allocated_bytes": 8149604352, "peak_increment_bytes": 3868926464, "pipeline_parallel_size": 2, "projected_rows": 4279, "rank": 7, "response_only_enabled": true, "role": "actor", "selected_rows": 4279, "tensor_parallel_size": 2, "vocab_shard": 75968}
[36m(WorkerDict pid=224933)[0m WARNING:2026-09-11 13:45:22,548:VERL_RESPONSE_ONLY_LM_HEAD_PROFILE {"active_ratio": 0.5457908163265306, "actual_logits_bytes": 650134144, "allocated_before_bytes": 4280677888, "backend": "unfused", "calculate_entropy": true, "calculate_sum_pi_squared": false, "context_parallel_size": 2, "data_format": "thd", "dense_logits_bytes": 1191178240, "dense_rows": 7840, "distillation_only": false, "elapsed_s": 0.032064674072898924, "element_size": 2, "entropy_from_logits_chunk_size": 2048, "entropy_from_logits_with_chunking": false, "event_id": 145, "logits_dtype": "torch.bfloat16", "logits_saved_bytes": 541044096, "peak_allocated_bytes": 8149604352, "peak_increment_bytes": 3868926464, "pipeline_parallel_size": 2, "projected_rows": 4279, "rank": 6, "response_only_enabled": true, "role": "actor", "selected_rows": 4279, "tensor_parallel_size": 2, "vocab_shard": 75968}
[36m(WorkerDict pid=224932)[0m WARNING:2026-09-11 13:45:22,806:VERL_RESPONSE_ONLY_LM_HEAD_PROFILE {"active_ratio": 0.49910714285714286, "actual_logits_bytes": 594525568, "allocated_before_bytes": 4280804864, "backend": "unfused", "calculate_entropy": true, "calculate_sum_pi_squared": false, "context_parallel_size": 2, "data_format": "thd", "dense_logits_bytes": 1191178240, "dense_rows": 7840, "distillation_only": false, "elapsed_s": 0.02957445301581174, "element_size": 2, "entropy_from_logits_chunk_size": 2048, "entropy_from_logits_with_chunking": false, "event_id": 146, "logits_dtype": "torch.bfloat16", "logits_saved_bytes": 596652672, "peak_allocated_bytes": 7816068096, "peak_increment_bytes": 3535263232, "pipeline_parallel_size": 2, "projected_rows": 3913, "rank": 5, "response_only_enabled": true, "role": "actor", "selected_rows": 3913, "tensor_parallel_size": 2, "vocab_shard": 75968}
[36m(WorkerDict pid=224934)[0m WARNING:2026-09-11 13:45:22,809:VERL_RESPONSE_ONLY_LM_HEAD_PROFILE {"active_ratio": 0.5457908163265306, "actual_logits_bytes": 650134144, "allocated_before_bytes": 4280804864, "backend": "unfused", "calculate_entropy": true, "calculate_sum_pi_squared": false, "context_parallel_size": 2, "data_format": "thd", "dense_logits_bytes": 1191178240, "dense_rows": 7840, "distillation_only": false, "elapsed_s": 0.03228285408113152, "element_size": 2, "entropy_from_logits_chunk_size": 2048, "entropy_from_logits_with_chunking": false, "event_id": 146, "logits_dtype": "torch.bfloat16", "logits_saved_bytes": 541044096, "peak_allocated_bytes": 8149731328, "peak_increment_bytes": 3868926464, "pipeline_parallel_size": 2, "projected_rows": 4279, "rank": 7, "response_only_enabled": true, "role": "actor", "selected_rows": 4279, "tensor_parallel_size": 2, "vocab_shard": 75968}
[36m(WorkerDict pid=224933)[0m WARNING:2026-09-11 13:45:22,809:VERL_RESPONSE_ONLY_LM_HEAD_PROFILE {"active_ratio": 0.5457908163265306, "actual_logits_bytes": 650134144, "allocated_before_bytes": 4280804864, "backend": "unfused", "calculate_entropy": true, "calculate_sum_pi_squared": false, "context_parallel_size": 2, "data_format": "thd", "dense_logits_bytes": 1191178240, "dense_rows": 7840, "distillation_only": false, "elapsed_s": 0.03224991401657462, "element_size": 2, "entropy_from_logits_chunk_size": 2048, "entropy_from_logits_with_chunking": false, "event_id": 146, "logits_dtype": "torch.bfloat16", "logits_saved_bytes": 541044096, "peak_allocated_bytes": 8149731328, "peak_increment_bytes": 3868926464, "pipeline_parallel_size": 2, "projected_rows": 4279, "rank": 6, "response_only_enabled": true, "role": "actor", "selected_rows": 4279, "tensor_parallel_size": 2, "vocab_shard": 75968}
[36m(WorkerDict pid=224932)[0m WARNING:2026-09-11 13:45:23,069:VERL_RESPONSE_ONLY_LM_HEAD_PROFILE {"active_ratio": 0.49910714285714286, "actual_logits_bytes": 594525568, "allocated_before_bytes": 4280931840, "backend": "unfused", "calculate_entropy": true, "calculate_sum_pi_squared": false, "context_parallel_size": 2, "data_format": "thd", "dense_logits_bytes": 1191178240, "dense_rows": 7840, "distillation_only": false, "elapsed_s": 0.029770482913590968, "element_size": 2, "entropy_from_logits_chunk_size": 2048, "entropy_from_logits_with_chunking": false, "event_id": 147, "logits_dtype": "torch.bfloat16", "logits_saved_bytes": 596652672, "peak_allocated_bytes": 7816195072, "peak_increment_bytes": 3535263232, "pipeline_parallel_size": 2, "projected_rows": 3913, "rank": 5, "response_only_enabled": true, "role": "actor", "selected_rows": 3913, "tensor_parallel_size": 2, "vocab_shard": 75968}
[36m(WorkerDict pid=224934)[0m WARNING:2026-09-11 13:45:23,071:VERL_RESPONSE_ONLY_LM_HEAD_PROFILE {"active_ratio": 0.5457908163265306, "actual_logits_bytes": 650134144, "allocated_before_bytes": 4280931840, "backend": "unfused", "calculate_entropy": true, "calculate_sum_pi_squared": false, "context_parallel_size": 2, "data_format": "thd", "dense_logits_bytes": 1191178240, "dense_rows": 7840, "distillation_only": false, "elapsed_s": 0.032282144064083695, "element_size": 2, "entropy_from_logits_chunk_size": 2048, "entropy_from_logits_with_chunking": false, "event_id": 147, "logits_dtype": "torch.bfloat16", "logits_saved_bytes": 541044096, "peak_allocated_bytes": 8149858304, "peak_increment_bytes": 3868926464, "pipeline_parallel_size": 2, "projected_rows": 4279, "rank": 7, "response_only_enabled": true, "role": "actor", "selected_rows": 4279, "tensor_parallel_size": 2, "vocab_shard": 75968}
[36m(WorkerDict pid=224933)[0m WARNING:2026-09-11 13:45:23,071:VERL_RESPONSE_ONLY_LM_HEAD_PROFILE {"active_ratio": 0.5457908163265306, "actual_logits_bytes": 650134144, "allocated_before_bytes": 4280931840, "backend": "unfused", "calculate_entropy": true, "calculate_sum_pi_squared": false, "context_parallel_size": 2, "data_format": "thd", "dense_logits_bytes": 1191178240, "dense_rows": 7840, "distillation_only": false, "elapsed_s": 0.03227563400287181, "element_size": 2, "entropy_from_logits_chunk_size": 2048, "entropy_from_logits_with_chunking": false, "event_id": 147, "logits_dtype": "torch.bfloat16", "logits_saved_bytes": 541044096, "peak_allocated_bytes": 8149858304, "peak_increment_bytes": 3868926464, "pipeline_parallel_size": 2, "projected_rows": 4279, "rank": 6, "response_only_enabled": true, "role": "actor", "selected_rows": 4279, "tensor_parallel_size": 2, "vocab_shard": 75968}
[36m(WorkerDict pid=224932)[0m WARNING:2026-09-11 13:45:23,345:VERL_RESPONSE_ONLY_LM_HEAD_PROFILE {"active_ratio": 0.49938514510575505, "actual_logits_bytes": 617012096, "allocated_before_bytes": 4283474432, "backend": "unfused", "calculate_entropy": true, "calculate_sum_pi_squared": false, "context_parallel_size": 2, "data_format": "thd", "dense_logits_bytes": 1235543552, "dense_rows": 8132, "distillation_only": false, "elapsed_s": 0.03277303394861519, "element_size": 2, "entropy_from_logits_chunk_size": 2048, "entropy_from_logits_with_chunking": false, "event_id": 148, "logits_dtype": "torch.bfloat16", "logits_saved_bytes": 618531456, "peak_allocated_bytes": 7952468480, "peak_increment_bytes": 3668994048, "pipeline_parallel_size": 2, "projected_rows": 4061, "rank": 5, "response_only_enabled": true, "role": "actor", "selected_rows": 4061, "tensor_parallel_size": 2, "vocab_shard": 75968}
[36m(WorkerDict pid=224934)[0m WARNING:2026-09-11 13:45:23,344:VERL_RESPONSE_ONLY_LM_HEAD_PROFILE {"active_ratio": 0.5079931136251845, "actual_logits_bytes": 627647616, "allocated_before_bytes": 4283474432, "backend": "unfused", "calculate_entropy": true, "calculate_sum_pi_squared": false, "context_parallel_size": 2, "data_format": "thd", "dense_logits_bytes": 1235543552, "dense_rows": 8132, "distillation_only": false, "elapsed_s": 0.03170549403876066, "element_size": 2, "entropy_from_logits_chunk_size": 2048, "entropy_from_logits_with_chunking": false, "event_id": 148, "logits_dtype": "torch.bfloat16", "logits_saved_bytes": 607895936, "peak_allocated_bytes": 8016285184, "peak_increment_bytes": 3732810752, "pipeline_parallel_size": 2, "projected_rows": 4131, "rank": 7, "response_only_enabled": true, "role": "actor", "selected_rows": 4131, "tensor_parallel_size": 2, "vocab_shard": 75968}
[36m(WorkerDict pid=224933)[0m WARNING:2026-09-11 13:45:23,344:VERL_RESPONSE_ONLY_LM_HEAD_PROFILE {"active_ratio": 0.5079931136251845, "actual_logits_bytes": 627647616, "allocated_before_bytes": 4283474432, "backend": "unfused", "calculate_entropy": true, "calculate_sum_pi_squared": false, "context_parallel_size": 2, "data_format": "thd", "dense_logits_bytes": 1235543552, "dense_rows": 8132, "distillation_only": false, "elapsed_s": 0.0317731840768829, "element_size": 2, "entropy_from_logits_chunk_size": 2048, "entropy_from_logits_with_chunking": false, "event_id": 148, "logits_dtype": "torch.bfloat16", "logits_saved_bytes": 607895936, "peak_allocated_bytes": 8016285184, "peak_increment_bytes": 3732810752, "pipeline_parallel_size": 2, "projected_rows": 4131, "rank": 6, "response_only_enabled": true, "role": "actor", "selected_rows": 4131, "tensor_parallel_size": 2, "vocab_shard": 75968}
[36m(WorkerDict pid=224932)[0m WARNING:2026-09-11 13:45:23,617:VERL_RESPONSE_ONLY_LM_HEAD_PROFILE {"active_ratio": 0.49938514510575505, "actual_logits_bytes": 617012096, "allocated_before_bytes": 4283606528, "backend": "unfused", "calculate_entropy": true, "calculate_sum_pi_squared": false, "context_parallel_size": 2, "data_format": "thd", "dense_logits_bytes": 1235543552, "dense_rows": 8132, "distillation_only": false, "elapsed_s": 0.030770343961194158, "element_size": 2, "entropy_from_logits_chunk_size": 2048, "entropy_from_logits_with_chunking": false, "event_id": 149, "logits_dtype": "torch.bfloat16", "logits_saved_bytes": 618531456, "peak_allocated_bytes": 7952600576, "peak_increment_bytes": 3668994048, "pipeline_parallel_size": 2, "projected_rows": 4061, "rank": 5, "response_only_enabled": true, "role": "actor", "selected_rows": 4061, "tensor_parallel_size": 2, "vocab_shard": 75968}
[36m(WorkerDict pid=224934)[0m WARNING:2026-09-11 13:45:23,617:VERL_RESPONSE_ONLY_LM_HEAD_PROFILE {"active_ratio": 0.5079931136251845, "actual_logits_bytes": 627647616, "allocated_before_bytes": 4283606528, "backend": "unfused", "calculate_entropy": true, "calculate_sum_pi_squared": false, "context_parallel_size": 2, "data_format": "thd", "dense_logits_bytes": 1235543552, "dense_rows": 8132, "distillation_only": false, "elapsed_s": 0.031556503963656723, "element_size": 2, "entropy_from_logits_chunk_size": 2048, "entropy_from_logits_with_chunking": false, "event_id": 149, "logits_dtype": "torch.bfloat16", "logits_saved_bytes": 607895936, "peak_allocated_bytes": 8016417280, "peak_increment_bytes": 3732810752, "pipeline_parallel_size": 2, "projected_rows": 4131, "rank": 7, "response_only_enabled": true, "role": "actor", "selected_rows": 4131, "tensor_parallel_size": 2, "vocab_shard": 75968}
[36m(WorkerDict pid=224933)[0m WARNING:2026-09-11 13:45:23,617:VERL_RESPONSE_ONLY_LM_HEAD_PROFILE {"active_ratio": 0.5079931136251845, "actual_logits_bytes": 627647616, "allocated_before_bytes": 4283606528, "backend": "unfused", "calculate_entropy": true, "calculate_sum_pi_squared": false, "context_parallel_size": 2, "data_format": "thd", "dense_logits_bytes": 1235543552, "dense_rows": 8132, "distillation_only": false, "elapsed_s": 0.03154640400316566, "element_size": 2, "entropy_from_logits_chunk_size": 2048, "entropy_from_logits_with_chunking": false, "event_id": 149, "logits_dtype": "torch.bfloat16", "logits_saved_bytes": 607895936, "peak_allocated_bytes": 8016417280, "peak_increment_bytes": 3732810752, "pipeline_parallel_size": 2, "projected_rows": 4131, "rank": 6, "response_only_enabled": true, "role": "actor", "selected_rows": 4131, "tensor_parallel_size": 2, "vocab_shard": 75968}
[36m(WorkerDict pid=224932)[0m WARNING:2026-09-11 13:45:23,887:VERL_RESPONSE_ONLY_LM_HEAD_PROFILE {"active_ratio": 0.49938514510575505, "actual_logits_bytes": 617012096, "allocated_before_bytes": 4283738624, "backend": "unfused", "calculate_entropy": true, "calculate_sum_pi_squared": false, "context_parallel_size": 2, "data_format": "thd", "dense_logits_bytes": 1235543552, "dense_rows": 8132, "distillation_only": false, "elapsed_s": 0.03061930404510349, "element_size": 2, "entropy_from_logits_chunk_size": 2048, "entropy_from_logits_with_chunking": false, "event_id": 150, "logits_dtype": "torch.bfloat16", "logits_saved_bytes": 618531456, "peak_allocated_bytes": 7952732672, "peak_increment_bytes": 3668994048, "pipeline_parallel_size": 2, "projected_rows": 4061, "rank": 5, "response_only_enabled": true, "role": "actor", "selected_rows": 4061, "tensor_parallel_size": 2, "vocab_shard": 75968}
[36m(WorkerDict pid=224934)[0m WARNING:2026-09-11 13:45:23,887:VERL_RESPONSE_ONLY_LM_HEAD_PROFILE {"active_ratio": 0.5079931136251845, "actual_logits_bytes": 627647616, "allocated_before_bytes": 4283738624, "backend": "unfused", "calculate_entropy": true, "calculate_sum_pi_squared": false, "context_parallel_size": 2, "data_format": "thd", "dense_logits_bytes": 1235543552, "dense_rows": 8132, "distillation_only": false, "elapsed_s": 0.03150390402879566, "element_size": 2, "entropy_from_logits_chunk_size": 2048, "entropy_from_logits_with_chunking": false, "event_id": 150, "logits_dtype": "torch.bfloat16", "logits_saved_bytes": 607895936, "peak_allocated_bytes": 8016549376, "peak_increment_bytes": 3732810752, "pipeline_parallel_size": 2, "projected_rows": 4131, "rank": 7, "response_only_enabled": true, "role": "actor", "selected_rows": 4131, "tensor_parallel_size": 2, "vocab_shard": 75968}
[36m(WorkerDict pid=224933)[0m WARNING:2026-09-11 13:45:23,887:VERL_RESPONSE_ONLY_LM_HEAD_PROFILE {"active_ratio": 0.5079931136251845, "actual_logits_bytes": 627647616, "allocated_before_bytes": 4283738624, "backend": "unfused", "calculate_entropy": true, "calculate_sum_pi_squared": false, "context_parallel_size": 2, "data_format": "thd", "dense_logits_bytes": 1235543552, "dense_rows": 8132, "distillation_only": false, "elapsed_s": 0.03151110396720469, "element_size": 2, "entropy_from_logits_chunk_size": 2048, "entropy_from_logits_with_chunking": false, "event_id": 150, "logits_dtype": "torch.bfloat16", "logits_saved_bytes": 607895936, "peak_allocated_bytes": 8016549376, "peak_increment_bytes": 3732810752, "pipeline_parallel_size": 2, "projected_rows": 4131, "rank": 6, "response_only_enabled": true, "role": "actor", "selected_rows": 4131, "tensor_parallel_size": 2, "vocab_shard": 75968}
[36m(WorkerDict pid=224932)[0m WARNING:2026-09-11 13:45:24,158:VERL_RESPONSE_ONLY_LM_HEAD_PROFILE {"active_ratio": 0.49938514510575505, "actual_logits_bytes": 617012096, "allocated_before_bytes": 4283870720, "backend": "unfused", "calculate_entropy": true, "calculate_sum_pi_squared": false, "context_parallel_size": 2, "data_format": "thd", "dense_logits_bytes": 1235543552, "dense_rows": 8132, "distillation_only": false, "elapsed_s": 0.030596634023822844, "element_size": 2, "entropy_from_logits_chunk_size": 2048, "entropy_from_logits_with_chunking": false, "event_id": 151, "logits_dtype": "torch.bfloat16", "logits_saved_bytes": 618531456, "peak_allocated_bytes": 7952864768, "peak_increment_bytes": 3668994048, "pipeline_parallel_size": 2, "projected_rows": 4061, "rank": 5, "response_only_enabled": true, "role": "actor", "selected_rows": 4061, "tensor_parallel_size": 2, "vocab_shard": 75968}
[36m(WorkerDict pid=224934)[0m WARNING:2026-09-11 13:45:24,158:VERL_RESPONSE_ONLY_LM_HEAD_PROFILE {"active_ratio": 0.5079931136251845, "actual_logits_bytes": 627647616, "allocated_before_bytes": 4283870720, "backend": "unfused", "calculate_entropy": true, "calculate_sum_pi_squared": false, "context_parallel_size": 2, "data_format": "thd", "dense_logits_bytes": 1235543552, "dense_rows": 8132, "distillation_only": false, "elapsed_s": 0.03143684391397983, "element_size": 2, "entropy_from_logits_chunk_size": 2048, "entropy_from_logits_with_chunking": false, "event_id": 151, "logits_dtype": "torch.bfloat16", "logits_saved_bytes": 607895936, "peak_allocated_bytes": 8016681472, "peak_increment_bytes": 3732810752, "pipeline_parallel_size": 2, "projected_rows": 4131, "rank": 7, "response_only_enabled": true, "role": "actor", "selected_rows": 4131, "tensor_parallel_size": 2, "vocab_shard": 75968}
[36m(WorkerDict pid=224933)[0m WARNING:2026-09-11 13:45:24,158:VERL_RESPONSE_ONLY_LM_HEAD_PROFILE {"active_ratio": 0.5079931136251845, "actual_logits_bytes": 627647616, "allocated_before_bytes": 4283870720, "backend": "unfused", "calculate_entropy": true, "calculate_sum_pi_squared": false, "context_parallel_size": 2, "data_format": "thd", "dense_logits_bytes": 1235543552, "dense_rows": 8132, "distillation_only": false, "elapsed_s": 0.031510994071140885, "element_size": 2, "entropy_from_logits_chunk_size": 2048, "entropy_from_logits_with_chunking": false, "event_id": 151, "logits_dtype": "torch.bfloat16", "logits_saved_bytes": 607895936, "peak_allocated_bytes": 8016681472, "peak_increment_bytes": 3732810752, "pipeline_parallel_size": 2, "projected_rows": 4131, "rank": 6, "response_only_enabled": true, "role": "actor", "selected_rows": 4131, "tensor_parallel_size": 2, "vocab_shard": 75968}
[36m(WorkerDict pid=224932)[0m WARNING:2026-09-11 13:45:24,421:VERL_RESPONSE_ONLY_LM_HEAD_PROFILE {"active_ratio": 0.4992350841407445, "actual_logits_bytes": 594981376, "allocated_before_bytes": 4281622016, "backend": "unfused", "calculate_entropy": true, "calculate_sum_pi_squared": false, "context_parallel_size": 2, "data_format": "thd", "dense_logits_bytes": 1191785984, "dense_rows": 7844, "distillation_only": false, "elapsed_s": 0.029739173944108188, "element_size": 2, "entropy_from_logits_chunk_size": 2048, "entropy_from_logits_with_chunking": false, "event_id": 152, "logits_dtype": "torch.bfloat16", "logits_saved_bytes": 596804608, "peak_allocated_bytes": 7819602944, "peak_increment_bytes": 3537980928, "pipeline_parallel_size": 2, "projected_rows": 3916, "rank": 5, "response_only_enabled": true, "role": "actor", "selected_rows": 3916, "tensor_parallel_size": 2, "vocab_shard": 75968}
[36m(WorkerDict pid=224934)[0m WARNING:2026-09-11 13:45:24,425:VERL_RESPONSE_ONLY_LM_HEAD_PROFILE {"active_ratio": 0.5451300356960734, "actual_logits_bytes": 649678336, "allocated_before_bytes": 4281622016, "backend": "unfused", "calculate_entropy": true, "calculate_sum_pi_squared": false, "context_parallel_size": 2, "data_format": "thd", "dense_logits_bytes": 1191785984, "dense_rows": 7844, "distillation_only": false, "elapsed_s": 0.032408593920990825, "element_size": 2, "entropy_from_logits_chunk_size": 2048, "entropy_from_logits_with_chunking": false, "event_id": 152, "logits_dtype": "torch.bfloat16", "logits_saved_bytes": 542107648, "peak_allocated_bytes": 8147796480, "peak_increment_bytes": 3866174464, "pipeline_parallel_size": 2, "projected_rows": 4276, "rank": 7, "response_only_enabled": true, "role": "actor", "selected_rows": 4276, "tensor_parallel_size": 2, "vocab_shard": 75968}
[36m(WorkerDict pid=224933)[0m WARNING:2026-09-11 13:45:24,425:VERL_RESPONSE_ONLY_LM_HEAD_PROFILE {"active_ratio": 0.5451300356960734, "actual_logits_bytes": 649678336, "allocated_before_bytes": 4281622016, "backend": "unfused", "calculate_entropy": true, "calculate_sum_pi_squared": false, "context_parallel_size": 2, "data_format": "thd", "dense_logits_bytes": 1191785984, "dense_rows": 7844, "distillation_only": false, "elapsed_s": 0.03237170400097966, "element_size": 2, "entropy_from_logits_chunk_size": 2048, "entropy_from_logits_with_chunking": false, "event_id": 152, "logits_dtype": "torch.bfloat16", "logits_saved_bytes": 542107648, "peak_allocated_bytes": 8147796480, "peak_increment_bytes": 3866174464, "pipeline_parallel_size": 2, "projected_rows": 4276, "rank": 6, "response_only_enabled": true, "role": "actor", "selected_rows": 4276, "tensor_parallel_size": 2, "vocab_shard": 75968}
[36m(WorkerDict pid=224932)[0m WARNING:2026-09-11 13:45:24,688:VERL_RESPONSE_ONLY_LM_HEAD_PROFILE {"active_ratio": 0.4992350841407445, "actual_logits_bytes": 594981376, "allocated_before_bytes": 4281748992, "backend": "unfused", "calculate_entropy": true, "calculate_sum_pi_squared": false, "context_parallel_size": 2, "data_format": "thd", "dense_logits_bytes": 1191785984, "dense_rows": 7844, "distillation_only": false, "elapsed_s": 0.02999675297178328, "element_size": 2, "entropy_from_logits_chunk_size": 2048, "entropy_from_logits_with_chunking": false, "event_id": 153, "logits_dtype": "torch.bfloat16", "logits_saved_bytes": 596804608, "peak_allocated_bytes": 7819729920, "peak_increment_bytes": 3537980928, "pipeline_parallel_size": 2, "projected_rows": 3916, "rank": 5, "response_only_enabled": true, "role": "actor", "selected_rows": 3916, "tensor_parallel_size": 2, "vocab_shard": 75968}
[36m(WorkerDict pid=224934)[0m WARNING:2026-09-11 13:45:24,691:VERL_RESPONSE_ONLY_LM_HEAD_PROFILE {"active_ratio": 0.5451300356960734, "actual_logits_bytes": 649678336, "allocated_before_bytes": 4281748992, "backend": "unfused", "calculate_entropy": true, "calculate_sum_pi_squared": false, "context_parallel_size": 2, "data_format": "thd", "dense_logits_bytes": 1191785984, "dense_rows": 7844, "distillation_only": false, "elapsed_s": 0.032146624056622386, "element_size": 2, "entropy_from_logits_chunk_size": 2048, "entropy_from_logits_with_chunking": false, "event_id": 153, "logits_dtype": "torch.bfloat16", "logits_saved_bytes": 542107648, "peak_allocated_bytes": 8147923456, "peak_increment_bytes": 3866174464, "pipeline_parallel_size": 2, "projected_rows": 4276, "rank": 7, "response_only_enabled": true, "role": "actor", "selected_rows": 4276, "tensor_parallel_size": 2, "vocab_shard": 75968}
[36m(WorkerDict pid=224933)[0m WARNING:2026-09-11 13:45:24,691:VERL_RESPONSE_ONLY_LM_HEAD_PROFILE {"active_ratio": 0.5451300356960734, "actual_logits_bytes": 649678336, "allocated_before_bytes": 4281748992, "backend": "unfused", "calculate_entropy": true, "calculate_sum_pi_squared": false, "context_parallel_size": 2, "data_format": "thd", "dense_logits_bytes": 1191785984, "dense_rows": 7844, "distillation_only": false, "elapsed_s": 0.03218681400176138, "element_size": 2, "entropy_from_logits_chunk_size": 2048, "entropy_from_logits_with_chunking": false, "event_id": 153, "logits_dtype": "torch.bfloat16", "logits_saved_bytes": 542107648, "peak_allocated_bytes": 8147923456, "peak_increment_bytes": 3866174464, "pipeline_parallel_size": 2, "projected_rows": 4276, "rank": 6, "response_only_enabled": true, "role": "actor", "selected_rows": 4276, "tensor_parallel_size": 2, "vocab_shard": 75968}
[36m(WorkerDict pid=224932)[0m WARNING:2026-09-11 13:45:24,951:VERL_RESPONSE_ONLY_LM_HEAD_PROFILE {"active_ratio": 0.4992350841407445, "actual_logits_bytes": 594981376, "allocated_before_bytes": 4281875968, "backend": "unfused", "calculate_entropy": true, "calculate_sum_pi_squared": false, "context_parallel_size": 2, "data_format": "thd", "dense_logits_bytes": 1191785984, "dense_rows": 7844, "distillation_only": false, "elapsed_s": 0.029695393983274698, "element_size": 2, "entropy_from_logits_chunk_size": 2048, "entropy_from_logits_with_chunking": false, "event_id": 154, "logits_dtype": "torch.bfloat16", "logits_saved_bytes": 596804608, "peak_allocated_bytes": 7819856896, "peak_increment_bytes": 3537980928, "pipeline_parallel_size": 2, "projected_rows": 3916, "rank": 5, "response_only_enabled": true, "role": "actor", "selected_rows": 3916, "tensor_parallel_size": 2, "vocab_shard": 75968}
[36m(WorkerDict pid=224934)[0m WARNING:2026-09-11 13:45:24,953:VERL_RESPONSE_ONLY_LM_HEAD_PROFILE {"active_ratio": 0.5451300356960734, "actual_logits_bytes": 649678336, "allocated_before_bytes": 4281875968, "backend": "unfused", "calculate_entropy": true, "calculate_sum_pi_squared": false, "context_parallel_size": 2, "data_format": "thd", "dense_logits_bytes": 1191785984, "dense_rows": 7844, "distillation_only": false, "elapsed_s": 0.03217365499585867, "element_size": 2, "entropy_from_logits_chunk_size": 2048, "entropy_from_logits_with_chunking": false, "event_id": 154, "logits_dtype": "torch.bfloat16", "logits_saved_bytes": 542107648, "peak_allocated_bytes": 8148050432, "peak_increment_bytes": 3866174464, "pipeline_parallel_size": 2, "projected_rows": 4276, "rank": 7, "response_only_enabled": true, "role": "actor", "selected_rows": 4276, "tensor_parallel_size": 2, "vocab_shard": 75968}
[36m(WorkerDict pid=224933)[0m WARNING:2026-09-11 13:45:24,953:VERL_RESPONSE_ONLY_LM_HEAD_PROFILE {"active_ratio": 0.5451300356960734, "actual_logits_bytes": 649678336, "allocated_before_bytes": 4281875968, "backend": "unfused", "calculate_entropy": true, "calculate_sum_pi_squared": false, "context_parallel_size": 2, "data_format": "thd", "dense_logits_bytes": 1191785984, "dense_rows": 7844, "distillation_only": false, "elapsed_s": 0.03218976501375437, "element_size": 2, "entropy_from_logits_chunk_size": 2048, "entropy_from_logits_with_chunking": false, "event_id": 154, "logits_dtype": "torch.bfloat16", "logits_saved_bytes": 542107648, "peak_allocated_bytes": 8148050432, "peak_increment_bytes": 3866174464, "pipeline_parallel_size": 2, "projected_rows": 4276, "rank": 6, "response_only_enabled": true, "role": "actor", "selected_rows": 4276, "tensor_parallel_size": 2, "vocab_shard": 75968}
[36m(WorkerDict pid=224932)[0m WARNING:2026-09-11 13:45:25,216:VERL_RESPONSE_ONLY_LM_HEAD_PROFILE {"active_ratio": 0.4992350841407445, "actual_logits_bytes": 594981376, "allocated_before_bytes": 4282002944, "backend": "unfused", "calculate_entropy": true, "calculate_sum_pi_squared": false, "context_parallel_size": 2, "data_format": "thd", "dense_logits_bytes": 1191785984, "dense_rows": 7844, "distillation_only": false, "elapsed_s": 0.029850692953914404, "element_size": 2, "entropy_from_logits_chunk_size": 2048, "entropy_from_logits_with_chunking": false, "event_id": 155, "logits_dtype": "torch.bfloat16", "logits_saved_bytes": 596804608, "peak_allocated_bytes": 7819983872, "peak_increment_bytes": 3537980928, "pipeline_parallel_size": 2, "projected_rows": 3916, "rank": 5, "response_only_enabled": true, "role": "actor", "selected_rows": 3916, "tensor_parallel_size": 2, "vocab_shard": 75968}
[36m(WorkerDict pid=224934)[0m WARNING:2026-09-11 13:45:25,218:VERL_RESPONSE_ONLY_LM_HEAD_PROFILE {"active_ratio": 0.5451300356960734, "actual_logits_bytes": 649678336, "allocated_before_bytes": 4282002944, "backend": "unfused", "calculate_entropy": true, "calculate_sum_pi_squared": false, "context_parallel_size": 2, "data_format": "thd", "dense_logits_bytes": 1191785984, "dense_rows": 7844, "distillation_only": false, "elapsed_s": 0.032249834039248526, "element_size": 2, "entropy_from_logits_chunk_size": 2048, "entropy_from_logits_with_chunking": false, "event_id": 155, "logits_dtype": "torch.bfloat16", "logits_saved_bytes": 542107648, "peak_allocated_bytes": 8148177408, "peak_increment_bytes": 3866174464, "pipeline_parallel_size": 2, "projected_rows": 4276, "rank": 7, "response_only_enabled": true, "role": "actor", "selected_rows": 4276, "tensor_parallel_size": 2, "vocab_shard": 75968}
[36m(WorkerDict pid=224933)[0m WARNING:2026-09-11 13:45:25,218:VERL_RESPONSE_ONLY_LM_HEAD_PROFILE {"active_ratio": 0.5451300356960734, "actual_logits_bytes": 649678336, "allocated_before_bytes": 4282002944, "backend": "unfused", "calculate_entropy": true, "calculate_sum_pi_squared": false, "context_parallel_size": 2, "data_format": "thd", "dense_logits_bytes": 1191785984, "dense_rows": 7844, "distillation_only": false, "elapsed_s": 0.032215213985182345, "element_size": 2, "entropy_from_logits_chunk_size": 2048, "entropy_from_logits_with_chunking": false, "event_id": 155, "logits_dtype": "torch.bfloat16", "logits_saved_bytes": 542107648, "peak_allocated_bytes": 8148177408, "peak_increment_bytes": 3866174464, "pipeline_parallel_size": 2, "projected_rows": 4276, "rank": 6, "response_only_enabled": true, "role": "actor", "selected_rows": 4276, "tensor_parallel_size": 2, "vocab_shard": 75968}
[36m(WorkerDict pid=224932)[0m WARNING:2026-09-11 13:45:25,481:VERL_RESPONSE_ONLY_LM_HEAD_PROFILE {"active_ratio": 0.4992350841407445, "actual_logits_bytes": 594981376, "allocated_before_bytes": 4282129920, "backend": "unfused", "calculate_entropy": true, "calculate_sum_pi_squared": false, "context_parallel_size": 2, "data_format": "thd", "dense_logits_bytes": 1191785984, "dense_rows": 7844, "distillation_only": false, "elapsed_s": 0.029916733969002962, "element_size": 2, "entropy_from_logits_chunk_size": 2048, "entropy_from_logits_with_chunking": false, "event_id": 156, "logits_dtype": "torch.bfloat16", "logits_saved_bytes": 596804608, "peak_allocated_bytes": 7820110848, "peak_increment_bytes": 3537980928, "pipeline_parallel_size": 2, "projected_rows": 3916, "rank": 5, "response_only_enabled": true, "role": "actor", "selected_rows": 3916, "tensor_parallel_size": 2, "vocab_shard": 75968}
[36m(WorkerDict pid=224934)[0m WARNING:2026-09-11 13:45:25,483:VERL_RESPONSE_ONLY_LM_HEAD_PROFILE {"active_ratio": 0.5451300356960734, "actual_logits_bytes": 649678336, "allocated_before_bytes": 4282129920, "backend": "unfused", "calculate_entropy": true, "calculate_sum_pi_squared": false, "context_parallel_size": 2, "data_format": "thd", "dense_logits_bytes": 1191785984, "dense_rows": 7844, "distillation_only": false, "elapsed_s": 0.032281324034556746, "element_size": 2, "entropy_from_logits_chunk_size": 2048, "entropy_from_logits_with_chunking": false, "event_id": 156, "logits_dtype": "torch.bfloat16", "logits_saved_bytes": 542107648, "peak_allocated_bytes": 8148304384, "peak_increment_bytes": 3866174464, "pipeline_parallel_size": 2, "projected_rows": 4276, "rank": 7, "response_only_enabled": true, "role": "actor", "selected_rows": 4276, "tensor_parallel_size": 2, "vocab_shard": 75968}
[36m(WorkerDict pid=224933)[0m WARNING:2026-09-11 13:45:25,483:VERL_RESPONSE_ONLY_LM_HEAD_PROFILE {"active_ratio": 0.5451300356960734, "actual_logits_bytes": 649678336, "allocated_before_bytes": 4282129920, "backend": "unfused", "calculate_entropy": true, "calculate_sum_pi_squared": false, "context_parallel_size": 2, "data_format": "thd", "dense_logits_bytes": 1191785984, "dense_rows": 7844, "distillation_only": false, "elapsed_s": 0.03225621406454593, "element_size": 2, "entropy_from_logits_chunk_size": 2048, "entropy_from_logits_with_chunking": false, "event_id": 156, "logits_dtype": "torch.bfloat16", "logits_saved_bytes": 542107648, "peak_allocated_bytes": 8148304384, "peak_increment_bytes": 3866174464, "pipeline_parallel_size": 2, "projected_rows": 4276, "rank": 6, "response_only_enabled": true, "role": "actor", "selected_rows": 4276, "tensor_parallel_size": 2, "vocab_shard": 75968}
[36m(WorkerDict pid=224932)[0m WARNING:2026-09-11 13:45:25,745:VERL_RESPONSE_ONLY_LM_HEAD_PROFILE {"active_ratio": 0.4992350841407445, "actual_logits_bytes": 594981376, "allocated_before_bytes": 4282256896, "backend": "unfused", "calculate_entropy": true, "calculate_sum_pi_squared": false, "context_parallel_size": 2, "data_format": "thd", "dense_logits_bytes": 1191785984, "dense_rows": 7844, "distillation_only": false, "elapsed_s": 0.029800643911585212, "element_size": 2, "entropy_from_logits_chunk_size": 2048, "entropy_from_logits_with_chunking": false, "event_id": 157, "logits_dtype": "torch.bfloat16", "logits_saved_bytes": 596804608, "peak_allocated_bytes": 7820237824, "peak_increment_bytes": 3537980928, "pipeline_parallel_size": 2, "projected_rows": 3916, "rank": 5, "response_only_enabled": true, "role": "actor", "selected_rows": 3916, "tensor_parallel_size": 2, "vocab_shard": 75968}
[36m(WorkerDict pid=224934)[0m WARNING:2026-09-11 13:45:25,748:VERL_RESPONSE_ONLY_LM_HEAD_PROFILE {"active_ratio": 0.5451300356960734, "actual_logits_bytes": 649678336, "allocated_before_bytes": 4282256896, "backend": "unfused", "calculate_entropy": true, "calculate_sum_pi_squared": false, "context_parallel_size": 2, "data_format": "thd", "dense_logits_bytes": 1191785984, "dense_rows": 7844, "distillation_only": false, "elapsed_s": 0.03231330495327711, "element_size": 2, "entropy_from_logits_chunk_size": 2048, "entropy_from_logits_with_chunking": false, "event_id": 157, "logits_dtype": "torch.bfloat16", "logits_saved_bytes": 542107648, "peak_allocated_bytes": 8148431360, "peak_increment_bytes": 3866174464, "pipeline_parallel_size": 2, "projected_rows": 4276, "rank": 7, "response_only_enabled": true, "role": "actor", "selected_rows": 4276, "tensor_parallel_size": 2, "vocab_shard": 75968}
[36m(WorkerDict pid=224933)[0m WARNING:2026-09-11 13:45:25,748:VERL_RESPONSE_ONLY_LM_HEAD_PROFILE {"active_ratio": 0.5451300356960734, "actual_logits_bytes": 649678336, "allocated_before_bytes": 4282256896, "backend": "unfused", "calculate_entropy": true, "calculate_sum_pi_squared": false, "context_parallel_size": 2, "data_format": "thd", "dense_logits_bytes": 1191785984, "dense_rows": 7844, "distillation_only": false, "elapsed_s": 0.0322407849598676, "element_size": 2, "entropy_from_logits_chunk_size": 2048, "entropy_from_logits_with_chunking": false, "event_id": 157, "logits_dtype": "torch.bfloat16", "logits_saved_bytes": 542107648, "peak_allocated_bytes": 8148431360, "peak_increment_bytes": 3866174464, "pipeline_parallel_size": 2, "projected_rows": 4276, "rank": 6, "response_only_enabled": true, "role": "actor", "selected_rows": 4276, "tensor_parallel_size": 2, "vocab_shard": 75968}
[36m(WorkerDict pid=224932)[0m WARNING:2026-09-11 13:45:26,009:VERL_RESPONSE_ONLY_LM_HEAD_PROFILE {"active_ratio": 0.4992350841407445, "actual_logits_bytes": 594981376, "allocated_before_bytes": 4282383872, "backend": "unfused", "calculate_entropy": true, "calculate_sum_pi_squared": false, "context_parallel_size": 2, "data_format": "thd", "dense_logits_bytes": 1191785984, "dense_rows": 7844, "distillation_only": false, "elapsed_s": 0.029969132971018553, "element_size": 2, "entropy_from_logits_chunk_size": 2048, "entropy_from_logits_with_chunking": false, "event_id": 158, "logits_dtype": "torch.bfloat16", "logits_saved_bytes": 596804608, "peak_allocated_bytes": 7820364800, "peak_increment_bytes": 3537980928, "pipeline_parallel_size": 2, "projected_rows": 3916, "rank": 5, "response_only_enabled": true, "role": "actor", "selected_rows": 3916, "tensor_parallel_size": 2, "vocab_shard": 75968}
[36m(WorkerDict pid=224934)[0m WARNING:2026-09-11 13:45:26,011:VERL_RESPONSE_ONLY_LM_HEAD_PROFILE {"active_ratio": 0.5451300356960734, "actual_logits_bytes": 649678336, "allocated_before_bytes": 4282383872, "backend": "unfused", "calculate_entropy": true, "calculate_sum_pi_squared": false, "context_parallel_size": 2, "data_format": "thd", "dense_logits_bytes": 1191785984, "dense_rows": 7844, "distillation_only": false, "elapsed_s": 0.03228274406865239, "element_size": 2, "entropy_from_logits_chunk_size": 2048, "entropy_from_logits_with_chunking": false, "event_id": 158, "logits_dtype": "torch.bfloat16", "logits_saved_bytes": 542107648, "peak_allocated_bytes": 8148558336, "peak_increment_bytes": 3866174464, "pipeline_parallel_size": 2, "projected_rows": 4276, "rank": 7, "response_only_enabled": true, "role": "actor", "selected_rows": 4276, "tensor_parallel_size": 2, "vocab_shard": 75968}
[36m(WorkerDict pid=224933)[0m WARNING:2026-09-11 13:45:26,011:VERL_RESPONSE_ONLY_LM_HEAD_PROFILE {"active_ratio": 0.5451300356960734, "actual_logits_bytes": 649678336, "allocated_before_bytes": 4282383872, "backend": "unfused", "calculate_entropy": true, "calculate_sum_pi_squared": false, "context_parallel_size": 2, "data_format": "thd", "dense_logits_bytes": 1191785984, "dense_rows": 7844, "distillation_only": false, "elapsed_s": 0.032236214028671384, "element_size": 2, "entropy_from_logits_chunk_size": 2048, "entropy_from_logits_with_chunking": false, "event_id": 158, "logits_dtype": "torch.bfloat16", "logits_saved_bytes": 542107648, "peak_allocated_bytes": 8148558336, "peak_increment_bytes": 3866174464, "pipeline_parallel_size": 2, "projected_rows": 4276, "rank": 6, "response_only_enabled": true, "role": "actor", "selected_rows": 4276, "tensor_parallel_size": 2, "vocab_shard": 75968}
[36m(WorkerDict pid=224932)[0m WARNING:2026-09-11 13:45:26,273:VERL_RESPONSE_ONLY_LM_HEAD_PROFILE {"active_ratio": 0.4992350841407445, "actual_logits_bytes": 594981376, "allocated_before_bytes": 4282510848, "backend": "unfused", "calculate_entropy": true, "calculate_sum_pi_squared": false, "context_parallel_size": 2, "data_format": "thd", "dense_logits_bytes": 1191785984, "dense_rows": 7844, "distillation_only": false, "elapsed_s": 0.02975221397355199, "element_size": 2, "entropy_from_logits_chunk_size": 2048, "entropy_from_logits_with_chunking": false, "event_id": 159, "logits_dtype": "torch.bfloat16", "logits_saved_bytes": 596804608, "peak_allocated_bytes": 7820491776, "peak_increment_bytes": 3537980928, "pipeline_parallel_size": 2, "projected_rows": 3916, "rank": 5, "response_only_enabled": true, "role": "actor", "selected_rows": 3916, "tensor_parallel_size": 2, "vocab_shard": 75968}
[36m(WorkerDict pid=224934)[0m WARNING:2026-09-11 13:45:26,276:VERL_RESPONSE_ONLY_LM_HEAD_PROFILE {"active_ratio": 0.5451300356960734, "actual_logits_bytes": 649678336, "allocated_before_bytes": 4282510848, "backend": "unfused", "calculate_entropy": true, "calculate_sum_pi_squared": false, "context_parallel_size": 2, "data_format": "thd", "dense_logits_bytes": 1191785984, "dense_rows": 7844, "distillation_only": false, "elapsed_s": 0.032536764978431165, "element_size": 2, "entropy_from_logits_chunk_size": 2048, "entropy_from_logits_with_chunking": false, "event_id": 159, "logits_dtype": "torch.bfloat16", "logits_saved_bytes": 542107648, "peak_allocated_bytes": 8148685312, "peak_increment_bytes": 3866174464, "pipeline_parallel_size": 2, "projected_rows": 4276, "rank": 7, "response_only_enabled": true, "role": "actor", "selected_rows": 4276, "tensor_parallel_size": 2, "vocab_shard": 75968}
[36m(WorkerDict pid=224933)[0m WARNING:2026-09-11 13:45:26,276:VERL_RESPONSE_ONLY_LM_HEAD_PROFILE {"active_ratio": 0.5451300356960734, "actual_logits_bytes": 649678336, "allocated_before_bytes": 4282510848, "backend": "unfused", "calculate_entropy": true, "calculate_sum_pi_squared": false, "context_parallel_size": 2, "data_format": "thd", "dense_logits_bytes": 1191785984, "dense_rows": 7844, "distillation_only": false, "elapsed_s": 0.032532825018279254, "element_size": 2, "entropy_from_logits_chunk_size": 2048, "entropy_from_logits_with_chunking": false, "event_id": 159, "logits_dtype": "torch.bfloat16", "logits_saved_bytes": 542107648, "peak_allocated_bytes": 8148685312, "peak_increment_bytes": 3866174464, "pipeline_parallel_size": 2, "projected_rows": 4276, "rank": 6, "response_only_enabled": true, "role": "actor", "selected_rows": 4276, "tensor_parallel_size": 2, "vocab_shard": 75968}
[36m(WorkerDict pid=224932)[0m WARNING:2026-09-11 13:45:31,317:VERL_RESPONSE_ONLY_LM_HEAD_PROFILE {"active_ratio": 0.49910714285714286, "actual_logits_bytes": 594525568, "allocated_before_bytes": 4279493632, "backend": "unfused", "calculate_entropy": false, "calculate_sum_pi_squared": false, "context_parallel_size": 2, "data_format": "thd", "dense_logits_bytes": 1191178240, "dense_rows": 7840, "distillation_only": false, "elapsed_s": 0.04856115102302283, "element_size": 2, "entropy_from_logits_chunk_size": 2048, "entropy_from_logits_with_chunking": false, "event_id": 160, "logits_dtype": "torch.bfloat16", "logits_saved_bytes": 596652672, "peak_allocated_bytes": 6030958080, "peak_increment_bytes": 1751464448, "pipeline_parallel_size": 2, "projected_rows": 3913, "rank": 5, "response_only_enabled": true, "role": "ref", "selected_rows": 3913, "tensor_parallel_size": 2, "vocab_shard": 75968}
[36m(WorkerDict pid=224934)[0m WARNING:2026-09-11 13:45:31,317:VERL_RESPONSE_ONLY_LM_HEAD_PROFILE {"active_ratio": 0.5457908163265306, "actual_logits_bytes": 650134144, "allocated_before_bytes": 4279493632, "backend": "unfused", "calculate_entropy": false, "calculate_sum_pi_squared": false, "context_parallel_size": 2, "data_format": "thd", "dense_logits_bytes": 1191178240, "dense_rows": 7840, "distillation_only": false, "elapsed_s": 0.05071742204017937, "element_size": 2, "entropy_from_logits_chunk_size": 2048, "entropy_from_logits_with_chunking": false, "event_id": 160, "logits_dtype": "torch.bfloat16", "logits_saved_bytes": 541044096, "peak_allocated_bytes": 6197784064, "peak_increment_bytes": 1918290432, "pipeline_parallel_size": 2, "projected_rows": 4279, "rank": 7, "response_only_enabled": true, "role": "ref", "selected_rows": 4279, "tensor_parallel_size": 2, "vocab_shard": 75968}
[36m(WorkerDict pid=224933)[0m WARNING:2026-09-11 13:45:31,317:VERL_RESPONSE_ONLY_LM_HEAD_PROFILE {"active_ratio": 0.5457908163265306, "actual_logits_bytes": 650134144, "allocated_before_bytes": 4279493632, "backend": "unfused", "calculate_entropy": false, "calculate_sum_pi_squared": false, "context_parallel_size": 2, "data_format": "thd", "dense_logits_bytes": 1191178240, "dense_rows": 7840, "distillation_only": false, "elapsed_s": 0.050679001957178116, "element_size": 2, "entropy_from_logits_chunk_size": 2048, "entropy_from_logits_with_chunking": false, "event_id": 160, "logits_dtype": "torch.bfloat16", "logits_saved_bytes": 541044096, "peak_allocated_bytes": 6197784064, "peak_increment_bytes": 1918290432, "pipeline_parallel_size": 2, "projected_rows": 4279, "rank": 6, "response_only_enabled": true, "role": "ref", "selected_rows": 4279, "tensor_parallel_size": 2, "vocab_shard": 75968}
[36m(WorkerDict pid=224934)[0m WARNING:2026-09-11 13:45:31,570:VERL_RESPONSE_ONLY_LM_HEAD_PROFILE {"active_ratio": 0.5457908163265306, "actual_logits_bytes": 650134144, "allocated_before_bytes": 4279557632, "backend": "unfused", "calculate_entropy": false, "calculate_sum_pi_squared": false, "context_parallel_size": 2, "data_format": "thd", "dense_logits_bytes": 1191178240, "dense_rows": 7840, "distillation_only": false, "elapsed_s": 0.022650119964964688, "element_size": 2, "entropy_from_logits_chunk_size": 2048, "entropy_from_logits_with_chunking": false, "event_id": 161, "logits_dtype": "torch.bfloat16", "logits_saved_bytes": 541044096, "peak_allocated_bytes": 6197848064, "peak_increment_bytes": 1918290432, "pipeline_parallel_size": 2, "projected_rows": 4279, "rank": 7, "response_only_enabled": true, "role": "ref", "selected_rows": 4279, "tensor_parallel_size": 2, "vocab_shard": 75968}
[36m(WorkerDict pid=224933)[0m WARNING:2026-09-11 13:45:31,570:VERL_RESPONSE_ONLY_LM_HEAD_PROFILE {"active_ratio": 0.5457908163265306, "actual_logits_bytes": 650134144, "allocated_before_bytes": 4279557632, "backend": "unfused", "calculate_entropy": false, "calculate_sum_pi_squared": false, "context_parallel_size": 2, "data_format": "thd", "dense_logits_bytes": 1191178240, "dense_rows": 7840, "distillation_only": false, "elapsed_s": 0.022674179985187948, "element_size": 2, "entropy_from_logits_chunk_size": 2048, "entropy_from_logits_with_chunking": false, "event_id": 161, "logits_dtype": "torch.bfloat16", "logits_saved_bytes": 541044096, "peak_allocated_bytes": 6197848064, "peak_increment_bytes": 1918290432, "pipeline_parallel_size": 2, "projected_rows": 4279, "rank": 6, "response_only_enabled": true, "role": "ref", "selected_rows": 4279, "tensor_parallel_size": 2, "vocab_shard": 75968}
[36m(WorkerDict pid=224932)[0m WARNING:2026-09-11 13:45:31,588:VERL_RESPONSE_ONLY_LM_HEAD_PROFILE {"active_ratio": 0.49910714285714286, "actual_logits_bytes": 594525568, "allocated_before_bytes": 4279557632, "backend": "unfused", "calculate_entropy": false, "calculate_sum_pi_squared": false, "context_parallel_size": 2, "data_format": "thd", "dense_logits_bytes": 1191178240, "dense_rows": 7840, "distillation_only": false, "elapsed_s": 0.04076790809631348, "element_size": 2, "entropy_from_logits_chunk_size": 2048, "entropy_from_logits_with_chunking": false, "event_id": 161, "logits_dtype": "torch.bfloat16", "logits_saved_bytes": 596652672, "peak_allocated_bytes": 6031022080, "peak_increment_bytes": 1751464448, "pipeline_parallel_size": 2, "projected_rows": 3913, "rank": 5, "response_only_enabled": true, "role": "ref", "selected_rows": 3913, "tensor_parallel_size": 2, "vocab_shard": 75968}
[36m(WorkerDict pid=224932)[0m WARNING:2026-09-11 13:45:31,838:VERL_RESPONSE_ONLY_LM_HEAD_PROFILE {"active_ratio": 0.49910714285714286, "actual_logits_bytes": 594525568, "allocated_before_bytes": 4279621120, "backend": "unfused", "calculate_entropy": false, "calculate_sum_pi_squared": false, "context_parallel_size": 2, "data_format": "thd", "dense_logits_bytes": 1191178240, "dense_rows": 7840, "distillation_only": false, "elapsed_s": 0.02073944895528257, "element_size": 2, "entropy_from_logits_chunk_size": 2048, "entropy_from_logits_with_chunking": false, "event_id": 162, "logits_dtype": "torch.bfloat16", "logits_saved_bytes": 596652672, "peak_allocated_bytes": 6031085568, "peak_increment_bytes": 1751464448, "pipeline_parallel_size": 2, "projected_rows": 3913, "rank": 5, "response_only_enabled": true, "role": "ref", "selected_rows": 3913, "tensor_parallel_size": 2, "vocab_shard": 75968}
[36m(WorkerDict pid=224934)[0m WARNING:2026-09-11 13:45:31,840:VERL_RESPONSE_ONLY_LM_HEAD_PROFILE {"active_ratio": 0.5457908163265306, "actual_logits_bytes": 650134144, "allocated_before_bytes": 4279621120, "backend": "unfused", "calculate_entropy": false, "calculate_sum_pi_squared": false, "context_parallel_size": 2, "data_format": "thd", "dense_logits_bytes": 1191178240, "dense_rows": 7840, "distillation_only": false, "elapsed_s": 0.022764110006392002, "element_size": 2, "entropy_from_logits_chunk_size": 2048, "entropy_from_logits_with_chunking": false, "event_id": 162, "logits_dtype": "torch.bfloat16", "logits_saved_bytes": 541044096, "peak_allocated_bytes": 6197911552, "peak_increment_bytes": 1918290432, "pipeline_parallel_size": 2, "projected_rows": 4279, "rank": 7, "response_only_enabled": true, "role": "ref", "selected_rows": 4279, "tensor_parallel_size": 2, "vocab_shard": 75968}
[36m(WorkerDict pid=224933)[0m WARNING:2026-09-11 13:45:31,840:VERL_RESPONSE_ONLY_LM_HEAD_PROFILE {"active_ratio": 0.5457908163265306, "actual_logits_bytes": 650134144, "allocated_before_bytes": 4279621120, "backend": "unfused", "calculate_entropy": false, "calculate_sum_pi_squared": false, "context_parallel_size": 2, "data_format": "thd", "dense_logits_bytes": 1191178240, "dense_rows": 7840, "distillation_only": false, "elapsed_s": 0.022779760067351162, "element_size": 2, "entropy_from_logits_chunk_size": 2048, "entropy_from_logits_with_chunking": false, "event_id": 162, "logits_dtype": "torch.bfloat16", "logits_saved_bytes": 541044096, "peak_allocated_bytes": 6197911552, "peak_increment_bytes": 1918290432, "pipeline_parallel_size": 2, "projected_rows": 4279, "rank": 6, "response_only_enabled": true, "role": "ref", "selected_rows": 4279, "tensor_parallel_size": 2, "vocab_shard": 75968}
[36m(WorkerDict pid=224932)[0m WARNING:2026-09-11 13:45:32,091:VERL_RESPONSE_ONLY_LM_HEAD_PROFILE {"active_ratio": 0.49910714285714286, "actual_logits_bytes": 594525568, "allocated_before_bytes": 4279684608, "backend": "unfused", "calculate_entropy": false, "calculate_sum_pi_squared": false, "context_parallel_size": 2, "data_format": "thd", "dense_logits_bytes": 1191178240, "dense_rows": 7840, "distillation_only": false, "elapsed_s": 0.02096170897129923, "element_size": 2, "entropy_from_logits_chunk_size": 2048, "entropy_from_logits_with_chunking": false, "event_id": 163, "logits_dtype": "torch.bfloat16", "logits_saved_bytes": 596652672, "peak_allocated_bytes": 6031149056, "peak_increment_bytes": 1751464448, "pipeline_parallel_size": 2, "projected_rows": 3913, "rank": 5, "response_only_enabled": true, "role": "ref", "selected_rows": 3913, "tensor_parallel_size": 2, "vocab_shard": 75968}
[36m(WorkerDict pid=224934)[0m WARNING:2026-09-11 13:45:32,093:VERL_RESPONSE_ONLY_LM_HEAD_PROFILE {"active_ratio": 0.5457908163265306, "actual_logits_bytes": 650134144, "allocated_before_bytes": 4279684608, "backend": "unfused", "calculate_entropy": false, "calculate_sum_pi_squared": false, "context_parallel_size": 2, "data_format": "thd", "dense_logits_bytes": 1191178240, "dense_rows": 7840, "distillation_only": false, "elapsed_s": 0.02268731000367552, "element_size": 2, "entropy_from_logits_chunk_size": 2048, "entropy_from_logits_with_chunking": false, "event_id": 163, "logits_dtype": "torch.bfloat16", "logits_saved_bytes": 541044096, "peak_allocated_bytes": 6197975040, "peak_increment_bytes": 1918290432, "pipeline_parallel_size": 2, "projected_rows": 4279, "rank": 7, "response_only_enabled": true, "role": "ref", "selected_rows": 4279, "tensor_parallel_size": 2, "vocab_shard": 75968}
[36m(WorkerDict pid=224933)[0m WARNING:2026-09-11 13:45:32,093:VERL_RESPONSE_ONLY_LM_HEAD_PROFILE {"active_ratio": 0.5457908163265306, "actual_logits_bytes": 650134144, "allocated_before_bytes": 4279684608, "backend": "unfused", "calculate_entropy": false, "calculate_sum_pi_squared": false, "context_parallel_size": 2, "data_format": "thd", "dense_logits_bytes": 1191178240, "dense_rows": 7840, "distillation_only": false, "elapsed_s": 0.022724600043147802, "element_size": 2, "entropy_from_logits_chunk_size": 2048, "entropy_from_logits_with_chunking": false, "event_id": 163, "logits_dtype": "torch.bfloat16", "logits_saved_bytes": 541044096, "peak_allocated_bytes": 6197975040, "peak_increment_bytes": 1918290432, "pipeline_parallel_size": 2, "projected_rows": 4279, "rank": 6, "response_only_enabled": true, "role": "ref", "selected_rows": 4279, "tensor_parallel_size": 2, "vocab_shard": 75968}
[36m(WorkerDict pid=224934)[0m WARNING:2026-09-11 13:45:32,360:VERL_RESPONSE_ONLY_LM_HEAD_PROFILE {"active_ratio": 0.5079931136251845, "actual_logits_bytes": 627647616, "allocated_before_bytes": 4282166272, "backend": "unfused", "calculate_entropy": false, "calculate_sum_pi_squared": false, "context_parallel_size": 2, "data_format": "thd", "dense_logits_bytes": 1235543552, "dense_rows": 8132, "distillation_only": false, "elapsed_s": 0.022328009945340455, "element_size": 2, "entropy_from_logits_chunk_size": 2048, "entropy_from_logits_with_chunking": false, "event_id": 164, "logits_dtype": "torch.bfloat16", "logits_saved_bytes": 607895936, "peak_allocated_bytes": 6131801088, "peak_increment_bytes": 1849634816, "pipeline_parallel_size": 2, "projected_rows": 4131, "rank": 7, "response_only_enabled": true, "role": "ref", "selected_rows": 4131, "tensor_parallel_size": 2, "vocab_shard": 75968}
[36m(WorkerDict pid=224933)[0m WARNING:2026-09-11 13:45:32,360:VERL_RESPONSE_ONLY_LM_HEAD_PROFILE {"active_ratio": 0.5079931136251845, "actual_logits_bytes": 627647616, "allocated_before_bytes": 4282166272, "backend": "unfused", "calculate_entropy": false, "calculate_sum_pi_squared": false, "context_parallel_size": 2, "data_format": "thd", "dense_logits_bytes": 1235543552, "dense_rows": 8132, "distillation_only": false, "elapsed_s": 0.02235193003434688, "element_size": 2, "entropy_from_logits_chunk_size": 2048, "entropy_from_logits_with_chunking": false, "event_id": 164, "logits_dtype": "torch.bfloat16", "logits_saved_bytes": 607895936, "peak_allocated_bytes": 6131801088, "peak_increment_bytes": 1849634816, "pipeline_parallel_size": 2, "projected_rows": 4131, "rank": 6, "response_only_enabled": true, "role": "ref", "selected_rows": 4131, "tensor_parallel_size": 2, "vocab_shard": 75968}
[36m(WorkerDict pid=224932)[0m WARNING:2026-09-11 13:45:32,448:VERL_RESPONSE_ONLY_LM_HEAD_PROFILE {"active_ratio": 0.49938514510575505, "actual_logits_bytes": 617012096, "allocated_before_bytes": 4282166272, "backend": "unfused", "calculate_entropy": false, "calculate_sum_pi_squared": false, "context_parallel_size": 2, "data_format": "thd", "dense_logits_bytes": 1235543552, "dense_rows": 8132, "distillation_only": false, "elapsed_s": 0.11010916903614998, "element_size": 2, "entropy_from_logits_chunk_size": 2048, "entropy_from_logits_with_chunking": false, "event_id": 164, "logits_dtype": "torch.bfloat16", "logits_saved_bytes": 618531456, "peak_allocated_bytes": 6099894272, "peak_increment_bytes": 1817728000, "pipeline_parallel_size": 2, "projected_rows": 4061, "rank": 5, "response_only_enabled": true, "role": "ref", "selected_rows": 4061, "tensor_parallel_size": 2, "vocab_shard": 75968}
[36m(WorkerDict pid=224932)[0m WARNING:2026-09-11 13:45:32,760:VERL_RESPONSE_ONLY_LM_HEAD_PROFILE {"active_ratio": 0.49938514510575505, "actual_logits_bytes": 617012096, "allocated_before_bytes": 4282232320, "backend": "unfused", "calculate_entropy": false, "calculate_sum_pi_squared": false, "context_parallel_size": 2, "data_format": "thd", "dense_logits_bytes": 1235543552, "dense_rows": 8132, "distillation_only": false, "elapsed_s": 0.07255148200783879, "element_size": 2, "entropy_from_logits_chunk_size": 2048, "entropy_from_logits_with_chunking": false, "event_id": 165, "logits_dtype": "torch.bfloat16", "logits_saved_bytes": 618531456, "peak_allocated_bytes": 6099960320, "peak_increment_bytes": 1817728000, "pipeline_parallel_size": 2, "projected_rows": 4061, "rank": 5, "response_only_enabled": true, "role": "ref", "selected_rows": 4061, "tensor_parallel_size": 2, "vocab_shard": 75968}
[36m(WorkerDict pid=224934)[0m WARNING:2026-09-11 13:45:32,709:VERL_RESPONSE_ONLY_LM_HEAD_PROFILE {"active_ratio": 0.5079931136251845, "actual_logits_bytes": 627647616, "allocated_before_bytes": 4282232320, "backend": "unfused", "calculate_entropy": false, "calculate_sum_pi_squared": false, "context_parallel_size": 2, "data_format": "thd", "dense_logits_bytes": 1235543552, "dense_rows": 8132, "distillation_only": false, "elapsed_s": 0.022096970002166927, "element_size": 2, "entropy_from_logits_chunk_size": 2048, "entropy_from_logits_with_chunking": false, "event_id": 165, "logits_dtype": "torch.bfloat16", "logits_saved_bytes": 607895936, "peak_allocated_bytes": 6131867136, "peak_increment_bytes": 1849634816, "pipeline_parallel_size": 2, "projected_rows": 4131, "rank": 7, "response_only_enabled": true, "role": "ref", "selected_rows": 4131, "tensor_parallel_size": 2, "vocab_shard": 75968}
[36m(WorkerDict pid=224933)[0m WARNING:2026-09-11 13:45:32,709:VERL_RESPONSE_ONLY_LM_HEAD_PROFILE {"active_ratio": 0.5079931136251845, "actual_logits_bytes": 627647616, "allocated_before_bytes": 4282232320, "backend": "unfused", "calculate_entropy": false, "calculate_sum_pi_squared": false, "context_parallel_size": 2, "data_format": "thd", "dense_logits_bytes": 1235543552, "dense_rows": 8132, "distillation_only": false, "elapsed_s": 0.022103300085291266, "element_size": 2, "entropy_from_logits_chunk_size": 2048, "entropy_from_logits_with_chunking": false, "event_id": 165, "logits_dtype": "torch.bfloat16", "logits_saved_bytes": 607895936, "peak_allocated_bytes": 6131867136, "peak_increment_bytes": 1849634816, "pipeline_parallel_size": 2, "projected_rows": 4131, "rank": 6, "response_only_enabled": true, "role": "ref", "selected_rows": 4131, "tensor_parallel_size": 2, "vocab_shard": 75968}
[36m(WorkerDict pid=224932)[0m WARNING:2026-09-11 13:45:33,021:VERL_RESPONSE_ONLY_LM_HEAD_PROFILE {"active_ratio": 0.49938514510575505, "actual_logits_bytes": 617012096, "allocated_before_bytes": 4282298368, "backend": "unfused", "calculate_entropy": false, "calculate_sum_pi_squared": false, "context_parallel_size": 2, "data_format": "thd", "dense_logits_bytes": 1235543552, "dense_rows": 8132, "distillation_only": false, "elapsed_s": 0.021480388939380646, "element_size": 2, "entropy_from_logits_chunk_size": 2048, "entropy_from_logits_with_chunking": false, "event_id": 166, "logits_dtype": "torch.bfloat16", "logits_saved_bytes": 618531456, "peak_allocated_bytes": 6100026368, "peak_increment_bytes": 1817728000, "pipeline_parallel_size": 2, "projected_rows": 4061, "rank": 5, "response_only_enabled": true, "role": "ref", "selected_rows": 4061, "tensor_parallel_size": 2, "vocab_shard": 75968}
[36m(WorkerDict pid=224934)[0m WARNING:2026-09-11 13:45:33,022:VERL_RESPONSE_ONLY_LM_HEAD_PROFILE {"active_ratio": 0.5079931136251845, "actual_logits_bytes": 627647616, "allocated_before_bytes": 4282298368, "backend": "unfused", "calculate_entropy": false, "calculate_sum_pi_squared": false, "context_parallel_size": 2, "data_format": "thd", "dense_logits_bytes": 1235543552, "dense_rows": 8132, "distillation_only": false, "elapsed_s": 0.022265119943767786, "element_size": 2, "entropy_from_logits_chunk_size": 2048, "entropy_from_logits_with_chunking": false, "event_id": 166, "logits_dtype": "torch.bfloat16", "logits_saved_bytes": 607895936, "peak_allocated_bytes": 6131933184, "peak_increment_bytes": 1849634816, "pipeline_parallel_size": 2, "projected_rows": 4131, "rank": 7, "response_only_enabled": true, "role": "ref", "selected_rows": 4131, "tensor_parallel_size": 2, "vocab_shard": 75968}
[36m(WorkerDict pid=224933)[0m WARNING:2026-09-11 13:45:33,022:VERL_RESPONSE_ONLY_LM_HEAD_PROFILE {"active_ratio": 0.5079931136251845, "actual_logits_bytes": 627647616, "allocated_before_bytes": 4282298368, "backend": "unfused", "calculate_entropy": false, "calculate_sum_pi_squared": false, "context_parallel_size": 2, "data_format": "thd", "dense_logits_bytes": 1235543552, "dense_rows": 8132, "distillation_only": false, "elapsed_s": 0.02229103003628552, "element_size": 2, "entropy_from_logits_chunk_size": 2048, "entropy_from_logits_with_chunking": false, "event_id": 166, "logits_dtype": "torch.bfloat16", "logits_saved_bytes": 607895936, "peak_allocated_bytes": 6131933184, "peak_increment_bytes": 1849634816, "pipeline_parallel_size": 2, "projected_rows": 4131, "rank": 6, "response_only_enabled": true, "role": "ref", "selected_rows": 4131, "tensor_parallel_size": 2, "vocab_shard": 75968}
[36m(WorkerDict pid=224932)[0m WARNING:2026-09-11 13:45:33,284:VERL_RESPONSE_ONLY_LM_HEAD_PROFILE {"active_ratio": 0.49938514510575505, "actual_logits_bytes": 617012096, "allocated_before_bytes": 4282364416, "backend": "unfused", "calculate_entropy": false, "calculate_sum_pi_squared": false, "context_parallel_size": 2, "data_format": "thd", "dense_logits_bytes": 1235543552, "dense_rows": 8132, "distillation_only": false, "elapsed_s": 0.021528400015085936, "element_size": 2, "entropy_from_logits_chunk_size": 2048, "entropy_from_logits_with_chunking": false, "event_id": 167, "logits_dtype": "torch.bfloat16", "logits_saved_bytes": 618531456, "peak_allocated_bytes": 6100092416, "peak_increment_bytes": 1817728000, "pipeline_parallel_size": 2, "projected_rows": 4061, "rank": 5, "response_only_enabled": true, "role": "ref", "selected_rows": 4061, "tensor_parallel_size": 2, "vocab_shard": 75968}
[36m(WorkerDict pid=224934)[0m WARNING:2026-09-11 13:45:33,284:VERL_RESPONSE_ONLY_LM_HEAD_PROFILE {"active_ratio": 0.5079931136251845, "actual_logits_bytes": 627647616, "allocated_before_bytes": 4282364416, "backend": "unfused", "calculate_entropy": false, "calculate_sum_pi_squared": false, "context_parallel_size": 2, "data_format": "thd", "dense_logits_bytes": 1235543552, "dense_rows": 8132, "distillation_only": false, "elapsed_s": 0.022282560006715357, "element_size": 2, "entropy_from_logits_chunk_size": 2048, "entropy_from_logits_with_chunking": false, "event_id": 167, "logits_dtype": "torch.bfloat16", "logits_saved_bytes": 607895936, "peak_allocated_bytes": 6131999232, "peak_increment_bytes": 1849634816, "pipeline_parallel_size": 2, "projected_rows": 4131, "rank": 7, "response_only_enabled": true, "role": "ref", "selected_rows": 4131, "tensor_parallel_size": 2, "vocab_shard": 75968}
[36m(WorkerDict pid=224933)[0m WARNING:2026-09-11 13:45:33,284:VERL_RESPONSE_ONLY_LM_HEAD_PROFILE {"active_ratio": 0.5079931136251845, "actual_logits_bytes": 627647616, "allocated_before_bytes": 4282364416, "backend": "unfused", "calculate_entropy": false, "calculate_sum_pi_squared": false, "context_parallel_size": 2, "data_format": "thd", "dense_logits_bytes": 1235543552, "dense_rows": 8132, "distillation_only": false, "elapsed_s": 0.022308969986625016, "element_size": 2, "entropy_from_logits_chunk_size": 2048, "entropy_from_logits_with_chunking": false, "event_id": 167, "logits_dtype": "torch.bfloat16", "logits_saved_bytes": 607895936, "peak_allocated_bytes": 6131999232, "peak_increment_bytes": 1849634816, "pipeline_parallel_size": 2, "projected_rows": 4131, "rank": 6, "response_only_enabled": true, "role": "ref", "selected_rows": 4131, "tensor_parallel_size": 2, "vocab_shard": 75968}
[36m(WorkerDict pid=224932)[0m WARNING:2026-09-11 13:45:33,539:VERL_RESPONSE_ONLY_LM_HEAD_PROFILE {"active_ratio": 0.4992350841407445, "actual_logits_bytes": 594981376, "allocated_before_bytes": 4280047104, "backend": "unfused", "calculate_entropy": false, "calculate_sum_pi_squared": false, "context_parallel_size": 2, "data_format": "thd", "dense_logits_bytes": 1191785984, "dense_rows": 7844, "distillation_only": false, "elapsed_s": 0.020947288954630494, "element_size": 2, "entropy_from_logits_chunk_size": 2048, "entropy_from_logits_with_chunking": false, "event_id": 168, "logits_dtype": "torch.bfloat16", "logits_saved_bytes": 596804608, "peak_allocated_bytes": 6032862208, "peak_increment_bytes": 1752815104, "pipeline_parallel_size": 2, "projected_rows": 3916, "rank": 5, "response_only_enabled": true, "role": "ref", "selected_rows": 3916, "tensor_parallel_size": 2, "vocab_shard": 75968}
[36m(WorkerDict pid=224934)[0m WARNING:2026-09-11 13:45:33,540:VERL_RESPONSE_ONLY_LM_HEAD_PROFILE {"active_ratio": 0.5451300356960734, "actual_logits_bytes": 649678336, "allocated_before_bytes": 4280047104, "backend": "unfused", "calculate_entropy": false, "calculate_sum_pi_squared": false, "context_parallel_size": 2, "data_format": "thd", "dense_logits_bytes": 1191785984, "dense_rows": 7844, "distillation_only": false, "elapsed_s": 0.022655799984931946, "element_size": 2, "entropy_from_logits_chunk_size": 2048, "entropy_from_logits_with_chunking": false, "event_id": 168, "logits_dtype": "torch.bfloat16", "logits_saved_bytes": 542107648, "peak_allocated_bytes": 6196953088, "peak_increment_bytes": 1916905984, "pipeline_parallel_size": 2, "projected_rows": 4276, "rank": 7, "response_only_enabled": true, "role": "ref", "selected_rows": 4276, "tensor_parallel_size": 2, "vocab_shard": 75968}
[36m(WorkerDict pid=224933)[0m WARNING:2026-09-11 13:45:33,540:VERL_RESPONSE_ONLY_LM_HEAD_PROFILE {"active_ratio": 0.5451300356960734, "actual_logits_bytes": 649678336, "allocated_before_bytes": 4280047104, "backend": "unfused", "calculate_entropy": false, "calculate_sum_pi_squared": false, "context_parallel_size": 2, "data_format": "thd", "dense_logits_bytes": 1191785984, "dense_rows": 7844, "distillation_only": false, "elapsed_s": 0.02261853008531034, "element_size": 2, "entropy_from_logits_chunk_size": 2048, "entropy_from_logits_with_chunking": false, "event_id": 168, "logits_dtype": "torch.bfloat16", "logits_saved_bytes": 542107648, "peak_allocated_bytes": 6196953088, "peak_increment_bytes": 1916905984, "pipeline_parallel_size": 2, "projected_rows": 4276, "rank": 6, "response_only_enabled": true, "role": "ref", "selected_rows": 4276, "tensor_parallel_size": 2, "vocab_shard": 75968}
[36m(WorkerDict pid=224932)[0m WARNING:2026-09-11 13:45:33,793:VERL_RESPONSE_ONLY_LM_HEAD_PROFILE {"active_ratio": 0.4992350841407445, "actual_logits_bytes": 594981376, "allocated_before_bytes": 4280110592, "backend": "unfused", "calculate_entropy": false, "calculate_sum_pi_squared": false, "context_parallel_size": 2, "data_format": "thd", "dense_logits_bytes": 1191785984, "dense_rows": 7844, "distillation_only": false, "elapsed_s": 0.020811439026147127, "element_size": 2, "entropy_from_logits_chunk_size": 2048, "entropy_from_logits_with_chunking": false, "event_id": 169, "logits_dtype": "torch.bfloat16", "logits_saved_bytes": 596804608, "peak_allocated_bytes": 6032925696, "peak_increment_bytes": 1752815104, "pipeline_parallel_size": 2, "projected_rows": 3916, "rank": 5, "response_only_enabled": true, "role": "ref", "selected_rows": 3916, "tensor_parallel_size": 2, "vocab_shard": 75968}
[36m(WorkerDict pid=224934)[0m WARNING:2026-09-11 13:45:33,794:VERL_RESPONSE_ONLY_LM_HEAD_PROFILE {"active_ratio": 0.5451300356960734, "actual_logits_bytes": 649678336, "allocated_before_bytes": 4280110592, "backend": "unfused", "calculate_entropy": false, "calculate_sum_pi_squared": false, "context_parallel_size": 2, "data_format": "thd", "dense_logits_bytes": 1191785984, "dense_rows": 7844, "distillation_only": false, "elapsed_s": 0.02256334002595395, "element_size": 2, "entropy_from_logits_chunk_size": 2048, "entropy_from_logits_with_chunking": false, "event_id": 169, "logits_dtype": "torch.bfloat16", "logits_saved_bytes": 542107648, "peak_allocated_bytes": 6197016576, "peak_increment_bytes": 1916905984, "pipeline_parallel_size": 2, "projected_rows": 4276, "rank": 7, "response_only_enabled": true, "role": "ref", "selected_rows": 4276, "tensor_parallel_size": 2, "vocab_shard": 75968}
[36m(WorkerDict pid=224933)[0m WARNING:2026-09-11 13:45:33,794:VERL_RESPONSE_ONLY_LM_HEAD_PROFILE {"active_ratio": 0.5451300356960734, "actual_logits_bytes": 649678336, "allocated_before_bytes": 4280110592, "backend": "unfused", "calculate_entropy": false, "calculate_sum_pi_squared": false, "context_parallel_size": 2, "data_format": "thd", "dense_logits_bytes": 1191785984, "dense_rows": 7844, "distillation_only": false, "elapsed_s": 0.022629069979302585, "element_size": 2, "entropy_from_logits_chunk_size": 2048, "entropy_from_logits_with_chunking": false, "event_id": 169, "logits_dtype": "torch.bfloat16", "logits_saved_bytes": 542107648, "peak_allocated_bytes": 6197016576, "peak_increment_bytes": 1916905984, "pipeline_parallel_size": 2, "projected_rows": 4276, "rank": 6, "response_only_enabled": true, "role": "ref", "selected_rows": 4276, "tensor_parallel_size": 2, "vocab_shard": 75968}
[36m(WorkerDict pid=224932)[0m WARNING:2026-09-11 13:45:34,048:VERL_RESPONSE_ONLY_LM_HEAD_PROFILE {"active_ratio": 0.4992350841407445, "actual_logits_bytes": 594981376, "allocated_before_bytes": 4280174080, "backend": "unfused", "calculate_entropy": false, "calculate_sum_pi_squared": false, "context_parallel_size": 2, "data_format": "thd", "dense_logits_bytes": 1191785984, "dense_rows": 7844, "distillation_only": false, "elapsed_s": 0.020922459079883993, "element_size": 2, "entropy_from_logits_chunk_size": 2048, "entropy_from_logits_with_chunking": false, "event_id": 170, "logits_dtype": "torch.bfloat16", "logits_saved_bytes": 596804608, "peak_allocated_bytes": 6032989184, "peak_increment_bytes": 1752815104, "pipeline_parallel_size": 2, "projected_rows": 3916, "rank": 5, "response_only_enabled": true, "role": "ref", "selected_rows": 3916, "tensor_parallel_size": 2, "vocab_shard": 75968}
[36m(WorkerDict pid=224934)[0m WARNING:2026-09-11 13:45:34,049:VERL_RESPONSE_ONLY_LM_HEAD_PROFILE {"active_ratio": 0.5451300356960734, "actual_logits_bytes": 649678336, "allocated_before_bytes": 4280174080, "backend": "unfused", "calculate_entropy": false, "calculate_sum_pi_squared": false, "context_parallel_size": 2, "data_format": "thd", "dense_logits_bytes": 1191785984, "dense_rows": 7844, "distillation_only": false, "elapsed_s": 0.022566850064322352, "element_size": 2, "entropy_from_logits_chunk_size": 2048, "entropy_from_logits_with_chunking": false, "event_id": 170, "logits_dtype": "torch.bfloat16", "logits_saved_bytes": 542107648, "peak_allocated_bytes": 6197080064, "peak_increment_bytes": 1916905984, "pipeline_parallel_size": 2, "projected_rows": 4276, "rank": 7, "response_only_enabled": true, "role": "ref", "selected_rows": 4276, "tensor_parallel_size": 2, "vocab_shard": 75968}
[36m(WorkerDict pid=224933)[0m WARNING:2026-09-11 13:45:34,049:VERL_RESPONSE_ONLY_LM_HEAD_PROFILE {"active_ratio": 0.5451300356960734, "actual_logits_bytes": 649678336, "allocated_before_bytes": 4280174080, "backend": "unfused", "calculate_entropy": false, "calculate_sum_pi_squared": false, "context_parallel_size": 2, "data_format": "thd", "dense_logits_bytes": 1191785984, "dense_rows": 7844, "distillation_only": false, "elapsed_s": 0.02251061995048076, "element_size": 2, "entropy_from_logits_chunk_size": 2048, "entropy_from_logits_with_chunking": false, "event_id": 170, "logits_dtype": "torch.bfloat16", "logits_saved_bytes": 542107648, "peak_allocated_bytes": 6197080064, "peak_increment_bytes": 1916905984, "pipeline_parallel_size": 2, "projected_rows": 4276, "rank": 6, "response_only_enabled": true, "role": "ref", "selected_rows": 4276, "tensor_parallel_size": 2, "vocab_shard": 75968}
[36m(WorkerDict pid=224932)[0m WARNING:2026-09-11 13:45:34,302:VERL_RESPONSE_ONLY_LM_HEAD_PROFILE {"active_ratio": 0.4992350841407445, "actual_logits_bytes": 594981376, "allocated_before_bytes": 4280237568, "backend": "unfused", "calculate_entropy": false, "calculate_sum_pi_squared": false, "context_parallel_size": 2, "data_format": "thd", "dense_logits_bytes": 1191785984, "dense_rows": 7844, "distillation_only": false, "elapsed_s": 0.02079782006330788, "element_size": 2, "entropy_from_logits_chunk_size": 2048, "entropy_from_logits_with_chunking": false, "event_id": 171, "logits_dtype": "torch.bfloat16", "logits_saved_bytes": 596804608, "peak_allocated_bytes": 6033052672, "peak_increment_bytes": 1752815104, "pipeline_parallel_size": 2, "projected_rows": 3916, "rank": 5, "response_only_enabled": true, "role": "ref", "selected_rows": 3916, "tensor_parallel_size": 2, "vocab_shard": 75968}
[36m(WorkerDict pid=224934)[0m WARNING:2026-09-11 13:45:34,303:VERL_RESPONSE_ONLY_LM_HEAD_PROFILE {"active_ratio": 0.5451300356960734, "actual_logits_bytes": 649678336, "allocated_before_bytes": 4280237568, "backend": "unfused", "calculate_entropy": false, "calculate_sum_pi_squared": false, "context_parallel_size": 2, "data_format": "thd", "dense_logits_bytes": 1191785984, "dense_rows": 7844, "distillation_only": false, "elapsed_s": 0.022511519957333803, "element_size": 2, "entropy_from_logits_chunk_size": 2048, "entropy_from_logits_with_chunking": false, "event_id": 171, "logits_dtype": "torch.bfloat16", "logits_saved_bytes": 542107648, "peak_allocated_bytes": 6197143552, "peak_increment_bytes": 1916905984, "pipeline_parallel_size": 2, "projected_rows": 4276, "rank": 7, "response_only_enabled": true, "role": "ref", "selected_rows": 4276, "tensor_parallel_size": 2, "vocab_shard": 75968}
[36m(WorkerDict pid=224933)[0m WARNING:2026-09-11 13:45:34,303:VERL_RESPONSE_ONLY_LM_HEAD_PROFILE {"active_ratio": 0.5451300356960734, "actual_logits_bytes": 649678336, "allocated_before_bytes": 4280237568, "backend": "unfused", "calculate_entropy": false, "calculate_sum_pi_squared": false, "context_parallel_size": 2, "data_format": "thd", "dense_logits_bytes": 1191785984, "dense_rows": 7844, "distillation_only": false, "elapsed_s": 0.022530140005983412, "element_size": 2, "entropy_from_logits_chunk_size": 2048, "entropy_from_logits_with_chunking": false, "event_id": 171, "logits_dtype": "torch.bfloat16", "logits_saved_bytes": 542107648, "peak_allocated_bytes": 6197143552, "peak_increment_bytes": 1916905984, "pipeline_parallel_size": 2, "projected_rows": 4276, "rank": 6, "response_only_enabled": true, "role": "ref", "selected_rows": 4276, "tensor_parallel_size": 2, "vocab_shard": 75968}
[36m(WorkerDict pid=224932)[0m WARNING:2026-09-11 13:45:34,556:VERL_RESPONSE_ONLY_LM_HEAD_PROFILE {"active_ratio": 0.4992350841407445, "actual_logits_bytes": 594981376, "allocated_before_bytes": 4280301056, "backend": "unfused", "calculate_entropy": false, "calculate_sum_pi_squared": false, "context_parallel_size": 2, "data_format": "thd", "dense_logits_bytes": 1191785984, "dense_rows": 7844, "distillation_only": false, "elapsed_s": 0.020789999049156904, "element_size": 2, "entropy_from_logits_chunk_size": 2048, "entropy_from_logits_with_chunking": false, "event_id": 172, "logits_dtype": "torch.bfloat16", "logits_saved_bytes": 596804608, "peak_allocated_bytes": 6033116160, "peak_increment_bytes": 1752815104, "pipeline_parallel_size": 2, "projected_rows": 3916, "rank": 5, "response_only_enabled": true, "role": "ref", "selected_rows": 3916, "tensor_parallel_size": 2, "vocab_shard": 75968}
[36m(WorkerDict pid=224934)[0m WARNING:2026-09-11 13:45:34,558:VERL_RESPONSE_ONLY_LM_HEAD_PROFILE {"active_ratio": 0.5451300356960734, "actual_logits_bytes": 649678336, "allocated_before_bytes": 4280301056, "backend": "unfused", "calculate_entropy": false, "calculate_sum_pi_squared": false, "context_parallel_size": 2, "data_format": "thd", "dense_logits_bytes": 1191785984, "dense_rows": 7844, "distillation_only": false, "elapsed_s": 0.022583460086025298, "element_size": 2, "entropy_from_logits_chunk_size": 2048, "entropy_from_logits_with_chunking": false, "event_id": 172, "logits_dtype": "torch.bfloat16", "logits_saved_bytes": 542107648, "peak_allocated_bytes": 6197207040, "peak_increment_bytes": 1916905984, "pipeline_parallel_size": 2, "projected_rows": 4276, "rank": 7, "response_only_enabled": true, "role": "ref", "selected_rows": 4276, "tensor_parallel_size": 2, "vocab_shard": 75968}
[36m(WorkerDict pid=224933)[0m WARNING:2026-09-11 13:45:34,558:VERL_RESPONSE_ONLY_LM_HEAD_PROFILE {"active_ratio": 0.5451300356960734, "actual_logits_bytes": 649678336, "allocated_before_bytes": 4280301056, "backend": "unfused", "calculate_entropy": false, "calculate_sum_pi_squared": false, "context_parallel_size": 2, "data_format": "thd", "dense_logits_bytes": 1191785984, "dense_rows": 7844, "distillation_only": false, "elapsed_s": 0.022589110070839524, "element_size": 2, "entropy_from_logits_chunk_size": 2048, "entropy_from_logits_with_chunking": false, "event_id": 172, "logits_dtype": "torch.bfloat16", "logits_saved_bytes": 542107648, "peak_allocated_bytes": 6197207040, "peak_increment_bytes": 1916905984, "pipeline_parallel_size": 2, "projected_rows": 4276, "rank": 6, "response_only_enabled": true, "role": "ref", "selected_rows": 4276, "tensor_parallel_size": 2, "vocab_shard": 75968}
[36m(WorkerDict pid=224932)[0m WARNING:2026-09-11 13:45:34,811:VERL_RESPONSE_ONLY_LM_HEAD_PROFILE {"active_ratio": 0.4992350841407445, "actual_logits_bytes": 594981376, "allocated_before_bytes": 4280364544, "backend": "unfused", "calculate_entropy": false, "calculate_sum_pi_squared": false, "context_parallel_size": 2, "data_format": "thd", "dense_logits_bytes": 1191785984, "dense_rows": 7844, "distillation_only": false, "elapsed_s": 0.02090276894159615, "element_size": 2, "entropy_from_logits_chunk_size": 2048, "entropy_from_logits_with_chunking": false, "event_id": 173, "logits_dtype": "torch.bfloat16", "logits_saved_bytes": 596804608, "peak_allocated_bytes": 6033179648, "peak_increment_bytes": 1752815104, "pipeline_parallel_size": 2, "projected_rows": 3916, "rank": 5, "response_only_enabled": true, "role": "ref", "selected_rows": 3916, "tensor_parallel_size": 2, "vocab_shard": 75968}
[36m(WorkerDict pid=224934)[0m WARNING:2026-09-11 13:45:34,812:VERL_RESPONSE_ONLY_LM_HEAD_PROFILE {"active_ratio": 0.5451300356960734, "actual_logits_bytes": 649678336, "allocated_before_bytes": 4280364544, "backend": "unfused", "calculate_entropy": false, "calculate_sum_pi_squared": false, "context_parallel_size": 2, "data_format": "thd", "dense_logits_bytes": 1191785984, "dense_rows": 7844, "distillation_only": false, "elapsed_s": 0.02247175993397832, "element_size": 2, "entropy_from_logits_chunk_size": 2048, "entropy_from_logits_with_chunking": false, "event_id": 173, "logits_dtype": "torch.bfloat16", "logits_saved_bytes": 542107648, "peak_allocated_bytes": 6197270528, "peak_increment_bytes": 1916905984, "pipeline_parallel_size": 2, "projected_rows": 4276, "rank": 7, "response_only_enabled": true, "role": "ref", "selected_rows": 4276, "tensor_parallel_size": 2, "vocab_shard": 75968}
[36m(WorkerDict pid=224933)[0m WARNING:2026-09-11 13:45:34,812:VERL_RESPONSE_ONLY_LM_HEAD_PROFILE {"active_ratio": 0.5451300356960734, "actual_logits_bytes": 649678336, "allocated_before_bytes": 4280364544, "backend": "unfused", "calculate_entropy": false, "calculate_sum_pi_squared": false, "context_parallel_size": 2, "data_format": "thd", "dense_logits_bytes": 1191785984, "dense_rows": 7844, "distillation_only": false, "elapsed_s": 0.02253200998529792, "element_size": 2, "entropy_from_logits_chunk_size": 2048, "entropy_from_logits_with_chunking": false, "event_id": 173, "logits_dtype": "torch.bfloat16", "logits_saved_bytes": 542107648, "peak_allocated_bytes": 6197270528, "peak_increment_bytes": 1916905984, "pipeline_parallel_size": 2, "projected_rows": 4276, "rank": 6, "response_only_enabled": true, "role": "ref", "selected_rows": 4276, "tensor_parallel_size": 2, "vocab_shard": 75968}
[36m(WorkerDict pid=224932)[0m WARNING:2026-09-11 13:45:35,066:VERL_RESPONSE_ONLY_LM_HEAD_PROFILE {"active_ratio": 0.4992350841407445, "actual_logits_bytes": 594981376, "allocated_before_bytes": 4280428032, "backend": "unfused", "calculate_entropy": false, "calculate_sum_pi_squared": false, "context_parallel_size": 2, "data_format": "thd", "dense_logits_bytes": 1191785984, "dense_rows": 7844, "distillation_only": false, "elapsed_s": 0.020906549063511193, "element_size": 2, "entropy_from_logits_chunk_size": 2048, "entropy_from_logits_with_chunking": false, "event_id": 174, "logits_dtype": "torch.bfloat16", "logits_saved_bytes": 596804608, "peak_allocated_bytes": 6033243136, "peak_increment_bytes": 1752815104, "pipeline_parallel_size": 2, "projected_rows": 3916, "rank": 5, "response_only_enabled": true, "role": "ref", "selected_rows": 3916, "tensor_parallel_size": 2, "vocab_shard": 75968}
[36m(WorkerDict pid=224934)[0m WARNING:2026-09-11 13:45:35,067:VERL_RESPONSE_ONLY_LM_HEAD_PROFILE {"active_ratio": 0.5451300356960734, "actual_logits_bytes": 649678336, "allocated_before_bytes": 4280428032, "backend": "unfused", "calculate_entropy": false, "calculate_sum_pi_squared": false, "context_parallel_size": 2, "data_format": "thd", "dense_logits_bytes": 1191785984, "dense_rows": 7844, "distillation_only": false, "elapsed_s": 0.022541269892826676, "element_size": 2, "entropy_from_logits_chunk_size": 2048, "entropy_from_logits_with_chunking": false, "event_id": 174, "logits_dtype": "torch.bfloat16", "logits_saved_bytes": 542107648, "peak_allocated_bytes": 6197334016, "peak_increment_bytes": 1916905984, "pipeline_parallel_size": 2, "projected_rows": 4276, "rank": 7, "response_only_enabled": true, "role": "ref", "selected_rows": 4276, "tensor_parallel_size": 2, "vocab_shard": 75968}
[36m(WorkerDict pid=224933)[0m WARNING:2026-09-11 13:45:35,067:VERL_RESPONSE_ONLY_LM_HEAD_PROFILE {"active_ratio": 0.5451300356960734, "actual_logits_bytes": 649678336, "allocated_before_bytes": 4280428032, "backend": "unfused", "calculate_entropy": false, "calculate_sum_pi_squared": false, "context_parallel_size": 2, "data_format": "thd", "dense_logits_bytes": 1191785984, "dense_rows": 7844, "distillation_only": false, "elapsed_s": 0.022605660022236407, "element_size": 2, "entropy_from_logits_chunk_size": 2048, "entropy_from_logits_with_chunking": false, "event_id": 174, "logits_dtype": "torch.bfloat16", "logits_saved_bytes": 542107648, "peak_allocated_bytes": 6197334016, "peak_increment_bytes": 1916905984, "pipeline_parallel_size": 2, "projected_rows": 4276, "rank": 6, "response_only_enabled": true, "role": "ref", "selected_rows": 4276, "tensor_parallel_size": 2, "vocab_shard": 75968}
[36m(WorkerDict pid=224932)[0m WARNING:2026-09-11 13:45:35,320:VERL_RESPONSE_ONLY_LM_HEAD_PROFILE {"active_ratio": 0.4992350841407445, "actual_logits_bytes": 594981376, "allocated_before_bytes": 4280491520, "backend": "unfused", "calculate_entropy": false, "calculate_sum_pi_squared": false, "context_parallel_size": 2, "data_format": "thd", "dense_logits_bytes": 1191785984, "dense_rows": 7844, "distillation_only": false, "elapsed_s": 0.02096982893999666, "element_size": 2, "entropy_from_logits_chunk_size": 2048, "entropy_from_logits_with_chunking": false, "event_id": 175, "logits_dtype": "torch.bfloat16", "logits_saved_bytes": 596804608, "peak_allocated_bytes": 6033306624, "peak_increment_bytes": 1752815104, "pipeline_parallel_size": 2, "projected_rows": 3916, "rank": 5, "response_only_enabled": true, "role": "ref", "selected_rows": 3916, "tensor_parallel_size": 2, "vocab_shard": 75968}
[36m(WorkerDict pid=224934)[0m WARNING:2026-09-11 13:45:35,321:VERL_RESPONSE_ONLY_LM_HEAD_PROFILE {"active_ratio": 0.5451300356960734, "actual_logits_bytes": 649678336, "allocated_before_bytes": 4280491520, "backend": "unfused", "calculate_entropy": false, "calculate_sum_pi_squared": false, "context_parallel_size": 2, "data_format": "thd", "dense_logits_bytes": 1191785984, "dense_rows": 7844, "distillation_only": false, "elapsed_s": 0.022430559969507158, "element_size": 2, "entropy_from_logits_chunk_size": 2048, "entropy_from_logits_with_chunking": false, "event_id": 175, "logits_dtype": "torch.bfloat16", "logits_saved_bytes": 542107648, "peak_allocated_bytes": 6197397504, "peak_increment_bytes": 1916905984, "pipeline_parallel_size": 2, "projected_rows": 4276, "rank": 7, "response_only_enabled": true, "role": "ref", "selected_rows": 4276, "tensor_parallel_size": 2, "vocab_shard": 75968}
[36m(WorkerDict pid=224933)[0m WARNING:2026-09-11 13:45:35,321:VERL_RESPONSE_ONLY_LM_HEAD_PROFILE {"active_ratio": 0.5451300356960734, "actual_logits_bytes": 649678336, "allocated_before_bytes": 4280491520, "backend": "unfused", "calculate_entropy": false, "calculate_sum_pi_squared": false, "context_parallel_size": 2, "data_format": "thd", "dense_logits_bytes": 1191785984, "dense_rows": 7844, "distillation_only": false, "elapsed_s": 0.0223952200030908, "element_size": 2, "entropy_from_logits_chunk_size": 2048, "entropy_from_logits_with_chunking": false, "event_id": 175, "logits_dtype": "torch.bfloat16", "logits_saved_bytes": 542107648, "peak_allocated_bytes": 6197397504, "peak_increment_bytes": 1916905984, "pipeline_parallel_size": 2, "projected_rows": 4276, "rank": 6, "response_only_enabled": true, "role": "ref", "selected_rows": 4276, "tensor_parallel_size": 2, "vocab_shard": 75968}
[36m(WorkerDict pid=224932)[0m WARNING:2026-09-11 13:45:43,872:VERL_RESPONSE_ONLY_LM_HEAD_PROFILE {"active_ratio": 0.49910714285714286, "actual_logits_bytes": 594525568, "allocated_before_bytes": 25335257088, "backend": "unfused", "calculate_entropy": true, "calculate_sum_pi_squared": false, "context_parallel_size": 2, "data_format": "thd", "dense_logits_bytes": 1191178240, "dense_rows": 7840, "distillation_only": false, "elapsed_s": 0.7008324239868671, "element_size": 2, "entropy_from_logits_chunk_size": 2048, "entropy_from_logits_with_chunking": false, "event_id": 176, "logits_dtype": "torch.bfloat16", "logits_saved_bytes": 596652672, "peak_allocated_bytes": 28902707712, "peak_increment_bytes": 3567450624, "pipeline_parallel_size": 2, "projected_rows": 3913, "rank": 5, "response_only_enabled": true, "role": "actor", "selected_rows": 3913, "tensor_parallel_size": 2, "vocab_shard": 75968}
[36m(WorkerDict pid=224934)[0m WARNING:2026-09-11 13:45:43,882:VERL_RESPONSE_ONLY_LM_HEAD_PROFILE {"active_ratio": 0.5457908163265306, "actual_logits_bytes": 650134144, "allocated_before_bytes": 25335257088, "backend": "unfused", "calculate_entropy": true, "calculate_sum_pi_squared": false, "context_parallel_size": 2, "data_format": "thd", "dense_logits_bytes": 1191178240, "dense_rows": 7840, "distillation_only": false, "elapsed_s": 0.7111814180389047, "element_size": 2, "entropy_from_logits_chunk_size": 2048, "entropy_from_logits_with_chunking": false, "event_id": 176, "logits_dtype": "torch.bfloat16", "logits_saved_bytes": 541044096, "peak_allocated_bytes": 29239374848, "peak_increment_bytes": 3904117760, "pipeline_parallel_size": 2, "projected_rows": 4279, "rank": 7, "response_only_enabled": true, "role": "actor", "selected_rows": 4279, "tensor_parallel_size": 2, "vocab_shard": 75968}
[36m(WorkerDict pid=224933)[0m WARNING:2026-09-11 13:45:43,882:VERL_RESPONSE_ONLY_LM_HEAD_PROFILE {"active_ratio": 0.5457908163265306, "actual_logits_bytes": 650134144, "allocated_before_bytes": 25335257088, "backend": "unfused", "calculate_entropy": true, "calculate_sum_pi_squared": false, "context_parallel_size": 2, "data_format": "thd", "dense_logits_bytes": 1191178240, "dense_rows": 7840, "distillation_only": false, "elapsed_s": 0.711184538085945, "element_size": 2, "entropy_from_logits_chunk_size": 2048, "entropy_from_logits_with_chunking": false, "event_id": 176, "logits_dtype": "torch.bfloat16", "logits_saved_bytes": 541044096, "peak_allocated_bytes": 29239374848, "peak_increment_bytes": 3904117760, "pipeline_parallel_size": 2, "projected_rows": 4279, "rank": 6, "response_only_enabled": true, "role": "actor", "selected_rows": 4279, "tensor_parallel_size": 2, "vocab_shard": 75968}
[36m(WorkerDict pid=224932)[0m WARNING:2026-09-11 13:45:44,889:VERL_RESPONSE_ONLY_LM_HEAD_PROFILE {"active_ratio": 0.49910714285714286, "actual_logits_bytes": 594525568, "allocated_before_bytes": 26182765568, "backend": "unfused", "calculate_entropy": true, "calculate_sum_pi_squared": false, "context_parallel_size": 2, "data_format": "thd", "dense_logits_bytes": 1191178240, "dense_rows": 7840, "distillation_only": false, "elapsed_s": 0.06600932904984802, "element_size": 2, "entropy_from_logits_chunk_size": 2048, "entropy_from_logits_with_chunking": false, "event_id": 177, "logits_dtype": "torch.bfloat16", "logits_saved_bytes": 596652672, "peak_allocated_bytes": 29750216192, "peak_increment_bytes": 3567450624, "pipeline_parallel_size": 2, "projected_rows": 3913, "rank": 5, "response_only_enabled": true, "role": "actor", "selected_rows": 3913, "tensor_parallel_size": 2, "vocab_shard": 75968}
[36m(WorkerDict pid=224934)[0m WARNING:2026-09-11 13:45:44,890:VERL_RESPONSE_ONLY_LM_HEAD_PROFILE {"active_ratio": 0.5457908163265306, "actual_logits_bytes": 650134144, "allocated_before_bytes": 26182765568, "backend": "unfused", "calculate_entropy": true, "calculate_sum_pi_squared": false, "context_parallel_size": 2, "data_format": "thd", "dense_logits_bytes": 1191178240, "dense_rows": 7840, "distillation_only": false, "elapsed_s": 0.06678696000017226, "element_size": 2, "entropy_from_logits_chunk_size": 2048, "entropy_from_logits_with_chunking": false, "event_id": 177, "logits_dtype": "torch.bfloat16", "logits_saved_bytes": 541044096, "peak_allocated_bytes": 30086883328, "peak_increment_bytes": 3904117760, "pipeline_parallel_size": 2, "projected_rows": 4279, "rank": 7, "response_only_enabled": true, "role": "actor", "selected_rows": 4279, "tensor_parallel_size": 2, "vocab_shard": 75968}
[36m(WorkerDict pid=224933)[0m WARNING:2026-09-11 13:45:44,889:VERL_RESPONSE_ONLY_LM_HEAD_PROFILE {"active_ratio": 0.5457908163265306, "actual_logits_bytes": 650134144, "allocated_before_bytes": 26182765568, "backend": "unfused", "calculate_entropy": true, "calculate_sum_pi_squared": false, "context_parallel_size": 2, "data_format": "thd", "dense_logits_bytes": 1191178240, "dense_rows": 7840, "distillation_only": false, "elapsed_s": 0.06673163000959903, "element_size": 2, "entropy_from_logits_chunk_size": 2048, "entropy_from_logits_with_chunking": false, "event_id": 177, "logits_dtype": "torch.bfloat16", "logits_saved_bytes": 541044096, "peak_allocated_bytes": 30086883328, "peak_increment_bytes": 3904117760, "pipeline_parallel_size": 2, "projected_rows": 4279, "rank": 6, "response_only_enabled": true, "role": "actor", "selected_rows": 4279, "tensor_parallel_size": 2, "vocab_shard": 75968}
[36m(WorkerDict pid=224932)[0m WARNING:2026-09-11 13:45:45,844:VERL_RESPONSE_ONLY_LM_HEAD_PROFILE {"active_ratio": 0.49910714285714286, "actual_logits_bytes": 594525568, "allocated_before_bytes": 26215005696, "backend": "unfused", "calculate_entropy": true, "calculate_sum_pi_squared": false, "context_parallel_size": 2, "data_format": "thd", "dense_logits_bytes": 1191178240, "dense_rows": 7840, "distillation_only": false, "elapsed_s": 0.029892794089391828, "element_size": 2, "entropy_from_logits_chunk_size": 2048, "entropy_from_logits_with_chunking": false, "event_id": 178, "logits_dtype": "torch.bfloat16", "logits_saved_bytes": 596652672, "peak_allocated_bytes": 29782456320, "peak_increment_bytes": 3567450624, "pipeline_parallel_size": 2, "projected_rows": 3913, "rank": 5, "response_only_enabled": true, "role": "actor", "selected_rows": 3913, "tensor_parallel_size": 2, "vocab_shard": 75968}
[36m(WorkerDict pid=224934)[0m WARNING:2026-09-11 13:45:45,847:VERL_RESPONSE_ONLY_LM_HEAD_PROFILE {"active_ratio": 0.5457908163265306, "actual_logits_bytes": 650134144, "allocated_before_bytes": 26215005696, "backend": "unfused", "calculate_entropy": true, "calculate_sum_pi_squared": false, "context_parallel_size": 2, "data_format": "thd", "dense_logits_bytes": 1191178240, "dense_rows": 7840, "distillation_only": false, "elapsed_s": 0.03242567495908588, "element_size": 2, "entropy_from_logits_chunk_size": 2048, "entropy_from_logits_with_chunking": false, "event_id": 178, "logits_dtype": "torch.bfloat16", "logits_saved_bytes": 541044096, "peak_allocated_bytes": 30119123456, "peak_increment_bytes": 3904117760, "pipeline_parallel_size": 2, "projected_rows": 4279, "rank": 7, "response_only_enabled": true, "role": "actor", "selected_rows": 4279, "tensor_parallel_size": 2, "vocab_shard": 75968}
[36m(WorkerDict pid=224933)[0m WARNING:2026-09-11 13:45:45,847:VERL_RESPONSE_ONLY_LM_HEAD_PROFILE {"active_ratio": 0.5457908163265306, "actual_logits_bytes": 650134144, "allocated_before_bytes": 26215005696, "backend": "unfused", "calculate_entropy": true, "calculate_sum_pi_squared": false, "context_parallel_size": 2, "data_format": "thd", "dense_logits_bytes": 1191178240, "dense_rows": 7840, "distillation_only": false, "elapsed_s": 0.032375394948758185, "element_size": 2, "entropy_from_logits_chunk_size": 2048, "entropy_from_logits_with_chunking": false, "event_id": 178, "logits_dtype": "torch.bfloat16", "logits_saved_bytes": 541044096, "peak_allocated_bytes": 30119123456, "peak_increment_bytes": 3904117760, "pipeline_parallel_size": 2, "projected_rows": 4279, "rank": 6, "response_only_enabled": true, "role": "actor", "selected_rows": 4279, "tensor_parallel_size": 2, "vocab_shard": 75968}
[36m(WorkerDict pid=224932)[0m WARNING:2026-09-11 13:45:46,803:VERL_RESPONSE_ONLY_LM_HEAD_PROFILE {"active_ratio": 0.49910714285714286, "actual_logits_bytes": 594525568, "allocated_before_bytes": 26247245824, "backend": "unfused", "calculate_entropy": true, "calculate_sum_pi_squared": false, "context_parallel_size": 2, "data_format": "thd", "dense_logits_bytes": 1191178240, "dense_rows": 7840, "distillation_only": false, "elapsed_s": 0.029851072933524847, "element_size": 2, "entropy_from_logits_chunk_size": 2048, "entropy_from_logits_with_chunking": false, "event_id": 179, "logits_dtype": "torch.bfloat16", "logits_saved_bytes": 596652672, "peak_allocated_bytes": 29814696448, "peak_increment_bytes": 3567450624, "pipeline_parallel_size": 2, "projected_rows": 3913, "rank": 5, "response_only_enabled": true, "role": "actor", "selected_rows": 3913, "tensor_parallel_size": 2, "vocab_shard": 75968}
[36m(WorkerDict pid=224934)[0m WARNING:2026-09-11 13:45:46,805:VERL_RESPONSE_ONLY_LM_HEAD_PROFILE {"active_ratio": 0.5457908163265306, "actual_logits_bytes": 650134144, "allocated_before_bytes": 26247245824, "backend": "unfused", "calculate_entropy": true, "calculate_sum_pi_squared": false, "context_parallel_size": 2, "data_format": "thd", "dense_logits_bytes": 1191178240, "dense_rows": 7840, "distillation_only": false, "elapsed_s": 0.03241843404248357, "element_size": 2, "entropy_from_logits_chunk_size": 2048, "entropy_from_logits_with_chunking": false, "event_id": 179, "logits_dtype": "torch.bfloat16", "logits_saved_bytes": 541044096, "peak_allocated_bytes": 30151363584, "peak_increment_bytes": 3904117760, "pipeline_parallel_size": 2, "projected_rows": 4279, "rank": 7, "response_only_enabled": true, "role": "actor", "selected_rows": 4279, "tensor_parallel_size": 2, "vocab_shard": 75968}
[36m(WorkerDict pid=224933)[0m WARNING:2026-09-11 13:45:46,805:VERL_RESPONSE_ONLY_LM_HEAD_PROFILE {"active_ratio": 0.5457908163265306, "actual_logits_bytes": 650134144, "allocated_before_bytes": 26247245824, "backend": "unfused", "calculate_entropy": true, "calculate_sum_pi_squared": false, "context_parallel_size": 2, "data_format": "thd", "dense_logits_bytes": 1191178240, "dense_rows": 7840, "distillation_only": false, "elapsed_s": 0.032539293984882534, "element_size": 2, "entropy_from_logits_chunk_size": 2048, "entropy_from_logits_with_chunking": false, "event_id": 179, "logits_dtype": "torch.bfloat16", "logits_saved_bytes": 541044096, "peak_allocated_bytes": 30151363584, "peak_increment_bytes": 3904117760, "pipeline_parallel_size": 2, "projected_rows": 4279, "rank": 6, "response_only_enabled": true, "role": "actor", "selected_rows": 4279, "tensor_parallel_size": 2, "vocab_shard": 75968}
[36m(WorkerDict pid=224932)[0m WARNING:2026-09-11 13:45:48,787:VERL_RESPONSE_ONLY_LM_HEAD_PROFILE {"active_ratio": 0.49938514510575505, "actual_logits_bytes": 617012096, "allocated_before_bytes": 26174472192, "backend": "unfused", "calculate_entropy": true, "calculate_sum_pi_squared": false, "context_parallel_size": 2, "data_format": "thd", "dense_logits_bytes": 1235543552, "dense_rows": 8132, "distillation_only": false, "elapsed_s": 0.03257141401991248, "element_size": 2, "entropy_from_logits_chunk_size": 2048, "entropy_from_logits_with_chunking": false, "event_id": 180, "logits_dtype": "torch.bfloat16", "logits_saved_bytes": 618531456, "peak_allocated_bytes": 29876870144, "peak_increment_bytes": 3702397952, "pipeline_parallel_size": 2, "projected_rows": 4061, "rank": 5, "response_only_enabled": true, "role": "actor", "selected_rows": 4061, "tensor_parallel_size": 2, "vocab_shard": 75968}
[36m(WorkerDict pid=224934)[0m WARNING:2026-09-11 13:45:48,786:VERL_RESPONSE_ONLY_LM_HEAD_PROFILE {"active_ratio": 0.5079931136251845, "actual_logits_bytes": 627647616, "allocated_before_bytes": 26174472192, "backend": "unfused", "calculate_entropy": true, "calculate_sum_pi_squared": false, "context_parallel_size": 2, "data_format": "thd", "dense_logits_bytes": 1235543552, "dense_rows": 8132, "distillation_only": false, "elapsed_s": 0.03159037500154227, "element_size": 2, "entropy_from_logits_chunk_size": 2048, "entropy_from_logits_with_chunking": false, "event_id": 180, "logits_dtype": "torch.bfloat16", "logits_saved_bytes": 607895936, "peak_allocated_bytes": 29941261824, "peak_increment_bytes": 3766789632, "pipeline_parallel_size": 2, "projected_rows": 4131, "rank": 7, "response_only_enabled": true, "role": "actor", "selected_rows": 4131, "tensor_parallel_size": 2, "vocab_shard": 75968}
[36m(WorkerDict pid=224933)[0m WARNING:2026-09-11 13:45:48,786:VERL_RESPONSE_ONLY_LM_HEAD_PROFILE {"active_ratio": 0.5079931136251845, "actual_logits_bytes": 627647616, "allocated_before_bytes": 26174472192, "backend": "unfused", "calculate_entropy": true, "calculate_sum_pi_squared": false, "context_parallel_size": 2, "data_format": "thd", "dense_logits_bytes": 1235543552, "dense_rows": 8132, "distillation_only": false, "elapsed_s": 0.03157964500132948, "element_size": 2, "entropy_from_logits_chunk_size": 2048, "entropy_from_logits_with_chunking": false, "event_id": 180, "logits_dtype": "torch.bfloat16", "logits_saved_bytes": 607895936, "peak_allocated_bytes": 29941261824, "peak_increment_bytes": 3766789632, "pipeline_parallel_size": 2, "projected_rows": 4131, "rank": 6, "response_only_enabled": true, "role": "actor", "selected_rows": 4131, "tensor_parallel_size": 2, "vocab_shard": 75968}
[36m(WorkerDict pid=224932)[0m WARNING:2026-09-11 13:45:49,777:VERL_RESPONSE_ONLY_LM_HEAD_PROFILE {"active_ratio": 0.49938514510575505, "actual_logits_bytes": 617012096, "allocated_before_bytes": 26207913984, "backend": "unfused", "calculate_entropy": true, "calculate_sum_pi_squared": false, "context_parallel_size": 2, "data_format": "thd", "dense_logits_bytes": 1235543552, "dense_rows": 8132, "distillation_only": false, "elapsed_s": 0.03083175397478044, "element_size": 2, "entropy_from_logits_chunk_size": 2048, "entropy_from_logits_with_chunking": false, "event_id": 181, "logits_dtype": "torch.bfloat16", "logits_saved_bytes": 618531456, "peak_allocated_bytes": 29910311936, "peak_increment_bytes": 3702397952, "pipeline_parallel_size": 2, "projected_rows": 4061, "rank": 5, "response_only_enabled": true, "role": "actor", "selected_rows": 4061, "tensor_parallel_size": 2, "vocab_shard": 75968}
[36m(WorkerDict pid=224934)[0m WARNING:2026-09-11 13:45:49,778:VERL_RESPONSE_ONLY_LM_HEAD_PROFILE {"active_ratio": 0.5079931136251845, "actual_logits_bytes": 627647616, "allocated_before_bytes": 26207913984, "backend": "unfused", "calculate_entropy": true, "calculate_sum_pi_squared": false, "context_parallel_size": 2, "data_format": "thd", "dense_logits_bytes": 1235543552, "dense_rows": 8132, "distillation_only": false, "elapsed_s": 0.031780463992618024, "element_size": 2, "entropy_from_logits_chunk_size": 2048, "entropy_from_logits_with_chunking": false, "event_id": 181, "logits_dtype": "torch.bfloat16", "logits_saved_bytes": 607895936, "peak_allocated_bytes": 29974703616, "peak_increment_bytes": 3766789632, "pipeline_parallel_size": 2, "projected_rows": 4131, "rank": 7, "response_only_enabled": true, "role": "actor", "selected_rows": 4131, "tensor_parallel_size": 2, "vocab_shard": 75968}
[36m(WorkerDict pid=224933)[0m WARNING:2026-09-11 13:45:49,778:VERL_RESPONSE_ONLY_LM_HEAD_PROFILE {"active_ratio": 0.5079931136251845, "actual_logits_bytes": 627647616, "allocated_before_bytes": 26207913984, "backend": "unfused", "calculate_entropy": true, "calculate_sum_pi_squared": false, "context_parallel_size": 2, "data_format": "thd", "dense_logits_bytes": 1235543552, "dense_rows": 8132, "distillation_only": false, "elapsed_s": 0.03174254402983934, "element_size": 2, "entropy_from_logits_chunk_size": 2048, "entropy_from_logits_with_chunking": false, "event_id": 181, "logits_dtype": "torch.bfloat16", "logits_saved_bytes": 607895936, "peak_allocated_bytes": 29974703616, "peak_increment_bytes": 3766789632, "pipeline_parallel_size": 2, "projected_rows": 4131, "rank": 6, "response_only_enabled": true, "role": "actor", "selected_rows": 4131, "tensor_parallel_size": 2, "vocab_shard": 75968}
[36m(WorkerDict pid=224932)[0m WARNING:2026-09-11 13:45:50,771:VERL_RESPONSE_ONLY_LM_HEAD_PROFILE {"active_ratio": 0.49938514510575505, "actual_logits_bytes": 617012096, "allocated_before_bytes": 26241355264, "backend": "unfused", "calculate_entropy": true, "calculate_sum_pi_squared": false, "context_parallel_size": 2, "data_format": "thd", "dense_logits_bytes": 1235543552, "dense_rows": 8132, "distillation_only": false, "elapsed_s": 0.03077536402270198, "element_size": 2, "entropy_from_logits_chunk_size": 2048, "entropy_from_logits_with_chunking": false, "event_id": 182, "logits_dtype": "torch.bfloat16", "logits_saved_bytes": 618531456, "peak_allocated_bytes": 29943753216, "peak_increment_bytes": 3702397952, "pipeline_parallel_size": 2, "projected_rows": 4061, "rank": 5, "response_only_enabled": true, "role": "actor", "selected_rows": 4061, "tensor_parallel_size": 2, "vocab_shard": 75968}
[36m(WorkerDict pid=224934)[0m WARNING:2026-09-11 13:45:50,772:VERL_RESPONSE_ONLY_LM_HEAD_PROFILE {"active_ratio": 0.5079931136251845, "actual_logits_bytes": 627647616, "allocated_before_bytes": 26241355264, "backend": "unfused", "calculate_entropy": true, "calculate_sum_pi_squared": false, "context_parallel_size": 2, "data_format": "thd", "dense_logits_bytes": 1235543552, "dense_rows": 8132, "distillation_only": false, "elapsed_s": 0.03171635395847261, "element_size": 2, "entropy_from_logits_chunk_size": 2048, "entropy_from_logits_with_chunking": false, "event_id": 182, "logits_dtype": "torch.bfloat16", "logits_saved_bytes": 607895936, "peak_allocated_bytes": 30008144896, "peak_increment_bytes": 3766789632, "pipeline_parallel_size": 2, "projected_rows": 4131, "rank": 7, "response_only_enabled": true, "role": "actor", "selected_rows": 4131, "tensor_parallel_size": 2, "vocab_shard": 75968}
[36m(WorkerDict pid=224933)[0m WARNING:2026-09-11 13:45:50,772:VERL_RESPONSE_ONLY_LM_HEAD_PROFILE {"active_ratio": 0.5079931136251845, "actual_logits_bytes": 627647616, "allocated_before_bytes": 26241355264, "backend": "unfused", "calculate_entropy": true, "calculate_sum_pi_squared": false, "context_parallel_size": 2, "data_format": "thd", "dense_logits_bytes": 1235543552, "dense_rows": 8132, "distillation_only": false, "elapsed_s": 0.03170723409857601, "element_size": 2, "entropy_from_logits_chunk_size": 2048, "entropy_from_logits_with_chunking": false, "event_id": 182, "logits_dtype": "torch.bfloat16", "logits_saved_bytes": 607895936, "peak_allocated_bytes": 30008144896, "peak_increment_bytes": 3766789632, "pipeline_parallel_size": 2, "projected_rows": 4131, "rank": 6, "response_only_enabled": true, "role": "actor", "selected_rows": 4131, "tensor_parallel_size": 2, "vocab_shard": 75968}
[36m(WorkerDict pid=224932)[0m WARNING:2026-09-11 13:45:51,766:VERL_RESPONSE_ONLY_LM_HEAD_PROFILE {"active_ratio": 0.49938514510575505, "actual_logits_bytes": 617012096, "allocated_before_bytes": 26274796544, "backend": "unfused", "calculate_entropy": true, "calculate_sum_pi_squared": false, "context_parallel_size": 2, "data_format": "thd", "dense_logits_bytes": 1235543552, "dense_rows": 8132, "distillation_only": false, "elapsed_s": 0.030778244021348655, "element_size": 2, "entropy_from_logits_chunk_size": 2048, "entropy_from_logits_with_chunking": false, "event_id": 183, "logits_dtype": "torch.bfloat16", "logits_saved_bytes": 618531456, "peak_allocated_bytes": 29977194496, "peak_increment_bytes": 3702397952, "pipeline_parallel_size": 2, "projected_rows": 4061, "rank": 5, "response_only_enabled": true, "role": "actor", "selected_rows": 4061, "tensor_parallel_size": 2, "vocab_shard": 75968}
[36m(WorkerDict pid=224934)[0m WARNING:2026-09-11 13:45:51,767:VERL_RESPONSE_ONLY_LM_HEAD_PROFILE {"active_ratio": 0.5079931136251845, "actual_logits_bytes": 627647616, "allocated_before_bytes": 26274796544, "backend": "unfused", "calculate_entropy": true, "calculate_sum_pi_squared": false, "context_parallel_size": 2, "data_format": "thd", "dense_logits_bytes": 1235543552, "dense_rows": 8132, "distillation_only": false, "elapsed_s": 0.03175420395564288, "element_size": 2, "entropy_from_logits_chunk_size": 2048, "entropy_from_logits_with_chunking": false, "event_id": 183, "logits_dtype": "torch.bfloat16", "logits_saved_bytes": 607895936, "peak_allocated_bytes": 30041586176, "peak_increment_bytes": 3766789632, "pipeline_parallel_size": 2, "projected_rows": 4131, "rank": 7, "response_only_enabled": true, "role": "actor", "selected_rows": 4131, "tensor_parallel_size": 2, "vocab_shard": 75968}
[36m(WorkerDict pid=224933)[0m WARNING:2026-09-11 13:45:51,767:VERL_RESPONSE_ONLY_LM_HEAD_PROFILE {"active_ratio": 0.5079931136251845, "actual_logits_bytes": 627647616, "allocated_before_bytes": 26274796544, "backend": "unfused", "calculate_entropy": true, "calculate_sum_pi_squared": false, "context_parallel_size": 2, "data_format": "thd", "dense_logits_bytes": 1235543552, "dense_rows": 8132, "distillation_only": false, "elapsed_s": 0.031738674035295844, "element_size": 2, "entropy_from_logits_chunk_size": 2048, "entropy_from_logits_with_chunking": false, "event_id": 183, "logits_dtype": "torch.bfloat16", "logits_saved_bytes": 607895936, "peak_allocated_bytes": 30041586176, "peak_increment_bytes": 3766789632, "pipeline_parallel_size": 2, "projected_rows": 4131, "rank": 6, "response_only_enabled": true, "role": "actor", "selected_rows": 4131, "tensor_parallel_size": 2, "vocab_shard": 75968}
[36m(WorkerDict pid=224932)[0m WARNING:2026-09-11 13:45:53,782:VERL_RESPONSE_ONLY_LM_HEAD_PROFILE {"active_ratio": 0.4992350841407445, "actual_logits_bytes": 594981376, "allocated_before_bytes": 26150854656, "backend": "unfused", "calculate_entropy": true, "calculate_sum_pi_squared": false, "context_parallel_size": 2, "data_format": "thd", "dense_logits_bytes": 1191785984, "dense_rows": 7844, "distillation_only": false, "elapsed_s": 0.029952752985991538, "element_size": 2, "entropy_from_logits_chunk_size": 2048, "entropy_from_logits_with_chunking": false, "event_id": 184, "logits_dtype": "torch.bfloat16", "logits_saved_bytes": 596804608, "peak_allocated_bytes": 29721047552, "peak_increment_bytes": 3570192896, "pipeline_parallel_size": 2, "projected_rows": 3916, "rank": 5, "response_only_enabled": true, "role": "actor", "selected_rows": 3916, "tensor_parallel_size": 2, "vocab_shard": 75968}
[36m(WorkerDict pid=224934)[0m WARNING:2026-09-11 13:45:53,784:VERL_RESPONSE_ONLY_LM_HEAD_PROFILE {"active_ratio": 0.5451300356960734, "actual_logits_bytes": 649678336, "allocated_before_bytes": 26150854656, "backend": "unfused", "calculate_entropy": true, "calculate_sum_pi_squared": false, "context_parallel_size": 2, "data_format": "thd", "dense_logits_bytes": 1191785984, "dense_rows": 7844, "distillation_only": false, "elapsed_s": 0.03227023396175355, "element_size": 2, "entropy_from_logits_chunk_size": 2048, "entropy_from_logits_with_chunking": false, "event_id": 184, "logits_dtype": "torch.bfloat16", "logits_saved_bytes": 542107648, "peak_allocated_bytes": 30052195840, "peak_increment_bytes": 3901341184, "pipeline_parallel_size": 2, "projected_rows": 4276, "rank": 7, "response_only_enabled": true, "role": "actor", "selected_rows": 4276, "tensor_parallel_size": 2, "vocab_shard": 75968}
[36m(WorkerDict pid=224933)[0m WARNING:2026-09-11 13:45:53,784:VERL_RESPONSE_ONLY_LM_HEAD_PROFILE {"active_ratio": 0.5451300356960734, "actual_logits_bytes": 649678336, "allocated_before_bytes": 26150854656, "backend": "unfused", "calculate_entropy": true, "calculate_sum_pi_squared": false, "context_parallel_size": 2, "data_format": "thd", "dense_logits_bytes": 1191785984, "dense_rows": 7844, "distillation_only": false, "elapsed_s": 0.03221931401640177, "element_size": 2, "entropy_from_logits_chunk_size": 2048, "entropy_from_logits_with_chunking": false, "event_id": 184, "logits_dtype": "torch.bfloat16", "logits_saved_bytes": 542107648, "peak_allocated_bytes": 30052195840, "peak_increment_bytes": 3901341184, "pipeline_parallel_size": 2, "projected_rows": 4276, "rank": 6, "response_only_enabled": true, "role": "actor", "selected_rows": 4276, "tensor_parallel_size": 2, "vocab_shard": 75968}
[36m(WorkerDict pid=224932)[0m WARNING:2026-09-11 13:45:54,742:VERL_RESPONSE_ONLY_LM_HEAD_PROFILE {"active_ratio": 0.4992350841407445, "actual_logits_bytes": 594981376, "allocated_before_bytes": 26183111680, "backend": "unfused", "calculate_entropy": true, "calculate_sum_pi_squared": false, "context_parallel_size": 2, "data_format": "thd", "dense_logits_bytes": 1191785984, "dense_rows": 7844, "distillation_only": false, "elapsed_s": 0.029822923010215163, "element_size": 2, "entropy_from_logits_chunk_size": 2048, "entropy_from_logits_with_chunking": false, "event_id": 185, "logits_dtype": "torch.bfloat16", "logits_saved_bytes": 596804608, "peak_allocated_bytes": 29753304576, "peak_increment_bytes": 3570192896, "pipeline_parallel_size": 2, "projected_rows": 3916, "rank": 5, "response_only_enabled": true, "role": "actor", "selected_rows": 3916, "tensor_parallel_size": 2, "vocab_shard": 75968}
[36m(WorkerDict pid=224934)[0m WARNING:2026-09-11 13:45:54,745:VERL_RESPONSE_ONLY_LM_HEAD_PROFILE {"active_ratio": 0.5451300356960734, "actual_logits_bytes": 649678336, "allocated_before_bytes": 26183111680, "backend": "unfused", "calculate_entropy": true, "calculate_sum_pi_squared": false, "context_parallel_size": 2, "data_format": "thd", "dense_logits_bytes": 1191785984, "dense_rows": 7844, "distillation_only": false, "elapsed_s": 0.0324069740017876, "element_size": 2, "entropy_from_logits_chunk_size": 2048, "entropy_from_logits_with_chunking": false, "event_id": 185, "logits_dtype": "torch.bfloat16", "logits_saved_bytes": 542107648, "peak_allocated_bytes": 30084452864, "peak_increment_bytes": 3901341184, "pipeline_parallel_size": 2, "projected_rows": 4276, "rank": 7, "response_only_enabled": true, "role": "actor", "selected_rows": 4276, "tensor_parallel_size": 2, "vocab_shard": 75968}
[36m(WorkerDict pid=224933)[0m WARNING:2026-09-11 13:45:54,745:VERL_RESPONSE_ONLY_LM_HEAD_PROFILE {"active_ratio": 0.5451300356960734, "actual_logits_bytes": 649678336, "allocated_before_bytes": 26183111680, "backend": "unfused", "calculate_entropy": true, "calculate_sum_pi_squared": false, "context_parallel_size": 2, "data_format": "thd", "dense_logits_bytes": 1191785984, "dense_rows": 7844, "distillation_only": false, "elapsed_s": 0.0323912639869377, "element_size": 2, "entropy_from_logits_chunk_size": 2048, "entropy_from_logits_with_chunking": false, "event_id": 185, "logits_dtype": "torch.bfloat16", "logits_saved_bytes": 542107648, "peak_allocated_bytes": 30084452864, "peak_increment_bytes": 3901341184, "pipeline_parallel_size": 2, "projected_rows": 4276, "rank": 6, "response_only_enabled": true, "role": "actor", "selected_rows": 4276, "tensor_parallel_size": 2, "vocab_shard": 75968}
[36m(WorkerDict pid=224932)[0m WARNING:2026-09-11 13:45:55,705:VERL_RESPONSE_ONLY_LM_HEAD_PROFILE {"active_ratio": 0.4992350841407445, "actual_logits_bytes": 594981376, "allocated_before_bytes": 26215368192, "backend": "unfused", "calculate_entropy": true, "calculate_sum_pi_squared": false, "context_parallel_size": 2, "data_format": "thd", "dense_logits_bytes": 1191785984, "dense_rows": 7844, "distillation_only": false, "elapsed_s": 0.03087710402905941, "element_size": 2, "entropy_from_logits_chunk_size": 2048, "entropy_from_logits_with_chunking": false, "event_id": 186, "logits_dtype": "torch.bfloat16", "logits_saved_bytes": 596804608, "peak_allocated_bytes": 29785561088, "peak_increment_bytes": 3570192896, "pipeline_parallel_size": 2, "projected_rows": 3916, "rank": 5, "response_only_enabled": true, "role": "actor", "selected_rows": 3916, "tensor_parallel_size": 2, "vocab_shard": 75968}
[36m(WorkerDict pid=224934)[0m WARNING:2026-09-11 13:45:55,707:VERL_RESPONSE_ONLY_LM_HEAD_PROFILE {"active_ratio": 0.5451300356960734, "actual_logits_bytes": 649678336, "allocated_before_bytes": 26215368192, "backend": "unfused", "calculate_entropy": true, "calculate_sum_pi_squared": false, "context_parallel_size": 2, "data_format": "thd", "dense_logits_bytes": 1191785984, "dense_rows": 7844, "distillation_only": false, "elapsed_s": 0.03248349402565509, "element_size": 2, "entropy_from_logits_chunk_size": 2048, "entropy_from_logits_with_chunking": false, "event_id": 186, "logits_dtype": "torch.bfloat16", "logits_saved_bytes": 542107648, "peak_allocated_bytes": 30116709376, "peak_increment_bytes": 3901341184, "pipeline_parallel_size": 2, "projected_rows": 4276, "rank": 7, "response_only_enabled": true, "role": "actor", "selected_rows": 4276, "tensor_parallel_size": 2, "vocab_shard": 75968}
[36m(WorkerDict pid=224933)[0m WARNING:2026-09-11 13:45:55,707:VERL_RESPONSE_ONLY_LM_HEAD_PROFILE {"active_ratio": 0.5451300356960734, "actual_logits_bytes": 649678336, "allocated_before_bytes": 26215368192, "backend": "unfused", "calculate_entropy": true, "calculate_sum_pi_squared": false, "context_parallel_size": 2, "data_format": "thd", "dense_logits_bytes": 1191785984, "dense_rows": 7844, "distillation_only": false, "elapsed_s": 0.032508714008145034, "element_size": 2, "entropy_from_logits_chunk_size": 2048, "entropy_from_logits_with_chunking": false, "event_id": 186, "logits_dtype": "torch.bfloat16", "logits_saved_bytes": 542107648, "peak_allocated_bytes": 30116709376, "peak_increment_bytes": 3901341184, "pipeline_parallel_size": 2, "projected_rows": 4276, "rank": 6, "response_only_enabled": true, "role": "actor", "selected_rows": 4276, "tensor_parallel_size": 2, "vocab_shard": 75968}
[36m(WorkerDict pid=224932)[0m WARNING:2026-09-11 13:45:56,674:VERL_RESPONSE_ONLY_LM_HEAD_PROFILE {"active_ratio": 0.4992350841407445, "actual_logits_bytes": 594981376, "allocated_before_bytes": 26247624704, "backend": "unfused", "calculate_entropy": true, "calculate_sum_pi_squared": false, "context_parallel_size": 2, "data_format": "thd", "dense_logits_bytes": 1191785984, "dense_rows": 7844, "distillation_only": false, "elapsed_s": 0.029954283963888884, "element_size": 2, "entropy_from_logits_chunk_size": 2048, "entropy_from_logits_with_chunking": false, "event_id": 187, "logits_dtype": "torch.bfloat16", "logits_saved_bytes": 596804608, "peak_allocated_bytes": 29817817600, "peak_increment_bytes": 3570192896, "pipeline_parallel_size": 2, "projected_rows": 3916, "rank": 5, "response_only_enabled": true, "role": "actor", "selected_rows": 3916, "tensor_parallel_size": 2, "vocab_shard": 75968}
[36m(WorkerDict pid=224934)[0m WARNING:2026-09-11 13:45:56,677:VERL_RESPONSE_ONLY_LM_HEAD_PROFILE {"active_ratio": 0.5451300356960734, "actual_logits_bytes": 649678336, "allocated_before_bytes": 26247624704, "backend": "unfused", "calculate_entropy": true, "calculate_sum_pi_squared": false, "context_parallel_size": 2, "data_format": "thd", "dense_logits_bytes": 1191785984, "dense_rows": 7844, "distillation_only": false, "elapsed_s": 0.03257035405840725, "element_size": 2, "entropy_from_logits_chunk_size": 2048, "entropy_from_logits_with_chunking": false, "event_id": 187, "logits_dtype": "torch.bfloat16", "logits_saved_bytes": 542107648, "peak_allocated_bytes": 30148965888, "peak_increment_bytes": 3901341184, "pipeline_parallel_size": 2, "projected_rows": 4276, "rank": 7, "response_only_enabled": true, "role": "actor", "selected_rows": 4276, "tensor_parallel_size": 2, "vocab_shard": 75968}
[36m(WorkerDict pid=224933)[0m WARNING:2026-09-11 13:45:56,677:VERL_RESPONSE_ONLY_LM_HEAD_PROFILE {"active_ratio": 0.5451300356960734, "actual_logits_bytes": 649678336, "allocated_before_bytes": 26247624704, "backend": "unfused", "calculate_entropy": true, "calculate_sum_pi_squared": false, "context_parallel_size": 2, "data_format": "thd", "dense_logits_bytes": 1191785984, "dense_rows": 7844, "distillation_only": false, "elapsed_s": 0.032410613959655166, "element_size": 2, "entropy_from_logits_chunk_size": 2048, "entropy_from_logits_with_chunking": false, "event_id": 187, "logits_dtype": "torch.bfloat16", "logits_saved_bytes": 542107648, "peak_allocated_bytes": 30148965888, "peak_increment_bytes": 3901341184, "pipeline_parallel_size": 2, "projected_rows": 4276, "rank": 6, "response_only_enabled": true, "role": "actor", "selected_rows": 4276, "tensor_parallel_size": 2, "vocab_shard": 75968}
[36m(WorkerDict pid=224932)[0m WARNING:2026-09-11 13:45:58,641:VERL_RESPONSE_ONLY_LM_HEAD_PROFILE {"active_ratio": 0.4992350841407445, "actual_logits_bytes": 594981376, "allocated_before_bytes": 26150854656, "backend": "unfused", "calculate_entropy": true, "calculate_sum_pi_squared": false, "context_parallel_size": 2, "data_format": "thd", "dense_logits_bytes": 1191785984, "dense_rows": 7844, "distillation_only": false, "elapsed_s": 0.02986737305764109, "element_size": 2, "entropy_from_logits_chunk_size": 2048, "entropy_from_logits_with_chunking": false, "event_id": 188, "logits_dtype": "torch.bfloat16", "logits_saved_bytes": 596804608, "peak_allocated_bytes": 29721047552, "peak_increment_bytes": 3570192896, "pipeline_parallel_size": 2, "projected_rows": 3916, "rank": 5, "response_only_enabled": true, "role": "actor", "selected_rows": 3916, "tensor_parallel_size": 2, "vocab_shard": 75968}
[36m(WorkerDict pid=224934)[0m WARNING:2026-09-11 13:45:58,643:VERL_RESPONSE_ONLY_LM_HEAD_PROFILE {"active_ratio": 0.5451300356960734, "actual_logits_bytes": 649678336, "allocated_before_bytes": 26150854656, "backend": "unfused", "calculate_entropy": true, "calculate_sum_pi_squared": false, "context_parallel_size": 2, "data_format": "thd", "dense_logits_bytes": 1191785984, "dense_rows": 7844, "distillation_only": false, "elapsed_s": 0.03224887396208942, "element_size": 2, "entropy_from_logits_chunk_size": 2048, "entropy_from_logits_with_chunking": false, "event_id": 188, "logits_dtype": "torch.bfloat16", "logits_saved_bytes": 542107648, "peak_allocated_bytes": 30052195840, "peak_increment_bytes": 3901341184, "pipeline_parallel_size": 2, "projected_rows": 4276, "rank": 7, "response_only_enabled": true, "role": "actor", "selected_rows": 4276, "tensor_parallel_size": 2, "vocab_shard": 75968}
[36m(WorkerDict pid=224933)[0m WARNING:2026-09-11 13:45:58,643:VERL_RESPONSE_ONLY_LM_HEAD_PROFILE {"active_ratio": 0.5451300356960734, "actual_logits_bytes": 649678336, "allocated_before_bytes": 26150854656, "backend": "unfused", "calculate_entropy": true, "calculate_sum_pi_squared": false, "context_parallel_size": 2, "data_format": "thd", "dense_logits_bytes": 1191785984, "dense_rows": 7844, "distillation_only": false, "elapsed_s": 0.032243544002994895, "element_size": 2, "entropy_from_logits_chunk_size": 2048, "entropy_from_logits_with_chunking": false, "event_id": 188, "logits_dtype": "torch.bfloat16", "logits_saved_bytes": 542107648, "peak_allocated_bytes": 30052195840, "peak_increment_bytes": 3901341184, "pipeline_parallel_size": 2, "projected_rows": 4276, "rank": 6, "response_only_enabled": true, "role": "actor", "selected_rows": 4276, "tensor_parallel_size": 2, "vocab_shard": 75968}
[36m(WorkerDict pid=224932)[0m WARNING:2026-09-11 13:45:59,603:VERL_RESPONSE_ONLY_LM_HEAD_PROFILE {"active_ratio": 0.4992350841407445, "actual_logits_bytes": 594981376, "allocated_before_bytes": 26183111680, "backend": "unfused", "calculate_entropy": true, "calculate_sum_pi_squared": false, "context_parallel_size": 2, "data_format": "thd", "dense_logits_bytes": 1191785984, "dense_rows": 7844, "distillation_only": false, "elapsed_s": 0.029793313005939126, "element_size": 2, "entropy_from_logits_chunk_size": 2048, "entropy_from_logits_with_chunking": false, "event_id": 189, "logits_dtype": "torch.bfloat16", "logits_saved_bytes": 596804608, "peak_allocated_bytes": 29753304576, "peak_increment_bytes": 3570192896, "pipeline_parallel_size": 2, "projected_rows": 3916, "rank": 5, "response_only_enabled": true, "role": "actor", "selected_rows": 3916, "tensor_parallel_size": 2, "vocab_shard": 75968}
[36m(WorkerDict pid=224934)[0m WARNING:2026-09-11 13:45:59,605:VERL_RESPONSE_ONLY_LM_HEAD_PROFILE {"active_ratio": 0.5451300356960734, "actual_logits_bytes": 649678336, "allocated_before_bytes": 26183111680, "backend": "unfused", "calculate_entropy": true, "calculate_sum_pi_squared": false, "context_parallel_size": 2, "data_format": "thd", "dense_logits_bytes": 1191785984, "dense_rows": 7844, "distillation_only": false, "elapsed_s": 0.032256513950414956, "element_size": 2, "entropy_from_logits_chunk_size": 2048, "entropy_from_logits_with_chunking": false, "event_id": 189, "logits_dtype": "torch.bfloat16", "logits_saved_bytes": 542107648, "peak_allocated_bytes": 30084452864, "peak_increment_bytes": 3901341184, "pipeline_parallel_size": 2, "projected_rows": 4276, "rank": 7, "response_only_enabled": true, "role": "actor", "selected_rows": 4276, "tensor_parallel_size": 2, "vocab_shard": 75968}
[36m(WorkerDict pid=224933)[0m WARNING:2026-09-11 13:45:59,605:VERL_RESPONSE_ONLY_LM_HEAD_PROFILE {"active_ratio": 0.5451300356960734, "actual_logits_bytes": 649678336, "allocated_before_bytes": 26183111680, "backend": "unfused", "calculate_entropy": true, "calculate_sum_pi_squared": false, "context_parallel_size": 2, "data_format": "thd", "dense_logits_bytes": 1191785984, "dense_rows": 7844, "distillation_only": false, "elapsed_s": 0.03216270392294973, "element_size": 2, "entropy_from_logits_chunk_size": 2048, "entropy_from_logits_with_chunking": false, "event_id": 189, "logits_dtype": "torch.bfloat16", "logits_saved_bytes": 542107648, "peak_allocated_bytes": 30084452864, "peak_increment_bytes": 3901341184, "pipeline_parallel_size": 2, "projected_rows": 4276, "rank": 6, "response_only_enabled": true, "role": "actor", "selected_rows": 4276, "tensor_parallel_size": 2, "vocab_shard": 75968}
[36m(WorkerDict pid=224932)[0m WARNING:2026-09-11 13:46:00,571:VERL_RESPONSE_ONLY_LM_HEAD_PROFILE {"active_ratio": 0.4992350841407445, "actual_logits_bytes": 594981376, "allocated_before_bytes": 26215368192, "backend": "unfused", "calculate_entropy": true, "calculate_sum_pi_squared": false, "context_parallel_size": 2, "data_format": "thd", "dense_logits_bytes": 1191785984, "dense_rows": 7844, "distillation_only": false, "elapsed_s": 0.03006097301840782, "element_size": 2, "entropy_from_logits_chunk_size": 2048, "entropy_from_logits_with_chunking": false, "event_id": 190, "logits_dtype": "torch.bfloat16", "logits_saved_bytes": 596804608, "peak_allocated_bytes": 29785561088, "peak_increment_bytes": 3570192896, "pipeline_parallel_size": 2, "projected_rows": 3916, "rank": 5, "response_only_enabled": true, "role": "actor", "selected_rows": 3916, "tensor_parallel_size": 2, "vocab_shard": 75968}
[36m(WorkerDict pid=224934)[0m WARNING:2026-09-11 13:46:00,573:VERL_RESPONSE_ONLY_LM_HEAD_PROFILE {"active_ratio": 0.5451300356960734, "actual_logits_bytes": 649678336, "allocated_before_bytes": 26215368192, "backend": "unfused", "calculate_entropy": true, "calculate_sum_pi_squared": false, "context_parallel_size": 2, "data_format": "thd", "dense_logits_bytes": 1191785984, "dense_rows": 7844, "distillation_only": false, "elapsed_s": 0.032525614951737225, "element_size": 2, "entropy_from_logits_chunk_size": 2048, "entropy_from_logits_with_chunking": false, "event_id": 190, "logits_dtype": "torch.bfloat16", "logits_saved_bytes": 542107648, "peak_allocated_bytes": 30116709376, "peak_increment_bytes": 3901341184, "pipeline_parallel_size": 2, "projected_rows": 4276, "rank": 7, "response_only_enabled": true, "role": "actor", "selected_rows": 4276, "tensor_parallel_size": 2, "vocab_shard": 75968}
[36m(WorkerDict pid=224933)[0m WARNING:2026-09-11 13:46:00,573:VERL_RESPONSE_ONLY_LM_HEAD_PROFILE {"active_ratio": 0.5451300356960734, "actual_logits_bytes": 649678336, "allocated_before_bytes": 26215368192, "backend": "unfused", "calculate_entropy": true, "calculate_sum_pi_squared": false, "context_parallel_size": 2, "data_format": "thd", "dense_logits_bytes": 1191785984, "dense_rows": 7844, "distillation_only": false, "elapsed_s": 0.032469284953549504, "element_size": 2, "entropy_from_logits_chunk_size": 2048, "entropy_from_logits_with_chunking": false, "event_id": 190, "logits_dtype": "torch.bfloat16", "logits_saved_bytes": 542107648, "peak_allocated_bytes": 30116709376, "peak_increment_bytes": 3901341184, "pipeline_parallel_size": 2, "projected_rows": 4276, "rank": 6, "response_only_enabled": true, "role": "actor", "selected_rows": 4276, "tensor_parallel_size": 2, "vocab_shard": 75968}
[36m(WorkerDict pid=224932)[0m WARNING:2026-09-11 13:46:01,533:VERL_RESPONSE_ONLY_LM_HEAD_PROFILE {"active_ratio": 0.4992350841407445, "actual_logits_bytes": 594981376, "allocated_before_bytes": 26247624704, "backend": "unfused", "calculate_entropy": true, "calculate_sum_pi_squared": false, "context_parallel_size": 2, "data_format": "thd", "dense_logits_bytes": 1191785984, "dense_rows": 7844, "distillation_only": false, "elapsed_s": 0.030027552973479033, "element_size": 2, "entropy_from_logits_chunk_size": 2048, "entropy_from_logits_with_chunking": false, "event_id": 191, "logits_dtype": "torch.bfloat16", "logits_saved_bytes": 596804608, "peak_allocated_bytes": 29817817600, "peak_increment_bytes": 3570192896, "pipeline_parallel_size": 2, "projected_rows": 3916, "rank": 5, "response_only_enabled": true, "role": "actor", "selected_rows": 3916, "tensor_parallel_size": 2, "vocab_shard": 75968}
[36m(WorkerDict pid=224934)[0m WARNING:2026-09-11 13:46:01,535:VERL_RESPONSE_ONLY_LM_HEAD_PROFILE {"active_ratio": 0.5451300356960734, "actual_logits_bytes": 649678336, "allocated_before_bytes": 26247624704, "backend": "unfused", "calculate_entropy": true, "calculate_sum_pi_squared": false, "context_parallel_size": 2, "data_format": "thd", "dense_logits_bytes": 1191785984, "dense_rows": 7844, "distillation_only": false, "elapsed_s": 0.03249971498735249, "element_size": 2, "entropy_from_logits_chunk_size": 2048, "entropy_from_logits_with_chunking": false, "event_id": 191, "logits_dtype": "torch.bfloat16", "logits_saved_bytes": 542107648, "peak_allocated_bytes": 30148965888, "peak_increment_bytes": 3901341184, "pipeline_parallel_size": 2, "projected_rows": 4276, "rank": 7, "response_only_enabled": true, "role": "actor", "selected_rows": 4276, "tensor_parallel_size": 2, "vocab_shard": 75968}
[36m(WorkerDict pid=224933)[0m WARNING:2026-09-11 13:46:01,535:VERL_RESPONSE_ONLY_LM_HEAD_PROFILE {"active_ratio": 0.5451300356960734, "actual_logits_bytes": 649678336, "allocated_before_bytes": 26247624704, "backend": "unfused", "calculate_entropy": true, "calculate_sum_pi_squared": false, "context_parallel_size": 2, "data_format": "thd", "dense_logits_bytes": 1191785984, "dense_rows": 7844, "distillation_only": false, "elapsed_s": 0.032390484935604036, "element_size": 2, "entropy_from_logits_chunk_size": 2048, "entropy_from_logits_with_chunking": false, "event_id": 191, "logits_dtype": "torch.bfloat16", "logits_saved_bytes": 542107648, "peak_allocated_bytes": 30148965888, "peak_increment_bytes": 3901341184, "pipeline_parallel_size": 2, "projected_rows": 4276, "rank": 6, "response_only_enabled": true, "role": "actor", "selected_rows": 4276, "tensor_parallel_size": 2, "vocab_shard": 75968}
[36m(vLLMHttpServer pid=228478)[0m (EngineCore pid=229070) WARNING 09-11 13:46:09 [scheduler.py:1948] reset_connector called but no KV connector is configured.
[36m(vLLMHttpServer pid=228479)[0m (EngineCore pid=229094) WARNING 09-11 13:46:09 [scheduler.py:1948] reset_connector called but no KV connector is configured.
[36m(WorkerDict pid=224927)[0m Converting to HuggingFace ━━━━━━━━━━━━━━━━━━━━━━━━━━━━━━━━━━━━━━━━ 100% 0:00:00 (291/291) Qwen3Bridge
[36m(vLLMHttpServer pid=228478)[0m (EngineCore pid=229070) WARNING 09-11 13:46:11 [scheduler.py:1948] reset_connector called but no KV connector is configured.
[36m(vLLMHttpServer pid=228479)[0m (EngineCore pid=229094) WARNING 09-11 13:46:11 [scheduler.py:1948] reset_connector called but no KV connector is configured.
[36m(vLLMHttpServer pid=228478)[0m (EngineCore pid=229070) WARNING 09-11 13:46:12 [scheduler.py:1948] reset_connector called but no KV connector is configured.
[36m(TaskRunnerV1 pid=223685)[0m Training Progress: 100%|██████████| 4/4 [04:45<00:00, 63.95s/it]Training Progress: 100%|██████████| 4/4 [04:45<00:00, 71.44s/it]
[36m(TaskRunnerV1 pid=223685)[0m step:4 - global_seqlen/min:253200.0 - global_seqlen/max:253200.0 - global_seqlen/minmax_diff:0.0 - global_seqlen/balanced_min:253200.0 - global_seqlen/balanced_max:253200.0 - global_seqlen/mean:253200.0 - actor/entropy:0.0050626820884644985 - training/rollout_probs_diff_valid:1.0 - training/rollout_probs_diff_max:0.12435322999954224 - training/rollout_probs_diff_mean:0.00028406083583831787 - training/rollout_probs_diff_std:0.002823538612574339 - training/rollout_actor_probs_pearson_corr:0.9966214895248413 - rollout_corr/training_ppl:1.003782033920288 - rollout_corr/training_log_ppl:0.00377298379316926 - rollout_corr/kl:0.0002633113181218505 - rollout_corr/k3_kl:1.2994560165680014e-05 - rollout_corr/rollout_ppl:1.0035176277160645 - rollout_corr/rollout_log_ppl:0.0035096723586320877 - rollout_corr/log_ppl_diff:0.0002633110561873764 - rollout_corr/log_ppl_abs_diff:0.0002633110561873764 - rollout_corr/log_ppl_diff_max:0.0004999213851988316 - rollout_corr/log_ppl_diff_min:0.00012037099804729223 - rollout_corr/ppl_ratio:1.0002633333206177 - rollout_corr/chi2_token:-0.00047522783279418945 - rollout_corr/chi2_seq:-0.9691571593284607 - actor/pg_clipfrac:0.0 - actor/ppo_kl:0.0 - actor/pg_clipfrac_lower:0.0 - actor/pg_loss:5.724141374230385e-07 - actor/entropy_loss:0.005062682583229616 - actor/kl_loss:0.0 - actor/kl_coef:0.001 - actor/loss:-4.481524229049683e-06 - actor/grad_norm:0.10170156694948673 - actor/perf/max_memory_allocated_gb:27.918736934661865 - actor/perf/max_memory_reserved_gb:29.03125 - actor/perf/cpu_memory_used_gb:286.71961402893066 - actor/lr:0.0 - perf/mfu/actor:0.320629925158747 - training/global_step:4 - training/epoch:1 - critic/score/mean:0.9782751798629761 - critic/score/max:0.9968963861465454 - critic/score/min:0.9508408308029175 - critic/rewards/mean:0.9782751798629761 - critic/rewards/max:0.9968963861465454 - critic/rewards/min:0.9508408308029175 - critic/advantages/mean:-6.109476089477539e-07 - critic/advantages/max:1.3366742134094238 - critic/advantages/min:-1.3960033655166626 - critic/returns/mean:-6.109476089477539e-07 - critic/returns/max:1.3366742134094238 - critic/returns/min:-1.3960033655166626 - response_length/mean:8192.0 - response_length/max:8192.0 - response_length/min:8192.0 - response_length/clip_ratio:1.0 - response_length_non_aborted/mean:8192.0 - response_length_non_aborted/max:8192.0 - response_length_non_aborted/min:8192.0 - response_length_non_aborted/clip_ratio:1.0 - response/aborted_ratio:0.0 - prompt_length/mean:7633.0 - prompt_length/max:8068.0 - prompt_length/min:7482.0 - prompt_length/clip_ratio:0.25 - timing_s/gen:1.8057060269638896 - timing_s/old_log_prob:8.244834974990226 - timing_s/ref:10.343313093995675 - timing_s/adv:0.12347201502416283 - timing_s/update_actor:29.36601206799969 - timing_s/update_weights:5.128357591922395 - timing_s/step:55.174476685002446 - timing_per_token_ms/update_actor:0.11597951053712358 - timing_per_token_ms/ref:0.040850367669809144 - timing_per_token_ms/adv:0.0004876461888790001 - timing_per_token_ms/gen:0.013776443687163464 - perf/total_num_tokens:253200 - perf/time_per_step:55.174476685002446 - perf/throughput:573.6348018431341 - training/num_turns/mean:np.float64(2.0) - training/num_turns/max:np.int64(2) - training/num_turns/min:np.int64(2) - training/off_policy/trajectory_spans/mean:np.float64(1.0) - training/off_policy/trajectory_spans/max:np.int64(1) - training/off_policy/trajectory_spans/min:np.int64(1) - training/off_policy/trajectory_staleness/mean:np.float64(-1.0) - training/off_policy/trajectory_staleness/max:np.int64(-1) - training/off_policy/trajectory_staleness/min:np.int64(-1) - training/off_policy/trajectory_staleness_worst/mean:np.float64(-1.0) - training/off_policy/trajectory_staleness_worst/max:np.int64(-1) - training/off_policy/trajectory_staleness_worst/min:np.int64(-1)
[36m(TaskRunnerV1 pid=223685)[0m 'Final validation metrics: None'
[36m(vLLMHttpServer pid=228479)[0m (EngineCore pid=229094) WARNING 09-11 13:46:13 [scheduler.py:1948] reset_connector called but no KV connector is configured.
