+ export CUDA_DEVICE_MAX_CONNECTIONS=1
+ CUDA_DEVICE_MAX_CONNECTIONS=1
+ INFER_BACKEND=vllm
+ MODEL_PATH=/home/p00938733/Qwen3-8B
+ NNODES=1
+ NGPUS_PER_NODE=8
+ train_batch_size=1024
+ ppo_mini_batch_size=256
+ max_prompt_length=8448
+ max_response_length=8192
+ ppo_max_token_len_per_gpu=49152
+ actor_lr=1e-6
+ kl_loss_coef=0.001
+ entropy_coeff=0
+ actor_tp=2
+ actor_pp=2
+ rollout_tp=2
+ rollout_gpu_mem_util=0.6
+ rollout_n=5
+ total_epochs=15
+ save_freq=20
+ test_freq=5
+ project_name=verl_grpo_gsm8k_math
+ experiment_name=qwen3_8b_vllm_megatron
+ DATA=(algorithm.adv_estimator=grpo algorithm.use_kl_in_reward=False data.train_files="['$HOME/data/gsm8k/train.parquet', '$HOME/data/math/train.parquet']" data.val_files="['$HOME/data/gsm8k/test.parquet', '$HOME/data/math/test.parquet']" data.train_batch_size=${train_batch_size} data.max_prompt_length=${max_prompt_length} data.max_response_length=${max_response_length} data.filter_overlong_prompts=True data.truncation='error')
+ MODEL=(actor_rollout_ref.model.path="$MODEL_PATH" actor_rollout_ref.model.use_remove_padding=True)
+ ACTOR=(actor_rollout_ref.actor.optim.lr=${actor_lr} actor_rollout_ref.actor.ppo_mini_batch_size=${ppo_mini_batch_size} actor_rollout_ref.actor.use_dynamic_bsz=True actor_rollout_ref.actor.ppo_max_token_len_per_gpu=${ppo_max_token_len_per_gpu} actor_rollout_ref.actor.use_kl_loss=True actor_rollout_ref.actor.kl_loss_coef=${kl_loss_coef} actor_rollout_ref.actor.kl_loss_type=low_var_kl actor_rollout_ref.actor.entropy_coeff=${entropy_coeff} actor_rollout_ref.actor.megatron.tensor_model_parallel_size=${actor_tp} actor_rollout_ref.actor.megatron.pipeline_model_parallel_size=${actor_pp})
+ ROLLOUT=(actor_rollout_ref.rollout.name=${INFER_BACKEND} actor_rollout_ref.rollout.tensor_model_parallel_size=${rollout_tp} actor_rollout_ref.rollout.gpu_memory_utilization=${rollout_gpu_mem_util} actor_rollout_ref.rollout.n=${rollout_n} actor_rollout_ref.rollout.log_prob_use_dynamic_bsz=True actor_rollout_ref.rollout.log_prob_max_token_len_per_gpu=${ppo_max_token_len_per_gpu})
+ REF=(actor_rollout_ref.ref.log_prob_use_dynamic_bsz=True actor_rollout_ref.ref.log_prob_max_token_len_per_gpu=${ppo_max_token_len_per_gpu} actor_rollout_ref.ref.megatron.tensor_model_parallel_size=${actor_tp} actor_rollout_ref.ref.megatron.pipeline_model_parallel_size=${actor_pp})
+ TRAINER=(trainer.balance_batch=True trainer.logger='["console","wandb"]' trainer.project_name=${project_name} trainer.experiment_name=${experiment_name} trainer.n_gpus_per_node=${NGPUS_PER_NODE} trainer.nnodes=${NNODES} trainer.save_freq=${save_freq} trainer.test_freq=${test_freq} trainer.total_epochs=${total_epochs})
+ EXTRA=(model_engine=megatron)
+ LAUNCH=(python3)
+ RAY=(ray_kwargs.ray_init.runtime_env.py_executable=null)
+ '[' 0 '!=' 0 ']'
+ python3 -m verl.trainer.main_ppo algorithm.adv_estimator=grpo algorithm.use_kl_in_reward=False 'data.train_files=['\''/root/data/gsm8k/train.parquet'\'', '\''/root/data/math/train.parquet'\'']' 'data.val_files=['\''/root/data/gsm8k/test.parquet'\'', '\''/root/data/math/test.parquet'\'']' data.train_batch_size=1024 data.max_prompt_length=8448 data.max_response_length=8192 data.filter_overlong_prompts=True data.truncation=error actor_rollout_ref.model.path=/home/p00938733/Qwen3-8B actor_rollout_ref.model.use_remove_padding=True actor_rollout_ref.actor.optim.lr=1e-6 actor_rollout_ref.actor.ppo_mini_batch_size=256 actor_rollout_ref.actor.use_dynamic_bsz=True actor_rollout_ref.actor.ppo_max_token_len_per_gpu=49152 actor_rollout_ref.actor.use_kl_loss=True actor_rollout_ref.actor.kl_loss_coef=0.001 actor_rollout_ref.actor.kl_loss_type=low_var_kl actor_rollout_ref.actor.entropy_coeff=0 actor_rollout_ref.actor.megatron.tensor_model_parallel_size=2 actor_rollout_ref.actor.megatron.pipeline_model_parallel_size=2 actor_rollout_ref.rollout.name=vllm actor_rollout_ref.rollout.tensor_model_parallel_size=2 actor_rollout_ref.rollout.gpu_memory_utilization=0.6 actor_rollout_ref.rollout.n=5 actor_rollout_ref.rollout.log_prob_use_dynamic_bsz=True actor_rollout_ref.rollout.log_prob_max_token_len_per_gpu=49152 actor_rollout_ref.ref.log_prob_use_dynamic_bsz=True actor_rollout_ref.ref.log_prob_max_token_len_per_gpu=49152 actor_rollout_ref.ref.megatron.tensor_model_parallel_size=2 actor_rollout_ref.ref.megatron.pipeline_model_parallel_size=2 trainer.balance_batch=True 'trainer.logger=["console","wandb"]' trainer.project_name=verl_grpo_gsm8k_math trainer.experiment_name=qwen3_8b_vllm_megatron trainer.n_gpus_per_node=8 trainer.nnodes=1 trainer.save_freq=20 trainer.test_freq=5 trainer.total_epochs=15 model_engine=megatron ray_kwargs.ray_init.runtime_env.py_executable=null actor_rollout_ref.model.path=/home/p00938733/Qwen3-8B data.train_files=/home/p00938733/ruler-verl/8k8k/train.parquet data.val_files=/home/p00938733/ruler-verl/8k8k/test.parquet data.max_prompt_length=8448 data.max_response_length=8192 data.train_batch_size=4 data.gen_batch_size=4 data.shuffle=false data.seed=42 actor_rollout_ref.model.use_remove_padding=true actor_rollout_ref.actor.megatron.vanilla_mbridge=false actor_rollout_ref.actor.megatron.use_remove_padding=true actor_rollout_ref.actor.megatron.sequence_parallel=true actor_rollout_ref.actor.megatron.tensor_model_parallel_size=2 actor_rollout_ref.actor.megatron.pipeline_model_parallel_size=2 actor_rollout_ref.actor.megatron.context_parallel_size=2 actor_rollout_ref.ref.megatron.sequence_parallel=true actor_rollout_ref.ref.megatron.tensor_model_parallel_size=2 actor_rollout_ref.ref.megatron.pipeline_model_parallel_size=2 actor_rollout_ref.ref.megatron.context_parallel_size=2 actor_rollout_ref.actor.megatron.param_offload=true actor_rollout_ref.actor.megatron.optimizer_offload=true actor_rollout_ref.ref.megatron.param_offload=true actor_rollout_ref.actor.ppo_mini_batch_size=1 actor_rollout_ref.actor.data_loader_seed=42 actor_rollout_ref.actor.optim.lr=0.0 actor_rollout_ref.actor.calculate_entropy=true actor_rollout_ref.actor.entropy_coeff=0.001 actor_rollout_ref.rollout.n=4 actor_rollout_ref.rollout.seed=42 actor_rollout_ref.rollout.tensor_model_parallel_size=4 actor_rollout_ref.rollout.gpu_memory_utilization=0.5 actor_rollout_ref.rollout.ignore_eos=true actor_rollout_ref.rollout.max_model_len=16640 trainer.use_v1=true trainer.v1.trainer_mode=sync trainer.total_training_steps=4 trainer.resume_mode=disable trainer.val_before_train=false trainer.n_gpus_per_node=8 trainer.nnodes=1 'trainer.logger=["console"]' trainer.project_name=rlmh_combinations_a100 trainer.experiment_name=rlmh_combinations_a100 trainer.save_freq=-1 trainer.test_freq=-1 skip.rollout.enable=false skip.rollout_tq.enable=true skip.rollout_tq.dump_dir=/home/p00938733/rlmh-cache/8k8k-recompute-20260911-131445 'skip.rollout_tq.steps=[1,2,3,4]' skip.rollout_tq.action=cache data.filter_overlong_prompts=false data.truncation=error data.dataloader_num_workers=0 +data.apply_chat_template_kwargs.enable_thinking=false reward.custom_reward_function.path=/home/p00938733/ruler-verl/ruler_niah_reward.py reward.custom_reward_function.name=compute_score actor_rollout_ref.rollout.temperature=1.0 actor_rollout_ref.rollout.top_p=0.95 actor_rollout_ref.rollout.max_num_batched_tokens=65536 actor_rollout_ref.rollout.max_model_len=16640 actor_rollout_ref.rollout.ignore_eos=true actor_rollout_ref.actor.megatron.override_transformer_config.recompute_granularity=full actor_rollout_ref.actor.megatron.override_transformer_config.recompute_method=uniform actor_rollout_ref.actor.megatron.override_transformer_config.recompute_num_layers=1 actor_rollout_ref.actor.use_dynamic_bsz=false actor_rollout_ref.actor.ppo_micro_batch_size_per_gpu=1 actor_rollout_ref.rollout.log_prob_use_dynamic_bsz=false actor_rollout_ref.rollout.log_prob_micro_batch_size_per_gpu=1 actor_rollout_ref.ref.log_prob_use_dynamic_bsz=false actor_rollout_ref.ref.log_prob_micro_batch_size_per_gpu=1 '+ray_kwargs.ray_init.runtime_env.env_vars.VERL_RESPONSE_ONLY_LM_HEAD_PROFILE="1"' actor_rollout_ref.model.use_fused_kernels=true actor_rollout_ref.actor.megatron.response_only_lm_head=true actor_rollout_ref.ref.megatron.response_only_lm_head=true
/home/p00938733/verl-090/verl/trainer/main_ppo.py:180: UserWarning: Disabled critic as algorithm.adv_estimator != gae. If it is not intended, please set critic.enable=True
  use_critic=need_critic(config),
[validate_config] All configuration checks passed successfully!
ray init kwargs: {'num_cpus': None, 'runtime_env': {'env_vars': {'NCCL_DEBUG': 'WARN', 'VLLM_LOGGING_LEVEL': 'WARN', 'VLLM_ALLOW_RUNTIME_LORA_UPDATING': 'true', 'VLLM_DISABLE_COMPILE_CACHE': '1', 'HCCL_HOST_SOCKET_PORT_RANGE': 'auto', 'HCCL_NPU_SOCKET_PORT_RANGE': 'auto', 'HSA_NO_SCRATCH_RECLAIM': '1', 'VERL_FULL_DETERMINISM': '0', 'VLLM_BATCH_INVARIANT': '0', 'VERL_RL_INSIGHT_ENABLE': '0', 'VERL_RESPONSE_ONLY_LM_HEAD_PROFILE': '1'}, 'working_dir': None, 'py_executable': None}}
2026-09-11 13:56:42,019	INFO worker.py:1814 -- Connecting to existing Ray cluster at address: 10.90.67.85:6389...
2026-09-11 13:56:42,043	INFO worker.py:2003 -- Connected to Ray cluster. View the dashboard at [1m[32mhttp://10.90.67.85:8265 [39m[22m
/opt/dev/lib/python3.12/site-packages/ray/_private/worker.py:2051: FutureWarning: Tip: In future versions of Ray, Ray will no longer override accelerator visible devices env var if num_gpus=0 or num_gpus=None (default). To enable this behavior and turn off this error message, set RAY_ACCEL_ENV_VAR_OVERRIDE_ON_ZERO=0
  warnings.warn(
[36m(TaskRunnerV1 pid=262098)[0m WARNING:2026-09-11 13:56:53,715:Platform 'nvidia' (PlatformCUDA) is registered but not available. This may be due to this ray actor being a CPU-only actor.
[36m(TaskRunnerV1 pid=262098)[0m /home/p00938733/verl-090/verl/workers/engine/__init__.py:32: UserWarning: torchtitan engine is not available: ModuleNotFoundError("No module named 'torchtitan'")
[36m(TaskRunnerV1 pid=262098)[0m   warnings.warn(f"torchtitan engine is not available: {e!r}", stacklevel=1)
[36m(TaskRunnerV1 pid=262098)[0m /home/p00938733/verl-090/verl/workers/engine/__init__.py:41: UserWarning: veomni engine is not available: ModuleNotFoundError("No module named 'veomni'")
[36m(TaskRunnerV1 pid=262098)[0m   warnings.warn(f"veomni engine is not available: {e!r}", stacklevel=1)
[36m(TaskRunnerV1 pid=262098)[0m /home/p00938733/verl-090/verl/workers/engine/__init__.py:50: UserWarning: automodel engine is not available: ModuleNotFoundError("No module named 'nemo_automodel'")
[36m(TaskRunnerV1 pid=262098)[0m   warnings.warn(f"automodel engine is not available: {e!r}", stacklevel=1)
[36m(TaskRunnerV1 pid=262098)[0m W0911 13:56:58.032000 262098 torch/utils/cpp_extension.py:140] No CUDA runtime is found, using CUDA_HOME='/usr/local/cuda'
[36m(TaskRunnerV1 pid=262098)[0m {'actor_rollout_ref': {'actor': {'_target_': 'verl.workers.config.McoreActorConfig',
[36m(TaskRunnerV1 pid=262098)[0m                                  'calculate_entropy': True,
[36m(TaskRunnerV1 pid=262098)[0m                                  'calculate_sum_pi_squared': False,
[36m(TaskRunnerV1 pid=262098)[0m                                  'checkpoint': {'_target_': 'verl.workers.config.McoreCheckpointConfig',
[36m(TaskRunnerV1 pid=262098)[0m                                                 'async_save': False,
[36m(TaskRunnerV1 pid=262098)[0m                                                 'load_contents': ['model',
[36m(TaskRunnerV1 pid=262098)[0m                                                                   'optimizer',
[36m(TaskRunnerV1 pid=262098)[0m                                                                   'extra'],
[36m(TaskRunnerV1 pid=262098)[0m                                                 'mbridge_config': {},
[36m(TaskRunnerV1 pid=262098)[0m                                                 'save_contents': ['model',
[36m(TaskRunnerV1 pid=262098)[0m                                                                   'optimizer',
[36m(TaskRunnerV1 pid=262098)[0m                                                                   'extra'],
[36m(TaskRunnerV1 pid=262098)[0m                                                 'strict': True},
[36m(TaskRunnerV1 pid=262098)[0m                                  'clip_ratio': 0.2,
[36m(TaskRunnerV1 pid=262098)[0m                                  'clip_ratio_c': 3.0,
[36m(TaskRunnerV1 pid=262098)[0m                                  'clip_ratio_high': 0.2,
[36m(TaskRunnerV1 pid=262098)[0m                                  'clip_ratio_low': 0.2,
[36m(TaskRunnerV1 pid=262098)[0m                                  'data_loader_seed': 42,
[36m(TaskRunnerV1 pid=262098)[0m                                  'entropy_coeff': 0.001,
[36m(TaskRunnerV1 pid=262098)[0m                                  'entropy_from_logits_chunk_size': 2048,
[36m(TaskRunnerV1 pid=262098)[0m                                  'entropy_from_logits_with_chunking': False,
[36m(TaskRunnerV1 pid=262098)[0m                                  'freeze_vision_tower': False,
[36m(TaskRunnerV1 pid=262098)[0m                                  'kl_loss_coef': 0.001,
[36m(TaskRunnerV1 pid=262098)[0m                                  'kl_loss_type': 'low_var_kl',
[36m(TaskRunnerV1 pid=262098)[0m                                  'loss_agg_mode': 'token-mean',
[36m(TaskRunnerV1 pid=262098)[0m                                  'loss_scale_factor': None,
[36m(TaskRunnerV1 pid=262098)[0m                                  'megatron': {'_target_': 'verl.workers.config.McoreEngineConfig',
[36m(TaskRunnerV1 pid=262098)[0m                                               'context_parallel_size': 2,
[36m(TaskRunnerV1 pid=262098)[0m                                               'dist_checkpointing_path': None,
[36m(TaskRunnerV1 pid=262098)[0m                                               'dist_checkpointing_prefix': '',
[36m(TaskRunnerV1 pid=262098)[0m                                               'dist_ckpt_optim_fully_reshardable': False,
[36m(TaskRunnerV1 pid=262098)[0m                                               'distrib_optim_fully_reshardable_mem_efficient': False,
[36m(TaskRunnerV1 pid=262098)[0m                                               'dtype': 'bfloat16',
[36m(TaskRunnerV1 pid=262098)[0m                                               'dynamic_context_parallel': False,
[36m(TaskRunnerV1 pid=262098)[0m                                               'entropy_from_logits_chunk_size': 2048,
[36m(TaskRunnerV1 pid=262098)[0m                                               'entropy_from_logits_with_chunking': False,
[36m(TaskRunnerV1 pid=262098)[0m                                               'expert_model_parallel_size': 1,
[36m(TaskRunnerV1 pid=262098)[0m                                               'expert_tensor_parallel_size': None,
[36m(TaskRunnerV1 pid=262098)[0m                                               'forward_only': False,
[36m(TaskRunnerV1 pid=262098)[0m                                               'max_seqlen_per_dp_cp_rank': None,
[36m(TaskRunnerV1 pid=262098)[0m                                               'optimizer_offload': True,
[36m(TaskRunnerV1 pid=262098)[0m                                               'override_ddp_config': {},
[36m(TaskRunnerV1 pid=262098)[0m                                               'override_mcore_model_config': {},
[36m(TaskRunnerV1 pid=262098)[0m                                               'override_transformer_config': {'attention_backend': 'flash',
[36m(TaskRunnerV1 pid=262098)[0m                                                                               'recompute_granularity': 'full',
[36m(TaskRunnerV1 pid=262098)[0m                                                                               'recompute_method': 'uniform',
[36m(TaskRunnerV1 pid=262098)[0m                                                                               'recompute_modules': ['core_attn'],
[36m(TaskRunnerV1 pid=262098)[0m                                                                               'recompute_num_layers': 1},
[36m(TaskRunnerV1 pid=262098)[0m                                               'pad_bshd_to_minibatch_max': True,
[36m(TaskRunnerV1 pid=262098)[0m                                               'pad_to_length': False,
[36m(TaskRunnerV1 pid=262098)[0m                                               'pad_to_length_bucket': 512,
[36m(TaskRunnerV1 pid=262098)[0m                                               'param_offload': True,
[36m(TaskRunnerV1 pid=262098)[0m                                               'pipeline_model_parallel_size': 2,
[36m(TaskRunnerV1 pid=262098)[0m                                               'qat': {'_target_': 'verl.workers.config.QATEngineConfig',
[36m(TaskRunnerV1 pid=262098)[0m                                                       'activation_observer': None,
[36m(TaskRunnerV1 pid=262098)[0m                                                       'enable': False,
[36m(TaskRunnerV1 pid=262098)[0m                                                       'group_size': 16,
[36m(TaskRunnerV1 pid=262098)[0m                                                       'ignore_patterns': ['lm_head',
[36m(TaskRunnerV1 pid=262098)[0m                                                                           '*mlp.gate'],
[36m(TaskRunnerV1 pid=262098)[0m                                                       'mode': 'w4a16',
[36m(TaskRunnerV1 pid=262098)[0m                                                       'quantization_config_path': None},
[36m(TaskRunnerV1 pid=262098)[0m                                               'response_only_lm_head': True,
[36m(TaskRunnerV1 pid=262098)[0m                                               'router_replay': {'_target_': 'verl.workers.config.EngineRouterReplayConfig',
[36m(TaskRunnerV1 pid=262098)[0m                                                                 'mode': 'disabled',
[36m(TaskRunnerV1 pid=262098)[0m                                                                 'record_file': None,
[36m(TaskRunnerV1 pid=262098)[0m                                                                 'replay_file': None},
[36m(TaskRunnerV1 pid=262098)[0m                                               'seed': 42,
[36m(TaskRunnerV1 pid=262098)[0m                                               'sequence_parallel': True,
[36m(TaskRunnerV1 pid=262098)[0m                                               'tensor_model_parallel_size': 2,
[36m(TaskRunnerV1 pid=262098)[0m                                               'use_dist_checkpointing': False,
[36m(TaskRunnerV1 pid=262098)[0m                                               'use_distributed_optimizer': True,
[36m(TaskRunnerV1 pid=262098)[0m                                               'use_mbridge': True,
[36m(TaskRunnerV1 pid=262098)[0m                                               'use_megatron_fsdp': False,
[36m(TaskRunnerV1 pid=262098)[0m                                               'use_remove_padding': True,
[36m(TaskRunnerV1 pid=262098)[0m                                               'vanilla_mbridge': False,
[36m(TaskRunnerV1 pid=262098)[0m                                               'virtual_pipeline_model_parallel_size': None},
[36m(TaskRunnerV1 pid=262098)[0m                                  'optim': {'_target_': 'verl.workers.config.McoreOptimizerConfig',
[36m(TaskRunnerV1 pid=262098)[0m                                            'betas': [0.9, 0.999],
[36m(TaskRunnerV1 pid=262098)[0m                                            'clip_grad': 1.0,
[36m(TaskRunnerV1 pid=262098)[0m                                            'exp_avg_dtype': 'fp32',
[36m(TaskRunnerV1 pid=262098)[0m                                            'exp_avg_sq_dtype': 'fp32',
[36m(TaskRunnerV1 pid=262098)[0m                                            'lr': 0.0,
[36m(TaskRunnerV1 pid=262098)[0m                                            'lr_decay_steps': None,
[36m(TaskRunnerV1 pid=262098)[0m                                            'lr_decay_style': 'constant',
[36m(TaskRunnerV1 pid=262098)[0m                                            'lr_warmup_init': 0.0,
[36m(TaskRunnerV1 pid=262098)[0m                                            'lr_warmup_steps': -1,
[36m(TaskRunnerV1 pid=262098)[0m                                            'lr_warmup_steps_ratio': 0.0,
[36m(TaskRunnerV1 pid=262098)[0m                                            'lr_wsd_decay_steps': None,
[36m(TaskRunnerV1 pid=262098)[0m                                            'lr_wsd_decay_style': 'exponential',
[36m(TaskRunnerV1 pid=262098)[0m                                            'main_grads_dtype': 'fp32',
[36m(TaskRunnerV1 pid=262098)[0m                                            'min_lr': 0.0,
[36m(TaskRunnerV1 pid=262098)[0m                                            'muon_coefficient_type': 'quintic',
[36m(TaskRunnerV1 pid=262098)[0m                                            'muon_extra_scale_factor': 1.0,
[36m(TaskRunnerV1 pid=262098)[0m                                            'muon_fp32_matmul_prec': 'medium',
[36m(TaskRunnerV1 pid=262098)[0m                                            'muon_match_adamw_update_rms': False,
[36m(TaskRunnerV1 pid=262098)[0m                                            'muon_momentum': 0.95,
[36m(TaskRunnerV1 pid=262098)[0m                                            'muon_nesterov': False,
[36m(TaskRunnerV1 pid=262098)[0m                                            'muon_num_ns_steps': 5,
[36m(TaskRunnerV1 pid=262098)[0m                                            'muon_scalar_optimizer': 'adam',
[36m(TaskRunnerV1 pid=262098)[0m                                            'muon_scale_mode': 'spectral',
[36m(TaskRunnerV1 pid=262098)[0m                                            'muon_split_qkv': True,
[36m(TaskRunnerV1 pid=262098)[0m                                            'muon_tp_mode': 'blockwise',
[36m(TaskRunnerV1 pid=262098)[0m                                            'optimizer': 'adam',
[36m(TaskRunnerV1 pid=262098)[0m                                            'override_optimizer_config': {},
[36m(TaskRunnerV1 pid=262098)[0m                                            'total_training_steps': -1,
[36m(TaskRunnerV1 pid=262098)[0m                                            'use_checkpoint_opt_param_scheduler': False,
[36m(TaskRunnerV1 pid=262098)[0m                                            'use_layer_wise_distributed_optimizer': False,
[36m(TaskRunnerV1 pid=262098)[0m                                            'use_precision_aware_optimizer': False,
[36m(TaskRunnerV1 pid=262098)[0m                                            'weight_decay': 0.01,
[36m(TaskRunnerV1 pid=262098)[0m                                            'weight_decay_incr_style': 'constant'},
[36m(TaskRunnerV1 pid=262098)[0m                                  'policy_loss': {'_target_': 'verl.workers.config.PolicyLossConfig',
[36m(TaskRunnerV1 pid=262098)[0m                                                  'clip_cov_lb': 1.0,
[36m(TaskRunnerV1 pid=262098)[0m                                                  'clip_cov_ratio': 0.0002,
[36m(TaskRunnerV1 pid=262098)[0m                                                  'clip_cov_ub': 5.0,
[36m(TaskRunnerV1 pid=262098)[0m                                                  'dro_beta': None,
[36m(TaskRunnerV1 pid=262098)[0m                                                  'kl_cov_ratio': 0.0002,
[36m(TaskRunnerV1 pid=262098)[0m                                                  'loss_mode': 'vanilla',
[36m(TaskRunnerV1 pid=262098)[0m                                                  'ppo_kl_coef': 0.1},
[36m(TaskRunnerV1 pid=262098)[0m                                  'ppo_epochs': 1,
[36m(TaskRunnerV1 pid=262098)[0m                                  'ppo_max_token_len_per_gpu': 49152,
[36m(TaskRunnerV1 pid=262098)[0m                                  'ppo_micro_batch_size': None,
[36m(TaskRunnerV1 pid=262098)[0m                                  'ppo_micro_batch_size_per_gpu': 1,
[36m(TaskRunnerV1 pid=262098)[0m                                  'ppo_mini_batch_size': 1,
[36m(TaskRunnerV1 pid=262098)[0m                                  'profiler': {'_target_': 'verl.utils.profiler.ProfilerConfig',
[36m(TaskRunnerV1 pid=262098)[0m                                               'all_ranks': False,
[36m(TaskRunnerV1 pid=262098)[0m                                               'enable': False,
[36m(TaskRunnerV1 pid=262098)[0m                                               'finish_hook_all_ranks': False,
[36m(TaskRunnerV1 pid=262098)[0m                                               'finish_hook_cmd': None,
[36m(TaskRunnerV1 pid=262098)[0m                                               'finish_hook_ranks': [],
[36m(TaskRunnerV1 pid=262098)[0m                                               'ranks': [],
[36m(TaskRunnerV1 pid=262098)[0m                                               'relocate_results': False,
[36m(TaskRunnerV1 pid=262098)[0m                                               'save_path': 'outputs/profile',
[36m(TaskRunnerV1 pid=262098)[0m                                               'tool': None,
[36m(TaskRunnerV1 pid=262098)[0m                                               'tool_config': {'npu': {'_target_': 'verl.utils.profiler.config.NPUToolConfig',
[36m(TaskRunnerV1 pid=262098)[0m                                                                       'analysis': True,
[36m(TaskRunnerV1 pid=262098)[0m                                                                       'contents': [],
[36m(TaskRunnerV1 pid=262098)[0m                                                                       'discrete': False,
[36m(TaskRunnerV1 pid=262098)[0m                                                                       'level': 'level0'},
[36m(TaskRunnerV1 pid=262098)[0m                                                               'nsys': {'_target_': 'verl.utils.profiler.config.NsightToolConfig',
[36m(TaskRunnerV1 pid=262098)[0m                                                                        'discrete': False},
[36m(TaskRunnerV1 pid=262098)[0m                                                               'precision_debugger': {'_target_': 'verl.utils.profiler.config.PrecisionDebuggerToolConfig',
[36m(TaskRunnerV1 pid=262098)[0m                                                                                      'config_path': None,
[36m(TaskRunnerV1 pid=262098)[0m                                                                                      'stages': None,
[36m(TaskRunnerV1 pid=262098)[0m                                                                                      'steps': None,
[36m(TaskRunnerV1 pid=262098)[0m                                                                                      'strict': False},
[36m(TaskRunnerV1 pid=262098)[0m                                                               'torch': {'_target_': 'verl.utils.profiler.config.TorchProfilerToolConfig',
[36m(TaskRunnerV1 pid=262098)[0m                                                                         'contents': [],
[36m(TaskRunnerV1 pid=262098)[0m                                                                         'discrete': False,
[36m(TaskRunnerV1 pid=262098)[0m                                                                         'schedule': {'_target_': 'verl.utils.profiler.config.TorchProfilerScheduleConfig',
[36m(TaskRunnerV1 pid=262098)[0m                                                                                      'active': 0,
[36m(TaskRunnerV1 pid=262098)[0m                                                                                      'repeat': 0,
[36m(TaskRunnerV1 pid=262098)[0m                                                                                      'skip_first': 0,
[36m(TaskRunnerV1 pid=262098)[0m                                                                                      'wait': 0,
[36m(TaskRunnerV1 pid=262098)[0m                                                                                      'warmup': 0}},
[36m(TaskRunnerV1 pid=262098)[0m                                                               'torch_memory': {'_target_': 'verl.utils.profiler.config.TorchMemoryToolConfig',
[36m(TaskRunnerV1 pid=262098)[0m                                                                                'memory_snapshot_num_steps': 1,
[36m(TaskRunnerV1 pid=262098)[0m                                                                                'stack_depth': 32,
[36m(TaskRunnerV1 pid=262098)[0m                                                                                'trace_alloc_max_entries': 100000}}},
[36m(TaskRunnerV1 pid=262098)[0m                                  'qat': {'activation_observer': 'static_minmax',
[36m(TaskRunnerV1 pid=262098)[0m                                          'enable': False,
[36m(TaskRunnerV1 pid=262098)[0m                                          'group_size': 16,
[36m(TaskRunnerV1 pid=262098)[0m                                          'ignore_patterns': ['lm_head',
[36m(TaskRunnerV1 pid=262098)[0m                                                              'embed_tokens',
[36m(TaskRunnerV1 pid=262098)[0m                                                              're:.*mlp.gate$'],
[36m(TaskRunnerV1 pid=262098)[0m                                          'mode': 'w4a16',
[36m(TaskRunnerV1 pid=262098)[0m                                          'quantization_config_path': None},
[36m(TaskRunnerV1 pid=262098)[0m                                  'rollout_n': 4,
[36m(TaskRunnerV1 pid=262098)[0m                                  'shuffle': False,
[36m(TaskRunnerV1 pid=262098)[0m                                  'strategy': 'megatron',
[36m(TaskRunnerV1 pid=262098)[0m                                  'tau_neg': 1.05,
[36m(TaskRunnerV1 pid=262098)[0m                                  'tau_pos': 1.0,
[36m(TaskRunnerV1 pid=262098)[0m                                  'use_dynamic_bsz': False,
[36m(TaskRunnerV1 pid=262098)[0m                                  'use_fused_kernels': True,
[36m(TaskRunnerV1 pid=262098)[0m                                  'use_kl_loss': True,
[36m(TaskRunnerV1 pid=262098)[0m                                  'use_prefix_grouper': False,
[36m(TaskRunnerV1 pid=262098)[0m                                  'use_torch_compile': True},
[36m(TaskRunnerV1 pid=262098)[0m                        'hybrid_engine': True,
[36m(TaskRunnerV1 pid=262098)[0m                        'model': {'_target_': 'verl.workers.config.HFModelConfig',
[36m(TaskRunnerV1 pid=262098)[0m                                  'custom_chat_template': None,
[36m(TaskRunnerV1 pid=262098)[0m                                  'enable_activation_offload': False,
[36m(TaskRunnerV1 pid=262098)[0m                                  'enable_gradient_checkpointing': True,
[36m(TaskRunnerV1 pid=262098)[0m                                  'exclude_modules': None,
[36m(TaskRunnerV1 pid=262098)[0m                                  'external_lib': None,
[36m(TaskRunnerV1 pid=262098)[0m                                  'fused_kernel_options': {'impl_backend': 'torch'},
[36m(TaskRunnerV1 pid=262098)[0m                                  'hf_config_path': None,
[36m(TaskRunnerV1 pid=262098)[0m                                  'lora': {'a2a_experimental': False,
[36m(TaskRunnerV1 pid=262098)[0m                                           'adapter_path': None,
[36m(TaskRunnerV1 pid=262098)[0m                                           'alpha': 32,
[36m(TaskRunnerV1 pid=262098)[0m                                           'dropout': 0.0,
[36m(TaskRunnerV1 pid=262098)[0m                                           'dropout_position': 'pre',
[36m(TaskRunnerV1 pid=262098)[0m                                           'dtype': None,
[36m(TaskRunnerV1 pid=262098)[0m                                           'exclude_modules': [],
[36m(TaskRunnerV1 pid=262098)[0m                                           'freeze_language_model': True,
[36m(TaskRunnerV1 pid=262098)[0m                                           'freeze_vision_model': True,
[36m(TaskRunnerV1 pid=262098)[0m                                           'freeze_vision_projection': True,
[36m(TaskRunnerV1 pid=262098)[0m                                           'lora_A_init_method': 'xavier',
[36m(TaskRunnerV1 pid=262098)[0m                                           'lora_B_init_method': 'zero',
[36m(TaskRunnerV1 pid=262098)[0m                                           'merge': False,
[36m(TaskRunnerV1 pid=262098)[0m                                           'rank': 0,
[36m(TaskRunnerV1 pid=262098)[0m                                           'target_modules': ['linear_qkv',
[36m(TaskRunnerV1 pid=262098)[0m                                                              'linear_proj',
[36m(TaskRunnerV1 pid=262098)[0m                                                              'linear_fc1',
[36m(TaskRunnerV1 pid=262098)[0m                                                              'linear_fc2'],
[36m(TaskRunnerV1 pid=262098)[0m                                           'type': 'lora'},
[36m(TaskRunnerV1 pid=262098)[0m                                  'lora_adapter_path': None,
[36m(TaskRunnerV1 pid=262098)[0m                                  'lora_alpha': 16,
[36m(TaskRunnerV1 pid=262098)[0m                                  'lora_rank': 0,
[36m(TaskRunnerV1 pid=262098)[0m                                  'mtp': {'_target_': 'verl.workers.config.MtpConfig',
[36m(TaskRunnerV1 pid=262098)[0m                                          'detach_encoder': False,
[36m(TaskRunnerV1 pid=262098)[0m                                          'enable': False,
[36m(TaskRunnerV1 pid=262098)[0m                                          'enable_rollout': False,
[36m(TaskRunnerV1 pid=262098)[0m                                          'enable_train': False,
[36m(TaskRunnerV1 pid=262098)[0m                                          'method': 'mtp',
[36m(TaskRunnerV1 pid=262098)[0m                                          'mtp_loss_scaling_factor': 0.1,
[36m(TaskRunnerV1 pid=262098)[0m                                          'num_speculative_tokens': 1,
[36m(TaskRunnerV1 pid=262098)[0m                                          'speculative_algorithm': 'EAGLE',
[36m(TaskRunnerV1 pid=262098)[0m                                          'speculative_eagle_topk': 1,
[36m(TaskRunnerV1 pid=262098)[0m                                          'speculative_num_draft_tokens': 4,
[36m(TaskRunnerV1 pid=262098)[0m                                          'speculative_num_steps': 3},
[36m(TaskRunnerV1 pid=262098)[0m                                  'override_config': {},
[36m(TaskRunnerV1 pid=262098)[0m                                  'path': '/home/p00938733/Qwen3-8B',
[36m(TaskRunnerV1 pid=262098)[0m                                  'target_modules': 'all-linear',
[36m(TaskRunnerV1 pid=262098)[0m                                  'tiled_mlp': {'enabled': False,
[36m(TaskRunnerV1 pid=262098)[0m                                                'num_shards': 4},
[36m(TaskRunnerV1 pid=262098)[0m                                  'tokenizer_path': None,
[36m(TaskRunnerV1 pid=262098)[0m                                  'trust_remote_code': False,
[36m(TaskRunnerV1 pid=262098)[0m                                  'use_fused_kernels': True,
[36m(TaskRunnerV1 pid=262098)[0m                                  'use_liger': False,
[36m(TaskRunnerV1 pid=262098)[0m                                  'use_remove_padding': True,
[36m(TaskRunnerV1 pid=262098)[0m                                  'use_shm': False},
[36m(TaskRunnerV1 pid=262098)[0m                        'nccl_timeout': 600,
[36m(TaskRunnerV1 pid=262098)[0m                        'ref': {'_target_': 'verl.workers.config.McoreActorConfig',
[36m(TaskRunnerV1 pid=262098)[0m                                'entropy_from_logits_chunk_size': 2048,
[36m(TaskRunnerV1 pid=262098)[0m                                'entropy_from_logits_with_chunking': False,
[36m(TaskRunnerV1 pid=262098)[0m                                'log_prob_max_token_len_per_gpu': 49152,
[36m(TaskRunnerV1 pid=262098)[0m                                'log_prob_micro_batch_size': None,
[36m(TaskRunnerV1 pid=262098)[0m                                'log_prob_micro_batch_size_per_gpu': 1,
[36m(TaskRunnerV1 pid=262098)[0m                                'log_prob_use_dynamic_bsz': False,
[36m(TaskRunnerV1 pid=262098)[0m                                'megatron': {'_target_': 'verl.workers.config.McoreEngineConfig',
[36m(TaskRunnerV1 pid=262098)[0m                                             'context_parallel_size': 2,
[36m(TaskRunnerV1 pid=262098)[0m                                             'dist_checkpointing_path': None,
[36m(TaskRunnerV1 pid=262098)[0m                                             'dist_checkpointing_prefix': '',
[36m(TaskRunnerV1 pid=262098)[0m                                             'dist_ckpt_optim_fully_reshardable': False,
[36m(TaskRunnerV1 pid=262098)[0m                                             'distrib_optim_fully_reshardable_mem_efficient': False,
[36m(TaskRunnerV1 pid=262098)[0m                                             'dtype': 'bfloat16',
[36m(TaskRunnerV1 pid=262098)[0m                                             'dynamic_context_parallel': False,
[36m(TaskRunnerV1 pid=262098)[0m                                             'entropy_from_logits_chunk_size': 2048,
[36m(TaskRunnerV1 pid=262098)[0m                                             'entropy_from_logits_with_chunking': False,
[36m(TaskRunnerV1 pid=262098)[0m                                             'expert_model_parallel_size': 1,
[36m(TaskRunnerV1 pid=262098)[0m                                             'expert_tensor_parallel_size': None,
[36m(TaskRunnerV1 pid=262098)[0m                                             'forward_only': True,
[36m(TaskRunnerV1 pid=262098)[0m                                             'max_seqlen_per_dp_cp_rank': None,
[36m(TaskRunnerV1 pid=262098)[0m                                             'optimizer_offload': False,
[36m(TaskRunnerV1 pid=262098)[0m                                             'override_ddp_config': {},
[36m(TaskRunnerV1 pid=262098)[0m                                             'override_mcore_model_config': {},
[36m(TaskRunnerV1 pid=262098)[0m                                             'override_transformer_config': {'attention_backend': 'flash',
[36m(TaskRunnerV1 pid=262098)[0m                                                                             'recompute_granularity': 'full',
[36m(TaskRunnerV1 pid=262098)[0m                                                                             'recompute_method': 'uniform',
[36m(TaskRunnerV1 pid=262098)[0m                                                                             'recompute_modules': ['core_attn'],
[36m(TaskRunnerV1 pid=262098)[0m                                                                             'recompute_num_layers': 1},
[36m(TaskRunnerV1 pid=262098)[0m                                             'pad_bshd_to_minibatch_max': True,
[36m(TaskRunnerV1 pid=262098)[0m                                             'pad_to_length': False,
[36m(TaskRunnerV1 pid=262098)[0m                                             'pad_to_length_bucket': 512,
[36m(TaskRunnerV1 pid=262098)[0m                                             'param_offload': True,
[36m(TaskRunnerV1 pid=262098)[0m                                             'pipeline_model_parallel_size': 2,
[36m(TaskRunnerV1 pid=262098)[0m                                             'qat': {'_target_': 'verl.workers.config.QATEngineConfig',
[36m(TaskRunnerV1 pid=262098)[0m                                                     'activation_observer': None,
[36m(TaskRunnerV1 pid=262098)[0m                                                     'enable': False,
[36m(TaskRunnerV1 pid=262098)[0m                                                     'group_size': 16,
[36m(TaskRunnerV1 pid=262098)[0m                                                     'ignore_patterns': ['lm_head',
[36m(TaskRunnerV1 pid=262098)[0m                                                                         '*mlp.gate'],
[36m(TaskRunnerV1 pid=262098)[0m                                                     'mode': 'w4a16',
[36m(TaskRunnerV1 pid=262098)[0m                                                     'quantization_config_path': None},
[36m(TaskRunnerV1 pid=262098)[0m                                             'response_only_lm_head': True,
[36m(TaskRunnerV1 pid=262098)[0m                                             'router_replay': {'_target_': 'verl.workers.config.EngineRouterReplayConfig',
[36m(TaskRunnerV1 pid=262098)[0m                                                               'mode': 'disabled',
[36m(TaskRunnerV1 pid=262098)[0m                                                               'record_file': None,
[36m(TaskRunnerV1 pid=262098)[0m                                                               'replay_file': None},
[36m(TaskRunnerV1 pid=262098)[0m                                             'seed': 42,
[36m(TaskRunnerV1 pid=262098)[0m                                             'sequence_parallel': True,
[36m(TaskRunnerV1 pid=262098)[0m                                             'tensor_model_parallel_size': 2,
[36m(TaskRunnerV1 pid=262098)[0m                                             'use_dist_checkpointing': False,
[36m(TaskRunnerV1 pid=262098)[0m                                             'use_distributed_optimizer': True,
[36m(TaskRunnerV1 pid=262098)[0m                                             'use_mbridge': True,
[36m(TaskRunnerV1 pid=262098)[0m                                             'use_megatron_fsdp': False,
[36m(TaskRunnerV1 pid=262098)[0m                                             'use_remove_padding': True,
[36m(TaskRunnerV1 pid=262098)[0m                                             'vanilla_mbridge': False,
[36m(TaskRunnerV1 pid=262098)[0m                                             'virtual_pipeline_model_parallel_size': None},
[36m(TaskRunnerV1 pid=262098)[0m                                'profiler': {'_target_': 'verl.utils.profiler.ProfilerConfig',
[36m(TaskRunnerV1 pid=262098)[0m                                             'all_ranks': False,
[36m(TaskRunnerV1 pid=262098)[0m                                             'enable': False,
[36m(TaskRunnerV1 pid=262098)[0m                                             'finish_hook_all_ranks': False,
[36m(TaskRunnerV1 pid=262098)[0m                                             'finish_hook_cmd': None,
[36m(TaskRunnerV1 pid=262098)[0m                                             'finish_hook_ranks': [],
[36m(TaskRunnerV1 pid=262098)[0m                                             'ranks': [],
[36m(TaskRunnerV1 pid=262098)[0m                                             'relocate_results': False,
[36m(TaskRunnerV1 pid=262098)[0m                                             'save_path': 'outputs/profile',
[36m(TaskRunnerV1 pid=262098)[0m                                             'tool': None,
[36m(TaskRunnerV1 pid=262098)[0m                                             'tool_config': {'npu': {'_target_': 'verl.utils.profiler.config.NPUToolConfig',
[36m(TaskRunnerV1 pid=262098)[0m                                                                     'analysis': True,
[36m(TaskRunnerV1 pid=262098)[0m                                                                     'contents': [],
[36m(TaskRunnerV1 pid=262098)[0m                                                                     'discrete': False,
[36m(TaskRunnerV1 pid=262098)[0m                                                                     'level': 'level0'},
[36m(TaskRunnerV1 pid=262098)[0m                                                             'nsys': {'_target_': 'verl.utils.profiler.config.NsightToolConfig',
[36m(TaskRunnerV1 pid=262098)[0m                                                                      'discrete': False},
[36m(TaskRunnerV1 pid=262098)[0m                                                             'precision_debugger': {'_target_': 'verl.utils.profiler.config.PrecisionDebuggerToolConfig',
[36m(TaskRunnerV1 pid=262098)[0m                                                                                    'config_path': None,
[36m(TaskRunnerV1 pid=262098)[0m                                                                                    'stages': None,
[36m(TaskRunnerV1 pid=262098)[0m                                                                                    'steps': None,
[36m(TaskRunnerV1 pid=262098)[0m                                                                                    'strict': False},
[36m(TaskRunnerV1 pid=262098)[0m                                                             'torch': {'_target_': 'verl.utils.profiler.config.TorchProfilerToolConfig',
[36m(TaskRunnerV1 pid=262098)[0m                                                                       'contents': [],
[36m(TaskRunnerV1 pid=262098)[0m                                                                       'discrete': False,
[36m(TaskRunnerV1 pid=262098)[0m                                                                       'schedule': {'_target_': 'verl.utils.profiler.config.TorchProfilerScheduleConfig',
[36m(TaskRunnerV1 pid=262098)[0m                                                                                    'active': 0,
[36m(TaskRunnerV1 pid=262098)[0m                                                                                    'repeat': 0,
[36m(TaskRunnerV1 pid=262098)[0m                                                                                    'skip_first': 0,
[36m(TaskRunnerV1 pid=262098)[0m                                                                                    'wait': 0,
[36m(TaskRunnerV1 pid=262098)[0m                                                                                    'warmup': 0}},
[36m(TaskRunnerV1 pid=262098)[0m                                                             'torch_memory': {'_target_': 'verl.utils.profiler.config.TorchMemoryToolConfig',
[36m(TaskRunnerV1 pid=262098)[0m                                                                              'memory_snapshot_num_steps': 1,
[36m(TaskRunnerV1 pid=262098)[0m                                                                              'stack_depth': 32,
[36m(TaskRunnerV1 pid=262098)[0m                                                                              'trace_alloc_max_entries': 100000}}},
[36m(TaskRunnerV1 pid=262098)[0m                                'rollout_n': 4,
[36m(TaskRunnerV1 pid=262098)[0m                                'strategy': 'megatron',
[36m(TaskRunnerV1 pid=262098)[0m                                'use_torch_compile': True},
[36m(TaskRunnerV1 pid=262098)[0m                        'rollout': {'_target_': 'verl.workers.config.RolloutConfig',
[36m(TaskRunnerV1 pid=262098)[0m                                    'agent': {'_target_': 'verl.workers.config.AgentLoopConfig',
[36m(TaskRunnerV1 pid=262098)[0m                                              'agent_loop_config_path': None,
[36m(TaskRunnerV1 pid=262098)[0m                                              'custom_async_server': {'_target_': 'verl.workers.config.CustomAsyncServerConfig',
[36m(TaskRunnerV1 pid=262098)[0m                                                                      'name': None,
[36m(TaskRunnerV1 pid=262098)[0m                                                                      'path': None},
[36m(TaskRunnerV1 pid=262098)[0m                                              'default_agent_loop': 'single_turn_agent',
[36m(TaskRunnerV1 pid=262098)[0m                                              'num_workers': 8},
[36m(TaskRunnerV1 pid=262098)[0m                                    'calculate_log_probs': True,
[36m(TaskRunnerV1 pid=262098)[0m                                    'checkpoint_engine': {'_target_': 'verl.workers.config.CheckpointEngineConfig',
[36m(TaskRunnerV1 pid=262098)[0m                                                          'backend': 'naive',
[36m(TaskRunnerV1 pid=262098)[0m                                                          'custom_backend_module': None,
[36m(TaskRunnerV1 pid=262098)[0m                                                          'engine_kwargs': {},
[36m(TaskRunnerV1 pid=262098)[0m                                                          'update_weights_bucket_megabytes': 2048},
[36m(TaskRunnerV1 pid=262098)[0m                                    'cudagraph_capture_sizes': None,
[36m(TaskRunnerV1 pid=262098)[0m                                    'data_parallel_size': 1,
[36m(TaskRunnerV1 pid=262098)[0m                                    'disable_log_stats': True,
[36m(TaskRunnerV1 pid=262098)[0m                                    'disaggregation': {'bootstrap_port': None,
[36m(TaskRunnerV1 pid=262098)[0m                                                       'decode_replicas': 1,
[36m(TaskRunnerV1 pid=262098)[0m                                                       'decode_tensor_model_parallel_size': None,
[36m(TaskRunnerV1 pid=262098)[0m                                                       'enabled': False,
[36m(TaskRunnerV1 pid=262098)[0m                                                       'ib_device': None,
[36m(TaskRunnerV1 pid=262098)[0m                                                       'prefill_replicas': 1,
[36m(TaskRunnerV1 pid=262098)[0m                                                       'transfer_backend': 'nixl'},
[36m(TaskRunnerV1 pid=262098)[0m                                    'do_sample': True,
[36m(TaskRunnerV1 pid=262098)[0m                                    'dtype': 'bfloat16',
[36m(TaskRunnerV1 pid=262098)[0m                                    'enable_chunked_prefill': True,
[36m(TaskRunnerV1 pid=262098)[0m                                    'enable_prefix_caching': True,
[36m(TaskRunnerV1 pid=262098)[0m                                    'enable_rollout_routing_replay': False,
[36m(TaskRunnerV1 pid=262098)[0m                                    'enforce_eager': False,
[36m(TaskRunnerV1 pid=262098)[0m                                    'engine_kwargs': {'sglang': {},
[36m(TaskRunnerV1 pid=262098)[0m                                                      'trtllm': {},
[36m(TaskRunnerV1 pid=262098)[0m                                                      'vllm': {}},
[36m(TaskRunnerV1 pid=262098)[0m                                    'expert_parallel_size': 1,
[36m(TaskRunnerV1 pid=262098)[0m                                    'free_cache_engine': True,
[36m(TaskRunnerV1 pid=262098)[0m                                    'full_determinism': False,
[36m(TaskRunnerV1 pid=262098)[0m                                    'gpu_memory_utilization': 0.5,
[36m(TaskRunnerV1 pid=262098)[0m                                    'ignore_eos': True,
[36m(TaskRunnerV1 pid=262098)[0m                                    'layered_summon': False,
[36m(TaskRunnerV1 pid=262098)[0m                                    'load_format': 'dummy',
[36m(TaskRunnerV1 pid=262098)[0m                                    'log_prob_max_token_len_per_gpu': 49152,
[36m(TaskRunnerV1 pid=262098)[0m                                    'log_prob_micro_batch_size': None,
[36m(TaskRunnerV1 pid=262098)[0m                                    'log_prob_micro_batch_size_per_gpu': 1,
[36m(TaskRunnerV1 pid=262098)[0m                                    'log_prob_use_dynamic_bsz': False,
[36m(TaskRunnerV1 pid=262098)[0m                                    'logprobs_mode': 'processed_logprobs',
[36m(TaskRunnerV1 pid=262098)[0m                                    'max_model_len': 16640,
[36m(TaskRunnerV1 pid=262098)[0m                                    'max_num_batched_tokens': 65536,
[36m(TaskRunnerV1 pid=262098)[0m                                    'max_num_seqs': 256,
[36m(TaskRunnerV1 pid=262098)[0m                                    'mode': 'async',
[36m(TaskRunnerV1 pid=262098)[0m                                    'moe_load_balance_metrics_interval': 0,
[36m(TaskRunnerV1 pid=262098)[0m                                    'mtp': {'_target_': 'verl.workers.config.MtpConfig',
[36m(TaskRunnerV1 pid=262098)[0m                                            'detach_encoder': False,
[36m(TaskRunnerV1 pid=262098)[0m                                            'enable': False,
[36m(TaskRunnerV1 pid=262098)[0m                                            'enable_rollout': False,
[36m(TaskRunnerV1 pid=262098)[0m                                            'enable_train': False,
[36m(TaskRunnerV1 pid=262098)[0m                                            'method': 'mtp',
[36m(TaskRunnerV1 pid=262098)[0m                                            'mtp_loss_scaling_factor': 0.1,
[36m(TaskRunnerV1 pid=262098)[0m                                            'num_speculative_tokens': 1,
[36m(TaskRunnerV1 pid=262098)[0m                                            'speculative_algorithm': 'EAGLE',
[36m(TaskRunnerV1 pid=262098)[0m                                            'speculative_eagle_topk': 1,
[36m(TaskRunnerV1 pid=262098)[0m                                            'speculative_num_draft_tokens': 4,
[36m(TaskRunnerV1 pid=262098)[0m                                            'speculative_num_steps': 3},
[36m(TaskRunnerV1 pid=262098)[0m                                    'multi_stage_wake_up': False,
[36m(TaskRunnerV1 pid=262098)[0m                                    'multi_turn': {'_target_': 'verl.workers.config.MultiTurnConfig',
[36m(TaskRunnerV1 pid=262098)[0m                                                   'enable': False,
[36m(TaskRunnerV1 pid=262098)[0m                                                   'format': 'hermes',
[36m(TaskRunnerV1 pid=262098)[0m                                                   'function_tool_path': None,
[36m(TaskRunnerV1 pid=262098)[0m                                                   'max_assistant_turns': None,
[36m(TaskRunnerV1 pid=262098)[0m                                                   'max_parallel_calls': 1,
[36m(TaskRunnerV1 pid=262098)[0m                                                   'max_tool_response_length': 256,
[36m(TaskRunnerV1 pid=262098)[0m                                                   'max_user_turns': None,
[36m(TaskRunnerV1 pid=262098)[0m                                                   'num_repeat_rollouts': None,
[36m(TaskRunnerV1 pid=262098)[0m                                                   'tokenization_sanity_check_mode': 'strict',
[36m(TaskRunnerV1 pid=262098)[0m                                                   'tool_config_path': None,
[36m(TaskRunnerV1 pid=262098)[0m                                                   'tool_response_truncate_side': 'middle',
[36m(TaskRunnerV1 pid=262098)[0m                                                   'use_inference_chat_template': False},
[36m(TaskRunnerV1 pid=262098)[0m                                    'n': 4,
[36m(TaskRunnerV1 pid=262098)[0m                                    'n_gpus_per_node': 8,
[36m(TaskRunnerV1 pid=262098)[0m                                    'name': 'vllm',
[36m(TaskRunnerV1 pid=262098)[0m                                    'nnodes': 0,
[36m(TaskRunnerV1 pid=262098)[0m                                    'over_sample_rate': 0,
[36m(TaskRunnerV1 pid=262098)[0m                                    'pipeline_model_parallel_size': 1,
[36m(TaskRunnerV1 pid=262098)[0m                                    'profiler': {'_target_': 'verl.utils.profiler.ProfilerConfig',
[36m(TaskRunnerV1 pid=262098)[0m                                                 'all_ranks': False,
[36m(TaskRunnerV1 pid=262098)[0m                                                 'enable': False,
[36m(TaskRunnerV1 pid=262098)[0m                                                 'finish_hook_all_ranks': False,
[36m(TaskRunnerV1 pid=262098)[0m                                                 'finish_hook_cmd': None,
[36m(TaskRunnerV1 pid=262098)[0m                                                 'finish_hook_ranks': [],
[36m(TaskRunnerV1 pid=262098)[0m                                                 'ranks': [],
[36m(TaskRunnerV1 pid=262098)[0m                                                 'relocate_results': False,
[36m(TaskRunnerV1 pid=262098)[0m                                                 'save_path': 'outputs/profile',
[36m(TaskRunnerV1 pid=262098)[0m                                                 'tool': None,
[36m(TaskRunnerV1 pid=262098)[0m                                                 'tool_config': {'npu': {'_target_': 'verl.utils.profiler.config.NPUToolConfig',
[36m(TaskRunnerV1 pid=262098)[0m                                                                         'analysis': True,
[36m(TaskRunnerV1 pid=262098)[0m                                                                         'contents': [],
[36m(TaskRunnerV1 pid=262098)[0m                                                                         'discrete': False,
[36m(TaskRunnerV1 pid=262098)[0m                                                                         'level': 'level0',
[36m(TaskRunnerV1 pid=262098)[0m                                                                         'profile_token_end': None,
[36m(TaskRunnerV1 pid=262098)[0m                                                                         'profile_token_start': None},
[36m(TaskRunnerV1 pid=262098)[0m                                                                 'precision_debugger': {'_target_': 'verl.utils.profiler.config.PrecisionDebuggerToolConfig',
[36m(TaskRunnerV1 pid=262098)[0m                                                                                        'config_path': None,
[36m(TaskRunnerV1 pid=262098)[0m                                                                                        'stages': None,
[36m(TaskRunnerV1 pid=262098)[0m                                                                                        'steps': None,
[36m(TaskRunnerV1 pid=262098)[0m                                                                                        'strict': False},
[36m(TaskRunnerV1 pid=262098)[0m                                                                 'torch': {'_target_': 'verl.utils.profiler.config.TorchProfilerToolConfig',
[36m(TaskRunnerV1 pid=262098)[0m                                                                           'contents': [],
[36m(TaskRunnerV1 pid=262098)[0m                                                                           'discrete': False,
[36m(TaskRunnerV1 pid=262098)[0m                                                                           'profile_token_end': None,
[36m(TaskRunnerV1 pid=262098)[0m                                                                           'profile_token_start': None}}},
[36m(TaskRunnerV1 pid=262098)[0m                                    'prometheus': {'_target_': 'verl.workers.config.PrometheusConfig',
[36m(TaskRunnerV1 pid=262098)[0m                                                   'enable': False,
[36m(TaskRunnerV1 pid=262098)[0m                                                   'file': '/tmp/ray/session_latest/metrics/prometheus/prometheus.yml',
[36m(TaskRunnerV1 pid=262098)[0m                                                   'port': 9090,
[36m(TaskRunnerV1 pid=262098)[0m                                                   'served_model_name': '/home/p00938733/Qwen3-8B'},
[36m(TaskRunnerV1 pid=262098)[0m                                    'prompt_length': 8448,
[36m(TaskRunnerV1 pid=262098)[0m                                    'qat': {'_target_': 'verl.workers.config.QATEngineConfig',
[36m(TaskRunnerV1 pid=262098)[0m                                            'activation_observer': None,
[36m(TaskRunnerV1 pid=262098)[0m                                            'enable': False,
[36m(TaskRunnerV1 pid=262098)[0m                                            'group_size': 16,
[36m(TaskRunnerV1 pid=262098)[0m                                            'ignore_patterns': ['lm_head',
[36m(TaskRunnerV1 pid=262098)[0m                                                                '*mlp.gate'],
[36m(TaskRunnerV1 pid=262098)[0m                                            'mode': 'w4a16',
[36m(TaskRunnerV1 pid=262098)[0m                                            'quantization_config_path': None},
[36m(TaskRunnerV1 pid=262098)[0m                                    'quantization': None,
[36m(TaskRunnerV1 pid=262098)[0m                                    'quantization_config_file': None,
[36m(TaskRunnerV1 pid=262098)[0m                                    'response_length': 8192,
[36m(TaskRunnerV1 pid=262098)[0m                                    'router_config_path': None,
[36m(TaskRunnerV1 pid=262098)[0m                                    'scheduling_policy': 'fcfs',
[36m(TaskRunnerV1 pid=262098)[0m                                    'seed': 42,
[36m(TaskRunnerV1 pid=262098)[0m                                    'skip_tokenizer_init': True,
[36m(TaskRunnerV1 pid=262098)[0m                                    'temperature': 1.0,
[36m(TaskRunnerV1 pid=262098)[0m                                    'tensor_model_parallel_size': 4,
[36m(TaskRunnerV1 pid=262098)[0m                                    'top_k': -1,
[36m(TaskRunnerV1 pid=262098)[0m                                    'top_p': 0.95,
[36m(TaskRunnerV1 pid=262098)[0m                                    'trace': {'_target_': 'verl.workers.config.TraceConfig',
[36m(TaskRunnerV1 pid=262098)[0m                                              'backend': None,
[36m(TaskRunnerV1 pid=262098)[0m                                              'experiment_name': 'rlmh_combinations_a100',
[36m(TaskRunnerV1 pid=262098)[0m                                              'max_samples_per_step_per_worker': None,
[36m(TaskRunnerV1 pid=262098)[0m                                              'project_name': 'rlmh_combinations_a100',
[36m(TaskRunnerV1 pid=262098)[0m                                              'token2text': False},
[36m(TaskRunnerV1 pid=262098)[0m                                    'val_kwargs': {'_target_': 'verl.workers.config.SamplingConfig',
[36m(TaskRunnerV1 pid=262098)[0m                                                   'do_sample': False,
[36m(TaskRunnerV1 pid=262098)[0m                                                   'n': 1,
[36m(TaskRunnerV1 pid=262098)[0m                                                   'temperature': 0,
[36m(TaskRunnerV1 pid=262098)[0m                                                   'top_k': -1,
[36m(TaskRunnerV1 pid=262098)[0m                                                   'top_p': 1.0}}},
[36m(TaskRunnerV1 pid=262098)[0m  'algorithm': {'_target_': 'verl.trainer.config.AlgoConfig',
[36m(TaskRunnerV1 pid=262098)[0m                'adv_estimator': 'grpo',
[36m(TaskRunnerV1 pid=262098)[0m                'filter_groups': {'_target_': 'verl.trainer.config.FilterGroupsConfig',
[36m(TaskRunnerV1 pid=262098)[0m                                  'enable': False,
[36m(TaskRunnerV1 pid=262098)[0m                                  'max_inflight_gen_batches': 1,
[36m(TaskRunnerV1 pid=262098)[0m                                  'max_num_gen_batches': 0,
[36m(TaskRunnerV1 pid=262098)[0m                                  'metric': 'reward'},
[36m(TaskRunnerV1 pid=262098)[0m                'gamma': 1.0,
[36m(TaskRunnerV1 pid=262098)[0m                'kl_ctrl': {'_target_': 'verl.trainer.config.KLControlConfig',
[36m(TaskRunnerV1 pid=262098)[0m                            'horizon': 10000,
[36m(TaskRunnerV1 pid=262098)[0m                            'kl_coef': 0.001,
[36m(TaskRunnerV1 pid=262098)[0m                            'target_kl': 0.1,
[36m(TaskRunnerV1 pid=262098)[0m                            'type': 'fixed'},
[36m(TaskRunnerV1 pid=262098)[0m                'kl_penalty': 'kl',
[36m(TaskRunnerV1 pid=262098)[0m                'lam': 1.0,
[36m(TaskRunnerV1 pid=262098)[0m                'norm_adv_by_std_in_grpo': True,
[36m(TaskRunnerV1 pid=262098)[0m                'pf_ppo': {'reweight_method': 'pow', 'weight_pow': 2.0},
[36m(TaskRunnerV1 pid=262098)[0m                'rollout_correction': {'bypass_mode': False,
[36m(TaskRunnerV1 pid=262098)[0m                                       'loss_type': 'ppo_clip',
[36m(TaskRunnerV1 pid=262098)[0m                                       'rollout_is': None,
[36m(TaskRunnerV1 pid=262098)[0m                                       'rollout_is_batch_normalize': False,
[36m(TaskRunnerV1 pid=262098)[0m                                       'rollout_is_threshold': 2.0,
[36m(TaskRunnerV1 pid=262098)[0m                                       'rollout_rs': None,
[36m(TaskRunnerV1 pid=262098)[0m                                       'rollout_rs_threshold': None},
[36m(TaskRunnerV1 pid=262098)[0m                'use_kl_in_reward': False,
[36m(TaskRunnerV1 pid=262098)[0m                'use_pf_ppo': False},
[36m(TaskRunnerV1 pid=262098)[0m  'critic': {'_target_': 'verl.workers.config.McoreCriticConfig',
[36m(TaskRunnerV1 pid=262098)[0m             'checkpoint': {'_target_': 'verl.workers.config.McoreCheckpointConfig',
[36m(TaskRunnerV1 pid=262098)[0m                            'async_save': False,
[36m(TaskRunnerV1 pid=262098)[0m                            'load_contents': ['model', 'optimizer', 'extra'],
[36m(TaskRunnerV1 pid=262098)[0m                            'mbridge_config': {},
[36m(TaskRunnerV1 pid=262098)[0m                            'save_contents': ['model', 'optimizer', 'extra']},
[36m(TaskRunnerV1 pid=262098)[0m             'cliprange_value': 0.5,
[36m(TaskRunnerV1 pid=262098)[0m             'data_loader_seed': 42,
[36m(TaskRunnerV1 pid=262098)[0m             'enable': None,
[36m(TaskRunnerV1 pid=262098)[0m             'forward_max_token_len_per_gpu': 32768,
[36m(TaskRunnerV1 pid=262098)[0m             'loss_agg_mode': 'token-mean',
[36m(TaskRunnerV1 pid=262098)[0m             'loss_scale_factor': None,
[36m(TaskRunnerV1 pid=262098)[0m             'megatron': {'_target_': 'verl.workers.config.McoreEngineConfig',
[36m(TaskRunnerV1 pid=262098)[0m                          'context_parallel_size': 1,
[36m(TaskRunnerV1 pid=262098)[0m                          'dist_checkpointing_path': None,
[36m(TaskRunnerV1 pid=262098)[0m                          'dist_checkpointing_prefix': '',
[36m(TaskRunnerV1 pid=262098)[0m                          'dist_ckpt_optim_fully_reshardable': False,
[36m(TaskRunnerV1 pid=262098)[0m                          'distrib_optim_fully_reshardable_mem_efficient': False,
[36m(TaskRunnerV1 pid=262098)[0m                          'dtype': 'bfloat16',
[36m(TaskRunnerV1 pid=262098)[0m                          'dynamic_context_parallel': False,
[36m(TaskRunnerV1 pid=262098)[0m                          'entropy_from_logits_chunk_size': 2048,
[36m(TaskRunnerV1 pid=262098)[0m                          'entropy_from_logits_with_chunking': False,
[36m(TaskRunnerV1 pid=262098)[0m                          'expert_model_parallel_size': 1,
[36m(TaskRunnerV1 pid=262098)[0m                          'expert_tensor_parallel_size': None,
[36m(TaskRunnerV1 pid=262098)[0m                          'forward_only': False,
[36m(TaskRunnerV1 pid=262098)[0m                          'max_seqlen_per_dp_cp_rank': None,
[36m(TaskRunnerV1 pid=262098)[0m                          'optimizer_offload': False,
[36m(TaskRunnerV1 pid=262098)[0m                          'override_ddp_config': {},
[36m(TaskRunnerV1 pid=262098)[0m                          'override_mcore_model_config': {},
[36m(TaskRunnerV1 pid=262098)[0m                          'override_transformer_config': {'attention_backend': 'flash',
[36m(TaskRunnerV1 pid=262098)[0m                                                          'recompute_granularity': None,
[36m(TaskRunnerV1 pid=262098)[0m                                                          'recompute_method': None,
[36m(TaskRunnerV1 pid=262098)[0m                                                          'recompute_modules': ['core_attn'],
[36m(TaskRunnerV1 pid=262098)[0m                                                          'recompute_num_layers': None},
[36m(TaskRunnerV1 pid=262098)[0m                          'pad_bshd_to_minibatch_max': True,
[36m(TaskRunnerV1 pid=262098)[0m                          'pad_to_length': False,
[36m(TaskRunnerV1 pid=262098)[0m                          'pad_to_length_bucket': 512,
[36m(TaskRunnerV1 pid=262098)[0m                          'param_offload': False,
[36m(TaskRunnerV1 pid=262098)[0m                          'pipeline_model_parallel_size': 1,
[36m(TaskRunnerV1 pid=262098)[0m                          'qat': {'_target_': 'verl.workers.config.QATEngineConfig',
[36m(TaskRunnerV1 pid=262098)[0m                                  'activation_observer': None,
[36m(TaskRunnerV1 pid=262098)[0m                                  'enable': False,
[36m(TaskRunnerV1 pid=262098)[0m                                  'group_size': 16,
[36m(TaskRunnerV1 pid=262098)[0m                                  'ignore_patterns': ['lm_head', '*mlp.gate'],
[36m(TaskRunnerV1 pid=262098)[0m                                  'mode': 'w4a16',
[36m(TaskRunnerV1 pid=262098)[0m                                  'quantization_config_path': None},
[36m(TaskRunnerV1 pid=262098)[0m                          'response_only_lm_head': False,
[36m(TaskRunnerV1 pid=262098)[0m                          'router_replay': {'_target_': 'verl.workers.config.EngineRouterReplayConfig',
[36m(TaskRunnerV1 pid=262098)[0m                                            'mode': 'disabled',
[36m(TaskRunnerV1 pid=262098)[0m                                            'record_file': None,
[36m(TaskRunnerV1 pid=262098)[0m                                            'replay_file': None},
[36m(TaskRunnerV1 pid=262098)[0m                          'seed': 42,
[36m(TaskRunnerV1 pid=262098)[0m                          'sequence_parallel': True,
[36m(TaskRunnerV1 pid=262098)[0m                          'tensor_model_parallel_size': 1,
[36m(TaskRunnerV1 pid=262098)[0m                          'use_dist_checkpointing': False,
[36m(TaskRunnerV1 pid=262098)[0m                          'use_distributed_optimizer': True,
[36m(TaskRunnerV1 pid=262098)[0m                          'use_mbridge': True,
[36m(TaskRunnerV1 pid=262098)[0m                          'use_megatron_fsdp': False,
[36m(TaskRunnerV1 pid=262098)[0m                          'use_remove_padding': True,
[36m(TaskRunnerV1 pid=262098)[0m                          'vanilla_mbridge': False,
[36m(TaskRunnerV1 pid=262098)[0m                          'virtual_pipeline_model_parallel_size': None},
[36m(TaskRunnerV1 pid=262098)[0m             'model': {'_target_': 'verl.workers.config.HFModelConfig',
[36m(TaskRunnerV1 pid=262098)[0m                       'custom_chat_template': None,
[36m(TaskRunnerV1 pid=262098)[0m                       'enable_activation_offload': False,
[36m(TaskRunnerV1 pid=262098)[0m                       'enable_gradient_checkpointing': True,
[36m(TaskRunnerV1 pid=262098)[0m                       'exclude_modules': None,
[36m(TaskRunnerV1 pid=262098)[0m                       'external_lib': None,
[36m(TaskRunnerV1 pid=262098)[0m                       'fused_kernel_options': {'impl_backend': 'torch'},
[36m(TaskRunnerV1 pid=262098)[0m                       'hf_config_path': None,
[36m(TaskRunnerV1 pid=262098)[0m                       'lora': {'a2a_experimental': False,
[36m(TaskRunnerV1 pid=262098)[0m                                'adapter_path': None,
[36m(TaskRunnerV1 pid=262098)[0m                                'alpha': 32,
[36m(TaskRunnerV1 pid=262098)[0m                                'dropout': 0.0,
[36m(TaskRunnerV1 pid=262098)[0m                                'dropout_position': 'pre',
[36m(TaskRunnerV1 pid=262098)[0m                                'dtype': None,
[36m(TaskRunnerV1 pid=262098)[0m                                'exclude_modules': [],
[36m(TaskRunnerV1 pid=262098)[0m                                'freeze_language_model': True,
[36m(TaskRunnerV1 pid=262098)[0m                                'freeze_vision_model': True,
[36m(TaskRunnerV1 pid=262098)[0m                                'freeze_vision_projection': True,
[36m(TaskRunnerV1 pid=262098)[0m                                'lora_A_init_method': 'xavier',
[36m(TaskRunnerV1 pid=262098)[0m                                'lora_B_init_method': 'zero',
[36m(TaskRunnerV1 pid=262098)[0m                                'merge': False,
[36m(TaskRunnerV1 pid=262098)[0m                                'rank': 0,
[36m(TaskRunnerV1 pid=262098)[0m                                'target_modules': ['linear_qkv',
[36m(TaskRunnerV1 pid=262098)[0m                                                   'linear_proj',
[36m(TaskRunnerV1 pid=262098)[0m                                                   'linear_fc1',
[36m(TaskRunnerV1 pid=262098)[0m                                                   'linear_fc2'],
[36m(TaskRunnerV1 pid=262098)[0m                                'type': 'lora'},
[36m(TaskRunnerV1 pid=262098)[0m                       'lora_adapter_path': None,
[36m(TaskRunnerV1 pid=262098)[0m                       'lora_alpha': 16,
[36m(TaskRunnerV1 pid=262098)[0m                       'lora_rank': 0,
[36m(TaskRunnerV1 pid=262098)[0m                       'mtp': {'_target_': 'verl.workers.config.MtpConfig',
[36m(TaskRunnerV1 pid=262098)[0m                               'detach_encoder': False,
[36m(TaskRunnerV1 pid=262098)[0m                               'enable': False,
[36m(TaskRunnerV1 pid=262098)[0m                               'enable_rollout': False,
[36m(TaskRunnerV1 pid=262098)[0m                               'enable_train': False,
[36m(TaskRunnerV1 pid=262098)[0m                               'method': 'mtp',
[36m(TaskRunnerV1 pid=262098)[0m                               'mtp_loss_scaling_factor': 0.1,
[36m(TaskRunnerV1 pid=262098)[0m                               'num_speculative_tokens': 1,
[36m(TaskRunnerV1 pid=262098)[0m                               'speculative_algorithm': 'EAGLE',
[36m(TaskRunnerV1 pid=262098)[0m                               'speculative_eagle_topk': 1,
[36m(TaskRunnerV1 pid=262098)[0m                               'speculative_num_draft_tokens': 4,
[36m(TaskRunnerV1 pid=262098)[0m                               'speculative_num_steps': 3},
[36m(TaskRunnerV1 pid=262098)[0m                       'override_config': {},
[36m(TaskRunnerV1 pid=262098)[0m                       'path': '~/models/deepseek-llm-7b-chat',
[36m(TaskRunnerV1 pid=262098)[0m                       'target_modules': 'all-linear',
[36m(TaskRunnerV1 pid=262098)[0m                       'tiled_mlp': {'enabled': False, 'num_shards': 4},
[36m(TaskRunnerV1 pid=262098)[0m                       'tokenizer_path': None,
[36m(TaskRunnerV1 pid=262098)[0m                       'trust_remote_code': False,
[36m(TaskRunnerV1 pid=262098)[0m                       'use_fused_kernels': False,
[36m(TaskRunnerV1 pid=262098)[0m                       'use_liger': False,
[36m(TaskRunnerV1 pid=262098)[0m                       'use_remove_padding': True,
[36m(TaskRunnerV1 pid=262098)[0m                       'use_shm': False},
[36m(TaskRunnerV1 pid=262098)[0m             'nccl_timeout': 600,
[36m(TaskRunnerV1 pid=262098)[0m             'optim': {'_target_': 'verl.workers.config.McoreOptimizerConfig',
[36m(TaskRunnerV1 pid=262098)[0m                       'betas': [0.9, 0.999],
[36m(TaskRunnerV1 pid=262098)[0m                       'clip_grad': 1.0,
[36m(TaskRunnerV1 pid=262098)[0m                       'exp_avg_dtype': 'fp32',
[36m(TaskRunnerV1 pid=262098)[0m                       'exp_avg_sq_dtype': 'fp32',
[36m(TaskRunnerV1 pid=262098)[0m                       'lr': 1e-05,
[36m(TaskRunnerV1 pid=262098)[0m                       'lr_decay_steps': None,
[36m(TaskRunnerV1 pid=262098)[0m                       'lr_decay_style': 'constant',
[36m(TaskRunnerV1 pid=262098)[0m                       'lr_warmup_init': 0.0,
[36m(TaskRunnerV1 pid=262098)[0m                       'lr_warmup_steps': -1,
[36m(TaskRunnerV1 pid=262098)[0m                       'lr_warmup_steps_ratio': 0.0,
[36m(TaskRunnerV1 pid=262098)[0m                       'lr_wsd_decay_steps': None,
[36m(TaskRunnerV1 pid=262098)[0m                       'lr_wsd_decay_style': 'exponential',
[36m(TaskRunnerV1 pid=262098)[0m                       'main_grads_dtype': 'fp32',
[36m(TaskRunnerV1 pid=262098)[0m                       'min_lr': 0.0,
[36m(TaskRunnerV1 pid=262098)[0m                       'muon_coefficient_type': 'quintic',
[36m(TaskRunnerV1 pid=262098)[0m                       'muon_extra_scale_factor': 1.0,
[36m(TaskRunnerV1 pid=262098)[0m                       'muon_fp32_matmul_prec': 'medium',
[36m(TaskRunnerV1 pid=262098)[0m                       'muon_match_adamw_update_rms': False,
[36m(TaskRunnerV1 pid=262098)[0m                       'muon_momentum': 0.95,
[36m(TaskRunnerV1 pid=262098)[0m                       'muon_nesterov': False,
[36m(TaskRunnerV1 pid=262098)[0m                       'muon_num_ns_steps': 5,
[36m(TaskRunnerV1 pid=262098)[0m                       'muon_scalar_optimizer': 'adam',
[36m(TaskRunnerV1 pid=262098)[0m                       'muon_scale_mode': 'spectral',
[36m(TaskRunnerV1 pid=262098)[0m                       'muon_split_qkv': True,
[36m(TaskRunnerV1 pid=262098)[0m                       'muon_tp_mode': 'blockwise',
[36m(TaskRunnerV1 pid=262098)[0m                       'optimizer': 'adam',
[36m(TaskRunnerV1 pid=262098)[0m                       'override_optimizer_config': {},
[36m(TaskRunnerV1 pid=262098)[0m                       'total_training_steps': -1,
[36m(TaskRunnerV1 pid=262098)[0m                       'use_checkpoint_opt_param_scheduler': False,
[36m(TaskRunnerV1 pid=262098)[0m                       'use_layer_wise_distributed_optimizer': False,
[36m(TaskRunnerV1 pid=262098)[0m                       'use_precision_aware_optimizer': False,
[36m(TaskRunnerV1 pid=262098)[0m                       'weight_decay': 0.01,
[36m(TaskRunnerV1 pid=262098)[0m                       'weight_decay_incr_style': 'constant'},
[36m(TaskRunnerV1 pid=262098)[0m             'ppo_epochs': 1,
[36m(TaskRunnerV1 pid=262098)[0m             'ppo_max_token_len_per_gpu': 32768,
[36m(TaskRunnerV1 pid=262098)[0m             'ppo_micro_batch_size': None,
[36m(TaskRunnerV1 pid=262098)[0m             'ppo_micro_batch_size_per_gpu': None,
[36m(TaskRunnerV1 pid=262098)[0m             'ppo_mini_batch_size': 1,
[36m(TaskRunnerV1 pid=262098)[0m             'profiler': {'_target_': 'verl.utils.profiler.ProfilerConfig',
[36m(TaskRunnerV1 pid=262098)[0m                          'all_ranks': False,
[36m(TaskRunnerV1 pid=262098)[0m                          'enable': False,
[36m(TaskRunnerV1 pid=262098)[0m                          'finish_hook_all_ranks': False,
[36m(TaskRunnerV1 pid=262098)[0m                          'finish_hook_cmd': None,
[36m(TaskRunnerV1 pid=262098)[0m                          'finish_hook_ranks': [],
[36m(TaskRunnerV1 pid=262098)[0m                          'ranks': [],
[36m(TaskRunnerV1 pid=262098)[0m                          'relocate_results': False,
[36m(TaskRunnerV1 pid=262098)[0m                          'save_path': 'outputs/profile',
[36m(TaskRunnerV1 pid=262098)[0m                          'tool': None,
[36m(TaskRunnerV1 pid=262098)[0m                          'tool_config': {'npu': {'_target_': 'verl.utils.profiler.config.NPUToolConfig',
[36m(TaskRunnerV1 pid=262098)[0m                                                  'analysis': True,
[36m(TaskRunnerV1 pid=262098)[0m                                                  'contents': [],
[36m(TaskRunnerV1 pid=262098)[0m                                                  'discrete': False,
[36m(TaskRunnerV1 pid=262098)[0m                                                  'level': 'level0'},
[36m(TaskRunnerV1 pid=262098)[0m                                          'nsys': {'_target_': 'verl.utils.profiler.config.NsightToolConfig',
[36m(TaskRunnerV1 pid=262098)[0m                                                   'discrete': False},
[36m(TaskRunnerV1 pid=262098)[0m                                          'precision_debugger': {'_target_': 'verl.utils.profiler.config.PrecisionDebuggerToolConfig',
[36m(TaskRunnerV1 pid=262098)[0m                                                                 'config_path': None,
[36m(TaskRunnerV1 pid=262098)[0m                                                                 'stages': None,
[36m(TaskRunnerV1 pid=262098)[0m                                                                 'steps': None,
[36m(TaskRunnerV1 pid=262098)[0m                                                                 'strict': False},
[36m(TaskRunnerV1 pid=262098)[0m                                          'torch': {'_target_': 'verl.utils.profiler.config.TorchProfilerToolConfig',
[36m(TaskRunnerV1 pid=262098)[0m                                                    'contents': [],
[36m(TaskRunnerV1 pid=262098)[0m                                                    'discrete': False,
[36m(TaskRunnerV1 pid=262098)[0m                                                    'schedule': {'_target_': 'verl.utils.profiler.config.TorchProfilerScheduleConfig',
[36m(TaskRunnerV1 pid=262098)[0m                                                                 'active': 0,
[36m(TaskRunnerV1 pid=262098)[0m                                                                 'repeat': 0,
[36m(TaskRunnerV1 pid=262098)[0m                                                                 'skip_first': 0,
[36m(TaskRunnerV1 pid=262098)[0m                                                                 'wait': 0,
[36m(TaskRunnerV1 pid=262098)[0m                                                                 'warmup': 0}},
[36m(TaskRunnerV1 pid=262098)[0m                                          'torch_memory': {'_target_': 'verl.utils.profiler.config.TorchMemoryToolConfig',
[36m(TaskRunnerV1 pid=262098)[0m                                                           'memory_snapshot_num_steps': 1,
[36m(TaskRunnerV1 pid=262098)[0m                                                           'stack_depth': 32,
[36m(TaskRunnerV1 pid=262098)[0m                                                           'trace_alloc_max_entries': 100000}}},
[36m(TaskRunnerV1 pid=262098)[0m             'rollout_n': 4,
[36m(TaskRunnerV1 pid=262098)[0m             'shuffle': False,
[36m(TaskRunnerV1 pid=262098)[0m             'strategy': 'megatron',
[36m(TaskRunnerV1 pid=262098)[0m             'use_dynamic_bsz': False},
[36m(TaskRunnerV1 pid=262098)[0m  'custom_reward_function': {'name': None, 'path': None},
[36m(TaskRunnerV1 pid=262098)[0m  'data': {'apply_chat_template_kwargs': {'enable_thinking': False},
[36m(TaskRunnerV1 pid=262098)[0m           'audio_key': 'audios',
[36m(TaskRunnerV1 pid=262098)[0m           'custom_cls': {'name': None, 'path': None},
[36m(TaskRunnerV1 pid=262098)[0m           'dataloader_num_workers': 0,
[36m(TaskRunnerV1 pid=262098)[0m           'filter_overlong_prompts': False,
[36m(TaskRunnerV1 pid=262098)[0m           'filter_overlong_prompts_workers': 1,
[36m(TaskRunnerV1 pid=262098)[0m           'function_tool_path': None,
[36m(TaskRunnerV1 pid=262098)[0m           'gen_batch_size': 4,
[36m(TaskRunnerV1 pid=262098)[0m           'image_key': 'images',
[36m(TaskRunnerV1 pid=262098)[0m           'image_patch_size': 14,
[36m(TaskRunnerV1 pid=262098)[0m           'max_prompt_length': 8448,
[36m(TaskRunnerV1 pid=262098)[0m           'max_response_length': 8192,
[36m(TaskRunnerV1 pid=262098)[0m           'mm_processor_kwargs': {},
[36m(TaskRunnerV1 pid=262098)[0m           'prompt_key': 'prompt',
[36m(TaskRunnerV1 pid=262098)[0m           'return_full_prompt': False,
[36m(TaskRunnerV1 pid=262098)[0m           'return_multi_modal_inputs': True,
[36m(TaskRunnerV1 pid=262098)[0m           'return_raw_chat': True,
[36m(TaskRunnerV1 pid=262098)[0m           'return_raw_input_ids': False,
[36m(TaskRunnerV1 pid=262098)[0m           'reward_fn_key': 'data_source',
[36m(TaskRunnerV1 pid=262098)[0m           'seed': 42,
[36m(TaskRunnerV1 pid=262098)[0m           'shuffle': False,
[36m(TaskRunnerV1 pid=262098)[0m           'tokenizer': None,
[36m(TaskRunnerV1 pid=262098)[0m           'tool_config_path': None,
[36m(TaskRunnerV1 pid=262098)[0m           'train_batch_size': 4,
[36m(TaskRunnerV1 pid=262098)[0m           'train_files': '/home/p00938733/ruler-verl/8k8k/train.parquet',
[36m(TaskRunnerV1 pid=262098)[0m           'train_max_samples': -1,
[36m(TaskRunnerV1 pid=262098)[0m           'truncation': 'error',
[36m(TaskRunnerV1 pid=262098)[0m           'trust_remote_code': False,
[36m(TaskRunnerV1 pid=262098)[0m           'use_shm': False,
[36m(TaskRunnerV1 pid=262098)[0m           'val_batch_size': None,
[36m(TaskRunnerV1 pid=262098)[0m           'val_files': '/home/p00938733/ruler-verl/8k8k/test.parquet',
[36m(TaskRunnerV1 pid=262098)[0m           'val_max_samples': -1,
[36m(TaskRunnerV1 pid=262098)[0m           'validation_shuffle': False,
[36m(TaskRunnerV1 pid=262098)[0m           'video_key': 'videos'},
[36m(TaskRunnerV1 pid=262098)[0m  'distillation': {'_target_': 'verl.workers.config.DistillationConfig',
[36m(TaskRunnerV1 pid=262098)[0m                   'distillation_loss': {'_target_': 'verl.workers.config.DistillationLossConfig',
[36m(TaskRunnerV1 pid=262098)[0m                                         'clip_ratio': 0.2,
[36m(TaskRunnerV1 pid=262098)[0m                                         'clip_ratio_high': 0.2,
[36m(TaskRunnerV1 pid=262098)[0m                                         'clip_ratio_low': 0.2,
[36m(TaskRunnerV1 pid=262098)[0m                                         'distillation_loss_coef': 1.0,
[36m(TaskRunnerV1 pid=262098)[0m                                         'log_prob_min_clamp': None,
[36m(TaskRunnerV1 pid=262098)[0m                                         'loss_max_clamp': None,
[36m(TaskRunnerV1 pid=262098)[0m                                         'loss_mode': 'k3',
[36m(TaskRunnerV1 pid=262098)[0m                                         'policy_loss_mode': 'vanilla',
[36m(TaskRunnerV1 pid=262098)[0m                                         'topk': 32,
[36m(TaskRunnerV1 pid=262098)[0m                                         'use_policy_gradient': False,
[36m(TaskRunnerV1 pid=262098)[0m                                         'use_task_rewards': True},
[36m(TaskRunnerV1 pid=262098)[0m                   'enabled': False,
[36m(TaskRunnerV1 pid=262098)[0m                   'n_gpus_per_node': 8,
[36m(TaskRunnerV1 pid=262098)[0m                   'nnodes': 0,
[36m(TaskRunnerV1 pid=262098)[0m                   'teacher_key': 'data_source',
[36m(TaskRunnerV1 pid=262098)[0m                   'teacher_models': {'teacher_model': {'_target_': 'verl.workers.config.DistillationTeacherModelConfig',
[36m(TaskRunnerV1 pid=262098)[0m                                                        'inference': {'_target_': 'verl.workers.config.RolloutConfig',
[36m(TaskRunnerV1 pid=262098)[0m                                                                      'cudagraph_capture_sizes': None,
[36m(TaskRunnerV1 pid=262098)[0m                                                                      'data_parallel_size': 1,
[36m(TaskRunnerV1 pid=262098)[0m                                                                      'disable_log_stats': True,
[36m(TaskRunnerV1 pid=262098)[0m                                                                      'dtype': 'bfloat16',
[36m(TaskRunnerV1 pid=262098)[0m                                                                      'enable_chunked_prefill': True,
[36m(TaskRunnerV1 pid=262098)[0m                                                                      'enable_prefix_caching': True,
[36m(TaskRunnerV1 pid=262098)[0m                                                                      'enforce_eager': True,
[36m(TaskRunnerV1 pid=262098)[0m                                                                      'engine_kwargs': {},
[36m(TaskRunnerV1 pid=262098)[0m                                                                      'expert_parallel_size': 1,
[36m(TaskRunnerV1 pid=262098)[0m                                                                      'free_cache_engine': True,
[36m(TaskRunnerV1 pid=262098)[0m                                                                      'gpu_memory_utilization': 0.5,
[36m(TaskRunnerV1 pid=262098)[0m                                                                      'limit_images': None,
[36m(TaskRunnerV1 pid=262098)[0m                                                                      'load_format': 'auto',
[36m(TaskRunnerV1 pid=262098)[0m                                                                      'max_model_len': None,
[36m(TaskRunnerV1 pid=262098)[0m                                                                      'max_num_batched_tokens': 8192,
[36m(TaskRunnerV1 pid=262098)[0m                                                                      'max_num_seqs': 1024,
[36m(TaskRunnerV1 pid=262098)[0m                                                                      'name': 'vllm',
[36m(TaskRunnerV1 pid=262098)[0m                                                                      'prompt_length': 8448,
[36m(TaskRunnerV1 pid=262098)[0m                                                                      'response_length': 8192,
[36m(TaskRunnerV1 pid=262098)[0m                                                                      'skip_tokenizer_init': True,
[36m(TaskRunnerV1 pid=262098)[0m                                                                      'temperature': 1.0,
[36m(TaskRunnerV1 pid=262098)[0m                                                                      'tensor_model_parallel_size': 2},
[36m(TaskRunnerV1 pid=262098)[0m                                                        'key': None,
[36m(TaskRunnerV1 pid=262098)[0m                                                        'model_path': None,
[36m(TaskRunnerV1 pid=262098)[0m                                                        'num_replicas': 0}}},
[36m(TaskRunnerV1 pid=262098)[0m  'global_profiler': {'_target_': 'verl.utils.profiler.ProfilerConfig',
[36m(TaskRunnerV1 pid=262098)[0m                      'finish_hook_all_ranks': False,
[36m(TaskRunnerV1 pid=262098)[0m                      'finish_hook_cmd': None,
[36m(TaskRunnerV1 pid=262098)[0m                      'finish_hook_ranks': [],
[36m(TaskRunnerV1 pid=262098)[0m                      'global_tool_config': {'nsys': {'_target_': 'verl.utils.profiler.config.NsightToolConfig',
[36m(TaskRunnerV1 pid=262098)[0m                                                      'controller_nsight_options': {'cuda-graph-trace': 'graph',
[36m(TaskRunnerV1 pid=262098)[0m                                                                                    'cuda-memory-usage': 'true',
[36m(TaskRunnerV1 pid=262098)[0m                                                                                    'trace': 'cuda,nvtx,cublas,ucx'},
[36m(TaskRunnerV1 pid=262098)[0m                                                      'discrete': False,
[36m(TaskRunnerV1 pid=262098)[0m                                                      'worker_nsight_options': {'capture-range': 'cudaProfilerApi',
[36m(TaskRunnerV1 pid=262098)[0m                                                                                'capture-range-end': None,
[36m(TaskRunnerV1 pid=262098)[0m                                                                                'cuda-graph-trace': 'graph',
[36m(TaskRunnerV1 pid=262098)[0m                                                                                'cuda-memory-usage': 'true',
[36m(TaskRunnerV1 pid=262098)[0m                                                                                'kill': 'none',
[36m(TaskRunnerV1 pid=262098)[0m                                                                                'trace': 'cuda,nvtx,cublas,ucx'}},
[36m(TaskRunnerV1 pid=262098)[0m                                             'precision_debugger': {'_target_': 'verl.utils.profiler.config.PrecisionDebuggerToolConfig',
[36m(TaskRunnerV1 pid=262098)[0m                                                                    'config_path': None,
[36m(TaskRunnerV1 pid=262098)[0m                                                                    'stages': None,
[36m(TaskRunnerV1 pid=262098)[0m                                                                    'steps': None,
[36m(TaskRunnerV1 pid=262098)[0m                                                                    'strict': False},
[36m(TaskRunnerV1 pid=262098)[0m                                             'torch_memory': {'context': 'all',
[36m(TaskRunnerV1 pid=262098)[0m                                                              'kw_args': {},
[36m(TaskRunnerV1 pid=262098)[0m                                                              'memory_snapshot_num_steps': 1,
[36m(TaskRunnerV1 pid=262098)[0m                                                              'stack_depth': 32,
[36m(TaskRunnerV1 pid=262098)[0m                                                              'stacks': 'all',
[36m(TaskRunnerV1 pid=262098)[0m                                                              'trace_alloc_max_entries': 100000}},
[36m(TaskRunnerV1 pid=262098)[0m                      'profile_continuous_steps': False,
[36m(TaskRunnerV1 pid=262098)[0m                      'relocate_results': False,
[36m(TaskRunnerV1 pid=262098)[0m                      'save_path': 'outputs/profile',
[36m(TaskRunnerV1 pid=262098)[0m                      'steps': None,
[36m(TaskRunnerV1 pid=262098)[0m                      'tool': None},
[36m(TaskRunnerV1 pid=262098)[0m  'model_engine': 'megatron',
[36m(TaskRunnerV1 pid=262098)[0m  'ray_kwargs': {'ray_init': {'num_cpus': None,
[36m(TaskRunnerV1 pid=262098)[0m                              'runtime_env': {'env_vars': {'VERL_RESPONSE_ONLY_LM_HEAD_PROFILE': '1'},
[36m(TaskRunnerV1 pid=262098)[0m                                              'py_executable': None}},
[36m(TaskRunnerV1 pid=262098)[0m                 'timeline_json_file': None},
[36m(TaskRunnerV1 pid=262098)[0m  'reward': {'_target_': 'verl.workers.config.RewardConfig',
[36m(TaskRunnerV1 pid=262098)[0m             'custom_reward_function': {'name': 'compute_score',
[36m(TaskRunnerV1 pid=262098)[0m                                        'path': '/home/p00938733/ruler-verl/ruler_niah_reward.py'},
[36m(TaskRunnerV1 pid=262098)[0m             'num_workers': 8,
[36m(TaskRunnerV1 pid=262098)[0m             'reward_manager': {'_target_': 'verl.workers.config.reward.RewardManagerConfig',
[36m(TaskRunnerV1 pid=262098)[0m                                'module': {'_target_': 'verl.trainer.config.config.ModuleConfig',
[36m(TaskRunnerV1 pid=262098)[0m                                           'name': 'custom_reward_manager',
[36m(TaskRunnerV1 pid=262098)[0m                                           'path': None},
[36m(TaskRunnerV1 pid=262098)[0m                                'name': 'naive',
[36m(TaskRunnerV1 pid=262098)[0m                                'source': 'register'},
[36m(TaskRunnerV1 pid=262098)[0m             'reward_model': {'_target_': 'verl.workers.config.RewardModelConfig',
[36m(TaskRunnerV1 pid=262098)[0m                              'enable': False,
[36m(TaskRunnerV1 pid=262098)[0m                              'enable_resource_pool': False,
[36m(TaskRunnerV1 pid=262098)[0m                              'model_path': None,
[36m(TaskRunnerV1 pid=262098)[0m                              'n_gpus_per_node': 8,
[36m(TaskRunnerV1 pid=262098)[0m                              'nnodes': 0,
[36m(TaskRunnerV1 pid=262098)[0m                              'rollout': {'_target_': 'verl.workers.config.RolloutConfig',
[36m(TaskRunnerV1 pid=262098)[0m                                          'cudagraph_capture_sizes': None,
[36m(TaskRunnerV1 pid=262098)[0m                                          'data_parallel_size': 1,
[36m(TaskRunnerV1 pid=262098)[0m                                          'disable_log_stats': True,
[36m(TaskRunnerV1 pid=262098)[0m                                          'disaggregation': {'bootstrap_port': None,
[36m(TaskRunnerV1 pid=262098)[0m                                                             'decode_replicas': 1,
[36m(TaskRunnerV1 pid=262098)[0m                                                             'decode_tensor_model_parallel_size': None,
[36m(TaskRunnerV1 pid=262098)[0m                                                             'enabled': False,
[36m(TaskRunnerV1 pid=262098)[0m                                                             'ib_device': None,
[36m(TaskRunnerV1 pid=262098)[0m                                                             'prefill_replicas': 1,
[36m(TaskRunnerV1 pid=262098)[0m                                                             'transfer_backend': 'nixl'},
[36m(TaskRunnerV1 pid=262098)[0m                                          'do_sample': True,
[36m(TaskRunnerV1 pid=262098)[0m                                          'dtype': 'bfloat16',
[36m(TaskRunnerV1 pid=262098)[0m                                          'enable_chunked_prefill': True,
[36m(TaskRunnerV1 pid=262098)[0m                                          'enable_prefix_caching': True,
[36m(TaskRunnerV1 pid=262098)[0m                                          'enforce_eager': True,
[36m(TaskRunnerV1 pid=262098)[0m                                          'engine_kwargs': {},
[36m(TaskRunnerV1 pid=262098)[0m                                          'expert_parallel_size': 1,
[36m(TaskRunnerV1 pid=262098)[0m                                          'free_cache_engine': True,
[36m(TaskRunnerV1 pid=262098)[0m                                          'full_determinism': False,
[36m(TaskRunnerV1 pid=262098)[0m                                          'gpu_memory_utilization': 0.5,
[36m(TaskRunnerV1 pid=262098)[0m                                          'ignore_eos': False,
[36m(TaskRunnerV1 pid=262098)[0m                                          'layered_summon': False,
[36m(TaskRunnerV1 pid=262098)[0m                                          'limit_images': None,
[36m(TaskRunnerV1 pid=262098)[0m                                          'load_format': 'auto',
[36m(TaskRunnerV1 pid=262098)[0m                                          'max_model_len': None,
[36m(TaskRunnerV1 pid=262098)[0m                                          'max_num_batched_tokens': 8192,
[36m(TaskRunnerV1 pid=262098)[0m                                          'max_num_seqs': 1024,
[36m(TaskRunnerV1 pid=262098)[0m                                          'mtp': None,
[36m(TaskRunnerV1 pid=262098)[0m                                          'multi_stage_wake_up': False,
[36m(TaskRunnerV1 pid=262098)[0m                                          'n': 1,
[36m(TaskRunnerV1 pid=262098)[0m                                          'name': '???',
[36m(TaskRunnerV1 pid=262098)[0m                                          'pipeline_model_parallel_size': 1,
[36m(TaskRunnerV1 pid=262098)[0m                                          'prompt_length': 2048,
[36m(TaskRunnerV1 pid=262098)[0m                                          'quantization': None,
[36m(TaskRunnerV1 pid=262098)[0m                                          'quantization_config_file': None,
[36m(TaskRunnerV1 pid=262098)[0m                                          'response_length': 2048,
[36m(TaskRunnerV1 pid=262098)[0m                                          'scheduling_policy': 'fcfs',
[36m(TaskRunnerV1 pid=262098)[0m                                          'seed': 42,
[36m(TaskRunnerV1 pid=262098)[0m                                          'skip_tokenizer_init': False,
[36m(TaskRunnerV1 pid=262098)[0m                                          'temperature': 1.0,
[36m(TaskRunnerV1 pid=262098)[0m                                          'tensor_model_parallel_size': 2,
[36m(TaskRunnerV1 pid=262098)[0m                                          'top_k': -1,
[36m(TaskRunnerV1 pid=262098)[0m                                          'top_p': 1}},
[36m(TaskRunnerV1 pid=262098)[0m             'sandbox_fusion': {'_target_': 'verl.workers.config.SandboxFusionConfig',
[36m(TaskRunnerV1 pid=262098)[0m                                'max_concurrent': 64,
[36m(TaskRunnerV1 pid=262098)[0m                                'memory_limit_mb': 1024,
[36m(TaskRunnerV1 pid=262098)[0m                                'url': None}},
[36m(TaskRunnerV1 pid=262098)[0m  'reward_model': {'enable': None,
[36m(TaskRunnerV1 pid=262098)[0m                   'enable_resource_pool': None,
[36m(TaskRunnerV1 pid=262098)[0m                   'model': {'external_lib': None,
[36m(TaskRunnerV1 pid=262098)[0m                             'path': None,
[36m(TaskRunnerV1 pid=262098)[0m                             'trust_remote_code': None},
[36m(TaskRunnerV1 pid=262098)[0m                   'n_gpus_per_node': None,
[36m(TaskRunnerV1 pid=262098)[0m                   'nnodes': None,
[36m(TaskRunnerV1 pid=262098)[0m                   'num_workers': None,
[36m(TaskRunnerV1 pid=262098)[0m                   'reward_loop_class_name': None,
[36m(TaskRunnerV1 pid=262098)[0m                   'reward_loop_module_path': None,
[36m(TaskRunnerV1 pid=262098)[0m                   'reward_loop_source': None,
[36m(TaskRunnerV1 pid=262098)[0m                   'reward_manager': None,
[36m(TaskRunnerV1 pid=262098)[0m                   'rollout': {'cudagraph_capture_sizes': None,
[36m(TaskRunnerV1 pid=262098)[0m                               'data_parallel_size': None,
[36m(TaskRunnerV1 pid=262098)[0m                               'disable_log_stats': None,
[36m(TaskRunnerV1 pid=262098)[0m                               'dtype': None,
[36m(TaskRunnerV1 pid=262098)[0m                               'enable_chunked_prefill': None,
[36m(TaskRunnerV1 pid=262098)[0m                               'enable_prefix_caching': None,
[36m(TaskRunnerV1 pid=262098)[0m                               'enforce_eager': None,
[36m(TaskRunnerV1 pid=262098)[0m                               'engine_kwargs': None,
[36m(TaskRunnerV1 pid=262098)[0m                               'expert_parallel_size': None,
[36m(TaskRunnerV1 pid=262098)[0m                               'free_cache_engine': None,
[36m(TaskRunnerV1 pid=262098)[0m                               'gpu_memory_utilization': None,
[36m(TaskRunnerV1 pid=262098)[0m                               'limit_images': None,
[36m(TaskRunnerV1 pid=262098)[0m                               'load_format': None,
[36m(TaskRunnerV1 pid=262098)[0m                               'max_model_len': None,
[36m(TaskRunnerV1 pid=262098)[0m                               'max_num_batched_tokens': None,
[36m(TaskRunnerV1 pid=262098)[0m                               'max_num_seqs': None,
[36m(TaskRunnerV1 pid=262098)[0m                               'name': None,
[36m(TaskRunnerV1 pid=262098)[0m                               'prompt_length': None,
[36m(TaskRunnerV1 pid=262098)[0m                               'response_length': None,
[36m(TaskRunnerV1 pid=262098)[0m                               'skip_tokenizer_init': None,
[36m(TaskRunnerV1 pid=262098)[0m                               'tensor_model_parallel_size': None}},
[36m(TaskRunnerV1 pid=262098)[0m  'sandbox_fusion': {'max_concurrent': None,
[36m(TaskRunnerV1 pid=262098)[0m                     'memory_limit_mb': None,
[36m(TaskRunnerV1 pid=262098)[0m                     'url': None},
[36m(TaskRunnerV1 pid=262098)[0m  'skip': {'_target_': 'verl.utils.skip.SkipManagerConfig',
[36m(TaskRunnerV1 pid=262098)[0m           'async_rollout': {'action': 'cache',
[36m(TaskRunnerV1 pid=262098)[0m                             'dump_dir': '~/.verl/rollout_dump',
[36m(TaskRunnerV1 pid=262098)[0m                             'enable': False,
[36m(TaskRunnerV1 pid=262098)[0m                             'steps': []},
[36m(TaskRunnerV1 pid=262098)[0m           'rollout': {'action': 'cache',
[36m(TaskRunnerV1 pid=262098)[0m                       'dump_dir': '~/.verl/rollout_dump',
[36m(TaskRunnerV1 pid=262098)[0m                       'enable': False,
[36m(TaskRunnerV1 pid=262098)[0m                       'steps': []},
[36m(TaskRunnerV1 pid=262098)[0m           'rollout_tq': {'action': 'cache',
[36m(TaskRunnerV1 pid=262098)[0m                          'dump_dir': '/home/p00938733/rlmh-cache/8k8k-recompute-20260911-131445',
[36m(TaskRunnerV1 pid=262098)[0m                          'enable': True,
[36m(TaskRunnerV1 pid=262098)[0m                          'steps': [1, 2, 3, 4]}},
[36m(TaskRunnerV1 pid=262098)[0m  'trainer': {'balance_batch': True,
[36m(TaskRunnerV1 pid=262098)[0m              'checkpoint_callback_class': None,
[36m(TaskRunnerV1 pid=262098)[0m              'critic_warmup': 0,
[36m(TaskRunnerV1 pid=262098)[0m              'default_hdfs_dir': None,
[36m(TaskRunnerV1 pid=262098)[0m              'default_local_dir': 'checkpoints/rlmh_combinations_a100/rlmh_combinations_a100',
[36m(TaskRunnerV1 pid=262098)[0m              'del_local_ckpt_after_load': False,
[36m(TaskRunnerV1 pid=262098)[0m              'device': 'cuda',
[36m(TaskRunnerV1 pid=262098)[0m              'esi_redundant_time': 0,
[36m(TaskRunnerV1 pid=262098)[0m              
[36m(TaskRunnerV1 pid=262098)[0m 'experiment_name': 'rlmh_combinations_a100',
[36m(TaskRunnerV1 pid=262098)[0m              'log_val_generations': 0,
[36m(TaskRunnerV1 pid=262098)[0m              'logger': ['console'],
[36m(TaskRunnerV1 pid=262098)[0m              'max_actor_ckpt_to_keep': None,
[36m(TaskRunnerV1 pid=262098)[0m              'max_critic_ckpt_to_keep': None,
[36m(TaskRunnerV1 pid=262098)[0m              'n_gpus_per_node': 8,
[36m(TaskRunnerV1 pid=262098)[0m              'nnodes': 1,
[36m(TaskRunnerV1 pid=262098)[0m              'project_name': 'rlmh_combinations_a100',
[36m(TaskRunnerV1 pid=262098)[0m              'ray_wait_register_center_timeout': 300,
[36m(TaskRunnerV1 pid=262098)[0m              'resume_from_path': None,
[36m(TaskRunnerV1 pid=262098)[0m              'resume_mode': 'disable',
[36m(TaskRunnerV1 pid=262098)[0m              'rollout_data_dir': None,
[36m(TaskRunnerV1 pid=262098)[0m              'save_freq': -1,
[36m(TaskRunnerV1 pid=262098)[0m              'test_freq': -1,
[36m(TaskRunnerV1 pid=262098)[0m              'total_epochs': 15,
[36m(TaskRunnerV1 pid=262098)[0m              'total_training_steps': 4,
[36m(TaskRunnerV1 pid=262098)[0m              'use_v1': True,
[36m(TaskRunnerV1 pid=262098)[0m              'v1': {'colocate_async': {'num_warmup_batches': 1},
[36m(TaskRunnerV1 pid=262098)[0m                     'sampler': {'custom_sampler': {'name': None, 'path': None},
[36m(TaskRunnerV1 pid=262098)[0m                                 'max_off_policy_strategy': 'drop',
[36m(TaskRunnerV1 pid=262098)[0m                                 'max_off_policy_threshold': 8,
[36m(TaskRunnerV1 pid=262098)[0m                                 'sampler_kwargs': {},
[36m(TaskRunnerV1 pid=262098)[0m                                 'sync_refill_failed_groups': False},
[36m(TaskRunnerV1 pid=262098)[0m                     'separate_async': {'hybrid_rollout': {'_target_': 'verl.trainer.config.HybridRolloutSwitchConfig',
[36m(TaskRunnerV1 pid=262098)[0m                                                           'adaptive_switch_threshold': True,
[36m(TaskRunnerV1 pid=262098)[0m                                                           'enable_switch': False,
[36m(TaskRunnerV1 pid=262098)[0m                                                           'switch_cost_window_size': 3,
[36m(TaskRunnerV1 pid=262098)[0m                                                           'switch_threshold_ratio': 0.4,
[36m(TaskRunnerV1 pid=262098)[0m                                                           'switch_threshold_release_steps': 2,
[36m(TaskRunnerV1 pid=262098)[0m                                                           'switch_threshold_step_down': 0.03,
[36m(TaskRunnerV1 pid=262098)[0m                                                           'switch_threshold_step_up': 0.05},
[36m(TaskRunnerV1 pid=262098)[0m                                        'num_warmup_batches': 1,
[36m(TaskRunnerV1 pid=262098)[0m                                        'parameter_sync_step': 4},
[36m(TaskRunnerV1 pid=262098)[0m                     'sync': {},
[36m(TaskRunnerV1 pid=262098)[0m                     'trainer_mode': 'sync'},
[36m(TaskRunnerV1 pid=262098)[0m              'val_before_train': False,
[36m(TaskRunnerV1 pid=262098)[0m              'val_only': False,
[36m(TaskRunnerV1 pid=262098)[0m              'validation_data_dir': None},
[36m(TaskRunnerV1 pid=262098)[0m  'transfer_queue': {'backend': {'MooncakeStore': {'auto_init': False,
[36m(TaskRunnerV1 pid=262098)[0m                                                   'device_name': '',
[36m(TaskRunnerV1 pid=262098)[0m                                                   'global_segment_size': 4294967296,
[36m(TaskRunnerV1 pid=262098)[0m                                                   'local_buffer_size': 1073741824,
[36m(TaskRunnerV1 pid=262098)[0m                                                   'local_hostname': 'localhost',
[36m(TaskRunnerV1 pid=262098)[0m                                                   'master_server_address': 'localhost:50124',
[36m(TaskRunnerV1 pid=262098)[0m                                                   'metadata_server': 'localhost:50123',
[36m(TaskRunnerV1 pid=262098)[0m                                                   'protocol': 'tcp'},
[36m(TaskRunnerV1 pid=262098)[0m                                 'SimpleStorage': {'num_data_storage_units': 8,
[36m(TaskRunnerV1 pid=262098)[0m                                                   'total_storage_size': 100000},
[36m(TaskRunnerV1 pid=262098)[0m                                 'storage_backend': 'SimpleStorage'},
[36m(TaskRunnerV1 pid=262098)[0m                     'enable': True,
[36m(TaskRunnerV1 pid=262098)[0m                     'metrics': {'enabled': False, 'port': 0}}}
[36m(TaskRunnerV1 pid=262098)[0m /home/p00938733/verl-090/verl/trainer/ppo/v1/trainer_base.py:129: UserWarning: Disabled critic as algorithm.adv_estimator != gae. If it is not intended, please set critic.enable=True
[36m(TaskRunnerV1 pid=262098)[0m   self.use_critic = need_critic(self.config)
[36m(TaskRunnerV1 pid=262098)[0m Using dataset class: RLHFDataset
[36m(TaskRunnerV1 pid=262098)[0m dataset len: 8
[36m(TaskRunnerV1 pid=262098)[0m Using dataset class: RLHFDataset
[36m(TaskRunnerV1 pid=262098)[0m INFO:2026-09-11 13:57:10,654:train and validate dataloader initialized, train dataset size: 8, val dataset size: 4
[36m(TaskRunnerV1 pid=262098)[0m INFO:2026-09-11 13:57:10,657:Total training steps: 4
[36m(TaskRunnerV1 pid=262098)[0m /home/p00938733/verl-090/verl/trainer/ppo/v1/trainer_base.py:755: UserWarning: Disabled critic as algorithm.adv_estimator != gae. If it is not intended, please set critic.enable=True
[36m(TaskRunnerV1 pid=262098)[0m   if need_critic(config):
[36m(TaskRunnerV1 pid=262098)[0m INFO:2026-09-11 13:57:10,662:worker group kwargs: {'device_name': 'cuda'}
[36m(TaskRunnerV1 pid=262098)[0m dataset len: 4
[36m(TaskRunnerV1 pid=262098)[0m colocated worker base class <class 'verl.single_controller.base.worker.Worker'>
[36m(TaskRunnerV1 pid=262098)[0m INFO:2026-09-11 13:57:11,618:create worker group dict_keys(['actor_rollout_ref'])
[36m(WorkerDict pid=263344)[0m /home/p00938733/verl-090/verl/workers/engine/__init__.py:32: UserWarning: torchtitan engine is not available: ModuleNotFoundError("No module named 'torchtitan'")
[36m(WorkerDict pid=263344)[0m   warnings.warn(f"torchtitan engine is not available: {e!r}", stacklevel=1)
[36m(WorkerDict pid=263344)[0m /home/p00938733/verl-090/verl/workers/engine/__init__.py:41: UserWarning: veomni engine is not available: ModuleNotFoundError("No module named 'veomni'")
[36m(WorkerDict pid=263344)[0m   warnings.warn(f"veomni engine is not available: {e!r}", stacklevel=1)
[36m(WorkerDict pid=263344)[0m /home/p00938733/verl-090/verl/workers/engine/__init__.py:50: UserWarning: automodel engine is not available: ModuleNotFoundError("No module named 'nemo_automodel'")
[36m(WorkerDict pid=263344)[0m   warnings.warn(f"automodel engine is not available: {e!r}", stacklevel=1)
[36m(WorkerDict pid=263346)[0m /home/p00938733/verl-090/verl/workers/engine/__init__.py:32: UserWarning: torchtitan engine is not available: ModuleNotFoundError("No module named 'torchtitan'")
[36m(WorkerDict pid=263346)[0m   warnings.warn(f"torchtitan engine is not available: {e!r}", stacklevel=1)
[36m(WorkerDict pid=263346)[0m /home/p00938733/verl-090/verl/workers/engine/__init__.py:41: UserWarning: veomni engine is not available: ModuleNotFoundError("No module named 'veomni'")
[36m(WorkerDict pid=263346)[0m   warnings.warn(f"veomni engine is not available: {e!r}", stacklevel=1)
[36m(WorkerDict pid=263346)[0m /home/p00938733/verl-090/verl/workers/engine/__init__.py:50: UserWarning: automodel engine is not available: ModuleNotFoundError("No module named 'nemo_automodel'")
[36m(WorkerDict pid=263346)[0m   warnings.warn(f"automodel engine is not available: {e!r}", stacklevel=1)
[36m(WorkerDict pid=263340)[0m /home/p00938733/verl-090/verl/workers/engine/__init__.py:32: UserWarning: torchtitan engine is not available: ModuleNotFoundError("No module named 'torchtitan'")
[36m(WorkerDict pid=263340)[0m   warnings.warn(f"torchtitan engine is not available: {e!r}", stacklevel=1)
[36m(WorkerDict pid=263340)[0m /home/p00938733/verl-090/verl/workers/engine/__init__.py:41: UserWarning: veomni engine is not available: ModuleNotFoundError("No module named 'veomni'")
[36m(WorkerDict pid=263340)[0m   warnings.warn(f"veomni engine is not available: {e!r}", stacklevel=1)
[36m(WorkerDict pid=263340)[0m /home/p00938733/verl-090/verl/workers/engine/__init__.py:50: UserWarning: automodel engine is not available: ModuleNotFoundError("No module named 'nemo_automodel'")
[36m(WorkerDict pid=263340)[0m   warnings.warn(f"automodel engine is not available: {e!r}", stacklevel=1)
[36m(WorkerDict pid=263343)[0m /home/p00938733/verl-090/verl/workers/engine/__init__.py:32: UserWarning: torchtitan engine is not available: ModuleNotFoundError("No module named 'torchtitan'")
[36m(WorkerDict pid=263343)[0m   warnings.warn(f"torchtitan engine is not available: {e!r}", stacklevel=1)
[36m(WorkerDict pid=263343)[0m /home/p00938733/verl-090/verl/workers/engine/__init__.py:41: UserWarning: veomni engine is not available: ModuleNotFoundError("No module named 'veomni'")
[36m(WorkerDict pid=263343)[0m   warnings.warn(f"veomni engine is not available: {e!r}", stacklevel=1)
[36m(WorkerDict pid=263343)[0m /home/p00938733/verl-090/verl/workers/engine/__init__.py:50: UserWarning: automodel engine is not available: ModuleNotFoundError("No module named 'nemo_automodel'")
[36m(WorkerDict pid=263343)[0m   warnings.warn(f"automodel engine is not available: {e!r}", stacklevel=1)
[36m(WorkerDict pid=263345)[0m /home/p00938733/verl-090/verl/workers/engine/__init__.py:32: UserWarning: torchtitan engine is not available: ModuleNotFoundError("No module named 'torchtitan'")
[36m(WorkerDict pid=263345)[0m   warnings.warn(f"torchtitan engine is not available: {e!r}", stacklevel=1)
[36m(WorkerDict pid=263345)[0m /home/p00938733/verl-090/verl/workers/engine/__init__.py:41: UserWarning: veomni engine is not available: ModuleNotFoundError("No module named 'veomni'")
[36m(WorkerDict pid=263345)[0m   warnings.warn(f"veomni engine is not available: {e!r}", stacklevel=1)
[36m(WorkerDict pid=263345)[0m /home/p00938733/verl-090/verl/workers/engine/__init__.py:50: UserWarning: automodel engine is not available: ModuleNotFoundError("No module named 'nemo_automodel'")
[36m(WorkerDict pid=263345)[0m   warnings.warn(f"automodel engine is not available: {e!r}", stacklevel=1)
[36m(WorkerDict pid=263341)[0m /home/p00938733/verl-090/verl/workers/engine/__init__.py:32: UserWarning: torchtitan engine is not available: ModuleNotFoundError("No module named 'torchtitan'")
[36m(WorkerDict pid=263341)[0m   warnings.warn(f"torchtitan engine is not available: {e!r}", stacklevel=1)
[36m(WorkerDict pid=263341)[0m /home/p00938733/verl-090/verl/workers/engine/__init__.py:41: UserWarning: veomni engine is not available: ModuleNotFoundError("No module named 'veomni'")
[36m(WorkerDict pid=263341)[0m   warnings.warn(f"veomni engine is not available: {e!r}", stacklevel=1)
[36m(WorkerDict pid=263341)[0m /home/p00938733/verl-090/verl/workers/engine/__init__.py:50: UserWarning: automodel engine is not available: ModuleNotFoundError("No module named 'nemo_automodel'")
[36m(WorkerDict pid=263341)[0m   warnings.warn(f"automodel engine is not available: {e!r}", stacklevel=1)
[36m(WorkerDict pid=263347)[0m /home/p00938733/verl-090/verl/workers/engine/__init__.py:32: UserWarning: torchtitan engine is not available: ModuleNotFoundError("No module named 'torchtitan'")
[36m(WorkerDict pid=263347)[0m   warnings.warn(f"torchtitan engine is not available: {e!r}", stacklevel=1)
[36m(WorkerDict pid=263347)[0m /home/p00938733/verl-090/verl/workers/engine/__init__.py:41: UserWarning: veomni engine is not available: ModuleNotFoundError("No module named 'veomni'")
[36m(WorkerDict pid=263347)[0m   warnings.warn(f"veomni engine is not available: {e!r}", stacklevel=1)
[36m(WorkerDict pid=263347)[0m /home/p00938733/verl-090/verl/workers/engine/__init__.py:50: UserWarning: automodel engine is not available: ModuleNotFoundError("No module named 'nemo_automodel'")
[36m(WorkerDict pid=263347)[0m   warnings.warn(f"automodel engine is not available: {e!r}", stacklevel=1)
[36m(WorkerDict pid=263342)[0m /home/p00938733/verl-090/verl/workers/engine/__init__.py:32: UserWarning: torchtitan engine is not available: ModuleNotFoundError("No module named 'torchtitan'")
[36m(WorkerDict pid=263342)[0m   warnings.warn(f"torchtitan engine is not available: {e!r}", stacklevel=1)
[36m(WorkerDict pid=263342)[0m /home/p00938733/verl-090/verl/workers/engine/__init__.py:41: UserWarning: veomni engine is not available: ModuleNotFoundError("No module named 'veomni'")
[36m(WorkerDict pid=263342)[0m   warnings.warn(f"veomni engine is not available: {e!r}", stacklevel=1)
[36m(WorkerDict pid=263342)[0m /home/p00938733/verl-090/verl/workers/engine/__init__.py:50: UserWarning: automodel engine is not available: ModuleNotFoundError("No module named 'nemo_automodel'")
[36m(WorkerDict pid=263342)[0m   warnings.warn(f"automodel engine is not available: {e!r}", stacklevel=1)
[36m(WorkerDict pid=263342)[0m /opt/Megatron-Bridge/3rdparty/Megatron-LM/megatron/core/models/mimo/config/base_configs.py:12: UserWarning: MimoModelConfig is experimental and still under active development. The API may change without notice in future releases.
[36m(WorkerDict pid=263342)[0m   class MimoModelConfig:
[36m(WorkerDict pid=263340)[0m /opt/Megatron-Bridge/3rdparty/Megatron-LM/megatron/core/models/mimo/config/base_configs.py:12: UserWarning: MimoModelConfig is experimental and still under active development. The API may change without notice in future releases.
[36m(WorkerDict pid=263340)[0m   class MimoModelConfig:
[36m(WorkerDict pid=263342)[0m [transformers] `torch_dtype` is deprecated! Use `dtype` instead!
[36m(WorkerDict pid=263342)[0m /opt/Megatron-Bridge/3rdparty/Megatron-LM/megatron/core/transformer/transformer_config.py:2191: UserWarning: full scope is deprecated. Use empty cuda_graph_modules to capture the whole layer.
[36m(WorkerDict pid=263342)[0m   warnings.warn(
[36m(WorkerDict pid=263342)[0m /opt/Megatron-Bridge/3rdparty/Megatron-LM/megatron/core/models/gpt/gpt_layer_specs.py:216: UserWarning: The fp8 argument in "get_gpt_layer_with_transformer_engine_spec" has been deprecated and will be removed soon. Please update your code accordingly.
[36m(WorkerDict pid=263342)[0m   warnings.warn(
[36m(WorkerDict pid=263343)[0m /opt/Megatron-Bridge/3rdparty/Megatron-LM/megatron/core/models/mimo/config/base_configs.py:12: UserWarning: MimoModelConfig is experimental and still under active development. The API may change without notice in future releases.
[36m(WorkerDict pid=263343)[0m   class MimoModelConfig:
[36m(WorkerDict pid=263340)[0m [transformers] `torch_dtype` is deprecated! Use `dtype` instead!
[36m(WorkerDict pid=263340)[0m /opt/Megatron-Bridge/3rdparty/Megatron-LM/megatron/core/transformer/transformer_config.py:2191: UserWarning: full scope is deprecated. Use empty cuda_graph_modules to capture the whole layer.
[36m(WorkerDict pid=263340)[0m   warnings.warn(
[36m(WorkerDict pid=263340)[0m /opt/Megatron-Bridge/3rdparty/Megatron-LM/megatron/core/models/gpt/gpt_layer_specs.py:216: UserWarning: The fp8 argument in "get_gpt_layer_with_transformer_engine_spec" has been deprecated and will be removed soon. Please update your code accordingly.
[36m(WorkerDict pid=263340)[0m   warnings.warn(
[36m(WorkerDict pid=263341)[0m /opt/Megatron-Bridge/3rdparty/Megatron-LM/megatron/core/models/mimo/config/base_configs.py:12: UserWarning: MimoModelConfig is experimental and still under active development. The API may change without notice in future releases.
[36m(WorkerDict pid=263341)[0m   class MimoModelConfig:
[36m(WorkerDict pid=263341)[0m [transformers] `torch_dtype` is deprecated! Use `dtype` instead!
[36m(WorkerDict pid=263341)[0m /opt/Megatron-Bridge/3rdparty/Megatron-LM/megatron/core/transformer/transformer_config.py:2191: UserWarning: full scope is deprecated. Use empty cuda_graph_modules to capture the whole layer.
[36m(WorkerDict pid=263341)[0m   warnings.warn(
[36m(WorkerDict pid=263341)[0m /opt/Megatron-Bridge/3rdparty/Megatron-LM/megatron/core/models/gpt/gpt_layer_specs.py:216: UserWarning: The fp8 argument in "get_gpt_layer_with_transformer_engine_spec" has been deprecated and will be removed soon. Please update your code accordingly.
[36m(WorkerDict pid=263341)[0m   warnings.warn(
[36m(WorkerDict pid=263343)[0m [transformers] `torch_dtype` is deprecated! Use `dtype` instead!
[36m(WorkerDict pid=263343)[0m /opt/Megatron-Bridge/3rdparty/Megatron-LM/megatron/core/transformer/transformer_config.py:2191: UserWarning: full scope is deprecated. Use empty cuda_graph_modules to capture the whole layer.
[36m(WorkerDict pid=263343)[0m   warnings.warn(
[36m(WorkerDict pid=263343)[0m /opt/Megatron-Bridge/3rdparty/Megatron-LM/megatron/core/models/gpt/gpt_layer_specs.py:216: UserWarning: The fp8 argument in "get_gpt_layer_with_transformer_engine_spec" has been deprecated and will be removed soon. Please update your code accordingly.
[36m(WorkerDict pid=263343)[0m   warnings.warn(
[36m(WorkerDict pid=263344)[0m /opt/Megatron-Bridge/3rdparty/Megatron-LM/megatron/core/models/mimo/config/base_configs.py:12: UserWarning: MimoModelConfig is experimental and still under active development. The API may change without notice in future releases.
[36m(WorkerDict pid=263344)[0m   class MimoModelConfig:
[36m(WorkerDict pid=263344)[0m [transformers] `torch_dtype` is deprecated! Use `dtype` instead!
[36m(WorkerDict pid=263344)[0m /opt/Megatron-Bridge/3rdparty/Megatron-LM/megatron/core/transformer/transformer_config.py:2191: UserWarning: full scope is deprecated. Use empty cuda_graph_modules to capture the whole layer.
[36m(WorkerDict pid=263344)[0m   warnings.warn(
[36m(WorkerDict pid=263344)[0m /opt/Megatron-Bridge/3rdparty/Megatron-LM/megatron/core/models/gpt/gpt_layer_specs.py:216: UserWarning: The fp8 argument in "get_gpt_layer_with_transformer_engine_spec" has been deprecated and will be removed soon. Please update your code accordingly.
[36m(WorkerDict pid=263344)[0m   warnings.warn(
[36m(WorkerDict pid=263346)[0m /opt/Megatron-Bridge/3rdparty/Megatron-LM/megatron/core/models/mimo/config/base_configs.py:12: UserWarning: MimoModelConfig is experimental and still under active development. The API may change without notice in future releases.
[36m(WorkerDict pid=263346)[0m   class MimoModelConfig:
[36m(WorkerDict pid=263346)[0m [transformers] `torch_dtype` is deprecated! Use `dtype` instead!
[36m(WorkerDict pid=263346)[0m /opt/Megatron-Bridge/3rdparty/Megatron-LM/megatron/core/transformer/transformer_config.py:2191: UserWarning: full scope is deprecated. Use empty cuda_graph_modules to capture the whole layer.
[36m(WorkerDict pid=263346)[0m   warnings.warn(
[36m(WorkerDict pid=263346)[0m /opt/Megatron-Bridge/3rdparty/Megatron-LM/megatron/core/models/gpt/gpt_layer_specs.py:216: UserWarning: The fp8 argument in "get_gpt_layer_with_transformer_engine_spec" has been deprecated and will be removed soon. Please update your code accordingly.
[36m(WorkerDict pid=263346)[0m   warnings.warn(
[36m(WorkerDict pid=263347)[0m /opt/Megatron-Bridge/3rdparty/Megatron-LM/megatron/core/models/mimo/config/base_configs.py:12: UserWarning: MimoModelConfig is experimental and still under active development. The API may change without notice in future releases.
[36m(WorkerDict pid=263347)[0m   class MimoModelConfig:
[36m(WorkerDict pid=263345)[0m /opt/Megatron-Bridge/3rdparty/Megatron-LM/megatron/core/models/mimo/config/base_configs.py:12: UserWarning: MimoModelConfig is experimental and still under active development. The API may change without notice in future releases.
[36m(WorkerDict pid=263345)[0m   class MimoModelConfig:
[36m(WorkerDict pid=263347)[0m [transformers] `torch_dtype` is deprecated! Use `dtype` instead!
[36m(WorkerDict pid=263347)[0m /opt/Megatron-Bridge/3rdparty/Megatron-LM/megatron/core/transformer/transformer_config.py:2191: UserWarning: full scope is deprecated. Use empty cuda_graph_modules to capture the whole layer.
[36m(WorkerDict pid=263347)[0m   warnings.warn(
[36m(WorkerDict pid=263347)[0m /opt/Megatron-Bridge/3rdparty/Megatron-LM/megatron/core/models/gpt/gpt_layer_specs.py:216: UserWarning: The fp8 argument in "get_gpt_layer_with_transformer_engine_spec" has been deprecated and will be removed soon. Please update your code accordingly.
[36m(WorkerDict pid=263347)[0m   warnings.warn(
[36m(WorkerDict pid=263345)[0m [transformers] `torch_dtype` is deprecated! Use `dtype` instead!
[36m(WorkerDict pid=263345)[0m /opt/Megatron-Bridge/3rdparty/Megatron-LM/megatron/core/transformer/transformer_config.py:2191: UserWarning: full scope is deprecated. Use empty cuda_graph_modules to capture the whole layer.
[36m(WorkerDict pid=263345)[0m   warnings.warn(
[36m(WorkerDict pid=263345)[0m /opt/Megatron-Bridge/3rdparty/Megatron-LM/megatron/core/models/gpt/gpt_layer_specs.py:216: UserWarning: The fp8 argument in "get_gpt_layer_with_transformer_engine_spec" has been deprecated and will be removed soon. Please update your code accordingly.
[36m(WorkerDict pid=263345)[0m   warnings.warn(
[36m(WorkerDict pid=263343)[0m /opt/dev/lib/python3.12/site-packages/transformer_engine/pytorch/module/base.py:1481: UserWarning: To guarantee overlapping TP and SP collectives with the backwardGEMMs, set environment variable CUDA_DEVICE_MAX_CONNECTIONS = 1
[36m(WorkerDict pid=263343)[0m   warnings.warn(
[36m(WorkerDict pid=263340)[0m /opt/dev/lib/python3.12/site-packages/transformer_engine/pytorch/module/base.py:1481: UserWarning: To guarantee overlapping TP and SP collectives with the backwardGEMMs, set environment variable CUDA_DEVICE_MAX_CONNECTIONS = 1
[36m(WorkerDict pid=263340)[0m   warnings.warn(
[36m(WorkerDict pid=263341)[0m /opt/dev/lib/python3.12/site-packages/transformer_engine/pytorch/module/base.py:1481: UserWarning: To guarantee overlapping TP and SP collectives with the backwardGEMMs, set environment variable CUDA_DEVICE_MAX_CONNECTIONS = 1
[36m(WorkerDict pid=263341)[0m   warnings.warn(
[36m(WorkerDict pid=263345)[0m /opt/dev/lib/python3.12/site-packages/transformer_engine/pytorch/module/base.py:1481: UserWarning: To guarantee overlapping TP and SP collectives with the backwardGEMMs, set environment variable CUDA_DEVICE_MAX_CONNECTIONS = 1
[36m(WorkerDict pid=263345)[0m   warnings.warn(
[36m(WorkerDict pid=263344)[0m /opt/dev/lib/python3.12/site-packages/transformer_engine/pytorch/module/base.py:1481: UserWarning: To guarantee overlapping TP and SP collectives with the backwardGEMMs, set environment variable CUDA_DEVICE_MAX_CONNECTIONS = 1
[36m(WorkerDict pid=263344)[0m   warnings.warn(
[36m(WorkerDict pid=263346)[0m /opt/dev/lib/python3.12/site-packages/transformer_engine/pytorch/module/base.py:1481: UserWarning: To guarantee overlapping TP and SP collectives with the backwardGEMMs, set environment variable CUDA_DEVICE_MAX_CONNECTIONS = 1
[36m(WorkerDict pid=263346)[0m   warnings.warn(
[36m(WorkerDict pid=263342)[0m /opt/dev/lib/python3.12/site-packages/transformer_engine/pytorch/module/base.py:1481: UserWarning: To guarantee overlapping TP and SP collectives with the backwardGEMMs, set environment variable CUDA_DEVICE_MAX_CONNECTIONS = 1
[36m(WorkerDict pid=263342)[0m   warnings.warn(
[36m(WorkerDict pid=263347)[0m /opt/dev/lib/python3.12/site-packages/transformer_engine/pytorch/module/base.py:1481: UserWarning: To guarantee overlapping TP and SP collectives with the backwardGEMMs, set environment variable CUDA_DEVICE_MAX_CONNECTIONS = 1
[36m(WorkerDict pid=263347)[0m   warnings.warn(
[36m(WorkerDict pid=263341)[0m  > number of parameters on (tensor, pipeline) model parallel rank (1, 0): 2047758848
[36m(WorkerDict pid=263341)[0m module: 1
[36m(WorkerDict pid=263342)[0m module: 1
[36m(WorkerDict pid=263343)[0m module: 1
[36m(WorkerDict pid=263340)[0m  > number of parameters on (tensor, pipeline) model parallel rank (0, 0): 2047758848
[36m(WorkerDict pid=263340)[0m module: 1
[36m(WorkerDict pid=263347)[0m module: 1
[36m(WorkerDict pid=263345)[0m  > number of parameters on (tensor, pipeline) model parallel rank (1, 1): 2047762944
[36m(WorkerDict pid=263345)[0m module: 1
[36m(WorkerDict pid=263346)[0m module: 1
[36m(WorkerDict pid=263346)[0m NCCL version 2.28.9+cuda12.9
[36m(WorkerDict pid=263344)[0m  > number of parameters on (tensor, pipeline) model parallel rank (0, 1): 2047762944
[36m(WorkerDict pid=263344)[0m module: 1
[36m(WorkerDict pid=263344)[0m NCCL version 2.28.9+cuda12.9
[36m(WorkerDict pid=263342)[0m NCCL version 2.28.9+cuda12.9
[36m(WorkerDict pid=263340)[0m NCCL version 2.28.9+cuda12.9
[36m(WorkerDict pid=263342)[0m /home/p00938733/verl-090/verl/utils/megatron_utils.py:627: UserWarning: TypedStorage is deprecated. It will be removed in the future and UntypedStorage will be the only storage class. This should only matter to you if you are using storages directly.  To access UntypedStorage directly, use tensor.untyped_storage() instead of tensor.storage()
[36m(WorkerDict pid=263342)[0m   tensor.storage().size() == tensor.numel()
[36m(WorkerDict pid=263343)[0m /home/p00938733/verl-090/verl/utils/megatron_utils.py:627: UserWarning: TypedStorage is deprecated. It will be removed in the future and UntypedStorage will be the only storage class. This should only matter to you if you are using storages directly.  To access UntypedStorage directly, use tensor.untyped_storage() instead of tensor.storage()
[36m(WorkerDict pid=263343)[0m   tensor.storage().size() == tensor.numel()
[36m(WorkerDict pid=263342)[0m module: 1
[36m(WorkerDict pid=263343)[0m module: 1
[36m(WorkerDict pid=263340)[0m Loading from /home/p00938733/Qwen3-8B ━━━━━━━━━━━━━━━━━━━━━━━━━━━━━━━━━━━━━━━━ 100% 0:00:00 (291/291) Qwen3Bridge
[36m(WorkerDict pid=263340)[0m Float16Module contains 2.05B parameters
[36m(WorkerDict pid=263340)[0m /home/p00938733/verl-090/verl/utils/megatron_utils.py:627: UserWarning: TypedStorage is deprecated. It will be removed in the future and UntypedStorage will be the only storage class. This should only matter to you if you are using storages directly.  To access UntypedStorage directly, use tensor.untyped_storage() instead of tensor.storage()
[36m(WorkerDict pid=263340)[0m   tensor.storage().size() == tensor.numel()
[36m(WorkerDict pid=263341)[0m /home/p00938733/verl-090/verl/utils/megatron_utils.py:627: UserWarning: TypedStorage is deprecated. It will be removed in the future and UntypedStorage will be the only storage class. This should only matter to you if you are using storages directly.  To access UntypedStorage directly, use tensor.untyped_storage() instead of tensor.storage()
[36m(WorkerDict pid=263341)[0m   tensor.storage().size() == tensor.numel()
[36m(WorkerDict pid=263341)[0m  > number of parameters on (tensor, pipeline) model parallel rank (1, 0): 2047758848
[36m(WorkerDict pid=263341)[0m module: 1
[36m(WorkerDict pid=263340)[0m  > number of parameters on (tensor, pipeline) model parallel rank (0, 0): 2047758848
[36m(WorkerDict pid=263340)[0m module: 1
[36m(WorkerDict pid=263346)[0m /home/p00938733/verl-090/verl/utils/megatron_utils.py:627: UserWarning: TypedStorage is deprecated. It will be removed in the future and UntypedStorage will be the only storage class. This should only matter to you if you are using storages directly.  To access UntypedStorage directly, use tensor.untyped_storage() instead of tensor.storage()
[36m(WorkerDict pid=263346)[0m   tensor.storage().size() == tensor.numel()
[36m(WorkerDict pid=263347)[0m /home/p00938733/verl-090/verl/utils/megatron_utils.py:627: UserWarning: TypedStorage is deprecated. It will be removed in the future and UntypedStorage will be the only storage class. This should only matter to you if you are using storages directly.  To access UntypedStorage directly, use tensor.untyped_storage() instead of tensor.storage()
[36m(WorkerDict pid=263347)[0m   tensor.storage().size() == tensor.numel()
[36m(WorkerDict pid=263345)[0m /home/p00938733/verl-090/verl/utils/megatron_utils.py:627: UserWarning: TypedStorage is deprecated. It will be removed in the future and UntypedStorage will be the only storage class. This should only matter to you if you are using storages directly.  To access UntypedStorage directly, use tensor.untyped_storage() instead of tensor.storage()
[36m(WorkerDict pid=263345)[0m   tensor.storage().size() == tensor.numel()
[36m(WorkerDict pid=263344)[0m /home/p00938733/verl-090/verl/utils/megatron_utils.py:627: UserWarning: TypedStorage is deprecated. It will be removed in the future and UntypedStorage will be the only storage class. This should only matter to you if you are using storages directly.  To access UntypedStorage directly, use tensor.untyped_storage() instead of tensor.storage()
[36m(WorkerDict pid=263344)[0m   tensor.storage().size() == tensor.numel()
[36m(WorkerDict pid=263347)[0m module: 1
[36m(WorkerDict pid=263346)[0m module: 1
[36m(WorkerDict pid=263345)[0m  > number of parameters on (tensor, pipeline) model parallel rank (1, 1): 2047762944
[36m(WorkerDict pid=263345)[0m module: 1
[36m(WorkerDict pid=263344)[0m  > number of parameters on (tensor, pipeline) model parallel rank (0, 1): 2047762944
[36m(WorkerDict pid=263344)[0m module: 1
[36m(WorkerDict pid=263340)[0m Loading from /home/p00938733/Qwen3-8B ━━━━━━━━━━━━━━━━━━━━━━━━━━━━━━━━━━━━━━━━ 100% 0:00:00 (291/291) Qwen3Bridge
[36m(WorkerDict pid=263340)[0m DistributedDataParallel contains 2.05B parameters
[36m(WorkerDict pid=263340)[0m optimizer config after override: {'optimizer': 'adam', 'lr': 0.0, 'min_lr': 0.0, 'clip_grad': 1.0, 'weight_decay': 0.01, 'use_distributed_optimizer': True, 'bf16': True, 'params_dtype': torch.bfloat16}
[36m(TaskRunnerV1 pid=262098)[0m INFO:2026-09-11 13:58:28,942:actor and ref model engine initialized
[36m(TaskRunnerV1 pid=262098)[0m INFO:2026-09-11 13:58:29,137:reward loop manager initialized
[36m(TaskRunnerV1 pid=262098)[0m [transformers] `Qwen2VLImageProcessorFast` is deprecated. The `Fast` suffix for image processors has been removed; use `Qwen2VLImageProcessor` instead.
[36m(pid=266886)[0m [transformers] `Qwen2VLImageProcessorFast` is deprecated. The `Fast` suffix for image processors has been removed; use `Qwen2VLImageProcessor` instead.
[36m(pid=266893)[0m [transformers] `Qwen2VLImageProcessorFast` is deprecated. The `Fast` suffix for image processors has been removed; use `Qwen2VLImageProcessor` instead.
[36m(vLLMHttpServer pid=266886)[0m ['serve',
[36m(vLLMHttpServer pid=266886)[0m  '/home/p00938733/Qwen3-8B',
[36m(vLLMHttpServer pid=266886)[0m  '--dtype',
[36m(vLLMHttpServer pid=266886)[0m  'bfloat16',
[36m(vLLMHttpServer pid=266886)[0m  '--load_format',
[36m(vLLMHttpServer pid=266886)[0m  'dummy',
[36m(vLLMHttpServer pid=266886)[0m  '--distributed_executor_backend',
[36m(vLLMHttpServer pid=266886)[0m  'mp',
[36m(vLLMHttpServer pid=266886)[0m  '--worker_extension_cls',
[36m(vLLMHttpServer pid=266886)[0m  'verl.workers.rollout.vllm_rollout.utils.vLLMColocateWorkerExtension',
[36m(vLLMHttpServer pid=266886)[0m  '--max_model_len',
[36m(vLLMHttpServer pid=266886)[0m  '16640',
[36m(vLLMHttpServer pid=266886)[0m  '--max_num_seqs',
[36m(vLLMHttpServer pid=266886)[0m  '256',
[36m(vLLMHttpServer pid=266886)[0m  '--enable_chunked_prefill',
[36m(vLLMHttpServer pid=266886)[0m  '--max_num_batched_tokens',
[36m(vLLMHttpServer pid=266886)[0m  '65536',
[36m(vLLMHttpServer pid=266886)[0m  '--enable_prefix_caching',
[36m(vLLMHttpServer pid=266886)[0m  '--enable_sleep_mode',
[36m(vLLMHttpServer pid=266886)[0m  '--logprobs_mode',
[36m(vLLMHttpServer pid=266886)[0m  'processed_logprobs',
[36m(vLLMHttpServer pid=266886)[0m  '--gpu_memory_utilization',
[36m(vLLMHttpServer pid=266886)[0m  '0.5',
[36m(vLLMHttpServer pid=266886)[0m  '--disable_log_stats',
[36m(vLLMHttpServer pid=266886)[0m  '--tensor_parallel_size',
[36m(vLLMHttpServer pid=266886)[0m  '4',
[36m(vLLMHttpServer pid=266886)[0m  '--seed',
[36m(vLLMHttpServer pid=266886)[0m  '42',
[36m(vLLMHttpServer pid=266886)[0m  '--override_generation_config',
[36m(vLLMHttpServer pid=266886)[0m  '{"temperature": 1.0, "top_k": -1, "top_p": 0.95, "repetition_penalty": 1.0, '
[36m(vLLMHttpServer pid=266886)[0m  '"max_new_tokens": 8192}',
[36m(vLLMHttpServer pid=266886)[0m  '--hf_overrides',
[36m(vLLMHttpServer pid=266886)[0m  '{}',
[36m(vLLMHttpServer pid=266886)[0m  '--scheduling_policy',
[36m(vLLMHttpServer pid=266886)[0m  'fcfs',
[36m(vLLMHttpServer pid=266886)[0m  '--compilation_config',
[36m(vLLMHttpServer pid=266886)[0m  '{"cudagraph_mode": "FULL_AND_PIECEWISE"}']
[36m(vLLMHttpServer pid=266886)[0m WARNING 09-11 13:58:47 [envs.py:2057] Unknown vLLM environment variable detected: VLLM_USE_V1
[36m(vLLMHttpServer pid=266893)[0m WARNING 09-11 13:58:49 [envs.py:2057] Unknown vLLM environment variable detected: VLLM_USE_V1
[36m(vLLMHttpServer pid=266886)[0m WARNING 09-11 13:58:51 [system_utils.py:157] We must use the `spawn` multiprocessing start method. Overriding VLLM_WORKER_MULTIPROC_METHOD to 'spawn'. See https://docs.vllm.ai/en/latest/usage/troubleshooting.html#python-multiprocessing for more information. Reasons: In a Ray actor and can only be spawned; CUDA is initialized
[36m(vLLMHttpServer pid=266893)[0m WARNING 09-11 13:58:53 [system_utils.py:157] We must use the `spawn` multiprocessing start method. Overriding VLLM_WORKER_MULTIPROC_METHOD to 'spawn'. See https://docs.vllm.ai/en/latest/usage/troubleshooting.html#python-multiprocessing for more information. Reasons: In a Ray actor and can only be spawned; CUDA is initialized
[36m(vLLMHttpServer pid=266886)[0m [transformers] `Qwen2VLImageProcessorFast` is deprecated. The `Fast` suffix for image processors has been removed; use `Qwen2VLImageProcessor` instead.
[36m(vLLMHttpServer pid=266893)[0m [transformers] `Qwen2VLImageProcessorFast` is deprecated. The `Fast` suffix for image processors has been removed; use `Qwen2VLImageProcessor` instead.
[36m(vLLMHttpServer pid=266886)[0m [transformers] `Qwen2VLImageProcessorFast` is deprecated. The `Fast` suffix for image processors has been removed; use `Qwen2VLImageProcessor` instead.
[36m(vLLMHttpServer pid=266893)[0m [transformers] `Qwen2VLImageProcessorFast` is deprecated. The `Fast` suffix for image processors has been removed; use `Qwen2VLImageProcessor` instead.
[36m(vLLMHttpServer pid=266886)[0m [transformers] `Qwen2VLImageProcessorFast` is deprecated. The `Fast` suffix for image processors has been removed; use `Qwen2VLImageProcessor` instead.
[36m(vLLMHttpServer pid=266886)[0m [transformers] `Qwen2VLImageProcessorFast` is deprecated. The `Fast` suffix for image processors has been removed; use `Qwen2VLImageProcessor` instead.
[36m(vLLMHttpServer pid=266893)[0m [transformers] `Qwen2VLImageProcessorFast` is deprecated. The `Fast` suffix for image processors has been removed; use `Qwen2VLImageProcessor` instead.
[36m(vLLMHttpServer pid=266893)[0m [transformers] `Qwen2VLImageProcessorFast` is deprecated. The `Fast` suffix for image processors has been removed; use `Qwen2VLImageProcessor` instead.
[36m(vLLMHttpServer pid=266886)[0m (Worker pid=267700) <frozen importlib._bootstrap_external>:1297: FutureWarning: The cuda.cudart module is deprecated and will be removed in a future release, please switch to use the cuda.bindings.runtime module instead.
[36m(vLLMHttpServer pid=266886)[0m (Worker pid=267700) <frozen importlib._bootstrap_external>:1297: FutureWarning: The cuda.nvrtc module is deprecated and will be removed in a future release, please switch to use the cuda.bindings.nvrtc module instead.
[36m(vLLMHttpServer pid=266886)[0m (Worker pid=267698) <frozen importlib._bootstrap_external>:1297: FutureWarning: The cuda.cudart module is deprecated and will be removed in a future release, please switch to use the cuda.bindings.runtime module instead.
[36m(vLLMHttpServer pid=266886)[0m (Worker pid=267698) <frozen importlib._bootstrap_external>:1297: FutureWarning: The cuda.nvrtc module is deprecated and will be removed in a future release, please switch to use the cuda.bindings.nvrtc module instead.
[36m(vLLMHttpServer pid=266886)[0m (Worker pid=267701) <frozen importlib._bootstrap_external>:1297: FutureWarning: The cuda.cudart module is deprecated and will be removed in a future release, please switch to use the cuda.bindings.runtime module instead.
[36m(vLLMHttpServer pid=266886)[0m (Worker pid=267701) <frozen importlib._bootstrap_external>:1297: FutureWarning: The cuda.nvrtc module is deprecated and will be removed in a future release, please switch to use the cuda.bindings.nvrtc module instead.
[36m(vLLMHttpServer pid=266886)[0m (Worker pid=267699) <frozen importlib._bootstrap_external>:1297: FutureWarning: The cuda.cudart module is deprecated and will be removed in a future release, please switch to use the cuda.bindings.runtime module instead.
[36m(vLLMHttpServer pid=266886)[0m (Worker pid=267699) <frozen importlib._bootstrap_external>:1297: FutureWarning: The cuda.nvrtc module is deprecated and will be removed in a future release, please switch to use the cuda.bindings.nvrtc module instead.
[36m(vLLMHttpServer pid=266893)[0m (Worker pid=267723) <frozen importlib._bootstrap_external>:1297: FutureWarning: The cuda.cudart module is deprecated and will be removed in a future release, please switch to use the cuda.bindings.runtime module instead.
[36m(vLLMHttpServer pid=266893)[0m (Worker pid=267723) <frozen importlib._bootstrap_external>:1297: FutureWarning: The cuda.nvrtc module is deprecated and will be removed in a future release, please switch to use the cuda.bindings.nvrtc module instead.
[36m(vLLMHttpServer pid=266893)[0m (Worker pid=267720) <frozen importlib._bootstrap_external>:1297: FutureWarning: The cuda.cudart module is deprecated and will be removed in a future release, please switch to use the cuda.bindings.runtime module instead.
[36m(vLLMHttpServer pid=266893)[0m (Worker pid=267720) <frozen importlib._bootstrap_external>:1297: FutureWarning: The cuda.nvrtc module is deprecated and will be removed in a future release, please switch to use the cuda.bindings.nvrtc module instead.
[36m(vLLMHttpServer pid=266893)[0m (Worker pid=267722) <frozen importlib._bootstrap_external>:1297: FutureWarning: The cuda.cudart module is deprecated and will be removed in a future release, please switch to use the cuda.bindings.runtime module instead.
[36m(vLLMHttpServer pid=266893)[0m (Worker pid=267722) <frozen importlib._bootstrap_external>:1297: FutureWarning: The cuda.nvrtc module is deprecated and will be removed in a future release, please switch to use the cuda.bindings.nvrtc module instead.
[36m(vLLMHttpServer pid=266893)[0m (Worker pid=267721) <frozen importlib._bootstrap_external>:1297: FutureWarning: The cuda.cudart module is deprecated and will be removed in a future release, please switch to use the cuda.bindings.runtime module instead.
[36m(vLLMHttpServer pid=266893)[0m (Worker pid=267721) <frozen importlib._bootstrap_external>:1297: FutureWarning: The cuda.nvrtc module is deprecated and will be removed in a future release, please switch to use the cuda.bindings.nvrtc module instead.
[36m(vLLMHttpServer pid=266886)[0m NCCL version 2.28.9+cuda12.9
[36m(vLLMHttpServer pid=266893)[0m NCCL version 2.28.9+cuda12.9
[36m(vLLMHttpServer pid=266886)[0m (Worker pid=267699) WARNING 09-11 13:59:16 [symm_mem.py:66] SymmMemCommunicator: Device capability 8.0 not supported, communicator is not available.
[36m(vLLMHttpServer pid=266886)[0m (Worker pid=267698) WARNING 09-11 13:59:16 [symm_mem.py:66] SymmMemCommunicator: Device capability 8.0 not supported, communicator is not available.
[36m(vLLMHttpServer pid=266886)[0m (Worker pid=267701) WARNING 09-11 13:59:16 [symm_mem.py:66] SymmMemCommunicator: Device capability 8.0 not supported, communicator is not available.
[36m(vLLMHttpServer pid=266886)[0m (Worker pid=267700) WARNING 09-11 13:59:16 [symm_mem.py:66] SymmMemCommunicator: Device capability 8.0 not supported, communicator is not available.
[36m(vLLMHttpServer pid=266893)[0m (Worker pid=267720) WARNING 09-11 13:59:16 [symm_mem.py:66] SymmMemCommunicator: Device capability 8.0 not supported, communicator is not available.
[36m(vLLMHttpServer pid=266893)[0m (Worker pid=267721) WARNING 09-11 13:59:16 [symm_mem.py:66] SymmMemCommunicator: Device capability 8.0 not supported, communicator is not available.
[36m(vLLMHttpServer pid=266893)[0m (Worker pid=267722) WARNING 09-11 13:59:16 [symm_mem.py:66] SymmMemCommunicator: Device capability 8.0 not supported, communicator is not available.
[36m(vLLMHttpServer pid=266893)[0m (Worker pid=267723) WARNING 09-11 13:59:16 [symm_mem.py:66] SymmMemCommunicator: Device capability 8.0 not supported, communicator is not available.
[36m(vLLMHttpServer pid=266886)[0m (Worker_TP0 pid=267698) Capturing CUDA graphs (PIECEWISE):   0%|          | 0/51 [00:00<?, ?it/s]
[36m(vLLMHttpServer pid=266886)[0m Capturing CUDA graphs (PIECEWISE):   4%|▍         | 2/51 [00:00<00:02, 18.03it/s]
[36m(vLLMHttpServer pid=266893)[0m (Worker_TP0 pid=267720) Capturing CUDA graphs (PIECEWISE):   0%|          | 0/51 [00:00<?, ?it/s]
[36m(vLLMHttpServer pid=266886)[0m Capturing CUDA graphs (PIECEWISE):  10%|▉         | 5/51 [00:00<00:02, 21.28it/s]
[36m(vLLMHttpServer pid=266893)[0m Capturing CUDA graphs (PIECEWISE):   6%|▌         | 3/51 [00:00<00:02, 21.22it/s]
[36m(vLLMHttpServer pid=266886)[0m Capturing CUDA graphs (PIECEWISE):  16%|█▌        | 8/51 [00:00<00:01, 22.46it/s]
[36m(vLLMHttpServer pid=266893)[0m Capturing CUDA graphs (PIECEWISE):  12%|█▏        | 6/51 [00:00<00:01, 22.77it/s]
[36m(vLLMHttpServer pid=266886)[0m Capturing CUDA graphs (PIECEWISE):  22%|██▏       | 11/51 [00:00<00:01, 22.23it/s]
[36m(vLLMHttpServer pid=266893)[0m Capturing CUDA graphs (PIECEWISE):  18%|█▊        | 9/51 [00:00<00:02, 20.37it/s]
[36m(vLLMHttpServer pid=266886)[0m Capturing CUDA graphs (PIECEWISE):  27%|██▋       | 14/51 [00:00<00:02, 15.92it/s]
[36m(vLLMHttpServer pid=266893)[0m Capturing CUDA graphs (PIECEWISE):  24%|██▎       | 12/51 [00:00<00:02, 15.98it/s]
[36m(vLLMHttpServer pid=266886)[0m Capturing CUDA graphs (PIECEWISE):  33%|███▎      | 17/51 [00:00<00:01, 17.95it/s]
[36m(vLLMHttpServer pid=266893)[0m Capturing CUDA graphs (PIECEWISE):  29%|██▉       | 15/51 [00:00<00:01, 18.11it/s]
[36m(vLLMHttpServer pid=266886)[0m Capturing CUDA graphs (PIECEWISE):  39%|███▉      | 20/51 [00:01<00:01, 19.56it/s]
[36m(vLLMHttpServer pid=266893)[0m Capturing CUDA graphs (PIECEWISE):  35%|███▌      | 18/51 [00:00<00:01, 19.70it/s]
[36m(vLLMHttpServer pid=266886)[0m Capturing CUDA graphs (PIECEWISE):  45%|████▌     | 23/51 [00:01<00:01, 20.69it/s]
[36m(vLLMHttpServer pid=266893)[0m Capturing CUDA graphs (PIECEWISE):  41%|████      | 21/51 [00:01<00:01, 20.95it/s]
[36m(vLLMHttpServer pid=266886)[0m Capturing CUDA graphs (PIECEWISE):  51%|█████     | 26/51 [00:01<00:01, 21.56it/s]
[36m(vLLMHttpServer pid=266893)[0m Capturing CUDA graphs (PIECEWISE):  47%|████▋     | 24/51 [00:01<00:01, 21.81it/s]
[36m(vLLMHttpServer pid=266886)[0m Capturing CUDA graphs (PIECEWISE):  57%|█████▋    | 29/51 [00:01<00:00, 22.39it/s]
[36m(vLLMHttpServer pid=266893)[0m Capturing CUDA graphs (PIECEWISE):  53%|█████▎    | 27/51 [00:01<00:01, 22.45it/s]
[36m(vLLMHttpServer pid=266886)[0m Capturing CUDA graphs (PIECEWISE):  63%|██████▎   | 32/51 [00:01<00:00, 22.95it/s]
[36m(vLLMHttpServer pid=266893)[0m Capturing CUDA graphs (PIECEWISE):  59%|█████▉    | 30/51 [00:01<00:00, 22.93it/s]
[36m(vLLMHttpServer pid=266886)[0m Capturing CUDA graphs (PIECEWISE):  69%|██████▊   | 35/51 [00:01<00:00, 23.06it/s]
[36m(vLLMHttpServer pid=266893)[0m Capturing CUDA graphs (PIECEWISE):  65%|██████▍   | 33/51 [00:01<00:00, 23.25it/s]
[36m(vLLMHttpServer pid=266886)[0m Capturing CUDA graphs (PIECEWISE):  75%|███████▍  | 38/51 [00:01<00:00, 23.18it/s]
[36m(vLLMHttpServer pid=266893)[0m Capturing CUDA graphs (PIECEWISE):  71%|███████   | 36/51 [00:01<00:00, 23.37it/s]
[36m(vLLMHttpServer pid=266886)[0m Capturing CUDA graphs (PIECEWISE):  80%|████████  | 41/51 [00:01<00:00, 23.21it/s]
[36m(vLLMHttpServer pid=266893)[0m Capturing CUDA graphs (PIECEWISE):  76%|███████▋  | 39/51 [00:01<00:00, 23.31it/s]
[36m(vLLMHttpServer pid=266886)[0m Capturing CUDA graphs (PIECEWISE):  86%|████████▋ | 44/51 [00:02<00:00, 23.28it/s]
[36m(vLLMHttpServer pid=266893)[0m Capturing CUDA graphs (PIECEWISE):  82%|████████▏ | 42/51 [00:01<00:00, 23.38it/s]
[36m(vLLMHttpServer pid=266886)[0m Capturing CUDA graphs (PIECEWISE):  92%|█████████▏| 47/51 [00:02<00:00, 22.75it/s]
[36m(vLLMHttpServer pid=266893)[0m Capturing CUDA graphs (PIECEWISE):  88%|████████▊ | 45/51 [00:02<00:00, 22.92it/s]
[36m(vLLMHttpServer pid=266886)[0m Capturing CUDA graphs (PIECEWISE):  98%|█████████▊| 50/51 [00:02<00:00, 21.99it/s]
[36m(vLLMHttpServer pid=266893)[0m Capturing CUDA graphs (PIECEWISE):  94%|█████████▍| 48/51 [00:02<00:00, 21.28it/s]
[36m(vLLMHttpServer pid=266886)[0m Capturing CUDA graphs (PIECEWISE): 100%|██████████| 51/51 [00:02<00:00, 21.22it/s]
[36m(vLLMHttpServer pid=266886)[0m (Worker_TP0 pid=267698) Capturing CUDA graphs (FULL):   0%|          | 0/35 [00:00<?, ?it/s]
[36m(vLLMHttpServer pid=266886)[0m Capturing CUDA graphs (FULL):   6%|▌         | 2/35 [00:00<00:02, 12.97it/s]
[36m(vLLMHttpServer pid=266893)[0m Capturing CUDA graphs (PIECEWISE): 100%|██████████| 51/51 [00:02<00:00, 19.85it/s]Capturing CUDA graphs (PIECEWISE): 100%|██████████| 51/51 [00:02<00:00, 21.08it/s]
[36m(vLLMHttpServer pid=266893)[0m (Worker_TP0 pid=267720) Capturing CUDA graphs (FULL):   0%|          | 0/35 [00:00<?, ?it/s]
[36m(vLLMHttpServer pid=266886)[0m Capturing CUDA graphs (FULL):  14%|█▍        | 5/35 [00:00<00:01, 17.64it/s]
[36m(vLLMHttpServer pid=266893)[0m Capturing CUDA graphs (FULL):   9%|▊         | 3/35 [00:00<00:01, 21.20it/s]
[36m(vLLMHttpServer pid=266886)[0m Capturing CUDA graphs (FULL):  23%|██▎       | 8/35 [00:00<00:01, 19.92it/s]
[36m(vLLMHttpServer pid=266893)[0m Capturing CUDA graphs (FULL):  17%|█▋        | 6/35 [00:00<00:01, 22.72it/s]
[36m(vLLMHttpServer pid=266886)[0m Capturing CUDA graphs (FULL):  31%|███▏      | 11/35 [00:00<00:01, 19.46it/s]
[36m(vLLMHttpServer pid=266893)[0m Capturing CUDA graphs (FULL):  26%|██▌       | 9/35 [00:00<00:01, 20.46it/s]
[36m(vLLMHttpServer pid=266886)[0m Capturing CUDA graphs (FULL):  37%|███▋      | 13/35 [00:00<00:01, 18.03it/s]
[36m(vLLMHttpServer pid=266893)[0m Capturing CUDA graphs (FULL):  34%|███▍      | 12/35 [00:00<00:01, 16.29it/s]
[36m(vLLMHttpServer pid=266886)[0m Capturing CUDA graphs (FULL):  43%|████▎     | 15/35 [00:00<00:01, 15.03it/s]
[36m(vLLMHttpServer pid=266893)[0m Capturing CUDA graphs (FULL):  40%|████      | 14/35 [00:00<00:01, 14.54it/s]
[36m(vLLMHttpServer pid=266886)[0m Capturing CUDA graphs (FULL):  49%|████▊     | 17/35 [00:01<00:01, 15.09it/s]
[36m(vLLMHttpServer pid=266893)[0m Capturing CUDA graphs (FULL):  46%|████▌     | 16/35 [00:00<00:01, 15.69it/s]
[36m(vLLMHttpServer pid=266886)[0m Capturing CUDA graphs (FULL):  54%|█████▍    | 19/35 [00:01<00:01, 14.68it/s]
[36m(vLLMHttpServer pid=266893)[0m Capturing CUDA graphs (FULL):  51%|█████▏    | 18/35 [00:01<00:01, 15.69it/s]
[36m(vLLMHttpServer pid=266886)[0m Capturing CUDA graphs (FULL):  63%|██████▎   | 22/35 [00:01<00:00, 16.70it/s]
[36m(vLLMHttpServer pid=266893)[0m Capturing CUDA graphs (FULL):  60%|██████    | 21/35 [00:01<00:00, 18.11it/s]
[36m(vLLMHttpServer pid=266886)[0m Capturing CUDA graphs (FULL):  71%|███████▏  | 25/35 [00:01<00:00, 18.61it/s]
[36m(vLLMHttpServer pid=266893)[0m Capturing CUDA graphs (FULL):  69%|██████▊   | 24/35 [00:01<00:00, 19.99it/s]
[36m(vLLMHttpServer pid=266886)[0m Capturing CUDA graphs (FULL):  80%|████████  | 28/35 [00:01<00:00, 20.13it/s]
[36m(vLLMHttpServer pid=266893)[0m Capturing CUDA graphs (FULL):  77%|███████▋  | 27/35 [00:01<00:00, 21.45it/s]
[36m(vLLMHttpServer pid=266886)[0m Capturing CUDA graphs (FULL):  89%|████████▊ | 31/35 [00:01<00:00, 21.30it/s]
[36m(vLLMHttpServer pid=266893)[0m Capturing CUDA graphs (FULL):  86%|████████▌ | 30/35 [00:01<00:00, 22.48it/s]
[36m(vLLMHttpServer pid=266886)[0m Capturing CUDA graphs (FULL):  97%|█████████▋| 34/35 [00:01<00:00, 22.21it/s]Capturing CUDA graphs (FULL): 100%|██████████| 35/35 [00:01<00:00, 18.81it/s]
[36m(vLLMHttpServer pid=266893)[0m Capturing CUDA graphs (FULL):  94%|█████████▍| 33/35 [00:01<00:00, 23.17it/s]
[36m(vLLMHttpServer pid=266893)[0m Capturing CUDA graphs (FULL): 100%|██████████| 35/35 [00:01<00:00, 19.84it/s]
[36m(vLLMHttpServer pid=266886)[0m WARNING 09-11 13:59:41 [api_router.py:30] LoRA dynamic loading & unloading is enabled in the API server. This should ONLY be used for local development!
[36m(vLLMHttpServer pid=266893)[0m WARNING 09-11 13:59:41 [api_router.py:30] LoRA dynamic loading & unloading is enabled in the API server. This should ONLY be used for local development!
[36m(vLLMHttpServer pid=266886)[0m WARNING 09-11 13:59:41 [model.py:1509] Default vLLM sampling parameters have been overridden by the model's `generation_config.json`: `{'repetition_penalty': 1.0, 'temperature': 1.0, 'top_k': -1, 'top_p': 0.95, 'max_tokens': 8192}`. If this is not intended, please relaunch vLLM instance with `--generation-config vllm`.
[36m(vLLMHttpServer pid=266893)[0m WARNING 09-11 13:59:41 [model.py:1509] Default vLLM sampling parameters have been overridden by the model's `generation_config.json`: `{'repetition_penalty': 1.0, 'temperature': 1.0, 'top_k': -1, 'top_p': 0.95, 'max_tokens': 8192}`. If this is not intended, please relaunch vLLM instance with `--generation-config vllm`.
[36m(TaskRunnerV1 pid=262098)[0m LLMServerManager: ['10.90.67.85:43179', '10.90.67.85:46545']
[36m(TaskRunnerV1 pid=262098)[0m INFO:2026-09-11 13:59:42,798:checkpoint engine manager initialized
[36m(TaskRunnerV1 pid=262098)[0m INFO:2026-09-11 13:59:44,502:all initialize finished, ready to fit
[36m(WorkerDict pid=263342)[0m /home/p00938733/verl-090/verl/plugin/platform/platform_cuda.py:99: FutureWarning: torch.cuda._set_allocator_settings is deprecated. Use torch._C._accelerator_setAllocatorSettings instead.
[36m(WorkerDict pid=263342)[0m   torch.cuda.memory._set_allocator_settings(settings)
[36m(WorkerDict pid=263343)[0m /home/p00938733/verl-090/verl/plugin/platform/platform_cuda.py:99: FutureWarning: torch.cuda._set_allocator_settings is deprecated. Use torch._C._accelerator_setAllocatorSettings instead.
[36m(WorkerDict pid=263343)[0m   torch.cuda.memory._set_allocator_settings(settings)
[36m(WorkerDict pid=263340)[0m /home/p00938733/verl-090/verl/plugin/platform/platform_cuda.py:99: FutureWarning: torch.cuda._set_allocator_settings is deprecated. Use torch._C._accelerator_setAllocatorSettings instead.
[36m(WorkerDict pid=263340)[0m   torch.cuda.memory._set_allocator_settings(settings)
[36m(WorkerDict pid=263341)[0m /home/p00938733/verl-090/verl/plugin/platform/platform_cuda.py:99: FutureWarning: torch.cuda._set_allocator_settings is deprecated. Use torch._C._accelerator_setAllocatorSettings instead.
[36m(WorkerDict pid=263341)[0m   torch.cuda.memory._set_allocator_settings(settings)
[36m(WorkerDict pid=263345)[0m /home/p00938733/verl-090/verl/plugin/platform/platform_cuda.py:99: FutureWarning: torch.cuda._set_allocator_settings is deprecated. Use torch._C._accelerator_setAllocatorSettings instead.
[36m(WorkerDict pid=263345)[0m   torch.cuda.memory._set_allocator_settings(settings)
[36m(WorkerDict pid=263344)[0m /home/p00938733/verl-090/verl/plugin/platform/platform_cuda.py:99: FutureWarning: torch.cuda._set_allocator_settings is deprecated. Use torch._C._accelerator_setAllocatorSettings instead.
[36m(WorkerDict pid=263344)[0m   torch.cuda.memory._set_allocator_settings(settings)
[36m(WorkerDict pid=263346)[0m /home/p00938733/verl-090/verl/plugin/platform/platform_cuda.py:99: FutureWarning: torch.cuda._set_allocator_settings is deprecated. Use torch._C._accelerator_setAllocatorSettings instead.
[36m(WorkerDict pid=263346)[0m   torch.cuda.memory._set_allocator_settings(settings)
[36m(WorkerDict pid=263347)[0m /home/p00938733/verl-090/verl/plugin/platform/platform_cuda.py:99: FutureWarning: torch.cuda._set_allocator_settings is deprecated. Use torch._C._accelerator_setAllocatorSettings instead.
[36m(WorkerDict pid=263347)[0m   torch.cuda.memory._set_allocator_settings(settings)
[36m(WorkerDict pid=263340)[0m [transformers] `Qwen2VLImageProcessorFast` is deprecated. The `Fast` suffix for image processors has been removed; use `Qwen2VLImageProcessor` instead.
[36m(WorkerDict pid=263344)[0m [transformers] `Qwen2VLImageProcessorFast` is deprecated. The `Fast` suffix for image processors has been removed; use `Qwen2VLImageProcessor` instead.
[36m(vLLMHttpServer pid=266886)[0m (EngineCore pid=267483) WARNING 09-11 13:59:45 [scheduler.py:1948] reset_connector called but no KV connector is configured.
[36m(vLLMHttpServer pid=266893)[0m (EngineCore pid=267508) WARNING 09-11 13:59:45 [scheduler.py:1948] reset_connector called but no KV connector is configured.
[36m(WorkerDict pid=263341)[0m NCCL version 2.28.9+cuda12.9
[36m(WorkerDict pid=263343)[0m NCCL version 2.28.9+cuda12.9
[36m(GlobalRequestLoadBalancer pid=269520)[0m W0911 13:59:51.460000 269520 torch/utils/cpp_extension.py:140] No CUDA runtime is found, using CUDA_HOME='/usr/local/cuda'
[36m(GlobalRequestLoadBalancer pid=269520)[0m [transformers] `Qwen2VLImageProcessorFast` is deprecated. The `Fast` suffix for image processors has been removed; use `Qwen2VLImageProcessor` instead.
[36m(WorkerDict pid=263340)[0m Converting to HuggingFace ━━━━━━━━━━━━━━━━━━━━━━━━━━━━━━━━━━━━━━━━ 100% 0:00:00 (291/291) Qwen3Bridge
[36m(vLLMHttpServer pid=266886)[0m (EngineCore pid=267483) WARNING 09-11 14:00:12 [scheduler.py:1948] reset_connector called but no KV connector is configured.
[36m(vLLMHttpServer pid=266893)[0m (EngineCore pid=267508) WARNING 09-11 14:00:12 [scheduler.py:1948] reset_connector called but no KV connector is configured.
[36m(vLLMHttpServer pid=266886)[0m (EngineCore pid=267483) WARNING 09-11 14:00:14 [scheduler.py:1948] reset_connector called but no KV connector is configured.
[36m(vLLMHttpServer pid=266893)[0m (EngineCore pid=267508) WARNING 09-11 14:00:14 [scheduler.py:1948] reset_connector called but no KV connector is configured.
[36m(TaskRunnerV1 pid=262098)[0m Training Progress:   0%|          | 0/4 [00:00<?, ?it/s]
[36m(TaskRunnerV1 pid=262098)[0m [RolloutTqSkip()] [33mInjected 16 cached trajectories from step 1 (4 prompts x 4) into TQ partition 'train' at current step 1[0m
[36m(WorkerDict pid=263342)[0m Using blocking ray.get inside async actor. This blocks the event loop. Please use `await` on object ref with asyncio.gather if you want to yield execution to the event loop instead.
[36m(WorkerDict pid=263343)[0m Using blocking ray.get inside async actor. This blocks the event loop. Please use `await` on object ref with asyncio.gather if you want to yield execution to the event loop instead.
[36m(WorkerDict pid=263340)[0m Using blocking ray.get inside async actor. This blocks the event loop. Please use `await` on object ref with asyncio.gather if you want to yield execution to the event loop instead.
[36m(WorkerDict pid=263341)[0m Using blocking ray.get inside async actor. This blocks the event loop. Please use `await` on object ref with asyncio.gather if you want to yield execution to the event loop instead.
[36m(WorkerDict pid=263345)[0m Using blocking ray.get inside async actor. This blocks the event loop. Please use `await` on object ref with asyncio.gather if you want to yield execution to the event loop instead.
[36m(WorkerDict pid=263344)[0m Using blocking ray.get inside async actor. This blocks the event loop. Please use `await` on object ref with asyncio.gather if you want to yield execution to the event loop instead.
[36m(WorkerDict pid=263346)[0m Using blocking ray.get inside async actor. This blocks the event loop. Please use `await` on object ref with asyncio.gather if you want to yield execution to the event loop instead.
[36m(WorkerDict pid=263347)[0m Using blocking ray.get inside async actor. This blocks the event loop. Please use `await` on object ref with asyncio.gather if you want to yield execution to the event loop instead.
[36m(WorkerDict pid=263347)[0m NCCL version 2.28.9+cuda12.9
[36m(WorkerDict pid=263345)[0m NCCL version 2.28.9+cuda12.9
[36m(WorkerDict pid=263342)[0m WARNING:2026-09-11 14:00:18,782:flash-attn v4 may provide important feature support or performance improvement. Please install flash-attn v4 by 
[36m(WorkerDict pid=263342)[0m pip install flash-attn-4==4.0.0b11 nvidia-cutlass-dsl[cu13]
[36m(WorkerDict pid=263341)[0m WARNING:2026-09-11 14:00:18,793:flash-attn v4 may provide important feature support or performance improvement. Please install flash-attn v4 by 
[36m(WorkerDict pid=263341)[0m pip install flash-attn-4==4.0.0b11 nvidia-cutlass-dsl[cu13]
[36m(WorkerDict pid=263343)[0m WARNING:2026-09-11 14:00:18,820:flash-attn v4 may provide important feature support or performance improvement. Please install flash-attn v4 by 
[36m(WorkerDict pid=263343)[0m pip install flash-attn-4==4.0.0b11 nvidia-cutlass-dsl[cu13]
[36m(WorkerDict pid=263342)[0m [rank2]:[W911 14:00:23.692873356 ProcessGroupNCCL.cpp:4094] Warning: An unbatched P2P op (send/recv) was called on this ProcessGroup with size 2.  In lazy initialization mode, this will result in a new 2-rank NCCL communicator to be created. (function operator())
[36m(WorkerDict pid=263346)[0m [rank6]:[W911 14:00:23.695593067 ProcessGroupNCCL.cpp:4094] Warning: An unbatched P2P op (send/recv) was called on this ProcessGroup with size 2.  In lazy initialization mode, this will result in a new 2-rank NCCL communicator to be created. (function operator())
[36m(pid=270241)[0m WARNING:2026-09-11 14:00:27,264:Platform 'nvidia' (PlatformCUDA) is registered but not available. This may be due to this ray actor being a CPU-only actor.
[36m(pid=270241)[0m /home/p00938733/verl-090/verl/workers/engine/__init__.py:32: UserWarning: torchtitan engine is not available: ModuleNotFoundError("No module named 'torchtitan'")
[36m(pid=270241)[0m   warnings.warn(f"torchtitan engine is not available: {e!r}", stacklevel=1)
[36m(pid=270241)[0m /home/p00938733/verl-090/verl/workers/engine/__init__.py:41: UserWarning: veomni engine is not available: ModuleNotFoundError("No module named 'veomni'")
[36m(pid=270241)[0m   warnings.warn(f"veomni engine is not available: {e!r}", stacklevel=1)
[36m(pid=270241)[0m /home/p00938733/verl-090/verl/workers/engine/__init__.py:50: UserWarning: automodel engine is not available: ModuleNotFoundError("No module named 'nemo_automodel'")
[36m(pid=270241)[0m   warnings.warn(f"automodel engine is not available: {e!r}", stacklevel=1)
[36m(pid=270244)[0m WARNING:2026-09-11 14:00:31,853:Platform 'nvidia' (PlatformCUDA) is registered but not available. This may be due to this ray actor being a CPU-only actor.
[36m(pid=270244)[0m /home/p00938733/verl-090/verl/workers/engine/__init__.py:32: UserWarning: torchtitan engine is not available: ModuleNotFoundError("No module named 'torchtitan'")
[36m(pid=270244)[0m   warnings.warn(f"torchtitan engine is not available: {e!r}", stacklevel=1)
[36m(pid=270244)[0m /home/p00938733/verl-090/verl/workers/engine/__init__.py:41: UserWarning: veomni engine is not available: ModuleNotFoundError("No module named 'veomni'")
[36m(pid=270244)[0m   warnings.warn(f"veomni engine is not available: {e!r}", stacklevel=1)
[36m(pid=270244)[0m /home/p00938733/verl-090/verl/workers/engine/__init__.py:50: UserWarning: automodel engine is not available: ModuleNotFoundError("No module named 'nemo_automodel'")
[36m(pid=270244)[0m   warnings.warn(f"automodel engine is not available: {e!r}", stacklevel=1)
[36m(pid=270242)[0m WARNING:2026-09-11 14:00:35,620:No supported accelerator detected. Registered: ('nvidia', 'huawei', 'amd'). Falling back to 'nvidia'.
[36m(pid=270242)[0m WARNING:2026-09-11 14:00:35,621:Platform 'nvidia' (PlatformCUDA) is registered but not available. This may be due to this ray actor being a CPU-only actor.
[36m(pid=270242)[0m /home/p00938733/verl-090/verl/workers/engine/__init__.py:32: UserWarning: torchtitan engine is not available: ModuleNotFoundError("No module named 'torchtitan'")
[36m(pid=270242)[0m   warnings.warn(f"torchtitan engine is not available: {e!r}", stacklevel=1)
[36m(pid=270242)[0m /home/p00938733/verl-090/verl/workers/engine/__init__.py:41: UserWarning: veomni engine is not available: ModuleNotFoundError("No module named 'veomni'")
[36m(pid=270242)[0m   warnings.warn(f"veomni engine is not available: {e!r}", stacklevel=1)
[36m(pid=270242)[0m /home/p00938733/verl-090/verl/workers/engine/__init__.py:50: UserWarning: automodel engine is not available: ModuleNotFoundError("No module named 'nemo_automodel'")
[36m(pid=270242)[0m   warnings.warn(f"automodel engine is not available: {e!r}", stacklevel=1)
[36m(pid=270243)[0m WARNING:2026-09-11 14:00:35,702:No supported accelerator detected. Registered: ('nvidia', 'huawei', 'amd'). Falling back to 'nvidia'.
[36m(pid=270243)[0m WARNING:2026-09-11 14:00:35,703:Platform 'nvidia' (PlatformCUDA) is registered but not available. This may be due to this ray actor being a CPU-only actor.
[36m(pid=270243)[0m /home/p00938733/verl-090/verl/workers/engine/__init__.py:32: UserWarning: torchtitan engine is not available: ModuleNotFoundError("No module named 'torchtitan'")
[36m(pid=270243)[0m   warnings.warn(f"torchtitan engine is not available: {e!r}", stacklevel=1)
[36m(pid=270243)[0m /home/p00938733/verl-090/verl/workers/engine/__init__.py:41: UserWarning: veomni engine is not available: ModuleNotFoundError("No module named 'veomni'")
[36m(pid=270243)[0m   warnings.warn(f"veomni engine is not available: {e!r}", stacklevel=1)
[36m(pid=270243)[0m /home/p00938733/verl-090/verl/workers/engine/__init__.py:50: UserWarning: automodel engine is not available: ModuleNotFoundError("No module named 'nemo_automodel'")
[36m(pid=270243)[0m   warnings.warn(f"automodel engine is not available: {e!r}", stacklevel=1)
[36m(pid=270249)[0m WARNING:2026-09-11 14:00:35,785:No supported accelerator detected. Registered: ('nvidia', 'huawei', 'amd'). Falling back to 'nvidia'.
[36m(pid=270249)[0m WARNING:2026-09-11 14:00:35,786:Platform 'nvidia' (PlatformCUDA) is registered but not available. This may be due to this ray actor being a CPU-only actor.
[36m(pid=270249)[0m /home/p00938733/verl-090/verl/workers/engine/__init__.py:32: UserWarning: torchtitan engine is not available: ModuleNotFoundError("No module named 'torchtitan'")
[36m(pid=270249)[0m   warnings.warn(f"torchtitan engine is not available: {e!r}", stacklevel=1)
[36m(pid=270249)[0m /home/p00938733/verl-090/verl/workers/engine/__init__.py:41: UserWarning: veomni engine is not available: ModuleNotFoundError("No module named 'veomni'")
[36m(pid=270249)[0m   warnings.warn(f"veomni engine is not available: {e!r}", stacklevel=1)
[36m(pid=270249)[0m /home/p00938733/verl-090/verl/workers/engine/__init__.py:50: UserWarning: automodel engine is not available: ModuleNotFoundError("No module named 'nemo_automodel'")
[36m(pid=270249)[0m   warnings.warn(f"automodel engine is not available: {e!r}", stacklevel=1)
[36m(pid=270247)[0m WARNING:2026-09-11 14:00:35,954:No supported accelerator detected. Registered: ('nvidia', 'huawei', 'amd'). Falling back to 'nvidia'.
[36m(pid=270247)[0m WARNING:2026-09-11 14:00:35,956:Platform 'nvidia' (PlatformCUDA) is registered but not available. This may be due to this ray actor being a CPU-only actor.
[36m(pid=270247)[0m /home/p00938733/verl-090/verl/workers/engine/__init__.py:32: UserWarning: torchtitan engine is not available: ModuleNotFoundError("No module named 'torchtitan'")
[36m(pid=270247)[0m   warnings.warn(f"torchtitan engine is not available: {e!r}", stacklevel=1)
[36m(pid=270247)[0m /home/p00938733/verl-090/verl/workers/engine/__init__.py:41: UserWarning: veomni engine is not available: ModuleNotFoundError("No module named 'veomni'")
[36m(pid=270247)[0m   warnings.warn(f"veomni engine is not available: {e!r}", stacklevel=1)
[36m(pid=270247)[0m /home/p00938733/verl-090/verl/workers/engine/__init__.py:50: UserWarning: automodel engine is not available: ModuleNotFoundError("No module named 'nemo_automodel'")
[36m(pid=270247)[0m   warnings.warn(f"automodel engine is not available: {e!r}", stacklevel=1)
[36m(pid=270251)[0m WARNING:2026-09-11 14:00:35,869:No supported accelerator detected. Registered: ('nvidia', 'huawei', 'amd'). Falling back to 'nvidia'.
[36m(pid=270251)[0m WARNING:2026-09-11 14:00:35,871:Platform 'nvidia' (PlatformCUDA) is registered but not available. This may be due to this ray actor being a CPU-only actor.
[36m(pid=270251)[0m /home/p00938733/verl-090/verl/workers/engine/__init__.py:32: UserWarning: torchtitan engine is not available: ModuleNotFoundError("No module named 'torchtitan'")
[36m(pid=270251)[0m   warnings.warn(f"torchtitan engine is not available: {e!r}", stacklevel=1)
[36m(pid=270251)[0m /home/p00938733/verl-090/verl/workers/engine/__init__.py:41: UserWarning: veomni engine is not available: ModuleNotFoundError("No module named 'veomni'")
[36m(pid=270251)[0m   warnings.warn(f"veomni engine is not available: {e!r}", stacklevel=1)
[36m(pid=270251)[0m /home/p00938733/verl-090/verl/workers/engine/__init__.py:50: UserWarning: automodel engine is not available: ModuleNotFoundError("No module named 'nemo_automodel'")
[36m(pid=270251)[0m   warnings.warn(f"automodel engine is not available: {e!r}", stacklevel=1)
[36m(pid=270245)[0m WARNING:2026-09-11 14:00:36,040:No supported accelerator detected. Registered: ('nvidia', 'huawei', 'amd'). Falling back to 'nvidia'.
[36m(pid=270245)[0m WARNING:2026-09-11 14:00:36,041:Platform 'nvidia' (PlatformCUDA) is registered but not available. This may be due to this ray actor being a CPU-only actor.
[36m(pid=270245)[0m /home/p00938733/verl-090/verl/workers/engine/__init__.py:32: UserWarning: torchtitan engine is not available: ModuleNotFoundError("No module named 'torchtitan'")
[36m(pid=270245)[0m   warnings.warn(f"torchtitan engine is not available: {e!r}", stacklevel=1)
[36m(pid=270245)[0m /home/p00938733/verl-090/verl/workers/engine/__init__.py:41: UserWarning: veomni engine is not available: ModuleNotFoundError("No module named 'veomni'")
[36m(pid=270245)[0m   warnings.warn(f"veomni engine is not available: {e!r}", stacklevel=1)
[36m(pid=270245)[0m /home/p00938733/verl-090/verl/workers/engine/__init__.py:50: UserWarning: automodel engine is not available: ModuleNotFoundError("No module named 'nemo_automodel'")
[36m(pid=270245)[0m   warnings.warn(f"automodel engine is not available: {e!r}", stacklevel=1)
[36m(WorkerDict pid=263343)[0m [rank3]:[W911 14:00:38.100476654 ProcessGroupNCCL.cpp:4094] Warning: An unbatched P2P op (send/recv) was called on this ProcessGroup with size 2.  In lazy initialization mode, this will result in a new 2-rank NCCL communicator to be created. (function operator())
[36m(WorkerDict pid=263347)[0m [rank7]:[W911 14:00:38.102554835 ProcessGroupNCCL.cpp:4094] Warning: An unbatched P2P op (send/recv) was called on this ProcessGroup with size 2.  In lazy initialization mode, this will result in a new 2-rank NCCL communicator to be created. (function operator())
[36m(pid=270241)[0m W0911 14:00:39.154000 270241 torch/utils/cpp_extension.py:140] No CUDA runtime is found, using CUDA_HOME='/usr/local/cuda'
[36m(pid=270244)[0m W0911 14:00:39.484000 270244 torch/utils/cpp_extension.py:140] No CUDA runtime is found, using CUDA_HOME='/usr/local/cuda'
[36m(pid=270242)[0m W0911 14:00:39.692000 270242 torch/utils/cpp_extension.py:140] No CUDA runtime is found, using CUDA_HOME='/usr/local/cuda'
[36m(pid=270243)[0m W0911 14:00:39.824000 270243 torch/utils/cpp_extension.py:140] No CUDA runtime is found, using CUDA_HOME='/usr/local/cuda'
[36m(WorkerDict pid=263340)[0m [rank0]:[W911 14:00:39.479014880 ProcessGroupNCCL.cpp:4094] Warning: An unbatched P2P op (send/recv) was called on this ProcessGroup with size 2.  In lazy initialization mode, this will result in a new 2-rank NCCL communicator to be created. (function operator())
[36m(WorkerDict pid=263344)[0m [rank4]:[W911 14:00:39.526044171 ProcessGroupNCCL.cpp:4094] Warning: An unbatched P2P op (send/recv) was called on this ProcessGroup with size 2.  In lazy initialization mode, this will result in a new 2-rank NCCL communicator to be created. (function operator())
[36m(pid=270245)[0m W0911 14:00:39.882000 270245 torch/utils/cpp_extension.py:140] No CUDA runtime is found, using CUDA_HOME='/usr/local/cuda'
[36m(pid=270247)[0m W0911 14:00:39.969000 270247 torch/utils/cpp_extension.py:140] No CUDA runtime is found, using CUDA_HOME='/usr/local/cuda'
[36m(pid=270249)[0m W0911 14:00:39.865000 270249 torch/utils/cpp_extension.py:140] No CUDA runtime is found, using CUDA_HOME='/usr/local/cuda'
[36m(pid=270251)[0m W0911 14:00:39.915000 270251 torch/utils/cpp_extension.py:140] No CUDA runtime is found, using CUDA_HOME='/usr/local/cuda'
[36m(WorkerDict pid=263341)[0m [rank1]:[W911 14:00:40.330717211 ProcessGroupNCCL.cpp:4094] Warning: An unbatched P2P op (send/recv) was called on this ProcessGroup with size 2.  In lazy initialization mode, this will result in a new 2-rank NCCL communicator to be created. (function operator())
[36m(WorkerDict pid=263345)[0m [rank5]:[W911 14:00:40.332636062 ProcessGroupNCCL.cpp:4094] Warning: An unbatched P2P op (send/recv) was called on this ProcessGroup with size 2.  In lazy initialization mode, this will result in a new 2-rank NCCL communicator to be created. (function operator())
[36m(WorkerDict pid=263346)[0m WARNING:2026-09-11 14:00:41,270:flash-attn v4 may provide important feature support or performance improvement. Please install flash-attn v4 by 
[36m(WorkerDict pid=263346)[0m pip install flash-attn-4==4.0.0b11 nvidia-cutlass-dsl[cu13]
[36m(WorkerDict pid=263347)[0m WARNING:2026-09-11 14:00:41,297:flash-attn v4 may provide important feature support or performance improvement. Please install flash-attn v4 by 
[36m(WorkerDict pid=263347)[0m pip install flash-attn-4==4.0.0b11 nvidia-cutlass-dsl[cu13]
[36m(AgentLoopWorkerTQ pid=270241)[0m Using blocking ray.get inside async actor. This blocks the event loop. Please use `await` on object ref with asyncio.gather if you want to yield execution to the event loop instead.
[36m(AgentLoopWorkerTQ pid=270241)[0m Using dataset class: RLHFDataset
[36m(AgentLoopWorkerTQ pid=270244)[0m Using blocking ray.get inside async actor. This blocks the event loop. Please use `await` on object ref with asyncio.gather if you want to yield execution to the event loop instead.
[36m(AgentLoopWorkerTQ pid=270244)[0m Using dataset class: RLHFDataset
[36m(AgentLoopWorkerTQ pid=270242)[0m Using blocking ray.get inside async actor. This blocks the event loop. Please use `await` on object ref with asyncio.gather if you want to yield execution to the event loop instead.
[36m(AgentLoopWorkerTQ pid=270245)[0m Using blocking ray.get inside async actor. This blocks the event loop. Please use `await` on object ref with asyncio.gather if you want to yield execution to the event loop instead.
[36m(AgentLoopWorkerTQ pid=270242)[0m Using dataset class: RLHFDataset
[36m(AgentLoopWorkerTQ pid=270245)[0m Using dataset class: RLHFDataset
[36m(AgentLoopWorkerTQ pid=270243)[0m Using dataset class: RLHFDataset
[36m(AgentLoopWorkerTQ pid=270243)[0m Using blocking ray.get inside async actor. This blocks the event loop. Please use `await` on object ref with asyncio.gather if you want to yield execution to the event loop instead.
[36m(AgentLoopWorkerTQ pid=270251)[0m Using blocking ray.get inside async actor. This blocks the event loop. Please use `await` on object ref with asyncio.gather if you want to yield execution to the event loop instead.
[36m(AgentLoopWorkerTQ pid=270251)[0m Using dataset class: RLHFDataset
[36m(AgentLoopWorkerTQ pid=270249)[0m Using dataset class: RLHFDataset
[36m(AgentLoopWorkerTQ pid=270249)[0m Using blocking ray.get inside async actor. This blocks the event loop. Please use `await` on object ref with asyncio.gather if you want to yield execution to the event loop instead.
[36m(AgentLoopWorkerTQ pid=270247)[0m Using dataset class: RLHFDataset
[36m(AgentLoopWorkerTQ pid=270247)[0m Using blocking ray.get inside async actor. This blocks the event loop. Please use `await` on object ref with asyncio.gather if you want to yield execution to the event loop instead.
[36m(WorkerDict pid=263345)[0m WARNING:2026-09-11 14:00:43,946:flash-attn v4 may provide important feature support or performance improvement. Please install flash-attn v4 by 
[36m(WorkerDict pid=263345)[0m pip install flash-attn-4==4.0.0b11 nvidia-cutlass-dsl[cu13]
[36m(WorkerDict pid=263346)[0m WARNING:2026-09-11 14:00:51,284:VERL_RESPONSE_ONLY_LM_HEAD_PROFILE {"active_ratio": 0.5077433628318584, "actual_logits_bytes": 0, "allocated_before_bytes": 4175593472, "backend": "fused", "calculate_entropy": true, "calculate_sum_pi_squared": false, "context_parallel_size": 2, "data_format": "thd", "dense_logits_bytes": 0, "dense_rows": 8136, "distillation_only": false, "elapsed_s": 0.36479541298467666, "element_size": 0, "entropy_from_logits_chunk_size": 2048, "entropy_from_logits_with_chunking": false, "event_id": 0, "logits_dtype": "none", "logits_saved_bytes": 0, "peak_allocated_bytes": 4276151296, "peak_increment_bytes": 100557824, "pipeline_parallel_size": 2, "projected_rows": 4131, "rank": 6, "response_only_enabled": true, "role": "actor", "selected_rows": 4131, "tensor_parallel_size": 2, "vocab_shard": 75968}
[36m(WorkerDict pid=263347)[0m WARNING:2026-09-11 14:00:51,289:VERL_RESPONSE_ONLY_LM_HEAD_PROFILE {"active_ratio": 0.5077433628318584, "actual_logits_bytes": 0, "allocated_before_bytes": 4175593472, "backend": "fused", "calculate_entropy": true, "calculate_sum_pi_squared": false, "context_parallel_size": 2, "data_format": "thd", "dense_logits_bytes": 0, "dense_rows": 8136, "distillation_only": false, "elapsed_s": 0.3704916760325432, "element_size": 0, "entropy_from_logits_chunk_size": 2048, "entropy_from_logits_with_chunking": false, "event_id": 0, "logits_dtype": "none", "logits_saved_bytes": 0, "peak_allocated_bytes": 4276151296, "peak_increment_bytes": 100557824, "pipeline_parallel_size": 2, "projected_rows": 4131, "rank": 7, "response_only_enabled": true, "role": "actor", "selected_rows": 4131, "tensor_parallel_size": 2, "vocab_shard": 75968}
[36m(WorkerDict pid=263345)[0m WARNING:2026-09-11 14:00:51,452:VERL_RESPONSE_ONLY_LM_HEAD_PROFILE {"active_ratio": 0.49913962635201575, "actual_logits_bytes": 0, "allocated_before_bytes": 4175593472, "backend": "fused", "calculate_entropy": true, "calculate_sum_pi_squared": false, "context_parallel_size": 2, "data_format": "thd", "dense_logits_bytes": 0, "dense_rows": 8136, "distillation_only": false, "elapsed_s": 0.5352705989498645, "element_size": 0, "entropy_from_logits_chunk_size": 2048, "entropy_from_logits_with_chunking": false, "event_id": 0, "logits_dtype": "none", "logits_saved_bytes": 0, "peak_allocated_bytes": 4275576320, "peak_increment_bytes": 99982848, "pipeline_parallel_size": 2, "projected_rows": 4061, "rank": 5, "response_only_enabled": true, "role": "actor", "selected_rows": 4061, "tensor_parallel_size": 2, "vocab_shard": 75968}
[36m(WorkerDict pid=263345)[0m WARNING:2026-09-11 14:00:56,461:VERL_RESPONSE_ONLY_LM_HEAD_PROFILE {"active_ratio": 0.49913962635201575, "actual_logits_bytes": 0, "allocated_before_bytes": 4175726080, "backend": "fused", "calculate_entropy": true, "calculate_sum_pi_squared": false, "context_parallel_size": 2, "data_format": "thd", "dense_logits_bytes": 0, "dense_rows": 8136, "distillation_only": false, "elapsed_s": 0.12887645792216063, "element_size": 0, "entropy_from_logits_chunk_size": 2048, "entropy_from_logits_with_chunking": false, "event_id": 1, "logits_dtype": "none", "logits_saved_bytes": 0, "peak_allocated_bytes": 4275708928, "peak_increment_bytes": 99982848, "pipeline_parallel_size": 2, "projected_rows": 4061, "rank": 5, "response_only_enabled": true, "role": "actor", "selected_rows": 4061, "tensor_parallel_size": 2, "vocab_shard": 75968}
[36m(WorkerDict pid=263346)[0m WARNING:2026-09-11 14:00:56,462:VERL_RESPONSE_ONLY_LM_HEAD_PROFILE {"active_ratio": 0.5077433628318584, "actual_logits_bytes": 0, "allocated_before_bytes": 4175726080, "backend": "fused", "calculate_entropy": true, "calculate_sum_pi_squared": false, "context_parallel_size": 2, "data_format": "thd", "dense_logits_bytes": 0, "dense_rows": 8136, "distillation_only": false, "elapsed_s": 0.13136956898961216, "element_size": 0, "entropy_from_logits_chunk_size": 2048, "entropy_from_logits_with_chunking": false, "event_id": 1, "logits_dtype": "none", "logits_saved_bytes": 0, "peak_allocated_bytes": 4276283904, "peak_increment_bytes": 100557824, "pipeline_parallel_size": 2, "projected_rows": 4131, "rank": 6, "response_only_enabled": true, "role": "actor", "selected_rows": 4131, "tensor_parallel_size": 2, "vocab_shard": 75968}
[36m(WorkerDict pid=263347)[0m WARNING:2026-09-11 14:00:56,462:VERL_RESPONSE_ONLY_LM_HEAD_PROFILE {"active_ratio": 0.5077433628318584, "actual_logits_bytes": 0, "allocated_before_bytes": 4175726080, "backend": "fused", "calculate_entropy": true, "calculate_sum_pi_squared": false, "context_parallel_size": 2, "data_format": "thd", "dense_logits_bytes": 0, "dense_rows": 8136, "distillation_only": false, "elapsed_s": 0.13134210905991495, "element_size": 0, "entropy_from_logits_chunk_size": 2048, "entropy_from_logits_with_chunking": false, "event_id": 1, "logits_dtype": "none", "logits_saved_bytes": 0, "peak_allocated_bytes": 4276283904, "peak_increment_bytes": 100557824, "pipeline_parallel_size": 2, "projected_rows": 4131, "rank": 7, "response_only_enabled": true, "role": "actor", "selected_rows": 4131, "tensor_parallel_size": 2, "vocab_shard": 75968}
[36m(WorkerDict pid=263345)[0m WARNING:2026-09-11 14:00:56,828:VERL_RESPONSE_ONLY_LM_HEAD_PROFILE {"active_ratio": 0.49913962635201575, "actual_logits_bytes": 0, "allocated_before_bytes": 4175858176, "backend": "fused", "calculate_entropy": true, "calculate_sum_pi_squared": false, "context_parallel_size": 2, "data_format": "thd", "dense_logits_bytes": 0, "dense_rows": 8136, "distillation_only": false, "elapsed_s": 0.12881473801098764, "element_size": 0, "entropy_from_logits_chunk_size": 2048, "entropy_from_logits_with_chunking": false, "event_id": 2, "logits_dtype": "none", "logits_saved_bytes": 0, "peak_allocated_bytes": 4275841024, "peak_increment_bytes": 99982848, "pipeline_parallel_size": 2, "projected_rows": 4061, "rank": 5, "response_only_enabled": true, "role": "actor", "selected_rows": 4061, "tensor_parallel_size": 2, "vocab_shard": 75968}
[36m(WorkerDict pid=263346)[0m WARNING:2026-09-11 14:00:56,832:VERL_RESPONSE_ONLY_LM_HEAD_PROFILE {"active_ratio": 0.5077433628318584, "actual_logits_bytes": 0, "allocated_before_bytes": 4175858176, "backend": "fused", "calculate_entropy": true, "calculate_sum_pi_squared": false, "context_parallel_size": 2, "data_format": "thd", "dense_logits_bytes": 0, "dense_rows": 8136, "distillation_only": false, "elapsed_s": 0.132653420092538, "element_size": 0, "entropy_from_logits_chunk_size": 2048, "entropy_from_logits_with_chunking": false, "event_id": 2, "logits_dtype": "none", "logits_saved_bytes": 0, "peak_allocated_bytes": 4276416000, "peak_increment_bytes": 100557824, "pipeline_parallel_size": 2, "projected_rows": 4131, "rank": 6, "response_only_enabled": true, "role": "actor", "selected_rows": 4131, "tensor_parallel_size": 2, "vocab_shard": 75968}
[36m(WorkerDict pid=263347)[0m WARNING:2026-09-11 14:00:56,832:VERL_RESPONSE_ONLY_LM_HEAD_PROFILE {"active_ratio": 0.5077433628318584, "actual_logits_bytes": 0, "allocated_before_bytes": 4175858176, "backend": "fused", "calculate_entropy": true, "calculate_sum_pi_squared": false, "context_parallel_size": 2, "data_format": "thd", "dense_logits_bytes": 0, "dense_rows": 8136, "distillation_only": false, "elapsed_s": 0.1326535800471902, "element_size": 0, "entropy_from_logits_chunk_size": 2048, "entropy_from_logits_with_chunking": false, "event_id": 2, "logits_dtype": "none", "logits_saved_bytes": 0, "peak_allocated_bytes": 4276416000, "peak_increment_bytes": 100557824, "pipeline_parallel_size": 2, "projected_rows": 4131, "rank": 7, "response_only_enabled": true, "role": "actor", "selected_rows": 4131, "tensor_parallel_size": 2, "vocab_shard": 75968}
[36m(WorkerDict pid=263345)[0m WARNING:2026-09-11 14:00:57,197:VERL_RESPONSE_ONLY_LM_HEAD_PROFILE {"active_ratio": 0.49913962635201575, "actual_logits_bytes": 0, "allocated_before_bytes": 4175990272, "backend": "fused", "calculate_entropy": true, "calculate_sum_pi_squared": false, "context_parallel_size": 2, "data_format": "thd", "dense_logits_bytes": 0, "dense_rows": 8136, "distillation_only": false, "elapsed_s": 0.12895878800190985, "element_size": 0, "entropy_from_logits_chunk_size": 2048, "entropy_from_logits_with_chunking": false, "event_id": 3, "logits_dtype": "none", "logits_saved_bytes": 0, "peak_allocated_bytes": 4275973120, "peak_increment_bytes": 99982848, "pipeline_parallel_size": 2, "projected_rows": 4061, "rank": 5, "response_only_enabled": true, "role": "actor", "selected_rows": 4061, "tensor_parallel_size": 2, "vocab_shard": 75968}
[36m(WorkerDict pid=263346)[0m WARNING:2026-09-11 14:00:57,201:VERL_RESPONSE_ONLY_LM_HEAD_PROFILE {"active_ratio": 0.5077433628318584, "actual_logits_bytes": 0, "allocated_before_bytes": 4175990272, "backend": "fused", "calculate_entropy": true, "calculate_sum_pi_squared": false, "context_parallel_size": 2, "data_format": "thd", "dense_logits_bytes": 0, "dense_rows": 8136, "distillation_only": false, "elapsed_s": 0.132605449995026, "element_size": 0, "entropy_from_logits_chunk_size": 2048, "entropy_from_logits_with_chunking": false, "event_id": 3, "logits_dtype": "none", "logits_saved_bytes": 0, "peak_allocated_bytes": 4276548096, "peak_increment_bytes": 100557824, "pipeline_parallel_size": 2, "projected_rows": 4131, "rank": 6, "response_only_enabled": true, "role": "actor", "selected_rows": 4131, "tensor_parallel_size": 2, "vocab_shard": 75968}
[36m(WorkerDict pid=263347)[0m WARNING:2026-09-11 14:00:57,201:VERL_RESPONSE_ONLY_LM_HEAD_PROFILE {"active_ratio": 0.5077433628318584, "actual_logits_bytes": 0, "allocated_before_bytes": 4175990272, "backend": "fused", "calculate_entropy": true, "calculate_sum_pi_squared": false, "context_parallel_size": 2, "data_format": "thd", "dense_logits_bytes": 0, "dense_rows": 8136, "distillation_only": false, "elapsed_s": 0.1325844299281016, "element_size": 0, "entropy_from_logits_chunk_size": 2048, "entropy_from_logits_with_chunking": false, "event_id": 3, "logits_dtype": "none", "logits_saved_bytes": 0, "peak_allocated_bytes": 4276548096, "peak_increment_bytes": 100557824, "pipeline_parallel_size": 2, "projected_rows": 4131, "rank": 7, "response_only_enabled": true, "role": "actor", "selected_rows": 4131, "tensor_parallel_size": 2, "vocab_shard": 75968}
[36m(WorkerDict pid=263345)[0m WARNING:2026-09-11 14:00:57,567:VERL_RESPONSE_ONLY_LM_HEAD_PROFILE {"active_ratio": 0.49913962635201575, "actual_logits_bytes": 0, "allocated_before_bytes": 4176122368, "backend": "fused", "calculate_entropy": true, "calculate_sum_pi_squared": false, "context_parallel_size": 2, "data_format": "thd", "dense_logits_bytes": 0, "dense_rows": 8136, "distillation_only": false, "elapsed_s": 0.12846534699201584, "element_size": 0, "entropy_from_logits_chunk_size": 2048, "entropy_from_logits_with_chunking": false, "event_id": 4, "logits_dtype": "none", "logits_saved_bytes": 0, "peak_allocated_bytes": 4276105216, "peak_increment_bytes": 99982848, "pipeline_parallel_size": 2, "projected_rows": 4061, "rank": 5, "response_only_enabled": true, "role": "actor", "selected_rows": 4061, "tensor_parallel_size": 2, "vocab_shard": 75968}
[36m(WorkerDict pid=263346)[0m WARNING:2026-09-11 14:00:57,570:VERL_RESPONSE_ONLY_LM_HEAD_PROFILE {"active_ratio": 0.5077433628318584, "actual_logits_bytes": 0, "allocated_before_bytes": 4176122368, "backend": "fused", "calculate_entropy": true, "calculate_sum_pi_squared": false, "context_parallel_size": 2, "data_format": "thd", "dense_logits_bytes": 0, "dense_rows": 8136, "distillation_only": false, "elapsed_s": 0.13248346000909805, "element_size": 0, "entropy_from_logits_chunk_size": 2048, "entropy_from_logits_with_chunking": false, "event_id": 4, "logits_dtype": "none", "logits_saved_bytes": 0, "peak_allocated_bytes": 4276680192, "peak_increment_bytes": 100557824, "pipeline_parallel_size": 2, "projected_rows": 4131, "rank": 6, "response_only_enabled": true, "role": "actor", "selected_rows": 4131, "tensor_parallel_size": 2, "vocab_shard": 75968}
[36m(WorkerDict pid=263347)[0m WARNING:2026-09-11 14:00:57,570:VERL_RESPONSE_ONLY_LM_HEAD_PROFILE {"active_ratio": 0.5077433628318584, "actual_logits_bytes": 0, "allocated_before_bytes": 4176122368, "backend": "fused", "calculate_entropy": true, "calculate_sum_pi_squared": false, "context_parallel_size": 2, "data_format": "thd", "dense_logits_bytes": 0, "dense_rows": 8136, "distillation_only": false, "elapsed_s": 0.13250666996464133, "element_size": 0, "entropy_from_logits_chunk_size": 2048, "entropy_from_logits_with_chunking": false, "event_id": 4, "logits_dtype": "none", "logits_saved_bytes": 0, "peak_allocated_bytes": 4276680192, "peak_increment_bytes": 100557824, "pipeline_parallel_size": 2, "projected_rows": 4131, "rank": 7, "response_only_enabled": true, "role": "actor", "selected_rows": 4131, "tensor_parallel_size": 2, "vocab_shard": 75968}
[36m(WorkerDict pid=263345)[0m WARNING:2026-09-11 14:00:57,937:VERL_RESPONSE_ONLY_LM_HEAD_PROFILE {"active_ratio": 0.49913962635201575, "actual_logits_bytes": 0, "allocated_before_bytes": 4176254464, "backend": "fused", "calculate_entropy": true, "calculate_sum_pi_squared": false, "context_parallel_size": 2, "data_format": "thd", "dense_logits_bytes": 0, "dense_rows": 8136, "distillation_only": false, "elapsed_s": 0.12898845796007663, "element_size": 0, "entropy_from_logits_chunk_size": 2048, "entropy_from_logits_with_chunking": false, "event_id": 5, "logits_dtype": "none", "logits_saved_bytes": 0, "peak_allocated_bytes": 4276237312, "peak_increment_bytes": 99982848, "pipeline_parallel_size": 2, "projected_rows": 4061, "rank": 5, "response_only_enabled": true, "role": "actor", "selected_rows": 4061, "tensor_parallel_size": 2, "vocab_shard": 75968}
[36m(WorkerDict pid=263346)[0m WARNING:2026-09-11 14:00:57,941:VERL_RESPONSE_ONLY_LM_HEAD_PROFILE {"active_ratio": 0.5077433628318584, "actual_logits_bytes": 0, "allocated_before_bytes": 4176254464, "backend": "fused", "calculate_entropy": true, "calculate_sum_pi_squared": false, "context_parallel_size": 2, "data_format": "thd", "dense_logits_bytes": 0, "dense_rows": 8136, "distillation_only": false, "elapsed_s": 0.1333067489322275, "element_size": 0, "entropy_from_logits_chunk_size": 2048, "entropy_from_logits_with_chunking": false, "event_id": 5, "logits_dtype": "none", "logits_saved_bytes": 0, "peak_allocated_bytes": 4276812288, "peak_increment_bytes": 100557824, "pipeline_parallel_size": 2, "projected_rows": 4131, "rank": 6, "response_only_enabled": true, "role": "actor", "selected_rows": 4131, "tensor_parallel_size": 2, "vocab_shard": 75968}
[36m(WorkerDict pid=263347)[0m WARNING:2026-09-11 14:00:57,941:VERL_RESPONSE_ONLY_LM_HEAD_PROFILE {"active_ratio": 0.5077433628318584, "actual_logits_bytes": 0, "allocated_before_bytes": 4176254464, "backend": "fused", "calculate_entropy": true, "calculate_sum_pi_squared": false, "context_parallel_size": 2, "data_format": "thd", "dense_logits_bytes": 0, "dense_rows": 8136, "distillation_only": false, "elapsed_s": 0.13334416900761425, "element_size": 0, "entropy_from_logits_chunk_size": 2048, "entropy_from_logits_with_chunking": false, "event_id": 5, "logits_dtype": "none", "logits_saved_bytes": 0, "peak_allocated_bytes": 4276812288, "peak_increment_bytes": 100557824, "pipeline_parallel_size": 2, "projected_rows": 4131, "rank": 7, "response_only_enabled": true, "role": "actor", "selected_rows": 4131, "tensor_parallel_size": 2, "vocab_shard": 75968}
[36m(WorkerDict pid=263345)[0m WARNING:2026-09-11 14:00:58,306:VERL_RESPONSE_ONLY_LM_HEAD_PROFILE {"active_ratio": 0.49913962635201575, "actual_logits_bytes": 0, "allocated_before_bytes": 4176386560, "backend": "fused", "calculate_entropy": true, "calculate_sum_pi_squared": false, "context_parallel_size": 2, "data_format": "thd", "dense_logits_bytes": 0, "dense_rows": 8136, "distillation_only": false, "elapsed_s": 0.12894146796315908, "element_size": 0, "entropy_from_logits_chunk_size": 2048, "entropy_from_logits_with_chunking": false, "event_id": 6, "logits_dtype": "none", "logits_saved_bytes": 0, "peak_allocated_bytes": 4276369408, "peak_increment_bytes": 99982848, "pipeline_parallel_size": 2, "projected_rows": 4061, "rank": 5, "response_only_enabled": true, "role": "actor", "selected_rows": 4061, "tensor_parallel_size": 2, "vocab_shard": 75968}
[36m(WorkerDict pid=263346)[0m WARNING:2026-09-11 14:00:58,310:VERL_RESPONSE_ONLY_LM_HEAD_PROFILE {"active_ratio": 0.5077433628318584, "actual_logits_bytes": 0, "allocated_before_bytes": 4176386560, "backend": "fused", "calculate_entropy": true, "calculate_sum_pi_squared": false, "context_parallel_size": 2, "data_format": "thd", "dense_logits_bytes": 0, "dense_rows": 8136, "distillation_only": false, "elapsed_s": 0.13276743900496513, "element_size": 0, "entropy_from_logits_chunk_size": 2048, "entropy_from_logits_with_chunking": false, "event_id": 6, "logits_dtype": "none", "logits_saved_bytes": 0, "peak_allocated_bytes": 4276944384, "peak_increment_bytes": 100557824, "pipeline_parallel_size": 2, "projected_rows": 4131, "rank": 6, "response_only_enabled": true, "role": "actor", "selected_rows": 4131, "tensor_parallel_size": 2, "vocab_shard": 75968}
[36m(WorkerDict pid=263347)[0m WARNING:2026-09-11 14:00:58,310:VERL_RESPONSE_ONLY_LM_HEAD_PROFILE {"active_ratio": 0.5077433628318584, "actual_logits_bytes": 0, "allocated_before_bytes": 4176386560, "backend": "fused", "calculate_entropy": true, "calculate_sum_pi_squared": false, "context_parallel_size": 2, "data_format": "thd", "dense_logits_bytes": 0, "dense_rows": 8136, "distillation_only": false, "elapsed_s": 0.1327544489176944, "element_size": 0, "entropy_from_logits_chunk_size": 2048, "entropy_from_logits_with_chunking": false, "event_id": 6, "logits_dtype": "none", "logits_saved_bytes": 0, "peak_allocated_bytes": 4276944384, "peak_increment_bytes": 100557824, "pipeline_parallel_size": 2, "projected_rows": 4131, "rank": 7, "response_only_enabled": true, "role": "actor", "selected_rows": 4131, "tensor_parallel_size": 2, "vocab_shard": 75968}
[36m(WorkerDict pid=263345)[0m WARNING:2026-09-11 14:00:58,676:VERL_RESPONSE_ONLY_LM_HEAD_PROFILE {"active_ratio": 0.49913962635201575, "actual_logits_bytes": 0, "allocated_before_bytes": 4176518656, "backend": "fused", "calculate_entropy": true, "calculate_sum_pi_squared": false, "context_parallel_size": 2, "data_format": "thd", "dense_logits_bytes": 0, "dense_rows": 8136, "distillation_only": false, "elapsed_s": 0.12915599800180644, "element_size": 0, "entropy_from_logits_chunk_size": 2048, "entropy_from_logits_with_chunking": false, "event_id": 7, "logits_dtype": "none", "logits_saved_bytes": 0, "peak_allocated_bytes": 4276501504, "peak_increment_bytes": 99982848, "pipeline_parallel_size": 2, "projected_rows": 4061, "rank": 5, "response_only_enabled": true, "role": "actor", "selected_rows": 4061, "tensor_parallel_size": 2, "vocab_shard": 75968}
[36m(WorkerDict pid=263346)[0m WARNING:2026-09-11 14:00:58,679:VERL_RESPONSE_ONLY_LM_HEAD_PROFILE {"active_ratio": 0.5077433628318584, "actual_logits_bytes": 0, "allocated_before_bytes": 4176518656, "backend": "fused", "calculate_entropy": true, "calculate_sum_pi_squared": false, "context_parallel_size": 2, "data_format": "thd", "dense_logits_bytes": 0, "dense_rows": 8136, "distillation_only": false, "elapsed_s": 0.13231982896104455, "element_size": 0, "entropy_from_logits_chunk_size": 2048, "entropy_from_logits_with_chunking": false, "event_id": 7, "logits_dtype": "none", "logits_saved_bytes": 0, "peak_allocated_bytes": 4277076480, "peak_increment_bytes": 100557824, "pipeline_parallel_size": 2, "projected_rows": 4131, "rank": 6, "response_only_enabled": true, "role": "actor", "selected_rows": 4131, "tensor_parallel_size": 2, "vocab_shard": 75968}
[36m(WorkerDict pid=263347)[0m WARNING:2026-09-11 14:00:58,679:VERL_RESPONSE_ONLY_LM_HEAD_PROFILE {"active_ratio": 0.5077433628318584, "actual_logits_bytes": 0, "allocated_before_bytes": 4176518656, "backend": "fused", "calculate_entropy": true, "calculate_sum_pi_squared": false, "context_parallel_size": 2, "data_format": "thd", "dense_logits_bytes": 0, "dense_rows": 8136, "distillation_only": false, "elapsed_s": 0.13236822909675539, "element_size": 0, "entropy_from_logits_chunk_size": 2048, "entropy_from_logits_with_chunking": false, "event_id": 7, "logits_dtype": "none", "logits_saved_bytes": 0, "peak_allocated_bytes": 4277076480, "peak_increment_bytes": 100557824, "pipeline_parallel_size": 2, "projected_rows": 4131, "rank": 7, "response_only_enabled": true, "role": "actor", "selected_rows": 4131, "tensor_parallel_size": 2, "vocab_shard": 75968}
[36m(WorkerDict pid=263345)[0m WARNING:2026-09-11 14:00:59,158:VERL_RESPONSE_ONLY_LM_HEAD_PROFILE {"active_ratio": 0.4998724489795918, "actual_logits_bytes": 0, "allocated_before_bytes": 4182227968, "backend": "fused", "calculate_entropy": true, "calculate_sum_pi_squared": false, "context_parallel_size": 2, "data_format": "thd", "dense_logits_bytes": 0, "dense_rows": 7840, "distillation_only": false, "elapsed_s": 0.12511456501670182, "element_size": 0, "entropy_from_logits_chunk_size": 2048, "entropy_from_logits_with_chunking": false, "event_id": 8, "logits_dtype": "none", "logits_saved_bytes": 0, "peak_allocated_bytes": 4278620672, "peak_increment_bytes": 96392704, "pipeline_parallel_size": 2, "projected_rows": 3919, "rank": 5, "response_only_enabled": true, "role": "actor", "selected_rows": 3919, "tensor_parallel_size": 2, "vocab_shard": 75968}
[36m(WorkerDict pid=263346)[0m WARNING:2026-09-11 14:00:59,169:VERL_RESPONSE_ONLY_LM_HEAD_PROFILE {"active_ratio": 0.5450255102040816, "actual_logits_bytes": 0, "allocated_before_bytes": 4182227968, "backend": "fused", "calculate_entropy": true, "calculate_sum_pi_squared": false, "context_parallel_size": 2, "data_format": "thd", "dense_logits_bytes": 0, "dense_rows": 7840, "distillation_only": false, "elapsed_s": 0.1363227410474792, "element_size": 0, "entropy_from_logits_chunk_size": 2048, "entropy_from_logits_with_chunking": false, "event_id": 8, "logits_dtype": "none", "logits_saved_bytes": 0, "peak_allocated_bytes": 4281526272, "peak_increment_bytes": 99298304, "pipeline_parallel_size": 2, "projected_rows": 4273, "rank": 6, "response_only_enabled": true, "role": "actor", "selected_rows": 4273, "tensor_parallel_size": 2, "vocab_shard": 75968}
[36m(WorkerDict pid=263347)[0m WARNING:2026-09-11 14:00:59,169:VERL_RESPONSE_ONLY_LM_HEAD_PROFILE {"active_ratio": 0.5450255102040816, "actual_logits_bytes": 0, "allocated_before_bytes": 4182227968, "backend": "fused", "calculate_entropy": true, "calculate_sum_pi_squared": false, "context_parallel_size": 2, "data_format": "thd", "dense_logits_bytes": 0, "dense_rows": 7840, "distillation_only": false, "elapsed_s": 0.13635481090750545, "element_size": 0, "entropy_from_logits_chunk_size": 2048, "entropy_from_logits_with_chunking": false, "event_id": 8, "logits_dtype": "none", "logits_saved_bytes": 0, "peak_allocated_bytes": 4281526272, "peak_increment_bytes": 99298304, "pipeline_parallel_size": 2, "projected_rows": 4273, "rank": 7, "response_only_enabled": true, "role": "actor", "selected_rows": 4273, "tensor_parallel_size": 2, "vocab_shard": 75968}
[36m(WorkerDict pid=263345)[0m WARNING:2026-09-11 14:00:59,522:VERL_RESPONSE_ONLY_LM_HEAD_PROFILE {"active_ratio": 0.4998724489795918, "actual_logits_bytes": 0, "allocated_before_bytes": 4182354944, "backend": "fused", "calculate_entropy": true, "calculate_sum_pi_squared": false, "context_parallel_size": 2, "data_format": "thd", "dense_logits_bytes": 0, "dense_rows": 7840, "distillation_only": false, "elapsed_s": 0.1248613860225305, "element_size": 0, "entropy_from_logits_chunk_size": 2048, "entropy_from_logits_with_chunking": false, "event_id": 9, "logits_dtype": "none", "logits_saved_bytes": 0, "peak_allocated_bytes": 4278747648, "peak_increment_bytes": 96392704, "pipeline_parallel_size": 2, "projected_rows": 3919, "rank": 5, "response_only_enabled": true, "role": "actor", "selected_rows": 3919, "tensor_parallel_size": 2, "vocab_shard": 75968}
[36m(WorkerDict pid=263346)[0m WARNING:2026-09-11 14:00:59,534:VERL_RESPONSE_ONLY_LM_HEAD_PROFILE {"active_ratio": 0.5450255102040816, "actual_logits_bytes": 0, "allocated_before_bytes": 4182354944, "backend": "fused", "calculate_entropy": true, "calculate_sum_pi_squared": false, "context_parallel_size": 2, "data_format": "thd", "dense_logits_bytes": 0, "dense_rows": 7840, "distillation_only": false, "elapsed_s": 0.136596022057347, "element_size": 0, "entropy_from_logits_chunk_size": 2048, "entropy_from_logits_with_chunking": false, "event_id": 9, "logits_dtype": "none", "logits_saved_bytes": 0, "peak_allocated_bytes": 4281653248, "peak_increment_bytes": 99298304, "pipeline_parallel_size": 2, "projected_rows": 4273, "rank": 6, "response_only_enabled": true, "role": "actor", "selected_rows": 4273, "tensor_parallel_size": 2, "vocab_shard": 75968}
[36m(WorkerDict pid=263347)[0m WARNING:2026-09-11 14:00:59,534:VERL_RESPONSE_ONLY_LM_HEAD_PROFILE {"active_ratio": 0.5450255102040816, "actual_logits_bytes": 0, "allocated_before_bytes": 4182354944, "backend": "fused", "calculate_entropy": true, "calculate_sum_pi_squared": false, "context_parallel_size": 2, "data_format": "thd", "dense_logits_bytes": 0, "dense_rows": 7840, "distillation_only": false, "elapsed_s": 0.13657563203014433, "element_size": 0, "entropy_from_logits_chunk_size": 2048, "entropy_from_logits_with_chunking": false, "event_id": 9, "logits_dtype": "none", "logits_saved_bytes": 0, "peak_allocated_bytes": 4281653248, "peak_increment_bytes": 99298304, "pipeline_parallel_size": 2, "projected_rows": 4273, "rank": 7, "response_only_enabled": true, "role": "actor", "selected_rows": 4273, "tensor_parallel_size": 2, "vocab_shard": 75968}
[36m(WorkerDict pid=263345)[0m WARNING:2026-09-11 14:00:59,887:VERL_RESPONSE_ONLY_LM_HEAD_PROFILE {"active_ratio": 0.4998724489795918, "actual_logits_bytes": 0, "allocated_before_bytes": 4182481920, "backend": "fused", "calculate_entropy": true, "calculate_sum_pi_squared": false, "context_parallel_size": 2, "data_format": "thd", "dense_logits_bytes": 0, "dense_rows": 7840, "distillation_only": false, "elapsed_s": 0.12487046502064914, "element_size": 0, "entropy_from_logits_chunk_size": 2048, "entropy_from_logits_with_chunking": false, "event_id": 10, "logits_dtype": "none", "logits_saved_bytes": 0, "peak_allocated_bytes": 4278874624, "peak_increment_bytes": 96392704, "pipeline_parallel_size": 2, "projected_rows": 3919, "rank": 5, "response_only_enabled": true, "role": "actor", "selected_rows": 3919, "tensor_parallel_size": 2, "vocab_shard": 75968}
[36m(WorkerDict pid=263346)[0m WARNING:2026-09-11 14:00:59,899:VERL_RESPONSE_ONLY_LM_HEAD_PROFILE {"active_ratio": 0.5450255102040816, "actual_logits_bytes": 0, "allocated_before_bytes": 4182481920, "backend": "fused", "calculate_entropy": true, "calculate_sum_pi_squared": false, "context_parallel_size": 2, "data_format": "thd", "dense_logits_bytes": 0, "dense_rows": 7840, "distillation_only": false, "elapsed_s": 0.13629889104049653, "element_size": 0, "entropy_from_logits_chunk_size": 2048, "entropy_from_logits_with_chunking": false, "event_id": 10, "logits_dtype": "none", "logits_saved_bytes": 0, "peak_allocated_bytes": 4281780224, "peak_increment_bytes": 99298304, "pipeline_parallel_size": 2, "projected_rows": 4273, "rank": 6, "response_only_enabled": true, "role": "actor", "selected_rows": 4273, "tensor_parallel_size": 2, "vocab_shard": 75968}
[36m(WorkerDict pid=263347)[0m WARNING:2026-09-11 14:00:59,899:VERL_RESPONSE_ONLY_LM_HEAD_PROFILE {"active_ratio": 0.5450255102040816, "actual_logits_bytes": 0, "allocated_before_bytes": 4182481920, "backend": "fused", "calculate_entropy": true, "calculate_sum_pi_squared": false, "context_parallel_size": 2, "data_format": "thd", "dense_logits_bytes": 0, "dense_rows": 7840, "distillation_only": false, "elapsed_s": 0.13631512108258903, "element_size": 0, "entropy_from_logits_chunk_size": 2048, "entropy_from_logits_with_chunking": false, "event_id": 10, "logits_dtype": "none", "logits_saved_bytes": 0, "peak_allocated_bytes": 4281780224, "peak_increment_bytes": 99298304, "pipeline_parallel_size": 2, "projected_rows": 4273, "rank": 7, "response_only_enabled": true, "role": "actor", "selected_rows": 4273, "tensor_parallel_size": 2, "vocab_shard": 75968}
[36m(WorkerDict pid=263345)[0m WARNING:2026-09-11 14:01:00,254:VERL_RESPONSE_ONLY_LM_HEAD_PROFILE {"active_ratio": 0.4998724489795918, "actual_logits_bytes": 0, "allocated_before_bytes": 4182608896, "backend": "fused", "calculate_entropy": true, "calculate_sum_pi_squared": false, "context_parallel_size": 2, "data_format": "thd", "dense_logits_bytes": 0, "dense_rows": 7840, "distillation_only": false, "elapsed_s": 0.12539138598367572, "element_size": 0, "entropy_from_logits_chunk_size": 2048, "entropy_from_logits_with_chunking": false, "event_id": 11, "logits_dtype": "none", "logits_saved_bytes": 0, "peak_allocated_bytes": 4279001600, "peak_increment_bytes": 96392704, "pipeline_parallel_size": 2, "projected_rows": 3919, "rank": 5, "response_only_enabled": true, "role": "actor", "selected_rows": 3919, "tensor_parallel_size": 2, "vocab_shard": 75968}
[36m(WorkerDict pid=263346)[0m WARNING:2026-09-11 14:01:00,269:VERL_RESPONSE_ONLY_LM_HEAD_PROFILE {"active_ratio": 0.5450255102040816, "actual_logits_bytes": 0, "allocated_before_bytes": 4182608896, "backend": "fused", "calculate_entropy": true, "calculate_sum_pi_squared": false, "context_parallel_size": 2, "data_format": "thd", "dense_logits_bytes": 0, "dense_rows": 7840, "distillation_only": false, "elapsed_s": 0.13633392099291086, "element_size": 0, "entropy_from_logits_chunk_size": 2048, "entropy_from_logits_with_chunking": false, "event_id": 11, "logits_dtype": "none", "logits_saved_bytes": 0, "peak_allocated_bytes": 4281907200, "peak_increment_bytes": 99298304, "pipeline_parallel_size": 2, "projected_rows": 4273, "rank": 6, "response_only_enabled": true, "role": "actor", "selected_rows": 4273, "tensor_parallel_size": 2, "vocab_shard": 75968}
[36m(WorkerDict pid=263347)[0m WARNING:2026-09-11 14:01:00,269:VERL_RESPONSE_ONLY_LM_HEAD_PROFILE {"active_ratio": 0.5450255102040816, "actual_logits_bytes": 0, "allocated_before_bytes": 4182608896, "backend": "fused", "calculate_entropy": true, "calculate_sum_pi_squared": false, "context_parallel_size": 2, "data_format": "thd", "dense_logits_bytes": 0, "dense_rows": 7840, "distillation_only": false, "elapsed_s": 0.13636219105683267, "element_size": 0, "entropy_from_logits_chunk_size": 2048, "entropy_from_logits_with_chunking": false, "event_id": 11, "logits_dtype": "none", "logits_saved_bytes": 0, "peak_allocated_bytes": 4281907200, "peak_increment_bytes": 99298304, "pipeline_parallel_size": 2, "projected_rows": 4273, "rank": 7, "response_only_enabled": true, "role": "actor", "selected_rows": 4273, "tensor_parallel_size": 2, "vocab_shard": 75968}
[36m(WorkerDict pid=263345)[0m WARNING:2026-09-11 14:01:00,629:VERL_RESPONSE_ONLY_LM_HEAD_PROFILE {"active_ratio": 0.4998724489795918, "actual_logits_bytes": 0, "allocated_before_bytes": 4182735872, "backend": "fused", "calculate_entropy": true, "calculate_sum_pi_squared": false, "context_parallel_size": 2, "data_format": "thd", "dense_logits_bytes": 0, "dense_rows": 7840, "distillation_only": false, "elapsed_s": 0.12657023593783379, "element_size": 0, "entropy_from_logits_chunk_size": 2048, "entropy_from_logits_with_chunking": false, "event_id": 12, "logits_dtype": "none", "logits_saved_bytes": 0, "peak_allocated_bytes": 4279128576, "peak_increment_bytes": 96392704, "pipeline_parallel_size": 2, "projected_rows": 3919, "rank": 5, "response_only_enabled": true, "role": "actor", "selected_rows": 3919, "tensor_parallel_size": 2, "vocab_shard": 75968}
[36m(WorkerDict pid=263346)[0m WARNING:2026-09-11 14:01:00,639:VERL_RESPONSE_ONLY_LM_HEAD_PROFILE {"active_ratio": 0.5450255102040816, "actual_logits_bytes": 0, "allocated_before_bytes": 4182735872, "backend": "fused", "calculate_entropy": true, "calculate_sum_pi_squared": false, "context_parallel_size": 2, "data_format": "thd", "dense_logits_bytes": 0, "dense_rows": 7840, "distillation_only": false, "elapsed_s": 0.13675118202809244, "element_size": 0, "entropy_from_logits_chunk_size": 2048, "entropy_from_logits_with_chunking": false, "event_id": 12, "logits_dtype": "none", "logits_saved_bytes": 0, "peak_allocated_bytes": 4282034176, "peak_increment_bytes": 99298304, "pipeline_parallel_size": 2, "projected_rows": 4273, "rank": 6, "response_only_enabled": true, "role": "actor", "selected_rows": 4273, "tensor_parallel_size": 2, "vocab_shard": 75968}
[36m(WorkerDict pid=263347)[0m WARNING:2026-09-11 14:01:00,639:VERL_RESPONSE_ONLY_LM_HEAD_PROFILE {"active_ratio": 0.5450255102040816, "actual_logits_bytes": 0, "allocated_before_bytes": 4182735872, "backend": "fused", "calculate_entropy": true, "calculate_sum_pi_squared": false, "context_parallel_size": 2, "data_format": "thd", "dense_logits_bytes": 0, "dense_rows": 7840, "distillation_only": false, "elapsed_s": 0.13676404196303338, "element_size": 0, "entropy_from_logits_chunk_size": 2048, "entropy_from_logits_with_chunking": false, "event_id": 12, "logits_dtype": "none", "logits_saved_bytes": 0, "peak_allocated_bytes": 4282034176, "peak_increment_bytes": 99298304, "pipeline_parallel_size": 2, "projected_rows": 4273, "rank": 7, "response_only_enabled": true, "role": "actor", "selected_rows": 4273, "tensor_parallel_size": 2, "vocab_shard": 75968}
[36m(WorkerDict pid=263345)[0m WARNING:2026-09-11 14:01:00,993:VERL_RESPONSE_ONLY_LM_HEAD_PROFILE {"active_ratio": 0.4998724489795918, "actual_logits_bytes": 0, "allocated_before_bytes": 4182862848, "backend": "fused", "calculate_entropy": true, "calculate_sum_pi_squared": false, "context_parallel_size": 2, "data_format": "thd", "dense_logits_bytes": 0, "dense_rows": 7840, "distillation_only": false, "elapsed_s": 0.12501838593743742, "element_size": 0, "entropy_from_logits_chunk_size": 2048, "entropy_from_logits_with_chunking": false, "event_id": 13, "logits_dtype": "none", "logits_saved_bytes": 0, "peak_allocated_bytes": 4279255552, "peak_increment_bytes": 96392704, "pipeline_parallel_size": 2, "projected_rows": 3919, "rank": 5, "response_only_enabled": true, "role": "actor", "selected_rows": 3919, "tensor_parallel_size": 2, "vocab_shard": 75968}
[36m(WorkerDict pid=263346)[0m WARNING:2026-09-11 14:01:01,005:VERL_RESPONSE_ONLY_LM_HEAD_PROFILE {"active_ratio": 0.5450255102040816, "actual_logits_bytes": 0, "allocated_before_bytes": 4182862848, "backend": "fused", "calculate_entropy": true, "calculate_sum_pi_squared": false, "context_parallel_size": 2, "data_format": "thd", "dense_logits_bytes": 0, "dense_rows": 7840, "distillation_only": false, "elapsed_s": 0.13702591101173311, "element_size": 0, "entropy_from_logits_chunk_size": 2048, "entropy_from_logits_with_chunking": false, "event_id": 13, "logits_dtype": "none", "logits_saved_bytes": 0, "peak_allocated_bytes": 4282161152, "peak_increment_bytes": 99298304, "pipeline_parallel_size": 2, "projected_rows": 4273, "rank": 6, "response_only_enabled": true, "role": "actor", "selected_rows": 4273, "tensor_parallel_size": 2, "vocab_shard": 75968}
[36m(WorkerDict pid=263347)[0m WARNING:2026-09-11 14:01:01,005:VERL_RESPONSE_ONLY_LM_HEAD_PROFILE {"active_ratio": 0.5450255102040816, "actual_logits_bytes": 0, "allocated_before_bytes": 4182862848, "backend": "fused", "calculate_entropy": true, "calculate_sum_pi_squared": false, "context_parallel_size": 2, "data_format": "thd", "dense_logits_bytes": 0, "dense_rows": 7840, "distillation_only": false, "elapsed_s": 0.13697173108812422, "element_size": 0, "entropy_from_logits_chunk_size": 2048, "entropy_from_logits_with_chunking": false, "event_id": 13, "logits_dtype": "none", "logits_saved_bytes": 0, "peak_allocated_bytes": 4282161152, "peak_increment_bytes": 99298304, "pipeline_parallel_size": 2, "projected_rows": 4273, "rank": 7, "response_only_enabled": true, "role": "actor", "selected_rows": 4273, "tensor_parallel_size": 2, "vocab_shard": 75968}
[36m(WorkerDict pid=263345)[0m WARNING:2026-09-11 14:01:01,358:VERL_RESPONSE_ONLY_LM_HEAD_PROFILE {"active_ratio": 0.4998724489795918, "actual_logits_bytes": 0, "allocated_before_bytes": 4182989824, "backend": "fused", "calculate_entropy": true, "calculate_sum_pi_squared": false, "context_parallel_size": 2, "data_format": "thd", "dense_logits_bytes": 0, "dense_rows": 7840, "distillation_only": false, "elapsed_s": 0.12501491594593972, "element_size": 0, "entropy_from_logits_chunk_size": 2048, "entropy_from_logits_with_chunking": false, "event_id": 14, "logits_dtype": "none", "logits_saved_bytes": 0, "peak_allocated_bytes": 4279382528, "peak_increment_bytes": 96392704, "pipeline_parallel_size": 2, "projected_rows": 3919, "rank": 5, "response_only_enabled": true, "role": "actor", "selected_rows": 3919, "tensor_parallel_size": 2, "vocab_shard": 75968}
[36m(WorkerDict pid=263346)[0m WARNING:2026-09-11 14:01:01,371:VERL_RESPONSE_ONLY_LM_HEAD_PROFILE {"active_ratio": 0.5450255102040816, "actual_logits_bytes": 0, "allocated_before_bytes": 4182989824, "backend": "fused", "calculate_entropy": true, "calculate_sum_pi_squared": false, "context_parallel_size": 2, "data_format": "thd", "dense_logits_bytes": 0, "dense_rows": 7840, "distillation_only": false, "elapsed_s": 0.13748568203300238, "element_size": 0, "entropy_from_logits_chunk_size": 2048, "entropy_from_logits_with_chunking": false, "event_id": 14, "logits_dtype": "none", "logits_saved_bytes": 0, "peak_allocated_bytes": 4282288128, "peak_increment_bytes": 99298304, "pipeline_parallel_size": 2, "projected_rows": 4273, "rank": 6, "response_only_enabled": true, "role": "actor", "selected_rows": 4273, "tensor_parallel_size": 2, "vocab_shard": 75968}
[36m(WorkerDict pid=263347)[0m WARNING:2026-09-11 14:01:01,371:VERL_RESPONSE_ONLY_LM_HEAD_PROFILE {"active_ratio": 0.5450255102040816, "actual_logits_bytes": 0, "allocated_before_bytes": 4182989824, "backend": "fused", "calculate_entropy": true, "calculate_sum_pi_squared": false, "context_parallel_size": 2, "data_format": "thd", "dense_logits_bytes": 0, "dense_rows": 7840, "distillation_only": false, "elapsed_s": 0.13747074198909104, "element_size": 0, "entropy_from_logits_chunk_size": 2048, "entropy_from_logits_with_chunking": false, "event_id": 14, "logits_dtype": "none", "logits_saved_bytes": 0, "peak_allocated_bytes": 4282288128, "peak_increment_bytes": 99298304, "pipeline_parallel_size": 2, "projected_rows": 4273, "rank": 7, "response_only_enabled": true, "role": "actor", "selected_rows": 4273, "tensor_parallel_size": 2, "vocab_shard": 75968}
[36m(WorkerDict pid=263345)[0m WARNING:2026-09-11 14:01:01,725:VERL_RESPONSE_ONLY_LM_HEAD_PROFILE {"active_ratio": 0.4998724489795918, "actual_logits_bytes": 0, "allocated_before_bytes": 4183116800, "backend": "fused", "calculate_entropy": true, "calculate_sum_pi_squared": false, "context_parallel_size": 2, "data_format": "thd", "dense_logits_bytes": 0, "dense_rows": 7840, "distillation_only": false, "elapsed_s": 0.12542637600563467, "element_size": 0, "entropy_from_logits_chunk_size": 2048, "entropy_from_logits_with_chunking": false, "event_id": 15, "logits_dtype": "none", "logits_saved_bytes": 0, "peak_allocated_bytes": 4279509504, "peak_increment_bytes": 96392704, "pipeline_parallel_size": 2, "projected_rows": 3919, "rank": 5, "response_only_enabled": true, "role": "actor", "selected_rows": 3919, "tensor_parallel_size": 2, "vocab_shard": 75968}
[36m(WorkerDict pid=263346)[0m WARNING:2026-09-11 14:01:01,736:VERL_RESPONSE_ONLY_LM_HEAD_PROFILE {"active_ratio": 0.5450255102040816, "actual_logits_bytes": 0, "allocated_before_bytes": 4183116800, "backend": "fused", "calculate_entropy": true, "calculate_sum_pi_squared": false, "context_parallel_size": 2, "data_format": "thd", "dense_logits_bytes": 0, "dense_rows": 7840, "distillation_only": false, "elapsed_s": 0.13672540104016662, "element_size": 0, "entropy_from_logits_chunk_size": 2048, "entropy_from_logits_with_chunking": false, "event_id": 15, "logits_dtype": "none", "logits_saved_bytes": 0, "peak_allocated_bytes": 4282415104, "peak_increment_bytes": 99298304, "pipeline_parallel_size": 2, "projected_rows": 4273, "rank": 6, "response_only_enabled": true, "role": "actor", "selected_rows": 4273, "tensor_parallel_size": 2, "vocab_shard": 75968}
[36m(WorkerDict pid=263347)[0m WARNING:2026-09-11 14:01:01,736:VERL_RESPONSE_ONLY_LM_HEAD_PROFILE {"active_ratio": 0.5450255102040816, "actual_logits_bytes": 0, "allocated_before_bytes": 4183116800, "backend": "fused", "calculate_entropy": true, "calculate_sum_pi_squared": false, "context_parallel_size": 2, "data_format": "thd", "dense_logits_bytes": 0, "dense_rows": 7840, "distillation_only": false, "elapsed_s": 0.1367577409837395, "element_size": 0, "entropy_from_logits_chunk_size": 2048, "entropy_from_logits_with_chunking": false, "event_id": 15, "logits_dtype": "none", "logits_saved_bytes": 0, "peak_allocated_bytes": 4282415104, "peak_increment_bytes": 99298304, "pipeline_parallel_size": 2, "projected_rows": 4273, "rank": 7, "response_only_enabled": true, "role": "actor", "selected_rows": 4273, "tensor_parallel_size": 2, "vocab_shard": 75968}
[36m(WorkerDict pid=263345)[0m WARNING:2026-09-11 14:01:06,125:VERL_RESPONSE_ONLY_LM_HEAD_PROFILE {"active_ratio": 0.49913962635201575, "actual_logits_bytes": 0, "allocated_before_bytes": 4224207360, "backend": "fused", "calculate_entropy": false, "calculate_sum_pi_squared": false, "context_parallel_size": 2, "data_format": "thd", "dense_logits_bytes": 0, "dense_rows": 8136, "distillation_only": false, "elapsed_s": 0.14142363297287375, "element_size": 0, "entropy_from_logits_chunk_size": 2048, "entropy_from_logits_with_chunking": false, "event_id": 16, "logits_dtype": "none", "logits_saved_bytes": 0, "peak_allocated_bytes": 4324190208, "peak_increment_bytes": 99982848, "pipeline_parallel_size": 2, "projected_rows": 4061, "rank": 5, "response_only_enabled": true, "role": "ref", "selected_rows": 4061, "tensor_parallel_size": 2, "vocab_shard": 75968}
[36m(WorkerDict pid=263346)[0m WARNING:2026-09-11 14:01:06,112:VERL_RESPONSE_ONLY_LM_HEAD_PROFILE {"active_ratio": 0.5077433628318584, "actual_logits_bytes": 0, "allocated_before_bytes": 4224207360, "backend": "fused", "calculate_entropy": false, "calculate_sum_pi_squared": false, "context_parallel_size": 2, "data_format": "thd", "dense_logits_bytes": 0, "dense_rows": 8136, "distillation_only": false, "elapsed_s": 0.1309300489956513, "element_size": 0, "entropy_from_logits_chunk_size": 2048, "entropy_from_logits_with_chunking": false, "event_id": 16, "logits_dtype": "none", "logits_saved_bytes": 0, "peak_allocated_bytes": 4324765184, "peak_increment_bytes": 100557824, "pipeline_parallel_size": 2, "projected_rows": 4131, "rank": 6, "response_only_enabled": true, "role": "ref", "selected_rows": 4131, "tensor_parallel_size": 2, "vocab_shard": 75968}
[36m(WorkerDict pid=263347)[0m WARNING:2026-09-11 14:01:06,112:VERL_RESPONSE_ONLY_LM_HEAD_PROFILE {"active_ratio": 0.5077433628318584, "actual_logits_bytes": 0, "allocated_before_bytes": 4224207360, "backend": "fused", "calculate_entropy": false, "calculate_sum_pi_squared": false, "context_parallel_size": 2, "data_format": "thd", "dense_logits_bytes": 0, "dense_rows": 8136, "distillation_only": false, "elapsed_s": 0.13092856900766492, "element_size": 0, "entropy_from_logits_chunk_size": 2048, "entropy_from_logits_with_chunking": false, "event_id": 16, "logits_dtype": "none", "logits_saved_bytes": 0, "peak_allocated_bytes": 4324765184, "peak_increment_bytes": 100557824, "pipeline_parallel_size": 2, "projected_rows": 4131, "rank": 7, "response_only_enabled": true, "role": "ref", "selected_rows": 4131, "tensor_parallel_size": 2, "vocab_shard": 75968}
[36m(WorkerDict pid=263345)[0m WARNING:2026-09-11 14:01:06,510:VERL_RESPONSE_ONLY_LM_HEAD_PROFILE {"active_ratio": 0.49913962635201575, "actual_logits_bytes": 0, "allocated_before_bytes": 4224273920, "backend": "fused", "calculate_entropy": false, "calculate_sum_pi_squared": false, "context_parallel_size": 2, "data_format": "thd", "dense_logits_bytes": 0, "dense_rows": 8136, "distillation_only": false, "elapsed_s": 0.12975928804371506, "element_size": 0, "entropy_from_logits_chunk_size": 2048, "entropy_from_logits_with_chunking": false, "event_id": 17, "logits_dtype": "none", "logits_saved_bytes": 0, "peak_allocated_bytes": 4324256768, "peak_increment_bytes": 99982848, "pipeline_parallel_size": 2, "projected_rows": 4061, "rank": 5, "response_only_enabled": true, "role": "ref", "selected_rows": 4061, "tensor_parallel_size": 2, "vocab_shard": 75968}
[36m(WorkerDict pid=263346)[0m WARNING:2026-09-11 14:01:06,512:VERL_RESPONSE_ONLY_LM_HEAD_PROFILE {"active_ratio": 0.5077433628318584, "actual_logits_bytes": 0, "allocated_before_bytes": 4224273920, "backend": "fused", "calculate_entropy": false, "calculate_sum_pi_squared": false, "context_parallel_size": 2, "data_format": "thd", "dense_logits_bytes": 0, "dense_rows": 8136, "distillation_only": false, "elapsed_s": 0.13203802902717143, "element_size": 0, "entropy_from_logits_chunk_size": 2048, "entropy_from_logits_with_chunking": false, "event_id": 17, "logits_dtype": "none", "logits_saved_bytes": 0, "peak_allocated_bytes": 4324831744, "peak_increment_bytes": 100557824, "pipeline_parallel_size": 2, "projected_rows": 4131, "rank": 6, "response_only_enabled": true, "role": "ref", "selected_rows": 4131, "tensor_parallel_size": 2, "vocab_shard": 75968}
[36m(WorkerDict pid=263347)[0m WARNING:2026-09-11 14:01:06,513:VERL_RESPONSE_ONLY_LM_HEAD_PROFILE {"active_ratio": 0.5077433628318584, "actual_logits_bytes": 0, "allocated_before_bytes": 4224273920, "backend": "fused", "calculate_entropy": false, "calculate_sum_pi_squared": false, "context_parallel_size": 2, "data_format": "thd", "dense_logits_bytes": 0, "dense_rows": 8136, "distillation_only": false, "elapsed_s": 0.1320738890208304, "element_size": 0, "entropy_from_logits_chunk_size": 2048, "entropy_from_logits_with_chunking": false, "event_id": 17, "logits_dtype": "none", "logits_saved_bytes": 0, "peak_allocated_bytes": 4324831744, "peak_increment_bytes": 100557824, "pipeline_parallel_size": 2, "projected_rows": 4131, "rank": 7, "response_only_enabled": true, "role": "ref", "selected_rows": 4131, "tensor_parallel_size": 2, "vocab_shard": 75968}
[36m(WorkerDict pid=263345)[0m WARNING:2026-09-11 14:01:06,879:VERL_RESPONSE_ONLY_LM_HEAD_PROFILE {"active_ratio": 0.49913962635201575, "actual_logits_bytes": 0, "allocated_before_bytes": 4224339968, "backend": "fused", "calculate_entropy": false, "calculate_sum_pi_squared": false, "context_parallel_size": 2, "data_format": "thd", "dense_logits_bytes": 0, "dense_rows": 8136, "distillation_only": false, "elapsed_s": 0.12924324802588671, "element_size": 0, "entropy_from_logits_chunk_size": 2048, "entropy_from_logits_with_chunking": false, "event_id": 18, "logits_dtype": "none", "logits_saved_bytes": 0, "peak_allocated_bytes": 4324322816, "peak_increment_bytes": 99982848, "pipeline_parallel_size": 2, "projected_rows": 4061, "rank": 5, "response_only_enabled": true, "role": "ref", "selected_rows": 4061, "tensor_parallel_size": 2, "vocab_shard": 75968}
[36m(WorkerDict pid=263346)[0m WARNING:2026-09-11 14:01:06,881:VERL_RESPONSE_ONLY_LM_HEAD_PROFILE {"active_ratio": 0.5077433628318584, "actual_logits_bytes": 0, "allocated_before_bytes": 4224339968, "backend": "fused", "calculate_entropy": false, "calculate_sum_pi_squared": false, "context_parallel_size": 2, "data_format": "thd", "dense_logits_bytes": 0, "dense_rows": 8136, "distillation_only": false, "elapsed_s": 0.1323418989777565, "element_size": 0, "entropy_from_logits_chunk_size": 2048, "entropy_from_logits_with_chunking": false, "event_id": 18, "logits_dtype": "none", "logits_saved_bytes": 0, "peak_allocated_bytes": 4324897792, "peak_increment_bytes": 100557824, "pipeline_parallel_size": 2, "projected_rows": 4131, "rank": 6, "response_only_enabled": true, "role": "ref", "selected_rows": 4131, "tensor_parallel_size": 2, "vocab_shard": 75968}
[36m(WorkerDict pid=263347)[0m WARNING:2026-09-11 14:01:06,881:VERL_RESPONSE_ONLY_LM_HEAD_PROFILE {"active_ratio": 0.5077433628318584, "actual_logits_bytes": 0, "allocated_before_bytes": 4224339968, "backend": "fused", "calculate_entropy": false, "calculate_sum_pi_squared": false, "context_parallel_size": 2, "data_format": "thd", "dense_logits_bytes": 0, "dense_rows": 8136, "distillation_only": false, "elapsed_s": 0.13231138896662742, "element_size": 0, "entropy_from_logits_chunk_size": 2048, "entropy_from_logits_with_chunking": false, "event_id": 18, "logits_dtype": "none", "logits_saved_bytes": 0, "peak_allocated_bytes": 4324897792, "peak_increment_bytes": 100557824, "pipeline_parallel_size": 2, "projected_rows": 4131, "rank": 7, "response_only_enabled": true, "role": "ref", "selected_rows": 4131, "tensor_parallel_size": 2, "vocab_shard": 75968}
[36m(WorkerDict pid=263345)[0m WARNING:2026-09-11 14:01:07,248:VERL_RESPONSE_ONLY_LM_HEAD_PROFILE {"active_ratio": 0.49913962635201575, "actual_logits_bytes": 0, "allocated_before_bytes": 4224406016, "backend": "fused", "calculate_entropy": false, "calculate_sum_pi_squared": false, "context_parallel_size": 2, "data_format": "thd", "dense_logits_bytes": 0, "dense_rows": 8136, "distillation_only": false, "elapsed_s": 0.12886773701757193, "element_size": 0, "entropy_from_logits_chunk_size": 2048, "entropy_from_logits_with_chunking": false, "event_id": 19, "logits_dtype": "none", "logits_saved_bytes": 0, "peak_allocated_bytes": 4324388864, "peak_increment_bytes": 99982848, "pipeline_parallel_size": 2, "projected_rows": 4061, "rank": 5, "response_only_enabled": true, "role": "ref", "selected_rows": 4061, "tensor_parallel_size": 2, "vocab_shard": 75968}
[36m(WorkerDict pid=263346)[0m WARNING:2026-09-11 14:01:07,252:VERL_RESPONSE_ONLY_LM_HEAD_PROFILE {"active_ratio": 0.5077433628318584, "actual_logits_bytes": 0, "allocated_before_bytes": 4224406016, "backend": "fused", "calculate_entropy": false, "calculate_sum_pi_squared": false, "context_parallel_size": 2, "data_format": "thd", "dense_logits_bytes": 0, "dense_rows": 8136, "distillation_only": false, "elapsed_s": 0.13221310009248555, "element_size": 0, "entropy_from_logits_chunk_size": 2048, "entropy_from_logits_with_chunking": false, "event_id": 19, "logits_dtype": "none", "logits_saved_bytes": 0, "peak_allocated_bytes": 4324963840, "peak_increment_bytes": 100557824, "pipeline_parallel_size": 2, "projected_rows": 4131, "rank": 6, "response_only_enabled": true, "role": "ref", "selected_rows": 4131, "tensor_parallel_size": 2, "vocab_shard": 75968}
[36m(WorkerDict pid=263347)[0m WARNING:2026-09-11 14:01:07,252:VERL_RESPONSE_ONLY_LM_HEAD_PROFILE {"active_ratio": 0.5077433628318584, "actual_logits_bytes": 0, "allocated_before_bytes": 4224406016, "backend": "fused", "calculate_entropy": false, "calculate_sum_pi_squared": false, "context_parallel_size": 2, "data_format": "thd", "dense_logits_bytes": 0, "dense_rows": 8136, "distillation_only": false, "elapsed_s": 0.1322140300180763, "element_size": 0, "entropy_from_logits_chunk_size": 2048, "entropy_from_logits_with_chunking": false, "event_id": 19, "logits_dtype": "none", "logits_saved_bytes": 0, "peak_allocated_bytes": 4324963840, "peak_increment_bytes": 100557824, "pipeline_parallel_size": 2, "projected_rows": 4131, "rank": 7, "response_only_enabled": true, "role": "ref", "selected_rows": 4131, "tensor_parallel_size": 2, "vocab_shard": 75968}
[36m(WorkerDict pid=263345)[0m WARNING:2026-09-11 14:01:07,617:VERL_RESPONSE_ONLY_LM_HEAD_PROFILE {"active_ratio": 0.49913962635201575, "actual_logits_bytes": 0, "allocated_before_bytes": 4224472064, "backend": "fused", "calculate_entropy": false, "calculate_sum_pi_squared": false, "context_parallel_size": 2, "data_format": "thd", "dense_logits_bytes": 0, "dense_rows": 8136, "distillation_only": false, "elapsed_s": 0.12863319693133235, "element_size": 0, "entropy_from_logits_chunk_size": 2048, "entropy_from_logits_with_chunking": false, "event_id": 20, "logits_dtype": "none", "logits_saved_bytes": 0, "peak_allocated_bytes": 4324454912, "peak_increment_bytes": 99982848, "pipeline_parallel_size": 2, "projected_rows": 4061, "rank": 5, "response_only_enabled": true, "role": "ref", "selected_rows": 4061, "tensor_parallel_size": 2, "vocab_shard": 75968}
[36m(WorkerDict pid=263346)[0m WARNING:2026-09-11 14:01:07,622:VERL_RESPONSE_ONLY_LM_HEAD_PROFILE {"active_ratio": 0.5077433628318584, "actual_logits_bytes": 0, "allocated_before_bytes": 4224472064, "backend": "fused", "calculate_entropy": false, "calculate_sum_pi_squared": false, "context_parallel_size": 2, "data_format": "thd", "dense_logits_bytes": 0, "dense_rows": 8136, "distillation_only": false, "elapsed_s": 0.133211859036237, "element_size": 0, "entropy_from_logits_chunk_size": 2048, "entropy_from_logits_with_chunking": false, "event_id": 20, "logits_dtype": "none", "logits_saved_bytes": 0, "peak_allocated_bytes": 4325029888, "peak_increment_bytes": 100557824, "pipeline_parallel_size": 2, "projected_rows": 4131, "rank": 6, "response_only_enabled": true, "role": "ref", "selected_rows": 4131, "tensor_parallel_size": 2, "vocab_shard": 75968}
[36m(WorkerDict pid=263347)[0m WARNING:2026-09-11 14:01:07,622:VERL_RESPONSE_ONLY_LM_HEAD_PROFILE {"active_ratio": 0.5077433628318584, "actual_logits_bytes": 0, "allocated_before_bytes": 4224472064, "backend": "fused", "calculate_entropy": false, "calculate_sum_pi_squared": false, "context_parallel_size": 2, "data_format": "thd", "dense_logits_bytes": 0, "dense_rows": 8136, "distillation_only": false, "elapsed_s": 0.13317866902798414, "element_size": 0, "entropy_from_logits_chunk_size": 2048, "entropy_from_logits_with_chunking": false, "event_id": 20, "logits_dtype": "none", "logits_saved_bytes": 0, "peak_allocated_bytes": 4325029888, "peak_increment_bytes": 100557824, "pipeline_parallel_size": 2, "projected_rows": 4131, "rank": 7, "response_only_enabled": true, "role": "ref", "selected_rows": 4131, "tensor_parallel_size": 2, "vocab_shard": 75968}
[36m(WorkerDict pid=263345)[0m WARNING:2026-09-11 14:01:07,988:VERL_RESPONSE_ONLY_LM_HEAD_PROFILE {"active_ratio": 0.49913962635201575, "actual_logits_bytes": 0, "allocated_before_bytes": 4224538112, "backend": "fused", "calculate_entropy": false, "calculate_sum_pi_squared": false, "context_parallel_size": 2, "data_format": "thd", "dense_logits_bytes": 0, "dense_rows": 8136, "distillation_only": false, "elapsed_s": 0.12871249800082296, "element_size": 0, "entropy_from_logits_chunk_size": 2048, "entropy_from_logits_with_chunking": false, "event_id": 21, "logits_dtype": "none", "logits_saved_bytes": 0, "peak_allocated_bytes": 4324520960, "peak_increment_bytes": 99982848, "pipeline_parallel_size": 2, "projected_rows": 4061, "rank": 5, "response_only_enabled": true, "role": "ref", "selected_rows": 4061, "tensor_parallel_size": 2, "vocab_shard": 75968}
[36m(WorkerDict pid=263346)[0m WARNING:2026-09-11 14:01:07,991:VERL_RESPONSE_ONLY_LM_HEAD_PROFILE {"active_ratio": 0.5077433628318584, "actual_logits_bytes": 0, "allocated_before_bytes": 4224538112, "backend": "fused", "calculate_entropy": false, "calculate_sum_pi_squared": false, "context_parallel_size": 2, "data_format": "thd", "dense_logits_bytes": 0, "dense_rows": 8136, "distillation_only": false, "elapsed_s": 0.1322721689939499, "element_size": 0, "entropy_from_logits_chunk_size": 2048, "entropy_from_logits_with_chunking": false, "event_id": 21, "logits_dtype": "none", "logits_saved_bytes": 0, "peak_allocated_bytes": 4325095936, "peak_increment_bytes": 100557824, "pipeline_parallel_size": 2, "projected_rows": 4131, "rank": 6, "response_only_enabled": true, "role": "ref", "selected_rows": 4131, "tensor_parallel_size": 2, "vocab_shard": 75968}
[36m(WorkerDict pid=263347)[0m WARNING:2026-09-11 14:01:07,991:VERL_RESPONSE_ONLY_LM_HEAD_PROFILE {"active_ratio": 0.5077433628318584, "actual_logits_bytes": 0, "allocated_before_bytes": 4224538112, "backend": "fused", "calculate_entropy": false, "calculate_sum_pi_squared": false, "context_parallel_size": 2, "data_format": "thd", "dense_logits_bytes": 0, "dense_rows": 8136, "distillation_only": false, "elapsed_s": 0.1322816889733076, "element_size": 0, "entropy_from_logits_chunk_size": 2048, "entropy_from_logits_with_chunking": false, "event_id": 21, "logits_dtype": "none", "logits_saved_bytes": 0, "peak_allocated_bytes": 4325095936, "peak_increment_bytes": 100557824, "pipeline_parallel_size": 2, "projected_rows": 4131, "rank": 7, "response_only_enabled": true, "role": "ref", "selected_rows": 4131, "tensor_parallel_size": 2, "vocab_shard": 75968}
[36m(WorkerDict pid=263345)[0m WARNING:2026-09-11 14:01:08,357:VERL_RESPONSE_ONLY_LM_HEAD_PROFILE {"active_ratio": 0.49913962635201575, "actual_logits_bytes": 0, "allocated_before_bytes": 4224604160, "backend": "fused", "calculate_entropy": false, "calculate_sum_pi_squared": false, "context_parallel_size": 2, "data_format": "thd", "dense_logits_bytes": 0, "dense_rows": 8136, "distillation_only": false, "elapsed_s": 0.12912668799981475, "element_size": 0, "entropy_from_logits_chunk_size": 2048, "entropy_from_logits_with_chunking": false, "event_id": 22, "logits_dtype": "none", "logits_saved_bytes": 0, "peak_allocated_bytes": 4324587008, "peak_increment_bytes": 99982848, "pipeline_parallel_size": 2, "projected_rows": 4061, "rank": 5, "response_only_enabled": true, "role": "ref", "selected_rows": 4061, "tensor_parallel_size": 2, "vocab_shard": 75968}
[36m(WorkerDict pid=263346)[0m WARNING:2026-09-11 14:01:08,360:VERL_RESPONSE_ONLY_LM_HEAD_PROFILE {"active_ratio": 0.5077433628318584, "actual_logits_bytes": 0, "allocated_before_bytes": 4224604160, "backend": "fused", "calculate_entropy": false, "calculate_sum_pi_squared": false, "context_parallel_size": 2, "data_format": "thd", "dense_logits_bytes": 0, "dense_rows": 8136, "distillation_only": false, "elapsed_s": 0.13268711906857789, "element_size": 0, "entropy_from_logits_chunk_size": 2048, "entropy_from_logits_with_chunking": false, "event_id": 22, "logits_dtype": "none", "logits_saved_bytes": 0, "peak_allocated_bytes": 4325161984, "peak_increment_bytes": 100557824, "pipeline_parallel_size": 2, "projected_rows": 4131, "rank": 6, "response_only_enabled": true, "role": "ref", "selected_rows": 4131, "tensor_parallel_size": 2, "vocab_shard": 75968}
[36m(WorkerDict pid=263347)[0m WARNING:2026-09-11 14:01:08,360:VERL_RESPONSE_ONLY_LM_HEAD_PROFILE {"active_ratio": 0.5077433628318584, "actual_logits_bytes": 0, "allocated_before_bytes": 4224604160, "backend": "fused", "calculate_entropy": false, "calculate_sum_pi_squared": false, "context_parallel_size": 2, "data_format": "thd", "dense_logits_bytes": 0, "dense_rows": 8136, "distillation_only": false, "elapsed_s": 0.1326656489400193, "element_size": 0, "entropy_from_logits_chunk_size": 2048, "entropy_from_logits_with_chunking": false, "event_id": 22, "logits_dtype": "none", "logits_saved_bytes": 0, "peak_allocated_bytes": 4325161984, "peak_increment_bytes": 100557824, "pipeline_parallel_size": 2, "projected_rows": 4131, "rank": 7, "response_only_enabled": true, "role": "ref", "selected_rows": 4131, "tensor_parallel_size": 2, "vocab_shard": 75968}
[36m(WorkerDict pid=263345)[0m WARNING:2026-09-11 14:01:08,725:VERL_RESPONSE_ONLY_LM_HEAD_PROFILE {"active_ratio": 0.49913962635201575, "actual_logits_bytes": 0, "allocated_before_bytes": 4224670208, "backend": "fused", "calculate_entropy": false, "calculate_sum_pi_squared": false, "context_parallel_size": 2, "data_format": "thd", "dense_logits_bytes": 0, "dense_rows": 8136, "distillation_only": false, "elapsed_s": 0.12868459697347134, "element_size": 0, "entropy_from_logits_chunk_size": 2048, "entropy_from_logits_with_chunking": false, "event_id": 23, "logits_dtype": "none", "logits_saved_bytes": 0, "peak_allocated_bytes": 4324653056, "peak_increment_bytes": 99982848, "pipeline_parallel_size": 2, "projected_rows": 4061, "rank": 5, "response_only_enabled": true, "role": "ref", "selected_rows": 4061, "tensor_parallel_size": 2, "vocab_shard": 75968}
[36m(WorkerDict pid=263346)[0m WARNING:2026-09-11 14:01:08,728:VERL_RESPONSE_ONLY_LM_HEAD_PROFILE {"active_ratio": 0.5077433628318584, "actual_logits_bytes": 0, "allocated_before_bytes": 4224670208, "backend": "fused", "calculate_entropy": false, "calculate_sum_pi_squared": false, "context_parallel_size": 2, "data_format": "thd", "dense_logits_bytes": 0, "dense_rows": 8136, "distillation_only": false, "elapsed_s": 0.13247596006840467, "element_size": 0, "entropy_from_logits_chunk_size": 2048, "entropy_from_logits_with_chunking": false, "event_id": 23, "logits_dtype": "none", "logits_saved_bytes": 0, "peak_allocated_bytes": 4325228032, "peak_increment_bytes": 100557824, "pipeline_parallel_size": 2, "projected_rows": 4131, "rank": 6, "response_only_enabled": true, "role": "ref", "selected_rows": 4131, "tensor_parallel_size": 2, "vocab_shard": 75968}
[36m(WorkerDict pid=263347)[0m WARNING:2026-09-11 14:01:08,728:VERL_RESPONSE_ONLY_LM_HEAD_PROFILE {"active_ratio": 0.5077433628318584, "actual_logits_bytes": 0, "allocated_before_bytes": 4224670208, "backend": "fused", "calculate_entropy": false, "calculate_sum_pi_squared": false, "context_parallel_size": 2, "data_format": "thd", "dense_logits_bytes": 0, "dense_rows": 8136, "distillation_only": false, "elapsed_s": 0.13246207998599857, "element_size": 0, "entropy_from_logits_chunk_size": 2048, "entropy_from_logits_with_chunking": false, "event_id": 23, "logits_dtype": "none", "logits_saved_bytes": 0, "peak_allocated_bytes": 4325228032, "peak_increment_bytes": 100557824, "pipeline_parallel_size": 2, "projected_rows": 4131, "rank": 7, "response_only_enabled": true, "role": "ref", "selected_rows": 4131, "tensor_parallel_size": 2, "vocab_shard": 75968}
[36m(WorkerDict pid=263345)[0m WARNING:2026-09-11 14:01:09,083:VERL_RESPONSE_ONLY_LM_HEAD_PROFILE {"active_ratio": 0.4998724489795918, "actual_logits_bytes": 0, "allocated_before_bytes": 4230310912, "backend": "fused", "calculate_entropy": false, "calculate_sum_pi_squared": false, "context_parallel_size": 2, "data_format": "thd", "dense_logits_bytes": 0, "dense_rows": 7840, "distillation_only": false, "elapsed_s": 0.12524665601085871, "element_size": 0, "entropy_from_logits_chunk_size": 2048, "entropy_from_logits_with_chunking": false, "event_id": 24, "logits_dtype": "none", "logits_saved_bytes": 0, "peak_allocated_bytes": 4326703616, "peak_increment_bytes": 96392704, "pipeline_parallel_size": 2, "projected_rows": 3919, "rank": 5, "response_only_enabled": true, "role": "ref", "selected_rows": 3919, "tensor_parallel_size": 2, "vocab_shard": 75968}
[36m(WorkerDict pid=263346)[0m WARNING:2026-09-11 14:01:09,094:VERL_RESPONSE_ONLY_LM_HEAD_PROFILE {"active_ratio": 0.5450255102040816, "actual_logits_bytes": 0, "allocated_before_bytes": 4230310912, "backend": "fused", "calculate_entropy": false, "calculate_sum_pi_squared": false, "context_parallel_size": 2, "data_format": "thd", "dense_logits_bytes": 0, "dense_rows": 7840, "distillation_only": false, "elapsed_s": 0.13669628102798015, "element_size": 0, "entropy_from_logits_chunk_size": 2048, "entropy_from_logits_with_chunking": false, "event_id": 24, "logits_dtype": "none", "logits_saved_bytes": 0, "peak_allocated_bytes": 4329609216, "peak_increment_bytes": 99298304, "pipeline_parallel_size": 2, "projected_rows": 4273, "rank": 6, "response_only_enabled": true, "role": "ref", "selected_rows": 4273, "tensor_parallel_size": 2, "vocab_shard": 75968}
[36m(WorkerDict pid=263347)[0m WARNING:2026-09-11 14:01:09,094:VERL_RESPONSE_ONLY_LM_HEAD_PROFILE {"active_ratio": 0.5450255102040816, "actual_logits_bytes": 0, "allocated_before_bytes": 4230310912, "backend": "fused", "calculate_entropy": false, "calculate_sum_pi_squared": false, "context_parallel_size": 2, "data_format": "thd", "dense_logits_bytes": 0, "dense_rows": 7840, "distillation_only": false, "elapsed_s": 0.13672068098094314, "element_size": 0, "entropy_from_logits_chunk_size": 2048, "entropy_from_logits_with_chunking": false, "event_id": 24, "logits_dtype": "none", "logits_saved_bytes": 0, "peak_allocated_bytes": 4329609216, "peak_increment_bytes": 99298304, "pipeline_parallel_size": 2, "projected_rows": 4273, "rank": 7, "response_only_enabled": true, "role": "ref", "selected_rows": 4273, "tensor_parallel_size": 2, "vocab_shard": 75968}
[36m(WorkerDict pid=263345)[0m WARNING:2026-09-11 14:01:09,448:VERL_RESPONSE_ONLY_LM_HEAD_PROFILE {"active_ratio": 0.4998724489795918, "actual_logits_bytes": 0, "allocated_before_bytes": 4230374400, "backend": "fused", "calculate_entropy": false, "calculate_sum_pi_squared": false, "context_parallel_size": 2, "data_format": "thd", "dense_logits_bytes": 0, "dense_rows": 7840, "distillation_only": false, "elapsed_s": 0.12543827597983181, "element_size": 0, "entropy_from_logits_chunk_size": 2048, "entropy_from_logits_with_chunking": false, "event_id": 25, "logits_dtype": "none", "logits_saved_bytes": 0, "peak_allocated_bytes": 4326767104, "peak_increment_bytes": 96392704, "pipeline_parallel_size": 2, "projected_rows": 3919, "rank": 5, "response_only_enabled": true, "role": "ref", "selected_rows": 3919, "tensor_parallel_size": 2, "vocab_shard": 75968}
[36m(WorkerDict pid=263346)[0m WARNING:2026-09-11 14:01:09,460:VERL_RESPONSE_ONLY_LM_HEAD_PROFILE {"active_ratio": 0.5450255102040816, "actual_logits_bytes": 0, "allocated_before_bytes": 4230374400, "backend": "fused", "calculate_entropy": false, "calculate_sum_pi_squared": false, "context_parallel_size": 2, "data_format": "thd", "dense_logits_bytes": 0, "dense_rows": 7840, "distillation_only": false, "elapsed_s": 0.13770148204639554, "element_size": 0, "entropy_from_logits_chunk_size": 2048, "entropy_from_logits_with_chunking": false, "event_id": 25, "logits_dtype": "none", "logits_saved_bytes": 0, "peak_allocated_bytes": 4329672704, "peak_increment_bytes": 99298304, "pipeline_parallel_size": 2, "projected_rows": 4273, "rank": 6, "response_only_enabled": true, "role": "ref", "selected_rows": 4273, "tensor_parallel_size": 2, "vocab_shard": 75968}
[36m(WorkerDict pid=263347)[0m WARNING:2026-09-11 14:01:09,460:VERL_RESPONSE_ONLY_LM_HEAD_PROFILE {"active_ratio": 0.5450255102040816, "actual_logits_bytes": 0, "allocated_before_bytes": 4230374400, "backend": "fused", "calculate_entropy": false, "calculate_sum_pi_squared": false, "context_parallel_size": 2, "data_format": "thd", "dense_logits_bytes": 0, "dense_rows": 7840, "distillation_only": false, "elapsed_s": 0.1377020520158112, "element_size": 0, "entropy_from_logits_chunk_size": 2048, "entropy_from_logits_with_chunking": false, "event_id": 25, "logits_dtype": "none", "logits_saved_bytes": 0, "peak_allocated_bytes": 4329672704, "peak_increment_bytes": 99298304, "pipeline_parallel_size": 2, "projected_rows": 4273, "rank": 7, "response_only_enabled": true, "role": "ref", "selected_rows": 4273, "tensor_parallel_size": 2, "vocab_shard": 75968}
[36m(WorkerDict pid=263345)[0m WARNING:2026-09-11 14:01:09,814:VERL_RESPONSE_ONLY_LM_HEAD_PROFILE {"active_ratio": 0.4998724489795918, "actual_logits_bytes": 0, "allocated_before_bytes": 4230437888, "backend": "fused", "calculate_entropy": false, "calculate_sum_pi_squared": false, "context_parallel_size": 2, "data_format": "thd", "dense_logits_bytes": 0, "dense_rows": 7840, "distillation_only": false, "elapsed_s": 0.12512309604790062, "element_size": 0, "entropy_from_logits_chunk_size": 2048, "entropy_from_logits_with_chunking": false, "event_id": 26, "logits_dtype": "none", "logits_saved_bytes": 0, "peak_allocated_bytes": 4326830592, "peak_increment_bytes": 96392704, "pipeline_parallel_size": 2, "projected_rows": 3919, "rank": 5, "response_only_enabled": true, "role": "ref", "selected_rows": 3919, "tensor_parallel_size": 2, "vocab_shard": 75968}
[36m(WorkerDict pid=263346)[0m WARNING:2026-09-11 14:01:09,826:VERL_RESPONSE_ONLY_LM_HEAD_PROFILE {"active_ratio": 0.5450255102040816, "actual_logits_bytes": 0, "allocated_before_bytes": 4230437888, "backend": "fused", "calculate_entropy": false, "calculate_sum_pi_squared": false, "context_parallel_size": 2, "data_format": "thd", "dense_logits_bytes": 0, "dense_rows": 7840, "distillation_only": false, "elapsed_s": 0.1368794309673831, "element_size": 0, "entropy_from_logits_chunk_size": 2048, "entropy_from_logits_with_chunking": false, "event_id": 26, "logits_dtype": "none", "logits_saved_bytes": 0, "peak_allocated_bytes": 4329736192, "peak_increment_bytes": 99298304, "pipeline_parallel_size": 2, "projected_rows": 4273, "rank": 6, "response_only_enabled": true, "role": "ref", "selected_rows": 4273, "tensor_parallel_size": 2, "vocab_shard": 75968}
[36m(WorkerDict pid=263347)[0m WARNING:2026-09-11 14:01:09,826:VERL_RESPONSE_ONLY_LM_HEAD_PROFILE {"active_ratio": 0.5450255102040816, "actual_logits_bytes": 0, "allocated_before_bytes": 4230437888, "backend": "fused", "calculate_entropy": false, "calculate_sum_pi_squared": false, "context_parallel_size": 2, "data_format": "thd", "dense_logits_bytes": 0, "dense_rows": 7840, "distillation_only": false, "elapsed_s": 0.13683750107884407, "element_size": 0, "entropy_from_logits_chunk_size": 2048, "entropy_from_logits_with_chunking": false, "event_id": 26, "logits_dtype": "none", "logits_saved_bytes": 0, "peak_allocated_bytes": 4329736192, "peak_increment_bytes": 99298304, "pipeline_parallel_size": 2, "projected_rows": 4273, "rank": 7, "response_only_enabled": true, "role": "ref", "selected_rows": 4273, "tensor_parallel_size": 2, "vocab_shard": 75968}
[36m(WorkerDict pid=263345)[0m WARNING:2026-09-11 14:01:10,180:VERL_RESPONSE_ONLY_LM_HEAD_PROFILE {"active_ratio": 0.4998724489795918, "actual_logits_bytes": 0, "allocated_before_bytes": 4230501376, "backend": "fused", "calculate_entropy": false, "calculate_sum_pi_squared": false, "context_parallel_size": 2, "data_format": "thd", "dense_logits_bytes": 0, "dense_rows": 7840, "distillation_only": false, "elapsed_s": 0.12582836707588285, "element_size": 0, "entropy_from_logits_chunk_size": 2048, "entropy_from_logits_with_chunking": false, "event_id": 27, "logits_dtype": "none", "logits_saved_bytes": 0, "peak_allocated_bytes": 4326894080, "peak_increment_bytes": 96392704, "pipeline_parallel_size": 2, "projected_rows": 3919, "rank": 5, "response_only_enabled": true, "role": "ref", "selected_rows": 3919, "tensor_parallel_size": 2, "vocab_shard": 75968}
[36m(WorkerDict pid=263346)[0m WARNING:2026-09-11 14:01:10,191:VERL_RESPONSE_ONLY_LM_HEAD_PROFILE {"active_ratio": 0.5450255102040816, "actual_logits_bytes": 0, "allocated_before_bytes": 4230501376, "backend": "fused", "calculate_entropy": false, "calculate_sum_pi_squared": false, "context_parallel_size": 2, "data_format": "thd", "dense_logits_bytes": 0, "dense_rows": 7840, "distillation_only": false, "elapsed_s": 0.13713421195279807, "element_size": 0, "entropy_from_logits_chunk_size": 2048, "entropy_from_logits_with_chunking": false, "event_id": 27, "logits_dtype": "none", "logits_saved_bytes": 0, "peak_allocated_bytes": 4329799680, "peak_increment_bytes": 99298304, "pipeline_parallel_size": 2, "projected_rows": 4273, "rank": 6, "response_only_enabled": true, "role": "ref", "selected_rows": 4273, "tensor_parallel_size": 2, "vocab_shard": 75968}
[36m(WorkerDict pid=263347)[0m WARNING:2026-09-11 14:01:10,191:VERL_RESPONSE_ONLY_LM_HEAD_PROFILE {"active_ratio": 0.5450255102040816, "actual_logits_bytes": 0, "allocated_before_bytes": 4230501376, "backend": "fused", "calculate_entropy": false, "calculate_sum_pi_squared": false, "context_parallel_size": 2, "data_format": "thd", "dense_logits_bytes": 0, "dense_rows": 7840, "distillation_only": false, "elapsed_s": 0.13716034207027406, "element_size": 0, "entropy_from_logits_chunk_size": 2048, "entropy_from_logits_with_chunking": false, "event_id": 27, "logits_dtype": "none", "logits_saved_bytes": 0, "peak_allocated_bytes": 4329799680, "peak_increment_bytes": 99298304, "pipeline_parallel_size": 2, "projected_rows": 4273, "rank": 7, "response_only_enabled": true, "role": "ref", "selected_rows": 4273, "tensor_parallel_size": 2, "vocab_shard": 75968}
[36m(WorkerDict pid=263345)[0m WARNING:2026-09-11 14:01:10,545:VERL_RESPONSE_ONLY_LM_HEAD_PROFILE {"active_ratio": 0.4998724489795918, "actual_logits_bytes": 0, "allocated_before_bytes": 4230564864, "backend": "fused", "calculate_entropy": false, "calculate_sum_pi_squared": false, "context_parallel_size": 2, "data_format": "thd", "dense_logits_bytes": 0, "dense_rows": 7840, "distillation_only": false, "elapsed_s": 0.1256915460107848, "element_size": 0, "entropy_from_logits_chunk_size": 2048, "entropy_from_logits_with_chunking": false, "event_id": 28, "logits_dtype": "none", "logits_saved_bytes": 0, "peak_allocated_bytes": 4326957568, "peak_increment_bytes": 96392704, "pipeline_parallel_size": 2, "projected_rows": 3919, "rank": 5, "response_only_enabled": true, "role": "ref", "selected_rows": 3919, "tensor_parallel_size": 2, "vocab_shard": 75968}
[36m(WorkerDict pid=263346)[0m WARNING:2026-09-11 14:01:10,558:VERL_RESPONSE_ONLY_LM_HEAD_PROFILE {"active_ratio": 0.5450255102040816, "actual_logits_bytes": 0, "allocated_before_bytes": 4230564864, "backend": "fused", "calculate_entropy": false, "calculate_sum_pi_squared": false, "context_parallel_size": 2, "data_format": "thd", "dense_logits_bytes": 0, "dense_rows": 7840, "distillation_only": false, "elapsed_s": 0.1386570220347494, "element_size": 0, "entropy_from_logits_chunk_size": 2048, "entropy_from_logits_with_chunking": false, "event_id": 28, "logits_dtype": "none", "logits_saved_bytes": 0, "peak_allocated_bytes": 4329863168, "peak_increment_bytes": 99298304, "pipeline_parallel_size": 2, "projected_rows": 4273, "rank": 6, "response_only_enabled": true, "role": "ref", "selected_rows": 4273, "tensor_parallel_size": 2, "vocab_shard": 75968}
[36m(WorkerDict pid=263347)[0m WARNING:2026-09-11 14:01:10,558:VERL_RESPONSE_ONLY_LM_HEAD_PROFILE {"active_ratio": 0.5450255102040816, "actual_logits_bytes": 0, "allocated_before_bytes": 4230564864, "backend": "fused", "calculate_entropy": false, "calculate_sum_pi_squared": false, "context_parallel_size": 2, "data_format": "thd", "dense_logits_bytes": 0, "dense_rows": 7840, "distillation_only": false, "elapsed_s": 0.13866173196583986, "element_size": 0, "entropy_from_logits_chunk_size": 2048, "entropy_from_logits_with_chunking": false, "event_id": 28, "logits_dtype": "none", "logits_saved_bytes": 0, "peak_allocated_bytes": 4329863168, "peak_increment_bytes": 99298304, "pipeline_parallel_size": 2, "projected_rows": 4273, "rank": 7, "response_only_enabled": true, "role": "ref", "selected_rows": 4273, "tensor_parallel_size": 2, "vocab_shard": 75968}
[36m(WorkerDict pid=263345)[0m WARNING:2026-09-11 14:01:10,913:VERL_RESPONSE_ONLY_LM_HEAD_PROFILE {"active_ratio": 0.4998724489795918, "actual_logits_bytes": 0, "allocated_before_bytes": 4230628352, "backend": "fused", "calculate_entropy": false, "calculate_sum_pi_squared": false, "context_parallel_size": 2, "data_format": "thd", "dense_logits_bytes": 0, "dense_rows": 7840, "distillation_only": false, "elapsed_s": 0.12554424605332315, "element_size": 0, "entropy_from_logits_chunk_size": 2048, "entropy_from_logits_with_chunking": false, "event_id": 29, "logits_dtype": "none", "logits_saved_bytes": 0, "peak_allocated_bytes": 4327021056, "peak_increment_bytes": 96392704, "pipeline_parallel_size": 2, "projected_rows": 3919, "rank": 5, "response_only_enabled": true, "role": "ref", "selected_rows": 3919, "tensor_parallel_size": 2, "vocab_shard": 75968}
[36m(WorkerDict pid=263346)[0m WARNING:2026-09-11 14:01:10,924:VERL_RESPONSE_ONLY_LM_HEAD_PROFILE {"active_ratio": 0.5450255102040816, "actual_logits_bytes": 0, "allocated_before_bytes": 4230628352, "backend": "fused", "calculate_entropy": false, "calculate_sum_pi_squared": false, "context_parallel_size": 2, "data_format": "thd", "dense_logits_bytes": 0, "dense_rows": 7840, "distillation_only": false, "elapsed_s": 0.13717227103188634, "element_size": 0, "entropy_from_logits_chunk_size": 2048, "entropy_from_logits_with_chunking": false, "event_id": 29, "logits_dtype": "none", "logits_saved_bytes": 0, "peak_allocated_bytes": 4329926656, "peak_increment_bytes": 99298304, "pipeline_parallel_size": 2, "projected_rows": 4273, "rank": 6, "response_only_enabled": true, "role": "ref", "selected_rows": 4273, "tensor_parallel_size": 2, "vocab_shard": 75968}
[36m(WorkerDict pid=263347)[0m WARNING:2026-09-11 14:01:10,924:VERL_RESPONSE_ONLY_LM_HEAD_PROFILE {"active_ratio": 0.5450255102040816, "actual_logits_bytes": 0, "allocated_before_bytes": 4230628352, "backend": "fused", "calculate_entropy": false, "calculate_sum_pi_squared": false, "context_parallel_size": 2, "data_format": "thd", "dense_logits_bytes": 0, "dense_rows": 7840, "distillation_only": false, "elapsed_s": 0.1371617210097611, "element_size": 0, "entropy_from_logits_chunk_size": 2048, "entropy_from_logits_with_chunking": false, "event_id": 29, "logits_dtype": "none", "logits_saved_bytes": 0, "peak_allocated_bytes": 4329926656, "peak_increment_bytes": 99298304, "pipeline_parallel_size": 2, "projected_rows": 4273, "rank": 7, "response_only_enabled": true, "role": "ref", "selected_rows": 4273, "tensor_parallel_size": 2, "vocab_shard": 75968}
[36m(WorkerDict pid=263345)[0m WARNING:2026-09-11 14:01:11,278:VERL_RESPONSE_ONLY_LM_HEAD_PROFILE {"active_ratio": 0.4998724489795918, "actual_logits_bytes": 0, "allocated_before_bytes": 4230691840, "backend": "fused", "calculate_entropy": false, "calculate_sum_pi_squared": false, "context_parallel_size": 2, "data_format": "thd", "dense_logits_bytes": 0, "dense_rows": 7840, "distillation_only": false, "elapsed_s": 0.12629901699256152, "element_size": 0, "entropy_from_logits_chunk_size": 2048, "entropy_from_logits_with_chunking": false, "event_id": 30, "logits_dtype": "none", "logits_saved_bytes": 0, "peak_allocated_bytes": 4327084544, "peak_increment_bytes": 96392704, "pipeline_parallel_size": 2, "projected_rows": 3919, "rank": 5, "response_only_enabled": true, "role": "ref", "selected_rows": 3919, "tensor_parallel_size": 2, "vocab_shard": 75968}
[36m(WorkerDict pid=263346)[0m WARNING:2026-09-11 14:01:11,289:VERL_RESPONSE_ONLY_LM_HEAD_PROFILE {"active_ratio": 0.5450255102040816, "actual_logits_bytes": 0, "allocated_before_bytes": 4230691840, "backend": "fused", "calculate_entropy": false, "calculate_sum_pi_squared": false, "context_parallel_size": 2, "data_format": "thd", "dense_logits_bytes": 0, "dense_rows": 7840, "distillation_only": false, "elapsed_s": 0.13736209191847593, "element_size": 0, "entropy_from_logits_chunk_size": 2048, "entropy_from_logits_with_chunking": false, "event_id": 30, "logits_dtype": "none", "logits_saved_bytes": 0, "peak_allocated_bytes": 4329990144, "peak_increment_bytes": 99298304, "pipeline_parallel_size": 2, "projected_rows": 4273, "rank": 6, "response_only_enabled": true, "role": "ref", "selected_rows": 4273, "tensor_parallel_size": 2, "vocab_shard": 75968}
[36m(WorkerDict pid=263347)[0m WARNING:2026-09-11 14:01:11,289:VERL_RESPONSE_ONLY_LM_HEAD_PROFILE {"active_ratio": 0.5450255102040816, "actual_logits_bytes": 0, "allocated_before_bytes": 4230691840, "backend": "fused", "calculate_entropy": false, "calculate_sum_pi_squared": false, "context_parallel_size": 2, "data_format": "thd", "dense_logits_bytes": 0, "dense_rows": 7840, "distillation_only": false, "elapsed_s": 0.13735811202786863, "element_size": 0, "entropy_from_logits_chunk_size": 2048, "entropy_from_logits_with_chunking": false, "event_id": 30, "logits_dtype": "none", "logits_saved_bytes": 0, "peak_allocated_bytes": 4329990144, "peak_increment_bytes": 99298304, "pipeline_parallel_size": 2, "projected_rows": 4273, "rank": 7, "response_only_enabled": true, "role": "ref", "selected_rows": 4273, "tensor_parallel_size": 2, "vocab_shard": 75968}
[36m(WorkerDict pid=263345)[0m WARNING:2026-09-11 14:01:11,644:VERL_RESPONSE_ONLY_LM_HEAD_PROFILE {"active_ratio": 0.4998724489795918, "actual_logits_bytes": 0, "allocated_before_bytes": 4230755328, "backend": "fused", "calculate_entropy": false, "calculate_sum_pi_squared": false, "context_parallel_size": 2, "data_format": "thd", "dense_logits_bytes": 0, "dense_rows": 7840, "distillation_only": false, "elapsed_s": 0.12551793595775962, "element_size": 0, "entropy_from_logits_chunk_size": 2048, "entropy_from_logits_with_chunking": false, "event_id": 31, "logits_dtype": "none", "logits_saved_bytes": 0, "peak_allocated_bytes": 4327148032, "peak_increment_bytes": 96392704, "pipeline_parallel_size": 2, "projected_rows": 3919, "rank": 5, "response_only_enabled": true, "role": "ref", "selected_rows": 3919, "tensor_parallel_size": 2, "vocab_shard": 75968}
[36m(WorkerDict pid=263346)[0m WARNING:2026-09-11 14:01:11,655:VERL_RESPONSE_ONLY_LM_HEAD_PROFILE {"active_ratio": 0.5450255102040816, "actual_logits_bytes": 0, "allocated_before_bytes": 4230755328, "backend": "fused", "calculate_entropy": false, "calculate_sum_pi_squared": false, "context_parallel_size": 2, "data_format": "thd", "dense_logits_bytes": 0, "dense_rows": 7840, "distillation_only": false, "elapsed_s": 0.1366049509961158, "element_size": 0, "entropy_from_logits_chunk_size": 2048, "entropy_from_logits_with_chunking": false, "event_id": 31, "logits_dtype": "none", "logits_saved_bytes": 0, "peak_allocated_bytes": 4330053632, "peak_increment_bytes": 99298304, "pipeline_parallel_size": 2, "projected_rows": 4273, "rank": 6, "response_only_enabled": true, "role": "ref", "selected_rows": 4273, "tensor_parallel_size": 2, "vocab_shard": 75968}
[36m(WorkerDict pid=263347)[0m WARNING:2026-09-11 14:01:11,655:VERL_RESPONSE_ONLY_LM_HEAD_PROFILE {"active_ratio": 0.5450255102040816, "actual_logits_bytes": 0, "allocated_before_bytes": 4230755328, "backend": "fused", "calculate_entropy": false, "calculate_sum_pi_squared": false, "context_parallel_size": 2, "data_format": "thd", "dense_logits_bytes": 0, "dense_rows": 7840, "distillation_only": false, "elapsed_s": 0.13660399103537202, "element_size": 0, "entropy_from_logits_chunk_size": 2048, "entropy_from_logits_with_chunking": false, "event_id": 31, "logits_dtype": "none", "logits_saved_bytes": 0, "peak_allocated_bytes": 4330053632, "peak_increment_bytes": 99298304, "pipeline_parallel_size": 2, "projected_rows": 4273, "rank": 7, "response_only_enabled": true, "role": "ref", "selected_rows": 4273, "tensor_parallel_size": 2, "vocab_shard": 75968}
[36m(WorkerDict pid=263345)[0m WARNING:2026-09-11 14:01:18,469:VERL_RESPONSE_ONLY_LM_HEAD_PROFILE {"active_ratio": 0.49913962635201575, "actual_logits_bytes": 0, "allocated_before_bytes": 17118771200, "backend": "fused", "calculate_entropy": true, "calculate_sum_pi_squared": false, "context_parallel_size": 2, "data_format": "thd", "dense_logits_bytes": 0, "dense_rows": 8136, "distillation_only": false, "elapsed_s": 0.12848020798992366, "element_size": 0, "entropy_from_logits_chunk_size": 2048, "entropy_from_logits_with_chunking": false, "event_id": 32, "logits_dtype": "none", "logits_saved_bytes": 0, "peak_allocated_bytes": 17218754048, "peak_increment_bytes": 99982848, "pipeline_parallel_size": 2, "projected_rows": 4061, "rank": 5, "response_only_enabled": true, "role": "actor", "selected_rows": 4061, "tensor_parallel_size": 2, "vocab_shard": 75968}
[36m(WorkerDict pid=263346)[0m WARNING:2026-09-11 14:01:18,474:VERL_RESPONSE_ONLY_LM_HEAD_PROFILE {"active_ratio": 0.5077433628318584, "actual_logits_bytes": 0, "allocated_before_bytes": 17118771200, "backend": "fused", "calculate_entropy": true, "calculate_sum_pi_squared": false, "context_parallel_size": 2, "data_format": "thd", "dense_logits_bytes": 0, "dense_rows": 8136, "distillation_only": false, "elapsed_s": 0.13359699002467096, "element_size": 0, "entropy_from_logits_chunk_size": 2048, "entropy_from_logits_with_chunking": false, "event_id": 32, "logits_dtype": "none", "logits_saved_bytes": 0, "peak_allocated_bytes": 17219329024, "peak_increment_bytes": 100557824, "pipeline_parallel_size": 2, "projected_rows": 4131, "rank": 6, "response_only_enabled": true, "role": "actor", "selected_rows": 4131, "tensor_parallel_size": 2, "vocab_shard": 75968}
[36m(WorkerDict pid=263347)[0m WARNING:2026-09-11 14:01:18,474:VERL_RESPONSE_ONLY_LM_HEAD_PROFILE {"active_ratio": 0.5077433628318584, "actual_logits_bytes": 0, "allocated_before_bytes": 17118771200, "backend": "fused", "calculate_entropy": true, "calculate_sum_pi_squared": false, "context_parallel_size": 2, "data_format": "thd", "dense_logits_bytes": 0, "dense_rows": 8136, "distillation_only": false, "elapsed_s": 0.1336785500170663, "element_size": 0, "entropy_from_logits_chunk_size": 2048, "entropy_from_logits_with_chunking": false, "event_id": 32, "logits_dtype": "none", "logits_saved_bytes": 0, "peak_allocated_bytes": 17219329024, "peak_increment_bytes": 100557824, "pipeline_parallel_size": 2, "projected_rows": 4131, "rank": 7, "response_only_enabled": true, "role": "actor", "selected_rows": 4131, "tensor_parallel_size": 2, "vocab_shard": 75968}
[36m(WorkerDict pid=263345)[0m /opt/dev/lib/python3.12/site-packages/torch/autograd/graph.py:869: UserWarning: c10d::broadcast_: an autograd kernel was not registered to the Autograd key(s) but we are trying to backprop through it. This may lead to silently incorrect behavior. This behavior is deprecated and will be removed in a future version of PyTorch. If your operator is differentiable, please ensure you have registered an autograd kernel to the correct Autograd key (e.g. DispatchKey::Autograd, DispatchKey::CompositeImplicitAutograd). If your operator is not differentiable, or to squash this warning and use the previous behavior, please register torch::CppFunction::makeFallthrough() to DispatchKey::Autograd. (Triggered internally at /pytorch/torch/csrc/autograd/autograd_not_implemented_fallback.cpp:76.)
[36m(WorkerDict pid=263345)[0m   return Variable._execution_engine.run_backward(  # Calls into the C++ engine to run the backward pass
[36m(WorkerDict pid=263344)[0m /opt/dev/lib/python3.12/site-packages/torch/autograd/graph.py:869: UserWarning: c10d::broadcast_: an autograd kernel was not registered to the Autograd key(s) but we are trying to backprop through it. This may lead to silently incorrect behavior. This behavior is deprecated and will be removed in a future version of PyTorch. If your operator is differentiable, please ensure you have registered an autograd kernel to the correct Autograd key (e.g. DispatchKey::Autograd, DispatchKey::CompositeImplicitAutograd). If your operator is not differentiable, or to squash this warning and use the previous behavior, please register torch::CppFunction::makeFallthrough() to DispatchKey::Autograd. (Triggered internally at /pytorch/torch/csrc/autograd/autograd_not_implemented_fallback.cpp:76.)
[36m(WorkerDict pid=263344)[0m   return Variable._execution_engine.run_backward(  # Calls into the C++ engine to run the backward pass
[36m(WorkerDict pid=263346)[0m /opt/dev/lib/python3.12/site-packages/torch/autograd/graph.py:869: UserWarning: c10d::broadcast_: an autograd kernel was not registered to the Autograd key(s) but we are trying to backprop through it. This may lead to silently incorrect behavior. This behavior is deprecated and will be removed in a future version of PyTorch. If your operator is differentiable, please ensure you have registered an autograd kernel to the correct Autograd key (e.g. DispatchKey::Autograd, DispatchKey::CompositeImplicitAutograd). If your operator is not differentiable, or to squash this warning and use the previous behavior, please register torch::CppFunction::makeFallthrough() to DispatchKey::Autograd. (Triggered internally at /pytorch/torch/csrc/autograd/autograd_not_implemented_fallback.cpp:76.)
[36m(WorkerDict pid=263346)[0m   return Variable._execution_engine.run_backward(  # Calls into the C++ engine to run the backward pass
[36m(WorkerDict pid=263347)[0m /opt/dev/lib/python3.12/site-packages/torch/autograd/graph.py:869: UserWarning: c10d::broadcast_: an autograd kernel was not registered to the Autograd key(s) but we are trying to backprop through it. This may lead to silently incorrect behavior. This behavior is deprecated and will be removed in a future version of PyTorch. If your operator is differentiable, please ensure you have registered an autograd kernel to the correct Autograd key (e.g. DispatchKey::Autograd, DispatchKey::CompositeImplicitAutograd). If your operator is not differentiable, or to squash this warning and use the previous behavior, please register torch::CppFunction::makeFallthrough() to DispatchKey::Autograd. (Triggered internally at /pytorch/torch/csrc/autograd/autograd_not_implemented_fallback.cpp:76.)
[36m(WorkerDict pid=263347)[0m   return Variable._execution_engine.run_backward(  # Calls into the C++ engine to run the backward pass
[36m(WorkerDict pid=263345)[0m /opt/Megatron-Bridge/3rdparty/Megatron-LM/megatron/core/pipeline_parallel/schedules.py:211: UserWarning: The AccumulateGrad node's stream does not match the stream of the node that produced the incoming gradient. This may incur unnecessary synchronization and break CUDA graph capture if the AccumulateGrad node's stream is the default stream. This mismatch is caused by an AccumulateGrad node created prior to the current iteration being kept alive. This can happen if the autograd graph is still being kept alive by tensors such as the loss, or if you are using DDP, which will stash a reference to the node. To resolve the mismatch, delete all references to the autograd graph or ensure that DDP initialization is performed under the same stream as subsequent forwards. If the mismatch is intentional, you can use torch.autograd.graph.set_warn_on_accumulate_grad_stream_mismatch(False) to suppress this warning. (Triggered internally at /pytorch/torch/csrc/autograd/input_buffer.cpp:240.)
[36m(WorkerDict pid=263345)[0m   Variable._execution_engine.run_backward(
[36m(WorkerDict pid=263345)[0m /opt/Megatron-Bridge/3rdparty/Megatron-LM/megatron/core/pipeline_parallel/schedules.py:211: UserWarning: c10d::broadcast_: an autograd kernel was not registered to the Autograd key(s) but we are trying to backprop through it. This may lead to silently incorrect behavior. This behavior is deprecated and will be removed in a future version of PyTorch. If your operator is differentiable, please ensure you have registered an autograd kernel to the correct Autograd key (e.g. DispatchKey::Autograd, DispatchKey::CompositeImplicitAutograd). If your operator is not differentiable, or to squash this warning and use the previous behavior, please register torch::CppFunction::makeFallthrough() to DispatchKey::Autograd. (Triggered internally at /pytorch/torch/csrc/autograd/autograd_not_implemented_fallback.cpp:76.)
[36m(WorkerDict pid=263345)[0m   Variable._execution_engine.run_backward(
[36m(WorkerDict pid=263344)[0m /opt/Megatron-Bridge/3rdparty/Megatron-LM/megatron/core/pipeline_parallel/schedules.py:211: UserWarning: The AccumulateGrad node's stream does not match the stream of the node that produced the incoming gradient. This may incur unnecessary synchronization and break CUDA graph capture if the AccumulateGrad node's stream is the default stream. This mismatch is caused by an AccumulateGrad node created prior to the current iteration being kept alive. This can happen if the autograd graph is still being kept alive by tensors such as the loss, or if you are using DDP, which will stash a reference to the node. To resolve the mismatch, delete all references to the autograd graph or ensure that DDP initialization is performed under the same stream as subsequent forwards. If the mismatch is intentional, you can use torch.autograd.graph.set_warn_on_accumulate_grad_stream_mismatch(False) to suppress this warning. (Triggered internally at /pytorch/torch/csrc/autograd/input_buffer.cpp:240.)
[36m(WorkerDict pid=263344)[0m   Variable._execution_engine.run_backward(
[36m(WorkerDict pid=263344)[0m /opt/Megatron-Bridge/3rdparty/Megatron-LM/megatron/core/pipeline_parallel/schedules.py:211: UserWarning: c10d::broadcast_: an autograd kernel was not registered to the Autograd key(s) but we are trying to backprop through it. This may lead to silently incorrect behavior. This behavior is deprecated and will be removed in a future version of PyTorch. If your operator is differentiable, please ensure you have registered an autograd kernel to the correct Autograd key (e.g. DispatchKey::Autograd, DispatchKey::CompositeImplicitAutograd). If your operator is not differentiable, or to squash this warning and use the previous behavior, please register torch::CppFunction::makeFallthrough() to DispatchKey::Autograd. (Triggered internally at /pytorch/torch/csrc/autograd/autograd_not_implemented_fallback.cpp:76.)
[36m(WorkerDict pid=263344)[0m   Variable._execution_engine.run_backward(
[36m(WorkerDict pid=263346)[0m /opt/Megatron-Bridge/3rdparty/Megatron-LM/megatron/core/pipeline_parallel/schedules.py:211: UserWarning: The AccumulateGrad node's stream does not match the stream of the node that produced the incoming gradient. This may incur unnecessary synchronization and break CUDA graph capture if the AccumulateGrad node's stream is the default stream. This mismatch is caused by an AccumulateGrad node created prior to the current iteration being kept alive. This can happen if the autograd graph is still being kept alive by tensors such as the loss, or if you are using DDP, which will stash a reference to the node. To resolve the mismatch, delete all references to the autograd graph or ensure that DDP initialization is performed under the same stream as subsequent forwards. If the mismatch is intentional, you can use torch.autograd.graph.set_warn_on_accumulate_grad_stream_mismatch(False) to suppress this warning. (Triggered internally at /pytorch/torch/csrc/autograd/input_buffer.cpp:240.)
[36m(WorkerDict pid=263346)[0m   Variable._execution_engine.run_backward(
[36m(WorkerDict pid=263346)[0m /opt/Megatron-Bridge/3rdparty/Megatron-LM/megatron/core/pipeline_parallel/schedules.py:211: UserWarning: c10d::broadcast_: an autograd kernel was not registered to the Autograd key(s) but we are trying to backprop through it. This may lead to silently incorrect behavior. This behavior is deprecated and will be removed in a future version of PyTorch. If your operator is differentiable, please ensure you have registered an autograd kernel to the correct Autograd key (e.g. DispatchKey::Autograd, DispatchKey::CompositeImplicitAutograd). If your operator is not differentiable, or to squash this warning and use the previous behavior, please register torch::CppFunction::makeFallthrough() to DispatchKey::Autograd. (Triggered internally at /pytorch/torch/csrc/autograd/autograd_not_implemented_fallback.cpp:76.)
[36m(WorkerDict pid=263346)[0m   Variable._execution_engine.run_backward(
[36m(WorkerDict pid=263347)[0m /opt/Megatron-Bridge/3rdparty/Megatron-LM/megatron/core/pipeline_parallel/schedules.py:211: UserWarning: The AccumulateGrad node's stream does not match the stream of the node that produced the incoming gradient. This may incur unnecessary synchronization and break CUDA graph capture if the AccumulateGrad node's stream is the default stream. This mismatch is caused by an AccumulateGrad node created prior to the current iteration being kept alive. This can happen if the autograd graph is still being kept alive by tensors such as the loss, or if you are using DDP, which will stash a reference to the node. To resolve the mismatch, delete all references to the autograd graph or ensure that DDP initialization is performed under the same stream as subsequent forwards. If the mismatch is intentional, you can use torch.autograd.graph.set_warn_on_accumulate_grad_stream_mismatch(False) to suppress this warning. (Triggered internally at /pytorch/torch/csrc/autograd/input_buffer.cpp:240.)
[36m(WorkerDict pid=263347)[0m   Variable._execution_engine.run_backward(
[36m(WorkerDict pid=263347)[0m /opt/Megatron-Bridge/3rdparty/Megatron-LM/megatron/core/pipeline_parallel/schedules.py:211: UserWarning: c10d::broadcast_: an autograd kernel was not registered to the Autograd key(s) but we are trying to backprop through it. This may lead to silently incorrect behavior. This behavior is deprecated and will be removed in a future version of PyTorch. If your operator is differentiable, please ensure you have registered an autograd kernel to the correct Autograd key (e.g. DispatchKey::Autograd, DispatchKey::CompositeImplicitAutograd). If your operator is not differentiable, or to squash this warning and use the previous behavior, please register torch::CppFunction::makeFallthrough() to DispatchKey::Autograd. (Triggered internally at /pytorch/torch/csrc/autograd/autograd_not_implemented_fallback.cpp:76.)
[36m(WorkerDict pid=263347)[0m   Variable._execution_engine.run_backward(
[36m(WorkerDict pid=263342)[0m [rank2]:[W911 14:01:26.601826829 ProcessGroupNCCL.cpp:4094] Warning: An unbatched P2P op (send/recv) was called on this ProcessGroup with size 8.  In lazy initialization mode, this will result in a new 2-rank NCCL communicator to be created. (function operator())
[36m(WorkerDict pid=263346)[0m [rank6]:[W911 14:01:26.600985528 ProcessGroupNCCL.cpp:4094] Warning: An unbatched P2P op (send/recv) was called on this ProcessGroup with size 8.  In lazy initialization mode, this will result in a new 2-rank NCCL communicator to be created. (function operator())
[36m(WorkerDict pid=263343)[0m [rank3]:[W911 14:01:28.740100235 ProcessGroupNCCL.cpp:4094] Warning: An unbatched P2P op (send/recv) was called on this ProcessGroup with size 8.  In lazy initialization mode, this will result in a new 2-rank NCCL communicator to be created. (function operator())
[36m(WorkerDict pid=263347)[0m [rank7]:[W911 14:01:28.740454085 ProcessGroupNCCL.cpp:4094] Warning: An unbatched P2P op (send/recv) was called on this ProcessGroup with size 8.  In lazy initialization mode, this will result in a new 2-rank NCCL communicator to be created. (function operator())
[36m(WorkerDict pid=263340)[0m [rank0]:[W911 14:01:28.553510808 ProcessGroupNCCL.cpp:4094] Warning: An unbatched P2P op (send/recv) was called on this ProcessGroup with size 8.  In lazy initialization mode, this will result in a new 2-rank NCCL communicator to be created. (function operator())
[36m(WorkerDict pid=263344)[0m [rank4]:[W911 14:01:28.552500278 ProcessGroupNCCL.cpp:4094] Warning: An unbatched P2P op (send/recv) was called on this ProcessGroup with size 8.  In lazy initialization mode, this will result in a new 2-rank NCCL communicator to be created. (function operator())
[36m(WorkerDict pid=263341)[0m [rank1]:[W911 14:01:29.438563064 ProcessGroupNCCL.cpp:4094] Warning: An unbatched P2P op (send/recv) was called on this ProcessGroup with size 8.  In lazy initialization mode, this will result in a new 2-rank NCCL communicator to be created. (function operator())
[36m(WorkerDict pid=263345)[0m [rank5]:[W911 14:01:29.438139314 ProcessGroupNCCL.cpp:4094] Warning: An unbatched P2P op (send/recv) was called on this ProcessGroup with size 8.  In lazy initialization mode, this will result in a new 2-rank NCCL communicator to be created. (function operator())
[36m(WorkerDict pid=263342)[0m /opt/dev/lib/python3.12/site-packages/torch/autograd/graph.py:869: UserWarning: The AccumulateGrad node's stream does not match the stream of the node that produced the incoming gradient. This may incur unnecessary synchronization and break CUDA graph capture if the AccumulateGrad node's stream is the default stream. This mismatch is caused by an AccumulateGrad node created prior to the current iteration being kept alive. This can happen if the autograd graph is still being kept alive by tensors such as the loss, or if you are using DDP, which will stash a reference to the node. To resolve the mismatch, delete all references to the autograd graph or ensure that DDP initialization is performed under the same stream as subsequent forwards. If the mismatch is intentional, you can use torch.autograd.graph.set_warn_on_accumulate_grad_stream_mismatch(False) to suppress this warning. (Triggered internally at /pytorch/torch/csrc/autograd/input_buffer.cpp:240.)
[36m(WorkerDict pid=263342)[0m   return Variable._execution_engine.run_backward(  # Calls into the C++ engine to run the backward pass
[36m(WorkerDict pid=263342)[0m /opt/dev/lib/python3.12/site-packages/torch/autograd/graph.py:869: UserWarning: c10d::broadcast_: an autograd kernel was not registered to the Autograd key(s) but we are trying to backprop through it. This may lead to silently incorrect behavior. This behavior is deprecated and will be removed in a future version of PyTorch. If your operator is differentiable, please ensure you have registered an autograd kernel to the correct Autograd key (e.g. DispatchKey::Autograd, DispatchKey::CompositeImplicitAutograd). If your operator is not differentiable, or to squash this warning and use the previous behavior, please register torch::CppFunction::makeFallthrough() to DispatchKey::Autograd. (Triggered internally at /pytorch/torch/csrc/autograd/autograd_not_implemented_fallback.cpp:76.)
[36m(WorkerDict pid=263342)[0m   return Variable._execution_engine.run_backward(  # Calls into the C++ engine to run the backward pass
[36m(WorkerDict pid=263343)[0m /opt/dev/lib/python3.12/site-packages/torch/autograd/graph.py:869: UserWarning: The AccumulateGrad node's stream does not match the stream of the node that produced the incoming gradient. This may incur unnecessary synchronization and break CUDA graph capture if the AccumulateGrad node's stream is the default stream. This mismatch is caused by an AccumulateGrad node created prior to the current iteration being kept alive. This can happen if the autograd graph is still being kept alive by tensors such as the loss, or if you are using DDP, which will stash a reference to the node. To resolve the mismatch, delete all references to the autograd graph or ensure that DDP initialization is performed under the same stream as subsequent forwards. If the mismatch is intentional, you can use torch.autograd.graph.set_warn_on_accumulate_grad_stream_mismatch(False) to suppress this warning. (Triggered internally at /pytorch/torch/csrc/autograd/input_buffer.cpp:240.)
[36m(WorkerDict pid=263343)[0m   return Variable._execution_engine.run_backward(  # Calls into the C++ engine to run the backward pass
[36m(WorkerDict pid=263343)[0m /opt/dev/lib/python3.12/site-packages/torch/autograd/graph.py:869: UserWarning: c10d::broadcast_: an autograd kernel was not registered to the Autograd key(s) but we are trying to backprop through it. This may lead to silently incorrect behavior. This behavior is deprecated and will be removed in a future version of PyTorch. If your operator is differentiable, please ensure you have registered an autograd kernel to the correct Autograd key (e.g. DispatchKey::Autograd, DispatchKey::CompositeImplicitAutograd). If your operator is not differentiable, or to squash this warning and use the previous behavior, please register torch::CppFunction::makeFallthrough() to DispatchKey::Autograd. (Triggered internally at /pytorch/torch/csrc/autograd/autograd_not_implemented_fallback.cpp:76.)
[36m(WorkerDict pid=263343)[0m   return Variable._execution_engine.run_backward(  # Calls into the C++ engine to run the backward pass
[36m(WorkerDict pid=263340)[0m /opt/dev/lib/python3.12/site-packages/torch/autograd/graph.py:869: UserWarning: The AccumulateGrad node's stream does not match the stream of the node that produced the incoming gradient. This may incur unnecessary synchronization and break CUDA graph capture if the AccumulateGrad node's stream is the default stream. This mismatch is caused by an AccumulateGrad node created prior to the current iteration being kept alive. This can happen if the autograd graph is still being kept alive by tensors such as the loss, or if you are using DDP, which will stash a reference to the node. To resolve the mismatch, delete all references to the autograd graph or ensure that DDP initialization is performed under the same stream as subsequent forwards. If the mismatch is intentional, you can use torch.autograd.graph.set_warn_on_accumulate_grad_stream_mismatch(False) to suppress this warning. (Triggered internally at /pytorch/torch/csrc/autograd/input_buffer.cpp:240.)
[36m(WorkerDict pid=263340)[0m   return Variable._execution_engine.run_backward(  # Calls into the C++ engine to run the backward pass
[36m(WorkerDict pid=263340)[0m /opt/dev/lib/python3.12/site-packages/torch/autograd/graph.py:869: UserWarning: c10d::broadcast_: an autograd kernel was not registered to the Autograd key(s) but we are trying to backprop through it. This may lead to silently incorrect behavior. This behavior is deprecated and will be removed in a future version of PyTorch. If your operator is differentiable, please ensure you have registered an autograd kernel to the correct Autograd key (e.g. DispatchKey::Autograd, DispatchKey::CompositeImplicitAutograd). If your operator is not differentiable, or to squash this warning and use the previous behavior, please register torch::CppFunction::makeFallthrough() to DispatchKey::Autograd. (Triggered internally at /pytorch/torch/csrc/autograd/autograd_not_implemented_fallback.cpp:76.)
[36m(WorkerDict pid=263340)[0m   return Variable._execution_engine.run_backward(  # Calls into the C++ engine to run the backward pass
[36m(WorkerDict pid=263341)[0m /opt/dev/lib/python3.12/site-packages/torch/autograd/graph.py:869: UserWarning: The AccumulateGrad node's stream does not match the stream of the node that produced the incoming gradient. This may incur unnecessary synchronization and break CUDA graph capture if the AccumulateGrad node's stream is the default stream. This mismatch is caused by an AccumulateGrad node created prior to the current iteration being kept alive. This can happen if the autograd graph is still being kept alive by tensors such as the loss, or if you are using DDP, which will stash a reference to the node. To resolve the mismatch, delete all references to the autograd graph or ensure that DDP initialization is performed under the same stream as subsequent forwards. If the mismatch is intentional, you can use torch.autograd.graph.set_warn_on_accumulate_grad_stream_mismatch(False) to suppress this warning. (Triggered internally at /pytorch/torch/csrc/autograd/input_buffer.cpp:240.)
[36m(WorkerDict pid=263341)[0m   return Variable._execution_engine.run_backward(  # Calls into the C++ engine to run the backward pass
[36m(WorkerDict pid=263341)[0m /opt/dev/lib/python3.12/site-packages/torch/autograd/graph.py:869: UserWarning: c10d::broadcast_: an autograd kernel was not registered to the Autograd key(s) but we are trying to backprop through it. This may lead to silently incorrect behavior. This behavior is deprecated and will be removed in a future version of PyTorch. If your operator is differentiable, please ensure you have registered an autograd kernel to the correct Autograd key (e.g. DispatchKey::Autograd, DispatchKey::CompositeImplicitAutograd). If your operator is not differentiable, or to squash this warning and use the previous behavior, please register torch::CppFunction::makeFallthrough() to DispatchKey::Autograd. (Triggered internally at /pytorch/torch/csrc/autograd/autograd_not_implemented_fallback.cpp:76.)
[36m(WorkerDict pid=263341)[0m   return Variable._execution_engine.run_backward(  # Calls into the C++ engine to run the backward pass
[36m(WorkerDict pid=263345)[0m WARNING:2026-09-11 14:01:33,303:VERL_RESPONSE_ONLY_LM_HEAD_PROFILE {"active_ratio": 0.49913962635201575, "actual_logits_bytes": 0, "allocated_before_bytes": 17353687040, "backend": "fused", "calculate_entropy": true, "calculate_sum_pi_squared": false, "context_parallel_size": 2, "data_format": "thd", "dense_logits_bytes": 0, "dense_rows": 8136, "distillation_only": false, "elapsed_s": 0.13599118101410568, "element_size": 0, "entropy_from_logits_chunk_size": 2048, "entropy_from_logits_with_chunking": false, "event_id": 33, "logits_dtype": "none", "logits_saved_bytes": 0, "peak_allocated_bytes": 17453669888, "peak_increment_bytes": 99982848, "pipeline_parallel_size": 2, "projected_rows": 4061, "rank": 5, "response_only_enabled": true, "role": "actor", "selected_rows": 4061, "tensor_parallel_size": 2, "vocab_shard": 75968}
[36m(WorkerDict pid=263346)[0m WARNING:2026-09-11 14:01:33,295:VERL_RESPONSE_ONLY_LM_HEAD_PROFILE {"active_ratio": 0.5077433628318584, "actual_logits_bytes": 0, "allocated_before_bytes": 17353687040, "backend": "fused", "calculate_entropy": true, "calculate_sum_pi_squared": false, "context_parallel_size": 2, "data_format": "thd", "dense_logits_bytes": 0, "dense_rows": 8136, "distillation_only": false, "elapsed_s": 0.13112963910680264, "element_size": 0, "entropy_from_logits_chunk_size": 2048, "entropy_from_logits_with_chunking": false, "event_id": 33, "logits_dtype": "none", "logits_saved_bytes": 0, "peak_allocated_bytes": 17454244864, "peak_increment_bytes": 100557824, "pipeline_parallel_size": 2, "projected_rows": 4131, "rank": 6, "response_only_enabled": true, "role": "actor", "selected_rows": 4131, "tensor_parallel_size": 2, "vocab_shard": 75968}
[36m(WorkerDict pid=263347)[0m WARNING:2026-09-11 14:01:33,295:VERL_RESPONSE_ONLY_LM_HEAD_PROFILE {"active_ratio": 0.5077433628318584, "actual_logits_bytes": 0, "allocated_before_bytes": 17353687040, "backend": "fused", "calculate_entropy": true, "calculate_sum_pi_squared": false, "context_parallel_size": 2, "data_format": "thd", "dense_logits_bytes": 0, "dense_rows": 8136, "distillation_only": false, "elapsed_s": 0.1311510590603575, "element_size": 0, "entropy_from_logits_chunk_size": 2048, "entropy_from_logits_with_chunking": false, "event_id": 33, "logits_dtype": "none", "logits_saved_bytes": 0, "peak_allocated_bytes": 17454244864, "peak_increment_bytes": 100557824, "pipeline_parallel_size": 2, "projected_rows": 4131, "rank": 7, "response_only_enabled": true, "role": "actor", "selected_rows": 4131, "tensor_parallel_size": 2, "vocab_shard": 75968}
[36m(WorkerDict pid=263342)[0m /opt/Megatron-Bridge/3rdparty/Megatron-LM/megatron/core/pipeline_parallel/schedules.py:211: UserWarning: c10d::broadcast_: an autograd kernel was not registered to the Autograd key(s) but we are trying to backprop through it. This may lead to silently incorrect behavior. This behavior is deprecated and will be removed in a future version of PyTorch. If your operator is differentiable, please ensure you have registered an autograd kernel to the correct Autograd key (e.g. DispatchKey::Autograd, DispatchKey::CompositeImplicitAutograd). If your operator is not differentiable, or to squash this warning and use the previous behavior, please register torch::CppFunction::makeFallthrough() to DispatchKey::Autograd. (Triggered internally at /pytorch/torch/csrc/autograd/autograd_not_implemented_fallback.cpp:76.)
[36m(WorkerDict pid=263342)[0m   Variable._execution_engine.run_backward(
[36m(WorkerDict pid=263343)[0m /opt/Megatron-Bridge/3rdparty/Megatron-LM/megatron/core/pipeline_parallel/schedules.py:211: UserWarning: c10d::broadcast_: an autograd kernel was not registered to the Autograd key(s) but we are trying to backprop through it. This may lead to silently incorrect behavior. This behavior is deprecated and will be removed in a future version of PyTorch. If your operator is differentiable, please ensure you have registered an autograd kernel to the correct Autograd key (e.g. DispatchKey::Autograd, DispatchKey::CompositeImplicitAutograd). If your operator is not differentiable, or to squash this warning and use the previous behavior, please register torch::CppFunction::makeFallthrough() to DispatchKey::Autograd. (Triggered internally at /pytorch/torch/csrc/autograd/autograd_not_implemented_fallback.cpp:76.)
[36m(WorkerDict pid=263343)[0m   Variable._execution_engine.run_backward(
[36m(WorkerDict pid=263340)[0m /opt/Megatron-Bridge/3rdparty/Megatron-LM/megatron/core/pipeline_parallel/schedules.py:211: UserWarning: c10d::broadcast_: an autograd kernel was not registered to the Autograd key(s) but we are trying to backprop through it. This may lead to silently incorrect behavior. This behavior is deprecated and will be removed in a future version of PyTorch. If your operator is differentiable, please ensure you have registered an autograd kernel to the correct Autograd key (e.g. DispatchKey::Autograd, DispatchKey::CompositeImplicitAutograd). If your operator is not differentiable, or to squash this warning and use the previous behavior, please register torch::CppFunction::makeFallthrough() to DispatchKey::Autograd. (Triggered internally at /pytorch/torch/csrc/autograd/autograd_not_implemented_fallback.cpp:76.)
[36m(WorkerDict pid=263340)[0m   Variable._execution_engine.run_backward(
[36m(WorkerDict pid=263341)[0m /opt/Megatron-Bridge/3rdparty/Megatron-LM/megatron/core/pipeline_parallel/schedules.py:211: UserWarning: c10d::broadcast_: an autograd kernel was not registered to the Autograd key(s) but we are trying to backprop through it. This may lead to silently incorrect behavior. This behavior is deprecated and will be removed in a future version of PyTorch. If your operator is differentiable, please ensure you have registered an autograd kernel to the correct Autograd key (e.g. DispatchKey::Autograd, DispatchKey::CompositeImplicitAutograd). If your operator is not differentiable, or to squash this warning and use the previous behavior, please register torch::CppFunction::makeFallthrough() to DispatchKey::Autograd. (Triggered internally at /pytorch/torch/csrc/autograd/autograd_not_implemented_fallback.cpp:76.)
[36m(WorkerDict pid=263341)[0m   Variable._execution_engine.run_backward(
[36m(WorkerDict pid=263345)[0m WARNING:2026-09-11 14:01:34,601:VERL_RESPONSE_ONLY_LM_HEAD_PROFILE {"active_ratio": 0.49913962635201575, "actual_logits_bytes": 0, "allocated_before_bytes": 17387144704, "backend": "fused", "calculate_entropy": true, "calculate_sum_pi_squared": false, "context_parallel_size": 2, "data_format": "thd", "dense_logits_bytes": 0, "dense_rows": 8136, "distillation_only": false, "elapsed_s": 0.12881493801251054, "element_size": 0, "entropy_from_logits_chunk_size": 2048, "entropy_from_logits_with_chunking": false, "event_id": 34, "logits_dtype": "none", "logits_saved_bytes": 0, "peak_allocated_bytes": 17487127552, "peak_increment_bytes": 99982848, "pipeline_parallel_size": 2, "projected_rows": 4061, "rank": 5, "response_only_enabled": true, "role": "actor", "selected_rows": 4061, "tensor_parallel_size": 2, "vocab_shard": 75968}
[36m(WorkerDict pid=263346)[0m WARNING:2026-09-11 14:01:34,605:VERL_RESPONSE_ONLY_LM_HEAD_PROFILE {"active_ratio": 0.5077433628318584, "actual_logits_bytes": 0, "allocated_before_bytes": 17387144704, "backend": "fused", "calculate_entropy": true, "calculate_sum_pi_squared": false, "context_parallel_size": 2, "data_format": "thd", "dense_logits_bytes": 0, "dense_rows": 8136, "distillation_only": false, "elapsed_s": 0.13239268900360912, "element_size": 0, "entropy_from_logits_chunk_size": 2048, "entropy_from_logits_with_chunking": false, "event_id": 34, "logits_dtype": "none", "logits_saved_bytes": 0, "peak_allocated_bytes": 17487702528, "peak_increment_bytes": 100557824, "pipeline_parallel_size": 2, "projected_rows": 4131, "rank": 6, "response_only_enabled": true, "role": "actor", "selected_rows": 4131, "tensor_parallel_size": 2, "vocab_shard": 75968}
[36m(WorkerDict pid=263347)[0m WARNING:2026-09-11 14:01:34,605:VERL_RESPONSE_ONLY_LM_HEAD_PROFILE {"active_ratio": 0.5077433628318584, "actual_logits_bytes": 0, "allocated_before_bytes": 17387144704, "backend": "fused", "calculate_entropy": true, "calculate_sum_pi_squared": false, "context_parallel_size": 2, "data_format": "thd", "dense_logits_bytes": 0, "dense_rows": 8136, "distillation_only": false, "elapsed_s": 0.1324118389748037, "element_size": 0, "entropy_from_logits_chunk_size": 2048, "entropy_from_logits_with_chunking": false, "event_id": 34, "logits_dtype": "none", "logits_saved_bytes": 0, "peak_allocated_bytes": 17487702528, "peak_increment_bytes": 100557824, "pipeline_parallel_size": 2, "projected_rows": 4131, "rank": 7, "response_only_enabled": true, "role": "actor", "selected_rows": 4131, "tensor_parallel_size": 2, "vocab_shard": 75968}
[36m(WorkerDict pid=263345)[0m WARNING:2026-09-11 14:01:35,839:VERL_RESPONSE_ONLY_LM_HEAD_PROFILE {"active_ratio": 0.49913962635201575, "actual_logits_bytes": 0, "allocated_before_bytes": 17420602368, "backend": "fused", "calculate_entropy": true, "calculate_sum_pi_squared": false, "context_parallel_size": 2, "data_format": "thd", "dense_logits_bytes": 0, "dense_rows": 8136, "distillation_only": false, "elapsed_s": 0.12902524799574167, "element_size": 0, "entropy_from_logits_chunk_size": 2048, "entropy_from_logits_with_chunking": false, "event_id": 35, "logits_dtype": "none", "logits_saved_bytes": 0, "peak_allocated_bytes": 17520585216, "peak_increment_bytes": 99982848, "pipeline_parallel_size": 2, "projected_rows": 4061, "rank": 5, "response_only_enabled": true, "role": "actor", "selected_rows": 4061, "tensor_parallel_size": 2, "vocab_shard": 75968}
[36m(WorkerDict pid=263346)[0m WARNING:2026-09-11 14:01:35,843:VERL_RESPONSE_ONLY_LM_HEAD_PROFILE {"active_ratio": 0.5077433628318584, "actual_logits_bytes": 0, "allocated_before_bytes": 17420602368, "backend": "fused", "calculate_entropy": true, "calculate_sum_pi_squared": false, "context_parallel_size": 2, "data_format": "thd", "dense_logits_bytes": 0, "dense_rows": 8136, "distillation_only": false, "elapsed_s": 0.1336752800270915, "element_size": 0, "entropy_from_logits_chunk_size": 2048, "entropy_from_logits_with_chunking": false, "event_id": 35, "logits_dtype": "none", "logits_saved_bytes": 0, "peak_allocated_bytes": 17521160192, "peak_increment_bytes": 100557824, "pipeline_parallel_size": 2, "projected_rows": 4131, "rank": 6, "response_only_enabled": true, "role": "actor", "selected_rows": 4131, "tensor_parallel_size": 2, "vocab_shard": 75968}
[36m(WorkerDict pid=263347)[0m WARNING:2026-09-11 14:01:35,843:VERL_RESPONSE_ONLY_LM_HEAD_PROFILE {"active_ratio": 0.5077433628318584, "actual_logits_bytes": 0, "allocated_before_bytes": 17420602368, "backend": "fused", "calculate_entropy": true, "calculate_sum_pi_squared": false, "context_parallel_size": 2, "data_format": "thd", "dense_logits_bytes": 0, "dense_rows": 8136, "distillation_only": false, "elapsed_s": 0.13371621002443135, "element_size": 0, "entropy_from_logits_chunk_size": 2048, "entropy_from_logits_with_chunking": false, "event_id": 35, "logits_dtype": "none", "logits_saved_bytes": 0, "peak_allocated_bytes": 17521160192, "peak_increment_bytes": 100557824, "pipeline_parallel_size": 2, "projected_rows": 4131, "rank": 7, "response_only_enabled": true, "role": "actor", "selected_rows": 4131, "tensor_parallel_size": 2, "vocab_shard": 75968}
[36m(WorkerDict pid=263345)[0m WARNING:2026-09-11 14:01:51,906:VERL_RESPONSE_ONLY_LM_HEAD_PROFILE {"active_ratio": 0.49913962635201575, "actual_logits_bytes": 0, "allocated_before_bytes": 25511280640, "backend": "fused", "calculate_entropy": true, "calculate_sum_pi_squared": false, "context_parallel_size": 2, "data_format": "thd", "dense_logits_bytes": 0, "dense_rows": 8136, "distillation_only": false, "elapsed_s": 0.12878251704387367, "element_size": 0, "entropy_from_logits_chunk_size": 2048, "entropy_from_logits_with_chunking": false, "event_id": 36, "logits_dtype": "none", "logits_saved_bytes": 0, "peak_allocated_bytes": 25611263488, "peak_increment_bytes": 99982848, "pipeline_parallel_size": 2, "projected_rows": 4061, "rank": 5, "response_only_enabled": true, "role": "actor", "selected_rows": 4061, "tensor_parallel_size": 2, "vocab_shard": 75968}
[36m(WorkerDict pid=263346)[0m WARNING:2026-09-11 14:01:51,923:VERL_RESPONSE_ONLY_LM_HEAD_PROFILE {"active_ratio": 0.5077433628318584, "actual_logits_bytes": 0, "allocated_before_bytes": 25511280640, "backend": "fused", "calculate_entropy": true, "calculate_sum_pi_squared": false, "context_parallel_size": 2, "data_format": "thd", "dense_logits_bytes": 0, "dense_rows": 8136, "distillation_only": false, "elapsed_s": 0.1308732480974868, "element_size": 0, "entropy_from_logits_chunk_size": 2048, "entropy_from_logits_with_chunking": false, "event_id": 36, "logits_dtype": "none", "logits_saved_bytes": 0, "peak_allocated_bytes": 25611838464, "peak_increment_bytes": 100557824, "pipeline_parallel_size": 2, "projected_rows": 4131, "rank": 6, "response_only_enabled": true, "role": "actor", "selected_rows": 4131, "tensor_parallel_size": 2, "vocab_shard": 75968}
[36m(WorkerDict pid=263347)[0m WARNING:2026-09-11 14:01:51,923:VERL_RESPONSE_ONLY_LM_HEAD_PROFILE {"active_ratio": 0.5077433628318584, "actual_logits_bytes": 0, "allocated_before_bytes": 25511280640, "backend": "fused", "calculate_entropy": true, "calculate_sum_pi_squared": false, "context_parallel_size": 2, "data_format": "thd", "dense_logits_bytes": 0, "dense_rows": 8136, "distillation_only": false, "elapsed_s": 0.1310005480190739, "element_size": 0, "entropy_from_logits_chunk_size": 2048, "entropy_from_logits_with_chunking": false, "event_id": 36, "logits_dtype": "none", "logits_saved_bytes": 0, "peak_allocated_bytes": 25611838464, "peak_increment_bytes": 100557824, "pipeline_parallel_size": 2, "projected_rows": 4131, "rank": 7, "response_only_enabled": true, "role": "actor", "selected_rows": 4131, "tensor_parallel_size": 2, "vocab_shard": 75968}
[36m(WorkerDict pid=263345)[0m WARNING:2026-09-11 14:01:53,366:VERL_RESPONSE_ONLY_LM_HEAD_PROFILE {"active_ratio": 0.49913962635201575, "actual_logits_bytes": 0, "allocated_before_bytes": 25544738816, "backend": "fused", "calculate_entropy": true, "calculate_sum_pi_squared": false, "context_parallel_size": 2, "data_format": "thd", "dense_logits_bytes": 0, "dense_rows": 8136, "distillation_only": false, "elapsed_s": 0.12867429701145738, "element_size": 0, "entropy_from_logits_chunk_size": 2048, "entropy_from_logits_with_chunking": false, "event_id": 37, "logits_dtype": "none", "logits_saved_bytes": 0, "peak_allocated_bytes": 25644721664, "peak_increment_bytes": 99982848, "pipeline_parallel_size": 2, "projected_rows": 4061, "rank": 5, "response_only_enabled": true, "role": "actor", "selected_rows": 4061, "tensor_parallel_size": 2, "vocab_shard": 75968}
[36m(WorkerDict pid=263346)[0m WARNING:2026-09-11 14:01:53,370:VERL_RESPONSE_ONLY_LM_HEAD_PROFILE {"active_ratio": 0.5077433628318584, "actual_logits_bytes": 0, "allocated_before_bytes": 25544738816, "backend": "fused", "calculate_entropy": true, "calculate_sum_pi_squared": false, "context_parallel_size": 2, "data_format": "thd", "dense_logits_bytes": 0, "dense_rows": 8136, "distillation_only": false, "elapsed_s": 0.13284243899397552, "element_size": 0, "entropy_from_logits_chunk_size": 2048, "entropy_from_logits_with_chunking": false, "event_id": 37, "logits_dtype": "none", "logits_saved_bytes": 0, "peak_allocated_bytes": 25645296640, "peak_increment_bytes": 100557824, "pipeline_parallel_size": 2, "projected_rows": 4131, "rank": 6, "response_only_enabled": true, "role": "actor", "selected_rows": 4131, "tensor_parallel_size": 2, "vocab_shard": 75968}
[36m(WorkerDict pid=263347)[0m WARNING:2026-09-11 14:01:53,370:VERL_RESPONSE_ONLY_LM_HEAD_PROFILE {"active_ratio": 0.5077433628318584, "actual_logits_bytes": 0, "allocated_before_bytes": 25544738816, "backend": "fused", "calculate_entropy": true, "calculate_sum_pi_squared": false, "context_parallel_size": 2, "data_format": "thd", "dense_logits_bytes": 0, "dense_rows": 8136, "distillation_only": false, "elapsed_s": 0.13313437905162573, "element_size": 0, "entropy_from_logits_chunk_size": 2048, "entropy_from_logits_with_chunking": false, "event_id": 37, "logits_dtype": "none", "logits_saved_bytes": 0, "peak_allocated_bytes": 25645296640, "peak_increment_bytes": 100557824, "pipeline_parallel_size": 2, "projected_rows": 4131, "rank": 7, "response_only_enabled": true, "role": "actor", "selected_rows": 4131, "tensor_parallel_size": 2, "vocab_shard": 75968}
[36m(WorkerDict pid=263345)[0m WARNING:2026-09-11 14:01:54,616:VERL_RESPONSE_ONLY_LM_HEAD_PROFILE {"active_ratio": 0.49913962635201575, "actual_logits_bytes": 0, "allocated_before_bytes": 25578196480, "backend": "fused", "calculate_entropy": true, "calculate_sum_pi_squared": false, "context_parallel_size": 2, "data_format": "thd", "dense_logits_bytes": 0, "dense_rows": 8136, "distillation_only": false, "elapsed_s": 0.12856259802356362, "element_size": 0, "entropy_from_logits_chunk_size": 2048, "entropy_from_logits_with_chunking": false, "event_id": 38, "logits_dtype": "none", "logits_saved_bytes": 0, "peak_allocated_bytes": 25678179328, "peak_increment_bytes": 99982848, "pipeline_parallel_size": 2, "projected_rows": 4061, "rank": 5, "response_only_enabled": true, "role": "actor", "selected_rows": 4061, "tensor_parallel_size": 2, "vocab_shard": 75968}
[36m(WorkerDict pid=263346)[0m WARNING:2026-09-11 14:01:54,619:VERL_RESPONSE_ONLY_LM_HEAD_PROFILE {"active_ratio": 0.5077433628318584, "actual_logits_bytes": 0, "allocated_before_bytes": 25578196480, "backend": "fused", "calculate_entropy": true, "calculate_sum_pi_squared": false, "context_parallel_size": 2, "data_format": "thd", "dense_logits_bytes": 0, "dense_rows": 8136, "distillation_only": false, "elapsed_s": 0.13212602899875492, "element_size": 0, "entropy_from_logits_chunk_size": 2048, "entropy_from_logits_with_chunking": false, "event_id": 38, "logits_dtype": "none", "logits_saved_bytes": 0, "peak_allocated_bytes": 25678754304, "peak_increment_bytes": 100557824, "pipeline_parallel_size": 2, "projected_rows": 4131, "rank": 6, "response_only_enabled": true, "role": "actor", "selected_rows": 4131, "tensor_parallel_size": 2, "vocab_shard": 75968}
[36m(WorkerDict pid=263347)[0m WARNING:2026-09-11 14:01:54,619:VERL_RESPONSE_ONLY_LM_HEAD_PROFILE {"active_ratio": 0.5077433628318584, "actual_logits_bytes": 0, "allocated_before_bytes": 25578196480, "backend": "fused", "calculate_entropy": true, "calculate_sum_pi_squared": false, "context_parallel_size": 2, "data_format": "thd", "dense_logits_bytes": 0, "dense_rows": 8136, "distillation_only": false, "elapsed_s": 0.13225666899234056, "element_size": 0, "entropy_from_logits_chunk_size": 2048, "entropy_from_logits_with_chunking": false, "event_id": 38, "logits_dtype": "none", "logits_saved_bytes": 0, "peak_allocated_bytes": 25678754304, "peak_increment_bytes": 100557824, "pipeline_parallel_size": 2, "projected_rows": 4131, "rank": 7, "response_only_enabled": true, "role": "actor", "selected_rows": 4131, "tensor_parallel_size": 2, "vocab_shard": 75968}
[36m(WorkerDict pid=263345)[0m WARNING:2026-09-11 14:01:55,847:VERL_RESPONSE_ONLY_LM_HEAD_PROFILE {"active_ratio": 0.49913962635201575, "actual_logits_bytes": 0, "allocated_before_bytes": 25611654144, "backend": "fused", "calculate_entropy": true, "calculate_sum_pi_squared": false, "context_parallel_size": 2, "data_format": "thd", "dense_logits_bytes": 0, "dense_rows": 8136, "distillation_only": false, "elapsed_s": 0.12901802698615938, "element_size": 0, "entropy_from_logits_chunk_size": 2048, "entropy_from_logits_with_chunking": false, "event_id": 39, "logits_dtype": "none", "logits_saved_bytes": 0, "peak_allocated_bytes": 25711636992, "peak_increment_bytes": 99982848, "pipeline_parallel_size": 2, "projected_rows": 4061, "rank": 5, "response_only_enabled": true, "role": "actor", "selected_rows": 4061, "tensor_parallel_size": 2, "vocab_shard": 75968}
[36m(WorkerDict pid=263346)[0m WARNING:2026-09-11 14:01:55,850:VERL_RESPONSE_ONLY_LM_HEAD_PROFILE {"active_ratio": 0.5077433628318584, "actual_logits_bytes": 0, "allocated_before_bytes": 25611654144, "backend": "fused", "calculate_entropy": true, "calculate_sum_pi_squared": false, "context_parallel_size": 2, "data_format": "thd", "dense_logits_bytes": 0, "dense_rows": 8136, "distillation_only": false, "elapsed_s": 0.13238776905927807, "element_size": 0, "entropy_from_logits_chunk_size": 2048, "entropy_from_logits_with_chunking": false, "event_id": 39, "logits_dtype": "none", "logits_saved_bytes": 0, "peak_allocated_bytes": 25712211968, "peak_increment_bytes": 100557824, "pipeline_parallel_size": 2, "projected_rows": 4131, "rank": 6, "response_only_enabled": true, "role": "actor", "selected_rows": 4131, "tensor_parallel_size": 2, "vocab_shard": 75968}
[36m(WorkerDict pid=263347)[0m WARNING:2026-09-11 14:01:55,850:VERL_RESPONSE_ONLY_LM_HEAD_PROFILE {"active_ratio": 0.5077433628318584, "actual_logits_bytes": 0, "allocated_before_bytes": 25611654144, "backend": "fused", "calculate_entropy": true, "calculate_sum_pi_squared": false, "context_parallel_size": 2, "data_format": "thd", "dense_logits_bytes": 0, "dense_rows": 8136, "distillation_only": false, "elapsed_s": 0.1324371990049258, "element_size": 0, "entropy_from_logits_chunk_size": 2048, "entropy_from_logits_with_chunking": false, "event_id": 39, "logits_dtype": "none", "logits_saved_bytes": 0, "peak_allocated_bytes": 25712211968, "peak_increment_bytes": 100557824, "pipeline_parallel_size": 2, "projected_rows": 4131, "rank": 7, "response_only_enabled": true, "role": "actor", "selected_rows": 4131, "tensor_parallel_size": 2, "vocab_shard": 75968}
[36m(WorkerDict pid=263345)[0m WARNING:2026-09-11 14:01:58,097:VERL_RESPONSE_ONLY_LM_HEAD_PROFILE {"active_ratio": 0.4998724489795918, "actual_logits_bytes": 0, "allocated_before_bytes": 25487003136, "backend": "fused", "calculate_entropy": true, "calculate_sum_pi_squared": false, "context_parallel_size": 2, "data_format": "thd", "dense_logits_bytes": 0, "dense_rows": 7840, "distillation_only": false, "elapsed_s": 0.12545330601278692, "element_size": 0, "entropy_from_logits_chunk_size": 2048, "entropy_from_logits_with_chunking": false, "event_id": 40, "logits_dtype": "none", "logits_saved_bytes": 0, "peak_allocated_bytes": 25583395840, "peak_increment_bytes": 96392704, "pipeline_parallel_size": 2, "projected_rows": 3919, "rank": 5, "response_only_enabled": true, "role": "actor", "selected_rows": 3919, "tensor_parallel_size": 2, "vocab_shard": 75968}
[36m(WorkerDict pid=263346)[0m WARNING:2026-09-11 14:01:58,108:VERL_RESPONSE_ONLY_LM_HEAD_PROFILE {"active_ratio": 0.5450255102040816, "actual_logits_bytes": 0, "allocated_before_bytes": 25487003136, "backend": "fused", "calculate_entropy": true, "calculate_sum_pi_squared": false, "context_parallel_size": 2, "data_format": "thd", "dense_logits_bytes": 0, "dense_rows": 7840, "distillation_only": false, "elapsed_s": 0.13676262099761516, "element_size": 0, "entropy_from_logits_chunk_size": 2048, "entropy_from_logits_with_chunking": false, "event_id": 40, "logits_dtype": "none", "logits_saved_bytes": 0, "peak_allocated_bytes": 25586301440, "peak_increment_bytes": 99298304, "pipeline_parallel_size": 2, "projected_rows": 4273, "rank": 6, "response_only_enabled": true, "role": "actor", "selected_rows": 4273, "tensor_parallel_size": 2, "vocab_shard": 75968}
[36m(WorkerDict pid=263347)[0m WARNING:2026-09-11 14:01:58,108:VERL_RESPONSE_ONLY_LM_HEAD_PROFILE {"active_ratio": 0.5450255102040816, "actual_logits_bytes": 0, "allocated_before_bytes": 25487003136, "backend": "fused", "calculate_entropy": true, "calculate_sum_pi_squared": false, "context_parallel_size": 2, "data_format": "thd", "dense_logits_bytes": 0, "dense_rows": 7840, "distillation_only": false, "elapsed_s": 0.1369107310893014, "element_size": 0, "entropy_from_logits_chunk_size": 2048, "entropy_from_logits_with_chunking": false, "event_id": 40, "logits_dtype": "none", "logits_saved_bytes": 0, "peak_allocated_bytes": 25586301440, "peak_increment_bytes": 99298304, "pipeline_parallel_size": 2, "projected_rows": 4273, "rank": 7, "response_only_enabled": true, "role": "actor", "selected_rows": 4273, "tensor_parallel_size": 2, "vocab_shard": 75968}
[36m(WorkerDict pid=263345)[0m WARNING:2026-09-11 14:01:59,308:VERL_RESPONSE_ONLY_LM_HEAD_PROFILE {"active_ratio": 0.4998724489795918, "actual_logits_bytes": 0, "allocated_before_bytes": 25519243776, "backend": "fused", "calculate_entropy": true, "calculate_sum_pi_squared": false, "context_parallel_size": 2, "data_format": "thd", "dense_logits_bytes": 0, "dense_rows": 7840, "distillation_only": false, "elapsed_s": 0.12557506700977683, "element_size": 0, "entropy_from_logits_chunk_size": 2048, "entropy_from_logits_with_chunking": false, "event_id": 41, "logits_dtype": "none", "logits_saved_bytes": 0, "peak_allocated_bytes": 25615636480, "peak_increment_bytes": 96392704, "pipeline_parallel_size": 2, "projected_rows": 3919, "rank": 5, "response_only_enabled": true, "role": "actor", "selected_rows": 3919, "tensor_parallel_size": 2, "vocab_shard": 75968}
[36m(WorkerDict pid=263346)[0m WARNING:2026-09-11 14:01:59,319:VERL_RESPONSE_ONLY_LM_HEAD_PROFILE {"active_ratio": 0.5450255102040816, "actual_logits_bytes": 0, "allocated_before_bytes": 25519243776, "backend": "fused", "calculate_entropy": true, "calculate_sum_pi_squared": false, "context_parallel_size": 2, "data_format": "thd", "dense_logits_bytes": 0, "dense_rows": 7840, "distillation_only": false, "elapsed_s": 0.13679048197809607, "element_size": 0, "entropy_from_logits_chunk_size": 2048, "entropy_from_logits_with_chunking": false, "event_id": 41, "logits_dtype": "none", "logits_saved_bytes": 0, "peak_allocated_bytes": 25618542080, "peak_increment_bytes": 99298304, "pipeline_parallel_size": 2, "projected_rows": 4273, "rank": 6, "response_only_enabled": true, "role": "actor", "selected_rows": 4273, "tensor_parallel_size": 2, "vocab_shard": 75968}
[36m(WorkerDict pid=263347)[0m WARNING:2026-09-11 14:01:59,319:VERL_RESPONSE_ONLY_LM_HEAD_PROFILE {"active_ratio": 0.5450255102040816, "actual_logits_bytes": 0, "allocated_before_bytes": 25519243776, "backend": "fused", "calculate_entropy": true, "calculate_sum_pi_squared": false, "context_parallel_size": 2, "data_format": "thd", "dense_logits_bytes": 0, "dense_rows": 7840, "distillation_only": false, "elapsed_s": 0.13686961203347892, "element_size": 0, "entropy_from_logits_chunk_size": 2048, "entropy_from_logits_with_chunking": false, "event_id": 41, "logits_dtype": "none", "logits_saved_bytes": 0, "peak_allocated_bytes": 25618542080, "peak_increment_bytes": 99298304, "pipeline_parallel_size": 2, "projected_rows": 4273, "rank": 7, "response_only_enabled": true, "role": "actor", "selected_rows": 4273, "tensor_parallel_size": 2, "vocab_shard": 75968}
[36m(WorkerDict pid=263345)[0m WARNING:2026-09-11 14:02:00,517:VERL_RESPONSE_ONLY_LM_HEAD_PROFILE {"active_ratio": 0.4998724489795918, "actual_logits_bytes": 0, "allocated_before_bytes": 25551483904, "backend": "fused", "calculate_entropy": true, "calculate_sum_pi_squared": false, "context_parallel_size": 2, "data_format": "thd", "dense_logits_bytes": 0, "dense_rows": 7840, "distillation_only": false, "elapsed_s": 0.1255903160199523, "element_size": 0, "entropy_from_logits_chunk_size": 2048, "entropy_from_logits_with_chunking": false, "event_id": 42, "logits_dtype": "none", "logits_saved_bytes": 0, "peak_allocated_bytes": 25647876608, "peak_increment_bytes": 96392704, "pipeline_parallel_size": 2, "projected_rows": 3919, "rank": 5, "response_only_enabled": true, "role": "actor", "selected_rows": 3919, "tensor_parallel_size": 2, "vocab_shard": 75968}
[36m(WorkerDict pid=263346)[0m WARNING:2026-09-11 14:02:00,529:VERL_RESPONSE_ONLY_LM_HEAD_PROFILE {"active_ratio": 0.5450255102040816, "actual_logits_bytes": 0, "allocated_before_bytes": 25551483904, "backend": "fused", "calculate_entropy": true, "calculate_sum_pi_squared": false, "context_parallel_size": 2, "data_format": "thd", "dense_logits_bytes": 0, "dense_rows": 7840, "distillation_only": false, "elapsed_s": 0.13765259110368788, "element_size": 0, "entropy_from_logits_chunk_size": 2048, "entropy_from_logits_with_chunking": false, "event_id": 42, "logits_dtype": "none", "logits_saved_bytes": 0, "peak_allocated_bytes": 25650782208, "peak_increment_bytes": 99298304, "pipeline_parallel_size": 2, "projected_rows": 4273, "rank": 6, "response_only_enabled": true, "role": "actor", "selected_rows": 4273, "tensor_parallel_size": 2, "vocab_shard": 75968}
[36m(WorkerDict pid=263347)[0m WARNING:2026-09-11 14:02:00,529:VERL_RESPONSE_ONLY_LM_HEAD_PROFILE {"active_ratio": 0.5450255102040816, "actual_logits_bytes": 0, "allocated_before_bytes": 25551483904, "backend": "fused", "calculate_entropy": true, "calculate_sum_pi_squared": false, "context_parallel_size": 2, "data_format": "thd", "dense_logits_bytes": 0, "dense_rows": 7840, "distillation_only": false, "elapsed_s": 0.13745136093348265, "element_size": 0, "entropy_from_logits_chunk_size": 2048, "entropy_from_logits_with_chunking": false, "event_id": 42, "logits_dtype": "none", "logits_saved_bytes": 0, "peak_allocated_bytes": 25650782208, "peak_increment_bytes": 99298304, "pipeline_parallel_size": 2, "projected_rows": 4273, "rank": 7, "response_only_enabled": true, "role": "actor", "selected_rows": 4273, "tensor_parallel_size": 2, "vocab_shard": 75968}
[36m(WorkerDict pid=263345)[0m WARNING:2026-09-11 14:02:01,734:VERL_RESPONSE_ONLY_LM_HEAD_PROFILE {"active_ratio": 0.4998724489795918, "actual_logits_bytes": 0, "allocated_before_bytes": 25583724032, "backend": "fused", "calculate_entropy": true, "calculate_sum_pi_squared": false, "context_parallel_size": 2, "data_format": "thd", "dense_logits_bytes": 0, "dense_rows": 7840, "distillation_only": false, "elapsed_s": 0.12680453597567976, "element_size": 0, "entropy_from_logits_chunk_size": 2048, "entropy_from_logits_with_chunking": false, "event_id": 43, "logits_dtype": "none", "logits_saved_bytes": 0, "peak_allocated_bytes": 25680116736, "peak_increment_bytes": 96392704, "pipeline_parallel_size": 2, "projected_rows": 3919, "rank": 5, "response_only_enabled": true, "role": "actor", "selected_rows": 3919, "tensor_parallel_size": 2, "vocab_shard": 75968}
[36m(WorkerDict pid=263346)[0m WARNING:2026-09-11 14:02:01,744:VERL_RESPONSE_ONLY_LM_HEAD_PROFILE {"active_ratio": 0.5450255102040816, "actual_logits_bytes": 0, "allocated_before_bytes": 25583724032, "backend": "fused", "calculate_entropy": true, "calculate_sum_pi_squared": false, "context_parallel_size": 2, "data_format": "thd", "dense_logits_bytes": 0, "dense_rows": 7840, "distillation_only": false, "elapsed_s": 0.13682980102021247, "element_size": 0, "entropy_from_logits_chunk_size": 2048, "entropy_from_logits_with_chunking": false, "event_id": 43, "logits_dtype": "none", "logits_saved_bytes": 0, "peak_allocated_bytes": 25683022336, "peak_increment_bytes": 99298304, "pipeline_parallel_size": 2, "projected_rows": 4273, "rank": 6, "response_only_enabled": true, "role": "actor", "selected_rows": 4273, "tensor_parallel_size": 2, "vocab_shard": 75968}
[36m(WorkerDict pid=263347)[0m WARNING:2026-09-11 14:02:01,745:VERL_RESPONSE_ONLY_LM_HEAD_PROFILE {"active_ratio": 0.5450255102040816, "actual_logits_bytes": 0, "allocated_before_bytes": 25583724032, "backend": "fused", "calculate_entropy": true, "calculate_sum_pi_squared": false, "context_parallel_size": 2, "data_format": "thd", "dense_logits_bytes": 0, "dense_rows": 7840, "distillation_only": false, "elapsed_s": 0.13702463102526963, "element_size": 0, "entropy_from_logits_chunk_size": 2048, "entropy_from_logits_with_chunking": false, "event_id": 43, "logits_dtype": "none", "logits_saved_bytes": 0, "peak_allocated_bytes": 25683022336, "peak_increment_bytes": 99298304, "pipeline_parallel_size": 2, "projected_rows": 4273, "rank": 7, "response_only_enabled": true, "role": "actor", "selected_rows": 4273, "tensor_parallel_size": 2, "vocab_shard": 75968}
[36m(WorkerDict pid=263345)[0m WARNING:2026-09-11 14:02:03,945:VERL_RESPONSE_ONLY_LM_HEAD_PROFILE {"active_ratio": 0.4998724489795918, "actual_logits_bytes": 0, "allocated_before_bytes": 25487003136, "backend": "fused", "calculate_entropy": true, "calculate_sum_pi_squared": false, "context_parallel_size": 2, "data_format": "thd", "dense_logits_bytes": 0, "dense_rows": 7840, "distillation_only": false, "elapsed_s": 0.12575572705827653, "element_size": 0, "entropy_from_logits_chunk_size": 2048, "entropy_from_logits_with_chunking": false, "event_id": 44, "logits_dtype": "none", "logits_saved_bytes": 0, "peak_allocated_bytes": 25583395840, "peak_increment_bytes": 96392704, "pipeline_parallel_size": 2, "projected_rows": 3919, "rank": 5, "response_only_enabled": true, "role": "actor", "selected_rows": 3919, "tensor_parallel_size": 2, "vocab_shard": 75968}
[36m(WorkerDict pid=263346)[0m WARNING:2026-09-11 14:02:03,958:VERL_RESPONSE_ONLY_LM_HEAD_PROFILE {"active_ratio": 0.5450255102040816, "actual_logits_bytes": 0, "allocated_before_bytes": 25487003136, "backend": "fused", "calculate_entropy": true, "calculate_sum_pi_squared": false, "context_parallel_size": 2, "data_format": "thd", "dense_logits_bytes": 0, "dense_rows": 7840, "distillation_only": false, "elapsed_s": 0.13798619201406837, "element_size": 0, "entropy_from_logits_chunk_size": 2048, "entropy_from_logits_with_chunking": false, "event_id": 44, "logits_dtype": "none", "logits_saved_bytes": 0, "peak_allocated_bytes": 25586301440, "peak_increment_bytes": 99298304, "pipeline_parallel_size": 2, "projected_rows": 4273, "rank": 6, "response_only_enabled": true, "role": "actor", "selected_rows": 4273, "tensor_parallel_size": 2, "vocab_shard": 75968}
[36m(WorkerDict pid=263347)[0m WARNING:2026-09-11 14:02:03,958:VERL_RESPONSE_ONLY_LM_HEAD_PROFILE {"active_ratio": 0.5450255102040816, "actual_logits_bytes": 0, "allocated_before_bytes": 25487003136, "backend": "fused", "calculate_entropy": true, "calculate_sum_pi_squared": false, "context_parallel_size": 2, "data_format": "thd", "dense_logits_bytes": 0, "dense_rows": 7840, "distillation_only": false, "elapsed_s": 0.13826010201591998, "element_size": 0, "entropy_from_logits_chunk_size": 2048, "entropy_from_logits_with_chunking": false, "event_id": 44, "logits_dtype": "none", "logits_saved_bytes": 0, "peak_allocated_bytes": 25586301440, "peak_increment_bytes": 99298304, "pipeline_parallel_size": 2, "projected_rows": 4273, "rank": 7, "response_only_enabled": true, "role": "actor", "selected_rows": 4273, "tensor_parallel_size": 2, "vocab_shard": 75968}
[36m(WorkerDict pid=263345)[0m WARNING:2026-09-11 14:02:05,160:VERL_RESPONSE_ONLY_LM_HEAD_PROFILE {"active_ratio": 0.4998724489795918, "actual_logits_bytes": 0, "allocated_before_bytes": 25519243776, "backend": "fused", "calculate_entropy": true, "calculate_sum_pi_squared": false, "context_parallel_size": 2, "data_format": "thd", "dense_logits_bytes": 0, "dense_rows": 7840, "distillation_only": false, "elapsed_s": 0.12520075601059943, "element_size": 0, "entropy_from_logits_chunk_size": 2048, "entropy_from_logits_with_chunking": false, "event_id": 45, "logits_dtype": "none", "logits_saved_bytes": 0, "peak_allocated_bytes": 25615636480, "peak_increment_bytes": 96392704, "pipeline_parallel_size": 2, "projected_rows": 3919, "rank": 5, "response_only_enabled": true, "role": "actor", "selected_rows": 3919, "tensor_parallel_size": 2, "vocab_shard": 75968}
[36m(WorkerDict pid=263346)[0m WARNING:2026-09-11 14:02:05,172:VERL_RESPONSE_ONLY_LM_HEAD_PROFILE {"active_ratio": 0.5450255102040816, "actual_logits_bytes": 0, "allocated_before_bytes": 25519243776, "backend": "fused", "calculate_entropy": true, "calculate_sum_pi_squared": false, "context_parallel_size": 2, "data_format": "thd", "dense_logits_bytes": 0, "dense_rows": 7840, "distillation_only": false, "elapsed_s": 0.13687578099779785, "element_size": 0, "entropy_from_logits_chunk_size": 2048, "entropy_from_logits_with_chunking": false, "event_id": 45, "logits_dtype": "none", "logits_saved_bytes": 0, "peak_allocated_bytes": 25618542080, "peak_increment_bytes": 99298304, "pipeline_parallel_size": 2, "projected_rows": 4273, "rank": 6, "response_only_enabled": true, "role": "actor", "selected_rows": 4273, "tensor_parallel_size": 2, "vocab_shard": 75968}
[36m(WorkerDict pid=263347)[0m WARNING:2026-09-11 14:02:05,172:VERL_RESPONSE_ONLY_LM_HEAD_PROFILE {"active_ratio": 0.5450255102040816, "actual_logits_bytes": 0, "allocated_before_bytes": 25519243776, "backend": "fused", "calculate_entropy": true, "calculate_sum_pi_squared": false, "context_parallel_size": 2, "data_format": "thd", "dense_logits_bytes": 0, "dense_rows": 7840, "distillation_only": false, "elapsed_s": 0.13695537101011723, "element_size": 0, "entropy_from_logits_chunk_size": 2048, "entropy_from_logits_with_chunking": false, "event_id": 45, "logits_dtype": "none", "logits_saved_bytes": 0, "peak_allocated_bytes": 25618542080, "peak_increment_bytes": 99298304, "pipeline_parallel_size": 2, "projected_rows": 4273, "rank": 7, "response_only_enabled": true, "role": "actor", "selected_rows": 4273, "tensor_parallel_size": 2, "vocab_shard": 75968}
[36m(WorkerDict pid=263345)[0m WARNING:2026-09-11 14:02:06,374:VERL_RESPONSE_ONLY_LM_HEAD_PROFILE {"active_ratio": 0.4998724489795918, "actual_logits_bytes": 0, "allocated_before_bytes": 25551483904, "backend": "fused", "calculate_entropy": true, "calculate_sum_pi_squared": false, "context_parallel_size": 2, "data_format": "thd", "dense_logits_bytes": 0, "dense_rows": 7840, "distillation_only": false, "elapsed_s": 0.12531750602647662, "element_size": 0, "entropy_from_logits_chunk_size": 2048, "entropy_from_logits_with_chunking": false, "event_id": 46, "logits_dtype": "none", "logits_saved_bytes": 0, "peak_allocated_bytes": 25647876608, "peak_increment_bytes": 96392704, "pipeline_parallel_size": 2, "projected_rows": 3919, "rank": 5, "response_only_enabled": true, "role": "actor", "selected_rows": 3919, "tensor_parallel_size": 2, "vocab_shard": 75968}
[36m(WorkerDict pid=263346)[0m WARNING:2026-09-11 14:02:06,386:VERL_RESPONSE_ONLY_LM_HEAD_PROFILE {"active_ratio": 0.5450255102040816, "actual_logits_bytes": 0, "allocated_before_bytes": 25551483904, "backend": "fused", "calculate_entropy": true, "calculate_sum_pi_squared": false, "context_parallel_size": 2, "data_format": "thd", "dense_logits_bytes": 0, "dense_rows": 7840, "distillation_only": false, "elapsed_s": 0.13741298206150532, "element_size": 0, "entropy_from_logits_chunk_size": 2048, "entropy_from_logits_with_chunking": false, "event_id": 46, "logits_dtype": "none", "logits_saved_bytes": 0, "peak_allocated_bytes": 25650782208, "peak_increment_bytes": 99298304, "pipeline_parallel_size": 2, "projected_rows": 4273, "rank": 6, "response_only_enabled": true, "role": "actor", "selected_rows": 4273, "tensor_parallel_size": 2, "vocab_shard": 75968}
[36m(WorkerDict pid=263347)[0m WARNING:2026-09-11 14:02:06,386:VERL_RESPONSE_ONLY_LM_HEAD_PROFILE {"active_ratio": 0.5450255102040816, "actual_logits_bytes": 0, "allocated_before_bytes": 25551483904, "backend": "fused", "calculate_entropy": true, "calculate_sum_pi_squared": false, "context_parallel_size": 2, "data_format": "thd", "dense_logits_bytes": 0, "dense_rows": 7840, "distillation_only": false, "elapsed_s": 0.13763267209287733, "element_size": 0, "entropy_from_logits_chunk_size": 2048, "entropy_from_logits_with_chunking": false, "event_id": 46, "logits_dtype": "none", "logits_saved_bytes": 0, "peak_allocated_bytes": 25650782208, "peak_increment_bytes": 99298304, "pipeline_parallel_size": 2, "projected_rows": 4273, "rank": 7, "response_only_enabled": true, "role": "actor", "selected_rows": 4273, "tensor_parallel_size": 2, "vocab_shard": 75968}
[36m(WorkerDict pid=263345)[0m WARNING:2026-09-11 14:02:07,589:VERL_RESPONSE_ONLY_LM_HEAD_PROFILE {"active_ratio": 0.4998724489795918, "actual_logits_bytes": 0, "allocated_before_bytes": 25583724032, "backend": "fused", "calculate_entropy": true, "calculate_sum_pi_squared": false, "context_parallel_size": 2, "data_format": "thd", "dense_logits_bytes": 0, "dense_rows": 7840, "distillation_only": false, "elapsed_s": 0.12585293699521571, "element_size": 0, "entropy_from_logits_chunk_size": 2048, "entropy_from_logits_with_chunking": false, "event_id": 47, "logits_dtype": "none", "logits_saved_bytes": 0, "peak_allocated_bytes": 25680116736, "peak_increment_bytes": 96392704, "pipeline_parallel_size": 2, "projected_rows": 3919, "rank": 5, "response_only_enabled": true, "role": "actor", "selected_rows": 3919, "tensor_parallel_size": 2, "vocab_shard": 75968}
[36m(WorkerDict pid=263346)[0m WARNING:2026-09-11 14:02:07,601:VERL_RESPONSE_ONLY_LM_HEAD_PROFILE {"active_ratio": 0.5450255102040816, "actual_logits_bytes": 0, "allocated_before_bytes": 25583724032, "backend": "fused", "calculate_entropy": true, "calculate_sum_pi_squared": false, "context_parallel_size": 2, "data_format": "thd", "dense_logits_bytes": 0, "dense_rows": 7840, "distillation_only": false, "elapsed_s": 0.13696473208256066, "element_size": 0, "entropy_from_logits_chunk_size": 2048, "entropy_from_logits_with_chunking": false, "event_id": 47, "logits_dtype": "none", "logits_saved_bytes": 0, "peak_allocated_bytes": 25683022336, "peak_increment_bytes": 99298304, "pipeline_parallel_size": 2, "projected_rows": 4273, "rank": 6, "response_only_enabled": true, "role": "actor", "selected_rows": 4273, "tensor_parallel_size": 2, "vocab_shard": 75968}
[36m(WorkerDict pid=263347)[0m WARNING:2026-09-11 14:02:07,601:VERL_RESPONSE_ONLY_LM_HEAD_PROFILE {"active_ratio": 0.5450255102040816, "actual_logits_bytes": 0, "allocated_before_bytes": 25583724032, "backend": "fused", "calculate_entropy": true, "calculate_sum_pi_squared": false, "context_parallel_size": 2, "data_format": "thd", "dense_logits_bytes": 0, "dense_rows": 7840, "distillation_only": false, "elapsed_s": 0.13699476199690253, "element_size": 0, "entropy_from_logits_chunk_size": 2048, "entropy_from_logits_with_chunking": false, "event_id": 47, "logits_dtype": "none", "logits_saved_bytes": 0, "peak_allocated_bytes": 25683022336, "peak_increment_bytes": 99298304, "pipeline_parallel_size": 2, "projected_rows": 4273, "rank": 7, "response_only_enabled": true, "role": "actor", "selected_rows": 4273, "tensor_parallel_size": 2, "vocab_shard": 75968}
[36m(WorkerDict pid=263342)[0m /home/p00938733/verl-090/verl/plugin/platform/platform_cuda.py:99: FutureWarning: torch.cuda._set_allocator_settings is deprecated. Use torch._C._accelerator_setAllocatorSettings instead.
[36m(WorkerDict pid=263342)[0m   torch.cuda.memory._set_allocator_settings(settings)
[36m(WorkerDict pid=263343)[0m /home/p00938733/verl-090/verl/plugin/platform/platform_cuda.py:99: FutureWarning: torch.cuda._set_allocator_settings is deprecated. Use torch._C._accelerator_setAllocatorSettings instead.
[36m(WorkerDict pid=263343)[0m   torch.cuda.memory._set_allocator_settings(settings)
[36m(WorkerDict pid=263345)[0m /home/p00938733/verl-090/verl/plugin/platform/platform_cuda.py:99: FutureWarning: torch.cuda._set_allocator_settings is deprecated. Use torch._C._accelerator_setAllocatorSettings instead.
[36m(WorkerDict pid=263345)[0m   torch.cuda.memory._set_allocator_settings(settings)
[36m(WorkerDict pid=263344)[0m /home/p00938733/verl-090/verl/plugin/platform/platform_cuda.py:99: FutureWarning: torch.cuda._set_allocator_settings is deprecated. Use torch._C._accelerator_setAllocatorSettings instead.
[36m(WorkerDict pid=263344)[0m   torch.cuda.memory._set_allocator_settings(settings)
[36m(WorkerDict pid=263346)[0m /home/p00938733/verl-090/verl/plugin/platform/platform_cuda.py:99: FutureWarning: torch.cuda._set_allocator_settings is deprecated. Use torch._C._accelerator_setAllocatorSettings instead.
[36m(WorkerDict pid=263346)[0m   torch.cuda.memory._set_allocator_settings(settings)
[36m(WorkerDict pid=263347)[0m /home/p00938733/verl-090/verl/plugin/platform/platform_cuda.py:99: FutureWarning: torch.cuda._set_allocator_settings is deprecated. Use torch._C._accelerator_setAllocatorSettings instead.
[36m(WorkerDict pid=263347)[0m   torch.cuda.memory._set_allocator_settings(settings)
[36m(vLLMHttpServer pid=266886)[0m (EngineCore pid=267483) WARNING 09-11 14:02:22 [scheduler.py:1948] reset_connector called but no KV connector is configured.
[36m(vLLMHttpServer pid=266893)[0m (EngineCore pid=267508) WARNING 09-11 14:02:22 [scheduler.py:1948] reset_connector called but no KV connector is configured.
[36m(WorkerDict pid=263340)[0m Converting to HuggingFace ━━━━━━━━━━━━━━━━━━━━━━━━━━━━━━━━━━━━━━━━ 100% 0:00:00 (291/291) Qwen3Bridge
[36m(vLLMHttpServer pid=266886)[0m (EngineCore pid=267483) WARNING 09-11 14:02:23 [scheduler.py:1948] reset_connector called but no KV connector is configured.
[36m(vLLMHttpServer pid=266893)[0m (EngineCore pid=267508) WARNING 09-11 14:02:23 [scheduler.py:1948] reset_connector called but no KV connector is configured.
[36m(vLLMHttpServer pid=266886)[0m (EngineCore pid=267483) WARNING 09-11 14:02:25 [scheduler.py:1948] reset_connector called but no KV connector is configured.
[36m(TransferQueueController pid=262497)[0m 2026-09-11 14:02:25,727 - INFO - transfer_queue.utils.perf_utils - TQ_CONTROLLER_863b2989: [Performance] Total success requests: 30, Total req/min: 5.59, Total avg process time: 0.0008s; 
[36m(TransferQueueController pid=262497)[0m Time range: last 5.36 minutes; 
[36m(TransferQueueController pid=262497)[0m Per-operation statistics: KV_RETRIEVE_META: req_count=13, req/min=2.42, avg_time=0.001528s, max_time=0.002467s, min_time=0.000372s; NOTIFY_DATA_UPDATE: req_count=6, req/min=1.12, avg_time=0.000338s, max_time=0.000533s, min_time=0.000175s; SET_CUSTOM_META: req_count=7, req/min=1.30, avg_time=0.000040s, max_time=0.000098s, min_time=0.000021s; KV_LIST: req_count=1, req/min=0.19, avg_time=0.000032s, max_time=0.000032s, min_time=0.000032s; CLEAR_META: req_count=1, req/min=0.19, avg_time=0.000228s, max_time=0.000228s, min_time=0.000228s; KV_RETRIEVE_KEYS: req_count=2, req/min=0.37, avg_time=0.000050s, max_time=0.000070s, min_time=0.000029s
[36m(SimpleStorageUnit pid=262568)[0m 2026-09-11 14:02:25,756 - INFO - transfer_queue.utils.perf_utils - TQ_STORAGE_UNIT_cbaf6a9a: [Performance] Total success requests: 35, Total req/min: 6.60, Total avg process time: 0.0135s; 
[36m(SimpleStorageUnit pid=262568)[0m Time range: last 5.30 minutes; 
[36m(SimpleStorageUnit pid=262568)[0m Per-operation statistics: PUT_DATA: req_count=6, req/min=1.13, avg_time=0.012081s, max_time=0.014098s, min_time=0.009081s; CLEAR_DATA: req_count=1, req/min=0.19, avg_time=0.009308s, max_time=0.009308s, min_time=0.009308s; GET_DATA: req_count=28, req/min=5.28, avg_time=0.013898s, max_time=0.018708s, min_time=0.009351s
[36m(SimpleStorageUnit pid=262570)[0m 2026-09-11 14:02:25,759 - INFO - transfer_queue.utils.perf_utils - TQ_STORAGE_UNIT_f617b03b: [Performance] Total success requests: 35, Total req/min: 6.60, Total avg process time: 0.0139s; 
[36m(SimpleStorageUnit pid=262570)[0m Time range: last 5.30 minutes; 
[36m(SimpleStorageUnit pid=262570)[0m Per-operation statistics: PUT_DATA: req_count=6, req/min=1.13, avg_time=0.013269s, max_time=0.015395s, min_time=0.010291s; CLEAR_DATA: req_count=1, req/min=0.19, avg_time=0.008958s, max_time=0.008958s, min_time=0.008958s; GET_DATA: req_count=28, req/min=5.28, avg_time=0.014274s, max_time=0.018414s, min_time=0.005858s
[36m(SimpleStorageUnit pid=262569)[0m 2026-09-11 14:02:25,758 - INFO - transfer_queue.utils.perf_utils - TQ_STORAGE_UNIT_894247ed: [Performance] Total success requests: 35, Total req/min: 6.60, Total avg process time: 0.0142s; 
[36m(SimpleStorageUnit pid=262569)[0m Time range: last 5.30 minutes; 
[36m(SimpleStorageUnit pid=262569)[0m Per-operation statistics: PUT_DATA: req_count=6, req/min=1.13, avg_time=0.014854s, max_time=0.016671s, min_time=0.013377s; CLEAR_DATA: req_count=1, req/min=0.19, avg_time=0.009683s, max_time=0.009683s, min_time=0.009683s; GET_DATA: req_count=28, req/min=5.28, avg_time=0.014276s, max_time=0.018472s, min_time=0.008577s
[36m(SimpleStorageUnit pid=262571)[0m 2026-09-11 14:02:25,759 - INFO - transfer_queue.utils.perf_utils - TQ_STORAGE_UNIT_e242c25e: [Performance] Total success requests: 35, Total req/min: 6.60, Total avg process time: 0.0136s; 
[36m(SimpleStorageUnit pid=262571)[0m Time range: last 5.30 minutes; 
[36m(SimpleStorageUnit pid=262571)[0m Per-operation statistics: PUT_DATA: req_count=6, req/min=1.13, avg_time=0.014670s, max_time=0.018071s, min_time=0.012782s; CLEAR_DATA: req_count=1, req/min=0.19, avg_time=0.005942s, max_time=0.005942s, min_time=0.005942s; GET_DATA: req_count=28, req/min=5.28, avg_time=0.013652s, max_time=0.018111s, min_time=0.009615s
[36m(SimpleStorageUnit pid=262572)[0m 2026-09-11 14:02:25,761 - INFO - transfer_queue.utils.perf_utils - TQ_STORAGE_UNIT_4c341224: [Performance] Total success requests: 34, Total req/min: 6.42, Total avg process time: 0.0140s; 
[36m(SimpleStorageUnit pid=262572)[0m Time range: last 5.30 minutes; 
[36m(SimpleStorageUnit pid=262572)[0m Per-operation statistics: PUT_DATA: req_count=6, req/min=1.13, avg_time=0.013672s, max_time=0.015783s, min_time=0.010899s; GET_DATA: req_count=28, req/min=5.29, avg_time=0.014122s, max_time=0.017965s, min_time=0.006773s
[36m(SimpleStorageUnit pid=262573)[0m 2026-09-11 14:02:25,760 - INFO - transfer_queue.utils.perf_utils - TQ_STORAGE_UNIT_91c25ceb: [Performance] Total success requests: 34, Total req/min: 6.41, Total avg process time: 0.0135s; 
[36m(SimpleStorageUnit pid=262573)[0m Time range: last 5.31 minutes; 
[36m(SimpleStorageUnit pid=262573)[0m Per-operation statistics: PUT_DATA: req_count=6, req/min=1.13, avg_time=0.014230s, max_time=0.015472s, min_time=0.013109s; GET_DATA: req_count=28, req/min=5.28, avg_time=0.013340s, max_time=0.017669s, min_time=0.007092s
[36m(SimpleStorageUnit pid=262574)[0m 2026-09-11 14:02:25,761 - INFO - transfer_queue.utils.perf_utils - TQ_STORAGE_UNIT_c1ff0e69: [Performance] Total success requests: 34, Total req/min: 6.41, Total avg process time: 0.0135s; 
[36m(SimpleStorageUnit pid=262574)[0m Time range: last 5.31 minutes; 
[36m(SimpleStorageUnit pid=262574)[0m Per-operation statistics: PUT_DATA: req_count=6, req/min=1.13, avg_time=0.013847s, max_time=0.016648s, min_time=0.010360s; GET_DATA: req_count=28, req/min=5.27, avg_time=0.013457s, max_time=0.017206s, min_time=0.009478s
[36m(SimpleStorageUnit pid=262575)[0m 2026-09-11 14:02:25,762 - INFO - transfer_queue.utils.perf_utils - TQ_STORAGE_UNIT_eaf46828: [Performance] Total success requests: 34, Total req/min: 6.41, Total avg process time: 0.0135s; 
[36m(SimpleStorageUnit pid=262575)[0m Time range: last 5.30 minutes; 
[36m(SimpleStorageUnit pid=262575)[0m Per-operation statistics: PUT_DATA: req_count=6, req/min=1.13, avg_time=0.013057s, max_time=0.014351s, min_time=0.009632s; GET_DATA: req_count=28, req/min=5.28, avg_time=0.013644s, max_time=0.016909s, min_time=0.009000s
[36m(vLLMHttpServer pid=266893)[0m (EngineCore pid=267508) WARNING 09-11 14:02:25 [scheduler.py:1948] reset_connector called but no KV connector is configured.
[36m(TaskRunnerV1 pid=262098)[0m Training Progress:  25%|██▌       | 1/4 [02:11<06:33, 131.10s/it]
[36m(TaskRunnerV1 pid=262098)[0m step:1 - global_seqlen/min:255568.0 - global_seqlen/max:255568.0 - global_seqlen/minmax_diff:0.0 - global_seqlen/balanced_min:255568.0 - global_seqlen/balanced_max:255568.0 - global_seqlen/mean:255568.0 - actor/entropy:0.0044543081894516945 - training/rollout_probs_diff_valid:1.0 - training/rollout_probs_diff_max:0.11581730842590332 - training/rollout_probs_diff_mean:0.00023372049327008426 - training/rollout_probs_diff_std:0.0024699114728718996 - training/rollout_actor_probs_pearson_corr:0.9972434043884277 - rollout_corr/training_ppl:1.0036144256591797 - rollout_corr/training_log_ppl:0.003606776474043727 - rollout_corr/kl:0.00022756002726964653 - rollout_corr/k3_kl:1.0739319804997649e-05 - rollout_corr/rollout_ppl:1.00338613986969 - rollout_corr/rollout_log_ppl:0.00337921641767025 - rollout_corr/log_ppl_diff:0.00022755998361390084 - rollout_corr/log_ppl_abs_diff:0.00022755998361390084 - rollout_corr/log_ppl_diff_max:0.00032680993899703026 - rollout_corr/log_ppl_diff_min:0.00012017320841550827 - rollout_corr/ppl_ratio:1.000227689743042 - rollout_corr/chi2_token:-0.00041300058364868164 - rollout_corr/chi2_seq:-0.9614885449409485 - actor/pg_clipfrac:0.0 - actor/ppo_kl:0.0 - actor/pg_clipfrac_lower:0.0 - actor/pg_loss:-2.8472859412431717e-06 - actor/entropy_loss:0.0044543081894516945 - actor/kl_loss:0.0 - actor/kl_coef:0.001 - actor/loss:-7.29784369468689e-06 - actor/grad_norm:0.12254022620618343 - actor/perf/max_memory_allocated_gb:24.721920490264893 - actor/perf/max_memory_reserved_gb:24.96875 - actor/perf/cpu_memory_used_gb:198.75076866149902 - actor/lr:0.0 - perf/mfu/actor:0.2113926630333964 - training/global_step:1 - training/epoch:0 - critic/score/mean:0.9726468324661255 - critic/score/max:0.993452787399292 - critic/score/min:0.952946126461029 - critic/rewards/mean:0.9726468324661255 - critic/rewards/max:0.993452787399292 - critic/rewards/min:0.952946126461029 - critic/advantages/mean:2.8368085622787476e-06 - critic/advantages/max:1.458733081817627 - critic/advantages/min:-1.3413969278335571 - critic/returns/mean:2.8368085622787476e-06 - critic/returns/max:1.458733081817627 - critic/returns/min:-1.3413969278335571 - response_length/mean:8192.0 - response_length/max:8192.0 - response_length/min:8192.0 - response_length/clip_ratio:1.0 - response_length_non_aborted/mean:8192.0 - response_length_non_aborted/max:8192.0 - response_length_non_aborted/min:8192.0 - response_length_non_aborted/clip_ratio:1.0 - response/aborted_ratio:0.0 - prompt_length/mean:7781.0 - prompt_length/max:8074.0 - prompt_length/min:7488.0 - prompt_length/clip_ratio:0.5 - timing_s/gen:1.3457555419299752 - timing_s/old_log_prob:46.89721759397071 - timing_s/ref:11.363887929939665 - timing_s/adv:0.12457846605684608 - timing_s/update_actor:65.68177978205495 - timing_s/update_weights:5.421920162974857 - timing_s/step:131.00276566203684 - timing_per_token_ms/adv:0.00048745721708839165 - timing_per_token_ms/update_actor:0.25700314508097627 - timing_per_token_ms/gen:0.010267299971999932 - timing_per_token_ms/ref:0.0444652222889394 - perf/total_num_tokens:255568 - perf/time_per_step:131.00276566203684 - perf/throughput:243.85744711997023 - training/num_turns/mean:np.float64(2.0) - training/num_turns/max:np.int64(2) - training/num_turns/min:np.int64(2) - training/off_policy/trajectory_spans/mean:np.float64(1.0) - training/off_policy/trajectory_spans/max:np.int64(1) - training/off_policy/trajectory_spans/min:np.int64(1) - training/off_policy/trajectory_staleness/mean:np.float64(-1.0) - training/off_policy/trajectory_staleness/max:np.int64(-1) - training/off_policy/trajectory_staleness/min:np.int64(-1) - training/off_policy/trajectory_staleness_worst/mean:np.float64(-1.0) - training/off_policy/trajectory_staleness_worst/max:np.int64(-1) - training/off_policy/trajectory_staleness_worst/min:np.int64(-1)
[36m(TaskRunnerV1 pid=262098)[0m [RolloutTqSkip()] [33mInjected 16 cached trajectories from step 2 (4 prompts x 4) into TQ partition 'train' at current step 2[0m
[36m(WorkerDict pid=263345)[0m WARNING:2026-09-11 14:02:29,223:VERL_RESPONSE_ONLY_LM_HEAD_PROFILE {"active_ratio": 0.4992350841407445, "actual_logits_bytes": 0, "allocated_before_bytes": 4246229504, "backend": "fused", "calculate_entropy": true, "calculate_sum_pi_squared": false, "context_parallel_size": 2, "data_format": "thd", "dense_logits_bytes": 0, "dense_rows": 7844, "distillation_only": false, "elapsed_s": 0.12836366798728704, "element_size": 0, "entropy_from_logits_chunk_size": 2048, "entropy_from_logits_with_chunking": false, "event_id": 48, "logits_dtype": "none", "logits_saved_bytes": 0, "peak_allocated_bytes": 4342630400, "peak_increment_bytes": 96400896, "pipeline_parallel_size": 2, "projected_rows": 3916, "rank": 5, "response_only_enabled": true, "role": "actor", "selected_rows": 3916, "tensor_parallel_size": 2, "vocab_shard": 75968}
[36m(WorkerDict pid=263346)[0m WARNING:2026-09-11 14:02:29,235:VERL_RESPONSE_ONLY_LM_HEAD_PROFILE {"active_ratio": 0.5451300356960734, "actual_logits_bytes": 0, "allocated_before_bytes": 4246229504, "backend": "fused", "calculate_entropy": true, "calculate_sum_pi_squared": false, "context_parallel_size": 2, "data_format": "thd", "dense_logits_bytes": 0, "dense_rows": 7844, "distillation_only": false, "elapsed_s": 0.14009353308938444, "element_size": 0, "entropy_from_logits_chunk_size": 2048, "entropy_from_logits_with_chunking": false, "event_id": 48, "logits_dtype": "none", "logits_saved_bytes": 0, "peak_allocated_bytes": 4345585152, "peak_increment_bytes": 99355648, "pipeline_parallel_size": 2, "projected_rows": 4276, "rank": 6, "response_only_enabled": true, "role": "actor", "selected_rows": 4276, "tensor_parallel_size": 2, "vocab_shard": 75968}
[36m(WorkerDict pid=263347)[0m WARNING:2026-09-11 14:02:29,235:VERL_RESPONSE_ONLY_LM_HEAD_PROFILE {"active_ratio": 0.5451300356960734, "actual_logits_bytes": 0, "allocated_before_bytes": 4246229504, "backend": "fused", "calculate_entropy": true, "calculate_sum_pi_squared": false, "context_parallel_size": 2, "data_format": "thd", "dense_logits_bytes": 0, "dense_rows": 7844, "distillation_only": false, "elapsed_s": 0.14064263307955116, "element_size": 0, "entropy_from_logits_chunk_size": 2048, "entropy_from_logits_with_chunking": false, "event_id": 48, "logits_dtype": "none", "logits_saved_bytes": 0, "peak_allocated_bytes": 4345585152, "peak_increment_bytes": 99355648, "pipeline_parallel_size": 2, "projected_rows": 4276, "rank": 7, "response_only_enabled": true, "role": "actor", "selected_rows": 4276, "tensor_parallel_size": 2, "vocab_shard": 75968}
[36m(WorkerDict pid=263345)[0m WARNING:2026-09-11 14:02:29,593:VERL_RESPONSE_ONLY_LM_HEAD_PROFILE {"active_ratio": 0.4992350841407445, "actual_logits_bytes": 0, "allocated_before_bytes": 4246356992, "backend": "fused", "calculate_entropy": true, "calculate_sum_pi_squared": false, "context_parallel_size": 2, "data_format": "thd", "dense_logits_bytes": 0, "dense_rows": 7844, "distillation_only": false, "elapsed_s": 0.12556761596351862, "element_size": 0, "entropy_from_logits_chunk_size": 2048, "entropy_from_logits_with_chunking": false, "event_id": 49, "logits_dtype": "none", "logits_saved_bytes": 0, "peak_allocated_bytes": 4342757888, "peak_increment_bytes": 96400896, "pipeline_parallel_size": 2, "projected_rows": 3916, "rank": 5, "response_only_enabled": true, "role": "actor", "selected_rows": 3916, "tensor_parallel_size": 2, "vocab_shard": 75968}
[36m(WorkerDict pid=263346)[0m WARNING:2026-09-11 14:02:29,605:VERL_RESPONSE_ONLY_LM_HEAD_PROFILE {"active_ratio": 0.5451300356960734, "actual_logits_bytes": 0, "allocated_before_bytes": 4246356992, "backend": "fused", "calculate_entropy": true, "calculate_sum_pi_squared": false, "context_parallel_size": 2, "data_format": "thd", "dense_logits_bytes": 0, "dense_rows": 7844, "distillation_only": false, "elapsed_s": 0.1366819910472259, "element_size": 0, "entropy_from_logits_chunk_size": 2048, "entropy_from_logits_with_chunking": false, "event_id": 49, "logits_dtype": "none", "logits_saved_bytes": 0, "peak_allocated_bytes": 4345712640, "peak_increment_bytes": 99355648, "pipeline_parallel_size": 2, "projected_rows": 4276, "rank": 6, "response_only_enabled": true, "role": "actor", "selected_rows": 4276, "tensor_parallel_size": 2, "vocab_shard": 75968}
[36m(WorkerDict pid=263347)[0m WARNING:2026-09-11 14:02:29,605:VERL_RESPONSE_ONLY_LM_HEAD_PROFILE {"active_ratio": 0.5451300356960734, "actual_logits_bytes": 0, "allocated_before_bytes": 4246356992, "backend": "fused", "calculate_entropy": true, "calculate_sum_pi_squared": false, "context_parallel_size": 2, "data_format": "thd", "dense_logits_bytes": 0, "dense_rows": 7844, "distillation_only": false, "elapsed_s": 0.13663181103765965, "element_size": 0, "entropy_from_logits_chunk_size": 2048, "entropy_from_logits_with_chunking": false, "event_id": 49, "logits_dtype": "none", "logits_saved_bytes": 0, "peak_allocated_bytes": 4345712640, "peak_increment_bytes": 99355648, "pipeline_parallel_size": 2, "projected_rows": 4276, "rank": 7, "response_only_enabled": true, "role": "actor", "selected_rows": 4276, "tensor_parallel_size": 2, "vocab_shard": 75968}
[36m(WorkerDict pid=263345)[0m WARNING:2026-09-11 14:02:29,962:VERL_RESPONSE_ONLY_LM_HEAD_PROFILE {"active_ratio": 0.4992350841407445, "actual_logits_bytes": 0, "allocated_before_bytes": 4246483968, "backend": "fused", "calculate_entropy": true, "calculate_sum_pi_squared": false, "context_parallel_size": 2, "data_format": "thd", "dense_logits_bytes": 0, "dense_rows": 7844, "distillation_only": false, "elapsed_s": 0.1258513560751453, "element_size": 0, "entropy_from_logits_chunk_size": 2048, "entropy_from_logits_with_chunking": false, "event_id": 50, "logits_dtype": "none", "logits_saved_bytes": 0, "peak_allocated_bytes": 4342884864, "peak_increment_bytes": 96400896, "pipeline_parallel_size": 2, "projected_rows": 3916, "rank": 5, "response_only_enabled": true, "role": "actor", "selected_rows": 3916, "tensor_parallel_size": 2, "vocab_shard": 75968}
[36m(WorkerDict pid=263346)[0m WARNING:2026-09-11 14:02:29,972:VERL_RESPONSE_ONLY_LM_HEAD_PROFILE {"active_ratio": 0.5451300356960734, "actual_logits_bytes": 0, "allocated_before_bytes": 4246483968, "backend": "fused", "calculate_entropy": true, "calculate_sum_pi_squared": false, "context_parallel_size": 2, "data_format": "thd", "dense_logits_bytes": 0, "dense_rows": 7844, "distillation_only": false, "elapsed_s": 0.13661725097335875, "element_size": 0, "entropy_from_logits_chunk_size": 2048, "entropy_from_logits_with_chunking": false, "event_id": 50, "logits_dtype": "none", "logits_saved_bytes": 0, "peak_allocated_bytes": 4345839616, "peak_increment_bytes": 99355648, "pipeline_parallel_size": 2, "projected_rows": 4276, "rank": 6, "response_only_enabled": true, "role": "actor", "selected_rows": 4276, "tensor_parallel_size": 2, "vocab_shard": 75968}
[36m(WorkerDict pid=263347)[0m WARNING:2026-09-11 14:02:29,972:VERL_RESPONSE_ONLY_LM_HEAD_PROFILE {"active_ratio": 0.5451300356960734, "actual_logits_bytes": 0, "allocated_before_bytes": 4246483968, "backend": "fused", "calculate_entropy": true, "calculate_sum_pi_squared": false, "context_parallel_size": 2, "data_format": "thd", "dense_logits_bytes": 0, "dense_rows": 7844, "distillation_only": false, "elapsed_s": 0.13666904100682586, "element_size": 0, "entropy_from_logits_chunk_size": 2048, "entropy_from_logits_with_chunking": false, "event_id": 50, "logits_dtype": "none", "logits_saved_bytes": 0, "peak_allocated_bytes": 4345839616, "peak_increment_bytes": 99355648, "pipeline_parallel_size": 2, "projected_rows": 4276, "rank": 7, "response_only_enabled": true, "role": "actor", "selected_rows": 4276, "tensor_parallel_size": 2, "vocab_shard": 75968}
[36m(WorkerDict pid=263345)[0m WARNING:2026-09-11 14:02:30,329:VERL_RESPONSE_ONLY_LM_HEAD_PROFILE {"active_ratio": 0.4992350841407445, "actual_logits_bytes": 0, "allocated_before_bytes": 4246610944, "backend": "fused", "calculate_entropy": true, "calculate_sum_pi_squared": false, "context_parallel_size": 2, "data_format": "thd", "dense_logits_bytes": 0, "dense_rows": 7844, "distillation_only": false, "elapsed_s": 0.12606312707066536, "element_size": 0, "entropy_from_logits_chunk_size": 2048, "entropy_from_logits_with_chunking": false, "event_id": 51, "logits_dtype": "none", "logits_saved_bytes": 0, "peak_allocated_bytes": 4343011840, "peak_increment_bytes": 96400896, "pipeline_parallel_size": 2, "projected_rows": 3916, "rank": 5, "response_only_enabled": true, "role": "actor", "selected_rows": 3916, "tensor_parallel_size": 2, "vocab_shard": 75968}
[36m(WorkerDict pid=263346)[0m WARNING:2026-09-11 14:02:30,339:VERL_RESPONSE_ONLY_LM_HEAD_PROFILE {"active_ratio": 0.5451300356960734, "actual_logits_bytes": 0, "allocated_before_bytes": 4246610944, "backend": "fused", "calculate_entropy": true, "calculate_sum_pi_squared": false, "context_parallel_size": 2, "data_format": "thd", "dense_logits_bytes": 0, "dense_rows": 7844, "distillation_only": false, "elapsed_s": 0.13721577206160873, "element_size": 0, "entropy_from_logits_chunk_size": 2048, "entropy_from_logits_with_chunking": false, "event_id": 51, "logits_dtype": "none", "logits_saved_bytes": 0, "peak_allocated_bytes": 4345966592, "peak_increment_bytes": 99355648, "pipeline_parallel_size": 2, "projected_rows": 4276, "rank": 6, "response_only_enabled": true, "role": "actor", "selected_rows": 4276, "tensor_parallel_size": 2, "vocab_shard": 75968}
[36m(WorkerDict pid=263347)[0m WARNING:2026-09-11 14:02:30,339:VERL_RESPONSE_ONLY_LM_HEAD_PROFILE {"active_ratio": 0.5451300356960734, "actual_logits_bytes": 0, "allocated_before_bytes": 4246610944, "backend": "fused", "calculate_entropy": true, "calculate_sum_pi_squared": false, "context_parallel_size": 2, "data_format": "thd", "dense_logits_bytes": 0, "dense_rows": 7844, "distillation_only": false, "elapsed_s": 0.137194172013551, "element_size": 0, "entropy_from_logits_chunk_size": 2048, "entropy_from_logits_with_chunking": false, "event_id": 51, "logits_dtype": "none", "logits_saved_bytes": 0, "peak_allocated_bytes": 4345966592, "peak_increment_bytes": 99355648, "pipeline_parallel_size": 2, "projected_rows": 4276, "rank": 7, "response_only_enabled": true, "role": "actor", "selected_rows": 4276, "tensor_parallel_size": 2, "vocab_shard": 75968}
[36m(WorkerDict pid=263345)[0m WARNING:2026-09-11 14:02:30,709:VERL_RESPONSE_ONLY_LM_HEAD_PROFILE {"active_ratio": 0.49938514510575505, "actual_logits_bytes": 0, "allocated_before_bytes": 4257448448, "backend": "fused", "calculate_entropy": true, "calculate_sum_pi_squared": false, "context_parallel_size": 2, "data_format": "thd", "dense_logits_bytes": 0, "dense_rows": 8132, "distillation_only": false, "elapsed_s": 0.12901810801122338, "element_size": 0, "entropy_from_logits_chunk_size": 2048, "entropy_from_logits_with_chunking": false, "event_id": 52, "logits_dtype": "none", "logits_saved_bytes": 0, "peak_allocated_bytes": 4357398528, "peak_increment_bytes": 99950080, "pipeline_parallel_size": 2, "projected_rows": 4061, "rank": 5, "response_only_enabled": true, "role": "actor", "selected_rows": 4061, "tensor_parallel_size": 2, "vocab_shard": 75968}
[36m(WorkerDict pid=263346)[0m WARNING:2026-09-11 14:02:30,712:VERL_RESPONSE_ONLY_LM_HEAD_PROFILE {"active_ratio": 0.5079931136251845, "actual_logits_bytes": 0, "allocated_before_bytes": 4257448448, "backend": "fused", "calculate_entropy": true, "calculate_sum_pi_squared": false, "context_parallel_size": 2, "data_format": "thd", "dense_logits_bytes": 0, "dense_rows": 8132, "distillation_only": false, "elapsed_s": 0.13224168901797384, "element_size": 0, "entropy_from_logits_chunk_size": 2048, "entropy_from_logits_with_chunking": false, "event_id": 52, "logits_dtype": "none", "logits_saved_bytes": 0, "peak_allocated_bytes": 4357973504, "peak_increment_bytes": 100525056, "pipeline_parallel_size": 2, "projected_rows": 4131, "rank": 6, "response_only_enabled": true, "role": "actor", "selected_rows": 4131, "tensor_parallel_size": 2, "vocab_shard": 75968}
[36m(WorkerDict pid=263347)[0m WARNING:2026-09-11 14:02:30,712:VERL_RESPONSE_ONLY_LM_HEAD_PROFILE {"active_ratio": 0.5079931136251845, "actual_logits_bytes": 0, "allocated_before_bytes": 4257448448, "backend": "fused", "calculate_entropy": true, "calculate_sum_pi_squared": false, "context_parallel_size": 2, "data_format": "thd", "dense_logits_bytes": 0, "dense_rows": 8132, "distillation_only": false, "elapsed_s": 0.13228692905977368, "element_size": 0, "entropy_from_logits_chunk_size": 2048, "entropy_from_logits_with_chunking": false, "event_id": 52, "logits_dtype": "none", "logits_saved_bytes": 0, "peak_allocated_bytes": 4357973504, "peak_increment_bytes": 100525056, "pipeline_parallel_size": 2, "projected_rows": 4131, "rank": 7, "response_only_enabled": true, "role": "actor", "selected_rows": 4131, "tensor_parallel_size": 2, "vocab_shard": 75968}
[36m(WorkerDict pid=263345)[0m WARNING:2026-09-11 14:02:31,080:VERL_RESPONSE_ONLY_LM_HEAD_PROFILE {"active_ratio": 0.49938514510575505, "actual_logits_bytes": 0, "allocated_before_bytes": 4257580544, "backend": "fused", "calculate_entropy": true, "calculate_sum_pi_squared": false, "context_parallel_size": 2, "data_format": "thd", "dense_logits_bytes": 0, "dense_rows": 8132, "distillation_only": false, "elapsed_s": 0.12884583801496774, "element_size": 0, "entropy_from_logits_chunk_size": 2048, "entropy_from_logits_with_chunking": false, "event_id": 53, "logits_dtype": "none", "logits_saved_bytes": 0, "peak_allocated_bytes": 4357530624, "peak_increment_bytes": 99950080, "pipeline_parallel_size": 2, "projected_rows": 4061, "rank": 5, "response_only_enabled": true, "role": "actor", "selected_rows": 4061, "tensor_parallel_size": 2, "vocab_shard": 75968}
[36m(WorkerDict pid=263346)[0m WARNING:2026-09-11 14:02:31,084:VERL_RESPONSE_ONLY_LM_HEAD_PROFILE {"active_ratio": 0.5079931136251845, "actual_logits_bytes": 0, "allocated_before_bytes": 4257580544, "backend": "fused", "calculate_entropy": true, "calculate_sum_pi_squared": false, "context_parallel_size": 2, "data_format": "thd", "dense_logits_bytes": 0, "dense_rows": 8132, "distillation_only": false, "elapsed_s": 0.1327536590397358, "element_size": 0, "entropy_from_logits_chunk_size": 2048, "entropy_from_logits_with_chunking": false, "event_id": 53, "logits_dtype": "none", "logits_saved_bytes": 0, "peak_allocated_bytes": 4358105600, "peak_increment_bytes": 100525056, "pipeline_parallel_size": 2, "projected_rows": 4131, "rank": 6, "response_only_enabled": true, "role": "actor", "selected_rows": 4131, "tensor_parallel_size": 2, "vocab_shard": 75968}
[36m(WorkerDict pid=263347)[0m WARNING:2026-09-11 14:02:31,084:VERL_RESPONSE_ONLY_LM_HEAD_PROFILE {"active_ratio": 0.5079931136251845, "actual_logits_bytes": 0, "allocated_before_bytes": 4257580544, "backend": "fused", "calculate_entropy": true, "calculate_sum_pi_squared": false, "context_parallel_size": 2, "data_format": "thd", "dense_logits_bytes": 0, "dense_rows": 8132, "distillation_only": false, "elapsed_s": 0.1328130189795047, "element_size": 0, "entropy_from_logits_chunk_size": 2048, "entropy_from_logits_with_chunking": false, "event_id": 53, "logits_dtype": "none", "logits_saved_bytes": 0, "peak_allocated_bytes": 4358105600, "peak_increment_bytes": 100525056, "pipeline_parallel_size": 2, "projected_rows": 4131, "rank": 7, "response_only_enabled": true, "role": "actor", "selected_rows": 4131, "tensor_parallel_size": 2, "vocab_shard": 75968}
[36m(WorkerDict pid=263345)[0m WARNING:2026-09-11 14:02:31,450:VERL_RESPONSE_ONLY_LM_HEAD_PROFILE {"active_ratio": 0.49938514510575505, "actual_logits_bytes": 0, "allocated_before_bytes": 4257712640, "backend": "fused", "calculate_entropy": true, "calculate_sum_pi_squared": false, "context_parallel_size": 2, "data_format": "thd", "dense_logits_bytes": 0, "dense_rows": 8132, "distillation_only": false, "elapsed_s": 0.1286053570220247, "element_size": 0, "entropy_from_logits_chunk_size": 2048, "entropy_from_logits_with_chunking": false, "event_id": 54, "logits_dtype": "none", "logits_saved_bytes": 0, "peak_allocated_bytes": 4357662720, "peak_increment_bytes": 99950080, "pipeline_parallel_size": 2, "projected_rows": 4061, "rank": 5, "response_only_enabled": true, "role": "actor", "selected_rows": 4061, "tensor_parallel_size": 2, "vocab_shard": 75968}
[36m(WorkerDict pid=263346)[0m WARNING:2026-09-11 14:02:31,455:VERL_RESPONSE_ONLY_LM_HEAD_PROFILE {"active_ratio": 0.5079931136251845, "actual_logits_bytes": 0, "allocated_before_bytes": 4257712640, "backend": "fused", "calculate_entropy": true, "calculate_sum_pi_squared": false, "context_parallel_size": 2, "data_format": "thd", "dense_logits_bytes": 0, "dense_rows": 8132, "distillation_only": false, "elapsed_s": 0.13294655899517238, "element_size": 0, "entropy_from_logits_chunk_size": 2048, "entropy_from_logits_with_chunking": false, "event_id": 54, "logits_dtype": "none", "logits_saved_bytes": 0, "peak_allocated_bytes": 4358237696, "peak_increment_bytes": 100525056, "pipeline_parallel_size": 2, "projected_rows": 4131, "rank": 6, "response_only_enabled": true, "role": "actor", "selected_rows": 4131, "tensor_parallel_size": 2, "vocab_shard": 75968}
[36m(WorkerDict pid=263347)[0m WARNING:2026-09-11 14:02:31,455:VERL_RESPONSE_ONLY_LM_HEAD_PROFILE {"active_ratio": 0.5079931136251845, "actual_logits_bytes": 0, "allocated_before_bytes": 4257712640, "backend": "fused", "calculate_entropy": true, "calculate_sum_pi_squared": false, "context_parallel_size": 2, "data_format": "thd", "dense_logits_bytes": 0, "dense_rows": 8132, "distillation_only": false, "elapsed_s": 0.13293683901429176, "element_size": 0, "entropy_from_logits_chunk_size": 2048, "entropy_from_logits_with_chunking": false, "event_id": 54, "logits_dtype": "none", "logits_saved_bytes": 0, "peak_allocated_bytes": 4358237696, "peak_increment_bytes": 100525056, "pipeline_parallel_size": 2, "projected_rows": 4131, "rank": 7, "response_only_enabled": true, "role": "actor", "selected_rows": 4131, "tensor_parallel_size": 2, "vocab_shard": 75968}
[36m(WorkerDict pid=263345)[0m WARNING:2026-09-11 14:02:31,823:VERL_RESPONSE_ONLY_LM_HEAD_PROFILE {"active_ratio": 0.49938514510575505, "actual_logits_bytes": 0, "allocated_before_bytes": 4257844736, "backend": "fused", "calculate_entropy": true, "calculate_sum_pi_squared": false, "context_parallel_size": 2, "data_format": "thd", "dense_logits_bytes": 0, "dense_rows": 8132, "distillation_only": false, "elapsed_s": 0.12883909791707993, "element_size": 0, "entropy_from_logits_chunk_size": 2048, "entropy_from_logits_with_chunking": false, "event_id": 55, "logits_dtype": "none", "logits_saved_bytes": 0, "peak_allocated_bytes": 4357794816, "peak_increment_bytes": 99950080, "pipeline_parallel_size": 2, "projected_rows": 4061, "rank": 5, "response_only_enabled": true, "role": "actor", "selected_rows": 4061, "tensor_parallel_size": 2, "vocab_shard": 75968}
[36m(WorkerDict pid=263346)[0m WARNING:2026-09-11 14:02:31,827:VERL_RESPONSE_ONLY_LM_HEAD_PROFILE {"active_ratio": 0.5079931136251845, "actual_logits_bytes": 0, "allocated_before_bytes": 4257844736, "backend": "fused", "calculate_entropy": true, "calculate_sum_pi_squared": false, "context_parallel_size": 2, "data_format": "thd", "dense_logits_bytes": 0, "dense_rows": 8132, "distillation_only": false, "elapsed_s": 0.1327957899775356, "element_size": 0, "entropy_from_logits_chunk_size": 2048, "entropy_from_logits_with_chunking": false, "event_id": 55, "logits_dtype": "none", "logits_saved_bytes": 0, "peak_allocated_bytes": 4358369792, "peak_increment_bytes": 100525056, "pipeline_parallel_size": 2, "projected_rows": 4131, "rank": 6, "response_only_enabled": true, "role": "actor", "selected_rows": 4131, "tensor_parallel_size": 2, "vocab_shard": 75968}
[36m(WorkerDict pid=263347)[0m WARNING:2026-09-11 14:02:31,827:VERL_RESPONSE_ONLY_LM_HEAD_PROFILE {"active_ratio": 0.5079931136251845, "actual_logits_bytes": 0, "allocated_before_bytes": 4257844736, "backend": "fused", "calculate_entropy": true, "calculate_sum_pi_squared": false, "context_parallel_size": 2, "data_format": "thd", "dense_logits_bytes": 0, "dense_rows": 8132, "distillation_only": false, "elapsed_s": 0.13282675005029887, "element_size": 0, "entropy_from_logits_chunk_size": 2048, "entropy_from_logits_with_chunking": false, "event_id": 55, "logits_dtype": "none", "logits_saved_bytes": 0, "peak_allocated_bytes": 4358369792, "peak_increment_bytes": 100525056, "pipeline_parallel_size": 2, "projected_rows": 4131, "rank": 7, "response_only_enabled": true, "role": "actor", "selected_rows": 4131, "tensor_parallel_size": 2, "vocab_shard": 75968}
[36m(WorkerDict pid=263345)[0m WARNING:2026-09-11 14:02:32,185:VERL_RESPONSE_ONLY_LM_HEAD_PROFILE {"active_ratio": 0.4992350841407445, "actual_logits_bytes": 0, "allocated_before_bytes": 4255593472, "backend": "fused", "calculate_entropy": true, "calculate_sum_pi_squared": false, "context_parallel_size": 2, "data_format": "thd", "dense_logits_bytes": 0, "dense_rows": 7844, "distillation_only": false, "elapsed_s": 0.12641774700023234, "element_size": 0, "entropy_from_logits_chunk_size": 2048, "entropy_from_logits_with_chunking": false, "event_id": 56, "logits_dtype": "none", "logits_saved_bytes": 0, "peak_allocated_bytes": 4351994368, "peak_increment_bytes": 96400896, "pipeline_parallel_size": 2, "projected_rows": 3916, "rank": 5, "response_only_enabled": true, "role": "actor", "selected_rows": 3916, "tensor_parallel_size": 2, "vocab_shard": 75968}
[36m(WorkerDict pid=263346)[0m WARNING:2026-09-11 14:02:32,195:VERL_RESPONSE_ONLY_LM_HEAD_PROFILE {"active_ratio": 0.5451300356960734, "actual_logits_bytes": 0, "allocated_before_bytes": 4255593472, "backend": "fused", "calculate_entropy": true, "calculate_sum_pi_squared": false, "context_parallel_size": 2, "data_format": "thd", "dense_logits_bytes": 0, "dense_rows": 7844, "distillation_only": false, "elapsed_s": 0.13675908092409372, "element_size": 0, "entropy_from_logits_chunk_size": 2048, "entropy_from_logits_with_chunking": false, "event_id": 56, "logits_dtype": "none", "logits_saved_bytes": 0, "peak_allocated_bytes": 4354949120, "peak_increment_bytes": 99355648, "pipeline_parallel_size": 2, "projected_rows": 4276, "rank": 6, "response_only_enabled": true, "role": "actor", "selected_rows": 4276, "tensor_parallel_size": 2, "vocab_shard": 75968}
[36m(WorkerDict pid=263347)[0m WARNING:2026-09-11 14:02:32,195:VERL_RESPONSE_ONLY_LM_HEAD_PROFILE {"active_ratio": 0.5451300356960734, "actual_logits_bytes": 0, "allocated_before_bytes": 4255593472, "backend": "fused", "calculate_entropy": true, "calculate_sum_pi_squared": false, "context_parallel_size": 2, "data_format": "thd", "dense_logits_bytes": 0, "dense_rows": 7844, "distillation_only": false, "elapsed_s": 0.13681624096352607, "element_size": 0, "entropy_from_logits_chunk_size": 2048, "entropy_from_logits_with_chunking": false, "event_id": 56, "logits_dtype": "none", "logits_saved_bytes": 0, "peak_allocated_bytes": 4354949120, "peak_increment_bytes": 99355648, "pipeline_parallel_size": 2, "projected_rows": 4276, "rank": 7, "response_only_enabled": true, "role": "actor", "selected_rows": 4276, "tensor_parallel_size": 2, "vocab_shard": 75968}
[36m(WorkerDict pid=263345)[0m WARNING:2026-09-11 14:02:32,550:VERL_RESPONSE_ONLY_LM_HEAD_PROFILE {"active_ratio": 0.4992350841407445, "actual_logits_bytes": 0, "allocated_before_bytes": 4255720448, "backend": "fused", "calculate_entropy": true, "calculate_sum_pi_squared": false, "context_parallel_size": 2, "data_format": "thd", "dense_logits_bytes": 0, "dense_rows": 7844, "distillation_only": false, "elapsed_s": 0.125704345991835, "element_size": 0, "entropy_from_logits_chunk_size": 2048, "entropy_from_logits_with_chunking": false, "event_id": 57, "logits_dtype": "none", "logits_saved_bytes": 0, "peak_allocated_bytes": 4352121344, "peak_increment_bytes": 96400896, "pipeline_parallel_size": 2, "projected_rows": 3916, "rank": 5, "response_only_enabled": true, "role": "actor", "selected_rows": 3916, "tensor_parallel_size": 2, "vocab_shard": 75968}
[36m(WorkerDict pid=263346)[0m WARNING:2026-09-11 14:02:32,563:VERL_RESPONSE_ONLY_LM_HEAD_PROFILE {"active_ratio": 0.5451300356960734, "actual_logits_bytes": 0, "allocated_before_bytes": 4255720448, "backend": "fused", "calculate_entropy": true, "calculate_sum_pi_squared": false, "context_parallel_size": 2, "data_format": "thd", "dense_logits_bytes": 0, "dense_rows": 7844, "distillation_only": false, "elapsed_s": 0.138472612015903, "element_size": 0, "entropy_from_logits_chunk_size": 2048, "entropy_from_logits_with_chunking": false, "event_id": 57, "logits_dtype": "none", "logits_saved_bytes": 0, "peak_allocated_bytes": 4355076096, "peak_increment_bytes": 99355648, "pipeline_parallel_size": 2, "projected_rows": 4276, "rank": 6, "response_only_enabled": true, "role": "actor", "selected_rows": 4276, "tensor_parallel_size": 2, "vocab_shard": 75968}
[36m(WorkerDict pid=263347)[0m WARNING:2026-09-11 14:02:32,563:VERL_RESPONSE_ONLY_LM_HEAD_PROFILE {"active_ratio": 0.5451300356960734, "actual_logits_bytes": 0, "allocated_before_bytes": 4255720448, "backend": "fused", "calculate_entropy": true, "calculate_sum_pi_squared": false, "context_parallel_size": 2, "data_format": "thd", "dense_logits_bytes": 0, "dense_rows": 7844, "distillation_only": false, "elapsed_s": 0.13840127200819552, "element_size": 0, "entropy_from_logits_chunk_size": 2048, "entropy_from_logits_with_chunking": false, "event_id": 57, "logits_dtype": "none", "logits_saved_bytes": 0, "peak_allocated_bytes": 4355076096, "peak_increment_bytes": 99355648, "pipeline_parallel_size": 2, "projected_rows": 4276, "rank": 7, "response_only_enabled": true, "role": "actor", "selected_rows": 4276, "tensor_parallel_size": 2, "vocab_shard": 75968}
[36m(WorkerDict pid=263345)[0m WARNING:2026-09-11 14:02:32,919:VERL_RESPONSE_ONLY_LM_HEAD_PROFILE {"active_ratio": 0.4992350841407445, "actual_logits_bytes": 0, "allocated_before_bytes": 4255847424, "backend": "fused", "calculate_entropy": true, "calculate_sum_pi_squared": false, "context_parallel_size": 2, "data_format": "thd", "dense_logits_bytes": 0, "dense_rows": 7844, "distillation_only": false, "elapsed_s": 0.12532794591970742, "element_size": 0, "entropy_from_logits_chunk_size": 2048, "entropy_from_logits_with_chunking": false, "event_id": 58, "logits_dtype": "none", "logits_saved_bytes": 0, "peak_allocated_bytes": 4352248320, "peak_increment_bytes": 96400896, "pipeline_parallel_size": 2, "projected_rows": 3916, "rank": 5, "response_only_enabled": true, "role": "actor", "selected_rows": 3916, "tensor_parallel_size": 2, "vocab_shard": 75968}
[36m(WorkerDict pid=263346)[0m WARNING:2026-09-11 14:02:32,930:VERL_RESPONSE_ONLY_LM_HEAD_PROFILE {"active_ratio": 0.5451300356960734, "actual_logits_bytes": 0, "allocated_before_bytes": 4255847424, "backend": "fused", "calculate_entropy": true, "calculate_sum_pi_squared": false, "context_parallel_size": 2, "data_format": "thd", "dense_logits_bytes": 0, "dense_rows": 7844, "distillation_only": false, "elapsed_s": 0.1371857209596783, "element_size": 0, "entropy_from_logits_chunk_size": 2048, "entropy_from_logits_with_chunking": false, "event_id": 58, "logits_dtype": "none", "logits_saved_bytes": 0, "peak_allocated_bytes": 4355203072, "peak_increment_bytes": 99355648, "pipeline_parallel_size": 2, "projected_rows": 4276, "rank": 6, "response_only_enabled": true, "role": "actor", "selected_rows": 4276, "tensor_parallel_size": 2, "vocab_shard": 75968}
[36m(WorkerDict pid=263347)[0m WARNING:2026-09-11 14:02:32,930:VERL_RESPONSE_ONLY_LM_HEAD_PROFILE {"active_ratio": 0.5451300356960734, "actual_logits_bytes": 0, "allocated_before_bytes": 4255847424, "backend": "fused", "calculate_entropy": true, "calculate_sum_pi_squared": false, "context_parallel_size": 2, "data_format": "thd", "dense_logits_bytes": 0, "dense_rows": 7844, "distillation_only": false, "elapsed_s": 0.13721843098755926, "element_size": 0, "entropy_from_logits_chunk_size": 2048, "entropy_from_logits_with_chunking": false, "event_id": 58, "logits_dtype": "none", "logits_saved_bytes": 0, "peak_allocated_bytes": 4355203072, "peak_increment_bytes": 99355648, "pipeline_parallel_size": 2, "projected_rows": 4276, "rank": 7, "response_only_enabled": true, "role": "actor", "selected_rows": 4276, "tensor_parallel_size": 2, "vocab_shard": 75968}
[36m(WorkerDict pid=263345)[0m WARNING:2026-09-11 14:02:33,288:VERL_RESPONSE_ONLY_LM_HEAD_PROFILE {"active_ratio": 0.4992350841407445, "actual_logits_bytes": 0, "allocated_before_bytes": 4255974400, "backend": "fused", "calculate_entropy": true, "calculate_sum_pi_squared": false, "context_parallel_size": 2, "data_format": "thd", "dense_logits_bytes": 0, "dense_rows": 7844, "distillation_only": false, "elapsed_s": 0.12545472593046725, "element_size": 0, "entropy_from_logits_chunk_size": 2048, "entropy_from_logits_with_chunking": false, "event_id": 59, "logits_dtype": "none", "logits_saved_bytes": 0, "peak_allocated_bytes": 4352375296, "peak_increment_bytes": 96400896, "pipeline_parallel_size": 2, "projected_rows": 3916, "rank": 5, "response_only_enabled": true, "role": "actor", "selected_rows": 3916, "tensor_parallel_size": 2, "vocab_shard": 75968}
[36m(WorkerDict pid=263346)[0m WARNING:2026-09-11 14:02:33,299:VERL_RESPONSE_ONLY_LM_HEAD_PROFILE {"active_ratio": 0.5451300356960734, "actual_logits_bytes": 0, "allocated_before_bytes": 4255974400, "backend": "fused", "calculate_entropy": true, "calculate_sum_pi_squared": false, "context_parallel_size": 2, "data_format": "thd", "dense_logits_bytes": 0, "dense_rows": 7844, "distillation_only": false, "elapsed_s": 0.13705030200071633, "element_size": 0, "entropy_from_logits_chunk_size": 2048, "entropy_from_logits_with_chunking": false, "event_id": 59, "logits_dtype": "none", "logits_saved_bytes": 0, "peak_allocated_bytes": 4355330048, "peak_increment_bytes": 99355648, "pipeline_parallel_size": 2, "projected_rows": 4276, "rank": 6, "response_only_enabled": true, "role": "actor", "selected_rows": 4276, "tensor_parallel_size": 2, "vocab_shard": 75968}
[36m(WorkerDict pid=263347)[0m WARNING:2026-09-11 14:02:33,299:VERL_RESPONSE_ONLY_LM_HEAD_PROFILE {"active_ratio": 0.5451300356960734, "actual_logits_bytes": 0, "allocated_before_bytes": 4255974400, "backend": "fused", "calculate_entropy": true, "calculate_sum_pi_squared": false, "context_parallel_size": 2, "data_format": "thd", "dense_logits_bytes": 0, "dense_rows": 7844, "distillation_only": false, "elapsed_s": 0.13707824202720076, "element_size": 0, "entropy_from_logits_chunk_size": 2048, "entropy_from_logits_with_chunking": false, "event_id": 59, "logits_dtype": "none", "logits_saved_bytes": 0, "peak_allocated_bytes": 4355330048, "peak_increment_bytes": 99355648, "pipeline_parallel_size": 2, "projected_rows": 4276, "rank": 7, "response_only_enabled": true, "role": "actor", "selected_rows": 4276, "tensor_parallel_size": 2, "vocab_shard": 75968}
[36m(WorkerDict pid=263345)[0m WARNING:2026-09-11 14:02:33,655:VERL_RESPONSE_ONLY_LM_HEAD_PROFILE {"active_ratio": 0.49910714285714286, "actual_logits_bytes": 0, "allocated_before_bytes": 4256066560, "backend": "fused", "calculate_entropy": true, "calculate_sum_pi_squared": false, "context_parallel_size": 2, "data_format": "thd", "dense_logits_bytes": 0, "dense_rows": 7840, "distillation_only": false, "elapsed_s": 0.12543355592060834, "element_size": 0, "entropy_from_logits_chunk_size": 2048, "entropy_from_logits_with_chunking": false, "event_id": 60, "logits_dtype": "none", "logits_saved_bytes": 0, "peak_allocated_bytes": 4352410112, "peak_increment_bytes": 96343552, "pipeline_parallel_size": 2, "projected_rows": 3913, "rank": 5, "response_only_enabled": true, "role": "actor", "selected_rows": 3913, "tensor_parallel_size": 2, "vocab_shard": 75968}
[36m(WorkerDict pid=263346)[0m WARNING:2026-09-11 14:02:33,667:VERL_RESPONSE_ONLY_LM_HEAD_PROFILE {"active_ratio": 0.5457908163265306, "actual_logits_bytes": 0, "allocated_before_bytes": 4256066560, "backend": "fused", "calculate_entropy": true, "calculate_sum_pi_squared": false, "context_parallel_size": 2, "data_format": "thd", "dense_logits_bytes": 0, "dense_rows": 7840, "distillation_only": false, "elapsed_s": 0.13820183102507144, "element_size": 0, "entropy_from_logits_chunk_size": 2048, "entropy_from_logits_with_chunking": false, "event_id": 60, "logits_dtype": "none", "logits_saved_bytes": 0, "peak_allocated_bytes": 4355414016, "peak_increment_bytes": 99347456, "pipeline_parallel_size": 2, "projected_rows": 4279, "rank": 6, "response_only_enabled": true, "role": "actor", "selected_rows": 4279, "tensor_parallel_size": 2, "vocab_shard": 75968}
[36m(WorkerDict pid=263347)[0m WARNING:2026-09-11 14:02:33,667:VERL_RESPONSE_ONLY_LM_HEAD_PROFILE {"active_ratio": 0.5457908163265306, "actual_logits_bytes": 0, "allocated_before_bytes": 4256066560, "backend": "fused", "calculate_entropy": true, "calculate_sum_pi_squared": false, "context_parallel_size": 2, "data_format": "thd", "dense_logits_bytes": 0, "dense_rows": 7840, "distillation_only": false, "elapsed_s": 0.13821886095684022, "element_size": 0, "entropy_from_logits_chunk_size": 2048, "entropy_from_logits_with_chunking": false, "event_id": 60, "logits_dtype": "none", "logits_saved_bytes": 0, "peak_allocated_bytes": 4355414016, "peak_increment_bytes": 99347456, "pipeline_parallel_size": 2, "projected_rows": 4279, "rank": 7, "response_only_enabled": true, "role": "actor", "selected_rows": 4279, "tensor_parallel_size": 2, "vocab_shard": 75968}
[36m(WorkerDict pid=263345)[0m WARNING:2026-09-11 14:02:34,022:VERL_RESPONSE_ONLY_LM_HEAD_PROFILE {"active_ratio": 0.49910714285714286, "actual_logits_bytes": 0, "allocated_before_bytes": 4256193536, "backend": "fused", "calculate_entropy": true, "calculate_sum_pi_squared": false, "context_parallel_size": 2, "data_format": "thd", "dense_logits_bytes": 0, "dense_rows": 7840, "distillation_only": false, "elapsed_s": 0.1253178759943694, "element_size": 0, "entropy_from_logits_chunk_size": 2048, "entropy_from_logits_with_chunking": false, "event_id": 61, "logits_dtype": "none", "logits_saved_bytes": 0, "peak_allocated_bytes": 4352537088, "peak_increment_bytes": 96343552, "pipeline_parallel_size": 2, "projected_rows": 3913, "rank": 5, "response_only_enabled": true, "role": "actor", "selected_rows": 3913, "tensor_parallel_size": 2, "vocab_shard": 75968}
[36m(WorkerDict pid=263346)[0m WARNING:2026-09-11 14:02:34,033:VERL_RESPONSE_ONLY_LM_HEAD_PROFILE {"active_ratio": 0.5457908163265306, "actual_logits_bytes": 0, "allocated_before_bytes": 4256193536, "backend": "fused", "calculate_entropy": true, "calculate_sum_pi_squared": false, "context_parallel_size": 2, "data_format": "thd", "dense_logits_bytes": 0, "dense_rows": 7840, "distillation_only": false, "elapsed_s": 0.13686710107140243, "element_size": 0, "entropy_from_logits_chunk_size": 2048, "entropy_from_logits_with_chunking": false, "event_id": 61, "logits_dtype": "none", "logits_saved_bytes": 0, "peak_allocated_bytes": 4355540992, "peak_increment_bytes": 99347456, "pipeline_parallel_size": 2, "projected_rows": 4279, "rank": 6, "response_only_enabled": true, "role": "actor", "selected_rows": 4279, "tensor_parallel_size": 2, "vocab_shard": 75968}
[36m(WorkerDict pid=263347)[0m WARNING:2026-09-11 14:02:34,033:VERL_RESPONSE_ONLY_LM_HEAD_PROFILE {"active_ratio": 0.5457908163265306, "actual_logits_bytes": 0, "allocated_before_bytes": 4256193536, "backend": "fused", "calculate_entropy": true, "calculate_sum_pi_squared": false, "context_parallel_size": 2, "data_format": "thd", "dense_logits_bytes": 0, "dense_rows": 7840, "distillation_only": false, "elapsed_s": 0.13682665105443448, "element_size": 0, "entropy_from_logits_chunk_size": 2048, "entropy_from_logits_with_chunking": false, "event_id": 61, "logits_dtype": "none", "logits_saved_bytes": 0, "peak_allocated_bytes": 4355540992, "peak_increment_bytes": 99347456, "pipeline_parallel_size": 2, "projected_rows": 4279, "rank": 7, "response_only_enabled": true, "role": "actor", "selected_rows": 4279, "tensor_parallel_size": 2, "vocab_shard": 75968}
[36m(WorkerDict pid=263345)[0m WARNING:2026-09-11 14:02:34,389:VERL_RESPONSE_ONLY_LM_HEAD_PROFILE {"active_ratio": 0.49910714285714286, "actual_logits_bytes": 0, "allocated_before_bytes": 4256320512, "backend": "fused", "calculate_entropy": true, "calculate_sum_pi_squared": false, "context_parallel_size": 2, "data_format": "thd", "dense_logits_bytes": 0, "dense_rows": 7840, "distillation_only": false, "elapsed_s": 0.12669369706418365, "element_size": 0, "entropy_from_logits_chunk_size": 2048, "entropy_from_logits_with_chunking": false, "event_id": 62, "logits_dtype": "none", "logits_saved_bytes": 0, "peak_allocated_bytes": 4352664064, "peak_increment_bytes": 96343552, "pipeline_parallel_size": 2, "projected_rows": 3913, "rank": 5, "response_only_enabled": true, "role": "actor", "selected_rows": 3913, "tensor_parallel_size": 2, "vocab_shard": 75968}
[36m(WorkerDict pid=263346)[0m WARNING:2026-09-11 14:02:34,400:VERL_RESPONSE_ONLY_LM_HEAD_PROFILE {"active_ratio": 0.5457908163265306, "actual_logits_bytes": 0, "allocated_before_bytes": 4256320512, "backend": "fused", "calculate_entropy": true, "calculate_sum_pi_squared": false, "context_parallel_size": 2, "data_format": "thd", "dense_logits_bytes": 0, "dense_rows": 7840, "distillation_only": false, "elapsed_s": 0.13793344201985747, "element_size": 0, "entropy_from_logits_chunk_size": 2048, "entropy_from_logits_with_chunking": false, "event_id": 62, "logits_dtype": "none", "logits_saved_bytes": 0, "peak_allocated_bytes": 4355667968, "peak_increment_bytes": 99347456, "pipeline_parallel_size": 2, "projected_rows": 4279, "rank": 6, "response_only_enabled": true, "role": "actor", "selected_rows": 4279, "tensor_parallel_size": 2, "vocab_shard": 75968}
[36m(WorkerDict pid=263347)[0m WARNING:2026-09-11 14:02:34,400:VERL_RESPONSE_ONLY_LM_HEAD_PROFILE {"active_ratio": 0.5457908163265306, "actual_logits_bytes": 0, "allocated_before_bytes": 4256320512, "backend": "fused", "calculate_entropy": true, "calculate_sum_pi_squared": false, "context_parallel_size": 2, "data_format": "thd", "dense_logits_bytes": 0, "dense_rows": 7840, "distillation_only": false, "elapsed_s": 0.1380262819584459, "element_size": 0, "entropy_from_logits_chunk_size": 2048, "entropy_from_logits_with_chunking": false, "event_id": 62, "logits_dtype": "none", "logits_saved_bytes": 0, "peak_allocated_bytes": 4355667968, "peak_increment_bytes": 99347456, "pipeline_parallel_size": 2, "projected_rows": 4279, "rank": 7, "response_only_enabled": true, "role": "actor", "selected_rows": 4279, "tensor_parallel_size": 2, "vocab_shard": 75968}
[36m(WorkerDict pid=263345)[0m WARNING:2026-09-11 14:02:34,756:VERL_RESPONSE_ONLY_LM_HEAD_PROFILE {"active_ratio": 0.49910714285714286, "actual_logits_bytes": 0, "allocated_before_bytes": 4256447488, "backend": "fused", "calculate_entropy": true, "calculate_sum_pi_squared": false, "context_parallel_size": 2, "data_format": "thd", "dense_logits_bytes": 0, "dense_rows": 7840, "distillation_only": false, "elapsed_s": 0.1259700859664008, "element_size": 0, "entropy_from_logits_chunk_size": 2048, "entropy_from_logits_with_chunking": false, "event_id": 63, "logits_dtype": "none", "logits_saved_bytes": 0, "peak_allocated_bytes": 4352791040, "peak_increment_bytes": 96343552, "pipeline_parallel_size": 2, "projected_rows": 3913, "rank": 5, "response_only_enabled": true, "role": "actor", "selected_rows": 3913, "tensor_parallel_size": 2, "vocab_shard": 75968}
[36m(WorkerDict pid=263346)[0m WARNING:2026-09-11 14:02:34,767:VERL_RESPONSE_ONLY_LM_HEAD_PROFILE {"active_ratio": 0.5457908163265306, "actual_logits_bytes": 0, "allocated_before_bytes": 4256447488, "backend": "fused", "calculate_entropy": true, "calculate_sum_pi_squared": false, "context_parallel_size": 2, "data_format": "thd", "dense_logits_bytes": 0, "dense_rows": 7840, "distillation_only": false, "elapsed_s": 0.137030981015414, "element_size": 0, "entropy_from_logits_chunk_size": 2048, "entropy_from_logits_with_chunking": false, "event_id": 63, "logits_dtype": "none", "logits_saved_bytes": 0, "peak_allocated_bytes": 4355794944, "peak_increment_bytes": 99347456, "pipeline_parallel_size": 2, "projected_rows": 4279, "rank": 6, "response_only_enabled": true, "role": "actor", "selected_rows": 4279, "tensor_parallel_size": 2, "vocab_shard": 75968}
[36m(WorkerDict pid=263347)[0m WARNING:2026-09-11 14:02:34,767:VERL_RESPONSE_ONLY_LM_HEAD_PROFILE {"active_ratio": 0.5457908163265306, "actual_logits_bytes": 0, "allocated_before_bytes": 4256447488, "backend": "fused", "calculate_entropy": true, "calculate_sum_pi_squared": false, "context_parallel_size": 2, "data_format": "thd", "dense_logits_bytes": 0, "dense_rows": 7840, "distillation_only": false, "elapsed_s": 0.1370411909883842, "element_size": 0, "entropy_from_logits_chunk_size": 2048, "entropy_from_logits_with_chunking": false, "event_id": 63, "logits_dtype": "none", "logits_saved_bytes": 0, "peak_allocated_bytes": 4355794944, "peak_increment_bytes": 99347456, "pipeline_parallel_size": 2, "projected_rows": 4279, "rank": 7, "response_only_enabled": true, "role": "actor", "selected_rows": 4279, "tensor_parallel_size": 2, "vocab_shard": 75968}
[36m(WorkerDict pid=263345)[0m WARNING:2026-09-11 14:02:40,013:VERL_RESPONSE_ONLY_LM_HEAD_PROFILE {"active_ratio": 0.4992350841407445, "actual_logits_bytes": 0, "allocated_before_bytes": 4262728192, "backend": "fused", "calculate_entropy": false, "calculate_sum_pi_squared": false, "context_parallel_size": 2, "data_format": "thd", "dense_logits_bytes": 0, "dense_rows": 7844, "distillation_only": false, "elapsed_s": 0.12561376602388918, "element_size": 0, "entropy_from_logits_chunk_size": 2048, "entropy_from_logits_with_chunking": false, "event_id": 64, "logits_dtype": "none", "logits_saved_bytes": 0, "peak_allocated_bytes": 4359129088, "peak_increment_bytes": 96400896, "pipeline_parallel_size": 2, "projected_rows": 3916, "rank": 5, "response_only_enabled": true, "role": "ref", "selected_rows": 3916, "tensor_parallel_size": 2, "vocab_shard": 75968}
[36m(WorkerDict pid=263346)[0m WARNING:2026-09-11 14:02:40,026:VERL_RESPONSE_ONLY_LM_HEAD_PROFILE {"active_ratio": 0.5451300356960734, "actual_logits_bytes": 0, "allocated_before_bytes": 4262728192, "backend": "fused", "calculate_entropy": false, "calculate_sum_pi_squared": false, "context_parallel_size": 2, "data_format": "thd", "dense_logits_bytes": 0, "dense_rows": 7844, "distillation_only": false, "elapsed_s": 0.1377826010575518, "element_size": 0, "entropy_from_logits_chunk_size": 2048, "entropy_from_logits_with_chunking": false, "event_id": 64, "logits_dtype": "none", "logits_saved_bytes": 0, "peak_allocated_bytes": 4362083840, "peak_increment_bytes": 99355648, "pipeline_parallel_size": 2, "projected_rows": 4276, "rank": 6, "response_only_enabled": true, "role": "ref", "selected_rows": 4276, "tensor_parallel_size": 2, "vocab_shard": 75968}
[36m(WorkerDict pid=263347)[0m WARNING:2026-09-11 14:02:40,026:VERL_RESPONSE_ONLY_LM_HEAD_PROFILE {"active_ratio": 0.5451300356960734, "actual_logits_bytes": 0, "allocated_before_bytes": 4262728192, "backend": "fused", "calculate_entropy": false, "calculate_sum_pi_squared": false, "context_parallel_size": 2, "data_format": "thd", "dense_logits_bytes": 0, "dense_rows": 7844, "distillation_only": false, "elapsed_s": 0.13777025102172047, "element_size": 0, "entropy_from_logits_chunk_size": 2048, "entropy_from_logits_with_chunking": false, "event_id": 64, "logits_dtype": "none", "logits_saved_bytes": 0, "peak_allocated_bytes": 4362083840, "peak_increment_bytes": 99355648, "pipeline_parallel_size": 2, "projected_rows": 4276, "rank": 7, "response_only_enabled": true, "role": "ref", "selected_rows": 4276, "tensor_parallel_size": 2, "vocab_shard": 75968}
[36m(WorkerDict pid=263345)[0m WARNING:2026-09-11 14:02:40,382:VERL_RESPONSE_ONLY_LM_HEAD_PROFILE {"active_ratio": 0.4992350841407445, "actual_logits_bytes": 0, "allocated_before_bytes": 4262792192, "backend": "fused", "calculate_entropy": false, "calculate_sum_pi_squared": false, "context_parallel_size": 2, "data_format": "thd", "dense_logits_bytes": 0, "dense_rows": 7844, "distillation_only": false, "elapsed_s": 0.12558914604596794, "element_size": 0, "entropy_from_logits_chunk_size": 2048, "entropy_from_logits_with_chunking": false, "event_id": 65, "logits_dtype": "none", "logits_saved_bytes": 0, "peak_allocated_bytes": 4359193088, "peak_increment_bytes": 96400896, "pipeline_parallel_size": 2, "projected_rows": 3916, "rank": 5, "response_only_enabled": true, "role": "ref", "selected_rows": 3916, "tensor_parallel_size": 2, "vocab_shard": 75968}
[36m(WorkerDict pid=263346)[0m WARNING:2026-09-11 14:02:40,393:VERL_RESPONSE_ONLY_LM_HEAD_PROFILE {"active_ratio": 0.5451300356960734, "actual_logits_bytes": 0, "allocated_before_bytes": 4262792192, "backend": "fused", "calculate_entropy": false, "calculate_sum_pi_squared": false, "context_parallel_size": 2, "data_format": "thd", "dense_logits_bytes": 0, "dense_rows": 7844, "distillation_only": false, "elapsed_s": 0.13675049098674208, "element_size": 0, "entropy_from_logits_chunk_size": 2048, "entropy_from_logits_with_chunking": false, "event_id": 65, "logits_dtype": "none", "logits_saved_bytes": 0, "peak_allocated_bytes": 4362147840, "peak_increment_bytes": 99355648, "pipeline_parallel_size": 2, "projected_rows": 4276, "rank": 6, "response_only_enabled": true, "role": "ref", "selected_rows": 4276, "tensor_parallel_size": 2, "vocab_shard": 75968}
[36m(WorkerDict pid=263347)[0m WARNING:2026-09-11 14:02:40,393:VERL_RESPONSE_ONLY_LM_HEAD_PROFILE {"active_ratio": 0.5451300356960734, "actual_logits_bytes": 0, "allocated_before_bytes": 4262792192, "backend": "fused", "calculate_entropy": false, "calculate_sum_pi_squared": false, "context_parallel_size": 2, "data_format": "thd", "dense_logits_bytes": 0, "dense_rows": 7844, "distillation_only": false, "elapsed_s": 0.1367197809740901, "element_size": 0, "entropy_from_logits_chunk_size": 2048, "entropy_from_logits_with_chunking": false, "event_id": 65, "logits_dtype": "none", "logits_saved_bytes": 0, "peak_allocated_bytes": 4362147840, "peak_increment_bytes": 99355648, "pipeline_parallel_size": 2, "projected_rows": 4276, "rank": 7, "response_only_enabled": true, "role": "ref", "selected_rows": 4276, "tensor_parallel_size": 2, "vocab_shard": 75968}
[36m(WorkerDict pid=263345)[0m WARNING:2026-09-11 14:02:40,748:VERL_RESPONSE_ONLY_LM_HEAD_PROFILE {"active_ratio": 0.4992350841407445, "actual_logits_bytes": 0, "allocated_before_bytes": 4262855680, "backend": "fused", "calculate_entropy": false, "calculate_sum_pi_squared": false, "context_parallel_size": 2, "data_format": "thd", "dense_logits_bytes": 0, "dense_rows": 7844, "distillation_only": false, "elapsed_s": 0.12513335596304387, "element_size": 0, "entropy_from_logits_chunk_size": 2048, "entropy_from_logits_with_chunking": false, "event_id": 66, "logits_dtype": "none", "logits_saved_bytes": 0, "peak_allocated_bytes": 4359256576, "peak_increment_bytes": 96400896, "pipeline_parallel_size": 2, "projected_rows": 3916, "rank": 5, "response_only_enabled": true, "role": "ref", "selected_rows": 3916, "tensor_parallel_size": 2, "vocab_shard": 75968}
[36m(WorkerDict pid=263346)[0m WARNING:2026-09-11 14:02:40,760:VERL_RESPONSE_ONLY_LM_HEAD_PROFILE {"active_ratio": 0.5451300356960734, "actual_logits_bytes": 0, "allocated_before_bytes": 4262855680, "backend": "fused", "calculate_entropy": false, "calculate_sum_pi_squared": false, "context_parallel_size": 2, "data_format": "thd", "dense_logits_bytes": 0, "dense_rows": 7844, "distillation_only": false, "elapsed_s": 0.13709125097375363, "element_size": 0, "entropy_from_logits_chunk_size": 2048, "entropy_from_logits_with_chunking": false, "event_id": 66, "logits_dtype": "none", "logits_saved_bytes": 0, "peak_allocated_bytes": 4362211328, "peak_increment_bytes": 99355648, "pipeline_parallel_size": 2, "projected_rows": 4276, "rank": 6, "response_only_enabled": true, "role": "ref", "selected_rows": 4276, "tensor_parallel_size": 2, "vocab_shard": 75968}
[36m(WorkerDict pid=263347)[0m WARNING:2026-09-11 14:02:40,760:VERL_RESPONSE_ONLY_LM_HEAD_PROFILE {"active_ratio": 0.5451300356960734, "actual_logits_bytes": 0, "allocated_before_bytes": 4262855680, "backend": "fused", "calculate_entropy": false, "calculate_sum_pi_squared": false, "context_parallel_size": 2, "data_format": "thd", "dense_logits_bytes": 0, "dense_rows": 7844, "distillation_only": false, "elapsed_s": 0.13715014106128365, "element_size": 0, "entropy_from_logits_chunk_size": 2048, "entropy_from_logits_with_chunking": false, "event_id": 66, "logits_dtype": "none", "logits_saved_bytes": 0, "peak_allocated_bytes": 4362211328, "peak_increment_bytes": 99355648, "pipeline_parallel_size": 2, "projected_rows": 4276, "rank": 7, "response_only_enabled": true, "role": "ref", "selected_rows": 4276, "tensor_parallel_size": 2, "vocab_shard": 75968}
[36m(WorkerDict pid=263345)[0m WARNING:2026-09-11 14:02:41,115:VERL_RESPONSE_ONLY_LM_HEAD_PROFILE {"active_ratio": 0.4992350841407445, "actual_logits_bytes": 0, "allocated_before_bytes": 4262919168, "backend": "fused", "calculate_entropy": false, "calculate_sum_pi_squared": false, "context_parallel_size": 2, "data_format": "thd", "dense_logits_bytes": 0, "dense_rows": 7844, "distillation_only": false, "elapsed_s": 0.1248285360634327, "element_size": 0, "entropy_from_logits_chunk_size": 2048, "entropy_from_logits_with_chunking": false, "event_id": 67, "logits_dtype": "none", "logits_saved_bytes": 0, "peak_allocated_bytes": 4359320064, "peak_increment_bytes": 96400896, "pipeline_parallel_size": 2, "projected_rows": 3916, "rank": 5, "response_only_enabled": true, "role": "ref", "selected_rows": 3916, "tensor_parallel_size": 2, "vocab_shard": 75968}
[36m(WorkerDict pid=263346)[0m WARNING:2026-09-11 14:02:41,128:VERL_RESPONSE_ONLY_LM_HEAD_PROFILE {"active_ratio": 0.5451300356960734, "actual_logits_bytes": 0, "allocated_before_bytes": 4262919168, "backend": "fused", "calculate_entropy": false, "calculate_sum_pi_squared": false, "context_parallel_size": 2, "data_format": "thd", "dense_logits_bytes": 0, "dense_rows": 7844, "distillation_only": false, "elapsed_s": 0.1378837019437924, "element_size": 0, "entropy_from_logits_chunk_size": 2048, "entropy_from_logits_with_chunking": false, "event_id": 67, "logits_dtype": "none", "logits_saved_bytes": 0, "peak_allocated_bytes": 4362274816, "peak_increment_bytes": 99355648, "pipeline_parallel_size": 2, "projected_rows": 4276, "rank": 6, "response_only_enabled": true, "role": "ref", "selected_rows": 4276, "tensor_parallel_size": 2, "vocab_shard": 75968}
[36m(WorkerDict pid=263347)[0m WARNING:2026-09-11 14:02:41,128:VERL_RESPONSE_ONLY_LM_HEAD_PROFILE {"active_ratio": 0.5451300356960734, "actual_logits_bytes": 0, "allocated_before_bytes": 4262919168, "backend": "fused", "calculate_entropy": false, "calculate_sum_pi_squared": false, "context_parallel_size": 2, "data_format": "thd", "dense_logits_bytes": 0, "dense_rows": 7844, "distillation_only": false, "elapsed_s": 0.13791958196088672, "element_size": 0, "entropy_from_logits_chunk_size": 2048, "entropy_from_logits_with_chunking": false, "event_id": 67, "logits_dtype": "none", "logits_saved_bytes": 0, "peak_allocated_bytes": 4362274816, "peak_increment_bytes": 99355648, "pipeline_parallel_size": 2, "projected_rows": 4276, "rank": 7, "response_only_enabled": true, "role": "ref", "selected_rows": 4276, "tensor_parallel_size": 2, "vocab_shard": 75968}
[36m(WorkerDict pid=263345)[0m WARNING:2026-09-11 14:02:41,526:VERL_RESPONSE_ONLY_LM_HEAD_PROFILE {"active_ratio": 0.49938514510575505, "actual_logits_bytes": 0, "allocated_before_bytes": 4273695744, "backend": "fused", "calculate_entropy": false, "calculate_sum_pi_squared": false, "context_parallel_size": 2, "data_format": "thd", "dense_logits_bytes": 0, "dense_rows": 8132, "distillation_only": false, "elapsed_s": 0.12907927809283137, "element_size": 0, "entropy_from_logits_chunk_size": 2048, "entropy_from_logits_with_chunking": false, "event_id": 68, "logits_dtype": "none", "logits_saved_bytes": 0, "peak_allocated_bytes": 4373645824, "peak_increment_bytes": 99950080, "pipeline_parallel_size": 2, "projected_rows": 4061, "rank": 5, "response_only_enabled": true, "role": "ref", "selected_rows": 4061, "tensor_parallel_size": 2, "vocab_shard": 75968}
[36m(WorkerDict pid=263346)[0m WARNING:2026-09-11 14:02:41,530:VERL_RESPONSE_ONLY_LM_HEAD_PROFILE {"active_ratio": 0.5079931136251845, "actual_logits_bytes": 0, "allocated_before_bytes": 4273695744, "backend": "fused", "calculate_entropy": false, "calculate_sum_pi_squared": false, "context_parallel_size": 2, "data_format": "thd", "dense_logits_bytes": 0, "dense_rows": 8132, "distillation_only": false, "elapsed_s": 0.13256646902300417, "element_size": 0, "entropy_from_logits_chunk_size": 2048, "entropy_from_logits_with_chunking": false, "event_id": 68, "logits_dtype": "none", "logits_saved_bytes": 0, "peak_allocated_bytes": 4374220800, "peak_increment_bytes": 100525056, "pipeline_parallel_size": 2, "projected_rows": 4131, "rank": 6, "response_only_enabled": true, "role": "ref", "selected_rows": 4131, "tensor_parallel_size": 2, "vocab_shard": 75968}
[36m(WorkerDict pid=263347)[0m WARNING:2026-09-11 14:02:41,530:VERL_RESPONSE_ONLY_LM_HEAD_PROFILE {"active_ratio": 0.5079931136251845, "actual_logits_bytes": 0, "allocated_before_bytes": 4273695744, "backend": "fused", "calculate_entropy": false, "calculate_sum_pi_squared": false, "context_parallel_size": 2, "data_format": "thd", "dense_logits_bytes": 0, "dense_rows": 8132, "distillation_only": false, "elapsed_s": 0.1326257090549916, "element_size": 0, "entropy_from_logits_chunk_size": 2048, "entropy_from_logits_with_chunking": false, "event_id": 68, "logits_dtype": "none", "logits_saved_bytes": 0, "peak_allocated_bytes": 4374220800, "peak_increment_bytes": 100525056, "pipeline_parallel_size": 2, "projected_rows": 4131, "rank": 7, "response_only_enabled": true, "role": "ref", "selected_rows": 4131, "tensor_parallel_size": 2, "vocab_shard": 75968}
[36m(WorkerDict pid=263345)[0m WARNING:2026-09-11 14:02:41,897:VERL_RESPONSE_ONLY_LM_HEAD_PROFILE {"active_ratio": 0.49938514510575505, "actual_logits_bytes": 0, "allocated_before_bytes": 4273761792, "backend": "fused", "calculate_entropy": false, "calculate_sum_pi_squared": false, "context_parallel_size": 2, "data_format": "thd", "dense_logits_bytes": 0, "dense_rows": 8132, "distillation_only": false, "elapsed_s": 0.12895750696770847, "element_size": 0, "entropy_from_logits_chunk_size": 2048, "entropy_from_logits_with_chunking": false, "event_id": 69, "logits_dtype": "none", "logits_saved_bytes": 0, "peak_allocated_bytes": 4373711872, "peak_increment_bytes": 99950080, "pipeline_parallel_size": 2, "projected_rows": 4061, "rank": 5, "response_only_enabled": true, "role": "ref", "selected_rows": 4061, "tensor_parallel_size": 2, "vocab_shard": 75968}
[36m(WorkerDict pid=263346)[0m WARNING:2026-09-11 14:02:41,901:VERL_RESPONSE_ONLY_LM_HEAD_PROFILE {"active_ratio": 0.5079931136251845, "actual_logits_bytes": 0, "allocated_before_bytes": 4273761792, "backend": "fused", "calculate_entropy": false, "calculate_sum_pi_squared": false, "context_parallel_size": 2, "data_format": "thd", "dense_logits_bytes": 0, "dense_rows": 8132, "distillation_only": false, "elapsed_s": 0.13217927899677306, "element_size": 0, "entropy_from_logits_chunk_size": 2048, "entropy_from_logits_with_chunking": false, "event_id": 69, "logits_dtype": "none", "logits_saved_bytes": 0, "peak_allocated_bytes": 4374286848, "peak_increment_bytes": 100525056, "pipeline_parallel_size": 2, "projected_rows": 4131, "rank": 6, "response_only_enabled": true, "role": "ref", "selected_rows": 4131, "tensor_parallel_size": 2, "vocab_shard": 75968}
[36m(WorkerDict pid=263347)[0m WARNING:2026-09-11 14:02:41,901:VERL_RESPONSE_ONLY_LM_HEAD_PROFILE {"active_ratio": 0.5079931136251845, "actual_logits_bytes": 0, "allocated_before_bytes": 4273761792, "backend": "fused", "calculate_entropy": false, "calculate_sum_pi_squared": false, "context_parallel_size": 2, "data_format": "thd", "dense_logits_bytes": 0, "dense_rows": 8132, "distillation_only": false, "elapsed_s": 0.13220403890591115, "element_size": 0, "entropy_from_logits_chunk_size": 2048, "entropy_from_logits_with_chunking": false, "event_id": 69, "logits_dtype": "none", "logits_saved_bytes": 0, "peak_allocated_bytes": 4374286848, "peak_increment_bytes": 100525056, "pipeline_parallel_size": 2, "projected_rows": 4131, "rank": 7, "response_only_enabled": true, "role": "ref", "selected_rows": 4131, "tensor_parallel_size": 2, "vocab_shard": 75968}
[36m(WorkerDict pid=263345)[0m WARNING:2026-09-11 14:02:42,269:VERL_RESPONSE_ONLY_LM_HEAD_PROFILE {"active_ratio": 0.49938514510575505, "actual_logits_bytes": 0, "allocated_before_bytes": 4273827840, "backend": "fused", "calculate_entropy": false, "calculate_sum_pi_squared": false, "context_parallel_size": 2, "data_format": "thd", "dense_logits_bytes": 0, "dense_rows": 8132, "distillation_only": false, "elapsed_s": 0.12990809802431613, "element_size": 0, "entropy_from_logits_chunk_size": 2048, "entropy_from_logits_with_chunking": false, "event_id": 70, "logits_dtype": "none", "logits_saved_bytes": 0, "peak_allocated_bytes": 4373777920, "peak_increment_bytes": 99950080, "pipeline_parallel_size": 2, "projected_rows": 4061, "rank": 5, "response_only_enabled": true, "role": "ref", "selected_rows": 4061, "tensor_parallel_size": 2, "vocab_shard": 75968}
[36m(WorkerDict pid=263346)[0m WARNING:2026-09-11 14:02:42,271:VERL_RESPONSE_ONLY_LM_HEAD_PROFILE {"active_ratio": 0.5079931136251845, "actual_logits_bytes": 0, "allocated_before_bytes": 4273827840, "backend": "fused", "calculate_entropy": false, "calculate_sum_pi_squared": false, "context_parallel_size": 2, "data_format": "thd", "dense_logits_bytes": 0, "dense_rows": 8132, "distillation_only": false, "elapsed_s": 0.13227299903519452, "element_size": 0, "entropy_from_logits_chunk_size": 2048, "entropy_from_logits_with_chunking": false, "event_id": 70, "logits_dtype": "none", "logits_saved_bytes": 0, "peak_allocated_bytes": 4374352896, "peak_increment_bytes": 100525056, "pipeline_parallel_size": 2, "projected_rows": 4131, "rank": 6, "response_only_enabled": true, "role": "ref", "selected_rows": 4131, "tensor_parallel_size": 2, "vocab_shard": 75968}
[36m(WorkerDict pid=263347)[0m WARNING:2026-09-11 14:02:42,272:VERL_RESPONSE_ONLY_LM_HEAD_PROFILE {"active_ratio": 0.5079931136251845, "actual_logits_bytes": 0, "allocated_before_bytes": 4273827840, "backend": "fused", "calculate_entropy": false, "calculate_sum_pi_squared": false, "context_parallel_size": 2, "data_format": "thd", "dense_logits_bytes": 0, "dense_rows": 8132, "distillation_only": false, "elapsed_s": 0.1322495489148423, "element_size": 0, "entropy_from_logits_chunk_size": 2048, "entropy_from_logits_with_chunking": false, "event_id": 70, "logits_dtype": "none", "logits_saved_bytes": 0, "peak_allocated_bytes": 4374352896, "peak_increment_bytes": 100525056, "pipeline_parallel_size": 2, "projected_rows": 4131, "rank": 7, "response_only_enabled": true, "role": "ref", "selected_rows": 4131, "tensor_parallel_size": 2, "vocab_shard": 75968}
[36m(WorkerDict pid=263345)[0m WARNING:2026-09-11 14:02:42,638:VERL_RESPONSE_ONLY_LM_HEAD_PROFILE {"active_ratio": 0.49938514510575505, "actual_logits_bytes": 0, "allocated_before_bytes": 4273893888, "backend": "fused", "calculate_entropy": false, "calculate_sum_pi_squared": false, "context_parallel_size": 2, "data_format": "thd", "dense_logits_bytes": 0, "dense_rows": 8132, "distillation_only": false, "elapsed_s": 0.12890796805731952, "element_size": 0, "entropy_from_logits_chunk_size": 2048, "entropy_from_logits_with_chunking": false, "event_id": 71, "logits_dtype": "none", "logits_saved_bytes": 0, "peak_allocated_bytes": 4373843968, "peak_increment_bytes": 99950080, "pipeline_parallel_size": 2, "projected_rows": 4061, "rank": 5, "response_only_enabled": true, "role": "ref", "selected_rows": 4061, "tensor_parallel_size": 2, "vocab_shard": 75968}
[36m(WorkerDict pid=263346)[0m WARNING:2026-09-11 14:02:42,642:VERL_RESPONSE_ONLY_LM_HEAD_PROFILE {"active_ratio": 0.5079931136251845, "actual_logits_bytes": 0, "allocated_before_bytes": 4273893888, "backend": "fused", "calculate_entropy": false, "calculate_sum_pi_squared": false, "context_parallel_size": 2, "data_format": "thd", "dense_logits_bytes": 0, "dense_rows": 8132, "distillation_only": false, "elapsed_s": 0.13257692905608565, "element_size": 0, "entropy_from_logits_chunk_size": 2048, "entropy_from_logits_with_chunking": false, "event_id": 71, "logits_dtype": "none", "logits_saved_bytes": 0, "peak_allocated_bytes": 4374418944, "peak_increment_bytes": 100525056, "pipeline_parallel_size": 2, "projected_rows": 4131, "rank": 6, "response_only_enabled": true, "role": "ref", "selected_rows": 4131, "tensor_parallel_size": 2, "vocab_shard": 75968}
[36m(WorkerDict pid=263347)[0m WARNING:2026-09-11 14:02:42,642:VERL_RESPONSE_ONLY_LM_HEAD_PROFILE {"active_ratio": 0.5079931136251845, "actual_logits_bytes": 0, "allocated_before_bytes": 4273893888, "backend": "fused", "calculate_entropy": false, "calculate_sum_pi_squared": false, "context_parallel_size": 2, "data_format": "thd", "dense_logits_bytes": 0, "dense_rows": 8132, "distillation_only": false, "elapsed_s": 0.13256978895515203, "element_size": 0, "entropy_from_logits_chunk_size": 2048, "entropy_from_logits_with_chunking": false, "event_id": 71, "logits_dtype": "none", "logits_saved_bytes": 0, "peak_allocated_bytes": 4374418944, "peak_increment_bytes": 100525056, "pipeline_parallel_size": 2, "projected_rows": 4131, "rank": 7, "response_only_enabled": true, "role": "ref", "selected_rows": 4131, "tensor_parallel_size": 2, "vocab_shard": 75968}
[36m(WorkerDict pid=263345)[0m WARNING:2026-09-11 14:02:43,000:VERL_RESPONSE_ONLY_LM_HEAD_PROFILE {"active_ratio": 0.4992350841407445, "actual_logits_bytes": 0, "allocated_before_bytes": 4271574016, "backend": "fused", "calculate_entropy": false, "calculate_sum_pi_squared": false, "context_parallel_size": 2, "data_format": "thd", "dense_logits_bytes": 0, "dense_rows": 7844, "distillation_only": false, "elapsed_s": 0.12543763604480773, "element_size": 0, "entropy_from_logits_chunk_size": 2048, "entropy_from_logits_with_chunking": false, "event_id": 72, "logits_dtype": "none", "logits_saved_bytes": 0, "peak_allocated_bytes": 4367974912, "peak_increment_bytes": 96400896, "pipeline_parallel_size": 2, "projected_rows": 3916, "rank": 5, "response_only_enabled": true, "role": "ref", "selected_rows": 3916, "tensor_parallel_size": 2, "vocab_shard": 75968}
[36m(WorkerDict pid=263346)[0m WARNING:2026-09-11 14:02:43,012:VERL_RESPONSE_ONLY_LM_HEAD_PROFILE {"active_ratio": 0.5451300356960734, "actual_logits_bytes": 0, "allocated_before_bytes": 4271574016, "backend": "fused", "calculate_entropy": false, "calculate_sum_pi_squared": false, "context_parallel_size": 2, "data_format": "thd", "dense_logits_bytes": 0, "dense_rows": 7844, "distillation_only": false, "elapsed_s": 0.13722445210441947, "element_size": 0, "entropy_from_logits_chunk_size": 2048, "entropy_from_logits_with_chunking": false, "event_id": 72, "logits_dtype": "none", "logits_saved_bytes": 0, "peak_allocated_bytes": 4370929664, "peak_increment_bytes": 99355648, "pipeline_parallel_size": 2, "projected_rows": 4276, "rank": 6, "response_only_enabled": true, "role": "ref", "selected_rows": 4276, "tensor_parallel_size": 2, "vocab_shard": 75968}
[36m(WorkerDict pid=263347)[0m WARNING:2026-09-11 14:02:43,012:VERL_RESPONSE_ONLY_LM_HEAD_PROFILE {"active_ratio": 0.5451300356960734, "actual_logits_bytes": 0, "allocated_before_bytes": 4271574016, "backend": "fused", "calculate_entropy": false, "calculate_sum_pi_squared": false, "context_parallel_size": 2, "data_format": "thd", "dense_logits_bytes": 0, "dense_rows": 7844, "distillation_only": false, "elapsed_s": 0.13730977207887918, "element_size": 0, "entropy_from_logits_chunk_size": 2048, "entropy_from_logits_with_chunking": false, "event_id": 72, "logits_dtype": "none", "logits_saved_bytes": 0, "peak_allocated_bytes": 4370929664, "peak_increment_bytes": 99355648, "pipeline_parallel_size": 2, "projected_rows": 4276, "rank": 7, "response_only_enabled": true, "role": "ref", "selected_rows": 4276, "tensor_parallel_size": 2, "vocab_shard": 75968}
[36m(WorkerDict pid=263345)[0m WARNING:2026-09-11 14:02:43,368:VERL_RESPONSE_ONLY_LM_HEAD_PROFILE {"active_ratio": 0.4992350841407445, "actual_logits_bytes": 0, "allocated_before_bytes": 4271637504, "backend": "fused", "calculate_entropy": false, "calculate_sum_pi_squared": false, "context_parallel_size": 2, "data_format": "thd", "dense_logits_bytes": 0, "dense_rows": 7844, "distillation_only": false, "elapsed_s": 0.1254931460134685, "element_size": 0, "entropy_from_logits_chunk_size": 2048, "entropy_from_logits_with_chunking": false, "event_id": 73, "logits_dtype": "none", "logits_saved_bytes": 0, "peak_allocated_bytes": 4368038400, "peak_increment_bytes": 96400896, "pipeline_parallel_size": 2, "projected_rows": 3916, "rank": 5, "response_only_enabled": true, "role": "ref", "selected_rows": 3916, "tensor_parallel_size": 2, "vocab_shard": 75968}
[36m(WorkerDict pid=263346)[0m WARNING:2026-09-11 14:02:43,380:VERL_RESPONSE_ONLY_LM_HEAD_PROFILE {"active_ratio": 0.5451300356960734, "actual_logits_bytes": 0, "allocated_before_bytes": 4271637504, "backend": "fused", "calculate_entropy": false, "calculate_sum_pi_squared": false, "context_parallel_size": 2, "data_format": "thd", "dense_logits_bytes": 0, "dense_rows": 7844, "distillation_only": false, "elapsed_s": 0.13750208099372685, "element_size": 0, "entropy_from_logits_chunk_size": 2048, "entropy_from_logits_with_chunking": false, "event_id": 73, "logits_dtype": "none", "logits_saved_bytes": 0, "peak_allocated_bytes": 4370993152, "peak_increment_bytes": 99355648, "pipeline_parallel_size": 2, "projected_rows": 4276, "rank": 6, "response_only_enabled": true, "role": "ref", "selected_rows": 4276, "tensor_parallel_size": 2, "vocab_shard": 75968}
[36m(WorkerDict pid=263347)[0m WARNING:2026-09-11 14:02:43,380:VERL_RESPONSE_ONLY_LM_HEAD_PROFILE {"active_ratio": 0.5451300356960734, "actual_logits_bytes": 0, "allocated_before_bytes": 4271637504, "backend": "fused", "calculate_entropy": false, "calculate_sum_pi_squared": false, "context_parallel_size": 2, "data_format": "thd", "dense_logits_bytes": 0, "dense_rows": 7844, "distillation_only": false, "elapsed_s": 0.1374717210419476, "element_size": 0, "entropy_from_logits_chunk_size": 2048, "entropy_from_logits_with_chunking": false, "event_id": 73, "logits_dtype": "none", "logits_saved_bytes": 0, "peak_allocated_bytes": 4370993152, "peak_increment_bytes": 99355648, "pipeline_parallel_size": 2, "projected_rows": 4276, "rank": 7, "response_only_enabled": true, "role": "ref", "selected_rows": 4276, "tensor_parallel_size": 2, "vocab_shard": 75968}
[36m(WorkerDict pid=263345)[0m WARNING:2026-09-11 14:02:43,736:VERL_RESPONSE_ONLY_LM_HEAD_PROFILE {"active_ratio": 0.4992350841407445, "actual_logits_bytes": 0, "allocated_before_bytes": 4271700992, "backend": "fused", "calculate_entropy": false, "calculate_sum_pi_squared": false, "context_parallel_size": 2, "data_format": "thd", "dense_logits_bytes": 0, "dense_rows": 7844, "distillation_only": false, "elapsed_s": 0.12547378602903336, "element_size": 0, "entropy_from_logits_chunk_size": 2048, "entropy_from_logits_with_chunking": false, "event_id": 74, "logits_dtype": "none", "logits_saved_bytes": 0, "peak_allocated_bytes": 4368101888, "peak_increment_bytes": 96400896, "pipeline_parallel_size": 2, "projected_rows": 3916, "rank": 5, "response_only_enabled": true, "role": "ref", "selected_rows": 3916, "tensor_parallel_size": 2, "vocab_shard": 75968}
[36m(WorkerDict pid=263346)[0m WARNING:2026-09-11 14:02:43,748:VERL_RESPONSE_ONLY_LM_HEAD_PROFILE {"active_ratio": 0.5451300356960734, "actual_logits_bytes": 0, "allocated_before_bytes": 4271700992, "backend": "fused", "calculate_entropy": false, "calculate_sum_pi_squared": false, "context_parallel_size": 2, "data_format": "thd", "dense_logits_bytes": 0, "dense_rows": 7844, "distillation_only": false, "elapsed_s": 0.13736042194068432, "element_size": 0, "entropy_from_logits_chunk_size": 2048, "entropy_from_logits_with_chunking": false, "event_id": 74, "logits_dtype": "none", "logits_saved_bytes": 0, "peak_allocated_bytes": 4371056640, "peak_increment_bytes": 99355648, "pipeline_parallel_size": 2, "projected_rows": 4276, "rank": 6, "response_only_enabled": true, "role": "ref", "selected_rows": 4276, "tensor_parallel_size": 2, "vocab_shard": 75968}
[36m(WorkerDict pid=263347)[0m WARNING:2026-09-11 14:02:43,748:VERL_RESPONSE_ONLY_LM_HEAD_PROFILE {"active_ratio": 0.5451300356960734, "actual_logits_bytes": 0, "allocated_before_bytes": 4271700992, "backend": "fused", "calculate_entropy": false, "calculate_sum_pi_squared": false, "context_parallel_size": 2, "data_format": "thd", "dense_logits_bytes": 0, "dense_rows": 7844, "distillation_only": false, "elapsed_s": 0.13755342201329768, "element_size": 0, "entropy_from_logits_chunk_size": 2048, "entropy_from_logits_with_chunking": false, "event_id": 74, "logits_dtype": "none", "logits_saved_bytes": 0, "peak_allocated_bytes": 4371056640, "peak_increment_bytes": 99355648, "pipeline_parallel_size": 2, "projected_rows": 4276, "rank": 7, "response_only_enabled": true, "role": "ref", "selected_rows": 4276, "tensor_parallel_size": 2, "vocab_shard": 75968}
[36m(WorkerDict pid=263345)[0m WARNING:2026-09-11 14:02:44,104:VERL_RESPONSE_ONLY_LM_HEAD_PROFILE {"active_ratio": 0.4992350841407445, "actual_logits_bytes": 0, "allocated_before_bytes": 4271764480, "backend": "fused", "calculate_entropy": false, "calculate_sum_pi_squared": false, "context_parallel_size": 2, "data_format": "thd", "dense_logits_bytes": 0, "dense_rows": 7844, "distillation_only": false, "elapsed_s": 0.1255006460705772, "element_size": 0, "entropy_from_logits_chunk_size": 2048, "entropy_from_logits_with_chunking": false, "event_id": 75, "logits_dtype": "none", "logits_saved_bytes": 0, "peak_allocated_bytes": 4368165376, "peak_increment_bytes": 96400896, "pipeline_parallel_size": 2, "projected_rows": 3916, "rank": 5, "response_only_enabled": true, "role": "ref", "selected_rows": 3916, "tensor_parallel_size": 2, "vocab_shard": 75968}
[36m(WorkerDict pid=263346)[0m WARNING:2026-09-11 14:02:44,115:VERL_RESPONSE_ONLY_LM_HEAD_PROFILE {"active_ratio": 0.5451300356960734, "actual_logits_bytes": 0, "allocated_before_bytes": 4271764480, "backend": "fused", "calculate_entropy": false, "calculate_sum_pi_squared": false, "context_parallel_size": 2, "data_format": "thd", "dense_logits_bytes": 0, "dense_rows": 7844, "distillation_only": false, "elapsed_s": 0.13672522106207907, "element_size": 0, "entropy_from_logits_chunk_size": 2048, "entropy_from_logits_with_chunking": false, "event_id": 75, "logits_dtype": "none", "logits_saved_bytes": 0, "peak_allocated_bytes": 4371120128, "peak_increment_bytes": 99355648, "pipeline_parallel_size": 2, "projected_rows": 4276, "rank": 6, "response_only_enabled": true, "role": "ref", "selected_rows": 4276, "tensor_parallel_size": 2, "vocab_shard": 75968}
[36m(WorkerDict pid=263347)[0m WARNING:2026-09-11 14:02:44,115:VERL_RESPONSE_ONLY_LM_HEAD_PROFILE {"active_ratio": 0.5451300356960734, "actual_logits_bytes": 0, "allocated_before_bytes": 4271764480, "backend": "fused", "calculate_entropy": false, "calculate_sum_pi_squared": false, "context_parallel_size": 2, "data_format": "thd", "dense_logits_bytes": 0, "dense_rows": 7844, "distillation_only": false, "elapsed_s": 0.13678102102130651, "element_size": 0, "entropy_from_logits_chunk_size": 2048, "entropy_from_logits_with_chunking": false, "event_id": 75, "logits_dtype": "none", "logits_saved_bytes": 0, "peak_allocated_bytes": 4371120128, "peak_increment_bytes": 99355648, "pipeline_parallel_size": 2, "projected_rows": 4276, "rank": 7, "response_only_enabled": true, "role": "ref", "selected_rows": 4276, "tensor_parallel_size": 2, "vocab_shard": 75968}
[36m(WorkerDict pid=263345)[0m WARNING:2026-09-11 14:02:44,473:VERL_RESPONSE_ONLY_LM_HEAD_PROFILE {"active_ratio": 0.49910714285714286, "actual_logits_bytes": 0, "allocated_before_bytes": 4271793152, "backend": "fused", "calculate_entropy": false, "calculate_sum_pi_squared": false, "context_parallel_size": 2, "data_format": "thd", "dense_logits_bytes": 0, "dense_rows": 7840, "distillation_only": false, "elapsed_s": 0.12622660701163113, "element_size": 0, "entropy_from_logits_chunk_size": 2048, "entropy_from_logits_with_chunking": false, "event_id": 76, "logits_dtype": "none", "logits_saved_bytes": 0, "peak_allocated_bytes": 4368136704, "peak_increment_bytes": 96343552, "pipeline_parallel_size": 2, "projected_rows": 3913, "rank": 5, "response_only_enabled": true, "role": "ref", "selected_rows": 3913, "tensor_parallel_size": 2, "vocab_shard": 75968}
[36m(WorkerDict pid=263346)[0m WARNING:2026-09-11 14:02:44,484:VERL_RESPONSE_ONLY_LM_HEAD_PROFILE {"active_ratio": 0.5457908163265306, "actual_logits_bytes": 0, "allocated_before_bytes": 4271793152, "backend": "fused", "calculate_entropy": false, "calculate_sum_pi_squared": false, "context_parallel_size": 2, "data_format": "thd", "dense_logits_bytes": 0, "dense_rows": 7840, "distillation_only": false, "elapsed_s": 0.1375487520126626, "element_size": 0, "entropy_from_logits_chunk_size": 2048, "entropy_from_logits_with_chunking": false, "event_id": 76, "logits_dtype": "none", "logits_saved_bytes": 0, "peak_allocated_bytes": 4371140608, "peak_increment_bytes": 99347456, "pipeline_parallel_size": 2, "projected_rows": 4279, "rank": 6, "response_only_enabled": true, "role": "ref", "selected_rows": 4279, "tensor_parallel_size": 2, "vocab_shard": 75968}
[36m(WorkerDict pid=263347)[0m WARNING:2026-09-11 14:02:44,484:VERL_RESPONSE_ONLY_LM_HEAD_PROFILE {"active_ratio": 0.5457908163265306, "actual_logits_bytes": 0, "allocated_before_bytes": 4271793152, "backend": "fused", "calculate_entropy": false, "calculate_sum_pi_squared": false, "context_parallel_size": 2, "data_format": "thd", "dense_logits_bytes": 0, "dense_rows": 7840, "distillation_only": false, "elapsed_s": 0.1374836720060557, "element_size": 0, "entropy_from_logits_chunk_size": 2048, "entropy_from_logits_with_chunking": false, "event_id": 76, "logits_dtype": "none", "logits_saved_bytes": 0, "peak_allocated_bytes": 4371140608, "peak_increment_bytes": 99347456, "pipeline_parallel_size": 2, "projected_rows": 4279, "rank": 7, "response_only_enabled": true, "role": "ref", "selected_rows": 4279, "tensor_parallel_size": 2, "vocab_shard": 75968}
[36m(WorkerDict pid=263345)[0m WARNING:2026-09-11 14:02:44,840:VERL_RESPONSE_ONLY_LM_HEAD_PROFILE {"active_ratio": 0.49910714285714286, "actual_logits_bytes": 0, "allocated_before_bytes": 4271856640, "backend": "fused", "calculate_entropy": false, "calculate_sum_pi_squared": false, "context_parallel_size": 2, "data_format": "thd", "dense_logits_bytes": 0, "dense_rows": 7840, "distillation_only": false, "elapsed_s": 0.1257186559960246, "element_size": 0, "entropy_from_logits_chunk_size": 2048, "entropy_from_logits_with_chunking": false, "event_id": 77, "logits_dtype": "none", "logits_saved_bytes": 0, "peak_allocated_bytes": 4368200192, "peak_increment_bytes": 96343552, "pipeline_parallel_size": 2, "projected_rows": 3913, "rank": 5, "response_only_enabled": true, "role": "ref", "selected_rows": 3913, "tensor_parallel_size": 2, "vocab_shard": 75968}
[36m(WorkerDict pid=263346)[0m WARNING:2026-09-11 14:02:44,851:VERL_RESPONSE_ONLY_LM_HEAD_PROFILE {"active_ratio": 0.5457908163265306, "actual_logits_bytes": 0, "allocated_before_bytes": 4271856640, "backend": "fused", "calculate_entropy": false, "calculate_sum_pi_squared": false, "context_parallel_size": 2, "data_format": "thd", "dense_logits_bytes": 0, "dense_rows": 7840, "distillation_only": false, "elapsed_s": 0.1371647110208869, "element_size": 0, "entropy_from_logits_chunk_size": 2048, "entropy_from_logits_with_chunking": false, "event_id": 77, "logits_dtype": "none", "logits_saved_bytes": 0, "peak_allocated_bytes": 4371204096, "peak_increment_bytes": 99347456, "pipeline_parallel_size": 2, "projected_rows": 4279, "rank": 6, "response_only_enabled": true, "role": "ref", "selected_rows": 4279, "tensor_parallel_size": 2, "vocab_shard": 75968}
[36m(WorkerDict pid=263347)[0m WARNING:2026-09-11 14:02:44,852:VERL_RESPONSE_ONLY_LM_HEAD_PROFILE {"active_ratio": 0.5457908163265306, "actual_logits_bytes": 0, "allocated_before_bytes": 4271856640, "backend": "fused", "calculate_entropy": false, "calculate_sum_pi_squared": false, "context_parallel_size": 2, "data_format": "thd", "dense_logits_bytes": 0, "dense_rows": 7840, "distillation_only": false, "elapsed_s": 0.13730667100753635, "element_size": 0, "entropy_from_logits_chunk_size": 2048, "entropy_from_logits_with_chunking": false, "event_id": 77, "logits_dtype": "none", "logits_saved_bytes": 0, "peak_allocated_bytes": 4371204096, "peak_increment_bytes": 99347456, "pipeline_parallel_size": 2, "projected_rows": 4279, "rank": 7, "response_only_enabled": true, "role": "ref", "selected_rows": 4279, "tensor_parallel_size": 2, "vocab_shard": 75968}
[36m(WorkerDict pid=263345)[0m WARNING:2026-09-11 14:02:45,207:VERL_RESPONSE_ONLY_LM_HEAD_PROFILE {"active_ratio": 0.49910714285714286, "actual_logits_bytes": 0, "allocated_before_bytes": 4271920128, "backend": "fused", "calculate_entropy": false, "calculate_sum_pi_squared": false, "context_parallel_size": 2, "data_format": "thd", "dense_logits_bytes": 0, "dense_rows": 7840, "distillation_only": false, "elapsed_s": 0.12565316597465426, "element_size": 0, "entropy_from_logits_chunk_size": 2048, "entropy_from_logits_with_chunking": false, "event_id": 78, "logits_dtype": "none", "logits_saved_bytes": 0, "peak_allocated_bytes": 4368263680, "peak_increment_bytes": 96343552, "pipeline_parallel_size": 2, "projected_rows": 3913, "rank": 5, "response_only_enabled": true, "role": "ref", "selected_rows": 3913, "tensor_parallel_size": 2, "vocab_shard": 75968}
[36m(WorkerDict pid=263346)[0m WARNING:2026-09-11 14:02:45,219:VERL_RESPONSE_ONLY_LM_HEAD_PROFILE {"active_ratio": 0.5457908163265306, "actual_logits_bytes": 0, "allocated_before_bytes": 4271920128, "backend": "fused", "calculate_entropy": false, "calculate_sum_pi_squared": false, "context_parallel_size": 2, "data_format": "thd", "dense_logits_bytes": 0, "dense_rows": 7840, "distillation_only": false, "elapsed_s": 0.13753373106010258, "element_size": 0, "entropy_from_logits_chunk_size": 2048, "entropy_from_logits_with_chunking": false, "event_id": 78, "logits_dtype": "none", "logits_saved_bytes": 0, "peak_allocated_bytes": 4371267584, "peak_increment_bytes": 99347456, "pipeline_parallel_size": 2, "projected_rows": 4279, "rank": 6, "response_only_enabled": true, "role": "ref", "selected_rows": 4279, "tensor_parallel_size": 2, "vocab_shard": 75968}
[36m(WorkerDict pid=263347)[0m WARNING:2026-09-11 14:02:45,219:VERL_RESPONSE_ONLY_LM_HEAD_PROFILE {"active_ratio": 0.5457908163265306, "actual_logits_bytes": 0, "allocated_before_bytes": 4271920128, "backend": "fused", "calculate_entropy": false, "calculate_sum_pi_squared": false, "context_parallel_size": 2, "data_format": "thd", "dense_logits_bytes": 0, "dense_rows": 7840, "distillation_only": false, "elapsed_s": 0.13753299100790173, "element_size": 0, "entropy_from_logits_chunk_size": 2048, "entropy_from_logits_with_chunking": false, "event_id": 78, "logits_dtype": "none", "logits_saved_bytes": 0, "peak_allocated_bytes": 4371267584, "peak_increment_bytes": 99347456, "pipeline_parallel_size": 2, "projected_rows": 4279, "rank": 7, "response_only_enabled": true, "role": "ref", "selected_rows": 4279, "tensor_parallel_size": 2, "vocab_shard": 75968}
[36m(WorkerDict pid=263345)[0m WARNING:2026-09-11 14:02:45,574:VERL_RESPONSE_ONLY_LM_HEAD_PROFILE {"active_ratio": 0.49910714285714286, "actual_logits_bytes": 0, "allocated_before_bytes": 4271983616, "backend": "fused", "calculate_entropy": false, "calculate_sum_pi_squared": false, "context_parallel_size": 2, "data_format": "thd", "dense_logits_bytes": 0, "dense_rows": 7840, "distillation_only": false, "elapsed_s": 0.12548244593199342, "element_size": 0, "entropy_from_logits_chunk_size": 2048, "entropy_from_logits_with_chunking": false, "event_id": 79, "logits_dtype": "none", "logits_saved_bytes": 0, "peak_allocated_bytes": 4368327168, "peak_increment_bytes": 96343552, "pipeline_parallel_size": 2, "projected_rows": 3913, "rank": 5, "response_only_enabled": true, "role": "ref", "selected_rows": 3913, "tensor_parallel_size": 2, "vocab_shard": 75968}
[36m(WorkerDict pid=263346)[0m WARNING:2026-09-11 14:02:45,587:VERL_RESPONSE_ONLY_LM_HEAD_PROFILE {"active_ratio": 0.5457908163265306, "actual_logits_bytes": 0, "allocated_before_bytes": 4271983616, "backend": "fused", "calculate_entropy": false, "calculate_sum_pi_squared": false, "context_parallel_size": 2, "data_format": "thd", "dense_logits_bytes": 0, "dense_rows": 7840, "distillation_only": false, "elapsed_s": 0.13839538197498769, "element_size": 0, "entropy_from_logits_chunk_size": 2048, "entropy_from_logits_with_chunking": false, "event_id": 79, "logits_dtype": "none", "logits_saved_bytes": 0, "peak_allocated_bytes": 4371331072, "peak_increment_bytes": 99347456, "pipeline_parallel_size": 2, "projected_rows": 4279, "rank": 6, "response_only_enabled": true, "role": "ref", "selected_rows": 4279, "tensor_parallel_size": 2, "vocab_shard": 75968}
[36m(WorkerDict pid=263347)[0m WARNING:2026-09-11 14:02:45,587:VERL_RESPONSE_ONLY_LM_HEAD_PROFILE {"active_ratio": 0.5457908163265306, "actual_logits_bytes": 0, "allocated_before_bytes": 4271983616, "backend": "fused", "calculate_entropy": false, "calculate_sum_pi_squared": false, "context_parallel_size": 2, "data_format": "thd", "dense_logits_bytes": 0, "dense_rows": 7840, "distillation_only": false, "elapsed_s": 0.13832764199469239, "element_size": 0, "entropy_from_logits_chunk_size": 2048, "entropy_from_logits_with_chunking": false, "event_id": 79, "logits_dtype": "none", "logits_saved_bytes": 0, "peak_allocated_bytes": 4371331072, "peak_increment_bytes": 99347456, "pipeline_parallel_size": 2, "projected_rows": 4279, "rank": 7, "response_only_enabled": true, "role": "ref", "selected_rows": 4279, "tensor_parallel_size": 2, "vocab_shard": 75968}
[36m(WorkerDict pid=263345)[0m WARNING:2026-09-11 14:02:53,673:VERL_RESPONSE_ONLY_LM_HEAD_PROFILE {"active_ratio": 0.4992350841407445, "actual_logits_bytes": 0, "allocated_before_bytes": 25327113728, "backend": "fused", "calculate_entropy": true, "calculate_sum_pi_squared": false, "context_parallel_size": 2, "data_format": "thd", "dense_logits_bytes": 0, "dense_rows": 7844, "distillation_only": false, "elapsed_s": 0.12497051595710218, "element_size": 0, "entropy_from_logits_chunk_size": 2048, "entropy_from_logits_with_chunking": false, "event_id": 80, "logits_dtype": "none", "logits_saved_bytes": 0, "peak_allocated_bytes": 25423514624, "peak_increment_bytes": 96400896, "pipeline_parallel_size": 2, "projected_rows": 3916, "rank": 5, "response_only_enabled": true, "role": "actor", "selected_rows": 3916, "tensor_parallel_size": 2, "vocab_shard": 75968}
[36m(WorkerDict pid=263346)[0m WARNING:2026-09-11 14:02:53,685:VERL_RESPONSE_ONLY_LM_HEAD_PROFILE {"active_ratio": 0.5451300356960734, "actual_logits_bytes": 0, "allocated_before_bytes": 25327113728, "backend": "fused", "calculate_entropy": true, "calculate_sum_pi_squared": false, "context_parallel_size": 2, "data_format": "thd", "dense_logits_bytes": 0, "dense_rows": 7844, "distillation_only": false, "elapsed_s": 0.13737052108626813, "element_size": 0, "entropy_from_logits_chunk_size": 2048, "entropy_from_logits_with_chunking": false, "event_id": 80, "logits_dtype": "none", "logits_saved_bytes": 0, "peak_allocated_bytes": 25426469376, "peak_increment_bytes": 99355648, "pipeline_parallel_size": 2, "projected_rows": 4276, "rank": 6, "response_only_enabled": true, "role": "actor", "selected_rows": 4276, "tensor_parallel_size": 2, "vocab_shard": 75968}
[36m(WorkerDict pid=263347)[0m WARNING:2026-09-11 14:02:53,686:VERL_RESPONSE_ONLY_LM_HEAD_PROFILE {"active_ratio": 0.5451300356960734, "actual_logits_bytes": 0, "allocated_before_bytes": 25327113728, "backend": "fused", "calculate_entropy": true, "calculate_sum_pi_squared": false, "context_parallel_size": 2, "data_format": "thd", "dense_logits_bytes": 0, "dense_rows": 7844, "distillation_only": false, "elapsed_s": 0.13771558098960668, "element_size": 0, "entropy_from_logits_chunk_size": 2048, "entropy_from_logits_with_chunking": false, "event_id": 80, "logits_dtype": "none", "logits_saved_bytes": 0, "peak_allocated_bytes": 25426469376, "peak_increment_bytes": 99355648, "pipeline_parallel_size": 2, "projected_rows": 4276, "rank": 7, "response_only_enabled": true, "role": "actor", "selected_rows": 4276, "tensor_parallel_size": 2, "vocab_shard": 75968}
[36m(WorkerDict pid=263345)[0m WARNING:2026-09-11 14:02:54,904:VERL_RESPONSE_ONLY_LM_HEAD_PROFILE {"active_ratio": 0.4992350841407445, "actual_logits_bytes": 0, "allocated_before_bytes": 25552308736, "backend": "fused", "calculate_entropy": true, "calculate_sum_pi_squared": false, "context_parallel_size": 2, "data_format": "thd", "dense_logits_bytes": 0, "dense_rows": 7844, "distillation_only": false, "elapsed_s": 0.12529991602059454, "element_size": 0, "entropy_from_logits_chunk_size": 2048, "entropy_from_logits_with_chunking": false, "event_id": 81, "logits_dtype": "none", "logits_saved_bytes": 0, "peak_allocated_bytes": 25648709632, "peak_increment_bytes": 96400896, "pipeline_parallel_size": 2, "projected_rows": 3916, "rank": 5, "response_only_enabled": true, "role": "actor", "selected_rows": 3916, "tensor_parallel_size": 2, "vocab_shard": 75968}
[36m(WorkerDict pid=263346)[0m WARNING:2026-09-11 14:02:54,916:VERL_RESPONSE_ONLY_LM_HEAD_PROFILE {"active_ratio": 0.5451300356960734, "actual_logits_bytes": 0, "allocated_before_bytes": 25552308736, "backend": "fused", "calculate_entropy": true, "calculate_sum_pi_squared": false, "context_parallel_size": 2, "data_format": "thd", "dense_logits_bytes": 0, "dense_rows": 7844, "distillation_only": false, "elapsed_s": 0.13753760093823075, "element_size": 0, "entropy_from_logits_chunk_size": 2048, "entropy_from_logits_with_chunking": false, "event_id": 81, "logits_dtype": "none", "logits_saved_bytes": 0, "peak_allocated_bytes": 25651664384, "peak_increment_bytes": 99355648, "pipeline_parallel_size": 2, "projected_rows": 4276, "rank": 6, "response_only_enabled": true, "role": "actor", "selected_rows": 4276, "tensor_parallel_size": 2, "vocab_shard": 75968}
[36m(WorkerDict pid=263347)[0m WARNING:2026-09-11 14:02:54,916:VERL_RESPONSE_ONLY_LM_HEAD_PROFILE {"active_ratio": 0.5451300356960734, "actual_logits_bytes": 0, "allocated_before_bytes": 25552308736, "backend": "fused", "calculate_entropy": true, "calculate_sum_pi_squared": false, "context_parallel_size": 2, "data_format": "thd", "dense_logits_bytes": 0, "dense_rows": 7844, "distillation_only": false, "elapsed_s": 0.1375114710535854, "element_size": 0, "entropy_from_logits_chunk_size": 2048, "entropy_from_logits_with_chunking": false, "event_id": 81, "logits_dtype": "none", "logits_saved_bytes": 0, "peak_allocated_bytes": 25651664384, "peak_increment_bytes": 99355648, "pipeline_parallel_size": 2, "projected_rows": 4276, "rank": 7, "response_only_enabled": true, "role": "actor", "selected_rows": 4276, "tensor_parallel_size": 2, "vocab_shard": 75968}
[36m(WorkerDict pid=263345)[0m WARNING:2026-09-11 14:02:56,219:VERL_RESPONSE_ONLY_LM_HEAD_PROFILE {"active_ratio": 0.4992350841407445, "actual_logits_bytes": 0, "allocated_before_bytes": 25584565248, "backend": "fused", "calculate_entropy": true, "calculate_sum_pi_squared": false, "context_parallel_size": 2, "data_format": "thd", "dense_logits_bytes": 0, "dense_rows": 7844, "distillation_only": false, "elapsed_s": 0.1256346070440486, "element_size": 0, "entropy_from_logits_chunk_size": 2048, "entropy_from_logits_with_chunking": false, "event_id": 82, "logits_dtype": "none", "logits_saved_bytes": 0, "peak_allocated_bytes": 25680966144, "peak_increment_bytes": 96400896, "pipeline_parallel_size": 2, "projected_rows": 3916, "rank": 5, "response_only_enabled": true, "role": "actor", "selected_rows": 3916, "tensor_parallel_size": 2, "vocab_shard": 75968}
[36m(WorkerDict pid=263346)[0m WARNING:2026-09-11 14:02:56,230:VERL_RESPONSE_ONLY_LM_HEAD_PROFILE {"active_ratio": 0.5451300356960734, "actual_logits_bytes": 0, "allocated_before_bytes": 25584565248, "backend": "fused", "calculate_entropy": true, "calculate_sum_pi_squared": false, "context_parallel_size": 2, "data_format": "thd", "dense_logits_bytes": 0, "dense_rows": 7844, "distillation_only": false, "elapsed_s": 0.1376949519617483, "element_size": 0, "entropy_from_logits_chunk_size": 2048, "entropy_from_logits_with_chunking": false, "event_id": 82, "logits_dtype": "none", "logits_saved_bytes": 0, "peak_allocated_bytes": 25683920896, "peak_increment_bytes": 99355648, "pipeline_parallel_size": 2, "projected_rows": 4276, "rank": 6, "response_only_enabled": true, "role": "actor", "selected_rows": 4276, "tensor_parallel_size": 2, "vocab_shard": 75968}
[36m(WorkerDict pid=263347)[0m WARNING:2026-09-11 14:02:56,230:VERL_RESPONSE_ONLY_LM_HEAD_PROFILE {"active_ratio": 0.5451300356960734, "actual_logits_bytes": 0, "allocated_before_bytes": 25584565248, "backend": "fused", "calculate_entropy": true, "calculate_sum_pi_squared": false, "context_parallel_size": 2, "data_format": "thd", "dense_logits_bytes": 0, "dense_rows": 7844, "distillation_only": false, "elapsed_s": 0.13758209196384996, "element_size": 0, "entropy_from_logits_chunk_size": 2048, "entropy_from_logits_with_chunking": false, "event_id": 82, "logits_dtype": "none", "logits_saved_bytes": 0, "peak_allocated_bytes": 25683920896, "peak_increment_bytes": 99355648, "pipeline_parallel_size": 2, "projected_rows": 4276, "rank": 7, "response_only_enabled": true, "role": "actor", "selected_rows": 4276, "tensor_parallel_size": 2, "vocab_shard": 75968}
[36m(WorkerDict pid=263345)[0m WARNING:2026-09-11 14:02:57,436:VERL_RESPONSE_ONLY_LM_HEAD_PROFILE {"active_ratio": 0.4992350841407445, "actual_logits_bytes": 0, "allocated_before_bytes": 25616821760, "backend": "fused", "calculate_entropy": true, "calculate_sum_pi_squared": false, "context_parallel_size": 2, "data_format": "thd", "dense_logits_bytes": 0, "dense_rows": 7844, "distillation_only": false, "elapsed_s": 0.12573712598532438, "element_size": 0, "entropy_from_logits_chunk_size": 2048, "entropy_from_logits_with_chunking": false, "event_id": 83, "logits_dtype": "none", "logits_saved_bytes": 0, "peak_allocated_bytes": 25713222656, "peak_increment_bytes": 96400896, "pipeline_parallel_size": 2, "projected_rows": 3916, "rank": 5, "response_only_enabled": true, "role": "actor", "selected_rows": 3916, "tensor_parallel_size": 2, "vocab_shard": 75968}
[36m(WorkerDict pid=263346)[0m WARNING:2026-09-11 14:02:57,447:VERL_RESPONSE_ONLY_LM_HEAD_PROFILE {"active_ratio": 0.5451300356960734, "actual_logits_bytes": 0, "allocated_before_bytes": 25616821760, "backend": "fused", "calculate_entropy": true, "calculate_sum_pi_squared": false, "context_parallel_size": 2, "data_format": "thd", "dense_logits_bytes": 0, "dense_rows": 7844, "distillation_only": false, "elapsed_s": 0.13709727092646062, "element_size": 0, "entropy_from_logits_chunk_size": 2048, "entropy_from_logits_with_chunking": false, "event_id": 83, "logits_dtype": "none", "logits_saved_bytes": 0, "peak_allocated_bytes": 25716177408, "peak_increment_bytes": 99355648, "pipeline_parallel_size": 2, "projected_rows": 4276, "rank": 6, "response_only_enabled": true, "role": "actor", "selected_rows": 4276, "tensor_parallel_size": 2, "vocab_shard": 75968}
[36m(WorkerDict pid=263347)[0m WARNING:2026-09-11 14:02:57,447:VERL_RESPONSE_ONLY_LM_HEAD_PROFILE {"active_ratio": 0.5451300356960734, "actual_logits_bytes": 0, "allocated_before_bytes": 25616821760, "backend": "fused", "calculate_entropy": true, "calculate_sum_pi_squared": false, "context_parallel_size": 2, "data_format": "thd", "dense_logits_bytes": 0, "dense_rows": 7844, "distillation_only": false, "elapsed_s": 0.13705643103457987, "element_size": 0, "entropy_from_logits_chunk_size": 2048, "entropy_from_logits_with_chunking": false, "event_id": 83, "logits_dtype": "none", "logits_saved_bytes": 0, "peak_allocated_bytes": 25716177408, "peak_increment_bytes": 99355648, "pipeline_parallel_size": 2, "projected_rows": 4276, "rank": 7, "response_only_enabled": true, "role": "actor", "selected_rows": 4276, "tensor_parallel_size": 2, "vocab_shard": 75968}
[36m(WorkerDict pid=263345)[0m WARNING:2026-09-11 14:02:59,678:VERL_RESPONSE_ONLY_LM_HEAD_PROFILE {"active_ratio": 0.49938514510575505, "actual_logits_bytes": 0, "allocated_before_bytes": 25543671808, "backend": "fused", "calculate_entropy": true, "calculate_sum_pi_squared": false, "context_parallel_size": 2, "data_format": "thd", "dense_logits_bytes": 0, "dense_rows": 8132, "distillation_only": false, "elapsed_s": 0.12824843707494438, "element_size": 0, "entropy_from_logits_chunk_size": 2048, "entropy_from_logits_with_chunking": false, "event_id": 84, "logits_dtype": "none", "logits_saved_bytes": 0, "peak_allocated_bytes": 25643621888, "peak_increment_bytes": 99950080, "pipeline_parallel_size": 2, "projected_rows": 4061, "rank": 5, "response_only_enabled": true, "role": "actor", "selected_rows": 4061, "tensor_parallel_size": 2, "vocab_shard": 75968}
[36m(WorkerDict pid=263346)[0m WARNING:2026-09-11 14:02:59,684:VERL_RESPONSE_ONLY_LM_HEAD_PROFILE {"active_ratio": 0.5079931136251845, "actual_logits_bytes": 0, "allocated_before_bytes": 25543671808, "backend": "fused", "calculate_entropy": true, "calculate_sum_pi_squared": false, "context_parallel_size": 2, "data_format": "thd", "dense_logits_bytes": 0, "dense_rows": 8132, "distillation_only": false, "elapsed_s": 0.13384155998937786, "element_size": 0, "entropy_from_logits_chunk_size": 2048, "entropy_from_logits_with_chunking": false, "event_id": 84, "logits_dtype": "none", "logits_saved_bytes": 0, "peak_allocated_bytes": 25644196864, "peak_increment_bytes": 100525056, "pipeline_parallel_size": 2, "projected_rows": 4131, "rank": 6, "response_only_enabled": true, "role": "actor", "selected_rows": 4131, "tensor_parallel_size": 2, "vocab_shard": 75968}
[36m(WorkerDict pid=263347)[0m WARNING:2026-09-11 14:02:59,684:VERL_RESPONSE_ONLY_LM_HEAD_PROFILE {"active_ratio": 0.5079931136251845, "actual_logits_bytes": 0, "allocated_before_bytes": 25543671808, "backend": "fused", "calculate_entropy": true, "calculate_sum_pi_squared": false, "context_parallel_size": 2, "data_format": "thd", "dense_logits_bytes": 0, "dense_rows": 8132, "distillation_only": false, "elapsed_s": 0.13375416991766542, "element_size": 0, "entropy_from_logits_chunk_size": 2048, "entropy_from_logits_with_chunking": false, "event_id": 84, "logits_dtype": "none", "logits_saved_bytes": 0, "peak_allocated_bytes": 25644196864, "peak_increment_bytes": 100525056, "pipeline_parallel_size": 2, "projected_rows": 4131, "rank": 7, "response_only_enabled": true, "role": "actor", "selected_rows": 4131, "tensor_parallel_size": 2, "vocab_shard": 75968}
[36m(WorkerDict pid=263345)[0m WARNING:2026-09-11 14:03:00,921:VERL_RESPONSE_ONLY_LM_HEAD_PROFILE {"active_ratio": 0.49938514510575505, "actual_logits_bytes": 0, "allocated_before_bytes": 25577113600, "backend": "fused", "calculate_entropy": true, "calculate_sum_pi_squared": false, "context_parallel_size": 2, "data_format": "thd", "dense_logits_bytes": 0, "dense_rows": 8132, "distillation_only": false, "elapsed_s": 0.12884655804373324, "element_size": 0, "entropy_from_logits_chunk_size": 2048, "entropy_from_logits_with_chunking": false, "event_id": 85, "logits_dtype": "none", "logits_saved_bytes": 0, "peak_allocated_bytes": 25677063680, "peak_increment_bytes": 99950080, "pipeline_parallel_size": 2, "projected_rows": 4061, "rank": 5, "response_only_enabled": true, "role": "actor", "selected_rows": 4061, "tensor_parallel_size": 2, "vocab_shard": 75968}
[36m(WorkerDict pid=263346)[0m WARNING:2026-09-11 14:03:00,924:VERL_RESPONSE_ONLY_LM_HEAD_PROFILE {"active_ratio": 0.5079931136251845, "actual_logits_bytes": 0, "allocated_before_bytes": 25577113600, "backend": "fused", "calculate_entropy": true, "calculate_sum_pi_squared": false, "context_parallel_size": 2, "data_format": "thd", "dense_logits_bytes": 0, "dense_rows": 8132, "distillation_only": false, "elapsed_s": 0.1324981190264225, "element_size": 0, "entropy_from_logits_chunk_size": 2048, "entropy_from_logits_with_chunking": false, "event_id": 85, "logits_dtype": "none", "logits_saved_bytes": 0, "peak_allocated_bytes": 25677638656, "peak_increment_bytes": 100525056, "pipeline_parallel_size": 2, "projected_rows": 4131, "rank": 6, "response_only_enabled": true, "role": "actor", "selected_rows": 4131, "tensor_parallel_size": 2, "vocab_shard": 75968}
[36m(WorkerDict pid=263347)[0m WARNING:2026-09-11 14:03:00,924:VERL_RESPONSE_ONLY_LM_HEAD_PROFILE {"active_ratio": 0.5079931136251845, "actual_logits_bytes": 0, "allocated_before_bytes": 25577113600, "backend": "fused", "calculate_entropy": true, "calculate_sum_pi_squared": false, "context_parallel_size": 2, "data_format": "thd", "dense_logits_bytes": 0, "dense_rows": 8132, "distillation_only": false, "elapsed_s": 0.13243840890936553, "element_size": 0, "entropy_from_logits_chunk_size": 2048, "entropy_from_logits_with_chunking": false, "event_id": 85, "logits_dtype": "none", "logits_saved_bytes": 0, "peak_allocated_bytes": 25677638656, "peak_increment_bytes": 100525056, "pipeline_parallel_size": 2, "projected_rows": 4131, "rank": 7, "response_only_enabled": true, "role": "actor", "selected_rows": 4131, "tensor_parallel_size": 2, "vocab_shard": 75968}
[36m(WorkerDict pid=263345)[0m WARNING:2026-09-11 14:03:02,161:VERL_RESPONSE_ONLY_LM_HEAD_PROFILE {"active_ratio": 0.49938514510575505, "actual_logits_bytes": 0, "allocated_before_bytes": 25610554880, "backend": "fused", "calculate_entropy": true, "calculate_sum_pi_squared": false, "context_parallel_size": 2, "data_format": "thd", "dense_logits_bytes": 0, "dense_rows": 8132, "distillation_only": false, "elapsed_s": 0.1287335379747674, "element_size": 0, "entropy_from_logits_chunk_size": 2048, "entropy_from_logits_with_chunking": false, "event_id": 86, "logits_dtype": "none", "logits_saved_bytes": 0, "peak_allocated_bytes": 25710504960, "peak_increment_bytes": 99950080, "pipeline_parallel_size": 2, "projected_rows": 4061, "rank": 5, "response_only_enabled": true, "role": "actor", "selected_rows": 4061, "tensor_parallel_size": 2, "vocab_shard": 75968}
[36m(WorkerDict pid=263346)[0m WARNING:2026-09-11 14:03:02,165:VERL_RESPONSE_ONLY_LM_HEAD_PROFILE {"active_ratio": 0.5079931136251845, "actual_logits_bytes": 0, "allocated_before_bytes": 25610554880, "backend": "fused", "calculate_entropy": true, "calculate_sum_pi_squared": false, "context_parallel_size": 2, "data_format": "thd", "dense_logits_bytes": 0, "dense_rows": 8132, "distillation_only": false, "elapsed_s": 0.13277839997317642, "element_size": 0, "entropy_from_logits_chunk_size": 2048, "entropy_from_logits_with_chunking": false, "event_id": 86, "logits_dtype": "none", "logits_saved_bytes": 0, "peak_allocated_bytes": 25711079936, "peak_increment_bytes": 100525056, "pipeline_parallel_size": 2, "projected_rows": 4131, "rank": 6, "response_only_enabled": true, "role": "actor", "selected_rows": 4131, "tensor_parallel_size": 2, "vocab_shard": 75968}
[36m(WorkerDict pid=263347)[0m WARNING:2026-09-11 14:03:02,165:VERL_RESPONSE_ONLY_LM_HEAD_PROFILE {"active_ratio": 0.5079931136251845, "actual_logits_bytes": 0, "allocated_before_bytes": 25610554880, "backend": "fused", "calculate_entropy": true, "calculate_sum_pi_squared": false, "context_parallel_size": 2, "data_format": "thd", "dense_logits_bytes": 0, "dense_rows": 8132, "distillation_only": false, "elapsed_s": 0.13283172994852066, "element_size": 0, "entropy_from_logits_chunk_size": 2048, "entropy_from_logits_with_chunking": false, "event_id": 86, "logits_dtype": "none", "logits_saved_bytes": 0, "peak_allocated_bytes": 25711079936, "peak_increment_bytes": 100525056, "pipeline_parallel_size": 2, "projected_rows": 4131, "rank": 7, "response_only_enabled": true, "role": "actor", "selected_rows": 4131, "tensor_parallel_size": 2, "vocab_shard": 75968}
[36m(WorkerDict pid=263345)[0m WARNING:2026-09-11 14:03:03,400:VERL_RESPONSE_ONLY_LM_HEAD_PROFILE {"active_ratio": 0.49938514510575505, "actual_logits_bytes": 0, "allocated_before_bytes": 25643996160, "backend": "fused", "calculate_entropy": true, "calculate_sum_pi_squared": false, "context_parallel_size": 2, "data_format": "thd", "dense_logits_bytes": 0, "dense_rows": 8132, "distillation_only": false, "elapsed_s": 0.12843594700098038, "element_size": 0, "entropy_from_logits_chunk_size": 2048, "entropy_from_logits_with_chunking": false, "event_id": 87, "logits_dtype": "none", "logits_saved_bytes": 0, "peak_allocated_bytes": 25743946240, "peak_increment_bytes": 99950080, "pipeline_parallel_size": 2, "projected_rows": 4061, "rank": 5, "response_only_enabled": true, "role": "actor", "selected_rows": 4061, "tensor_parallel_size": 2, "vocab_shard": 75968}
[36m(WorkerDict pid=263346)[0m WARNING:2026-09-11 14:03:03,405:VERL_RESPONSE_ONLY_LM_HEAD_PROFILE {"active_ratio": 0.5079931136251845, "actual_logits_bytes": 0, "allocated_before_bytes": 25643996160, "backend": "fused", "calculate_entropy": true, "calculate_sum_pi_squared": false, "context_parallel_size": 2, "data_format": "thd", "dense_logits_bytes": 0, "dense_rows": 8132, "distillation_only": false, "elapsed_s": 0.13252772891428322, "element_size": 0, "entropy_from_logits_chunk_size": 2048, "entropy_from_logits_with_chunking": false, "event_id": 87, "logits_dtype": "none", "logits_saved_bytes": 0, "peak_allocated_bytes": 25744521216, "peak_increment_bytes": 100525056, "pipeline_parallel_size": 2, "projected_rows": 4131, "rank": 6, "response_only_enabled": true, "role": "actor", "selected_rows": 4131, "tensor_parallel_size": 2, "vocab_shard": 75968}
[36m(WorkerDict pid=263347)[0m WARNING:2026-09-11 14:03:03,404:VERL_RESPONSE_ONLY_LM_HEAD_PROFILE {"active_ratio": 0.5079931136251845, "actual_logits_bytes": 0, "allocated_before_bytes": 25643996160, "backend": "fused", "calculate_entropy": true, "calculate_sum_pi_squared": false, "context_parallel_size": 2, "data_format": "thd", "dense_logits_bytes": 0, "dense_rows": 8132, "distillation_only": false, "elapsed_s": 0.13248717901296914, "element_size": 0, "entropy_from_logits_chunk_size": 2048, "entropy_from_logits_with_chunking": false, "event_id": 87, "logits_dtype": "none", "logits_saved_bytes": 0, "peak_allocated_bytes": 25744521216, "peak_increment_bytes": 100525056, "pipeline_parallel_size": 2, "projected_rows": 4131, "rank": 7, "response_only_enabled": true, "role": "actor", "selected_rows": 4131, "tensor_parallel_size": 2, "vocab_shard": 75968}
[36m(WorkerDict pid=263345)[0m WARNING:2026-09-11 14:03:05,665:VERL_RESPONSE_ONLY_LM_HEAD_PROFILE {"active_ratio": 0.4992350841407445, "actual_logits_bytes": 0, "allocated_before_bytes": 25520051712, "backend": "fused", "calculate_entropy": true, "calculate_sum_pi_squared": false, "context_parallel_size": 2, "data_format": "thd", "dense_logits_bytes": 0, "dense_rows": 7844, "distillation_only": false, "elapsed_s": 0.1261556870304048, "element_size": 0, "entropy_from_logits_chunk_size": 2048, "entropy_from_logits_with_chunking": false, "event_id": 88, "logits_dtype": "none", "logits_saved_bytes": 0, "peak_allocated_bytes": 25616452608, "peak_increment_bytes": 96400896, "pipeline_parallel_size": 2, "projected_rows": 3916, "rank": 5, "response_only_enabled": true, "role": "actor", "selected_rows": 3916, "tensor_parallel_size": 2, "vocab_shard": 75968}
[36m(WorkerDict pid=263346)[0m WARNING:2026-09-11 14:03:05,676:VERL_RESPONSE_ONLY_LM_HEAD_PROFILE {"active_ratio": 0.5451300356960734, "actual_logits_bytes": 0, "allocated_before_bytes": 25520051712, "backend": "fused", "calculate_entropy": true, "calculate_sum_pi_squared": false, "context_parallel_size": 2, "data_format": "thd", "dense_logits_bytes": 0, "dense_rows": 7844, "distillation_only": false, "elapsed_s": 0.13688148092478514, "element_size": 0, "entropy_from_logits_chunk_size": 2048, "entropy_from_logits_with_chunking": false, "event_id": 88, "logits_dtype": "none", "logits_saved_bytes": 0, "peak_allocated_bytes": 25619407360, "peak_increment_bytes": 99355648, "pipeline_parallel_size": 2, "projected_rows": 4276, "rank": 6, "response_only_enabled": true, "role": "actor", "selected_rows": 4276, "tensor_parallel_size": 2, "vocab_shard": 75968}
[36m(WorkerDict pid=263347)[0m WARNING:2026-09-11 14:03:05,676:VERL_RESPONSE_ONLY_LM_HEAD_PROFILE {"active_ratio": 0.5451300356960734, "actual_logits_bytes": 0, "allocated_before_bytes": 25520051712, "backend": "fused", "calculate_entropy": true, "calculate_sum_pi_squared": false, "context_parallel_size": 2, "data_format": "thd", "dense_logits_bytes": 0, "dense_rows": 7844, "distillation_only": false, "elapsed_s": 0.13692477100994438, "element_size": 0, "entropy_from_logits_chunk_size": 2048, "entropy_from_logits_with_chunking": false, "event_id": 88, "logits_dtype": "none", "logits_saved_bytes": 0, "peak_allocated_bytes": 25619407360, "peak_increment_bytes": 99355648, "pipeline_parallel_size": 2, "projected_rows": 4276, "rank": 7, "response_only_enabled": true, "role": "actor", "selected_rows": 4276, "tensor_parallel_size": 2, "vocab_shard": 75968}
[36m(WorkerDict pid=263345)[0m WARNING:2026-09-11 14:03:06,883:VERL_RESPONSE_ONLY_LM_HEAD_PROFILE {"active_ratio": 0.4992350841407445, "actual_logits_bytes": 0, "allocated_before_bytes": 25552308736, "backend": "fused", "calculate_entropy": true, "calculate_sum_pi_squared": false, "context_parallel_size": 2, "data_format": "thd", "dense_logits_bytes": 0, "dense_rows": 7844, "distillation_only": false, "elapsed_s": 0.12587123701814562, "element_size": 0, "entropy_from_logits_chunk_size": 2048, "entropy_from_logits_with_chunking": false, "event_id": 89, "logits_dtype": "none", "logits_saved_bytes": 0, "peak_allocated_bytes": 25648709632, "peak_increment_bytes": 96400896, "pipeline_parallel_size": 2, "projected_rows": 3916, "rank": 5, "response_only_enabled": true, "role": "actor", "selected_rows": 3916, "tensor_parallel_size": 2, "vocab_shard": 75968}
[36m(WorkerDict pid=263346)[0m WARNING:2026-09-11 14:03:06,894:VERL_RESPONSE_ONLY_LM_HEAD_PROFILE {"active_ratio": 0.5451300356960734, "actual_logits_bytes": 0, "allocated_before_bytes": 25552308736, "backend": "fused", "calculate_entropy": true, "calculate_sum_pi_squared": false, "context_parallel_size": 2, "data_format": "thd", "dense_logits_bytes": 0, "dense_rows": 7844, "distillation_only": false, "elapsed_s": 0.13707379205152392, "element_size": 0, "entropy_from_logits_chunk_size": 2048, "entropy_from_logits_with_chunking": false, "event_id": 89, "logits_dtype": "none", "logits_saved_bytes": 0, "peak_allocated_bytes": 25651664384, "peak_increment_bytes": 99355648, "pipeline_parallel_size": 2, "projected_rows": 4276, "rank": 6, "response_only_enabled": true, "role": "actor", "selected_rows": 4276, "tensor_parallel_size": 2, "vocab_shard": 75968}
[36m(WorkerDict pid=263347)[0m WARNING:2026-09-11 14:03:06,894:VERL_RESPONSE_ONLY_LM_HEAD_PROFILE {"active_ratio": 0.5451300356960734, "actual_logits_bytes": 0, "allocated_before_bytes": 25552308736, "backend": "fused", "calculate_entropy": true, "calculate_sum_pi_squared": false, "context_parallel_size": 2, "data_format": "thd", "dense_logits_bytes": 0, "dense_rows": 7844, "distillation_only": false, "elapsed_s": 0.13711162202525884, "element_size": 0, "entropy_from_logits_chunk_size": 2048, "entropy_from_logits_with_chunking": false, "event_id": 89, "logits_dtype": "none", "logits_saved_bytes": 0, "peak_allocated_bytes": 25651664384, "peak_increment_bytes": 99355648, "pipeline_parallel_size": 2, "projected_rows": 4276, "rank": 7, "response_only_enabled": true, "role": "actor", "selected_rows": 4276, "tensor_parallel_size": 2, "vocab_shard": 75968}
[36m(WorkerDict pid=263345)[0m WARNING:2026-09-11 14:03:08,102:VERL_RESPONSE_ONLY_LM_HEAD_PROFILE {"active_ratio": 0.4992350841407445, "actual_logits_bytes": 0, "allocated_before_bytes": 25584565248, "backend": "fused", "calculate_entropy": true, "calculate_sum_pi_squared": false, "context_parallel_size": 2, "data_format": "thd", "dense_logits_bytes": 0, "dense_rows": 7844, "distillation_only": false, "elapsed_s": 0.12542769592255354, "element_size": 0, "entropy_from_logits_chunk_size": 2048, "entropy_from_logits_with_chunking": false, "event_id": 90, "logits_dtype": "none", "logits_saved_bytes": 0, "peak_allocated_bytes": 25680966144, "peak_increment_bytes": 96400896, "pipeline_parallel_size": 2, "projected_rows": 3916, "rank": 5, "response_only_enabled": true, "role": "actor", "selected_rows": 3916, "tensor_parallel_size": 2, "vocab_shard": 75968}
[36m(WorkerDict pid=263346)[0m WARNING:2026-09-11 14:03:08,113:VERL_RESPONSE_ONLY_LM_HEAD_PROFILE {"active_ratio": 0.5451300356960734, "actual_logits_bytes": 0, "allocated_before_bytes": 25584565248, "backend": "fused", "calculate_entropy": true, "calculate_sum_pi_squared": false, "context_parallel_size": 2, "data_format": "thd", "dense_logits_bytes": 0, "dense_rows": 7844, "distillation_only": false, "elapsed_s": 0.13725846097804606, "element_size": 0, "entropy_from_logits_chunk_size": 2048, "entropy_from_logits_with_chunking": false, "event_id": 90, "logits_dtype": "none", "logits_saved_bytes": 0, "peak_allocated_bytes": 25683920896, "peak_increment_bytes": 99355648, "pipeline_parallel_size": 2, "projected_rows": 4276, "rank": 6, "response_only_enabled": true, "role": "actor", "selected_rows": 4276, "tensor_parallel_size": 2, "vocab_shard": 75968}
[36m(WorkerDict pid=263347)[0m WARNING:2026-09-11 14:03:08,113:VERL_RESPONSE_ONLY_LM_HEAD_PROFILE {"active_ratio": 0.5451300356960734, "actual_logits_bytes": 0, "allocated_before_bytes": 25584565248, "backend": "fused", "calculate_entropy": true, "calculate_sum_pi_squared": false, "context_parallel_size": 2, "data_format": "thd", "dense_logits_bytes": 0, "dense_rows": 7844, "distillation_only": false, "elapsed_s": 0.13729635090567172, "element_size": 0, "entropy_from_logits_chunk_size": 2048, "entropy_from_logits_with_chunking": false, "event_id": 90, "logits_dtype": "none", "logits_saved_bytes": 0, "peak_allocated_bytes": 25683920896, "peak_increment_bytes": 99355648, "pipeline_parallel_size": 2, "projected_rows": 4276, "rank": 7, "response_only_enabled": true, "role": "actor", "selected_rows": 4276, "tensor_parallel_size": 2, "vocab_shard": 75968}
[36m(WorkerDict pid=263345)[0m WARNING:2026-09-11 14:03:09,323:VERL_RESPONSE_ONLY_LM_HEAD_PROFILE {"active_ratio": 0.4992350841407445, "actual_logits_bytes": 0, "allocated_before_bytes": 25616821760, "backend": "fused", "calculate_entropy": true, "calculate_sum_pi_squared": false, "context_parallel_size": 2, "data_format": "thd", "dense_logits_bytes": 0, "dense_rows": 7844, "distillation_only": false, "elapsed_s": 0.12617363699246198, "element_size": 0, "entropy_from_logits_chunk_size": 2048, "entropy_from_logits_with_chunking": false, "event_id": 91, "logits_dtype": "none", "logits_saved_bytes": 0, "peak_allocated_bytes": 25713222656, "peak_increment_bytes": 96400896, "pipeline_parallel_size": 2, "projected_rows": 3916, "rank": 5, "response_only_enabled": true, "role": "actor", "selected_rows": 3916, "tensor_parallel_size": 2, "vocab_shard": 75968}
[36m(WorkerDict pid=263346)[0m WARNING:2026-09-11 14:03:09,334:VERL_RESPONSE_ONLY_LM_HEAD_PROFILE {"active_ratio": 0.5451300356960734, "actual_logits_bytes": 0, "allocated_before_bytes": 25616821760, "backend": "fused", "calculate_entropy": true, "calculate_sum_pi_squared": false, "context_parallel_size": 2, "data_format": "thd", "dense_logits_bytes": 0, "dense_rows": 7844, "distillation_only": false, "elapsed_s": 0.13758825208060443, "element_size": 0, "entropy_from_logits_chunk_size": 2048, "entropy_from_logits_with_chunking": false, "event_id": 91, "logits_dtype": "none", "logits_saved_bytes": 0, "peak_allocated_bytes": 25716177408, "peak_increment_bytes": 99355648, "pipeline_parallel_size": 2, "projected_rows": 4276, "rank": 6, "response_only_enabled": true, "role": "actor", "selected_rows": 4276, "tensor_parallel_size": 2, "vocab_shard": 75968}
[36m(WorkerDict pid=263347)[0m WARNING:2026-09-11 14:03:09,334:VERL_RESPONSE_ONLY_LM_HEAD_PROFILE {"active_ratio": 0.5451300356960734, "actual_logits_bytes": 0, "allocated_before_bytes": 25616821760, "backend": "fused", "calculate_entropy": true, "calculate_sum_pi_squared": false, "context_parallel_size": 2, "data_format": "thd", "dense_logits_bytes": 0, "dense_rows": 7844, "distillation_only": false, "elapsed_s": 0.13762675202451646, "element_size": 0, "entropy_from_logits_chunk_size": 2048, "entropy_from_logits_with_chunking": false, "event_id": 91, "logits_dtype": "none", "logits_saved_bytes": 0, "peak_allocated_bytes": 25716177408, "peak_increment_bytes": 99355648, "pipeline_parallel_size": 2, "projected_rows": 4276, "rank": 7, "response_only_enabled": true, "role": "actor", "selected_rows": 4276, "tensor_parallel_size": 2, "vocab_shard": 75968}
[36m(WorkerDict pid=263345)[0m WARNING:2026-09-11 14:03:11,550:VERL_RESPONSE_ONLY_LM_HEAD_PROFILE {"active_ratio": 0.49910714285714286, "actual_logits_bytes": 0, "allocated_before_bytes": 25519721984, "backend": "fused", "calculate_entropy": true, "calculate_sum_pi_squared": false, "context_parallel_size": 2, "data_format": "thd", "dense_logits_bytes": 0, "dense_rows": 7840, "distillation_only": false, "elapsed_s": 0.12621136603411287, "element_size": 0, "entropy_from_logits_chunk_size": 2048, "entropy_from_logits_with_chunking": false, "event_id": 92, "logits_dtype": "none", "logits_saved_bytes": 0, "peak_allocated_bytes": 25616065536, "peak_increment_bytes": 96343552, "pipeline_parallel_size": 2, "projected_rows": 3913, "rank": 5, "response_only_enabled": true, "role": "actor", "selected_rows": 3913, "tensor_parallel_size": 2, "vocab_shard": 75968}
[36m(WorkerDict pid=263346)[0m WARNING:2026-09-11 14:03:11,561:VERL_RESPONSE_ONLY_LM_HEAD_PROFILE {"active_ratio": 0.5457908163265306, "actual_logits_bytes": 0, "allocated_before_bytes": 25519721984, "backend": "fused", "calculate_entropy": true, "calculate_sum_pi_squared": false, "context_parallel_size": 2, "data_format": "thd", "dense_logits_bytes": 0, "dense_rows": 7840, "distillation_only": false, "elapsed_s": 0.13737023097928613, "element_size": 0, "entropy_from_logits_chunk_size": 2048, "entropy_from_logits_with_chunking": false, "event_id": 92, "logits_dtype": "none", "logits_saved_bytes": 0, "peak_allocated_bytes": 25619069440, "peak_increment_bytes": 99347456, "pipeline_parallel_size": 2, "projected_rows": 4279, "rank": 6, "response_only_enabled": true, "role": "actor", "selected_rows": 4279, "tensor_parallel_size": 2, "vocab_shard": 75968}
[36m(WorkerDict pid=263347)[0m WARNING:2026-09-11 14:03:11,561:VERL_RESPONSE_ONLY_LM_HEAD_PROFILE {"active_ratio": 0.5457908163265306, "actual_logits_bytes": 0, "allocated_before_bytes": 25519721984, "backend": "fused", "calculate_entropy": true, "calculate_sum_pi_squared": false, "context_parallel_size": 2, "data_format": "thd", "dense_logits_bytes": 0, "dense_rows": 7840, "distillation_only": false, "elapsed_s": 0.13734689098782837, "element_size": 0, "entropy_from_logits_chunk_size": 2048, "entropy_from_logits_with_chunking": false, "event_id": 92, "logits_dtype": "none", "logits_saved_bytes": 0, "peak_allocated_bytes": 25619069440, "peak_increment_bytes": 99347456, "pipeline_parallel_size": 2, "projected_rows": 4279, "rank": 7, "response_only_enabled": true, "role": "actor", "selected_rows": 4279, "tensor_parallel_size": 2, "vocab_shard": 75968}
[36m(WorkerDict pid=263345)[0m WARNING:2026-09-11 14:03:12,765:VERL_RESPONSE_ONLY_LM_HEAD_PROFILE {"active_ratio": 0.49910714285714286, "actual_logits_bytes": 0, "allocated_before_bytes": 25551962624, "backend": "fused", "calculate_entropy": true, "calculate_sum_pi_squared": false, "context_parallel_size": 2, "data_format": "thd", "dense_logits_bytes": 0, "dense_rows": 7840, "distillation_only": false, "elapsed_s": 0.12590535602066666, "element_size": 0, "entropy_from_logits_chunk_size": 2048, "entropy_from_logits_with_chunking": false, "event_id": 93, "logits_dtype": "none", "logits_saved_bytes": 0, "peak_allocated_bytes": 25648306176, "peak_increment_bytes": 96343552, "pipeline_parallel_size": 2, "projected_rows": 3913, "rank": 5, "response_only_enabled": true, "role": "actor", "selected_rows": 3913, "tensor_parallel_size": 2, "vocab_shard": 75968}
[36m(WorkerDict pid=263346)[0m WARNING:2026-09-11 14:03:12,777:VERL_RESPONSE_ONLY_LM_HEAD_PROFILE {"active_ratio": 0.5457908163265306, "actual_logits_bytes": 0, "allocated_before_bytes": 25551962624, "backend": "fused", "calculate_entropy": true, "calculate_sum_pi_squared": false, "context_parallel_size": 2, "data_format": "thd", "dense_logits_bytes": 0, "dense_rows": 7840, "distillation_only": false, "elapsed_s": 0.1375071620568633, "element_size": 0, "entropy_from_logits_chunk_size": 2048, "entropy_from_logits_with_chunking": false, "event_id": 93, "logits_dtype": "none", "logits_saved_bytes": 0, "peak_allocated_bytes": 25651310080, "peak_increment_bytes": 99347456, "pipeline_parallel_size": 2, "projected_rows": 4279, "rank": 6, "response_only_enabled": true, "role": "actor", "selected_rows": 4279, "tensor_parallel_size": 2, "vocab_shard": 75968}
[36m(WorkerDict pid=263347)[0m WARNING:2026-09-11 14:03:12,777:VERL_RESPONSE_ONLY_LM_HEAD_PROFILE {"active_ratio": 0.5457908163265306, "actual_logits_bytes": 0, "allocated_before_bytes": 25551962624, "backend": "fused", "calculate_entropy": true, "calculate_sum_pi_squared": false, "context_parallel_size": 2, "data_format": "thd", "dense_logits_bytes": 0, "dense_rows": 7840, "distillation_only": false, "elapsed_s": 0.13755682192277163, "element_size": 0, "entropy_from_logits_chunk_size": 2048, "entropy_from_logits_with_chunking": false, "event_id": 93, "logits_dtype": "none", "logits_saved_bytes": 0, "peak_allocated_bytes": 25651310080, "peak_increment_bytes": 99347456, "pipeline_parallel_size": 2, "projected_rows": 4279, "rank": 7, "response_only_enabled": true, "role": "actor", "selected_rows": 4279, "tensor_parallel_size": 2, "vocab_shard": 75968}
[36m(WorkerDict pid=263345)[0m WARNING:2026-09-11 14:03:13,982:VERL_RESPONSE_ONLY_LM_HEAD_PROFILE {"active_ratio": 0.49910714285714286, "actual_logits_bytes": 0, "allocated_before_bytes": 25584202752, "backend": "fused", "calculate_entropy": true, "calculate_sum_pi_squared": false, "context_parallel_size": 2, "data_format": "thd", "dense_logits_bytes": 0, "dense_rows": 7840, "distillation_only": false, "elapsed_s": 0.12594623595941812, "element_size": 0, "entropy_from_logits_chunk_size": 2048, "entropy_from_logits_with_chunking": false, "event_id": 94, "logits_dtype": "none", "logits_saved_bytes": 0, "peak_allocated_bytes": 25680546304, "peak_increment_bytes": 96343552, "pipeline_parallel_size": 2, "projected_rows": 3913, "rank": 5, "response_only_enabled": true, "role": "actor", "selected_rows": 3913, "tensor_parallel_size": 2, "vocab_shard": 75968}
[36m(WorkerDict pid=263346)[0m WARNING:2026-09-11 14:03:13,993:VERL_RESPONSE_ONLY_LM_HEAD_PROFILE {"active_ratio": 0.5457908163265306, "actual_logits_bytes": 0, "allocated_before_bytes": 25584202752, "backend": "fused", "calculate_entropy": true, "calculate_sum_pi_squared": false, "context_parallel_size": 2, "data_format": "thd", "dense_logits_bytes": 0, "dense_rows": 7840, "distillation_only": false, "elapsed_s": 0.13739040098153055, "element_size": 0, "entropy_from_logits_chunk_size": 2048, "entropy_from_logits_with_chunking": false, "event_id": 94, "logits_dtype": "none", "logits_saved_bytes": 0, "peak_allocated_bytes": 25683550208, "peak_increment_bytes": 99347456, "pipeline_parallel_size": 2, "projected_rows": 4279, "rank": 6, "response_only_enabled": true, "role": "actor", "selected_rows": 4279, "tensor_parallel_size": 2, "vocab_shard": 75968}
[36m(WorkerDict pid=263347)[0m WARNING:2026-09-11 14:03:13,993:VERL_RESPONSE_ONLY_LM_HEAD_PROFILE {"active_ratio": 0.5457908163265306, "actual_logits_bytes": 0, "allocated_before_bytes": 25584202752, "backend": "fused", "calculate_entropy": true, "calculate_sum_pi_squared": false, "context_parallel_size": 2, "data_format": "thd", "dense_logits_bytes": 0, "dense_rows": 7840, "distillation_only": false, "elapsed_s": 0.13721607101615518, "element_size": 0, "entropy_from_logits_chunk_size": 2048, "entropy_from_logits_with_chunking": false, "event_id": 94, "logits_dtype": "none", "logits_saved_bytes": 0, "peak_allocated_bytes": 25683550208, "peak_increment_bytes": 99347456, "pipeline_parallel_size": 2, "projected_rows": 4279, "rank": 7, "response_only_enabled": true, "role": "actor", "selected_rows": 4279, "tensor_parallel_size": 2, "vocab_shard": 75968}
[36m(WorkerDict pid=263345)[0m WARNING:2026-09-11 14:03:15,197:VERL_RESPONSE_ONLY_LM_HEAD_PROFILE {"active_ratio": 0.49910714285714286, "actual_logits_bytes": 0, "allocated_before_bytes": 25616442880, "backend": "fused", "calculate_entropy": true, "calculate_sum_pi_squared": false, "context_parallel_size": 2, "data_format": "thd", "dense_logits_bytes": 0, "dense_rows": 7840, "distillation_only": false, "elapsed_s": 0.125957137090154, "element_size": 0, "entropy_from_logits_chunk_size": 2048, "entropy_from_logits_with_chunking": false, "event_id": 95, "logits_dtype": "none", "logits_saved_bytes": 0, "peak_allocated_bytes": 25712786432, "peak_increment_bytes": 96343552, "pipeline_parallel_size": 2, "projected_rows": 3913, "rank": 5, "response_only_enabled": true, "role": "actor", "selected_rows": 3913, "tensor_parallel_size": 2, "vocab_shard": 75968}
[36m(WorkerDict pid=263346)[0m WARNING:2026-09-11 14:03:15,208:VERL_RESPONSE_ONLY_LM_HEAD_PROFILE {"active_ratio": 0.5457908163265306, "actual_logits_bytes": 0, "allocated_before_bytes": 25616442880, "backend": "fused", "calculate_entropy": true, "calculate_sum_pi_squared": false, "context_parallel_size": 2, "data_format": "thd", "dense_logits_bytes": 0, "dense_rows": 7840, "distillation_only": false, "elapsed_s": 0.13695934205316007, "element_size": 0, "entropy_from_logits_chunk_size": 2048, "entropy_from_logits_with_chunking": false, "event_id": 95, "logits_dtype": "none", "logits_saved_bytes": 0, "peak_allocated_bytes": 25715790336, "peak_increment_bytes": 99347456, "pipeline_parallel_size": 2, "projected_rows": 4279, "rank": 6, "response_only_enabled": true, "role": "actor", "selected_rows": 4279, "tensor_parallel_size": 2, "vocab_shard": 75968}
[36m(WorkerDict pid=263347)[0m WARNING:2026-09-11 14:03:15,208:VERL_RESPONSE_ONLY_LM_HEAD_PROFILE {"active_ratio": 0.5457908163265306, "actual_logits_bytes": 0, "allocated_before_bytes": 25616442880, "backend": "fused", "calculate_entropy": true, "calculate_sum_pi_squared": false, "context_parallel_size": 2, "data_format": "thd", "dense_logits_bytes": 0, "dense_rows": 7840, "distillation_only": false, "elapsed_s": 0.13700265192892402, "element_size": 0, "entropy_from_logits_chunk_size": 2048, "entropy_from_logits_with_chunking": false, "event_id": 95, "logits_dtype": "none", "logits_saved_bytes": 0, "peak_allocated_bytes": 25715790336, "peak_increment_bytes": 99347456, "pipeline_parallel_size": 2, "projected_rows": 4279, "rank": 7, "response_only_enabled": true, "role": "actor", "selected_rows": 4279, "tensor_parallel_size": 2, "vocab_shard": 75968}
[36m(vLLMHttpServer pid=266893)[0m (EngineCore pid=267508) WARNING 09-11 14:03:23 [scheduler.py:1948] reset_connector called but no KV connector is configured.
[36m(vLLMHttpServer pid=266886)[0m (EngineCore pid=267483) WARNING 09-11 14:03:23 [scheduler.py:1948] reset_connector called but no KV connector is configured.
[36m(WorkerDict pid=263340)[0m Converting to HuggingFace ━━━━━━━━━━━━━━━━━━━━━━━━━━━━━━━━━━━━━━━━ 100% 0:00:00 (291/291) Qwen3Bridge
[36m(vLLMHttpServer pid=266886)[0m (EngineCore pid=267483) WARNING 09-11 14:03:25 [scheduler.py:1948] reset_connector called but no KV connector is configured.
[36m(vLLMHttpServer pid=266893)[0m (EngineCore pid=267508) WARNING 09-11 14:03:25 [scheduler.py:1948] reset_connector called but no KV connector is configured.
[36m(vLLMHttpServer pid=266886)[0m (EngineCore pid=267483) WARNING 09-11 14:03:27 [scheduler.py:1948] reset_connector called but no KV connector is configured.
[36m(vLLMHttpServer pid=266893)[0m (EngineCore pid=267508) WARNING 09-11 14:03:27 [scheduler.py:1948] reset_connector called but no KV connector is configured.
[36m(TaskRunnerV1 pid=262098)[0m Training Progress:  50%|█████     | 2/4 [03:13<03:01, 90.57s/it] 
[36m(TaskRunnerV1 pid=262098)[0m step:2 - global_seqlen/min:253200.0 - global_seqlen/max:253200.0 - global_seqlen/minmax_diff:0.0 - global_seqlen/balanced_min:253200.0 - global_seqlen/balanced_max:253200.0 - global_seqlen/mean:253200.0 - actor/entropy:0.007424443028867245 - training/rollout_probs_diff_valid:1.0 - training/rollout_probs_diff_max:0.08825665712356567 - training/rollout_probs_diff_mean:0.0003005648613907397 - training/rollout_probs_diff_std:0.0026820346247404814 - training/rollout_actor_probs_pearson_corr:0.9985529184341431 - rollout_corr/training_ppl:1.00629723072052 - rollout_corr/training_log_ppl:0.0062542748637497425 - rollout_corr/kl:0.00029196820105426013 - rollout_corr/k3_kl:1.3191654943511821e-05 - rollout_corr/rollout_ppl:1.0060023069381714 - rollout_corr/rollout_log_ppl:0.005962306167930365 - rollout_corr/log_ppl_diff:0.00029196825926192105 - rollout_corr/log_ppl_abs_diff:0.00029196825926192105 - rollout_corr/log_ppl_diff_max:0.0008520893752574921 - rollout_corr/log_ppl_diff_min:0.00010186992585659027 - rollout_corr/ppl_ratio:1.0002920627593994 - rollout_corr/chi2_token:-0.0005316734313964844 - rollout_corr/chi2_seq:-0.9596754312515259 - actor/pg_clipfrac:0.0 - actor/ppo_kl:0.0 - actor/pg_clipfrac_lower:0.0 - actor/pg_loss:8.230563253164291e-07 - actor/entropy_loss:0.007424443087074906 - actor/kl_loss:0.0 - actor/kl_coef:0.001 - actor/loss:-6.593763828277588e-06 - actor/grad_norm:0.10873955860733986 - actor/perf/max_memory_allocated_gb:24.751614093780518 - actor/perf/max_memory_reserved_gb:25.046875 - actor/perf/cpu_memory_used_gb:285.93266010284424 - actor/lr:0.0 - perf/mfu/actor:0.2673989609293762 - training/global_step:2 - training/epoch:0 - critic/score/mean:0.9714644551277161 - critic/score/max:0.9939537048339844 - critic/score/min:0.9510151147842407 - critic/rewards/mean:0.9714644551277161 - critic/rewards/max:0.9939537048339844 - critic/rewards/min:0.9510151147842407 - critic/advantages/mean:-8.270144462585449e-07 - critic/advantages/max:1.3537063598632812 - critic/advantages/min:-1.4830353260040283 - critic/returns/mean:-8.270144462585449e-07 - critic/returns/max:1.3537063598632812 - critic/returns/min:-1.4830353260040283 - response_length/mean:8192.0 - response_length/max:8192.0 - response_length/min:8192.0 - response_length/clip_ratio:1.0 - response_length_non_aborted/mean:8192.0 - response_length_non_aborted/max:8192.0 - response_length_non_aborted/min:8192.0 - response_length_non_aborted/clip_ratio:1.0 - response/aborted_ratio:0.0 - prompt_length/mean:7633.0 - prompt_length/max:8068.0 - prompt_length/min:7482.0 - prompt_length/clip_ratio:0.25 - timing_s/gen:1.5729374130023643 - timing_s/old_log_prob:9.022779752966017 - timing_s/ref:11.545618011034094 - timing_s/adv:0.11845988302957267 - timing_s/update_actor:34.148467386025004 - timing_s/update_weights:5.545178467989899 - timing_s/step:62.106691973051056 - timing_per_token_ms/adv:0.000467851038821377 - timing_per_token_ms/update_actor:0.13486756471573857 - timing_per_token_ms/gen:0.012000560096758761 - timing_per_token_ms/ref:0.04559880731056119 - perf/total_num_tokens:253200 - perf/time_per_step:62.106691973051056 - perf/throughput:509.60691987480783 - training/num_turns/mean:np.float64(2.0) - training/num_turns/max:np.int64(2) - training/num_turns/min:np.int64(2) - training/off_policy/trajectory_spans/mean:np.float64(1.0) - training/off_policy/trajectory_spans/max:np.int64(1) - training/off_policy/trajectory_spans/min:np.int64(1) - training/off_policy/trajectory_staleness/mean:np.float64(-1.0) - training/off_policy/trajectory_staleness/max:np.int64(-1) - training/off_policy/trajectory_staleness/min:np.int64(-1) - training/off_policy/trajectory_staleness_worst/mean:np.float64(-1.0) - training/off_policy/trajectory_staleness_worst/max:np.int64(-1) - training/off_policy/trajectory_staleness_worst/min:np.int64(-1)
[36m(TaskRunnerV1 pid=262098)[0m [RolloutTqSkip()] [33mInjected 16 cached trajectories from step 3 (4 prompts x 4) into TQ partition 'train' at current step 3[0m
[36m(WorkerDict pid=263345)[0m WARNING:2026-09-11 14:03:31,936:VERL_RESPONSE_ONLY_LM_HEAD_PROFILE {"active_ratio": 0.4998724489795918, "actual_logits_bytes": 0, "allocated_before_bytes": 4270881280, "backend": "fused", "calculate_entropy": true, "calculate_sum_pi_squared": false, "context_parallel_size": 2, "data_format": "thd", "dense_logits_bytes": 0, "dense_rows": 7840, "distillation_only": false, "elapsed_s": 0.12532697606366128, "element_size": 0, "entropy_from_logits_chunk_size": 2048, "entropy_from_logits_with_chunking": false, "event_id": 96, "logits_dtype": "none", "logits_saved_bytes": 0, "peak_allocated_bytes": 4367273984, "peak_increment_bytes": 96392704, "pipeline_parallel_size": 2, "projected_rows": 3919, "rank": 5, "response_only_enabled": true, "role": "actor", "selected_rows": 3919, "tensor_parallel_size": 2, "vocab_shard": 75968}
[36m(WorkerDict pid=263346)[0m WARNING:2026-09-11 14:03:31,948:VERL_RESPONSE_ONLY_LM_HEAD_PROFILE {"active_ratio": 0.5450255102040816, "actual_logits_bytes": 0, "allocated_before_bytes": 4270881280, "backend": "fused", "calculate_entropy": true, "calculate_sum_pi_squared": false, "context_parallel_size": 2, "data_format": "thd", "dense_logits_bytes": 0, "dense_rows": 7840, "distillation_only": false, "elapsed_s": 0.13768513198010623, "element_size": 0, "entropy_from_logits_chunk_size": 2048, "entropy_from_logits_with_chunking": false, "event_id": 96, "logits_dtype": "none", "logits_saved_bytes": 0, "peak_allocated_bytes": 4370179584, "peak_increment_bytes": 99298304, "pipeline_parallel_size": 2, "projected_rows": 4273, "rank": 6, "response_only_enabled": true, "role": "actor", "selected_rows": 4273, "tensor_parallel_size": 2, "vocab_shard": 75968}
[36m(WorkerDict pid=263347)[0m WARNING:2026-09-11 14:03:31,948:VERL_RESPONSE_ONLY_LM_HEAD_PROFILE {"active_ratio": 0.5450255102040816, "actual_logits_bytes": 0, "allocated_before_bytes": 4270881280, "backend": "fused", "calculate_entropy": true, "calculate_sum_pi_squared": false, "context_parallel_size": 2, "data_format": "thd", "dense_logits_bytes": 0, "dense_rows": 7840, "distillation_only": false, "elapsed_s": 0.13784201198723167, "element_size": 0, "entropy_from_logits_chunk_size": 2048, "entropy_from_logits_with_chunking": false, "event_id": 96, "logits_dtype": "none", "logits_saved_bytes": 0, "peak_allocated_bytes": 4370179584, "peak_increment_bytes": 99298304, "pipeline_parallel_size": 2, "projected_rows": 4273, "rank": 7, "response_only_enabled": true, "role": "actor", "selected_rows": 4273, "tensor_parallel_size": 2, "vocab_shard": 75968}
[36m(WorkerDict pid=263345)[0m WARNING:2026-09-11 14:03:32,358:VERL_RESPONSE_ONLY_LM_HEAD_PROFILE {"active_ratio": 0.4998724489795918, "actual_logits_bytes": 0, "allocated_before_bytes": 4271008768, "backend": "fused", "calculate_entropy": true, "calculate_sum_pi_squared": false, "context_parallel_size": 2, "data_format": "thd", "dense_logits_bytes": 0, "dense_rows": 7840, "distillation_only": false, "elapsed_s": 0.12547242606524378, "element_size": 0, "entropy_from_logits_chunk_size": 2048, "entropy_from_logits_with_chunking": false, "event_id": 97, "logits_dtype": "none", "logits_saved_bytes": 0, "peak_allocated_bytes": 4367401472, "peak_increment_bytes": 96392704, "pipeline_parallel_size": 2, "projected_rows": 3919, "rank": 5, "response_only_enabled": true, "role": "actor", "selected_rows": 3919, "tensor_parallel_size": 2, "vocab_shard": 75968}
[36m(WorkerDict pid=263346)[0m WARNING:2026-09-11 14:03:32,370:VERL_RESPONSE_ONLY_LM_HEAD_PROFILE {"active_ratio": 0.5450255102040816, "actual_logits_bytes": 0, "allocated_before_bytes": 4271008768, "backend": "fused", "calculate_entropy": true, "calculate_sum_pi_squared": false, "context_parallel_size": 2, "data_format": "thd", "dense_logits_bytes": 0, "dense_rows": 7840, "distillation_only": false, "elapsed_s": 0.13748062204103917, "element_size": 0, "entropy_from_logits_chunk_size": 2048, "entropy_from_logits_with_chunking": false, "event_id": 97, "logits_dtype": "none", "logits_saved_bytes": 0, "peak_allocated_bytes": 4370307072, "peak_increment_bytes": 99298304, "pipeline_parallel_size": 2, "projected_rows": 4273, "rank": 6, "response_only_enabled": true, "role": "actor", "selected_rows": 4273, "tensor_parallel_size": 2, "vocab_shard": 75968}
[36m(WorkerDict pid=263347)[0m WARNING:2026-09-11 14:03:32,370:VERL_RESPONSE_ONLY_LM_HEAD_PROFILE {"active_ratio": 0.5450255102040816, "actual_logits_bytes": 0, "allocated_before_bytes": 4271008768, "backend": "fused", "calculate_entropy": true, "calculate_sum_pi_squared": false, "context_parallel_size": 2, "data_format": "thd", "dense_logits_bytes": 0, "dense_rows": 7840, "distillation_only": false, "elapsed_s": 0.1374924419214949, "element_size": 0, "entropy_from_logits_chunk_size": 2048, "entropy_from_logits_with_chunking": false, "event_id": 97, "logits_dtype": "none", "logits_saved_bytes": 0, "peak_allocated_bytes": 4370307072, "peak_increment_bytes": 99298304, "pipeline_parallel_size": 2, "projected_rows": 4273, "rank": 7, "response_only_enabled": true, "role": "actor", "selected_rows": 4273, "tensor_parallel_size": 2, "vocab_shard": 75968}
[36m(WorkerDict pid=263345)[0m WARNING:2026-09-11 14:03:32,726:VERL_RESPONSE_ONLY_LM_HEAD_PROFILE {"active_ratio": 0.4998724489795918, "actual_logits_bytes": 0, "allocated_before_bytes": 4271135744, "backend": "fused", "calculate_entropy": true, "calculate_sum_pi_squared": false, "context_parallel_size": 2, "data_format": "thd", "dense_logits_bytes": 0, "dense_rows": 7840, "distillation_only": false, "elapsed_s": 0.12570997700095177, "element_size": 0, "entropy_from_logits_chunk_size": 2048, "entropy_from_logits_with_chunking": false, "event_id": 98, "logits_dtype": "none", "logits_saved_bytes": 0, "peak_allocated_bytes": 4367528448, "peak_increment_bytes": 96392704, "pipeline_parallel_size": 2, "projected_rows": 3919, "rank": 5, "response_only_enabled": true, "role": "actor", "selected_rows": 3919, "tensor_parallel_size": 2, "vocab_shard": 75968}
[36m(WorkerDict pid=263346)[0m WARNING:2026-09-11 14:03:32,737:VERL_RESPONSE_ONLY_LM_HEAD_PROFILE {"active_ratio": 0.5450255102040816, "actual_logits_bytes": 0, "allocated_before_bytes": 4271135744, "backend": "fused", "calculate_entropy": true, "calculate_sum_pi_squared": false, "context_parallel_size": 2, "data_format": "thd", "dense_logits_bytes": 0, "dense_rows": 7840, "distillation_only": false, "elapsed_s": 0.13687419204507023, "element_size": 0, "entropy_from_logits_chunk_size": 2048, "entropy_from_logits_with_chunking": false, "event_id": 98, "logits_dtype": "none", "logits_saved_bytes": 0, "peak_allocated_bytes": 4370434048, "peak_increment_bytes": 99298304, "pipeline_parallel_size": 2, "projected_rows": 4273, "rank": 6, "response_only_enabled": true, "role": "actor", "selected_rows": 4273, "tensor_parallel_size": 2, "vocab_shard": 75968}
[36m(WorkerDict pid=263347)[0m WARNING:2026-09-11 14:03:32,737:VERL_RESPONSE_ONLY_LM_HEAD_PROFILE {"active_ratio": 0.5450255102040816, "actual_logits_bytes": 0, "allocated_before_bytes": 4271135744, "backend": "fused", "calculate_entropy": true, "calculate_sum_pi_squared": false, "context_parallel_size": 2, "data_format": "thd", "dense_logits_bytes": 0, "dense_rows": 7840, "distillation_only": false, "elapsed_s": 0.13685129198711365, "element_size": 0, "entropy_from_logits_chunk_size": 2048, "entropy_from_logits_with_chunking": false, "event_id": 98, "logits_dtype": "none", "logits_saved_bytes": 0, "peak_allocated_bytes": 4370434048, "peak_increment_bytes": 99298304, "pipeline_parallel_size": 2, "projected_rows": 4273, "rank": 7, "response_only_enabled": true, "role": "actor", "selected_rows": 4273, "tensor_parallel_size": 2, "vocab_shard": 75968}
[36m(WorkerDict pid=263345)[0m WARNING:2026-09-11 14:03:33,093:VERL_RESPONSE_ONLY_LM_HEAD_PROFILE {"active_ratio": 0.4998724489795918, "actual_logits_bytes": 0, "allocated_before_bytes": 4271262720, "backend": "fused", "calculate_entropy": true, "calculate_sum_pi_squared": false, "context_parallel_size": 2, "data_format": "thd", "dense_logits_bytes": 0, "dense_rows": 7840, "distillation_only": false, "elapsed_s": 0.126159586943686, "element_size": 0, "entropy_from_logits_chunk_size": 2048, "entropy_from_logits_with_chunking": false, "event_id": 99, "logits_dtype": "none", "logits_saved_bytes": 0, "peak_allocated_bytes": 4367655424, "peak_increment_bytes": 96392704, "pipeline_parallel_size": 2, "projected_rows": 3919, "rank": 5, "response_only_enabled": true, "role": "actor", "selected_rows": 3919, "tensor_parallel_size": 2, "vocab_shard": 75968}
[36m(WorkerDict pid=263346)[0m WARNING:2026-09-11 14:03:33,104:VERL_RESPONSE_ONLY_LM_HEAD_PROFILE {"active_ratio": 0.5450255102040816, "actual_logits_bytes": 0, "allocated_before_bytes": 4271262720, "backend": "fused", "calculate_entropy": true, "calculate_sum_pi_squared": false, "context_parallel_size": 2, "data_format": "thd", "dense_logits_bytes": 0, "dense_rows": 7840, "distillation_only": false, "elapsed_s": 0.13745762198232114, "element_size": 0, "entropy_from_logits_chunk_size": 2048, "entropy_from_logits_with_chunking": false, "event_id": 99, "logits_dtype": "none", "logits_saved_bytes": 0, "peak_allocated_bytes": 4370561024, "peak_increment_bytes": 99298304, "pipeline_parallel_size": 2, "projected_rows": 4273, "rank": 6, "response_only_enabled": true, "role": "actor", "selected_rows": 4273, "tensor_parallel_size": 2, "vocab_shard": 75968}
[36m(WorkerDict pid=263347)[0m WARNING:2026-09-11 14:03:33,104:VERL_RESPONSE_ONLY_LM_HEAD_PROFILE {"active_ratio": 0.5450255102040816, "actual_logits_bytes": 0, "allocated_before_bytes": 4271262720, "backend": "fused", "calculate_entropy": true, "calculate_sum_pi_squared": false, "context_parallel_size": 2, "data_format": "thd", "dense_logits_bytes": 0, "dense_rows": 7840, "distillation_only": false, "elapsed_s": 0.13758464204147458, "element_size": 0, "entropy_from_logits_chunk_size": 2048, "entropy_from_logits_with_chunking": false, "event_id": 99, "logits_dtype": "none", "logits_saved_bytes": 0, "peak_allocated_bytes": 4370561024, "peak_increment_bytes": 99298304, "pipeline_parallel_size": 2, "projected_rows": 4273, "rank": 7, "response_only_enabled": true, "role": "actor", "selected_rows": 4273, "tensor_parallel_size": 2, "vocab_shard": 75968}
[36m(WorkerDict pid=263345)[0m WARNING:2026-09-11 14:03:33,461:VERL_RESPONSE_ONLY_LM_HEAD_PROFILE {"active_ratio": 0.4998724489795918, "actual_logits_bytes": 0, "allocated_before_bytes": 4271389696, "backend": "fused", "calculate_entropy": true, "calculate_sum_pi_squared": false, "context_parallel_size": 2, "data_format": "thd", "dense_logits_bytes": 0, "dense_rows": 7840, "distillation_only": false, "elapsed_s": 0.12649514595977962, "element_size": 0, "entropy_from_logits_chunk_size": 2048, "entropy_from_logits_with_chunking": false, "event_id": 100, "logits_dtype": "none", "logits_saved_bytes": 0, "peak_allocated_bytes": 4367782400, "peak_increment_bytes": 96392704, "pipeline_parallel_size": 2, "projected_rows": 3919, "rank": 5, "response_only_enabled": true, "role": "actor", "selected_rows": 3919, "tensor_parallel_size": 2, "vocab_shard": 75968}
[36m(WorkerDict pid=263346)[0m WARNING:2026-09-11 14:03:33,471:VERL_RESPONSE_ONLY_LM_HEAD_PROFILE {"active_ratio": 0.5450255102040816, "actual_logits_bytes": 0, "allocated_before_bytes": 4271389696, "backend": "fused", "calculate_entropy": true, "calculate_sum_pi_squared": false, "context_parallel_size": 2, "data_format": "thd", "dense_logits_bytes": 0, "dense_rows": 7840, "distillation_only": false, "elapsed_s": 0.136869300971739, "element_size": 0, "entropy_from_logits_chunk_size": 2048, "entropy_from_logits_with_chunking": false, "event_id": 100, "logits_dtype": "none", "logits_saved_bytes": 0, "peak_allocated_bytes": 4370688000, "peak_increment_bytes": 99298304, "pipeline_parallel_size": 2, "projected_rows": 4273, "rank": 6, "response_only_enabled": true, "role": "actor", "selected_rows": 4273, "tensor_parallel_size": 2, "vocab_shard": 75968}
[36m(WorkerDict pid=263347)[0m WARNING:2026-09-11 14:03:33,471:VERL_RESPONSE_ONLY_LM_HEAD_PROFILE {"active_ratio": 0.5450255102040816, "actual_logits_bytes": 0, "allocated_before_bytes": 4271389696, "backend": "fused", "calculate_entropy": true, "calculate_sum_pi_squared": false, "context_parallel_size": 2, "data_format": "thd", "dense_logits_bytes": 0, "dense_rows": 7840, "distillation_only": false, "elapsed_s": 0.13690745108760893, "element_size": 0, "entropy_from_logits_chunk_size": 2048, "entropy_from_logits_with_chunking": false, "event_id": 100, "logits_dtype": "none", "logits_saved_bytes": 0, "peak_allocated_bytes": 4370688000, "peak_increment_bytes": 99298304, "pipeline_parallel_size": 2, "projected_rows": 4273, "rank": 7, "response_only_enabled": true, "role": "actor", "selected_rows": 4273, "tensor_parallel_size": 2, "vocab_shard": 75968}
[36m(WorkerDict pid=263345)[0m WARNING:2026-09-11 14:03:33,827:VERL_RESPONSE_ONLY_LM_HEAD_PROFILE {"active_ratio": 0.4998724489795918, "actual_logits_bytes": 0, "allocated_before_bytes": 4271516672, "backend": "fused", "calculate_entropy": true, "calculate_sum_pi_squared": false, "context_parallel_size": 2, "data_format": "thd", "dense_logits_bytes": 0, "dense_rows": 7840, "distillation_only": false, "elapsed_s": 0.1255652760155499, "element_size": 0, "entropy_from_logits_chunk_size": 2048, "entropy_from_logits_with_chunking": false, "event_id": 101, "logits_dtype": "none", "logits_saved_bytes": 0, "peak_allocated_bytes": 4367909376, "peak_increment_bytes": 96392704, "pipeline_parallel_size": 2, "projected_rows": 3919, "rank": 5, "response_only_enabled": true, "role": "actor", "selected_rows": 3919, "tensor_parallel_size": 2, "vocab_shard": 75968}
[36m(WorkerDict pid=263346)[0m WARNING:2026-09-11 14:03:33,838:VERL_RESPONSE_ONLY_LM_HEAD_PROFILE {"active_ratio": 0.5450255102040816, "actual_logits_bytes": 0, "allocated_before_bytes": 4271516672, "backend": "fused", "calculate_entropy": true, "calculate_sum_pi_squared": false, "context_parallel_size": 2, "data_format": "thd", "dense_logits_bytes": 0, "dense_rows": 7840, "distillation_only": false, "elapsed_s": 0.1370391109958291, "element_size": 0, "entropy_from_logits_chunk_size": 2048, "entropy_from_logits_with_chunking": false, "event_id": 101, "logits_dtype": "none", "logits_saved_bytes": 0, "peak_allocated_bytes": 4370814976, "peak_increment_bytes": 99298304, "pipeline_parallel_size": 2, "projected_rows": 4273, "rank": 6, "response_only_enabled": true, "role": "actor", "selected_rows": 4273, "tensor_parallel_size": 2, "vocab_shard": 75968}
[36m(WorkerDict pid=263347)[0m WARNING:2026-09-11 14:03:33,838:VERL_RESPONSE_ONLY_LM_HEAD_PROFILE {"active_ratio": 0.5450255102040816, "actual_logits_bytes": 0, "allocated_before_bytes": 4271516672, "backend": "fused", "calculate_entropy": true, "calculate_sum_pi_squared": false, "context_parallel_size": 2, "data_format": "thd", "dense_logits_bytes": 0, "dense_rows": 7840, "distillation_only": false, "elapsed_s": 0.1368540310068056, "element_size": 0, "entropy_from_logits_chunk_size": 2048, "entropy_from_logits_with_chunking": false, "event_id": 101, "logits_dtype": "none", "logits_saved_bytes": 0, "peak_allocated_bytes": 4370814976, "peak_increment_bytes": 99298304, "pipeline_parallel_size": 2, "projected_rows": 4273, "rank": 7, "response_only_enabled": true, "role": "actor", "selected_rows": 4273, "tensor_parallel_size": 2, "vocab_shard": 75968}
[36m(WorkerDict pid=263345)[0m WARNING:2026-09-11 14:03:34,192:VERL_RESPONSE_ONLY_LM_HEAD_PROFILE {"active_ratio": 0.4998724489795918, "actual_logits_bytes": 0, "allocated_before_bytes": 4271643648, "backend": "fused", "calculate_entropy": true, "calculate_sum_pi_squared": false, "context_parallel_size": 2, "data_format": "thd", "dense_logits_bytes": 0, "dense_rows": 7840, "distillation_only": false, "elapsed_s": 0.12545031600166112, "element_size": 0, "entropy_from_logits_chunk_size": 2048, "entropy_from_logits_with_chunking": false, "event_id": 102, "logits_dtype": "none", "logits_saved_bytes": 0, "peak_allocated_bytes": 4368036352, "peak_increment_bytes": 96392704, "pipeline_parallel_size": 2, "projected_rows": 3919, "rank": 5, "response_only_enabled": true, "role": "actor", "selected_rows": 3919, "tensor_parallel_size": 2, "vocab_shard": 75968}
[36m(WorkerDict pid=263346)[0m WARNING:2026-09-11 14:03:34,204:VERL_RESPONSE_ONLY_LM_HEAD_PROFILE {"active_ratio": 0.5450255102040816, "actual_logits_bytes": 0, "allocated_before_bytes": 4271643648, "backend": "fused", "calculate_entropy": true, "calculate_sum_pi_squared": false, "context_parallel_size": 2, "data_format": "thd", "dense_logits_bytes": 0, "dense_rows": 7840, "distillation_only": false, "elapsed_s": 0.13719499099534005, "element_size": 0, "entropy_from_logits_chunk_size": 2048, "entropy_from_logits_with_chunking": false, "event_id": 102, "logits_dtype": "none", "logits_saved_bytes": 0, "peak_allocated_bytes": 4370941952, "peak_increment_bytes": 99298304, "pipeline_parallel_size": 2, "projected_rows": 4273, "rank": 6, "response_only_enabled": true, "role": "actor", "selected_rows": 4273, "tensor_parallel_size": 2, "vocab_shard": 75968}
[36m(WorkerDict pid=263347)[0m WARNING:2026-09-11 14:03:34,204:VERL_RESPONSE_ONLY_LM_HEAD_PROFILE {"active_ratio": 0.5450255102040816, "actual_logits_bytes": 0, "allocated_before_bytes": 4271643648, "backend": "fused", "calculate_entropy": true, "calculate_sum_pi_squared": false, "context_parallel_size": 2, "data_format": "thd", "dense_logits_bytes": 0, "dense_rows": 7840, "distillation_only": false, "elapsed_s": 0.13715656101703644, "element_size": 0, "entropy_from_logits_chunk_size": 2048, "entropy_from_logits_with_chunking": false, "event_id": 102, "logits_dtype": "none", "logits_saved_bytes": 0, "peak_allocated_bytes": 4370941952, "peak_increment_bytes": 99298304, "pipeline_parallel_size": 2, "projected_rows": 4273, "rank": 7, "response_only_enabled": true, "role": "actor", "selected_rows": 4273, "tensor_parallel_size": 2, "vocab_shard": 75968}
[36m(WorkerDict pid=263345)[0m WARNING:2026-09-11 14:03:34,558:VERL_RESPONSE_ONLY_LM_HEAD_PROFILE {"active_ratio": 0.4998724489795918, "actual_logits_bytes": 0, "allocated_before_bytes": 4271770624, "backend": "fused", "calculate_entropy": true, "calculate_sum_pi_squared": false, "context_parallel_size": 2, "data_format": "thd", "dense_logits_bytes": 0, "dense_rows": 7840, "distillation_only": false, "elapsed_s": 0.12550345598720014, "element_size": 0, "entropy_from_logits_chunk_size": 2048, "entropy_from_logits_with_chunking": false, "event_id": 103, "logits_dtype": "none", "logits_saved_bytes": 0, "peak_allocated_bytes": 4368163328, "peak_increment_bytes": 96392704, "pipeline_parallel_size": 2, "projected_rows": 3919, "rank": 5, "response_only_enabled": true, "role": "actor", "selected_rows": 3919, "tensor_parallel_size": 2, "vocab_shard": 75968}
[36m(WorkerDict pid=263346)[0m WARNING:2026-09-11 14:03:34,569:VERL_RESPONSE_ONLY_LM_HEAD_PROFILE {"active_ratio": 0.5450255102040816, "actual_logits_bytes": 0, "allocated_before_bytes": 4271770624, "backend": "fused", "calculate_entropy": true, "calculate_sum_pi_squared": false, "context_parallel_size": 2, "data_format": "thd", "dense_logits_bytes": 0, "dense_rows": 7840, "distillation_only": false, "elapsed_s": 0.1366848109755665, "element_size": 0, "entropy_from_logits_chunk_size": 2048, "entropy_from_logits_with_chunking": false, "event_id": 103, "logits_dtype": "none", "logits_saved_bytes": 0, "peak_allocated_bytes": 4371068928, "peak_increment_bytes": 99298304, "pipeline_parallel_size": 2, "projected_rows": 4273, "rank": 6, "response_only_enabled": true, "role": "actor", "selected_rows": 4273, "tensor_parallel_size": 2, "vocab_shard": 75968}
[36m(WorkerDict pid=263347)[0m WARNING:2026-09-11 14:03:34,569:VERL_RESPONSE_ONLY_LM_HEAD_PROFILE {"active_ratio": 0.5450255102040816, "actual_logits_bytes": 0, "allocated_before_bytes": 4271770624, "backend": "fused", "calculate_entropy": true, "calculate_sum_pi_squared": false, "context_parallel_size": 2, "data_format": "thd", "dense_logits_bytes": 0, "dense_rows": 7840, "distillation_only": false, "elapsed_s": 0.1366751310415566, "element_size": 0, "entropy_from_logits_chunk_size": 2048, "entropy_from_logits_with_chunking": false, "event_id": 103, "logits_dtype": "none", "logits_saved_bytes": 0, "peak_allocated_bytes": 4371068928, "peak_increment_bytes": 99298304, "pipeline_parallel_size": 2, "projected_rows": 4273, "rank": 7, "response_only_enabled": true, "role": "actor", "selected_rows": 4273, "tensor_parallel_size": 2, "vocab_shard": 75968}
[36m(WorkerDict pid=263345)[0m WARNING:2026-09-11 14:03:34,937:VERL_RESPONSE_ONLY_LM_HEAD_PROFILE {"active_ratio": 0.49913962635201575, "actual_logits_bytes": 0, "allocated_before_bytes": 4274348544, "backend": "fused", "calculate_entropy": true, "calculate_sum_pi_squared": false, "context_parallel_size": 2, "data_format": "thd", "dense_logits_bytes": 0, "dense_rows": 8136, "distillation_only": false, "elapsed_s": 0.12983956804964691, "element_size": 0, "entropy_from_logits_chunk_size": 2048, "entropy_from_logits_with_chunking": false, "event_id": 104, "logits_dtype": "none", "logits_saved_bytes": 0, "peak_allocated_bytes": 4374331392, "peak_increment_bytes": 99982848, "pipeline_parallel_size": 2, "projected_rows": 4061, "rank": 5, "response_only_enabled": true, "role": "actor", "selected_rows": 4061, "tensor_parallel_size": 2, "vocab_shard": 75968}
[36m(WorkerDict pid=263346)[0m WARNING:2026-09-11 14:03:34,940:VERL_RESPONSE_ONLY_LM_HEAD_PROFILE {"active_ratio": 0.5077433628318584, "actual_logits_bytes": 0, "allocated_before_bytes": 4274348544, "backend": "fused", "calculate_entropy": true, "calculate_sum_pi_squared": false, "context_parallel_size": 2, "data_format": "thd", "dense_logits_bytes": 0, "dense_rows": 8136, "distillation_only": false, "elapsed_s": 0.1329463489819318, "element_size": 0, "entropy_from_logits_chunk_size": 2048, "entropy_from_logits_with_chunking": false, "event_id": 104, "logits_dtype": "none", "logits_saved_bytes": 0, "peak_allocated_bytes": 4374906368, "peak_increment_bytes": 100557824, "pipeline_parallel_size": 2, "projected_rows": 4131, "rank": 6, "response_only_enabled": true, "role": "actor", "selected_rows": 4131, "tensor_parallel_size": 2, "vocab_shard": 75968}
[36m(WorkerDict pid=263347)[0m WARNING:2026-09-11 14:03:34,940:VERL_RESPONSE_ONLY_LM_HEAD_PROFILE {"active_ratio": 0.5077433628318584, "actual_logits_bytes": 0, "allocated_before_bytes": 4274348544, "backend": "fused", "calculate_entropy": true, "calculate_sum_pi_squared": false, "context_parallel_size": 2, "data_format": "thd", "dense_logits_bytes": 0, "dense_rows": 8136, "distillation_only": false, "elapsed_s": 0.1328646190231666, "element_size": 0, "entropy_from_logits_chunk_size": 2048, "entropy_from_logits_with_chunking": false, "event_id": 104, "logits_dtype": "none", "logits_saved_bytes": 0, "peak_allocated_bytes": 4374906368, "peak_increment_bytes": 100557824, "pipeline_parallel_size": 2, "projected_rows": 4131, "rank": 7, "response_only_enabled": true, "role": "actor", "selected_rows": 4131, "tensor_parallel_size": 2, "vocab_shard": 75968}
[36m(WorkerDict pid=263345)[0m WARNING:2026-09-11 14:03:35,305:VERL_RESPONSE_ONLY_LM_HEAD_PROFILE {"active_ratio": 0.49913962635201575, "actual_logits_bytes": 0, "allocated_before_bytes": 4274480640, "backend": "fused", "calculate_entropy": true, "calculate_sum_pi_squared": false, "context_parallel_size": 2, "data_format": "thd", "dense_logits_bytes": 0, "dense_rows": 8136, "distillation_only": false, "elapsed_s": 0.12915325805079192, "element_size": 0, "entropy_from_logits_chunk_size": 2048, "entropy_from_logits_with_chunking": false, "event_id": 105, "logits_dtype": "none", "logits_saved_bytes": 0, "peak_allocated_bytes": 4374463488, "peak_increment_bytes": 99982848, "pipeline_parallel_size": 2, "projected_rows": 4061, "rank": 5, "response_only_enabled": true, "role": "actor", "selected_rows": 4061, "tensor_parallel_size": 2, "vocab_shard": 75968}
[36m(WorkerDict pid=263346)[0m WARNING:2026-09-11 14:03:35,309:VERL_RESPONSE_ONLY_LM_HEAD_PROFILE {"active_ratio": 0.5077433628318584, "actual_logits_bytes": 0, "allocated_before_bytes": 4274480640, "backend": "fused", "calculate_entropy": true, "calculate_sum_pi_squared": false, "context_parallel_size": 2, "data_format": "thd", "dense_logits_bytes": 0, "dense_rows": 8136, "distillation_only": false, "elapsed_s": 0.13302742899395525, "element_size": 0, "entropy_from_logits_chunk_size": 2048, "entropy_from_logits_with_chunking": false, "event_id": 105, "logits_dtype": "none", "logits_saved_bytes": 0, "peak_allocated_bytes": 4375038464, "peak_increment_bytes": 100557824, "pipeline_parallel_size": 2, "projected_rows": 4131, "rank": 6, "response_only_enabled": true, "role": "actor", "selected_rows": 4131, "tensor_parallel_size": 2, "vocab_shard": 75968}
[36m(WorkerDict pid=263347)[0m WARNING:2026-09-11 14:03:35,309:VERL_RESPONSE_ONLY_LM_HEAD_PROFILE {"active_ratio": 0.5077433628318584, "actual_logits_bytes": 0, "allocated_before_bytes": 4274480640, "backend": "fused", "calculate_entropy": true, "calculate_sum_pi_squared": false, "context_parallel_size": 2, "data_format": "thd", "dense_logits_bytes": 0, "dense_rows": 8136, "distillation_only": false, "elapsed_s": 0.1330417289864272, "element_size": 0, "entropy_from_logits_chunk_size": 2048, "entropy_from_logits_with_chunking": false, "event_id": 105, "logits_dtype": "none", "logits_saved_bytes": 0, "peak_allocated_bytes": 4375038464, "peak_increment_bytes": 100557824, "pipeline_parallel_size": 2, "projected_rows": 4131, "rank": 7, "response_only_enabled": true, "role": "actor", "selected_rows": 4131, "tensor_parallel_size": 2, "vocab_shard": 75968}
[36m(WorkerDict pid=263345)[0m WARNING:2026-09-11 14:03:35,677:VERL_RESPONSE_ONLY_LM_HEAD_PROFILE {"active_ratio": 0.49913962635201575, "actual_logits_bytes": 0, "allocated_before_bytes": 4274612736, "backend": "fused", "calculate_entropy": true, "calculate_sum_pi_squared": false, "context_parallel_size": 2, "data_format": "thd", "dense_logits_bytes": 0, "dense_rows": 8136, "distillation_only": false, "elapsed_s": 0.13005234801676124, "element_size": 0, "entropy_from_logits_chunk_size": 2048, "entropy_from_logits_with_chunking": false, "event_id": 106, "logits_dtype": "none", "logits_saved_bytes": 0, "peak_allocated_bytes": 4374595584, "peak_increment_bytes": 99982848, "pipeline_parallel_size": 2, "projected_rows": 4061, "rank": 5, "response_only_enabled": true, "role": "actor", "selected_rows": 4061, "tensor_parallel_size": 2, "vocab_shard": 75968}
[36m(WorkerDict pid=263346)[0m WARNING:2026-09-11 14:03:35,679:VERL_RESPONSE_ONLY_LM_HEAD_PROFILE {"active_ratio": 0.5077433628318584, "actual_logits_bytes": 0, "allocated_before_bytes": 4274612736, "backend": "fused", "calculate_entropy": true, "calculate_sum_pi_squared": false, "context_parallel_size": 2, "data_format": "thd", "dense_logits_bytes": 0, "dense_rows": 8136, "distillation_only": false, "elapsed_s": 0.1325763100758195, "element_size": 0, "entropy_from_logits_chunk_size": 2048, "entropy_from_logits_with_chunking": false, "event_id": 106, "logits_dtype": "none", "logits_saved_bytes": 0, "peak_allocated_bytes": 4375170560, "peak_increment_bytes": 100557824, "pipeline_parallel_size": 2, "projected_rows": 4131, "rank": 6, "response_only_enabled": true, "role": "actor", "selected_rows": 4131, "tensor_parallel_size": 2, "vocab_shard": 75968}
[36m(WorkerDict pid=263347)[0m WARNING:2026-09-11 14:03:35,679:VERL_RESPONSE_ONLY_LM_HEAD_PROFILE {"active_ratio": 0.5077433628318584, "actual_logits_bytes": 0, "allocated_before_bytes": 4274612736, "backend": "fused", "calculate_entropy": true, "calculate_sum_pi_squared": false, "context_parallel_size": 2, "data_format": "thd", "dense_logits_bytes": 0, "dense_rows": 8136, "distillation_only": false, "elapsed_s": 0.132501230109483, "element_size": 0, "entropy_from_logits_chunk_size": 2048, "entropy_from_logits_with_chunking": false, "event_id": 106, "logits_dtype": "none", "logits_saved_bytes": 0, "peak_allocated_bytes": 4375170560, "peak_increment_bytes": 100557824, "pipeline_parallel_size": 2, "projected_rows": 4131, "rank": 7, "response_only_enabled": true, "role": "actor", "selected_rows": 4131, "tensor_parallel_size": 2, "vocab_shard": 75968}
[36m(WorkerDict pid=263345)[0m WARNING:2026-09-11 14:03:36,045:VERL_RESPONSE_ONLY_LM_HEAD_PROFILE {"active_ratio": 0.49913962635201575, "actual_logits_bytes": 0, "allocated_before_bytes": 4274744832, "backend": "fused", "calculate_entropy": true, "calculate_sum_pi_squared": false, "context_parallel_size": 2, "data_format": "thd", "dense_logits_bytes": 0, "dense_rows": 8136, "distillation_only": false, "elapsed_s": 0.12856742704752833, "element_size": 0, "entropy_from_logits_chunk_size": 2048, "entropy_from_logits_with_chunking": false, "event_id": 107, "logits_dtype": "none", "logits_saved_bytes": 0, "peak_allocated_bytes": 4374727680, "peak_increment_bytes": 99982848, "pipeline_parallel_size": 2, "projected_rows": 4061, "rank": 5, "response_only_enabled": true, "role": "actor", "selected_rows": 4061, "tensor_parallel_size": 2, "vocab_shard": 75968}
[36m(WorkerDict pid=263346)[0m WARNING:2026-09-11 14:03:36,049:VERL_RESPONSE_ONLY_LM_HEAD_PROFILE {"active_ratio": 0.5077433628318584, "actual_logits_bytes": 0, "allocated_before_bytes": 4274744832, "backend": "fused", "calculate_entropy": true, "calculate_sum_pi_squared": false, "context_parallel_size": 2, "data_format": "thd", "dense_logits_bytes": 0, "dense_rows": 8136, "distillation_only": false, "elapsed_s": 0.13312267896253616, "element_size": 0, "entropy_from_logits_chunk_size": 2048, "entropy_from_logits_with_chunking": false, "event_id": 107, "logits_dtype": "none", "logits_saved_bytes": 0, "peak_allocated_bytes": 4375302656, "peak_increment_bytes": 100557824, "pipeline_parallel_size": 2, "projected_rows": 4131, "rank": 6, "response_only_enabled": true, "role": "actor", "selected_rows": 4131, "tensor_parallel_size": 2, "vocab_shard": 75968}
[36m(WorkerDict pid=263347)[0m WARNING:2026-09-11 14:03:36,049:VERL_RESPONSE_ONLY_LM_HEAD_PROFILE {"active_ratio": 0.5077433628318584, "actual_logits_bytes": 0, "allocated_before_bytes": 4274744832, "backend": "fused", "calculate_entropy": true, "calculate_sum_pi_squared": false, "context_parallel_size": 2, "data_format": "thd", "dense_logits_bytes": 0, "dense_rows": 8136, "distillation_only": false, "elapsed_s": 0.1330589990830049, "element_size": 0, "entropy_from_logits_chunk_size": 2048, "entropy_from_logits_with_chunking": false, "event_id": 107, "logits_dtype": "none", "logits_saved_bytes": 0, "peak_allocated_bytes": 4375302656, "peak_increment_bytes": 100557824, "pipeline_parallel_size": 2, "projected_rows": 4131, "rank": 7, "response_only_enabled": true, "role": "actor", "selected_rows": 4131, "tensor_parallel_size": 2, "vocab_shard": 75968}
[36m(WorkerDict pid=263345)[0m WARNING:2026-09-11 14:03:36,416:VERL_RESPONSE_ONLY_LM_HEAD_PROFILE {"active_ratio": 0.49913962635201575, "actual_logits_bytes": 0, "allocated_before_bytes": 4274876928, "backend": "fused", "calculate_entropy": true, "calculate_sum_pi_squared": false, "context_parallel_size": 2, "data_format": "thd", "dense_logits_bytes": 0, "dense_rows": 8136, "distillation_only": false, "elapsed_s": 0.12891021696850657, "element_size": 0, "entropy_from_logits_chunk_size": 2048, "entropy_from_logits_with_chunking": false, "event_id": 108, "logits_dtype": "none", "logits_saved_bytes": 0, "peak_allocated_bytes": 4374859776, "peak_increment_bytes": 99982848, "pipeline_parallel_size": 2, "projected_rows": 4061, "rank": 5, "response_only_enabled": true, "role": "actor", "selected_rows": 4061, "tensor_parallel_size": 2, "vocab_shard": 75968}
[36m(WorkerDict pid=263346)[0m WARNING:2026-09-11 14:03:36,420:VERL_RESPONSE_ONLY_LM_HEAD_PROFILE {"active_ratio": 0.5077433628318584, "actual_logits_bytes": 0, "allocated_before_bytes": 4274876928, "backend": "fused", "calculate_entropy": true, "calculate_sum_pi_squared": false, "context_parallel_size": 2, "data_format": "thd", "dense_logits_bytes": 0, "dense_rows": 8136, "distillation_only": false, "elapsed_s": 0.1334313590778038, "element_size": 0, "entropy_from_logits_chunk_size": 2048, "entropy_from_logits_with_chunking": false, "event_id": 108, "logits_dtype": "none", "logits_saved_bytes": 0, "peak_allocated_bytes": 4375434752, "peak_increment_bytes": 100557824, "pipeline_parallel_size": 2, "projected_rows": 4131, "rank": 6, "response_only_enabled": true, "role": "actor", "selected_rows": 4131, "tensor_parallel_size": 2, "vocab_shard": 75968}
[36m(WorkerDict pid=263347)[0m WARNING:2026-09-11 14:03:36,420:VERL_RESPONSE_ONLY_LM_HEAD_PROFILE {"active_ratio": 0.5077433628318584, "actual_logits_bytes": 0, "allocated_before_bytes": 4274876928, "backend": "fused", "calculate_entropy": true, "calculate_sum_pi_squared": false, "context_parallel_size": 2, "data_format": "thd", "dense_logits_bytes": 0, "dense_rows": 8136, "distillation_only": false, "elapsed_s": 0.13345789909362793, "element_size": 0, "entropy_from_logits_chunk_size": 2048, "entropy_from_logits_with_chunking": false, "event_id": 108, "logits_dtype": "none", "logits_saved_bytes": 0, "peak_allocated_bytes": 4375434752, "peak_increment_bytes": 100557824, "pipeline_parallel_size": 2, "projected_rows": 4131, "rank": 7, "response_only_enabled": true, "role": "actor", "selected_rows": 4131, "tensor_parallel_size": 2, "vocab_shard": 75968}
[36m(WorkerDict pid=263345)[0m WARNING:2026-09-11 14:03:36,787:VERL_RESPONSE_ONLY_LM_HEAD_PROFILE {"active_ratio": 0.49913962635201575, "actual_logits_bytes": 0, "allocated_before_bytes": 4275009024, "backend": "fused", "calculate_entropy": true, "calculate_sum_pi_squared": false, "context_parallel_size": 2, "data_format": "thd", "dense_logits_bytes": 0, "dense_rows": 8136, "distillation_only": false, "elapsed_s": 0.12879479804541916, "element_size": 0, "entropy_from_logits_chunk_size": 2048, "entropy_from_logits_with_chunking": false, "event_id": 109, "logits_dtype": "none", "logits_saved_bytes": 0, "peak_allocated_bytes": 4374991872, "peak_increment_bytes": 99982848, "pipeline_parallel_size": 2, "projected_rows": 4061, "rank": 5, "response_only_enabled": true, "role": "actor", "selected_rows": 4061, "tensor_parallel_size": 2, "vocab_shard": 75968}
[36m(WorkerDict pid=263346)[0m WARNING:2026-09-11 14:03:36,791:VERL_RESPONSE_ONLY_LM_HEAD_PROFILE {"active_ratio": 0.5077433628318584, "actual_logits_bytes": 0, "allocated_before_bytes": 4275009024, "backend": "fused", "calculate_entropy": true, "calculate_sum_pi_squared": false, "context_parallel_size": 2, "data_format": "thd", "dense_logits_bytes": 0, "dense_rows": 8136, "distillation_only": false, "elapsed_s": 0.13175035896711051, "element_size": 0, "entropy_from_logits_chunk_size": 2048, "entropy_from_logits_with_chunking": false, "event_id": 109, "logits_dtype": "none", "logits_saved_bytes": 0, "peak_allocated_bytes": 4375566848, "peak_increment_bytes": 100557824, "pipeline_parallel_size": 2, "projected_rows": 4131, "rank": 6, "response_only_enabled": true, "role": "actor", "selected_rows": 4131, "tensor_parallel_size": 2, "vocab_shard": 75968}
[36m(WorkerDict pid=263347)[0m WARNING:2026-09-11 14:03:36,791:VERL_RESPONSE_ONLY_LM_HEAD_PROFILE {"active_ratio": 0.5077433628318584, "actual_logits_bytes": 0, "allocated_before_bytes": 4275009024, "backend": "fused", "calculate_entropy": true, "calculate_sum_pi_squared": false, "context_parallel_size": 2, "data_format": "thd", "dense_logits_bytes": 0, "dense_rows": 8136, "distillation_only": false, "elapsed_s": 0.13172769907396287, "element_size": 0, "entropy_from_logits_chunk_size": 2048, "entropy_from_logits_with_chunking": false, "event_id": 109, "logits_dtype": "none", "logits_saved_bytes": 0, "peak_allocated_bytes": 4375566848, "peak_increment_bytes": 100557824, "pipeline_parallel_size": 2, "projected_rows": 4131, "rank": 7, "response_only_enabled": true, "role": "actor", "selected_rows": 4131, "tensor_parallel_size": 2, "vocab_shard": 75968}
[36m(WorkerDict pid=263345)[0m WARNING:2026-09-11 14:03:37,158:VERL_RESPONSE_ONLY_LM_HEAD_PROFILE {"active_ratio": 0.49913962635201575, "actual_logits_bytes": 0, "allocated_before_bytes": 4275141120, "backend": "fused", "calculate_entropy": true, "calculate_sum_pi_squared": false, "context_parallel_size": 2, "data_format": "thd", "dense_logits_bytes": 0, "dense_rows": 8136, "distillation_only": false, "elapsed_s": 0.12979970802552998, "element_size": 0, "entropy_from_logits_chunk_size": 2048, "entropy_from_logits_with_chunking": false, "event_id": 110, "logits_dtype": "none", "logits_saved_bytes": 0, "peak_allocated_bytes": 4375123968, "peak_increment_bytes": 99982848, "pipeline_parallel_size": 2, "projected_rows": 4061, "rank": 5, "response_only_enabled": true, "role": "actor", "selected_rows": 4061, "tensor_parallel_size": 2, "vocab_shard": 75968}
[36m(WorkerDict pid=263346)[0m WARNING:2026-09-11 14:03:37,161:VERL_RESPONSE_ONLY_LM_HEAD_PROFILE {"active_ratio": 0.5077433628318584, "actual_logits_bytes": 0, "allocated_before_bytes": 4275141120, "backend": "fused", "calculate_entropy": true, "calculate_sum_pi_squared": false, "context_parallel_size": 2, "data_format": "thd", "dense_logits_bytes": 0, "dense_rows": 8136, "distillation_only": false, "elapsed_s": 0.13245100900530815, "element_size": 0, "entropy_from_logits_chunk_size": 2048, "entropy_from_logits_with_chunking": false, "event_id": 110, "logits_dtype": "none", "logits_saved_bytes": 0, "peak_allocated_bytes": 4375698944, "peak_increment_bytes": 100557824, "pipeline_parallel_size": 2, "projected_rows": 4131, "rank": 6, "response_only_enabled": true, "role": "actor", "selected_rows": 4131, "tensor_parallel_size": 2, "vocab_shard": 75968}
[36m(WorkerDict pid=263347)[0m WARNING:2026-09-11 14:03:37,161:VERL_RESPONSE_ONLY_LM_HEAD_PROFILE {"active_ratio": 0.5077433628318584, "actual_logits_bytes": 0, "allocated_before_bytes": 4275141120, "backend": "fused", "calculate_entropy": true, "calculate_sum_pi_squared": false, "context_parallel_size": 2, "data_format": "thd", "dense_logits_bytes": 0, "dense_rows": 8136, "distillation_only": false, "elapsed_s": 0.13244000892154872, "element_size": 0, "entropy_from_logits_chunk_size": 2048, "entropy_from_logits_with_chunking": false, "event_id": 110, "logits_dtype": "none", "logits_saved_bytes": 0, "peak_allocated_bytes": 4375698944, "peak_increment_bytes": 100557824, "pipeline_parallel_size": 2, "projected_rows": 4131, "rank": 7, "response_only_enabled": true, "role": "actor", "selected_rows": 4131, "tensor_parallel_size": 2, "vocab_shard": 75968}
[36m(WorkerDict pid=263345)[0m WARNING:2026-09-11 14:03:37,527:VERL_RESPONSE_ONLY_LM_HEAD_PROFILE {"active_ratio": 0.49913962635201575, "actual_logits_bytes": 0, "allocated_before_bytes": 4275273216, "backend": "fused", "calculate_entropy": true, "calculate_sum_pi_squared": false, "context_parallel_size": 2, "data_format": "thd", "dense_logits_bytes": 0, "dense_rows": 8136, "distillation_only": false, "elapsed_s": 0.12860233802348375, "element_size": 0, "entropy_from_logits_chunk_size": 2048, "entropy_from_logits_with_chunking": false, "event_id": 111, "logits_dtype": "none", "logits_saved_bytes": 0, "peak_allocated_bytes": 4375256064, "peak_increment_bytes": 99982848, "pipeline_parallel_size": 2, "projected_rows": 4061, "rank": 5, "response_only_enabled": true, "role": "actor", "selected_rows": 4061, "tensor_parallel_size": 2, "vocab_shard": 75968}
[36m(WorkerDict pid=263346)[0m WARNING:2026-09-11 14:03:37,530:VERL_RESPONSE_ONLY_LM_HEAD_PROFILE {"active_ratio": 0.5077433628318584, "actual_logits_bytes": 0, "allocated_before_bytes": 4275273216, "backend": "fused", "calculate_entropy": true, "calculate_sum_pi_squared": false, "context_parallel_size": 2, "data_format": "thd", "dense_logits_bytes": 0, "dense_rows": 8136, "distillation_only": false, "elapsed_s": 0.13225081900600344, "element_size": 0, "entropy_from_logits_chunk_size": 2048, "entropy_from_logits_with_chunking": false, "event_id": 111, "logits_dtype": "none", "logits_saved_bytes": 0, "peak_allocated_bytes": 4375831040, "peak_increment_bytes": 100557824, "pipeline_parallel_size": 2, "projected_rows": 4131, "rank": 6, "response_only_enabled": true, "role": "actor", "selected_rows": 4131, "tensor_parallel_size": 2, "vocab_shard": 75968}
[36m(WorkerDict pid=263347)[0m WARNING:2026-09-11 14:03:37,530:VERL_RESPONSE_ONLY_LM_HEAD_PROFILE {"active_ratio": 0.5077433628318584, "actual_logits_bytes": 0, "allocated_before_bytes": 4275273216, "backend": "fused", "calculate_entropy": true, "calculate_sum_pi_squared": false, "context_parallel_size": 2, "data_format": "thd", "dense_logits_bytes": 0, "dense_rows": 8136, "distillation_only": false, "elapsed_s": 0.13227643899153918, "element_size": 0, "entropy_from_logits_chunk_size": 2048, "entropy_from_logits_with_chunking": false, "event_id": 111, "logits_dtype": "none", "logits_saved_bytes": 0, "peak_allocated_bytes": 4375831040, "peak_increment_bytes": 100557824, "pipeline_parallel_size": 2, "projected_rows": 4131, "rank": 7, "response_only_enabled": true, "role": "actor", "selected_rows": 4131, "tensor_parallel_size": 2, "vocab_shard": 75968}
[36m(WorkerDict pid=263345)[0m WARNING:2026-09-11 14:03:42,975:VERL_RESPONSE_ONLY_LM_HEAD_PROFILE {"active_ratio": 0.4998724489795918, "actual_logits_bytes": 0, "allocated_before_bytes": 4272232960, "backend": "fused", "calculate_entropy": false, "calculate_sum_pi_squared": false, "context_parallel_size": 2, "data_format": "thd", "dense_logits_bytes": 0, "dense_rows": 7840, "distillation_only": false, "elapsed_s": 0.127199967042543, "element_size": 0, "entropy_from_logits_chunk_size": 2048, "entropy_from_logits_with_chunking": false, "event_id": 112, "logits_dtype": "none", "logits_saved_bytes": 0, "peak_allocated_bytes": 4368625664, "peak_increment_bytes": 96392704, "pipeline_parallel_size": 2, "projected_rows": 3919, "rank": 5, "response_only_enabled": true, "role": "ref", "selected_rows": 3919, "tensor_parallel_size": 2, "vocab_shard": 75968}
[36m(WorkerDict pid=263346)[0m WARNING:2026-09-11 14:03:42,984:VERL_RESPONSE_ONLY_LM_HEAD_PROFILE {"active_ratio": 0.5450255102040816, "actual_logits_bytes": 0, "allocated_before_bytes": 4272232960, "backend": "fused", "calculate_entropy": false, "calculate_sum_pi_squared": false, "context_parallel_size": 2, "data_format": "thd", "dense_logits_bytes": 0, "dense_rows": 7840, "distillation_only": false, "elapsed_s": 0.13663699093740433, "element_size": 0, "entropy_from_logits_chunk_size": 2048, "entropy_from_logits_with_chunking": false, "event_id": 112, "logits_dtype": "none", "logits_saved_bytes": 0, "peak_allocated_bytes": 4371531264, "peak_increment_bytes": 99298304, "pipeline_parallel_size": 2, "projected_rows": 4273, "rank": 6, "response_only_enabled": true, "role": "ref", "selected_rows": 4273, "tensor_parallel_size": 2, "vocab_shard": 75968}
[36m(WorkerDict pid=263347)[0m WARNING:2026-09-11 14:03:42,984:VERL_RESPONSE_ONLY_LM_HEAD_PROFILE {"active_ratio": 0.5450255102040816, "actual_logits_bytes": 0, "allocated_before_bytes": 4272232960, "backend": "fused", "calculate_entropy": false, "calculate_sum_pi_squared": false, "context_parallel_size": 2, "data_format": "thd", "dense_logits_bytes": 0, "dense_rows": 7840, "distillation_only": false, "elapsed_s": 0.13669343094807118, "element_size": 0, "entropy_from_logits_chunk_size": 2048, "entropy_from_logits_with_chunking": false, "event_id": 112, "logits_dtype": "none", "logits_saved_bytes": 0, "peak_allocated_bytes": 4371531264, "peak_increment_bytes": 99298304, "pipeline_parallel_size": 2, "projected_rows": 4273, "rank": 7, "response_only_enabled": true, "role": "ref", "selected_rows": 4273, "tensor_parallel_size": 2, "vocab_shard": 75968}
[36m(WorkerDict pid=263345)[0m WARNING:2026-09-11 14:03:43,340:VERL_RESPONSE_ONLY_LM_HEAD_PROFILE {"active_ratio": 0.4998724489795918, "actual_logits_bytes": 0, "allocated_before_bytes": 4272296960, "backend": "fused", "calculate_entropy": false, "calculate_sum_pi_squared": false, "context_parallel_size": 2, "data_format": "thd", "dense_logits_bytes": 0, "dense_rows": 7840, "distillation_only": false, "elapsed_s": 0.1260259369155392, "element_size": 0, "entropy_from_logits_chunk_size": 2048, "entropy_from_logits_with_chunking": false, "event_id": 113, "logits_dtype": "none", "logits_saved_bytes": 0, "peak_allocated_bytes": 4368689664, "peak_increment_bytes": 96392704, "pipeline_parallel_size": 2, "projected_rows": 3919, "rank": 5, "response_only_enabled": true, "role": "ref", "selected_rows": 3919, "tensor_parallel_size": 2, "vocab_shard": 75968}
[36m(WorkerDict pid=263346)[0m WARNING:2026-09-11 14:03:43,351:VERL_RESPONSE_ONLY_LM_HEAD_PROFILE {"active_ratio": 0.5450255102040816, "actual_logits_bytes": 0, "allocated_before_bytes": 4272296960, "backend": "fused", "calculate_entropy": false, "calculate_sum_pi_squared": false, "context_parallel_size": 2, "data_format": "thd", "dense_logits_bytes": 0, "dense_rows": 7840, "distillation_only": false, "elapsed_s": 0.13639864104334265, "element_size": 0, "entropy_from_logits_chunk_size": 2048, "entropy_from_logits_with_chunking": false, "event_id": 113, "logits_dtype": "none", "logits_saved_bytes": 0, "peak_allocated_bytes": 4371595264, "peak_increment_bytes": 99298304, "pipeline_parallel_size": 2, "projected_rows": 4273, "rank": 6, "response_only_enabled": true, "role": "ref", "selected_rows": 4273, "tensor_parallel_size": 2, "vocab_shard": 75968}
[36m(WorkerDict pid=263347)[0m WARNING:2026-09-11 14:03:43,351:VERL_RESPONSE_ONLY_LM_HEAD_PROFILE {"active_ratio": 0.5450255102040816, "actual_logits_bytes": 0, "allocated_before_bytes": 4272296960, "backend": "fused", "calculate_entropy": false, "calculate_sum_pi_squared": false, "context_parallel_size": 2, "data_format": "thd", "dense_logits_bytes": 0, "dense_rows": 7840, "distillation_only": false, "elapsed_s": 0.13631817104760557, "element_size": 0, "entropy_from_logits_chunk_size": 2048, "entropy_from_logits_with_chunking": false, "event_id": 113, "logits_dtype": "none", "logits_saved_bytes": 0, "peak_allocated_bytes": 4371595264, "peak_increment_bytes": 99298304, "pipeline_parallel_size": 2, "projected_rows": 4273, "rank": 7, "response_only_enabled": true, "role": "ref", "selected_rows": 4273, "tensor_parallel_size": 2, "vocab_shard": 75968}
[36m(WorkerDict pid=263345)[0m WARNING:2026-09-11 14:03:43,705:VERL_RESPONSE_ONLY_LM_HEAD_PROFILE {"active_ratio": 0.4998724489795918, "actual_logits_bytes": 0, "allocated_before_bytes": 4272360448, "backend": "fused", "calculate_entropy": false, "calculate_sum_pi_squared": false, "context_parallel_size": 2, "data_format": "thd", "dense_logits_bytes": 0, "dense_rows": 7840, "distillation_only": false, "elapsed_s": 0.12556246598251164, "element_size": 0, "entropy_from_logits_chunk_size": 2048, "entropy_from_logits_with_chunking": false, "event_id": 114, "logits_dtype": "none", "logits_saved_bytes": 0, "peak_allocated_bytes": 4368753152, "peak_increment_bytes": 96392704, "pipeline_parallel_size": 2, "projected_rows": 3919, "rank": 5, "response_only_enabled": true, "role": "ref", "selected_rows": 3919, "tensor_parallel_size": 2, "vocab_shard": 75968}
[36m(WorkerDict pid=263346)[0m WARNING:2026-09-11 14:03:43,716:VERL_RESPONSE_ONLY_LM_HEAD_PROFILE {"active_ratio": 0.5450255102040816, "actual_logits_bytes": 0, "allocated_before_bytes": 4272360448, "backend": "fused", "calculate_entropy": false, "calculate_sum_pi_squared": false, "context_parallel_size": 2, "data_format": "thd", "dense_logits_bytes": 0, "dense_rows": 7840, "distillation_only": false, "elapsed_s": 0.13685166102368385, "element_size": 0, "entropy_from_logits_chunk_size": 2048, "entropy_from_logits_with_chunking": false, "event_id": 114, "logits_dtype": "none", "logits_saved_bytes": 0, "peak_allocated_bytes": 4371658752, "peak_increment_bytes": 99298304, "pipeline_parallel_size": 2, "projected_rows": 4273, "rank": 6, "response_only_enabled": true, "role": "ref", "selected_rows": 4273, "tensor_parallel_size": 2, "vocab_shard": 75968}
[36m(WorkerDict pid=263347)[0m WARNING:2026-09-11 14:03:43,716:VERL_RESPONSE_ONLY_LM_HEAD_PROFILE {"active_ratio": 0.5450255102040816, "actual_logits_bytes": 0, "allocated_before_bytes": 4272360448, "backend": "fused", "calculate_entropy": false, "calculate_sum_pi_squared": false, "context_parallel_size": 2, "data_format": "thd", "dense_logits_bytes": 0, "dense_rows": 7840, "distillation_only": false, "elapsed_s": 0.1368636409752071, "element_size": 0, "entropy_from_logits_chunk_size": 2048, "entropy_from_logits_with_chunking": false, "event_id": 114, "logits_dtype": "none", "logits_saved_bytes": 0, "peak_allocated_bytes": 4371658752, "peak_increment_bytes": 99298304, "pipeline_parallel_size": 2, "projected_rows": 4273, "rank": 7, "response_only_enabled": true, "role": "ref", "selected_rows": 4273, "tensor_parallel_size": 2, "vocab_shard": 75968}
[36m(WorkerDict pid=263345)[0m WARNING:2026-09-11 14:03:44,071:VERL_RESPONSE_ONLY_LM_HEAD_PROFILE {"active_ratio": 0.4998724489795918, "actual_logits_bytes": 0, "allocated_before_bytes": 4272423936, "backend": "fused", "calculate_entropy": false, "calculate_sum_pi_squared": false, "context_parallel_size": 2, "data_format": "thd", "dense_logits_bytes": 0, "dense_rows": 7840, "distillation_only": false, "elapsed_s": 0.12551624595653266, "element_size": 0, "entropy_from_logits_chunk_size": 2048, "entropy_from_logits_with_chunking": false, "event_id": 115, "logits_dtype": "none", "logits_saved_bytes": 0, "peak_allocated_bytes": 4368816640, "peak_increment_bytes": 96392704, "pipeline_parallel_size": 2, "projected_rows": 3919, "rank": 5, "response_only_enabled": true, "role": "ref", "selected_rows": 3919, "tensor_parallel_size": 2, "vocab_shard": 75968}
[36m(WorkerDict pid=263346)[0m WARNING:2026-09-11 14:03:44,083:VERL_RESPONSE_ONLY_LM_HEAD_PROFILE {"active_ratio": 0.5450255102040816, "actual_logits_bytes": 0, "allocated_before_bytes": 4272423936, "backend": "fused", "calculate_entropy": false, "calculate_sum_pi_squared": false, "context_parallel_size": 2, "data_format": "thd", "dense_logits_bytes": 0, "dense_rows": 7840, "distillation_only": false, "elapsed_s": 0.13737095205578953, "element_size": 0, "entropy_from_logits_chunk_size": 2048, "entropy_from_logits_with_chunking": false, "event_id": 115, "logits_dtype": "none", "logits_saved_bytes": 0, "peak_allocated_bytes": 4371722240, "peak_increment_bytes": 99298304, "pipeline_parallel_size": 2, "projected_rows": 4273, "rank": 6, "response_only_enabled": true, "role": "ref", "selected_rows": 4273, "tensor_parallel_size": 2, "vocab_shard": 75968}
[36m(WorkerDict pid=263347)[0m WARNING:2026-09-11 14:03:44,083:VERL_RESPONSE_ONLY_LM_HEAD_PROFILE {"active_ratio": 0.5450255102040816, "actual_logits_bytes": 0, "allocated_before_bytes": 4272423936, "backend": "fused", "calculate_entropy": false, "calculate_sum_pi_squared": false, "context_parallel_size": 2, "data_format": "thd", "dense_logits_bytes": 0, "dense_rows": 7840, "distillation_only": false, "elapsed_s": 0.13743641204200685, "element_size": 0, "entropy_from_logits_chunk_size": 2048, "entropy_from_logits_with_chunking": false, "event_id": 115, "logits_dtype": "none", "logits_saved_bytes": 0, "peak_allocated_bytes": 4371722240, "peak_increment_bytes": 99298304, "pipeline_parallel_size": 2, "projected_rows": 4273, "rank": 7, "response_only_enabled": true, "role": "ref", "selected_rows": 4273, "tensor_parallel_size": 2, "vocab_shard": 75968}
[36m(WorkerDict pid=263345)[0m WARNING:2026-09-11 14:03:44,437:VERL_RESPONSE_ONLY_LM_HEAD_PROFILE {"active_ratio": 0.4998724489795918, "actual_logits_bytes": 0, "allocated_before_bytes": 4272487424, "backend": "fused", "calculate_entropy": false, "calculate_sum_pi_squared": false, "context_parallel_size": 2, "data_format": "thd", "dense_logits_bytes": 0, "dense_rows": 7840, "distillation_only": false, "elapsed_s": 0.12534401600714773, "element_size": 0, "entropy_from_logits_chunk_size": 2048, "entropy_from_logits_with_chunking": false, "event_id": 116, "logits_dtype": "none", "logits_saved_bytes": 0, "peak_allocated_bytes": 4368880128, "peak_increment_bytes": 96392704, "pipeline_parallel_size": 2, "projected_rows": 3919, "rank": 5, "response_only_enabled": true, "role": "ref", "selected_rows": 3919, "tensor_parallel_size": 2, "vocab_shard": 75968}
[36m(WorkerDict pid=263346)[0m WARNING:2026-09-11 14:03:44,448:VERL_RESPONSE_ONLY_LM_HEAD_PROFILE {"active_ratio": 0.5450255102040816, "actual_logits_bytes": 0, "allocated_before_bytes": 4272487424, "backend": "fused", "calculate_entropy": false, "calculate_sum_pi_squared": false, "context_parallel_size": 2, "data_format": "thd", "dense_logits_bytes": 0, "dense_rows": 7840, "distillation_only": false, "elapsed_s": 0.1365696711000055, "element_size": 0, "entropy_from_logits_chunk_size": 2048, "entropy_from_logits_with_chunking": false, "event_id": 116, "logits_dtype": "none", "logits_saved_bytes": 0, "peak_allocated_bytes": 4371785728, "peak_increment_bytes": 99298304, "pipeline_parallel_size": 2, "projected_rows": 4273, "rank": 6, "response_only_enabled": true, "role": "ref", "selected_rows": 4273, "tensor_parallel_size": 2, "vocab_shard": 75968}
[36m(WorkerDict pid=263347)[0m WARNING:2026-09-11 14:03:44,448:VERL_RESPONSE_ONLY_LM_HEAD_PROFILE {"active_ratio": 0.5450255102040816, "actual_logits_bytes": 0, "allocated_before_bytes": 4272487424, "backend": "fused", "calculate_entropy": false, "calculate_sum_pi_squared": false, "context_parallel_size": 2, "data_format": "thd", "dense_logits_bytes": 0, "dense_rows": 7840, "distillation_only": false, "elapsed_s": 0.1366083810571581, "element_size": 0, "entropy_from_logits_chunk_size": 2048, "entropy_from_logits_with_chunking": false, "event_id": 116, "logits_dtype": "none", "logits_saved_bytes": 0, "peak_allocated_bytes": 4371785728, "peak_increment_bytes": 99298304, "pipeline_parallel_size": 2, "projected_rows": 4273, "rank": 7, "response_only_enabled": true, "role": "ref", "selected_rows": 4273, "tensor_parallel_size": 2, "vocab_shard": 75968}
[36m(WorkerDict pid=263345)[0m WARNING:2026-09-11 14:03:44,803:VERL_RESPONSE_ONLY_LM_HEAD_PROFILE {"active_ratio": 0.4998724489795918, "actual_logits_bytes": 0, "allocated_before_bytes": 4272550912, "backend": "fused", "calculate_entropy": false, "calculate_sum_pi_squared": false, "context_parallel_size": 2, "data_format": "thd", "dense_logits_bytes": 0, "dense_rows": 7840, "distillation_only": false, "elapsed_s": 0.12602237600367516, "element_size": 0, "entropy_from_logits_chunk_size": 2048, "entropy_from_logits_with_chunking": false, "event_id": 117, "logits_dtype": "none", "logits_saved_bytes": 0, "peak_allocated_bytes": 4368943616, "peak_increment_bytes": 96392704, "pipeline_parallel_size": 2, "projected_rows": 3919, "rank": 5, "response_only_enabled": true, "role": "ref", "selected_rows": 3919, "tensor_parallel_size": 2, "vocab_shard": 75968}
[36m(WorkerDict pid=263346)[0m WARNING:2026-09-11 14:03:44,814:VERL_RESPONSE_ONLY_LM_HEAD_PROFILE {"active_ratio": 0.5450255102040816, "actual_logits_bytes": 0, "allocated_before_bytes": 4272550912, "backend": "fused", "calculate_entropy": false, "calculate_sum_pi_squared": false, "context_parallel_size": 2, "data_format": "thd", "dense_logits_bytes": 0, "dense_rows": 7840, "distillation_only": false, "elapsed_s": 0.13687290099915117, "element_size": 0, "entropy_from_logits_chunk_size": 2048, "entropy_from_logits_with_chunking": false, "event_id": 117, "logits_dtype": "none", "logits_saved_bytes": 0, "peak_allocated_bytes": 4371849216, "peak_increment_bytes": 99298304, "pipeline_parallel_size": 2, "projected_rows": 4273, "rank": 6, "response_only_enabled": true, "role": "ref", "selected_rows": 4273, "tensor_parallel_size": 2, "vocab_shard": 75968}
[36m(WorkerDict pid=263347)[0m WARNING:2026-09-11 14:03:44,814:VERL_RESPONSE_ONLY_LM_HEAD_PROFILE {"active_ratio": 0.5450255102040816, "actual_logits_bytes": 0, "allocated_before_bytes": 4272550912, "backend": "fused", "calculate_entropy": false, "calculate_sum_pi_squared": false, "context_parallel_size": 2, "data_format": "thd", "dense_logits_bytes": 0, "dense_rows": 7840, "distillation_only": false, "elapsed_s": 0.13685607095248997, "element_size": 0, "entropy_from_logits_chunk_size": 2048, "entropy_from_logits_with_chunking": false, "event_id": 117, "logits_dtype": "none", "logits_saved_bytes": 0, "peak_allocated_bytes": 4371849216, "peak_increment_bytes": 99298304, "pipeline_parallel_size": 2, "projected_rows": 4273, "rank": 7, "response_only_enabled": true, "role": "ref", "selected_rows": 4273, "tensor_parallel_size": 2, "vocab_shard": 75968}
[36m(WorkerDict pid=263345)[0m WARNING:2026-09-11 14:03:45,168:VERL_RESPONSE_ONLY_LM_HEAD_PROFILE {"active_ratio": 0.4998724489795918, "actual_logits_bytes": 0, "allocated_before_bytes": 4272614400, "backend": "fused", "calculate_entropy": false, "calculate_sum_pi_squared": false, "context_parallel_size": 2, "data_format": "thd", "dense_logits_bytes": 0, "dense_rows": 7840, "distillation_only": false, "elapsed_s": 0.1259849569760263, "element_size": 0, "entropy_from_logits_chunk_size": 2048, "entropy_from_logits_with_chunking": false, "event_id": 118, "logits_dtype": "none", "logits_saved_bytes": 0, "peak_allocated_bytes": 4369007104, "peak_increment_bytes": 96392704, "pipeline_parallel_size": 2, "projected_rows": 3919, "rank": 5, "response_only_enabled": true, "role": "ref", "selected_rows": 3919, "tensor_parallel_size": 2, "vocab_shard": 75968}
[36m(WorkerDict pid=263346)[0m WARNING:2026-09-11 14:03:45,180:VERL_RESPONSE_ONLY_LM_HEAD_PROFILE {"active_ratio": 0.5450255102040816, "actual_logits_bytes": 0, "allocated_before_bytes": 4272614400, "backend": "fused", "calculate_entropy": false, "calculate_sum_pi_squared": false, "context_parallel_size": 2, "data_format": "thd", "dense_logits_bytes": 0, "dense_rows": 7840, "distillation_only": false, "elapsed_s": 0.13795933197252452, "element_size": 0, "entropy_from_logits_chunk_size": 2048, "entropy_from_logits_with_chunking": false, "event_id": 118, "logits_dtype": "none", "logits_saved_bytes": 0, "peak_allocated_bytes": 4371912704, "peak_increment_bytes": 99298304, "pipeline_parallel_size": 2, "projected_rows": 4273, "rank": 6, "response_only_enabled": true, "role": "ref", "selected_rows": 4273, "tensor_parallel_size": 2, "vocab_shard": 75968}
[36m(WorkerDict pid=263347)[0m WARNING:2026-09-11 14:03:45,180:VERL_RESPONSE_ONLY_LM_HEAD_PROFILE {"active_ratio": 0.5450255102040816, "actual_logits_bytes": 0, "allocated_before_bytes": 4272614400, "backend": "fused", "calculate_entropy": false, "calculate_sum_pi_squared": false, "context_parallel_size": 2, "data_format": "thd", "dense_logits_bytes": 0, "dense_rows": 7840, "distillation_only": false, "elapsed_s": 0.13788098201621324, "element_size": 0, "entropy_from_logits_chunk_size": 2048, "entropy_from_logits_with_chunking": false, "event_id": 118, "logits_dtype": "none", "logits_saved_bytes": 0, "peak_allocated_bytes": 4371912704, "peak_increment_bytes": 99298304, "pipeline_parallel_size": 2, "projected_rows": 4273, "rank": 7, "response_only_enabled": true, "role": "ref", "selected_rows": 4273, "tensor_parallel_size": 2, "vocab_shard": 75968}
[36m(WorkerDict pid=263345)[0m WARNING:2026-09-11 14:03:45,535:VERL_RESPONSE_ONLY_LM_HEAD_PROFILE {"active_ratio": 0.4998724489795918, "actual_logits_bytes": 0, "allocated_before_bytes": 4272677888, "backend": "fused", "calculate_entropy": false, "calculate_sum_pi_squared": false, "context_parallel_size": 2, "data_format": "thd", "dense_logits_bytes": 0, "dense_rows": 7840, "distillation_only": false, "elapsed_s": 0.12575415603350848, "element_size": 0, "entropy_from_logits_chunk_size": 2048, "entropy_from_logits_with_chunking": false, "event_id": 119, "logits_dtype": "none", "logits_saved_bytes": 0, "peak_allocated_bytes": 4369070592, "peak_increment_bytes": 96392704, "pipeline_parallel_size": 2, "projected_rows": 3919, "rank": 5, "response_only_enabled": true, "role": "ref", "selected_rows": 3919, "tensor_parallel_size": 2, "vocab_shard": 75968}
[36m(WorkerDict pid=263346)[0m WARNING:2026-09-11 14:03:45,546:VERL_RESPONSE_ONLY_LM_HEAD_PROFILE {"active_ratio": 0.5450255102040816, "actual_logits_bytes": 0, "allocated_before_bytes": 4272677888, "backend": "fused", "calculate_entropy": false, "calculate_sum_pi_squared": false, "context_parallel_size": 2, "data_format": "thd", "dense_logits_bytes": 0, "dense_rows": 7840, "distillation_only": false, "elapsed_s": 0.1370752020739019, "element_size": 0, "entropy_from_logits_chunk_size": 2048, "entropy_from_logits_with_chunking": false, "event_id": 119, "logits_dtype": "none", "logits_saved_bytes": 0, "peak_allocated_bytes": 4371976192, "peak_increment_bytes": 99298304, "pipeline_parallel_size": 2, "projected_rows": 4273, "rank": 6, "response_only_enabled": true, "role": "ref", "selected_rows": 4273, "tensor_parallel_size": 2, "vocab_shard": 75968}
[36m(WorkerDict pid=263347)[0m WARNING:2026-09-11 14:03:45,546:VERL_RESPONSE_ONLY_LM_HEAD_PROFILE {"active_ratio": 0.5450255102040816, "actual_logits_bytes": 0, "allocated_before_bytes": 4272677888, "backend": "fused", "calculate_entropy": false, "calculate_sum_pi_squared": false, "context_parallel_size": 2, "data_format": "thd", "dense_logits_bytes": 0, "dense_rows": 7840, "distillation_only": false, "elapsed_s": 0.13709532201755792, "element_size": 0, "entropy_from_logits_chunk_size": 2048, "entropy_from_logits_with_chunking": false, "event_id": 119, "logits_dtype": "none", "logits_saved_bytes": 0, "peak_allocated_bytes": 4371976192, "peak_increment_bytes": 99298304, "pipeline_parallel_size": 2, "projected_rows": 4273, "rank": 7, "response_only_enabled": true, "role": "ref", "selected_rows": 4273, "tensor_parallel_size": 2, "vocab_shard": 75968}
[36m(WorkerDict pid=263345)[0m WARNING:2026-09-11 14:03:45,941:VERL_RESPONSE_ONLY_LM_HEAD_PROFILE {"active_ratio": 0.49913962635201575, "actual_logits_bytes": 0, "allocated_before_bytes": 4275194880, "backend": "fused", "calculate_entropy": false, "calculate_sum_pi_squared": false, "context_parallel_size": 2, "data_format": "thd", "dense_logits_bytes": 0, "dense_rows": 8136, "distillation_only": false, "elapsed_s": 0.12895115709397942, "element_size": 0, "entropy_from_logits_chunk_size": 2048, "entropy_from_logits_with_chunking": false, "event_id": 120, "logits_dtype": "none", "logits_saved_bytes": 0, "peak_allocated_bytes": 4375177728, "peak_increment_bytes": 99982848, "pipeline_parallel_size": 2, "projected_rows": 4061, "rank": 5, "response_only_enabled": true, "role": "ref", "selected_rows": 4061, "tensor_parallel_size": 2, "vocab_shard": 75968}
[36m(WorkerDict pid=263346)[0m WARNING:2026-09-11 14:03:45,945:VERL_RESPONSE_ONLY_LM_HEAD_PROFILE {"active_ratio": 0.5077433628318584, "actual_logits_bytes": 0, "allocated_before_bytes": 4275194880, "backend": "fused", "calculate_entropy": false, "calculate_sum_pi_squared": false, "context_parallel_size": 2, "data_format": "thd", "dense_logits_bytes": 0, "dense_rows": 8136, "distillation_only": false, "elapsed_s": 0.13284313899930567, "element_size": 0, "entropy_from_logits_chunk_size": 2048, "entropy_from_logits_with_chunking": false, "event_id": 120, "logits_dtype": "none", "logits_saved_bytes": 0, "peak_allocated_bytes": 4375752704, "peak_increment_bytes": 100557824, "pipeline_parallel_size": 2, "projected_rows": 4131, "rank": 6, "response_only_enabled": true, "role": "ref", "selected_rows": 4131, "tensor_parallel_size": 2, "vocab_shard": 75968}
[36m(WorkerDict pid=263347)[0m WARNING:2026-09-11 14:03:45,945:VERL_RESPONSE_ONLY_LM_HEAD_PROFILE {"active_ratio": 0.5077433628318584, "actual_logits_bytes": 0, "allocated_before_bytes": 4275194880, "backend": "fused", "calculate_entropy": false, "calculate_sum_pi_squared": false, "context_parallel_size": 2, "data_format": "thd", "dense_logits_bytes": 0, "dense_rows": 8136, "distillation_only": false, "elapsed_s": 0.13285384909249842, "element_size": 0, "entropy_from_logits_chunk_size": 2048, "entropy_from_logits_with_chunking": false, "event_id": 120, "logits_dtype": "none", "logits_saved_bytes": 0, "peak_allocated_bytes": 4375752704, "peak_increment_bytes": 100557824, "pipeline_parallel_size": 2, "projected_rows": 4131, "rank": 7, "response_only_enabled": true, "role": "ref", "selected_rows": 4131, "tensor_parallel_size": 2, "vocab_shard": 75968}
[36m(WorkerDict pid=263345)[0m WARNING:2026-09-11 14:03:46,312:VERL_RESPONSE_ONLY_LM_HEAD_PROFILE {"active_ratio": 0.49913962635201575, "actual_logits_bytes": 0, "allocated_before_bytes": 4275260928, "backend": "fused", "calculate_entropy": false, "calculate_sum_pi_squared": false, "context_parallel_size": 2, "data_format": "thd", "dense_logits_bytes": 0, "dense_rows": 8136, "distillation_only": false, "elapsed_s": 0.12869600800331682, "element_size": 0, "entropy_from_logits_chunk_size": 2048, "entropy_from_logits_with_chunking": false, "event_id": 121, "logits_dtype": "none", "logits_saved_bytes": 0, "peak_allocated_bytes": 4375243776, "peak_increment_bytes": 99982848, "pipeline_parallel_size": 2, "projected_rows": 4061, "rank": 5, "response_only_enabled": true, "role": "ref", "selected_rows": 4061, "tensor_parallel_size": 2, "vocab_shard": 75968}
[36m(WorkerDict pid=263346)[0m WARNING:2026-09-11 14:03:46,317:VERL_RESPONSE_ONLY_LM_HEAD_PROFILE {"active_ratio": 0.5077433628318584, "actual_logits_bytes": 0, "allocated_before_bytes": 4275260928, "backend": "fused", "calculate_entropy": false, "calculate_sum_pi_squared": false, "context_parallel_size": 2, "data_format": "thd", "dense_logits_bytes": 0, "dense_rows": 8136, "distillation_only": false, "elapsed_s": 0.13343965902458876, "element_size": 0, "entropy_from_logits_chunk_size": 2048, "entropy_from_logits_with_chunking": false, "event_id": 121, "logits_dtype": "none", "logits_saved_bytes": 0, "peak_allocated_bytes": 4375818752, "peak_increment_bytes": 100557824, "pipeline_parallel_size": 2, "projected_rows": 4131, "rank": 6, "response_only_enabled": true, "role": "ref", "selected_rows": 4131, "tensor_parallel_size": 2, "vocab_shard": 75968}
[36m(WorkerDict pid=263347)[0m WARNING:2026-09-11 14:03:46,317:VERL_RESPONSE_ONLY_LM_HEAD_PROFILE {"active_ratio": 0.5077433628318584, "actual_logits_bytes": 0, "allocated_before_bytes": 4275260928, "backend": "fused", "calculate_entropy": false, "calculate_sum_pi_squared": false, "context_parallel_size": 2, "data_format": "thd", "dense_logits_bytes": 0, "dense_rows": 8136, "distillation_only": false, "elapsed_s": 0.13339375890791416, "element_size": 0, "entropy_from_logits_chunk_size": 2048, "entropy_from_logits_with_chunking": false, "event_id": 121, "logits_dtype": "none", "logits_saved_bytes": 0, "peak_allocated_bytes": 4375818752, "peak_increment_bytes": 100557824, "pipeline_parallel_size": 2, "projected_rows": 4131, "rank": 7, "response_only_enabled": true, "role": "ref", "selected_rows": 4131, "tensor_parallel_size": 2, "vocab_shard": 75968}
[36m(WorkerDict pid=263345)[0m WARNING:2026-09-11 14:03:46,683:VERL_RESPONSE_ONLY_LM_HEAD_PROFILE {"active_ratio": 0.49913962635201575, "actual_logits_bytes": 0, "allocated_before_bytes": 4275326976, "backend": "fused", "calculate_entropy": false, "calculate_sum_pi_squared": false, "context_parallel_size": 2, "data_format": "thd", "dense_logits_bytes": 0, "dense_rows": 8136, "distillation_only": false, "elapsed_s": 0.1289558180142194, "element_size": 0, "entropy_from_logits_chunk_size": 2048, "entropy_from_logits_with_chunking": false, "event_id": 122, "logits_dtype": "none", "logits_saved_bytes": 0, "peak_allocated_bytes": 4375309824, "peak_increment_bytes": 99982848, "pipeline_parallel_size": 2, "projected_rows": 4061, "rank": 5, "response_only_enabled": true, "role": "ref", "selected_rows": 4061, "tensor_parallel_size": 2, "vocab_shard": 75968}
[36m(WorkerDict pid=263346)[0m WARNING:2026-09-11 14:03:46,686:VERL_RESPONSE_ONLY_LM_HEAD_PROFILE {"active_ratio": 0.5077433628318584, "actual_logits_bytes": 0, "allocated_before_bytes": 4275326976, "backend": "fused", "calculate_entropy": false, "calculate_sum_pi_squared": false, "context_parallel_size": 2, "data_format": "thd", "dense_logits_bytes": 0, "dense_rows": 8136, "distillation_only": false, "elapsed_s": 0.1325529390014708, "element_size": 0, "entropy_from_logits_chunk_size": 2048, "entropy_from_logits_with_chunking": false, "event_id": 122, "logits_dtype": "none", "logits_saved_bytes": 0, "peak_allocated_bytes": 4375884800, "peak_increment_bytes": 100557824, "pipeline_parallel_size": 2, "projected_rows": 4131, "rank": 6, "response_only_enabled": true, "role": "ref", "selected_rows": 4131, "tensor_parallel_size": 2, "vocab_shard": 75968}
[36m(WorkerDict pid=263347)[0m WARNING:2026-09-11 14:03:46,686:VERL_RESPONSE_ONLY_LM_HEAD_PROFILE {"active_ratio": 0.5077433628318584, "actual_logits_bytes": 0, "allocated_before_bytes": 4275326976, "backend": "fused", "calculate_entropy": false, "calculate_sum_pi_squared": false, "context_parallel_size": 2, "data_format": "thd", "dense_logits_bytes": 0, "dense_rows": 8136, "distillation_only": false, "elapsed_s": 0.13259274896699935, "element_size": 0, "entropy_from_logits_chunk_size": 2048, "entropy_from_logits_with_chunking": false, "event_id": 122, "logits_dtype": "none", "logits_saved_bytes": 0, "peak_allocated_bytes": 4375884800, "peak_increment_bytes": 100557824, "pipeline_parallel_size": 2, "projected_rows": 4131, "rank": 7, "response_only_enabled": true, "role": "ref", "selected_rows": 4131, "tensor_parallel_size": 2, "vocab_shard": 75968}
[36m(WorkerDict pid=263345)[0m WARNING:2026-09-11 14:03:47,053:VERL_RESPONSE_ONLY_LM_HEAD_PROFILE {"active_ratio": 0.49913962635201575, "actual_logits_bytes": 0, "allocated_before_bytes": 4275393024, "backend": "fused", "calculate_entropy": false, "calculate_sum_pi_squared": false, "context_parallel_size": 2, "data_format": "thd", "dense_logits_bytes": 0, "dense_rows": 8136, "distillation_only": false, "elapsed_s": 0.12948988797143102, "element_size": 0, "entropy_from_logits_chunk_size": 2048, "entropy_from_logits_with_chunking": false, "event_id": 123, "logits_dtype": "none", "logits_saved_bytes": 0, "peak_allocated_bytes": 4375375872, "peak_increment_bytes": 99982848, "pipeline_parallel_size": 2, "projected_rows": 4061, "rank": 5, "response_only_enabled": true, "role": "ref", "selected_rows": 4061, "tensor_parallel_size": 2, "vocab_shard": 75968}
[36m(WorkerDict pid=263346)[0m WARNING:2026-09-11 14:03:47,056:VERL_RESPONSE_ONLY_LM_HEAD_PROFILE {"active_ratio": 0.5077433628318584, "actual_logits_bytes": 0, "allocated_before_bytes": 4275393024, "backend": "fused", "calculate_entropy": false, "calculate_sum_pi_squared": false, "context_parallel_size": 2, "data_format": "thd", "dense_logits_bytes": 0, "dense_rows": 8136, "distillation_only": false, "elapsed_s": 0.13266270991880447, "element_size": 0, "entropy_from_logits_chunk_size": 2048, "entropy_from_logits_with_chunking": false, "event_id": 123, "logits_dtype": "none", "logits_saved_bytes": 0, "peak_allocated_bytes": 4375950848, "peak_increment_bytes": 100557824, "pipeline_parallel_size": 2, "projected_rows": 4131, "rank": 6, "response_only_enabled": true, "role": "ref", "selected_rows": 4131, "tensor_parallel_size": 2, "vocab_shard": 75968}
[36m(WorkerDict pid=263347)[0m WARNING:2026-09-11 14:03:47,056:VERL_RESPONSE_ONLY_LM_HEAD_PROFILE {"active_ratio": 0.5077433628318584, "actual_logits_bytes": 0, "allocated_before_bytes": 4275393024, "backend": "fused", "calculate_entropy": false, "calculate_sum_pi_squared": false, "context_parallel_size": 2, "data_format": "thd", "dense_logits_bytes": 0, "dense_rows": 8136, "distillation_only": false, "elapsed_s": 0.13269489991944283, "element_size": 0, "entropy_from_logits_chunk_size": 2048, "entropy_from_logits_with_chunking": false, "event_id": 123, "logits_dtype": "none", "logits_saved_bytes": 0, "peak_allocated_bytes": 4375950848, "peak_increment_bytes": 100557824, "pipeline_parallel_size": 2, "projected_rows": 4131, "rank": 7, "response_only_enabled": true, "role": "ref", "selected_rows": 4131, "tensor_parallel_size": 2, "vocab_shard": 75968}
[36m(WorkerDict pid=263345)[0m WARNING:2026-09-11 14:03:47,425:VERL_RESPONSE_ONLY_LM_HEAD_PROFILE {"active_ratio": 0.49913962635201575, "actual_logits_bytes": 0, "allocated_before_bytes": 4275459072, "backend": "fused", "calculate_entropy": false, "calculate_sum_pi_squared": false, "context_parallel_size": 2, "data_format": "thd", "dense_logits_bytes": 0, "dense_rows": 8136, "distillation_only": false, "elapsed_s": 0.13140243897214532, "element_size": 0, "entropy_from_logits_chunk_size": 2048, "entropy_from_logits_with_chunking": false, "event_id": 124, "logits_dtype": "none", "logits_saved_bytes": 0, "peak_allocated_bytes": 4375441920, "peak_increment_bytes": 99982848, "pipeline_parallel_size": 2, "projected_rows": 4061, "rank": 5, "response_only_enabled": true, "role": "ref", "selected_rows": 4061, "tensor_parallel_size": 2, "vocab_shard": 75968}
[36m(WorkerDict pid=263346)[0m WARNING:2026-09-11 14:03:47,426:VERL_RESPONSE_ONLY_LM_HEAD_PROFILE {"active_ratio": 0.5077433628318584, "actual_logits_bytes": 0, "allocated_before_bytes": 4275459072, "backend": "fused", "calculate_entropy": false, "calculate_sum_pi_squared": false, "context_parallel_size": 2, "data_format": "thd", "dense_logits_bytes": 0, "dense_rows": 8136, "distillation_only": false, "elapsed_s": 0.1325985190924257, "element_size": 0, "entropy_from_logits_chunk_size": 2048, "entropy_from_logits_with_chunking": false, "event_id": 124, "logits_dtype": "none", "logits_saved_bytes": 0, "peak_allocated_bytes": 4376016896, "peak_increment_bytes": 100557824, "pipeline_parallel_size": 2, "projected_rows": 4131, "rank": 6, "response_only_enabled": true, "role": "ref", "selected_rows": 4131, "tensor_parallel_size": 2, "vocab_shard": 75968}
[36m(WorkerDict pid=263347)[0m WARNING:2026-09-11 14:03:47,426:VERL_RESPONSE_ONLY_LM_HEAD_PROFILE {"active_ratio": 0.5077433628318584, "actual_logits_bytes": 0, "allocated_before_bytes": 4275459072, "backend": "fused", "calculate_entropy": false, "calculate_sum_pi_squared": false, "context_parallel_size": 2, "data_format": "thd", "dense_logits_bytes": 0, "dense_rows": 8136, "distillation_only": false, "elapsed_s": 0.13256607903167605, "element_size": 0, "entropy_from_logits_chunk_size": 2048, "entropy_from_logits_with_chunking": false, "event_id": 124, "logits_dtype": "none", "logits_saved_bytes": 0, "peak_allocated_bytes": 4376016896, "peak_increment_bytes": 100557824, "pipeline_parallel_size": 2, "projected_rows": 4131, "rank": 7, "response_only_enabled": true, "role": "ref", "selected_rows": 4131, "tensor_parallel_size": 2, "vocab_shard": 75968}
[36m(WorkerDict pid=263345)[0m WARNING:2026-09-11 14:03:47,793:VERL_RESPONSE_ONLY_LM_HEAD_PROFILE {"active_ratio": 0.49913962635201575, "actual_logits_bytes": 0, "allocated_before_bytes": 4275525120, "backend": "fused", "calculate_entropy": false, "calculate_sum_pi_squared": false, "context_parallel_size": 2, "data_format": "thd", "dense_logits_bytes": 0, "dense_rows": 8136, "distillation_only": false, "elapsed_s": 0.12937600794248283, "element_size": 0, "entropy_from_logits_chunk_size": 2048, "entropy_from_logits_with_chunking": false, "event_id": 125, "logits_dtype": "none", "logits_saved_bytes": 0, "peak_allocated_bytes": 4375507968, "peak_increment_bytes": 99982848, "pipeline_parallel_size": 2, "projected_rows": 4061, "rank": 5, "response_only_enabled": true, "role": "ref", "selected_rows": 4061, "tensor_parallel_size": 2, "vocab_shard": 75968}
[36m(WorkerDict pid=263346)[0m WARNING:2026-09-11 14:03:47,797:VERL_RESPONSE_ONLY_LM_HEAD_PROFILE {"active_ratio": 0.5077433628318584, "actual_logits_bytes": 0, "allocated_before_bytes": 4275525120, "backend": "fused", "calculate_entropy": false, "calculate_sum_pi_squared": false, "context_parallel_size": 2, "data_format": "thd", "dense_logits_bytes": 0, "dense_rows": 8136, "distillation_only": false, "elapsed_s": 0.13355004007462412, "element_size": 0, "entropy_from_logits_chunk_size": 2048, "entropy_from_logits_with_chunking": false, "event_id": 125, "logits_dtype": "none", "logits_saved_bytes": 0, "peak_allocated_bytes": 4376082944, "peak_increment_bytes": 100557824, "pipeline_parallel_size": 2, "projected_rows": 4131, "rank": 6, "response_only_enabled": true, "role": "ref", "selected_rows": 4131, "tensor_parallel_size": 2, "vocab_shard": 75968}
[36m(WorkerDict pid=263347)[0m WARNING:2026-09-11 14:03:47,797:VERL_RESPONSE_ONLY_LM_HEAD_PROFILE {"active_ratio": 0.5077433628318584, "actual_logits_bytes": 0, "allocated_before_bytes": 4275525120, "backend": "fused", "calculate_entropy": false, "calculate_sum_pi_squared": false, "context_parallel_size": 2, "data_format": "thd", "dense_logits_bytes": 0, "dense_rows": 8136, "distillation_only": false, "elapsed_s": 0.13357614004053175, "element_size": 0, "entropy_from_logits_chunk_size": 2048, "entropy_from_logits_with_chunking": false, "event_id": 125, "logits_dtype": "none", "logits_saved_bytes": 0, "peak_allocated_bytes": 4376082944, "peak_increment_bytes": 100557824, "pipeline_parallel_size": 2, "projected_rows": 4131, "rank": 7, "response_only_enabled": true, "role": "ref", "selected_rows": 4131, "tensor_parallel_size": 2, "vocab_shard": 75968}
[36m(WorkerDict pid=263345)[0m WARNING:2026-09-11 14:03:48,164:VERL_RESPONSE_ONLY_LM_HEAD_PROFILE {"active_ratio": 0.49913962635201575, "actual_logits_bytes": 0, "allocated_before_bytes": 4275591168, "backend": "fused", "calculate_entropy": false, "calculate_sum_pi_squared": false, "context_parallel_size": 2, "data_format": "thd", "dense_logits_bytes": 0, "dense_rows": 8136, "distillation_only": false, "elapsed_s": 0.12851592793595046, "element_size": 0, "entropy_from_logits_chunk_size": 2048, "entropy_from_logits_with_chunking": false, "event_id": 126, "logits_dtype": "none", "logits_saved_bytes": 0, "peak_allocated_bytes": 4375574016, "peak_increment_bytes": 99982848, "pipeline_parallel_size": 2, "projected_rows": 4061, "rank": 5, "response_only_enabled": true, "role": "ref", "selected_rows": 4061, "tensor_parallel_size": 2, "vocab_shard": 75968}
[36m(WorkerDict pid=263346)[0m WARNING:2026-09-11 14:03:48,167:VERL_RESPONSE_ONLY_LM_HEAD_PROFILE {"active_ratio": 0.5077433628318584, "actual_logits_bytes": 0, "allocated_before_bytes": 4275591168, "backend": "fused", "calculate_entropy": false, "calculate_sum_pi_squared": false, "context_parallel_size": 2, "data_format": "thd", "dense_logits_bytes": 0, "dense_rows": 8136, "distillation_only": false, "elapsed_s": 0.13259143999312073, "element_size": 0, "entropy_from_logits_chunk_size": 2048, "entropy_from_logits_with_chunking": false, "event_id": 126, "logits_dtype": "none", "logits_saved_bytes": 0, "peak_allocated_bytes": 4376148992, "peak_increment_bytes": 100557824, "pipeline_parallel_size": 2, "projected_rows": 4131, "rank": 6, "response_only_enabled": true, "role": "ref", "selected_rows": 4131, "tensor_parallel_size": 2, "vocab_shard": 75968}
[36m(WorkerDict pid=263347)[0m WARNING:2026-09-11 14:03:48,168:VERL_RESPONSE_ONLY_LM_HEAD_PROFILE {"active_ratio": 0.5077433628318584, "actual_logits_bytes": 0, "allocated_before_bytes": 4275591168, "backend": "fused", "calculate_entropy": false, "calculate_sum_pi_squared": false, "context_parallel_size": 2, "data_format": "thd", "dense_logits_bytes": 0, "dense_rows": 8136, "distillation_only": false, "elapsed_s": 0.13266703998669982, "element_size": 0, "entropy_from_logits_chunk_size": 2048, "entropy_from_logits_with_chunking": false, "event_id": 126, "logits_dtype": "none", "logits_saved_bytes": 0, "peak_allocated_bytes": 4376148992, "peak_increment_bytes": 100557824, "pipeline_parallel_size": 2, "projected_rows": 4131, "rank": 7, "response_only_enabled": true, "role": "ref", "selected_rows": 4131, "tensor_parallel_size": 2, "vocab_shard": 75968}
[36m(WorkerDict pid=263345)[0m WARNING:2026-09-11 14:03:48,535:VERL_RESPONSE_ONLY_LM_HEAD_PROFILE {"active_ratio": 0.49913962635201575, "actual_logits_bytes": 0, "allocated_before_bytes": 4275657216, "backend": "fused", "calculate_entropy": false, "calculate_sum_pi_squared": false, "context_parallel_size": 2, "data_format": "thd", "dense_logits_bytes": 0, "dense_rows": 8136, "distillation_only": false, "elapsed_s": 0.12963156797923148, "element_size": 0, "entropy_from_logits_chunk_size": 2048, "entropy_from_logits_with_chunking": false, "event_id": 127, "logits_dtype": "none", "logits_saved_bytes": 0, "peak_allocated_bytes": 4375640064, "peak_increment_bytes": 99982848, "pipeline_parallel_size": 2, "projected_rows": 4061, "rank": 5, "response_only_enabled": true, "role": "ref", "selected_rows": 4061, "tensor_parallel_size": 2, "vocab_shard": 75968}
[36m(WorkerDict pid=263346)[0m WARNING:2026-09-11 14:03:48,538:VERL_RESPONSE_ONLY_LM_HEAD_PROFILE {"active_ratio": 0.5077433628318584, "actual_logits_bytes": 0, "allocated_before_bytes": 4275657216, "backend": "fused", "calculate_entropy": false, "calculate_sum_pi_squared": false, "context_parallel_size": 2, "data_format": "thd", "dense_logits_bytes": 0, "dense_rows": 8136, "distillation_only": false, "elapsed_s": 0.13350500899832696, "element_size": 0, "entropy_from_logits_chunk_size": 2048, "entropy_from_logits_with_chunking": false, "event_id": 127, "logits_dtype": "none", "logits_saved_bytes": 0, "peak_allocated_bytes": 4376215040, "peak_increment_bytes": 100557824, "pipeline_parallel_size": 2, "projected_rows": 4131, "rank": 6, "response_only_enabled": true, "role": "ref", "selected_rows": 4131, "tensor_parallel_size": 2, "vocab_shard": 75968}
[36m(WorkerDict pid=263347)[0m WARNING:2026-09-11 14:03:48,538:VERL_RESPONSE_ONLY_LM_HEAD_PROFILE {"active_ratio": 0.5077433628318584, "actual_logits_bytes": 0, "allocated_before_bytes": 4275657216, "backend": "fused", "calculate_entropy": false, "calculate_sum_pi_squared": false, "context_parallel_size": 2, "data_format": "thd", "dense_logits_bytes": 0, "dense_rows": 8136, "distillation_only": false, "elapsed_s": 0.1335552689852193, "element_size": 0, "entropy_from_logits_chunk_size": 2048, "entropy_from_logits_with_chunking": false, "event_id": 127, "logits_dtype": "none", "logits_saved_bytes": 0, "peak_allocated_bytes": 4376215040, "peak_increment_bytes": 100557824, "pipeline_parallel_size": 2, "projected_rows": 4131, "rank": 7, "response_only_enabled": true, "role": "ref", "selected_rows": 4131, "tensor_parallel_size": 2, "vocab_shard": 75968}
[36m(WorkerDict pid=263345)[0m WARNING:2026-09-11 14:03:56,493:VERL_RESPONSE_ONLY_LM_HEAD_PROFILE {"active_ratio": 0.4998724489795918, "actual_logits_bytes": 0, "allocated_before_bytes": 25327996416, "backend": "fused", "calculate_entropy": true, "calculate_sum_pi_squared": false, "context_parallel_size": 2, "data_format": "thd", "dense_logits_bytes": 0, "dense_rows": 7840, "distillation_only": false, "elapsed_s": 0.12638337595853955, "element_size": 0, "entropy_from_logits_chunk_size": 2048, "entropy_from_logits_with_chunking": false, "event_id": 128, "logits_dtype": "none", "logits_saved_bytes": 0, "peak_allocated_bytes": 25424389120, "peak_increment_bytes": 96392704, "pipeline_parallel_size": 2, "projected_rows": 3919, "rank": 5, "response_only_enabled": true, "role": "actor", "selected_rows": 3919, "tensor_parallel_size": 2, "vocab_shard": 75968}
[36m(WorkerDict pid=263346)[0m WARNING:2026-09-11 14:03:56,504:VERL_RESPONSE_ONLY_LM_HEAD_PROFILE {"active_ratio": 0.5450255102040816, "actual_logits_bytes": 0, "allocated_before_bytes": 25327996416, "backend": "fused", "calculate_entropy": true, "calculate_sum_pi_squared": false, "context_parallel_size": 2, "data_format": "thd", "dense_logits_bytes": 0, "dense_rows": 7840, "distillation_only": false, "elapsed_s": 0.13714762101881206, "element_size": 0, "entropy_from_logits_chunk_size": 2048, "entropy_from_logits_with_chunking": false, "event_id": 128, "logits_dtype": "none", "logits_saved_bytes": 0, "peak_allocated_bytes": 25427294720, "peak_increment_bytes": 99298304, "pipeline_parallel_size": 2, "projected_rows": 4273, "rank": 6, "response_only_enabled": true, "role": "actor", "selected_rows": 4273, "tensor_parallel_size": 2, "vocab_shard": 75968}
[36m(WorkerDict pid=263347)[0m WARNING:2026-09-11 14:03:56,504:VERL_RESPONSE_ONLY_LM_HEAD_PROFILE {"active_ratio": 0.5450255102040816, "actual_logits_bytes": 0, "allocated_before_bytes": 25327996416, "backend": "fused", "calculate_entropy": true, "calculate_sum_pi_squared": false, "context_parallel_size": 2, "data_format": "thd", "dense_logits_bytes": 0, "dense_rows": 7840, "distillation_only": false, "elapsed_s": 0.13701632095035166, "element_size": 0, "entropy_from_logits_chunk_size": 2048, "entropy_from_logits_with_chunking": false, "event_id": 128, "logits_dtype": "none", "logits_saved_bytes": 0, "peak_allocated_bytes": 25427294720, "peak_increment_bytes": 99298304, "pipeline_parallel_size": 2, "projected_rows": 4273, "rank": 7, "response_only_enabled": true, "role": "actor", "selected_rows": 4273, "tensor_parallel_size": 2, "vocab_shard": 75968}
[36m(WorkerDict pid=263345)[0m WARNING:2026-09-11 14:03:57,718:VERL_RESPONSE_ONLY_LM_HEAD_PROFILE {"active_ratio": 0.4998724489795918, "actual_logits_bytes": 0, "allocated_before_bytes": 25553175040, "backend": "fused", "calculate_entropy": true, "calculate_sum_pi_squared": false, "context_parallel_size": 2, "data_format": "thd", "dense_logits_bytes": 0, "dense_rows": 7840, "distillation_only": false, "elapsed_s": 0.12619438604451716, "element_size": 0, "entropy_from_logits_chunk_size": 2048, "entropy_from_logits_with_chunking": false, "event_id": 129, "logits_dtype": "none", "logits_saved_bytes": 0, "peak_allocated_bytes": 25649567744, "peak_increment_bytes": 96392704, "pipeline_parallel_size": 2, "projected_rows": 3919, "rank": 5, "response_only_enabled": true, "role": "actor", "selected_rows": 3919, "tensor_parallel_size": 2, "vocab_shard": 75968}
[36m(WorkerDict pid=263346)[0m WARNING:2026-09-11 14:03:57,729:VERL_RESPONSE_ONLY_LM_HEAD_PROFILE {"active_ratio": 0.5450255102040816, "actual_logits_bytes": 0, "allocated_before_bytes": 25553175040, "backend": "fused", "calculate_entropy": true, "calculate_sum_pi_squared": false, "context_parallel_size": 2, "data_format": "thd", "dense_logits_bytes": 0, "dense_rows": 7840, "distillation_only": false, "elapsed_s": 0.13703107100445777, "element_size": 0, "entropy_from_logits_chunk_size": 2048, "entropy_from_logits_with_chunking": false, "event_id": 129, "logits_dtype": "none", "logits_saved_bytes": 0, "peak_allocated_bytes": 25652473344, "peak_increment_bytes": 99298304, "pipeline_parallel_size": 2, "projected_rows": 4273, "rank": 6, "response_only_enabled": true, "role": "actor", "selected_rows": 4273, "tensor_parallel_size": 2, "vocab_shard": 75968}
[36m(WorkerDict pid=263347)[0m WARNING:2026-09-11 14:03:57,729:VERL_RESPONSE_ONLY_LM_HEAD_PROFILE {"active_ratio": 0.5450255102040816, "actual_logits_bytes": 0, "allocated_before_bytes": 25553175040, "backend": "fused", "calculate_entropy": true, "calculate_sum_pi_squared": false, "context_parallel_size": 2, "data_format": "thd", "dense_logits_bytes": 0, "dense_rows": 7840, "distillation_only": false, "elapsed_s": 0.13698638102505356, "element_size": 0, "entropy_from_logits_chunk_size": 2048, "entropy_from_logits_with_chunking": false, "event_id": 129, "logits_dtype": "none", "logits_saved_bytes": 0, "peak_allocated_bytes": 25652473344, "peak_increment_bytes": 99298304, "pipeline_parallel_size": 2, "projected_rows": 4273, "rank": 7, "response_only_enabled": true, "role": "actor", "selected_rows": 4273, "tensor_parallel_size": 2, "vocab_shard": 75968}
[36m(WorkerDict pid=263345)[0m WARNING:2026-09-11 14:03:59,090:VERL_RESPONSE_ONLY_LM_HEAD_PROFILE {"active_ratio": 0.4998724489795918, "actual_logits_bytes": 0, "allocated_before_bytes": 25585415168, "backend": "fused", "calculate_entropy": true, "calculate_sum_pi_squared": false, "context_parallel_size": 2, "data_format": "thd", "dense_logits_bytes": 0, "dense_rows": 7840, "distillation_only": false, "elapsed_s": 0.12558363599237055, "element_size": 0, "entropy_from_logits_chunk_size": 2048, "entropy_from_logits_with_chunking": false, "event_id": 130, "logits_dtype": "none", "logits_saved_bytes": 0, "peak_allocated_bytes": 25681807872, "peak_increment_bytes": 96392704, "pipeline_parallel_size": 2, "projected_rows": 3919, "rank": 5, "response_only_enabled": true, "role": "actor", "selected_rows": 3919, "tensor_parallel_size": 2, "vocab_shard": 75968}
[36m(WorkerDict pid=263346)[0m WARNING:2026-09-11 14:03:59,102:VERL_RESPONSE_ONLY_LM_HEAD_PROFILE {"active_ratio": 0.5450255102040816, "actual_logits_bytes": 0, "allocated_before_bytes": 25585415168, "backend": "fused", "calculate_entropy": true, "calculate_sum_pi_squared": false, "context_parallel_size": 2, "data_format": "thd", "dense_logits_bytes": 0, "dense_rows": 7840, "distillation_only": false, "elapsed_s": 0.13715699198655784, "element_size": 0, "entropy_from_logits_chunk_size": 2048, "entropy_from_logits_with_chunking": false, "event_id": 130, "logits_dtype": "none", "logits_saved_bytes": 0, "peak_allocated_bytes": 25684713472, "peak_increment_bytes": 99298304, "pipeline_parallel_size": 2, "projected_rows": 4273, "rank": 6, "response_only_enabled": true, "role": "actor", "selected_rows": 4273, "tensor_parallel_size": 2, "vocab_shard": 75968}
[36m(WorkerDict pid=263347)[0m WARNING:2026-09-11 14:03:59,102:VERL_RESPONSE_ONLY_LM_HEAD_PROFILE {"active_ratio": 0.5450255102040816, "actual_logits_bytes": 0, "allocated_before_bytes": 25585415168, "backend": "fused", "calculate_entropy": true, "calculate_sum_pi_squared": false, "context_parallel_size": 2, "data_format": "thd", "dense_logits_bytes": 0, "dense_rows": 7840, "distillation_only": false, "elapsed_s": 0.1372117819264531, "element_size": 0, "entropy_from_logits_chunk_size": 2048, "entropy_from_logits_with_chunking": false, "event_id": 130, "logits_dtype": "none", "logits_saved_bytes": 0, "peak_allocated_bytes": 25684713472, "peak_increment_bytes": 99298304, "pipeline_parallel_size": 2, "projected_rows": 4273, "rank": 7, "response_only_enabled": true, "role": "actor", "selected_rows": 4273, "tensor_parallel_size": 2, "vocab_shard": 75968}
[36m(WorkerDict pid=263345)[0m WARNING:2026-09-11 14:04:00,303:VERL_RESPONSE_ONLY_LM_HEAD_PROFILE {"active_ratio": 0.4998724489795918, "actual_logits_bytes": 0, "allocated_before_bytes": 25617655296, "backend": "fused", "calculate_entropy": true, "calculate_sum_pi_squared": false, "context_parallel_size": 2, "data_format": "thd", "dense_logits_bytes": 0, "dense_rows": 7840, "distillation_only": false, "elapsed_s": 0.1253441859735176, "element_size": 0, "entropy_from_logits_chunk_size": 2048, "entropy_from_logits_with_chunking": false, "event_id": 131, "logits_dtype": "none", "logits_saved_bytes": 0, "peak_allocated_bytes": 25714048000, "peak_increment_bytes": 96392704, "pipeline_parallel_size": 2, "projected_rows": 3919, "rank": 5, "response_only_enabled": true, "role": "actor", "selected_rows": 3919, "tensor_parallel_size": 2, "vocab_shard": 75968}
[36m(WorkerDict pid=263346)[0m WARNING:2026-09-11 14:04:00,314:VERL_RESPONSE_ONLY_LM_HEAD_PROFILE {"active_ratio": 0.5450255102040816, "actual_logits_bytes": 0, "allocated_before_bytes": 25617655296, "backend": "fused", "calculate_entropy": true, "calculate_sum_pi_squared": false, "context_parallel_size": 2, "data_format": "thd", "dense_logits_bytes": 0, "dense_rows": 7840, "distillation_only": false, "elapsed_s": 0.13666722108609974, "element_size": 0, "entropy_from_logits_chunk_size": 2048, "entropy_from_logits_with_chunking": false, "event_id": 131, "logits_dtype": "none", "logits_saved_bytes": 0, "peak_allocated_bytes": 25716953600, "peak_increment_bytes": 99298304, "pipeline_parallel_size": 2, "projected_rows": 4273, "rank": 6, "response_only_enabled": true, "role": "actor", "selected_rows": 4273, "tensor_parallel_size": 2, "vocab_shard": 75968}
[36m(WorkerDict pid=263347)[0m WARNING:2026-09-11 14:04:00,314:VERL_RESPONSE_ONLY_LM_HEAD_PROFILE {"active_ratio": 0.5450255102040816, "actual_logits_bytes": 0, "allocated_before_bytes": 25617655296, "backend": "fused", "calculate_entropy": true, "calculate_sum_pi_squared": false, "context_parallel_size": 2, "data_format": "thd", "dense_logits_bytes": 0, "dense_rows": 7840, "distillation_only": false, "elapsed_s": 0.13669547101017088, "element_size": 0, "entropy_from_logits_chunk_size": 2048, "entropy_from_logits_with_chunking": false, "event_id": 131, "logits_dtype": "none", "logits_saved_bytes": 0, "peak_allocated_bytes": 25716953600, "peak_increment_bytes": 99298304, "pipeline_parallel_size": 2, "projected_rows": 4273, "rank": 7, "response_only_enabled": true, "role": "actor", "selected_rows": 4273, "tensor_parallel_size": 2, "vocab_shard": 75968}
[36m(WorkerDict pid=263345)[0m WARNING:2026-09-11 14:04:02,512:VERL_RESPONSE_ONLY_LM_HEAD_PROFILE {"active_ratio": 0.4998724489795918, "actual_logits_bytes": 0, "allocated_before_bytes": 25520934400, "backend": "fused", "calculate_entropy": true, "calculate_sum_pi_squared": false, "context_parallel_size": 2, "data_format": "thd", "dense_logits_bytes": 0, "dense_rows": 7840, "distillation_only": false, "elapsed_s": 0.1253521559992805, "element_size": 0, "entropy_from_logits_chunk_size": 2048, "entropy_from_logits_with_chunking": false, "event_id": 132, "logits_dtype": "none", "logits_saved_bytes": 0, "peak_allocated_bytes": 25617327104, "peak_increment_bytes": 96392704, "pipeline_parallel_size": 2, "projected_rows": 3919, "rank": 5, "response_only_enabled": true, "role": "actor", "selected_rows": 3919, "tensor_parallel_size": 2, "vocab_shard": 75968}
[36m(WorkerDict pid=263346)[0m WARNING:2026-09-11 14:04:02,525:VERL_RESPONSE_ONLY_LM_HEAD_PROFILE {"active_ratio": 0.5450255102040816, "actual_logits_bytes": 0, "allocated_before_bytes": 25520934400, "backend": "fused", "calculate_entropy": true, "calculate_sum_pi_squared": false, "context_parallel_size": 2, "data_format": "thd", "dense_logits_bytes": 0, "dense_rows": 7840, "distillation_only": false, "elapsed_s": 0.13790904206689447, "element_size": 0, "entropy_from_logits_chunk_size": 2048, "entropy_from_logits_with_chunking": false, "event_id": 132, "logits_dtype": "none", "logits_saved_bytes": 0, "peak_allocated_bytes": 25620232704, "peak_increment_bytes": 99298304, "pipeline_parallel_size": 2, "projected_rows": 4273, "rank": 6, "response_only_enabled": true, "role": "actor", "selected_rows": 4273, "tensor_parallel_size": 2, "vocab_shard": 75968}
[36m(WorkerDict pid=263347)[0m WARNING:2026-09-11 14:04:02,525:VERL_RESPONSE_ONLY_LM_HEAD_PROFILE {"active_ratio": 0.5450255102040816, "actual_logits_bytes": 0, "allocated_before_bytes": 25520934400, "backend": "fused", "calculate_entropy": true, "calculate_sum_pi_squared": false, "context_parallel_size": 2, "data_format": "thd", "dense_logits_bytes": 0, "dense_rows": 7840, "distillation_only": false, "elapsed_s": 0.1378790020244196, "element_size": 0, "entropy_from_logits_chunk_size": 2048, "entropy_from_logits_with_chunking": false, "event_id": 132, "logits_dtype": "none", "logits_saved_bytes": 0, "peak_allocated_bytes": 25620232704, "peak_increment_bytes": 99298304, "pipeline_parallel_size": 2, "projected_rows": 4273, "rank": 7, "response_only_enabled": true, "role": "actor", "selected_rows": 4273, "tensor_parallel_size": 2, "vocab_shard": 75968}
[36m(WorkerDict pid=263345)[0m WARNING:2026-09-11 14:04:03,725:VERL_RESPONSE_ONLY_LM_HEAD_PROFILE {"active_ratio": 0.4998724489795918, "actual_logits_bytes": 0, "allocated_before_bytes": 25553175040, "backend": "fused", "calculate_entropy": true, "calculate_sum_pi_squared": false, "context_parallel_size": 2, "data_format": "thd", "dense_logits_bytes": 0, "dense_rows": 7840, "distillation_only": false, "elapsed_s": 0.12568391603417695, "element_size": 0, "entropy_from_logits_chunk_size": 2048, "entropy_from_logits_with_chunking": false, "event_id": 133, "logits_dtype": "none", "logits_saved_bytes": 0, "peak_allocated_bytes": 25649567744, "peak_increment_bytes": 96392704, "pipeline_parallel_size": 2, "projected_rows": 3919, "rank": 5, "response_only_enabled": true, "role": "actor", "selected_rows": 3919, "tensor_parallel_size": 2, "vocab_shard": 75968}
[36m(WorkerDict pid=263346)[0m WARNING:2026-09-11 14:04:03,737:VERL_RESPONSE_ONLY_LM_HEAD_PROFILE {"active_ratio": 0.5450255102040816, "actual_logits_bytes": 0, "allocated_before_bytes": 25553175040, "backend": "fused", "calculate_entropy": true, "calculate_sum_pi_squared": false, "context_parallel_size": 2, "data_format": "thd", "dense_logits_bytes": 0, "dense_rows": 7840, "distillation_only": false, "elapsed_s": 0.13722205208614469, "element_size": 0, "entropy_from_logits_chunk_size": 2048, "entropy_from_logits_with_chunking": false, "event_id": 133, "logits_dtype": "none", "logits_saved_bytes": 0, "peak_allocated_bytes": 25652473344, "peak_increment_bytes": 99298304, "pipeline_parallel_size": 2, "projected_rows": 4273, "rank": 6, "response_only_enabled": true, "role": "actor", "selected_rows": 4273, "tensor_parallel_size": 2, "vocab_shard": 75968}
[36m(WorkerDict pid=263347)[0m WARNING:2026-09-11 14:04:03,737:VERL_RESPONSE_ONLY_LM_HEAD_PROFILE {"active_ratio": 0.5450255102040816, "actual_logits_bytes": 0, "allocated_before_bytes": 25553175040, "backend": "fused", "calculate_entropy": true, "calculate_sum_pi_squared": false, "context_parallel_size": 2, "data_format": "thd", "dense_logits_bytes": 0, "dense_rows": 7840, "distillation_only": false, "elapsed_s": 0.137229782063514, "element_size": 0, "entropy_from_logits_chunk_size": 2048, "entropy_from_logits_with_chunking": false, "event_id": 133, "logits_dtype": "none", "logits_saved_bytes": 0, "peak_allocated_bytes": 25652473344, "peak_increment_bytes": 99298304, "pipeline_parallel_size": 2, "projected_rows": 4273, "rank": 7, "response_only_enabled": true, "role": "actor", "selected_rows": 4273, "tensor_parallel_size": 2, "vocab_shard": 75968}
[36m(WorkerDict pid=263345)[0m WARNING:2026-09-11 14:04:04,941:VERL_RESPONSE_ONLY_LM_HEAD_PROFILE {"active_ratio": 0.4998724489795918, "actual_logits_bytes": 0, "allocated_before_bytes": 25585415168, "backend": "fused", "calculate_entropy": true, "calculate_sum_pi_squared": false, "context_parallel_size": 2, "data_format": "thd", "dense_logits_bytes": 0, "dense_rows": 7840, "distillation_only": false, "elapsed_s": 0.1257754759863019, "element_size": 0, "entropy_from_logits_chunk_size": 2048, "entropy_from_logits_with_chunking": false, "event_id": 134, "logits_dtype": "none", "logits_saved_bytes": 0, "peak_allocated_bytes": 25681807872, "peak_increment_bytes": 96392704, "pipeline_parallel_size": 2, "projected_rows": 3919, "rank": 5, "response_only_enabled": true, "role": "actor", "selected_rows": 3919, "tensor_parallel_size": 2, "vocab_shard": 75968}
[36m(WorkerDict pid=263346)[0m WARNING:2026-09-11 14:04:04,952:VERL_RESPONSE_ONLY_LM_HEAD_PROFILE {"active_ratio": 0.5450255102040816, "actual_logits_bytes": 0, "allocated_before_bytes": 25585415168, "backend": "fused", "calculate_entropy": true, "calculate_sum_pi_squared": false, "context_parallel_size": 2, "data_format": "thd", "dense_logits_bytes": 0, "dense_rows": 7840, "distillation_only": false, "elapsed_s": 0.13714329106733203, "element_size": 0, "entropy_from_logits_chunk_size": 2048, "entropy_from_logits_with_chunking": false, "event_id": 134, "logits_dtype": "none", "logits_saved_bytes": 0, "peak_allocated_bytes": 25684713472, "peak_increment_bytes": 99298304, "pipeline_parallel_size": 2, "projected_rows": 4273, "rank": 6, "response_only_enabled": true, "role": "actor", "selected_rows": 4273, "tensor_parallel_size": 2, "vocab_shard": 75968}
[36m(WorkerDict pid=263347)[0m WARNING:2026-09-11 14:04:04,952:VERL_RESPONSE_ONLY_LM_HEAD_PROFILE {"active_ratio": 0.5450255102040816, "actual_logits_bytes": 0, "allocated_before_bytes": 25585415168, "backend": "fused", "calculate_entropy": true, "calculate_sum_pi_squared": false, "context_parallel_size": 2, "data_format": "thd", "dense_logits_bytes": 0, "dense_rows": 7840, "distillation_only": false, "elapsed_s": 0.13708766095805913, "element_size": 0, "entropy_from_logits_chunk_size": 2048, "entropy_from_logits_with_chunking": false, "event_id": 134, "logits_dtype": "none", "logits_saved_bytes": 0, "peak_allocated_bytes": 25684713472, "peak_increment_bytes": 99298304, "pipeline_parallel_size": 2, "projected_rows": 4273, "rank": 7, "response_only_enabled": true, "role": "actor", "selected_rows": 4273, "tensor_parallel_size": 2, "vocab_shard": 75968}
[36m(WorkerDict pid=263345)[0m WARNING:2026-09-11 14:04:06,157:VERL_RESPONSE_ONLY_LM_HEAD_PROFILE {"active_ratio": 0.4998724489795918, "actual_logits_bytes": 0, "allocated_before_bytes": 25617655296, "backend": "fused", "calculate_entropy": true, "calculate_sum_pi_squared": false, "context_parallel_size": 2, "data_format": "thd", "dense_logits_bytes": 0, "dense_rows": 7840, "distillation_only": false, "elapsed_s": 0.12616480595897883, "element_size": 0, "entropy_from_logits_chunk_size": 2048, "entropy_from_logits_with_chunking": false, "event_id": 135, "logits_dtype": "none", "logits_saved_bytes": 0, "peak_allocated_bytes": 25714048000, "peak_increment_bytes": 96392704, "pipeline_parallel_size": 2, "projected_rows": 3919, "rank": 5, "response_only_enabled": true, "role": "actor", "selected_rows": 3919, "tensor_parallel_size": 2, "vocab_shard": 75968}
[36m(WorkerDict pid=263346)[0m WARNING:2026-09-11 14:04:06,167:VERL_RESPONSE_ONLY_LM_HEAD_PROFILE {"active_ratio": 0.5450255102040816, "actual_logits_bytes": 0, "allocated_before_bytes": 25617655296, "backend": "fused", "calculate_entropy": true, "calculate_sum_pi_squared": false, "context_parallel_size": 2, "data_format": "thd", "dense_logits_bytes": 0, "dense_rows": 7840, "distillation_only": false, "elapsed_s": 0.136979580973275, "element_size": 0, "entropy_from_logits_chunk_size": 2048, "entropy_from_logits_with_chunking": false, "event_id": 135, "logits_dtype": "none", "logits_saved_bytes": 0, "peak_allocated_bytes": 25716953600, "peak_increment_bytes": 99298304, "pipeline_parallel_size": 2, "projected_rows": 4273, "rank": 6, "response_only_enabled": true, "role": "actor", "selected_rows": 4273, "tensor_parallel_size": 2, "vocab_shard": 75968}
[36m(WorkerDict pid=263347)[0m WARNING:2026-09-11 14:04:06,167:VERL_RESPONSE_ONLY_LM_HEAD_PROFILE {"active_ratio": 0.5450255102040816, "actual_logits_bytes": 0, "allocated_before_bytes": 25617655296, "backend": "fused", "calculate_entropy": true, "calculate_sum_pi_squared": false, "context_parallel_size": 2, "data_format": "thd", "dense_logits_bytes": 0, "dense_rows": 7840, "distillation_only": false, "elapsed_s": 0.13697234098799527, "element_size": 0, "entropy_from_logits_chunk_size": 2048, "entropy_from_logits_with_chunking": false, "event_id": 135, "logits_dtype": "none", "logits_saved_bytes": 0, "peak_allocated_bytes": 25716953600, "peak_increment_bytes": 99298304, "pipeline_parallel_size": 2, "projected_rows": 4273, "rank": 7, "response_only_enabled": true, "role": "actor", "selected_rows": 4273, "tensor_parallel_size": 2, "vocab_shard": 75968}
[36m(WorkerDict pid=263345)[0m WARNING:2026-09-11 14:04:08,398:VERL_RESPONSE_ONLY_LM_HEAD_PROFILE {"active_ratio": 0.49913962635201575, "actual_logits_bytes": 0, "allocated_before_bytes": 25545211904, "backend": "fused", "calculate_entropy": true, "calculate_sum_pi_squared": false, "context_parallel_size": 2, "data_format": "thd", "dense_logits_bytes": 0, "dense_rows": 8136, "distillation_only": false, "elapsed_s": 0.1301610079826787, "element_size": 0, "entropy_from_logits_chunk_size": 2048, "entropy_from_logits_with_chunking": false, "event_id": 136, "logits_dtype": "none", "logits_saved_bytes": 0, "peak_allocated_bytes": 25645194752, "peak_increment_bytes": 99982848, "pipeline_parallel_size": 2, "projected_rows": 4061, "rank": 5, "response_only_enabled": true, "role": "actor", "selected_rows": 4061, "tensor_parallel_size": 2, "vocab_shard": 75968}
[36m(WorkerDict pid=263346)[0m WARNING:2026-09-11 14:04:08,400:VERL_RESPONSE_ONLY_LM_HEAD_PROFILE {"active_ratio": 0.5077433628318584, "actual_logits_bytes": 0, "allocated_before_bytes": 25545211904, "backend": "fused", "calculate_entropy": true, "calculate_sum_pi_squared": false, "context_parallel_size": 2, "data_format": "thd", "dense_logits_bytes": 0, "dense_rows": 8136, "distillation_only": false, "elapsed_s": 0.13296753901522607, "element_size": 0, "entropy_from_logits_chunk_size": 2048, "entropy_from_logits_with_chunking": false, "event_id": 136, "logits_dtype": "none", "logits_saved_bytes": 0, "peak_allocated_bytes": 25645769728, "peak_increment_bytes": 100557824, "pipeline_parallel_size": 2, "projected_rows": 4131, "rank": 6, "response_only_enabled": true, "role": "actor", "selected_rows": 4131, "tensor_parallel_size": 2, "vocab_shard": 75968}
[36m(WorkerDict pid=263347)[0m WARNING:2026-09-11 14:04:08,400:VERL_RESPONSE_ONLY_LM_HEAD_PROFILE {"active_ratio": 0.5077433628318584, "actual_logits_bytes": 0, "allocated_before_bytes": 25545211904, "backend": "fused", "calculate_entropy": true, "calculate_sum_pi_squared": false, "context_parallel_size": 2, "data_format": "thd", "dense_logits_bytes": 0, "dense_rows": 8136, "distillation_only": false, "elapsed_s": 0.1329673189902678, "element_size": 0, "entropy_from_logits_chunk_size": 2048, "entropy_from_logits_with_chunking": false, "event_id": 136, "logits_dtype": "none", "logits_saved_bytes": 0, "peak_allocated_bytes": 25645769728, "peak_increment_bytes": 100557824, "pipeline_parallel_size": 2, "projected_rows": 4131, "rank": 7, "response_only_enabled": true, "role": "actor", "selected_rows": 4131, "tensor_parallel_size": 2, "vocab_shard": 75968}
[36m(WorkerDict pid=263345)[0m WARNING:2026-09-11 14:04:09,640:VERL_RESPONSE_ONLY_LM_HEAD_PROFILE {"active_ratio": 0.49913962635201575, "actual_logits_bytes": 0, "allocated_before_bytes": 25578670080, "backend": "fused", "calculate_entropy": true, "calculate_sum_pi_squared": false, "context_parallel_size": 2, "data_format": "thd", "dense_logits_bytes": 0, "dense_rows": 8136, "distillation_only": false, "elapsed_s": 0.13026876805815846, "element_size": 0, "entropy_from_logits_chunk_size": 2048, "entropy_from_logits_with_chunking": false, "event_id": 137, "logits_dtype": "none", "logits_saved_bytes": 0, "peak_allocated_bytes": 25678652928, "peak_increment_bytes": 99982848, "pipeline_parallel_size": 2, "projected_rows": 4061, "rank": 5, "response_only_enabled": true, "role": "actor", "selected_rows": 4061, "tensor_parallel_size": 2, "vocab_shard": 75968}
[36m(WorkerDict pid=263346)[0m WARNING:2026-09-11 14:04:09,642:VERL_RESPONSE_ONLY_LM_HEAD_PROFILE {"active_ratio": 0.5077433628318584, "actual_logits_bytes": 0, "allocated_before_bytes": 25578670080, "backend": "fused", "calculate_entropy": true, "calculate_sum_pi_squared": false, "context_parallel_size": 2, "data_format": "thd", "dense_logits_bytes": 0, "dense_rows": 8136, "distillation_only": false, "elapsed_s": 0.1325932090403512, "element_size": 0, "entropy_from_logits_chunk_size": 2048, "entropy_from_logits_with_chunking": false, "event_id": 137, "logits_dtype": "none", "logits_saved_bytes": 0, "peak_allocated_bytes": 25679227904, "peak_increment_bytes": 100557824, "pipeline_parallel_size": 2, "projected_rows": 4131, "rank": 6, "response_only_enabled": true, "role": "actor", "selected_rows": 4131, "tensor_parallel_size": 2, "vocab_shard": 75968}
[36m(WorkerDict pid=263347)[0m WARNING:2026-09-11 14:04:09,642:VERL_RESPONSE_ONLY_LM_HEAD_PROFILE {"active_ratio": 0.5077433628318584, "actual_logits_bytes": 0, "allocated_before_bytes": 25578670080, "backend": "fused", "calculate_entropy": true, "calculate_sum_pi_squared": false, "context_parallel_size": 2, "data_format": "thd", "dense_logits_bytes": 0, "dense_rows": 8136, "distillation_only": false, "elapsed_s": 0.1326005089795217, "element_size": 0, "entropy_from_logits_chunk_size": 2048, "entropy_from_logits_with_chunking": false, "event_id": 137, "logits_dtype": "none", "logits_saved_bytes": 0, "peak_allocated_bytes": 25679227904, "peak_increment_bytes": 100557824, "pipeline_parallel_size": 2, "projected_rows": 4131, "rank": 7, "response_only_enabled": true, "role": "actor", "selected_rows": 4131, "tensor_parallel_size": 2, "vocab_shard": 75968}
[36m(WorkerDict pid=263345)[0m WARNING:2026-09-11 14:04:10,887:VERL_RESPONSE_ONLY_LM_HEAD_PROFILE {"active_ratio": 0.49913962635201575, "actual_logits_bytes": 0, "allocated_before_bytes": 25612127744, "backend": "fused", "calculate_entropy": true, "calculate_sum_pi_squared": false, "context_parallel_size": 2, "data_format": "thd", "dense_logits_bytes": 0, "dense_rows": 8136, "distillation_only": false, "elapsed_s": 0.1291250679641962, "element_size": 0, "entropy_from_logits_chunk_size": 2048, "entropy_from_logits_with_chunking": false, "event_id": 138, "logits_dtype": "none", "logits_saved_bytes": 0, "peak_allocated_bytes": 25712110592, "peak_increment_bytes": 99982848, "pipeline_parallel_size": 2, "projected_rows": 4061, "rank": 5, "response_only_enabled": true, "role": "actor", "selected_rows": 4061, "tensor_parallel_size": 2, "vocab_shard": 75968}
[36m(WorkerDict pid=263346)[0m WARNING:2026-09-11 14:04:10,890:VERL_RESPONSE_ONLY_LM_HEAD_PROFILE {"active_ratio": 0.5077433628318584, "actual_logits_bytes": 0, "allocated_before_bytes": 25612127744, "backend": "fused", "calculate_entropy": true, "calculate_sum_pi_squared": false, "context_parallel_size": 2, "data_format": "thd", "dense_logits_bytes": 0, "dense_rows": 8136, "distillation_only": false, "elapsed_s": 0.13280669902451336, "element_size": 0, "entropy_from_logits_chunk_size": 2048, "entropy_from_logits_with_chunking": false, "event_id": 138, "logits_dtype": "none", "logits_saved_bytes": 0, "peak_allocated_bytes": 25712685568, "peak_increment_bytes": 100557824, "pipeline_parallel_size": 2, "projected_rows": 4131, "rank": 6, "response_only_enabled": true, "role": "actor", "selected_rows": 4131, "tensor_parallel_size": 2, "vocab_shard": 75968}
[36m(WorkerDict pid=263347)[0m WARNING:2026-09-11 14:04:10,890:VERL_RESPONSE_ONLY_LM_HEAD_PROFILE {"active_ratio": 0.5077433628318584, "actual_logits_bytes": 0, "allocated_before_bytes": 25612127744, "backend": "fused", "calculate_entropy": true, "calculate_sum_pi_squared": false, "context_parallel_size": 2, "data_format": "thd", "dense_logits_bytes": 0, "dense_rows": 8136, "distillation_only": false, "elapsed_s": 0.13286013901233673, "element_size": 0, "entropy_from_logits_chunk_size": 2048, "entropy_from_logits_with_chunking": false, "event_id": 138, "logits_dtype": "none", "logits_saved_bytes": 0, "peak_allocated_bytes": 25712685568, "peak_increment_bytes": 100557824, "pipeline_parallel_size": 2, "projected_rows": 4131, "rank": 7, "response_only_enabled": true, "role": "actor", "selected_rows": 4131, "tensor_parallel_size": 2, "vocab_shard": 75968}
[36m(WorkerDict pid=263345)[0m WARNING:2026-09-11 14:04:12,129:VERL_RESPONSE_ONLY_LM_HEAD_PROFILE {"active_ratio": 0.49913962635201575, "actual_logits_bytes": 0, "allocated_before_bytes": 25645585408, "backend": "fused", "calculate_entropy": true, "calculate_sum_pi_squared": false, "context_parallel_size": 2, "data_format": "thd", "dense_logits_bytes": 0, "dense_rows": 8136, "distillation_only": false, "elapsed_s": 0.12918039807118475, "element_size": 0, "entropy_from_logits_chunk_size": 2048, "entropy_from_logits_with_chunking": false, "event_id": 139, "logits_dtype": "none", "logits_saved_bytes": 0, "peak_allocated_bytes": 25745568256, "peak_increment_bytes": 99982848, "pipeline_parallel_size": 2, "projected_rows": 4061, "rank": 5, "response_only_enabled": true, "role": "actor", "selected_rows": 4061, "tensor_parallel_size": 2, "vocab_shard": 75968}
[36m(WorkerDict pid=263346)[0m WARNING:2026-09-11 14:04:12,132:VERL_RESPONSE_ONLY_LM_HEAD_PROFILE {"active_ratio": 0.5077433628318584, "actual_logits_bytes": 0, "allocated_before_bytes": 25645585408, "backend": "fused", "calculate_entropy": true, "calculate_sum_pi_squared": false, "context_parallel_size": 2, "data_format": "thd", "dense_logits_bytes": 0, "dense_rows": 8136, "distillation_only": false, "elapsed_s": 0.13252663996536285, "element_size": 0, "entropy_from_logits_chunk_size": 2048, "entropy_from_logits_with_chunking": false, "event_id": 139, "logits_dtype": "none", "logits_saved_bytes": 0, "peak_allocated_bytes": 25746143232, "peak_increment_bytes": 100557824, "pipeline_parallel_size": 2, "projected_rows": 4131, "rank": 6, "response_only_enabled": true, "role": "actor", "selected_rows": 4131, "tensor_parallel_size": 2, "vocab_shard": 75968}
[36m(WorkerDict pid=263347)[0m WARNING:2026-09-11 14:04:12,132:VERL_RESPONSE_ONLY_LM_HEAD_PROFILE {"active_ratio": 0.5077433628318584, "actual_logits_bytes": 0, "allocated_before_bytes": 25645585408, "backend": "fused", "calculate_entropy": true, "calculate_sum_pi_squared": false, "context_parallel_size": 2, "data_format": "thd", "dense_logits_bytes": 0, "dense_rows": 8136, "distillation_only": false, "elapsed_s": 0.13251545000821352, "element_size": 0, "entropy_from_logits_chunk_size": 2048, "entropy_from_logits_with_chunking": false, "event_id": 139, "logits_dtype": "none", "logits_saved_bytes": 0, "peak_allocated_bytes": 25746143232, "peak_increment_bytes": 100557824, "pipeline_parallel_size": 2, "projected_rows": 4131, "rank": 7, "response_only_enabled": true, "role": "actor", "selected_rows": 4131, "tensor_parallel_size": 2, "vocab_shard": 75968}
[36m(WorkerDict pid=263345)[0m WARNING:2026-09-11 14:04:14,403:VERL_RESPONSE_ONLY_LM_HEAD_PROFILE {"active_ratio": 0.49913962635201575, "actual_logits_bytes": 0, "allocated_before_bytes": 25545211904, "backend": "fused", "calculate_entropy": true, "calculate_sum_pi_squared": false, "context_parallel_size": 2, "data_format": "thd", "dense_logits_bytes": 0, "dense_rows": 8136, "distillation_only": false, "elapsed_s": 0.12858770799357444, "element_size": 0, "entropy_from_logits_chunk_size": 2048, "entropy_from_logits_with_chunking": false, "event_id": 140, "logits_dtype": "none", "logits_saved_bytes": 0, "peak_allocated_bytes": 25645194752, "peak_increment_bytes": 99982848, "pipeline_parallel_size": 2, "projected_rows": 4061, "rank": 5, "response_only_enabled": true, "role": "actor", "selected_rows": 4061, "tensor_parallel_size": 2, "vocab_shard": 75968}
[36m(WorkerDict pid=263346)[0m WARNING:2026-09-11 14:04:14,407:VERL_RESPONSE_ONLY_LM_HEAD_PROFILE {"active_ratio": 0.5077433628318584, "actual_logits_bytes": 0, "allocated_before_bytes": 25545211904, "backend": "fused", "calculate_entropy": true, "calculate_sum_pi_squared": false, "context_parallel_size": 2, "data_format": "thd", "dense_logits_bytes": 0, "dense_rows": 8136, "distillation_only": false, "elapsed_s": 0.1325800500344485, "element_size": 0, "entropy_from_logits_chunk_size": 2048, "entropy_from_logits_with_chunking": false, "event_id": 140, "logits_dtype": "none", "logits_saved_bytes": 0, "peak_allocated_bytes": 25645769728, "peak_increment_bytes": 100557824, "pipeline_parallel_size": 2, "projected_rows": 4131, "rank": 6, "response_only_enabled": true, "role": "actor", "selected_rows": 4131, "tensor_parallel_size": 2, "vocab_shard": 75968}
[36m(WorkerDict pid=263347)[0m WARNING:2026-09-11 14:04:14,407:VERL_RESPONSE_ONLY_LM_HEAD_PROFILE {"active_ratio": 0.5077433628318584, "actual_logits_bytes": 0, "allocated_before_bytes": 25545211904, "backend": "fused", "calculate_entropy": true, "calculate_sum_pi_squared": false, "context_parallel_size": 2, "data_format": "thd", "dense_logits_bytes": 0, "dense_rows": 8136, "distillation_only": false, "elapsed_s": 0.1327825499465689, "element_size": 0, "entropy_from_logits_chunk_size": 2048, "entropy_from_logits_with_chunking": false, "event_id": 140, "logits_dtype": "none", "logits_saved_bytes": 0, "peak_allocated_bytes": 25645769728, "peak_increment_bytes": 100557824, "pipeline_parallel_size": 2, "projected_rows": 4131, "rank": 7, "response_only_enabled": true, "role": "actor", "selected_rows": 4131, "tensor_parallel_size": 2, "vocab_shard": 75968}
[36m(WorkerDict pid=263345)[0m WARNING:2026-09-11 14:04:15,644:VERL_RESPONSE_ONLY_LM_HEAD_PROFILE {"active_ratio": 0.49913962635201575, "actual_logits_bytes": 0, "allocated_before_bytes": 25578670080, "backend": "fused", "calculate_entropy": true, "calculate_sum_pi_squared": false, "context_parallel_size": 2, "data_format": "thd", "dense_logits_bytes": 0, "dense_rows": 8136, "distillation_only": false, "elapsed_s": 0.12857349799014628, "element_size": 0, "entropy_from_logits_chunk_size": 2048, "entropy_from_logits_with_chunking": false, "event_id": 141, "logits_dtype": "none", "logits_saved_bytes": 0, "peak_allocated_bytes": 25678652928, "peak_increment_bytes": 99982848, "pipeline_parallel_size": 2, "projected_rows": 4061, "rank": 5, "response_only_enabled": true, "role": "actor", "selected_rows": 4061, "tensor_parallel_size": 2, "vocab_shard": 75968}
[36m(WorkerDict pid=263346)[0m WARNING:2026-09-11 14:04:15,648:VERL_RESPONSE_ONLY_LM_HEAD_PROFILE {"active_ratio": 0.5077433628318584, "actual_logits_bytes": 0, "allocated_before_bytes": 25578670080, "backend": "fused", "calculate_entropy": true, "calculate_sum_pi_squared": false, "context_parallel_size": 2, "data_format": "thd", "dense_logits_bytes": 0, "dense_rows": 8136, "distillation_only": false, "elapsed_s": 0.132569758919999, "element_size": 0, "entropy_from_logits_chunk_size": 2048, "entropy_from_logits_with_chunking": false, "event_id": 141, "logits_dtype": "none", "logits_saved_bytes": 0, "peak_allocated_bytes": 25679227904, "peak_increment_bytes": 100557824, "pipeline_parallel_size": 2, "projected_rows": 4131, "rank": 6, "response_only_enabled": true, "role": "actor", "selected_rows": 4131, "tensor_parallel_size": 2, "vocab_shard": 75968}
[36m(WorkerDict pid=263347)[0m WARNING:2026-09-11 14:04:15,648:VERL_RESPONSE_ONLY_LM_HEAD_PROFILE {"active_ratio": 0.5077433628318584, "actual_logits_bytes": 0, "allocated_before_bytes": 25578670080, "backend": "fused", "calculate_entropy": true, "calculate_sum_pi_squared": false, "context_parallel_size": 2, "data_format": "thd", "dense_logits_bytes": 0, "dense_rows": 8136, "distillation_only": false, "elapsed_s": 0.13256357901263982, "element_size": 0, "entropy_from_logits_chunk_size": 2048, "entropy_from_logits_with_chunking": false, "event_id": 141, "logits_dtype": "none", "logits_saved_bytes": 0, "peak_allocated_bytes": 25679227904, "peak_increment_bytes": 100557824, "pipeline_parallel_size": 2, "projected_rows": 4131, "rank": 7, "response_only_enabled": true, "role": "actor", "selected_rows": 4131, "tensor_parallel_size": 2, "vocab_shard": 75968}
[36m(WorkerDict pid=263345)[0m WARNING:2026-09-11 14:04:16,886:VERL_RESPONSE_ONLY_LM_HEAD_PROFILE {"active_ratio": 0.49913962635201575, "actual_logits_bytes": 0, "allocated_before_bytes": 25612127744, "backend": "fused", "calculate_entropy": true, "calculate_sum_pi_squared": false, "context_parallel_size": 2, "data_format": "thd", "dense_logits_bytes": 0, "dense_rows": 8136, "distillation_only": false, "elapsed_s": 0.12978959793690592, "element_size": 0, "entropy_from_logits_chunk_size": 2048, "entropy_from_logits_with_chunking": false, "event_id": 142, "logits_dtype": "none", "logits_saved_bytes": 0, "peak_allocated_bytes": 25712110592, "peak_increment_bytes": 99982848, "pipeline_parallel_size": 2, "projected_rows": 4061, "rank": 5, "response_only_enabled": true, "role": "actor", "selected_rows": 4061, "tensor_parallel_size": 2, "vocab_shard": 75968}
[36m(WorkerDict pid=263346)[0m WARNING:2026-09-11 14:04:16,889:VERL_RESPONSE_ONLY_LM_HEAD_PROFILE {"active_ratio": 0.5077433628318584, "actual_logits_bytes": 0, "allocated_before_bytes": 25612127744, "backend": "fused", "calculate_entropy": true, "calculate_sum_pi_squared": false, "context_parallel_size": 2, "data_format": "thd", "dense_logits_bytes": 0, "dense_rows": 8136, "distillation_only": false, "elapsed_s": 0.13243351900018752, "element_size": 0, "entropy_from_logits_chunk_size": 2048, "entropy_from_logits_with_chunking": false, "event_id": 142, "logits_dtype": "none", "logits_saved_bytes": 0, "peak_allocated_bytes": 25712685568, "peak_increment_bytes": 100557824, "pipeline_parallel_size": 2, "projected_rows": 4131, "rank": 6, "response_only_enabled": true, "role": "actor", "selected_rows": 4131, "tensor_parallel_size": 2, "vocab_shard": 75968}
[36m(WorkerDict pid=263347)[0m WARNING:2026-09-11 14:04:16,889:VERL_RESPONSE_ONLY_LM_HEAD_PROFILE {"active_ratio": 0.5077433628318584, "actual_logits_bytes": 0, "allocated_before_bytes": 25612127744, "backend": "fused", "calculate_entropy": true, "calculate_sum_pi_squared": false, "context_parallel_size": 2, "data_format": "thd", "dense_logits_bytes": 0, "dense_rows": 8136, "distillation_only": false, "elapsed_s": 0.13239746901672333, "element_size": 0, "entropy_from_logits_chunk_size": 2048, "entropy_from_logits_with_chunking": false, "event_id": 142, "logits_dtype": "none", "logits_saved_bytes": 0, "peak_allocated_bytes": 25712685568, "peak_increment_bytes": 100557824, "pipeline_parallel_size": 2, "projected_rows": 4131, "rank": 7, "response_only_enabled": true, "role": "actor", "selected_rows": 4131, "tensor_parallel_size": 2, "vocab_shard": 75968}
[36m(WorkerDict pid=263345)[0m WARNING:2026-09-11 14:04:18,125:VERL_RESPONSE_ONLY_LM_HEAD_PROFILE {"active_ratio": 0.49913962635201575, "actual_logits_bytes": 0, "allocated_before_bytes": 25645585408, "backend": "fused", "calculate_entropy": true, "calculate_sum_pi_squared": false, "context_parallel_size": 2, "data_format": "thd", "dense_logits_bytes": 0, "dense_rows": 8136, "distillation_only": false, "elapsed_s": 0.12945622799452394, "element_size": 0, "entropy_from_logits_chunk_size": 2048, "entropy_from_logits_with_chunking": false, "event_id": 143, "logits_dtype": "none", "logits_saved_bytes": 0, "peak_allocated_bytes": 25745568256, "peak_increment_bytes": 99982848, "pipeline_parallel_size": 2, "projected_rows": 4061, "rank": 5, "response_only_enabled": true, "role": "actor", "selected_rows": 4061, "tensor_parallel_size": 2, "vocab_shard": 75968}
[36m(WorkerDict pid=263346)[0m WARNING:2026-09-11 14:04:18,129:VERL_RESPONSE_ONLY_LM_HEAD_PROFILE {"active_ratio": 0.5077433628318584, "actual_logits_bytes": 0, "allocated_before_bytes": 25645585408, "backend": "fused", "calculate_entropy": true, "calculate_sum_pi_squared": false, "context_parallel_size": 2, "data_format": "thd", "dense_logits_bytes": 0, "dense_rows": 8136, "distillation_only": false, "elapsed_s": 0.133007958997041, "element_size": 0, "entropy_from_logits_chunk_size": 2048, "entropy_from_logits_with_chunking": false, "event_id": 143, "logits_dtype": "none", "logits_saved_bytes": 0, "peak_allocated_bytes": 25746143232, "peak_increment_bytes": 100557824, "pipeline_parallel_size": 2, "projected_rows": 4131, "rank": 6, "response_only_enabled": true, "role": "actor", "selected_rows": 4131, "tensor_parallel_size": 2, "vocab_shard": 75968}
[36m(WorkerDict pid=263347)[0m WARNING:2026-09-11 14:04:18,129:VERL_RESPONSE_ONLY_LM_HEAD_PROFILE {"active_ratio": 0.5077433628318584, "actual_logits_bytes": 0, "allocated_before_bytes": 25645585408, "backend": "fused", "calculate_entropy": true, "calculate_sum_pi_squared": false, "context_parallel_size": 2, "data_format": "thd", "dense_logits_bytes": 0, "dense_rows": 8136, "distillation_only": false, "elapsed_s": 0.13303224905394018, "element_size": 0, "entropy_from_logits_chunk_size": 2048, "entropy_from_logits_with_chunking": false, "event_id": 143, "logits_dtype": "none", "logits_saved_bytes": 0, "peak_allocated_bytes": 25746143232, "peak_increment_bytes": 100557824, "pipeline_parallel_size": 2, "projected_rows": 4131, "rank": 7, "response_only_enabled": true, "role": "actor", "selected_rows": 4131, "tensor_parallel_size": 2, "vocab_shard": 75968}
[36m(vLLMHttpServer pid=266886)[0m (EngineCore pid=267483) WARNING 09-11 14:04:27 [scheduler.py:1948] reset_connector called but no KV connector is configured.
[36m(vLLMHttpServer pid=266893)[0m (EngineCore pid=267508) WARNING 09-11 14:04:27 [scheduler.py:1948] reset_connector called but no KV connector is configured.
[36m(WorkerDict pid=263340)[0m Converting to HuggingFace ━━━━━━━━━━━━━━━━━━━━━━━━━━━━━━━━━━━━━━━━ 100% 0:00:00 (291/291) Qwen3Bridge
[36m(vLLMHttpServer pid=266886)[0m (EngineCore pid=267483) WARNING 09-11 14:04:29 [scheduler.py:1948] reset_connector called but no KV connector is configured.
[36m(vLLMHttpServer pid=266893)[0m (EngineCore pid=267508) WARNING 09-11 14:04:29 [scheduler.py:1948] reset_connector called but no KV connector is configured.
[36m(vLLMHttpServer pid=266886)[0m (EngineCore pid=267483) WARNING 09-11 14:04:31 [scheduler.py:1948] reset_connector called but no KV connector is configured.
[36m(vLLMHttpServer pid=266893)[0m (EngineCore pid=267508) WARNING 09-11 14:04:31 [scheduler.py:1948] reset_connector called but no KV connector is configured.
[36m(TaskRunnerV1 pid=262098)[0m Training Progress:  75%|███████▌  | 3/4 [04:16<01:18, 78.19s/it]
[36m(TaskRunnerV1 pid=262098)[0m step:3 - global_seqlen/min:255568.0 - global_seqlen/max:255568.0 - global_seqlen/minmax_diff:0.0 - global_seqlen/balanced_min:255568.0 - global_seqlen/balanced_max:255568.0 - global_seqlen/mean:255568.0 - actor/entropy:0.005406825803220272 - training/rollout_probs_diff_valid:1.0 - training/rollout_probs_diff_max:0.11581730842590332 - training/rollout_probs_diff_mean:0.0003070706152357161 - training/rollout_probs_diff_std:0.002718545263633132 - training/rollout_actor_probs_pearson_corr:0.9973029494285583 - rollout_corr/training_ppl:1.0041790008544922 - rollout_corr/training_log_ppl:0.004167973529547453 - rollout_corr/kl:0.0003017137059941888 - rollout_corr/k3_kl:1.0682232641556766e-05 - rollout_corr/rollout_ppl:1.003875970840454 - rollout_corr/rollout_log_ppl:0.0038662594743072987 - rollout_corr/log_ppl_diff:0.00030171364778652787 - rollout_corr/log_ppl_abs_diff:0.00030171364778652787 - rollout_corr/log_ppl_diff_max:0.0004992745816707611 - rollout_corr/log_ppl_diff_min:0.00016057631000876427 - rollout_corr/ppl_ratio:1.0003018379211426 - rollout_corr/chi2_token:-0.0005611181259155273 - rollout_corr/chi2_seq:-0.9805513024330139 - actor/pg_clipfrac:0.0 - actor/ppo_kl:0.0 - actor/pg_clipfrac_lower:0.0 - actor/pg_loss:2.537854015827179e-06 - actor/entropy_loss:0.0054068261524662375 - actor/kl_loss:0.0 - actor/kl_coef:0.001 - actor/loss:-2.855435013771057e-06 - actor/grad_norm:0.10291943326592445 - actor/perf/max_memory_allocated_gb:24.75352144241333 - actor/perf/max_memory_reserved_gb:25.0078125 - actor/perf/cpu_memory_used_gb:286.6284456253052 - actor/lr:0.0 - perf/mfu/actor:0.2758971196061303 - training/global_step:3 - training/epoch:1 - critic/score/mean:0.9716494083404541 - critic/score/max:0.9928258657455444 - critic/score/min:0.9535560011863708 - critic/rewards/mean:0.9716494083404541 - critic/rewards/max:0.9928258657455444 - critic/rewards/min:0.9535560011863708 - critic/advantages/mean:-2.5294721126556396e-06 - critic/advantages/max:1.4533283710479736 - critic/advantages/min:-1.337865948677063 - critic/returns/mean:-2.5294721126556396e-06 - critic/returns/max:1.4533283710479736 - critic/returns/min:-1.337865948677063 - response_length/mean:8192.0 - response_length/max:8192.0 - response_length/min:8192.0 - response_length/clip_ratio:1.0 - response_length_non_aborted/mean:8192.0 - response_length_non_aborted/max:8192.0 - response_length_non_aborted/min:8192.0 - response_length_non_aborted/clip_ratio:1.0 - response/aborted_ratio:0.0 - prompt_length/mean:7781.0 - prompt_length/max:8074.0 - prompt_length/min:7488.0 - prompt_length/clip_ratio:0.5 - timing_s/gen:1.5107107961084694 - timing_s/old_log_prob:10.341263432987034 - timing_s/ref:11.20275166805368 - timing_s/adv:0.12370430503506213 - timing_s/update_actor:34.31646568106953 - timing_s/update_weights:5.707491580978967 - timing_s/step:63.35635435197037 - timing_per_token_ms/adv:0.00048403675356485215 - timing_per_token_ms/update_actor:0.13427528360776597 - timing_per_token_ms/gen:0.01152580868613029 - timing_per_token_ms/ref:0.043834719792985345 - perf/total_num_tokens:255568 - perf/time_per_step:63.35635435197037 - perf/throughput:504.22724487155546 - training/num_turns/mean:np.float64(2.0) - training/num_turns/max:np.int64(2) - training/num_turns/min:np.int64(2) - training/off_policy/trajectory_spans/mean:np.float64(1.0) - training/off_policy/trajectory_spans/max:np.int64(1) - training/off_policy/trajectory_spans/min:np.int64(1) - training/off_policy/trajectory_staleness/mean:np.float64(-1.0) - training/off_policy/trajectory_staleness/max:np.int64(-1) - training/off_policy/trajectory_staleness/min:np.int64(-1) - training/off_policy/trajectory_staleness_worst/mean:np.float64(-1.0) - training/off_policy/trajectory_staleness_worst/max:np.int64(-1) - training/off_policy/trajectory_staleness_worst/min:np.int64(-1)
[36m(TaskRunnerV1 pid=262098)[0m [RolloutTqSkip()] [33mInjected 16 cached trajectories from step 4 (4 prompts x 4) into TQ partition 'train' at current step 4[0m
[36m(WorkerDict pid=263345)[0m WARNING:2026-09-11 14:04:34,813:VERL_RESPONSE_ONLY_LM_HEAD_PROFILE {"active_ratio": 0.49910714285714286, "actual_logits_bytes": 0, "allocated_before_bytes": 4272093696, "backend": "fused", "calculate_entropy": true, "calculate_sum_pi_squared": false, "context_parallel_size": 2, "data_format": "thd", "dense_logits_bytes": 0, "dense_rows": 7840, "distillation_only": false, "elapsed_s": 0.127467897022143, "element_size": 0, "entropy_from_logits_chunk_size": 2048, "entropy_from_logits_with_chunking": false, "event_id": 144, "logits_dtype": "none", "logits_saved_bytes": 0, "peak_allocated_bytes": 4368437248, "peak_increment_bytes": 96343552, "pipeline_parallel_size": 2, "projected_rows": 3913, "rank": 5, "response_only_enabled": true, "role": "actor", "selected_rows": 3913, "tensor_parallel_size": 2, "vocab_shard": 75968}
[36m(WorkerDict pid=263346)[0m WARNING:2026-09-11 14:04:34,824:VERL_RESPONSE_ONLY_LM_HEAD_PROFILE {"active_ratio": 0.5457908163265306, "actual_logits_bytes": 0, "allocated_before_bytes": 4272093696, "backend": "fused", "calculate_entropy": true, "calculate_sum_pi_squared": false, "context_parallel_size": 2, "data_format": "thd", "dense_logits_bytes": 0, "dense_rows": 7840, "distillation_only": false, "elapsed_s": 0.1372675709426403, "element_size": 0, "entropy_from_logits_chunk_size": 2048, "entropy_from_logits_with_chunking": false, "event_id": 144, "logits_dtype": "none", "logits_saved_bytes": 0, "peak_allocated_bytes": 4371441152, "peak_increment_bytes": 99347456, "pipeline_parallel_size": 2, "projected_rows": 4279, "rank": 6, "response_only_enabled": true, "role": "actor", "selected_rows": 4279, "tensor_parallel_size": 2, "vocab_shard": 75968}
[36m(WorkerDict pid=263347)[0m WARNING:2026-09-11 14:04:34,823:VERL_RESPONSE_ONLY_LM_HEAD_PROFILE {"active_ratio": 0.5457908163265306, "actual_logits_bytes": 0, "allocated_before_bytes": 4272093696, "backend": "fused", "calculate_entropy": true, "calculate_sum_pi_squared": false, "context_parallel_size": 2, "data_format": "thd", "dense_logits_bytes": 0, "dense_rows": 7840, "distillation_only": false, "elapsed_s": 0.13722135091666132, "element_size": 0, "entropy_from_logits_chunk_size": 2048, "entropy_from_logits_with_chunking": false, "event_id": 144, "logits_dtype": "none", "logits_saved_bytes": 0, "peak_allocated_bytes": 4371441152, "peak_increment_bytes": 99347456, "pipeline_parallel_size": 2, "projected_rows": 4279, "rank": 7, "response_only_enabled": true, "role": "actor", "selected_rows": 4279, "tensor_parallel_size": 2, "vocab_shard": 75968}
[36m(WorkerDict pid=263345)[0m WARNING:2026-09-11 14:04:35,182:VERL_RESPONSE_ONLY_LM_HEAD_PROFILE {"active_ratio": 0.49910714285714286, "actual_logits_bytes": 0, "allocated_before_bytes": 4272221184, "backend": "fused", "calculate_entropy": true, "calculate_sum_pi_squared": false, "context_parallel_size": 2, "data_format": "thd", "dense_logits_bytes": 0, "dense_rows": 7840, "distillation_only": false, "elapsed_s": 0.1255370060680434, "element_size": 0, "entropy_from_logits_chunk_size": 2048, "entropy_from_logits_with_chunking": false, "event_id": 145, "logits_dtype": "none", "logits_saved_bytes": 0, "peak_allocated_bytes": 4368564736, "peak_increment_bytes": 96343552, "pipeline_parallel_size": 2, "projected_rows": 3913, "rank": 5, "response_only_enabled": true, "role": "actor", "selected_rows": 3913, "tensor_parallel_size": 2, "vocab_shard": 75968}
[36m(WorkerDict pid=263346)[0m WARNING:2026-09-11 14:04:35,193:VERL_RESPONSE_ONLY_LM_HEAD_PROFILE {"active_ratio": 0.5457908163265306, "actual_logits_bytes": 0, "allocated_before_bytes": 4272221184, "backend": "fused", "calculate_entropy": true, "calculate_sum_pi_squared": false, "context_parallel_size": 2, "data_format": "thd", "dense_logits_bytes": 0, "dense_rows": 7840, "distillation_only": false, "elapsed_s": 0.13718994206283242, "element_size": 0, "entropy_from_logits_chunk_size": 2048, "entropy_from_logits_with_chunking": false, "event_id": 145, "logits_dtype": "none", "logits_saved_bytes": 0, "peak_allocated_bytes": 4371568640, "peak_increment_bytes": 99347456, "pipeline_parallel_size": 2, "projected_rows": 4279, "rank": 6, "response_only_enabled": true, "role": "actor", "selected_rows": 4279, "tensor_parallel_size": 2, "vocab_shard": 75968}
[36m(WorkerDict pid=263347)[0m WARNING:2026-09-11 14:04:35,193:VERL_RESPONSE_ONLY_LM_HEAD_PROFILE {"active_ratio": 0.5457908163265306, "actual_logits_bytes": 0, "allocated_before_bytes": 4272221184, "backend": "fused", "calculate_entropy": true, "calculate_sum_pi_squared": false, "context_parallel_size": 2, "data_format": "thd", "dense_logits_bytes": 0, "dense_rows": 7840, "distillation_only": false, "elapsed_s": 0.13720192201435566, "element_size": 0, "entropy_from_logits_chunk_size": 2048, "entropy_from_logits_with_chunking": false, "event_id": 145, "logits_dtype": "none", "logits_saved_bytes": 0, "peak_allocated_bytes": 4371568640, "peak_increment_bytes": 99347456, "pipeline_parallel_size": 2, "projected_rows": 4279, "rank": 7, "response_only_enabled": true, "role": "actor", "selected_rows": 4279, "tensor_parallel_size": 2, "vocab_shard": 75968}
[36m(WorkerDict pid=263345)[0m WARNING:2026-09-11 14:04:35,548:VERL_RESPONSE_ONLY_LM_HEAD_PROFILE {"active_ratio": 0.49910714285714286, "actual_logits_bytes": 0, "allocated_before_bytes": 4272348160, "backend": "fused", "calculate_entropy": true, "calculate_sum_pi_squared": false, "context_parallel_size": 2, "data_format": "thd", "dense_logits_bytes": 0, "dense_rows": 7840, "distillation_only": false, "elapsed_s": 0.12542583607137203, "element_size": 0, "entropy_from_logits_chunk_size": 2048, "entropy_from_logits_with_chunking": false, "event_id": 146, "logits_dtype": "none", "logits_saved_bytes": 0, "peak_allocated_bytes": 4368691712, "peak_increment_bytes": 96343552, "pipeline_parallel_size": 2, "projected_rows": 3913, "rank": 5, "response_only_enabled": true, "role": "actor", "selected_rows": 3913, "tensor_parallel_size": 2, "vocab_shard": 75968}
[36m(WorkerDict pid=263346)[0m WARNING:2026-09-11 14:04:35,561:VERL_RESPONSE_ONLY_LM_HEAD_PROFILE {"active_ratio": 0.5457908163265306, "actual_logits_bytes": 0, "allocated_before_bytes": 4272348160, "backend": "fused", "calculate_entropy": true, "calculate_sum_pi_squared": false, "context_parallel_size": 2, "data_format": "thd", "dense_logits_bytes": 0, "dense_rows": 7840, "distillation_only": false, "elapsed_s": 0.13844556198455393, "element_size": 0, "entropy_from_logits_chunk_size": 2048, "entropy_from_logits_with_chunking": false, "event_id": 146, "logits_dtype": "none", "logits_saved_bytes": 0, "peak_allocated_bytes": 4371695616, "peak_increment_bytes": 99347456, "pipeline_parallel_size": 2, "projected_rows": 4279, "rank": 6, "response_only_enabled": true, "role": "actor", "selected_rows": 4279, "tensor_parallel_size": 2, "vocab_shard": 75968}
[36m(WorkerDict pid=263347)[0m WARNING:2026-09-11 14:04:35,561:VERL_RESPONSE_ONLY_LM_HEAD_PROFILE {"active_ratio": 0.5457908163265306, "actual_logits_bytes": 0, "allocated_before_bytes": 4272348160, "backend": "fused", "calculate_entropy": true, "calculate_sum_pi_squared": false, "context_parallel_size": 2, "data_format": "thd", "dense_logits_bytes": 0, "dense_rows": 7840, "distillation_only": false, "elapsed_s": 0.13845142198260874, "element_size": 0, "entropy_from_logits_chunk_size": 2048, "entropy_from_logits_with_chunking": false, "event_id": 146, "logits_dtype": "none", "logits_saved_bytes": 0, "peak_allocated_bytes": 4371695616, "peak_increment_bytes": 99347456, "pipeline_parallel_size": 2, "projected_rows": 4279, "rank": 7, "response_only_enabled": true, "role": "actor", "selected_rows": 4279, "tensor_parallel_size": 2, "vocab_shard": 75968}
[36m(WorkerDict pid=263345)[0m WARNING:2026-09-11 14:04:35,934:VERL_RESPONSE_ONLY_LM_HEAD_PROFILE {"active_ratio": 0.49910714285714286, "actual_logits_bytes": 0, "allocated_before_bytes": 4272475136, "backend": "fused", "calculate_entropy": true, "calculate_sum_pi_squared": false, "context_parallel_size": 2, "data_format": "thd", "dense_logits_bytes": 0, "dense_rows": 7840, "distillation_only": false, "elapsed_s": 0.12530978594440967, "element_size": 0, "entropy_from_logits_chunk_size": 2048, "entropy_from_logits_with_chunking": false, "event_id": 147, "logits_dtype": "none", "logits_saved_bytes": 0, "peak_allocated_bytes": 4368818688, "peak_increment_bytes": 96343552, "pipeline_parallel_size": 2, "projected_rows": 3913, "rank": 5, "response_only_enabled": true, "role": "actor", "selected_rows": 3913, "tensor_parallel_size": 2, "vocab_shard": 75968}
[36m(WorkerDict pid=263346)[0m WARNING:2026-09-11 14:04:35,946:VERL_RESPONSE_ONLY_LM_HEAD_PROFILE {"active_ratio": 0.5457908163265306, "actual_logits_bytes": 0, "allocated_before_bytes": 4272475136, "backend": "fused", "calculate_entropy": true, "calculate_sum_pi_squared": false, "context_parallel_size": 2, "data_format": "thd", "dense_logits_bytes": 0, "dense_rows": 7840, "distillation_only": false, "elapsed_s": 0.1375560109736398, "element_size": 0, "entropy_from_logits_chunk_size": 2048, "entropy_from_logits_with_chunking": false, "event_id": 147, "logits_dtype": "none", "logits_saved_bytes": 0, "peak_allocated_bytes": 4371822592, "peak_increment_bytes": 99347456, "pipeline_parallel_size": 2, "projected_rows": 4279, "rank": 6, "response_only_enabled": true, "role": "actor", "selected_rows": 4279, "tensor_parallel_size": 2, "vocab_shard": 75968}
[36m(WorkerDict pid=263347)[0m WARNING:2026-09-11 14:04:35,946:VERL_RESPONSE_ONLY_LM_HEAD_PROFILE {"active_ratio": 0.5457908163265306, "actual_logits_bytes": 0, "allocated_before_bytes": 4272475136, "backend": "fused", "calculate_entropy": true, "calculate_sum_pi_squared": false, "context_parallel_size": 2, "data_format": "thd", "dense_logits_bytes": 0, "dense_rows": 7840, "distillation_only": false, "elapsed_s": 0.13750426098704338, "element_size": 0, "entropy_from_logits_chunk_size": 2048, "entropy_from_logits_with_chunking": false, "event_id": 147, "logits_dtype": "none", "logits_saved_bytes": 0, "peak_allocated_bytes": 4371822592, "peak_increment_bytes": 99347456, "pipeline_parallel_size": 2, "projected_rows": 4279, "rank": 7, "response_only_enabled": true, "role": "actor", "selected_rows": 4279, "tensor_parallel_size": 2, "vocab_shard": 75968}
[36m(WorkerDict pid=263345)[0m WARNING:2026-09-11 14:04:36,315:VERL_RESPONSE_ONLY_LM_HEAD_PROFILE {"active_ratio": 0.49938514510575505, "actual_logits_bytes": 0, "allocated_before_bytes": 4275020288, "backend": "fused", "calculate_entropy": true, "calculate_sum_pi_squared": false, "context_parallel_size": 2, "data_format": "thd", "dense_logits_bytes": 0, "dense_rows": 8132, "distillation_only": false, "elapsed_s": 0.12902282807044685, "element_size": 0, "entropy_from_logits_chunk_size": 2048, "entropy_from_logits_with_chunking": false, "event_id": 148, "logits_dtype": "none", "logits_saved_bytes": 0, "peak_allocated_bytes": 4374970368, "peak_increment_bytes": 99950080, "pipeline_parallel_size": 2, "projected_rows": 4061, "rank": 5, "response_only_enabled": true, "role": "actor", "selected_rows": 4061, "tensor_parallel_size": 2, "vocab_shard": 75968}
[36m(WorkerDict pid=263346)[0m WARNING:2026-09-11 14:04:36,318:VERL_RESPONSE_ONLY_LM_HEAD_PROFILE {"active_ratio": 0.5079931136251845, "actual_logits_bytes": 0, "allocated_before_bytes": 4275020288, "backend": "fused", "calculate_entropy": true, "calculate_sum_pi_squared": false, "context_parallel_size": 2, "data_format": "thd", "dense_logits_bytes": 0, "dense_rows": 8132, "distillation_only": false, "elapsed_s": 0.13259235897567123, "element_size": 0, "entropy_from_logits_chunk_size": 2048, "entropy_from_logits_with_chunking": false, "event_id": 148, "logits_dtype": "none", "logits_saved_bytes": 0, "peak_allocated_bytes": 4375545344, "peak_increment_bytes": 100525056, "pipeline_parallel_size": 2, "projected_rows": 4131, "rank": 6, "response_only_enabled": true, "role": "actor", "selected_rows": 4131, "tensor_parallel_size": 2, "vocab_shard": 75968}
[36m(WorkerDict pid=263347)[0m WARNING:2026-09-11 14:04:36,318:VERL_RESPONSE_ONLY_LM_HEAD_PROFILE {"active_ratio": 0.5079931136251845, "actual_logits_bytes": 0, "allocated_before_bytes": 4275020288, "backend": "fused", "calculate_entropy": true, "calculate_sum_pi_squared": false, "context_parallel_size": 2, "data_format": "thd", "dense_logits_bytes": 0, "dense_rows": 8132, "distillation_only": false, "elapsed_s": 0.13262017897795886, "element_size": 0, "entropy_from_logits_chunk_size": 2048, "entropy_from_logits_with_chunking": false, "event_id": 148, "logits_dtype": "none", "logits_saved_bytes": 0, "peak_allocated_bytes": 4375545344, "peak_increment_bytes": 100525056, "pipeline_parallel_size": 2, "projected_rows": 4131, "rank": 7, "response_only_enabled": true, "role": "actor", "selected_rows": 4131, "tensor_parallel_size": 2, "vocab_shard": 75968}
[36m(WorkerDict pid=263345)[0m WARNING:2026-09-11 14:04:36,685:VERL_RESPONSE_ONLY_LM_HEAD_PROFILE {"active_ratio": 0.49938514510575505, "actual_logits_bytes": 0, "allocated_before_bytes": 4275152384, "backend": "fused", "calculate_entropy": true, "calculate_sum_pi_squared": false, "context_parallel_size": 2, "data_format": "thd", "dense_logits_bytes": 0, "dense_rows": 8132, "distillation_only": false, "elapsed_s": 0.1285293479450047, "element_size": 0, "entropy_from_logits_chunk_size": 2048, "entropy_from_logits_with_chunking": false, "event_id": 149, "logits_dtype": "none", "logits_saved_bytes": 0, "peak_allocated_bytes": 4375102464, "peak_increment_bytes": 99950080, "pipeline_parallel_size": 2, "projected_rows": 4061, "rank": 5, "response_only_enabled": true, "role": "actor", "selected_rows": 4061, "tensor_parallel_size": 2, "vocab_shard": 75968}
[36m(WorkerDict pid=263346)[0m WARNING:2026-09-11 14:04:36,689:VERL_RESPONSE_ONLY_LM_HEAD_PROFILE {"active_ratio": 0.5079931136251845, "actual_logits_bytes": 0, "allocated_before_bytes": 4275152384, "backend": "fused", "calculate_entropy": true, "calculate_sum_pi_squared": false, "context_parallel_size": 2, "data_format": "thd", "dense_logits_bytes": 0, "dense_rows": 8132, "distillation_only": false, "elapsed_s": 0.13253985904157162, "element_size": 0, "entropy_from_logits_chunk_size": 2048, "entropy_from_logits_with_chunking": false, "event_id": 149, "logits_dtype": "none", "logits_saved_bytes": 0, "peak_allocated_bytes": 4375677440, "peak_increment_bytes": 100525056, "pipeline_parallel_size": 2, "projected_rows": 4131, "rank": 6, "response_only_enabled": true, "role": "actor", "selected_rows": 4131, "tensor_parallel_size": 2, "vocab_shard": 75968}
[36m(WorkerDict pid=263347)[0m WARNING:2026-09-11 14:04:36,689:VERL_RESPONSE_ONLY_LM_HEAD_PROFILE {"active_ratio": 0.5079931136251845, "actual_logits_bytes": 0, "allocated_before_bytes": 4275152384, "backend": "fused", "calculate_entropy": true, "calculate_sum_pi_squared": false, "context_parallel_size": 2, "data_format": "thd", "dense_logits_bytes": 0, "dense_rows": 8132, "distillation_only": false, "elapsed_s": 0.13253393897321075, "element_size": 0, "entropy_from_logits_chunk_size": 2048, "entropy_from_logits_with_chunking": false, "event_id": 149, "logits_dtype": "none", "logits_saved_bytes": 0, "peak_allocated_bytes": 4375677440, "peak_increment_bytes": 100525056, "pipeline_parallel_size": 2, "projected_rows": 4131, "rank": 7, "response_only_enabled": true, "role": "actor", "selected_rows": 4131, "tensor_parallel_size": 2, "vocab_shard": 75968}
[36m(WorkerDict pid=263345)[0m WARNING:2026-09-11 14:04:37,058:VERL_RESPONSE_ONLY_LM_HEAD_PROFILE {"active_ratio": 0.49938514510575505, "actual_logits_bytes": 0, "allocated_before_bytes": 4275284480, "backend": "fused", "calculate_entropy": true, "calculate_sum_pi_squared": false, "context_parallel_size": 2, "data_format": "thd", "dense_logits_bytes": 0, "dense_rows": 8132, "distillation_only": false, "elapsed_s": 0.1293900980381295, "element_size": 0, "entropy_from_logits_chunk_size": 2048, "entropy_from_logits_with_chunking": false, "event_id": 150, "logits_dtype": "none", "logits_saved_bytes": 0, "peak_allocated_bytes": 4375234560, "peak_increment_bytes": 99950080, "pipeline_parallel_size": 2, "projected_rows": 4061, "rank": 5, "response_only_enabled": true, "role": "actor", "selected_rows": 4061, "tensor_parallel_size": 2, "vocab_shard": 75968}
[36m(WorkerDict pid=263346)[0m WARNING:2026-09-11 14:04:37,061:VERL_RESPONSE_ONLY_LM_HEAD_PROFILE {"active_ratio": 0.5079931136251845, "actual_logits_bytes": 0, "allocated_before_bytes": 4275284480, "backend": "fused", "calculate_entropy": true, "calculate_sum_pi_squared": false, "context_parallel_size": 2, "data_format": "thd", "dense_logits_bytes": 0, "dense_rows": 8132, "distillation_only": false, "elapsed_s": 0.13244299998041242, "element_size": 0, "entropy_from_logits_chunk_size": 2048, "entropy_from_logits_with_chunking": false, "event_id": 150, "logits_dtype": "none", "logits_saved_bytes": 0, "peak_allocated_bytes": 4375809536, "peak_increment_bytes": 100525056, "pipeline_parallel_size": 2, "projected_rows": 4131, "rank": 6, "response_only_enabled": true, "role": "actor", "selected_rows": 4131, "tensor_parallel_size": 2, "vocab_shard": 75968}
[36m(WorkerDict pid=263347)[0m WARNING:2026-09-11 14:04:37,061:VERL_RESPONSE_ONLY_LM_HEAD_PROFILE {"active_ratio": 0.5079931136251845, "actual_logits_bytes": 0, "allocated_before_bytes": 4275284480, "backend": "fused", "calculate_entropy": true, "calculate_sum_pi_squared": false, "context_parallel_size": 2, "data_format": "thd", "dense_logits_bytes": 0, "dense_rows": 8132, "distillation_only": false, "elapsed_s": 0.1324239899404347, "element_size": 0, "entropy_from_logits_chunk_size": 2048, "entropy_from_logits_with_chunking": false, "event_id": 150, "logits_dtype": "none", "logits_saved_bytes": 0, "peak_allocated_bytes": 4375809536, "peak_increment_bytes": 100525056, "pipeline_parallel_size": 2, "projected_rows": 4131, "rank": 7, "response_only_enabled": true, "role": "actor", "selected_rows": 4131, "tensor_parallel_size": 2, "vocab_shard": 75968}
[36m(WorkerDict pid=263345)[0m WARNING:2026-09-11 14:04:37,429:VERL_RESPONSE_ONLY_LM_HEAD_PROFILE {"active_ratio": 0.49938514510575505, "actual_logits_bytes": 0, "allocated_before_bytes": 4275416576, "backend": "fused", "calculate_entropy": true, "calculate_sum_pi_squared": false, "context_parallel_size": 2, "data_format": "thd", "dense_logits_bytes": 0, "dense_rows": 8132, "distillation_only": false, "elapsed_s": 0.1292098379926756, "element_size": 0, "entropy_from_logits_chunk_size": 2048, "entropy_from_logits_with_chunking": false, "event_id": 151, "logits_dtype": "none", "logits_saved_bytes": 0, "peak_allocated_bytes": 4375366656, "peak_increment_bytes": 99950080, "pipeline_parallel_size": 2, "projected_rows": 4061, "rank": 5, "response_only_enabled": true, "role": "actor", "selected_rows": 4061, "tensor_parallel_size": 2, "vocab_shard": 75968}
[36m(WorkerDict pid=263346)[0m WARNING:2026-09-11 14:04:37,432:VERL_RESPONSE_ONLY_LM_HEAD_PROFILE {"active_ratio": 0.5079931136251845, "actual_logits_bytes": 0, "allocated_before_bytes": 4275416576, "backend": "fused", "calculate_entropy": true, "calculate_sum_pi_squared": false, "context_parallel_size": 2, "data_format": "thd", "dense_logits_bytes": 0, "dense_rows": 8132, "distillation_only": false, "elapsed_s": 0.13223365892190486, "element_size": 0, "entropy_from_logits_chunk_size": 2048, "entropy_from_logits_with_chunking": false, "event_id": 151, "logits_dtype": "none", "logits_saved_bytes": 0, "peak_allocated_bytes": 4375941632, "peak_increment_bytes": 100525056, "pipeline_parallel_size": 2, "projected_rows": 4131, "rank": 6, "response_only_enabled": true, "role": "actor", "selected_rows": 4131, "tensor_parallel_size": 2, "vocab_shard": 75968}
[36m(WorkerDict pid=263347)[0m WARNING:2026-09-11 14:04:37,432:VERL_RESPONSE_ONLY_LM_HEAD_PROFILE {"active_ratio": 0.5079931136251845, "actual_logits_bytes": 0, "allocated_before_bytes": 4275416576, "backend": "fused", "calculate_entropy": true, "calculate_sum_pi_squared": false, "context_parallel_size": 2, "data_format": "thd", "dense_logits_bytes": 0, "dense_rows": 8132, "distillation_only": false, "elapsed_s": 0.1323179790051654, "element_size": 0, "entropy_from_logits_chunk_size": 2048, "entropy_from_logits_with_chunking": false, "event_id": 151, "logits_dtype": "none", "logits_saved_bytes": 0, "peak_allocated_bytes": 4375941632, "peak_increment_bytes": 100525056, "pipeline_parallel_size": 2, "projected_rows": 4131, "rank": 7, "response_only_enabled": true, "role": "actor", "selected_rows": 4131, "tensor_parallel_size": 2, "vocab_shard": 75968}
[36m(WorkerDict pid=263345)[0m WARNING:2026-09-11 14:04:37,789:VERL_RESPONSE_ONLY_LM_HEAD_PROFILE {"active_ratio": 0.4992350841407445, "actual_logits_bytes": 0, "allocated_before_bytes": 4273165312, "backend": "fused", "calculate_entropy": true, "calculate_sum_pi_squared": false, "context_parallel_size": 2, "data_format": "thd", "dense_logits_bytes": 0, "dense_rows": 7844, "distillation_only": false, "elapsed_s": 0.12559200590476394, "element_size": 0, "entropy_from_logits_chunk_size": 2048, "entropy_from_logits_with_chunking": false, "event_id": 152, "logits_dtype": "none", "logits_saved_bytes": 0, "peak_allocated_bytes": 4369566208, "peak_increment_bytes": 96400896, "pipeline_parallel_size": 2, "projected_rows": 3916, "rank": 5, "response_only_enabled": true, "role": "actor", "selected_rows": 3916, "tensor_parallel_size": 2, "vocab_shard": 75968}
[36m(WorkerDict pid=263346)[0m WARNING:2026-09-11 14:04:37,801:VERL_RESPONSE_ONLY_LM_HEAD_PROFILE {"active_ratio": 0.5451300356960734, "actual_logits_bytes": 0, "allocated_before_bytes": 4273165312, "backend": "fused", "calculate_entropy": true, "calculate_sum_pi_squared": false, "context_parallel_size": 2, "data_format": "thd", "dense_logits_bytes": 0, "dense_rows": 7844, "distillation_only": false, "elapsed_s": 0.13749619107693434, "element_size": 0, "entropy_from_logits_chunk_size": 2048, "entropy_from_logits_with_chunking": false, "event_id": 152, "logits_dtype": "none", "logits_saved_bytes": 0, "peak_allocated_bytes": 4372520960, "peak_increment_bytes": 99355648, "pipeline_parallel_size": 2, "projected_rows": 4276, "rank": 6, "response_only_enabled": true, "role": "actor", "selected_rows": 4276, "tensor_parallel_size": 2, "vocab_shard": 75968}
[36m(WorkerDict pid=263347)[0m WARNING:2026-09-11 14:04:37,801:VERL_RESPONSE_ONLY_LM_HEAD_PROFILE {"active_ratio": 0.5451300356960734, "actual_logits_bytes": 0, "allocated_before_bytes": 4273165312, "backend": "fused", "calculate_entropy": true, "calculate_sum_pi_squared": false, "context_parallel_size": 2, "data_format": "thd", "dense_logits_bytes": 0, "dense_rows": 7844, "distillation_only": false, "elapsed_s": 0.13801230199169368, "element_size": 0, "entropy_from_logits_chunk_size": 2048, "entropy_from_logits_with_chunking": false, "event_id": 152, "logits_dtype": "none", "logits_saved_bytes": 0, "peak_allocated_bytes": 4372520960, "peak_increment_bytes": 99355648, "pipeline_parallel_size": 2, "projected_rows": 4276, "rank": 7, "response_only_enabled": true, "role": "actor", "selected_rows": 4276, "tensor_parallel_size": 2, "vocab_shard": 75968}
[36m(WorkerDict pid=263345)[0m WARNING:2026-09-11 14:04:38,160:VERL_RESPONSE_ONLY_LM_HEAD_PROFILE {"active_ratio": 0.4992350841407445, "actual_logits_bytes": 0, "allocated_before_bytes": 4273292288, "backend": "fused", "calculate_entropy": true, "calculate_sum_pi_squared": false, "context_parallel_size": 2, "data_format": "thd", "dense_logits_bytes": 0, "dense_rows": 7844, "distillation_only": false, "elapsed_s": 0.12615738692693412, "element_size": 0, "entropy_from_logits_chunk_size": 2048, "entropy_from_logits_with_chunking": false, "event_id": 153, "logits_dtype": "none", "logits_saved_bytes": 0, "peak_allocated_bytes": 4369693184, "peak_increment_bytes": 96400896, "pipeline_parallel_size": 2, "projected_rows": 3916, "rank": 5, "response_only_enabled": true, "role": "actor", "selected_rows": 3916, "tensor_parallel_size": 2, "vocab_shard": 75968}
[36m(WorkerDict pid=263346)[0m WARNING:2026-09-11 14:04:38,173:VERL_RESPONSE_ONLY_LM_HEAD_PROFILE {"active_ratio": 0.5451300356960734, "actual_logits_bytes": 0, "allocated_before_bytes": 4273292288, "backend": "fused", "calculate_entropy": true, "calculate_sum_pi_squared": false, "context_parallel_size": 2, "data_format": "thd", "dense_logits_bytes": 0, "dense_rows": 7844, "distillation_only": false, "elapsed_s": 0.13900698302313685, "element_size": 0, "entropy_from_logits_chunk_size": 2048, "entropy_from_logits_with_chunking": false, "event_id": 153, "logits_dtype": "none", "logits_saved_bytes": 0, "peak_allocated_bytes": 4372647936, "peak_increment_bytes": 99355648, "pipeline_parallel_size": 2, "projected_rows": 4276, "rank": 6, "response_only_enabled": true, "role": "actor", "selected_rows": 4276, "tensor_parallel_size": 2, "vocab_shard": 75968}
[36m(WorkerDict pid=263347)[0m WARNING:2026-09-11 14:04:38,173:VERL_RESPONSE_ONLY_LM_HEAD_PROFILE {"active_ratio": 0.5451300356960734, "actual_logits_bytes": 0, "allocated_before_bytes": 4273292288, "backend": "fused", "calculate_entropy": true, "calculate_sum_pi_squared": false, "context_parallel_size": 2, "data_format": "thd", "dense_logits_bytes": 0, "dense_rows": 7844, "distillation_only": false, "elapsed_s": 0.13900308299344033, "element_size": 0, "entropy_from_logits_chunk_size": 2048, "entropy_from_logits_with_chunking": false, "event_id": 153, "logits_dtype": "none", "logits_saved_bytes": 0, "peak_allocated_bytes": 4372647936, "peak_increment_bytes": 99355648, "pipeline_parallel_size": 2, "projected_rows": 4276, "rank": 7, "response_only_enabled": true, "role": "actor", "selected_rows": 4276, "tensor_parallel_size": 2, "vocab_shard": 75968}
[36m(WorkerDict pid=263345)[0m WARNING:2026-09-11 14:04:38,529:VERL_RESPONSE_ONLY_LM_HEAD_PROFILE {"active_ratio": 0.4992350841407445, "actual_logits_bytes": 0, "allocated_before_bytes": 4273419264, "backend": "fused", "calculate_entropy": true, "calculate_sum_pi_squared": false, "context_parallel_size": 2, "data_format": "thd", "dense_logits_bytes": 0, "dense_rows": 7844, "distillation_only": false, "elapsed_s": 0.12553774600382894, "element_size": 0, "entropy_from_logits_chunk_size": 2048, "entropy_from_logits_with_chunking": false, "event_id": 154, "logits_dtype": "none", "logits_saved_bytes": 0, "peak_allocated_bytes": 4369820160, "peak_increment_bytes": 96400896, "pipeline_parallel_size": 2, "projected_rows": 3916, "rank": 5, "response_only_enabled": true, "role": "actor", "selected_rows": 3916, "tensor_parallel_size": 2, "vocab_shard": 75968}
[36m(WorkerDict pid=263346)[0m WARNING:2026-09-11 14:04:38,540:VERL_RESPONSE_ONLY_LM_HEAD_PROFILE {"active_ratio": 0.5451300356960734, "actual_logits_bytes": 0, "allocated_before_bytes": 4273419264, "backend": "fused", "calculate_entropy": true, "calculate_sum_pi_squared": false, "context_parallel_size": 2, "data_format": "thd", "dense_logits_bytes": 0, "dense_rows": 7844, "distillation_only": false, "elapsed_s": 0.13700094097293913, "element_size": 0, "entropy_from_logits_chunk_size": 2048, "entropy_from_logits_with_chunking": false, "event_id": 154, "logits_dtype": "none", "logits_saved_bytes": 0, "peak_allocated_bytes": 4372774912, "peak_increment_bytes": 99355648, "pipeline_parallel_size": 2, "projected_rows": 4276, "rank": 6, "response_only_enabled": true, "role": "actor", "selected_rows": 4276, "tensor_parallel_size": 2, "vocab_shard": 75968}
[36m(WorkerDict pid=263347)[0m WARNING:2026-09-11 14:04:38,540:VERL_RESPONSE_ONLY_LM_HEAD_PROFILE {"active_ratio": 0.5451300356960734, "actual_logits_bytes": 0, "allocated_before_bytes": 4273419264, "backend": "fused", "calculate_entropy": true, "calculate_sum_pi_squared": false, "context_parallel_size": 2, "data_format": "thd", "dense_logits_bytes": 0, "dense_rows": 7844, "distillation_only": false, "elapsed_s": 0.1370541510405019, "element_size": 0, "entropy_from_logits_chunk_size": 2048, "entropy_from_logits_with_chunking": false, "event_id": 154, "logits_dtype": "none", "logits_saved_bytes": 0, "peak_allocated_bytes": 4372774912, "peak_increment_bytes": 99355648, "pipeline_parallel_size": 2, "projected_rows": 4276, "rank": 7, "response_only_enabled": true, "role": "actor", "selected_rows": 4276, "tensor_parallel_size": 2, "vocab_shard": 75968}
[36m(WorkerDict pid=263345)[0m WARNING:2026-09-11 14:04:38,930:VERL_RESPONSE_ONLY_LM_HEAD_PROFILE {"active_ratio": 0.4992350841407445, "actual_logits_bytes": 0, "allocated_before_bytes": 4273546240, "backend": "fused", "calculate_entropy": true, "calculate_sum_pi_squared": false, "context_parallel_size": 2, "data_format": "thd", "dense_logits_bytes": 0, "dense_rows": 7844, "distillation_only": false, "elapsed_s": 0.12606469599995762, "element_size": 0, "entropy_from_logits_chunk_size": 2048, "entropy_from_logits_with_chunking": false, "event_id": 155, "logits_dtype": "none", "logits_saved_bytes": 0, "peak_allocated_bytes": 4369947136, "peak_increment_bytes": 96400896, "pipeline_parallel_size": 2, "projected_rows": 3916, "rank": 5, "response_only_enabled": true, "role": "actor", "selected_rows": 3916, "tensor_parallel_size": 2, "vocab_shard": 75968}
[36m(WorkerDict pid=263346)[0m WARNING:2026-09-11 14:04:38,940:VERL_RESPONSE_ONLY_LM_HEAD_PROFILE {"active_ratio": 0.5451300356960734, "actual_logits_bytes": 0, "allocated_before_bytes": 4273546240, "backend": "fused", "calculate_entropy": true, "calculate_sum_pi_squared": false, "context_parallel_size": 2, "data_format": "thd", "dense_logits_bytes": 0, "dense_rows": 7844, "distillation_only": false, "elapsed_s": 0.13704656099434942, "element_size": 0, "entropy_from_logits_chunk_size": 2048, "entropy_from_logits_with_chunking": false, "event_id": 155, "logits_dtype": "none", "logits_saved_bytes": 0, "peak_allocated_bytes": 4372901888, "peak_increment_bytes": 99355648, "pipeline_parallel_size": 2, "projected_rows": 4276, "rank": 6, "response_only_enabled": true, "role": "actor", "selected_rows": 4276, "tensor_parallel_size": 2, "vocab_shard": 75968}
[36m(WorkerDict pid=263347)[0m WARNING:2026-09-11 14:04:38,940:VERL_RESPONSE_ONLY_LM_HEAD_PROFILE {"active_ratio": 0.5451300356960734, "actual_logits_bytes": 0, "allocated_before_bytes": 4273546240, "backend": "fused", "calculate_entropy": true, "calculate_sum_pi_squared": false, "context_parallel_size": 2, "data_format": "thd", "dense_logits_bytes": 0, "dense_rows": 7844, "distillation_only": false, "elapsed_s": 0.13706153095699847, "element_size": 0, "entropy_from_logits_chunk_size": 2048, "entropy_from_logits_with_chunking": false, "event_id": 155, "logits_dtype": "none", "logits_saved_bytes": 0, "peak_allocated_bytes": 4372901888, "peak_increment_bytes": 99355648, "pipeline_parallel_size": 2, "projected_rows": 4276, "rank": 7, "response_only_enabled": true, "role": "actor", "selected_rows": 4276, "tensor_parallel_size": 2, "vocab_shard": 75968}
[36m(WorkerDict pid=263345)[0m WARNING:2026-09-11 14:04:39,297:VERL_RESPONSE_ONLY_LM_HEAD_PROFILE {"active_ratio": 0.4992350841407445, "actual_logits_bytes": 0, "allocated_before_bytes": 4273673216, "backend": "fused", "calculate_entropy": true, "calculate_sum_pi_squared": false, "context_parallel_size": 2, "data_format": "thd", "dense_logits_bytes": 0, "dense_rows": 7844, "distillation_only": false, "elapsed_s": 0.1265151359839365, "element_size": 0, "entropy_from_logits_chunk_size": 2048, "entropy_from_logits_with_chunking": false, "event_id": 156, "logits_dtype": "none", "logits_saved_bytes": 0, "peak_allocated_bytes": 4370074112, "peak_increment_bytes": 96400896, "pipeline_parallel_size": 2, "projected_rows": 3916, "rank": 5, "response_only_enabled": true, "role": "actor", "selected_rows": 3916, "tensor_parallel_size": 2, "vocab_shard": 75968}
[36m(WorkerDict pid=263346)[0m WARNING:2026-09-11 14:04:39,308:VERL_RESPONSE_ONLY_LM_HEAD_PROFILE {"active_ratio": 0.5451300356960734, "actual_logits_bytes": 0, "allocated_before_bytes": 4273673216, "backend": "fused", "calculate_entropy": true, "calculate_sum_pi_squared": false, "context_parallel_size": 2, "data_format": "thd", "dense_logits_bytes": 0, "dense_rows": 7844, "distillation_only": false, "elapsed_s": 0.13712669094093144, "element_size": 0, "entropy_from_logits_chunk_size": 2048, "entropy_from_logits_with_chunking": false, "event_id": 156, "logits_dtype": "none", "logits_saved_bytes": 0, "peak_allocated_bytes": 4373028864, "peak_increment_bytes": 99355648, "pipeline_parallel_size": 2, "projected_rows": 4276, "rank": 6, "response_only_enabled": true, "role": "actor", "selected_rows": 4276, "tensor_parallel_size": 2, "vocab_shard": 75968}
[36m(WorkerDict pid=263347)[0m WARNING:2026-09-11 14:04:39,308:VERL_RESPONSE_ONLY_LM_HEAD_PROFILE {"active_ratio": 0.5451300356960734, "actual_logits_bytes": 0, "allocated_before_bytes": 4273673216, "backend": "fused", "calculate_entropy": true, "calculate_sum_pi_squared": false, "context_parallel_size": 2, "data_format": "thd", "dense_logits_bytes": 0, "dense_rows": 7844, "distillation_only": false, "elapsed_s": 0.13713173102587461, "element_size": 0, "entropy_from_logits_chunk_size": 2048, "entropy_from_logits_with_chunking": false, "event_id": 156, "logits_dtype": "none", "logits_saved_bytes": 0, "peak_allocated_bytes": 4373028864, "peak_increment_bytes": 99355648, "pipeline_parallel_size": 2, "projected_rows": 4276, "rank": 7, "response_only_enabled": true, "role": "actor", "selected_rows": 4276, "tensor_parallel_size": 2, "vocab_shard": 75968}
[36m(WorkerDict pid=263345)[0m WARNING:2026-09-11 14:04:39,665:VERL_RESPONSE_ONLY_LM_HEAD_PROFILE {"active_ratio": 0.4992350841407445, "actual_logits_bytes": 0, "allocated_before_bytes": 4273800192, "backend": "fused", "calculate_entropy": true, "calculate_sum_pi_squared": false, "context_parallel_size": 2, "data_format": "thd", "dense_logits_bytes": 0, "dense_rows": 7844, "distillation_only": false, "elapsed_s": 0.12583620590157807, "element_size": 0, "entropy_from_logits_chunk_size": 2048, "entropy_from_logits_with_chunking": false, "event_id": 157, "logits_dtype": "none", "logits_saved_bytes": 0, "peak_allocated_bytes": 4370201088, "peak_increment_bytes": 96400896, "pipeline_parallel_size": 2, "projected_rows": 3916, "rank": 5, "response_only_enabled": true, "role": "actor", "selected_rows": 3916, "tensor_parallel_size": 2, "vocab_shard": 75968}
[36m(WorkerDict pid=263346)[0m WARNING:2026-09-11 14:04:39,676:VERL_RESPONSE_ONLY_LM_HEAD_PROFILE {"active_ratio": 0.5451300356960734, "actual_logits_bytes": 0, "allocated_before_bytes": 4273800192, "backend": "fused", "calculate_entropy": true, "calculate_sum_pi_squared": false, "context_parallel_size": 2, "data_format": "thd", "dense_logits_bytes": 0, "dense_rows": 7844, "distillation_only": false, "elapsed_s": 0.1369311719899997, "element_size": 0, "entropy_from_logits_chunk_size": 2048, "entropy_from_logits_with_chunking": false, "event_id": 157, "logits_dtype": "none", "logits_saved_bytes": 0, "peak_allocated_bytes": 4373155840, "peak_increment_bytes": 99355648, "pipeline_parallel_size": 2, "projected_rows": 4276, "rank": 6, "response_only_enabled": true, "role": "actor", "selected_rows": 4276, "tensor_parallel_size": 2, "vocab_shard": 75968}
[36m(WorkerDict pid=263347)[0m WARNING:2026-09-11 14:04:39,676:VERL_RESPONSE_ONLY_LM_HEAD_PROFILE {"active_ratio": 0.5451300356960734, "actual_logits_bytes": 0, "allocated_before_bytes": 4273800192, "backend": "fused", "calculate_entropy": true, "calculate_sum_pi_squared": false, "context_parallel_size": 2, "data_format": "thd", "dense_logits_bytes": 0, "dense_rows": 7844, "distillation_only": false, "elapsed_s": 0.13695083209313452, "element_size": 0, "entropy_from_logits_chunk_size": 2048, "entropy_from_logits_with_chunking": false, "event_id": 157, "logits_dtype": "none", "logits_saved_bytes": 0, "peak_allocated_bytes": 4373155840, "peak_increment_bytes": 99355648, "pipeline_parallel_size": 2, "projected_rows": 4276, "rank": 7, "response_only_enabled": true, "role": "actor", "selected_rows": 4276, "tensor_parallel_size": 2, "vocab_shard": 75968}
[36m(WorkerDict pid=263345)[0m WARNING:2026-09-11 14:04:40,033:VERL_RESPONSE_ONLY_LM_HEAD_PROFILE {"active_ratio": 0.4992350841407445, "actual_logits_bytes": 0, "allocated_before_bytes": 4273927168, "backend": "fused", "calculate_entropy": true, "calculate_sum_pi_squared": false, "context_parallel_size": 2, "data_format": "thd", "dense_logits_bytes": 0, "dense_rows": 7844, "distillation_only": false, "elapsed_s": 0.12549873592797667, "element_size": 0, "entropy_from_logits_chunk_size": 2048, "entropy_from_logits_with_chunking": false, "event_id": 158, "logits_dtype": "none", "logits_saved_bytes": 0, "peak_allocated_bytes": 4370328064, "peak_increment_bytes": 96400896, "pipeline_parallel_size": 2, "projected_rows": 3916, "rank": 5, "response_only_enabled": true, "role": "actor", "selected_rows": 3916, "tensor_parallel_size": 2, "vocab_shard": 75968}
[36m(WorkerDict pid=263346)[0m WARNING:2026-09-11 14:04:40,044:VERL_RESPONSE_ONLY_LM_HEAD_PROFILE {"active_ratio": 0.5451300356960734, "actual_logits_bytes": 0, "allocated_before_bytes": 4273927168, "backend": "fused", "calculate_entropy": true, "calculate_sum_pi_squared": false, "context_parallel_size": 2, "data_format": "thd", "dense_logits_bytes": 0, "dense_rows": 7844, "distillation_only": false, "elapsed_s": 0.13740804104600102, "element_size": 0, "entropy_from_logits_chunk_size": 2048, "entropy_from_logits_with_chunking": false, "event_id": 158, "logits_dtype": "none", "logits_saved_bytes": 0, "peak_allocated_bytes": 4373282816, "peak_increment_bytes": 99355648, "pipeline_parallel_size": 2, "projected_rows": 4276, "rank": 6, "response_only_enabled": true, "role": "actor", "selected_rows": 4276, "tensor_parallel_size": 2, "vocab_shard": 75968}
[36m(WorkerDict pid=263347)[0m WARNING:2026-09-11 14:04:40,044:VERL_RESPONSE_ONLY_LM_HEAD_PROFILE {"active_ratio": 0.5451300356960734, "actual_logits_bytes": 0, "allocated_before_bytes": 4273927168, "backend": "fused", "calculate_entropy": true, "calculate_sum_pi_squared": false, "context_parallel_size": 2, "data_format": "thd", "dense_logits_bytes": 0, "dense_rows": 7844, "distillation_only": false, "elapsed_s": 0.13741353095974773, "element_size": 0, "entropy_from_logits_chunk_size": 2048, "entropy_from_logits_with_chunking": false, "event_id": 158, "logits_dtype": "none", "logits_saved_bytes": 0, "peak_allocated_bytes": 4373282816, "peak_increment_bytes": 99355648, "pipeline_parallel_size": 2, "projected_rows": 4276, "rank": 7, "response_only_enabled": true, "role": "actor", "selected_rows": 4276, "tensor_parallel_size": 2, "vocab_shard": 75968}
[36m(WorkerDict pid=263345)[0m WARNING:2026-09-11 14:04:40,403:VERL_RESPONSE_ONLY_LM_HEAD_PROFILE {"active_ratio": 0.4992350841407445, "actual_logits_bytes": 0, "allocated_before_bytes": 4274054144, "backend": "fused", "calculate_entropy": true, "calculate_sum_pi_squared": false, "context_parallel_size": 2, "data_format": "thd", "dense_logits_bytes": 0, "dense_rows": 7844, "distillation_only": false, "elapsed_s": 0.12570377602241933, "element_size": 0, "entropy_from_logits_chunk_size": 2048, "entropy_from_logits_with_chunking": false, "event_id": 159, "logits_dtype": "none", "logits_saved_bytes": 0, "peak_allocated_bytes": 4370455040, "peak_increment_bytes": 96400896, "pipeline_parallel_size": 2, "projected_rows": 3916, "rank": 5, "response_only_enabled": true, "role": "actor", "selected_rows": 3916, "tensor_parallel_size": 2, "vocab_shard": 75968}
[36m(WorkerDict pid=263346)[0m WARNING:2026-09-11 14:04:40,415:VERL_RESPONSE_ONLY_LM_HEAD_PROFILE {"active_ratio": 0.5451300356960734, "actual_logits_bytes": 0, "allocated_before_bytes": 4274054144, "backend": "fused", "calculate_entropy": true, "calculate_sum_pi_squared": false, "context_parallel_size": 2, "data_format": "thd", "dense_logits_bytes": 0, "dense_rows": 7844, "distillation_only": false, "elapsed_s": 0.13802949199452996, "element_size": 0, "entropy_from_logits_chunk_size": 2048, "entropy_from_logits_with_chunking": false, "event_id": 159, "logits_dtype": "none", "logits_saved_bytes": 0, "peak_allocated_bytes": 4373409792, "peak_increment_bytes": 99355648, "pipeline_parallel_size": 2, "projected_rows": 4276, "rank": 6, "response_only_enabled": true, "role": "actor", "selected_rows": 4276, "tensor_parallel_size": 2, "vocab_shard": 75968}
[36m(WorkerDict pid=263347)[0m WARNING:2026-09-11 14:04:40,415:VERL_RESPONSE_ONLY_LM_HEAD_PROFILE {"active_ratio": 0.5451300356960734, "actual_logits_bytes": 0, "allocated_before_bytes": 4274054144, "backend": "fused", "calculate_entropy": true, "calculate_sum_pi_squared": false, "context_parallel_size": 2, "data_format": "thd", "dense_logits_bytes": 0, "dense_rows": 7844, "distillation_only": false, "elapsed_s": 0.13810604205355048, "element_size": 0, "entropy_from_logits_chunk_size": 2048, "entropy_from_logits_with_chunking": false, "event_id": 159, "logits_dtype": "none", "logits_saved_bytes": 0, "peak_allocated_bytes": 4373409792, "peak_increment_bytes": 99355648, "pipeline_parallel_size": 2, "projected_rows": 4276, "rank": 7, "response_only_enabled": true, "role": "actor", "selected_rows": 4276, "tensor_parallel_size": 2, "vocab_shard": 75968}
[36m(WorkerDict pid=263345)[0m WARNING:2026-09-11 14:04:45,662:VERL_RESPONSE_ONLY_LM_HEAD_PROFILE {"active_ratio": 0.49910714285714286, "actual_logits_bytes": 0, "allocated_before_bytes": 4271036928, "backend": "fused", "calculate_entropy": false, "calculate_sum_pi_squared": false, "context_parallel_size": 2, "data_format": "thd", "dense_logits_bytes": 0, "dense_rows": 7840, "distillation_only": false, "elapsed_s": 0.12520906596910208, "element_size": 0, "entropy_from_logits_chunk_size": 2048, "entropy_from_logits_with_chunking": false, "event_id": 160, "logits_dtype": "none", "logits_saved_bytes": 0, "peak_allocated_bytes": 4367380480, "peak_increment_bytes": 96343552, "pipeline_parallel_size": 2, "projected_rows": 3913, "rank": 5, "response_only_enabled": true, "role": "ref", "selected_rows": 3913, "tensor_parallel_size": 2, "vocab_shard": 75968}
[36m(WorkerDict pid=263346)[0m WARNING:2026-09-11 14:04:45,675:VERL_RESPONSE_ONLY_LM_HEAD_PROFILE {"active_ratio": 0.5457908163265306, "actual_logits_bytes": 0, "allocated_before_bytes": 4271036928, "backend": "fused", "calculate_entropy": false, "calculate_sum_pi_squared": false, "context_parallel_size": 2, "data_format": "thd", "dense_logits_bytes": 0, "dense_rows": 7840, "distillation_only": false, "elapsed_s": 0.13869235198944807, "element_size": 0, "entropy_from_logits_chunk_size": 2048, "entropy_from_logits_with_chunking": false, "event_id": 160, "logits_dtype": "none", "logits_saved_bytes": 0, "peak_allocated_bytes": 4370384384, "peak_increment_bytes": 99347456, "pipeline_parallel_size": 2, "projected_rows": 4279, "rank": 6, "response_only_enabled": true, "role": "ref", "selected_rows": 4279, "tensor_parallel_size": 2, "vocab_shard": 75968}
[36m(WorkerDict pid=263347)[0m WARNING:2026-09-11 14:04:45,675:VERL_RESPONSE_ONLY_LM_HEAD_PROFILE {"active_ratio": 0.5457908163265306, "actual_logits_bytes": 0, "allocated_before_bytes": 4271036928, "backend": "fused", "calculate_entropy": false, "calculate_sum_pi_squared": false, "context_parallel_size": 2, "data_format": "thd", "dense_logits_bytes": 0, "dense_rows": 7840, "distillation_only": false, "elapsed_s": 0.13894045201595873, "element_size": 0, "entropy_from_logits_chunk_size": 2048, "entropy_from_logits_with_chunking": false, "event_id": 160, "logits_dtype": "none", "logits_saved_bytes": 0, "peak_allocated_bytes": 4370384384, "peak_increment_bytes": 99347456, "pipeline_parallel_size": 2, "projected_rows": 4279, "rank": 7, "response_only_enabled": true, "role": "ref", "selected_rows": 4279, "tensor_parallel_size": 2, "vocab_shard": 75968}
[36m(WorkerDict pid=263345)[0m WARNING:2026-09-11 14:04:46,030:VERL_RESPONSE_ONLY_LM_HEAD_PROFILE {"active_ratio": 0.49910714285714286, "actual_logits_bytes": 0, "allocated_before_bytes": 4271100928, "backend": "fused", "calculate_entropy": false, "calculate_sum_pi_squared": false, "context_parallel_size": 2, "data_format": "thd", "dense_logits_bytes": 0, "dense_rows": 7840, "distillation_only": false, "elapsed_s": 0.12566183600574732, "element_size": 0, "entropy_from_logits_chunk_size": 2048, "entropy_from_logits_with_chunking": false, "event_id": 161, "logits_dtype": "none", "logits_saved_bytes": 0, "peak_allocated_bytes": 4367444480, "peak_increment_bytes": 96343552, "pipeline_parallel_size": 2, "projected_rows": 3913, "rank": 5, "response_only_enabled": true, "role": "ref", "selected_rows": 3913, "tensor_parallel_size": 2, "vocab_shard": 75968}
[36m(WorkerDict pid=263346)[0m WARNING:2026-09-11 14:04:46,043:VERL_RESPONSE_ONLY_LM_HEAD_PROFILE {"active_ratio": 0.5457908163265306, "actual_logits_bytes": 0, "allocated_before_bytes": 4271100928, "backend": "fused", "calculate_entropy": false, "calculate_sum_pi_squared": false, "context_parallel_size": 2, "data_format": "thd", "dense_logits_bytes": 0, "dense_rows": 7840, "distillation_only": false, "elapsed_s": 0.138863152009435, "element_size": 0, "entropy_from_logits_chunk_size": 2048, "entropy_from_logits_with_chunking": false, "event_id": 161, "logits_dtype": "none", "logits_saved_bytes": 0, "peak_allocated_bytes": 4370448384, "peak_increment_bytes": 99347456, "pipeline_parallel_size": 2, "projected_rows": 4279, "rank": 6, "response_only_enabled": true, "role": "ref", "selected_rows": 4279, "tensor_parallel_size": 2, "vocab_shard": 75968}
[36m(WorkerDict pid=263347)[0m WARNING:2026-09-11 14:04:46,043:VERL_RESPONSE_ONLY_LM_HEAD_PROFILE {"active_ratio": 0.5457908163265306, "actual_logits_bytes": 0, "allocated_before_bytes": 4271100928, "backend": "fused", "calculate_entropy": false, "calculate_sum_pi_squared": false, "context_parallel_size": 2, "data_format": "thd", "dense_logits_bytes": 0, "dense_rows": 7840, "distillation_only": false, "elapsed_s": 0.13882988202385604, "element_size": 0, "entropy_from_logits_chunk_size": 2048, "entropy_from_logits_with_chunking": false, "event_id": 161, "logits_dtype": "none", "logits_saved_bytes": 0, "peak_allocated_bytes": 4370448384, "peak_increment_bytes": 99347456, "pipeline_parallel_size": 2, "projected_rows": 4279, "rank": 7, "response_only_enabled": true, "role": "ref", "selected_rows": 4279, "tensor_parallel_size": 2, "vocab_shard": 75968}
[36m(WorkerDict pid=263345)[0m WARNING:2026-09-11 14:04:46,399:VERL_RESPONSE_ONLY_LM_HEAD_PROFILE {"active_ratio": 0.49910714285714286, "actual_logits_bytes": 0, "allocated_before_bytes": 4271164416, "backend": "fused", "calculate_entropy": false, "calculate_sum_pi_squared": false, "context_parallel_size": 2, "data_format": "thd", "dense_logits_bytes": 0, "dense_rows": 7840, "distillation_only": false, "elapsed_s": 0.12608847697265446, "element_size": 0, "entropy_from_logits_chunk_size": 2048, "entropy_from_logits_with_chunking": false, "event_id": 162, "logits_dtype": "none", "logits_saved_bytes": 0, "peak_allocated_bytes": 4367507968, "peak_increment_bytes": 96343552, "pipeline_parallel_size": 2, "projected_rows": 3913, "rank": 5, "response_only_enabled": true, "role": "ref", "selected_rows": 3913, "tensor_parallel_size": 2, "vocab_shard": 75968}
[36m(WorkerDict pid=263346)[0m WARNING:2026-09-11 14:04:46,409:VERL_RESPONSE_ONLY_LM_HEAD_PROFILE {"active_ratio": 0.5457908163265306, "actual_logits_bytes": 0, "allocated_before_bytes": 4271164416, "backend": "fused", "calculate_entropy": false, "calculate_sum_pi_squared": false, "context_parallel_size": 2, "data_format": "thd", "dense_logits_bytes": 0, "dense_rows": 7840, "distillation_only": false, "elapsed_s": 0.13686109194532037, "element_size": 0, "entropy_from_logits_chunk_size": 2048, "entropy_from_logits_with_chunking": false, "event_id": 162, "logits_dtype": "none", "logits_saved_bytes": 0, "peak_allocated_bytes": 4370511872, "peak_increment_bytes": 99347456, "pipeline_parallel_size": 2, "projected_rows": 4279, "rank": 6, "response_only_enabled": true, "role": "ref", "selected_rows": 4279, "tensor_parallel_size": 2, "vocab_shard": 75968}
[36m(WorkerDict pid=263347)[0m WARNING:2026-09-11 14:04:46,409:VERL_RESPONSE_ONLY_LM_HEAD_PROFILE {"active_ratio": 0.5457908163265306, "actual_logits_bytes": 0, "allocated_before_bytes": 4271164416, "backend": "fused", "calculate_entropy": false, "calculate_sum_pi_squared": false, "context_parallel_size": 2, "data_format": "thd", "dense_logits_bytes": 0, "dense_rows": 7840, "distillation_only": false, "elapsed_s": 0.13686275202780962, "element_size": 0, "entropy_from_logits_chunk_size": 2048, "entropy_from_logits_with_chunking": false, "event_id": 162, "logits_dtype": "none", "logits_saved_bytes": 0, "peak_allocated_bytes": 4370511872, "peak_increment_bytes": 99347456, "pipeline_parallel_size": 2, "projected_rows": 4279, "rank": 7, "response_only_enabled": true, "role": "ref", "selected_rows": 4279, "tensor_parallel_size": 2, "vocab_shard": 75968}
[36m(WorkerDict pid=263345)[0m WARNING:2026-09-11 14:04:46,764:VERL_RESPONSE_ONLY_LM_HEAD_PROFILE {"active_ratio": 0.49910714285714286, "actual_logits_bytes": 0, "allocated_before_bytes": 4271227904, "backend": "fused", "calculate_entropy": false, "calculate_sum_pi_squared": false, "context_parallel_size": 2, "data_format": "thd", "dense_logits_bytes": 0, "dense_rows": 7840, "distillation_only": false, "elapsed_s": 0.12645961600355804, "element_size": 0, "entropy_from_logits_chunk_size": 2048, "entropy_from_logits_with_chunking": false, "event_id": 163, "logits_dtype": "none", "logits_saved_bytes": 0, "peak_allocated_bytes": 4367571456, "peak_increment_bytes": 96343552, "pipeline_parallel_size": 2, "projected_rows": 3913, "rank": 5, "response_only_enabled": true, "role": "ref", "selected_rows": 3913, "tensor_parallel_size": 2, "vocab_shard": 75968}
[36m(WorkerDict pid=263346)[0m WARNING:2026-09-11 14:04:46,776:VERL_RESPONSE_ONLY_LM_HEAD_PROFILE {"active_ratio": 0.5457908163265306, "actual_logits_bytes": 0, "allocated_before_bytes": 4271227904, "backend": "fused", "calculate_entropy": false, "calculate_sum_pi_squared": false, "context_parallel_size": 2, "data_format": "thd", "dense_logits_bytes": 0, "dense_rows": 7840, "distillation_only": false, "elapsed_s": 0.13743335101753473, "element_size": 0, "entropy_from_logits_chunk_size": 2048, "entropy_from_logits_with_chunking": false, "event_id": 163, "logits_dtype": "none", "logits_saved_bytes": 0, "peak_allocated_bytes": 4370575360, "peak_increment_bytes": 99347456, "pipeline_parallel_size": 2, "projected_rows": 4279, "rank": 6, "response_only_enabled": true, "role": "ref", "selected_rows": 4279, "tensor_parallel_size": 2, "vocab_shard": 75968}
[36m(WorkerDict pid=263347)[0m WARNING:2026-09-11 14:04:46,776:VERL_RESPONSE_ONLY_LM_HEAD_PROFILE {"active_ratio": 0.5457908163265306, "actual_logits_bytes": 0, "allocated_before_bytes": 4271227904, "backend": "fused", "calculate_entropy": false, "calculate_sum_pi_squared": false, "context_parallel_size": 2, "data_format": "thd", "dense_logits_bytes": 0, "dense_rows": 7840, "distillation_only": false, "elapsed_s": 0.13746060093399137, "element_size": 0, "entropy_from_logits_chunk_size": 2048, "entropy_from_logits_with_chunking": false, "event_id": 163, "logits_dtype": "none", "logits_saved_bytes": 0, "peak_allocated_bytes": 4370575360, "peak_increment_bytes": 99347456, "pipeline_parallel_size": 2, "projected_rows": 4279, "rank": 7, "response_only_enabled": true, "role": "ref", "selected_rows": 4279, "tensor_parallel_size": 2, "vocab_shard": 75968}
[36m(WorkerDict pid=263345)[0m WARNING:2026-09-11 14:04:47,146:VERL_RESPONSE_ONLY_LM_HEAD_PROFILE {"active_ratio": 0.49938514510575505, "actual_logits_bytes": 0, "allocated_before_bytes": 4273712128, "backend": "fused", "calculate_entropy": false, "calculate_sum_pi_squared": false, "context_parallel_size": 2, "data_format": "thd", "dense_logits_bytes": 0, "dense_rows": 8132, "distillation_only": false, "elapsed_s": 0.12895486794877797, "element_size": 0, "entropy_from_logits_chunk_size": 2048, "entropy_from_logits_with_chunking": false, "event_id": 164, "logits_dtype": "none", "logits_saved_bytes": 0, "peak_allocated_bytes": 4373662208, "peak_increment_bytes": 99950080, "pipeline_parallel_size": 2, "projected_rows": 4061, "rank": 5, "response_only_enabled": true, "role": "ref", "selected_rows": 4061, "tensor_parallel_size": 2, "vocab_shard": 75968}
[36m(WorkerDict pid=263346)[0m WARNING:2026-09-11 14:04:47,149:VERL_RESPONSE_ONLY_LM_HEAD_PROFILE {"active_ratio": 0.5079931136251845, "actual_logits_bytes": 0, "allocated_before_bytes": 4273712128, "backend": "fused", "calculate_entropy": false, "calculate_sum_pi_squared": false, "context_parallel_size": 2, "data_format": "thd", "dense_logits_bytes": 0, "dense_rows": 8132, "distillation_only": false, "elapsed_s": 0.13259822910185903, "element_size": 0, "entropy_from_logits_chunk_size": 2048, "entropy_from_logits_with_chunking": false, "event_id": 164, "logits_dtype": "none", "logits_saved_bytes": 0, "peak_allocated_bytes": 4374237184, "peak_increment_bytes": 100525056, "pipeline_parallel_size": 2, "projected_rows": 4131, "rank": 6, "response_only_enabled": true, "role": "ref", "selected_rows": 4131, "tensor_parallel_size": 2, "vocab_shard": 75968}
[36m(WorkerDict pid=263347)[0m WARNING:2026-09-11 14:04:47,149:VERL_RESPONSE_ONLY_LM_HEAD_PROFILE {"active_ratio": 0.5079931136251845, "actual_logits_bytes": 0, "allocated_before_bytes": 4273712128, "backend": "fused", "calculate_entropy": false, "calculate_sum_pi_squared": false, "context_parallel_size": 2, "data_format": "thd", "dense_logits_bytes": 0, "dense_rows": 8132, "distillation_only": false, "elapsed_s": 0.13268182892352343, "element_size": 0, "entropy_from_logits_chunk_size": 2048, "entropy_from_logits_with_chunking": false, "event_id": 164, "logits_dtype": "none", "logits_saved_bytes": 0, "peak_allocated_bytes": 4374237184, "peak_increment_bytes": 100525056, "pipeline_parallel_size": 2, "projected_rows": 4131, "rank": 7, "response_only_enabled": true, "role": "ref", "selected_rows": 4131, "tensor_parallel_size": 2, "vocab_shard": 75968}
[36m(WorkerDict pid=263345)[0m WARNING:2026-09-11 14:04:47,516:VERL_RESPONSE_ONLY_LM_HEAD_PROFILE {"active_ratio": 0.49938514510575505, "actual_logits_bytes": 0, "allocated_before_bytes": 4273778176, "backend": "fused", "calculate_entropy": false, "calculate_sum_pi_squared": false, "context_parallel_size": 2, "data_format": "thd", "dense_logits_bytes": 0, "dense_rows": 8132, "distillation_only": false, "elapsed_s": 0.12889685691334307, "element_size": 0, "entropy_from_logits_chunk_size": 2048, "entropy_from_logits_with_chunking": false, "event_id": 165, "logits_dtype": "none", "logits_saved_bytes": 0, "peak_allocated_bytes": 4373728256, "peak_increment_bytes": 99950080, "pipeline_parallel_size": 2, "projected_rows": 4061, "rank": 5, "response_only_enabled": true, "role": "ref", "selected_rows": 4061, "tensor_parallel_size": 2, "vocab_shard": 75968}
[36m(WorkerDict pid=263346)[0m WARNING:2026-09-11 14:04:47,520:VERL_RESPONSE_ONLY_LM_HEAD_PROFILE {"active_ratio": 0.5079931136251845, "actual_logits_bytes": 0, "allocated_before_bytes": 4273778176, "backend": "fused", "calculate_entropy": false, "calculate_sum_pi_squared": false, "context_parallel_size": 2, "data_format": "thd", "dense_logits_bytes": 0, "dense_rows": 8132, "distillation_only": false, "elapsed_s": 0.1325485589914024, "element_size": 0, "entropy_from_logits_chunk_size": 2048, "entropy_from_logits_with_chunking": false, "event_id": 165, "logits_dtype": "none", "logits_saved_bytes": 0, "peak_allocated_bytes": 4374303232, "peak_increment_bytes": 100525056, "pipeline_parallel_size": 2, "projected_rows": 4131, "rank": 6, "response_only_enabled": true, "role": "ref", "selected_rows": 4131, "tensor_parallel_size": 2, "vocab_shard": 75968}
[36m(WorkerDict pid=263347)[0m WARNING:2026-09-11 14:04:47,520:VERL_RESPONSE_ONLY_LM_HEAD_PROFILE {"active_ratio": 0.5079931136251845, "actual_logits_bytes": 0, "allocated_before_bytes": 4273778176, "backend": "fused", "calculate_entropy": false, "calculate_sum_pi_squared": false, "context_parallel_size": 2, "data_format": "thd", "dense_logits_bytes": 0, "dense_rows": 8132, "distillation_only": false, "elapsed_s": 0.13254473905544728, "element_size": 0, "entropy_from_logits_chunk_size": 2048, "entropy_from_logits_with_chunking": false, "event_id": 165, "logits_dtype": "none", "logits_saved_bytes": 0, "peak_allocated_bytes": 4374303232, "peak_increment_bytes": 100525056, "pipeline_parallel_size": 2, "projected_rows": 4131, "rank": 7, "response_only_enabled": true, "role": "ref", "selected_rows": 4131, "tensor_parallel_size": 2, "vocab_shard": 75968}
[36m(WorkerDict pid=263345)[0m WARNING:2026-09-11 14:04:47,888:VERL_RESPONSE_ONLY_LM_HEAD_PROFILE {"active_ratio": 0.49938514510575505, "actual_logits_bytes": 0, "allocated_before_bytes": 4273844224, "backend": "fused", "calculate_entropy": false, "calculate_sum_pi_squared": false, "context_parallel_size": 2, "data_format": "thd", "dense_logits_bytes": 0, "dense_rows": 8132, "distillation_only": false, "elapsed_s": 0.1288141580298543, "element_size": 0, "entropy_from_logits_chunk_size": 2048, "entropy_from_logits_with_chunking": false, "event_id": 166, "logits_dtype": "none", "logits_saved_bytes": 0, "peak_allocated_bytes": 4373794304, "peak_increment_bytes": 99950080, "pipeline_parallel_size": 2, "projected_rows": 4061, "rank": 5, "response_only_enabled": true, "role": "ref", "selected_rows": 4061, "tensor_parallel_size": 2, "vocab_shard": 75968}
[36m(WorkerDict pid=263346)[0m WARNING:2026-09-11 14:04:47,892:VERL_RESPONSE_ONLY_LM_HEAD_PROFILE {"active_ratio": 0.5079931136251845, "actual_logits_bytes": 0, "allocated_before_bytes": 4273844224, "backend": "fused", "calculate_entropy": false, "calculate_sum_pi_squared": false, "context_parallel_size": 2, "data_format": "thd", "dense_logits_bytes": 0, "dense_rows": 8132, "distillation_only": false, "elapsed_s": 0.13270108902361244, "element_size": 0, "entropy_from_logits_chunk_size": 2048, "entropy_from_logits_with_chunking": false, "event_id": 166, "logits_dtype": "none", "logits_saved_bytes": 0, "peak_allocated_bytes": 4374369280, "peak_increment_bytes": 100525056, "pipeline_parallel_size": 2, "projected_rows": 4131, "rank": 6, "response_only_enabled": true, "role": "ref", "selected_rows": 4131, "tensor_parallel_size": 2, "vocab_shard": 75968}
[36m(WorkerDict pid=263347)[0m WARNING:2026-09-11 14:04:47,892:VERL_RESPONSE_ONLY_LM_HEAD_PROFILE {"active_ratio": 0.5079931136251845, "actual_logits_bytes": 0, "allocated_before_bytes": 4273844224, "backend": "fused", "calculate_entropy": false, "calculate_sum_pi_squared": false, "context_parallel_size": 2, "data_format": "thd", "dense_logits_bytes": 0, "dense_rows": 8132, "distillation_only": false, "elapsed_s": 0.1326782889664173, "element_size": 0, "entropy_from_logits_chunk_size": 2048, "entropy_from_logits_with_chunking": false, "event_id": 166, "logits_dtype": "none", "logits_saved_bytes": 0, "peak_allocated_bytes": 4374369280, "peak_increment_bytes": 100525056, "pipeline_parallel_size": 2, "projected_rows": 4131, "rank": 7, "response_only_enabled": true, "role": "ref", "selected_rows": 4131, "tensor_parallel_size": 2, "vocab_shard": 75968}
[36m(WorkerDict pid=263345)[0m WARNING:2026-09-11 14:04:48,260:VERL_RESPONSE_ONLY_LM_HEAD_PROFILE {"active_ratio": 0.49938514510575505, "actual_logits_bytes": 0, "allocated_before_bytes": 4273910272, "backend": "fused", "calculate_entropy": false, "calculate_sum_pi_squared": false, "context_parallel_size": 2, "data_format": "thd", "dense_logits_bytes": 0, "dense_rows": 8132, "distillation_only": false, "elapsed_s": 0.12820318690501153, "element_size": 0, "entropy_from_logits_chunk_size": 2048, "entropy_from_logits_with_chunking": false, "event_id": 167, "logits_dtype": "none", "logits_saved_bytes": 0, "peak_allocated_bytes": 4373860352, "peak_increment_bytes": 99950080, "pipeline_parallel_size": 2, "projected_rows": 4061, "rank": 5, "response_only_enabled": true, "role": "ref", "selected_rows": 4061, "tensor_parallel_size": 2, "vocab_shard": 75968}
[36m(WorkerDict pid=263346)[0m WARNING:2026-09-11 14:04:48,265:VERL_RESPONSE_ONLY_LM_HEAD_PROFILE {"active_ratio": 0.5079931136251845, "actual_logits_bytes": 0, "allocated_before_bytes": 4273910272, "backend": "fused", "calculate_entropy": false, "calculate_sum_pi_squared": false, "context_parallel_size": 2, "data_format": "thd", "dense_logits_bytes": 0, "dense_rows": 8132, "distillation_only": false, "elapsed_s": 0.13316190894693136, "element_size": 0, "entropy_from_logits_chunk_size": 2048, "entropy_from_logits_with_chunking": false, "event_id": 167, "logits_dtype": "none", "logits_saved_bytes": 0, "peak_allocated_bytes": 4374435328, "peak_increment_bytes": 100525056, "pipeline_parallel_size": 2, "projected_rows": 4131, "rank": 6, "response_only_enabled": true, "role": "ref", "selected_rows": 4131, "tensor_parallel_size": 2, "vocab_shard": 75968}
[36m(WorkerDict pid=263347)[0m WARNING:2026-09-11 14:04:48,265:VERL_RESPONSE_ONLY_LM_HEAD_PROFILE {"active_ratio": 0.5079931136251845, "actual_logits_bytes": 0, "allocated_before_bytes": 4273910272, "backend": "fused", "calculate_entropy": false, "calculate_sum_pi_squared": false, "context_parallel_size": 2, "data_format": "thd", "dense_logits_bytes": 0, "dense_rows": 8132, "distillation_only": false, "elapsed_s": 0.13318451901432127, "element_size": 0, "entropy_from_logits_chunk_size": 2048, "entropy_from_logits_with_chunking": false, "event_id": 167, "logits_dtype": "none", "logits_saved_bytes": 0, "peak_allocated_bytes": 4374435328, "peak_increment_bytes": 100525056, "pipeline_parallel_size": 2, "projected_rows": 4131, "rank": 7, "response_only_enabled": true, "role": "ref", "selected_rows": 4131, "tensor_parallel_size": 2, "vocab_shard": 75968}
[36m(WorkerDict pid=263345)[0m WARNING:2026-09-11 14:04:48,623:VERL_RESPONSE_ONLY_LM_HEAD_PROFILE {"active_ratio": 0.4992350841407445, "actual_logits_bytes": 0, "allocated_before_bytes": 4271590400, "backend": "fused", "calculate_entropy": false, "calculate_sum_pi_squared": false, "context_parallel_size": 2, "data_format": "thd", "dense_logits_bytes": 0, "dense_rows": 7844, "distillation_only": false, "elapsed_s": 0.12565856601577252, "element_size": 0, "entropy_from_logits_chunk_size": 2048, "entropy_from_logits_with_chunking": false, "event_id": 168, "logits_dtype": "none", "logits_saved_bytes": 0, "peak_allocated_bytes": 4367991296, "peak_increment_bytes": 96400896, "pipeline_parallel_size": 2, "projected_rows": 3916, "rank": 5, "response_only_enabled": true, "role": "ref", "selected_rows": 3916, "tensor_parallel_size": 2, "vocab_shard": 75968}
[36m(WorkerDict pid=263346)[0m WARNING:2026-09-11 14:04:48,634:VERL_RESPONSE_ONLY_LM_HEAD_PROFILE {"active_ratio": 0.5451300356960734, "actual_logits_bytes": 0, "allocated_before_bytes": 4271590400, "backend": "fused", "calculate_entropy": false, "calculate_sum_pi_squared": false, "context_parallel_size": 2, "data_format": "thd", "dense_logits_bytes": 0, "dense_rows": 7844, "distillation_only": false, "elapsed_s": 0.13711490097921342, "element_size": 0, "entropy_from_logits_chunk_size": 2048, "entropy_from_logits_with_chunking": false, "event_id": 168, "logits_dtype": "none", "logits_saved_bytes": 0, "peak_allocated_bytes": 4370946048, "peak_increment_bytes": 99355648, "pipeline_parallel_size": 2, "projected_rows": 4276, "rank": 6, "response_only_enabled": true, "role": "ref", "selected_rows": 4276, "tensor_parallel_size": 2, "vocab_shard": 75968}
[36m(WorkerDict pid=263347)[0m WARNING:2026-09-11 14:04:48,634:VERL_RESPONSE_ONLY_LM_HEAD_PROFILE {"active_ratio": 0.5451300356960734, "actual_logits_bytes": 0, "allocated_before_bytes": 4271590400, "backend": "fused", "calculate_entropy": false, "calculate_sum_pi_squared": false, "context_parallel_size": 2, "data_format": "thd", "dense_logits_bytes": 0, "dense_rows": 7844, "distillation_only": false, "elapsed_s": 0.13693810102995485, "element_size": 0, "entropy_from_logits_chunk_size": 2048, "entropy_from_logits_with_chunking": false, "event_id": 168, "logits_dtype": "none", "logits_saved_bytes": 0, "peak_allocated_bytes": 4370946048, "peak_increment_bytes": 99355648, "pipeline_parallel_size": 2, "projected_rows": 4276, "rank": 7, "response_only_enabled": true, "role": "ref", "selected_rows": 4276, "tensor_parallel_size": 2, "vocab_shard": 75968}
[36m(WorkerDict pid=263345)[0m WARNING:2026-09-11 14:04:48,992:VERL_RESPONSE_ONLY_LM_HEAD_PROFILE {"active_ratio": 0.4992350841407445, "actual_logits_bytes": 0, "allocated_before_bytes": 4271653888, "backend": "fused", "calculate_entropy": false, "calculate_sum_pi_squared": false, "context_parallel_size": 2, "data_format": "thd", "dense_logits_bytes": 0, "dense_rows": 7844, "distillation_only": false, "elapsed_s": 0.1259247160051018, "element_size": 0, "entropy_from_logits_chunk_size": 2048, "entropy_from_logits_with_chunking": false, "event_id": 169, "logits_dtype": "none", "logits_saved_bytes": 0, "peak_allocated_bytes": 4368054784, "peak_increment_bytes": 96400896, "pipeline_parallel_size": 2, "projected_rows": 3916, "rank": 5, "response_only_enabled": true, "role": "ref", "selected_rows": 3916, "tensor_parallel_size": 2, "vocab_shard": 75968}
[36m(WorkerDict pid=263346)[0m WARNING:2026-09-11 14:04:49,003:VERL_RESPONSE_ONLY_LM_HEAD_PROFILE {"active_ratio": 0.5451300356960734, "actual_logits_bytes": 0, "allocated_before_bytes": 4271653888, "backend": "fused", "calculate_entropy": false, "calculate_sum_pi_squared": false, "context_parallel_size": 2, "data_format": "thd", "dense_logits_bytes": 0, "dense_rows": 7844, "distillation_only": false, "elapsed_s": 0.13676790101453662, "element_size": 0, "entropy_from_logits_chunk_size": 2048, "entropy_from_logits_with_chunking": false, "event_id": 169, "logits_dtype": "none", "logits_saved_bytes": 0, "peak_allocated_bytes": 4371009536, "peak_increment_bytes": 99355648, "pipeline_parallel_size": 2, "projected_rows": 4276, "rank": 6, "response_only_enabled": true, "role": "ref", "selected_rows": 4276, "tensor_parallel_size": 2, "vocab_shard": 75968}
[36m(WorkerDict pid=263347)[0m WARNING:2026-09-11 14:04:49,003:VERL_RESPONSE_ONLY_LM_HEAD_PROFILE {"active_ratio": 0.5451300356960734, "actual_logits_bytes": 0, "allocated_before_bytes": 4271653888, "backend": "fused", "calculate_entropy": false, "calculate_sum_pi_squared": false, "context_parallel_size": 2, "data_format": "thd", "dense_logits_bytes": 0, "dense_rows": 7844, "distillation_only": false, "elapsed_s": 0.13676162099000067, "element_size": 0, "entropy_from_logits_chunk_size": 2048, "entropy_from_logits_with_chunking": false, "event_id": 169, "logits_dtype": "none", "logits_saved_bytes": 0, "peak_allocated_bytes": 4371009536, "peak_increment_bytes": 99355648, "pipeline_parallel_size": 2, "projected_rows": 4276, "rank": 7, "response_only_enabled": true, "role": "ref", "selected_rows": 4276, "tensor_parallel_size": 2, "vocab_shard": 75968}
[36m(WorkerDict pid=263345)[0m WARNING:2026-09-11 14:04:49,361:VERL_RESPONSE_ONLY_LM_HEAD_PROFILE {"active_ratio": 0.4992350841407445, "actual_logits_bytes": 0, "allocated_before_bytes": 4271717376, "backend": "fused", "calculate_entropy": false, "calculate_sum_pi_squared": false, "context_parallel_size": 2, "data_format": "thd", "dense_logits_bytes": 0, "dense_rows": 7844, "distillation_only": false, "elapsed_s": 0.12660253595095128, "element_size": 0, "entropy_from_logits_chunk_size": 2048, "entropy_from_logits_with_chunking": false, "event_id": 170, "logits_dtype": "none", "logits_saved_bytes": 0, "peak_allocated_bytes": 4368118272, "peak_increment_bytes": 96400896, "pipeline_parallel_size": 2, "projected_rows": 3916, "rank": 5, "response_only_enabled": true, "role": "ref", "selected_rows": 3916, "tensor_parallel_size": 2, "vocab_shard": 75968}
[36m(WorkerDict pid=263346)[0m WARNING:2026-09-11 14:04:49,372:VERL_RESPONSE_ONLY_LM_HEAD_PROFILE {"active_ratio": 0.5451300356960734, "actual_logits_bytes": 0, "allocated_before_bytes": 4271717376, "backend": "fused", "calculate_entropy": false, "calculate_sum_pi_squared": false, "context_parallel_size": 2, "data_format": "thd", "dense_logits_bytes": 0, "dense_rows": 7844, "distillation_only": false, "elapsed_s": 0.13759020098950714, "element_size": 0, "entropy_from_logits_chunk_size": 2048, "entropy_from_logits_with_chunking": false, "event_id": 170, "logits_dtype": "none", "logits_saved_bytes": 0, "peak_allocated_bytes": 4371073024, "peak_increment_bytes": 99355648, "pipeline_parallel_size": 2, "projected_rows": 4276, "rank": 6, "response_only_enabled": true, "role": "ref", "selected_rows": 4276, "tensor_parallel_size": 2, "vocab_shard": 75968}
[36m(WorkerDict pid=263347)[0m WARNING:2026-09-11 14:04:49,372:VERL_RESPONSE_ONLY_LM_HEAD_PROFILE {"active_ratio": 0.5451300356960734, "actual_logits_bytes": 0, "allocated_before_bytes": 4271717376, "backend": "fused", "calculate_entropy": false, "calculate_sum_pi_squared": false, "context_parallel_size": 2, "data_format": "thd", "dense_logits_bytes": 0, "dense_rows": 7844, "distillation_only": false, "elapsed_s": 0.13765528099611402, "element_size": 0, "entropy_from_logits_chunk_size": 2048, "entropy_from_logits_with_chunking": false, "event_id": 170, "logits_dtype": "none", "logits_saved_bytes": 0, "peak_allocated_bytes": 4371073024, "peak_increment_bytes": 99355648, "pipeline_parallel_size": 2, "projected_rows": 4276, "rank": 7, "response_only_enabled": true, "role": "ref", "selected_rows": 4276, "tensor_parallel_size": 2, "vocab_shard": 75968}
[36m(WorkerDict pid=263345)[0m WARNING:2026-09-11 14:04:49,729:VERL_RESPONSE_ONLY_LM_HEAD_PROFILE {"active_ratio": 0.4992350841407445, "actual_logits_bytes": 0, "allocated_before_bytes": 4271780864, "backend": "fused", "calculate_entropy": false, "calculate_sum_pi_squared": false, "context_parallel_size": 2, "data_format": "thd", "dense_logits_bytes": 0, "dense_rows": 7844, "distillation_only": false, "elapsed_s": 0.12533012591302395, "element_size": 0, "entropy_from_logits_chunk_size": 2048, "entropy_from_logits_with_chunking": false, "event_id": 171, "logits_dtype": "none", "logits_saved_bytes": 0, "peak_allocated_bytes": 4368181760, "peak_increment_bytes": 96400896, "pipeline_parallel_size": 2, "projected_rows": 3916, "rank": 5, "response_only_enabled": true, "role": "ref", "selected_rows": 3916, "tensor_parallel_size": 2, "vocab_shard": 75968}
[36m(WorkerDict pid=263346)[0m WARNING:2026-09-11 14:04:49,741:VERL_RESPONSE_ONLY_LM_HEAD_PROFILE {"active_ratio": 0.5451300356960734, "actual_logits_bytes": 0, "allocated_before_bytes": 4271780864, "backend": "fused", "calculate_entropy": false, "calculate_sum_pi_squared": false, "context_parallel_size": 2, "data_format": "thd", "dense_logits_bytes": 0, "dense_rows": 7844, "distillation_only": false, "elapsed_s": 0.13724382093641907, "element_size": 0, "entropy_from_logits_chunk_size": 2048, "entropy_from_logits_with_chunking": false, "event_id": 171, "logits_dtype": "none", "logits_saved_bytes": 0, "peak_allocated_bytes": 4371136512, "peak_increment_bytes": 99355648, "pipeline_parallel_size": 2, "projected_rows": 4276, "rank": 6, "response_only_enabled": true, "role": "ref", "selected_rows": 4276, "tensor_parallel_size": 2, "vocab_shard": 75968}
[36m(WorkerDict pid=263347)[0m WARNING:2026-09-11 14:04:49,741:VERL_RESPONSE_ONLY_LM_HEAD_PROFILE {"active_ratio": 0.5451300356960734, "actual_logits_bytes": 0, "allocated_before_bytes": 4271780864, "backend": "fused", "calculate_entropy": false, "calculate_sum_pi_squared": false, "context_parallel_size": 2, "data_format": "thd", "dense_logits_bytes": 0, "dense_rows": 7844, "distillation_only": false, "elapsed_s": 0.13726258103270084, "element_size": 0, "entropy_from_logits_chunk_size": 2048, "entropy_from_logits_with_chunking": false, "event_id": 171, "logits_dtype": "none", "logits_saved_bytes": 0, "peak_allocated_bytes": 4371136512, "peak_increment_bytes": 99355648, "pipeline_parallel_size": 2, "projected_rows": 4276, "rank": 7, "response_only_enabled": true, "role": "ref", "selected_rows": 4276, "tensor_parallel_size": 2, "vocab_shard": 75968}
[36m(WorkerDict pid=263345)[0m WARNING:2026-09-11 14:04:50,098:VERL_RESPONSE_ONLY_LM_HEAD_PROFILE {"active_ratio": 0.4992350841407445, "actual_logits_bytes": 0, "allocated_before_bytes": 4271844352, "backend": "fused", "calculate_entropy": false, "calculate_sum_pi_squared": false, "context_parallel_size": 2, "data_format": "thd", "dense_logits_bytes": 0, "dense_rows": 7844, "distillation_only": false, "elapsed_s": 0.12556616694200784, "element_size": 0, "entropy_from_logits_chunk_size": 2048, "entropy_from_logits_with_chunking": false, "event_id": 172, "logits_dtype": "none", "logits_saved_bytes": 0, "peak_allocated_bytes": 4368245248, "peak_increment_bytes": 96400896, "pipeline_parallel_size": 2, "projected_rows": 3916, "rank": 5, "response_only_enabled": true, "role": "ref", "selected_rows": 3916, "tensor_parallel_size": 2, "vocab_shard": 75968}
[36m(WorkerDict pid=263346)[0m WARNING:2026-09-11 14:04:50,110:VERL_RESPONSE_ONLY_LM_HEAD_PROFILE {"active_ratio": 0.5451300356960734, "actual_logits_bytes": 0, "allocated_before_bytes": 4271844352, "backend": "fused", "calculate_entropy": false, "calculate_sum_pi_squared": false, "context_parallel_size": 2, "data_format": "thd", "dense_logits_bytes": 0, "dense_rows": 7844, "distillation_only": false, "elapsed_s": 0.1373459119349718, "element_size": 0, "entropy_from_logits_chunk_size": 2048, "entropy_from_logits_with_chunking": false, "event_id": 172, "logits_dtype": "none", "logits_saved_bytes": 0, "peak_allocated_bytes": 4371200000, "peak_increment_bytes": 99355648, "pipeline_parallel_size": 2, "projected_rows": 4276, "rank": 6, "response_only_enabled": true, "role": "ref", "selected_rows": 4276, "tensor_parallel_size": 2, "vocab_shard": 75968}
[36m(WorkerDict pid=263347)[0m WARNING:2026-09-11 14:04:50,110:VERL_RESPONSE_ONLY_LM_HEAD_PROFILE {"active_ratio": 0.5451300356960734, "actual_logits_bytes": 0, "allocated_before_bytes": 4271844352, "backend": "fused", "calculate_entropy": false, "calculate_sum_pi_squared": false, "context_parallel_size": 2, "data_format": "thd", "dense_logits_bytes": 0, "dense_rows": 7844, "distillation_only": false, "elapsed_s": 0.1373524219961837, "element_size": 0, "entropy_from_logits_chunk_size": 2048, "entropy_from_logits_with_chunking": false, "event_id": 172, "logits_dtype": "none", "logits_saved_bytes": 0, "peak_allocated_bytes": 4371200000, "peak_increment_bytes": 99355648, "pipeline_parallel_size": 2, "projected_rows": 4276, "rank": 7, "response_only_enabled": true, "role": "ref", "selected_rows": 4276, "tensor_parallel_size": 2, "vocab_shard": 75968}
[36m(WorkerDict pid=263345)[0m WARNING:2026-09-11 14:04:50,466:VERL_RESPONSE_ONLY_LM_HEAD_PROFILE {"active_ratio": 0.4992350841407445, "actual_logits_bytes": 0, "allocated_before_bytes": 4271907840, "backend": "fused", "calculate_entropy": false, "calculate_sum_pi_squared": false, "context_parallel_size": 2, "data_format": "thd", "dense_logits_bytes": 0, "dense_rows": 7844, "distillation_only": false, "elapsed_s": 0.12544033594895154, "element_size": 0, "entropy_from_logits_chunk_size": 2048, "entropy_from_logits_with_chunking": false, "event_id": 173, "logits_dtype": "none", "logits_saved_bytes": 0, "peak_allocated_bytes": 4368308736, "peak_increment_bytes": 96400896, "pipeline_parallel_size": 2, "projected_rows": 3916, "rank": 5, "response_only_enabled": true, "role": "ref", "selected_rows": 3916, "tensor_parallel_size": 2, "vocab_shard": 75968}
[36m(WorkerDict pid=263346)[0m WARNING:2026-09-11 14:04:50,477:VERL_RESPONSE_ONLY_LM_HEAD_PROFILE {"active_ratio": 0.5451300356960734, "actual_logits_bytes": 0, "allocated_before_bytes": 4271907840, "backend": "fused", "calculate_entropy": false, "calculate_sum_pi_squared": false, "context_parallel_size": 2, "data_format": "thd", "dense_logits_bytes": 0, "dense_rows": 7844, "distillation_only": false, "elapsed_s": 0.13732074107974768, "element_size": 0, "entropy_from_logits_chunk_size": 2048, "entropy_from_logits_with_chunking": false, "event_id": 173, "logits_dtype": "none", "logits_saved_bytes": 0, "peak_allocated_bytes": 4371263488, "peak_increment_bytes": 99355648, "pipeline_parallel_size": 2, "projected_rows": 4276, "rank": 6, "response_only_enabled": true, "role": "ref", "selected_rows": 4276, "tensor_parallel_size": 2, "vocab_shard": 75968}
[36m(WorkerDict pid=263347)[0m WARNING:2026-09-11 14:04:50,478:VERL_RESPONSE_ONLY_LM_HEAD_PROFILE {"active_ratio": 0.5451300356960734, "actual_logits_bytes": 0, "allocated_before_bytes": 4271907840, "backend": "fused", "calculate_entropy": false, "calculate_sum_pi_squared": false, "context_parallel_size": 2, "data_format": "thd", "dense_logits_bytes": 0, "dense_rows": 7844, "distillation_only": false, "elapsed_s": 0.13742817100137472, "element_size": 0, "entropy_from_logits_chunk_size": 2048, "entropy_from_logits_with_chunking": false, "event_id": 173, "logits_dtype": "none", "logits_saved_bytes": 0, "peak_allocated_bytes": 4371263488, "peak_increment_bytes": 99355648, "pipeline_parallel_size": 2, "projected_rows": 4276, "rank": 7, "response_only_enabled": true, "role": "ref", "selected_rows": 4276, "tensor_parallel_size": 2, "vocab_shard": 75968}
[36m(WorkerDict pid=263345)[0m WARNING:2026-09-11 14:04:50,835:VERL_RESPONSE_ONLY_LM_HEAD_PROFILE {"active_ratio": 0.4992350841407445, "actual_logits_bytes": 0, "allocated_before_bytes": 4271971328, "backend": "fused", "calculate_entropy": false, "calculate_sum_pi_squared": false, "context_parallel_size": 2, "data_format": "thd", "dense_logits_bytes": 0, "dense_rows": 7844, "distillation_only": false, "elapsed_s": 0.12618787598330528, "element_size": 0, "entropy_from_logits_chunk_size": 2048, "entropy_from_logits_with_chunking": false, "event_id": 174, "logits_dtype": "none", "logits_saved_bytes": 0, "peak_allocated_bytes": 4368372224, "peak_increment_bytes": 96400896, "pipeline_parallel_size": 2, "projected_rows": 3916, "rank": 5, "response_only_enabled": true, "role": "ref", "selected_rows": 3916, "tensor_parallel_size": 2, "vocab_shard": 75968}
[36m(WorkerDict pid=263346)[0m WARNING:2026-09-11 14:04:50,846:VERL_RESPONSE_ONLY_LM_HEAD_PROFILE {"active_ratio": 0.5451300356960734, "actual_logits_bytes": 0, "allocated_before_bytes": 4271971328, "backend": "fused", "calculate_entropy": false, "calculate_sum_pi_squared": false, "context_parallel_size": 2, "data_format": "thd", "dense_logits_bytes": 0, "dense_rows": 7844, "distillation_only": false, "elapsed_s": 0.13678691093809903, "element_size": 0, "entropy_from_logits_chunk_size": 2048, "entropy_from_logits_with_chunking": false, "event_id": 174, "logits_dtype": "none", "logits_saved_bytes": 0, "peak_allocated_bytes": 4371326976, "peak_increment_bytes": 99355648, "pipeline_parallel_size": 2, "projected_rows": 4276, "rank": 6, "response_only_enabled": true, "role": "ref", "selected_rows": 4276, "tensor_parallel_size": 2, "vocab_shard": 75968}
[36m(WorkerDict pid=263347)[0m WARNING:2026-09-11 14:04:50,846:VERL_RESPONSE_ONLY_LM_HEAD_PROFILE {"active_ratio": 0.5451300356960734, "actual_logits_bytes": 0, "allocated_before_bytes": 4271971328, "backend": "fused", "calculate_entropy": false, "calculate_sum_pi_squared": false, "context_parallel_size": 2, "data_format": "thd", "dense_logits_bytes": 0, "dense_rows": 7844, "distillation_only": false, "elapsed_s": 0.136811011005193, "element_size": 0, "entropy_from_logits_chunk_size": 2048, "entropy_from_logits_with_chunking": false, "event_id": 174, "logits_dtype": "none", "logits_saved_bytes": 0, "peak_allocated_bytes": 4371326976, "peak_increment_bytes": 99355648, "pipeline_parallel_size": 2, "projected_rows": 4276, "rank": 7, "response_only_enabled": true, "role": "ref", "selected_rows": 4276, "tensor_parallel_size": 2, "vocab_shard": 75968}
[36m(WorkerDict pid=263345)[0m WARNING:2026-09-11 14:04:51,204:VERL_RESPONSE_ONLY_LM_HEAD_PROFILE {"active_ratio": 0.4992350841407445, "actual_logits_bytes": 0, "allocated_before_bytes": 4272034816, "backend": "fused", "calculate_entropy": false, "calculate_sum_pi_squared": false, "context_parallel_size": 2, "data_format": "thd", "dense_logits_bytes": 0, "dense_rows": 7844, "distillation_only": false, "elapsed_s": 0.12618605606257915, "element_size": 0, "entropy_from_logits_chunk_size": 2048, "entropy_from_logits_with_chunking": false, "event_id": 175, "logits_dtype": "none", "logits_saved_bytes": 0, "peak_allocated_bytes": 4368435712, "peak_increment_bytes": 96400896, "pipeline_parallel_size": 2, "projected_rows": 3916, "rank": 5, "response_only_enabled": true, "role": "ref", "selected_rows": 3916, "tensor_parallel_size": 2, "vocab_shard": 75968}
[36m(WorkerDict pid=263346)[0m WARNING:2026-09-11 14:04:51,215:VERL_RESPONSE_ONLY_LM_HEAD_PROFILE {"active_ratio": 0.5451300356960734, "actual_logits_bytes": 0, "allocated_before_bytes": 4272034816, "backend": "fused", "calculate_entropy": false, "calculate_sum_pi_squared": false, "context_parallel_size": 2, "data_format": "thd", "dense_logits_bytes": 0, "dense_rows": 7844, "distillation_only": false, "elapsed_s": 0.13773551094345748, "element_size": 0, "entropy_from_logits_chunk_size": 2048, "entropy_from_logits_with_chunking": false, "event_id": 175, "logits_dtype": "none", "logits_saved_bytes": 0, "peak_allocated_bytes": 4371390464, "peak_increment_bytes": 99355648, "pipeline_parallel_size": 2, "projected_rows": 4276, "rank": 6, "response_only_enabled": true, "role": "ref", "selected_rows": 4276, "tensor_parallel_size": 2, "vocab_shard": 75968}
[36m(WorkerDict pid=263347)[0m WARNING:2026-09-11 14:04:51,215:VERL_RESPONSE_ONLY_LM_HEAD_PROFILE {"active_ratio": 0.5451300356960734, "actual_logits_bytes": 0, "allocated_before_bytes": 4272034816, "backend": "fused", "calculate_entropy": false, "calculate_sum_pi_squared": false, "context_parallel_size": 2, "data_format": "thd", "dense_logits_bytes": 0, "dense_rows": 7844, "distillation_only": false, "elapsed_s": 0.13761671108659357, "element_size": 0, "entropy_from_logits_chunk_size": 2048, "entropy_from_logits_with_chunking": false, "event_id": 175, "logits_dtype": "none", "logits_saved_bytes": 0, "peak_allocated_bytes": 4371390464, "peak_increment_bytes": 99355648, "pipeline_parallel_size": 2, "projected_rows": 4276, "rank": 7, "response_only_enabled": true, "role": "ref", "selected_rows": 4276, "tensor_parallel_size": 2, "vocab_shard": 75968}
[36m(WorkerDict pid=263345)[0m WARNING:2026-09-11 14:04:59,504:VERL_RESPONSE_ONLY_LM_HEAD_PROFILE {"active_ratio": 0.49910714285714286, "actual_logits_bytes": 0, "allocated_before_bytes": 25326800384, "backend": "fused", "calculate_entropy": true, "calculate_sum_pi_squared": false, "context_parallel_size": 2, "data_format": "thd", "dense_logits_bytes": 0, "dense_rows": 7840, "distillation_only": false, "elapsed_s": 0.12553240591660142, "element_size": 0, "entropy_from_logits_chunk_size": 2048, "entropy_from_logits_with_chunking": false, "event_id": 176, "logits_dtype": "none", "logits_saved_bytes": 0, "peak_allocated_bytes": 25423143936, "peak_increment_bytes": 96343552, "pipeline_parallel_size": 2, "projected_rows": 3913, "rank": 5, "response_only_enabled": true, "role": "actor", "selected_rows": 3913, "tensor_parallel_size": 2, "vocab_shard": 75968}
[36m(WorkerDict pid=263346)[0m WARNING:2026-09-11 14:04:59,515:VERL_RESPONSE_ONLY_LM_HEAD_PROFILE {"active_ratio": 0.5457908163265306, "actual_logits_bytes": 0, "allocated_before_bytes": 25326800384, "backend": "fused", "calculate_entropy": true, "calculate_sum_pi_squared": false, "context_parallel_size": 2, "data_format": "thd", "dense_logits_bytes": 0, "dense_rows": 7840, "distillation_only": false, "elapsed_s": 0.13694938097614795, "element_size": 0, "entropy_from_logits_chunk_size": 2048, "entropy_from_logits_with_chunking": false, "event_id": 176, "logits_dtype": "none", "logits_saved_bytes": 0, "peak_allocated_bytes": 25426147840, "peak_increment_bytes": 99347456, "pipeline_parallel_size": 2, "projected_rows": 4279, "rank": 6, "response_only_enabled": true, "role": "actor", "selected_rows": 4279, "tensor_parallel_size": 2, "vocab_shard": 75968}
[36m(WorkerDict pid=263347)[0m WARNING:2026-09-11 14:04:59,515:VERL_RESPONSE_ONLY_LM_HEAD_PROFILE {"active_ratio": 0.5457908163265306, "actual_logits_bytes": 0, "allocated_before_bytes": 25326800384, "backend": "fused", "calculate_entropy": true, "calculate_sum_pi_squared": false, "context_parallel_size": 2, "data_format": "thd", "dense_logits_bytes": 0, "dense_rows": 7840, "distillation_only": false, "elapsed_s": 0.1369696609908715, "element_size": 0, "entropy_from_logits_chunk_size": 2048, "entropy_from_logits_with_chunking": false, "event_id": 176, "logits_dtype": "none", "logits_saved_bytes": 0, "peak_allocated_bytes": 25426147840, "peak_increment_bytes": 99347456, "pipeline_parallel_size": 2, "projected_rows": 4279, "rank": 7, "response_only_enabled": true, "role": "actor", "selected_rows": 4279, "tensor_parallel_size": 2, "vocab_shard": 75968}
[36m(WorkerDict pid=263345)[0m WARNING:2026-09-11 14:05:00,733:VERL_RESPONSE_ONLY_LM_HEAD_PROFILE {"active_ratio": 0.49910714285714286, "actual_logits_bytes": 0, "allocated_before_bytes": 25551979008, "backend": "fused", "calculate_entropy": true, "calculate_sum_pi_squared": false, "context_parallel_size": 2, "data_format": "thd", "dense_logits_bytes": 0, "dense_rows": 7840, "distillation_only": false, "elapsed_s": 0.12555451598018408, "element_size": 0, "entropy_from_logits_chunk_size": 2048, "entropy_from_logits_with_chunking": false, "event_id": 177, "logits_dtype": "none", "logits_saved_bytes": 0, "peak_allocated_bytes": 25648322560, "peak_increment_bytes": 96343552, "pipeline_parallel_size": 2, "projected_rows": 3913, "rank": 5, "response_only_enabled": true, "role": "actor", "selected_rows": 3913, "tensor_parallel_size": 2, "vocab_shard": 75968}
[36m(WorkerDict pid=263346)[0m WARNING:2026-09-11 14:05:00,746:VERL_RESPONSE_ONLY_LM_HEAD_PROFILE {"active_ratio": 0.5457908163265306, "actual_logits_bytes": 0, "allocated_before_bytes": 25551979008, "backend": "fused", "calculate_entropy": true, "calculate_sum_pi_squared": false, "context_parallel_size": 2, "data_format": "thd", "dense_logits_bytes": 0, "dense_rows": 7840, "distillation_only": false, "elapsed_s": 0.13849039108026773, "element_size": 0, "entropy_from_logits_chunk_size": 2048, "entropy_from_logits_with_chunking": false, "event_id": 177, "logits_dtype": "none", "logits_saved_bytes": 0, "peak_allocated_bytes": 25651326464, "peak_increment_bytes": 99347456, "pipeline_parallel_size": 2, "projected_rows": 4279, "rank": 6, "response_only_enabled": true, "role": "actor", "selected_rows": 4279, "tensor_parallel_size": 2, "vocab_shard": 75968}
[36m(WorkerDict pid=263347)[0m WARNING:2026-09-11 14:05:00,746:VERL_RESPONSE_ONLY_LM_HEAD_PROFILE {"active_ratio": 0.5457908163265306, "actual_logits_bytes": 0, "allocated_before_bytes": 25551979008, "backend": "fused", "calculate_entropy": true, "calculate_sum_pi_squared": false, "context_parallel_size": 2, "data_format": "thd", "dense_logits_bytes": 0, "dense_rows": 7840, "distillation_only": false, "elapsed_s": 0.13844286103267223, "element_size": 0, "entropy_from_logits_chunk_size": 2048, "entropy_from_logits_with_chunking": false, "event_id": 177, "logits_dtype": "none", "logits_saved_bytes": 0, "peak_allocated_bytes": 25651326464, "peak_increment_bytes": 99347456, "pipeline_parallel_size": 2, "projected_rows": 4279, "rank": 7, "response_only_enabled": true, "role": "actor", "selected_rows": 4279, "tensor_parallel_size": 2, "vocab_shard": 75968}
[36m(WorkerDict pid=263345)[0m WARNING:2026-09-11 14:05:01,966:VERL_RESPONSE_ONLY_LM_HEAD_PROFILE {"active_ratio": 0.49910714285714286, "actual_logits_bytes": 0, "allocated_before_bytes": 25584219136, "backend": "fused", "calculate_entropy": true, "calculate_sum_pi_squared": false, "context_parallel_size": 2, "data_format": "thd", "dense_logits_bytes": 0, "dense_rows": 7840, "distillation_only": false, "elapsed_s": 0.12569307605735958, "element_size": 0, "entropy_from_logits_chunk_size": 2048, "entropy_from_logits_with_chunking": false, "event_id": 178, "logits_dtype": "none", "logits_saved_bytes": 0, "peak_allocated_bytes": 25680562688, "peak_increment_bytes": 96343552, "pipeline_parallel_size": 2, "projected_rows": 3913, "rank": 5, "response_only_enabled": true, "role": "actor", "selected_rows": 3913, "tensor_parallel_size": 2, "vocab_shard": 75968}
[36m(WorkerDict pid=263346)[0m WARNING:2026-09-11 14:05:01,980:VERL_RESPONSE_ONLY_LM_HEAD_PROFILE {"active_ratio": 0.5457908163265306, "actual_logits_bytes": 0, "allocated_before_bytes": 25584219136, "backend": "fused", "calculate_entropy": true, "calculate_sum_pi_squared": false, "context_parallel_size": 2, "data_format": "thd", "dense_logits_bytes": 0, "dense_rows": 7840, "distillation_only": false, "elapsed_s": 0.1390165319899097, "element_size": 0, "entropy_from_logits_chunk_size": 2048, "entropy_from_logits_with_chunking": false, "event_id": 178, "logits_dtype": "none", "logits_saved_bytes": 0, "peak_allocated_bytes": 25683566592, "peak_increment_bytes": 99347456, "pipeline_parallel_size": 2, "projected_rows": 4279, "rank": 6, "response_only_enabled": true, "role": "actor", "selected_rows": 4279, "tensor_parallel_size": 2, "vocab_shard": 75968}
[36m(WorkerDict pid=263347)[0m WARNING:2026-09-11 14:05:01,981:VERL_RESPONSE_ONLY_LM_HEAD_PROFILE {"active_ratio": 0.5457908163265306, "actual_logits_bytes": 0, "allocated_before_bytes": 25584219136, "backend": "fused", "calculate_entropy": true, "calculate_sum_pi_squared": false, "context_parallel_size": 2, "data_format": "thd", "dense_logits_bytes": 0, "dense_rows": 7840, "distillation_only": false, "elapsed_s": 0.13950311194639653, "element_size": 0, "entropy_from_logits_chunk_size": 2048, "entropy_from_logits_with_chunking": false, "event_id": 178, "logits_dtype": "none", "logits_saved_bytes": 0, "peak_allocated_bytes": 25683566592, "peak_increment_bytes": 99347456, "pipeline_parallel_size": 2, "projected_rows": 4279, "rank": 7, "response_only_enabled": true, "role": "actor", "selected_rows": 4279, "tensor_parallel_size": 2, "vocab_shard": 75968}
[36m(WorkerDict pid=263345)[0m WARNING:2026-09-11 14:05:03,184:VERL_RESPONSE_ONLY_LM_HEAD_PROFILE {"active_ratio": 0.49910714285714286, "actual_logits_bytes": 0, "allocated_before_bytes": 25616459264, "backend": "fused", "calculate_entropy": true, "calculate_sum_pi_squared": false, "context_parallel_size": 2, "data_format": "thd", "dense_logits_bytes": 0, "dense_rows": 7840, "distillation_only": false, "elapsed_s": 0.12616862694267184, "element_size": 0, "entropy_from_logits_chunk_size": 2048, "entropy_from_logits_with_chunking": false, "event_id": 179, "logits_dtype": "none", "logits_saved_bytes": 0, "peak_allocated_bytes": 25712802816, "peak_increment_bytes": 96343552, "pipeline_parallel_size": 2, "projected_rows": 3913, "rank": 5, "response_only_enabled": true, "role": "actor", "selected_rows": 3913, "tensor_parallel_size": 2, "vocab_shard": 75968}
[36m(WorkerDict pid=263346)[0m WARNING:2026-09-11 14:05:03,195:VERL_RESPONSE_ONLY_LM_HEAD_PROFILE {"active_ratio": 0.5457908163265306, "actual_logits_bytes": 0, "allocated_before_bytes": 25616459264, "backend": "fused", "calculate_entropy": true, "calculate_sum_pi_squared": false, "context_parallel_size": 2, "data_format": "thd", "dense_logits_bytes": 0, "dense_rows": 7840, "distillation_only": false, "elapsed_s": 0.13701710104942322, "element_size": 0, "entropy_from_logits_chunk_size": 2048, "entropy_from_logits_with_chunking": false, "event_id": 179, "logits_dtype": "none", "logits_saved_bytes": 0, "peak_allocated_bytes": 25715806720, "peak_increment_bytes": 99347456, "pipeline_parallel_size": 2, "projected_rows": 4279, "rank": 6, "response_only_enabled": true, "role": "actor", "selected_rows": 4279, "tensor_parallel_size": 2, "vocab_shard": 75968}
[36m(WorkerDict pid=263347)[0m WARNING:2026-09-11 14:05:03,195:VERL_RESPONSE_ONLY_LM_HEAD_PROFILE {"active_ratio": 0.5457908163265306, "actual_logits_bytes": 0, "allocated_before_bytes": 25616459264, "backend": "fused", "calculate_entropy": true, "calculate_sum_pi_squared": false, "context_parallel_size": 2, "data_format": "thd", "dense_logits_bytes": 0, "dense_rows": 7840, "distillation_only": false, "elapsed_s": 0.1369416209636256, "element_size": 0, "entropy_from_logits_chunk_size": 2048, "entropy_from_logits_with_chunking": false, "event_id": 179, "logits_dtype": "none", "logits_saved_bytes": 0, "peak_allocated_bytes": 25715806720, "peak_increment_bytes": 99347456, "pipeline_parallel_size": 2, "projected_rows": 4279, "rank": 7, "response_only_enabled": true, "role": "actor", "selected_rows": 4279, "tensor_parallel_size": 2, "vocab_shard": 75968}
[36m(WorkerDict pid=263345)[0m WARNING:2026-09-11 14:05:05,484:VERL_RESPONSE_ONLY_LM_HEAD_PROFILE {"active_ratio": 0.49938514510575505, "actual_logits_bytes": 0, "allocated_before_bytes": 25543688192, "backend": "fused", "calculate_entropy": true, "calculate_sum_pi_squared": false, "context_parallel_size": 2, "data_format": "thd", "dense_logits_bytes": 0, "dense_rows": 8132, "distillation_only": false, "elapsed_s": 0.12870698794722557, "element_size": 0, "entropy_from_logits_chunk_size": 2048, "entropy_from_logits_with_chunking": false, "event_id": 180, "logits_dtype": "none", "logits_saved_bytes": 0, "peak_allocated_bytes": 25643638272, "peak_increment_bytes": 99950080, "pipeline_parallel_size": 2, "projected_rows": 4061, "rank": 5, "response_only_enabled": true, "role": "actor", "selected_rows": 4061, "tensor_parallel_size": 2, "vocab_shard": 75968}
[36m(WorkerDict pid=263346)[0m WARNING:2026-09-11 14:05:05,488:VERL_RESPONSE_ONLY_LM_HEAD_PROFILE {"active_ratio": 0.5079931136251845, "actual_logits_bytes": 0, "allocated_before_bytes": 25543688192, "backend": "fused", "calculate_entropy": true, "calculate_sum_pi_squared": false, "context_parallel_size": 2, "data_format": "thd", "dense_logits_bytes": 0, "dense_rows": 8132, "distillation_only": false, "elapsed_s": 0.13246509910095483, "element_size": 0, "entropy_from_logits_chunk_size": 2048, "entropy_from_logits_with_chunking": false, "event_id": 180, "logits_dtype": "none", "logits_saved_bytes": 0, "peak_allocated_bytes": 25644213248, "peak_increment_bytes": 100525056, "pipeline_parallel_size": 2, "projected_rows": 4131, "rank": 6, "response_only_enabled": true, "role": "actor", "selected_rows": 4131, "tensor_parallel_size": 2, "vocab_shard": 75968}
[36m(WorkerDict pid=263347)[0m WARNING:2026-09-11 14:05:05,488:VERL_RESPONSE_ONLY_LM_HEAD_PROFILE {"active_ratio": 0.5079931136251845, "actual_logits_bytes": 0, "allocated_before_bytes": 25543688192, "backend": "fused", "calculate_entropy": true, "calculate_sum_pi_squared": false, "context_parallel_size": 2, "data_format": "thd", "dense_logits_bytes": 0, "dense_rows": 8132, "distillation_only": false, "elapsed_s": 0.13252522889524698, "element_size": 0, "entropy_from_logits_chunk_size": 2048, "entropy_from_logits_with_chunking": false, "event_id": 180, "logits_dtype": "none", "logits_saved_bytes": 0, "peak_allocated_bytes": 25644213248, "peak_increment_bytes": 100525056, "pipeline_parallel_size": 2, "projected_rows": 4131, "rank": 7, "response_only_enabled": true, "role": "actor", "selected_rows": 4131, "tensor_parallel_size": 2, "vocab_shard": 75968}
[36m(WorkerDict pid=263345)[0m WARNING:2026-09-11 14:05:06,767:VERL_RESPONSE_ONLY_LM_HEAD_PROFILE {"active_ratio": 0.49938514510575505, "actual_logits_bytes": 0, "allocated_before_bytes": 25577129984, "backend": "fused", "calculate_entropy": true, "calculate_sum_pi_squared": false, "context_parallel_size": 2, "data_format": "thd", "dense_logits_bytes": 0, "dense_rows": 8132, "distillation_only": false, "elapsed_s": 0.12928137800190598, "element_size": 0, "entropy_from_logits_chunk_size": 2048, "entropy_from_logits_with_chunking": false, "event_id": 181, "logits_dtype": "none", "logits_saved_bytes": 0, "peak_allocated_bytes": 25677080064, "peak_increment_bytes": 99950080, "pipeline_parallel_size": 2, "projected_rows": 4061, "rank": 5, "response_only_enabled": true, "role": "actor", "selected_rows": 4061, "tensor_parallel_size": 2, "vocab_shard": 75968}
[36m(WorkerDict pid=263346)[0m WARNING:2026-09-11 14:05:06,770:VERL_RESPONSE_ONLY_LM_HEAD_PROFILE {"active_ratio": 0.5079931136251845, "actual_logits_bytes": 0, "allocated_before_bytes": 25577129984, "backend": "fused", "calculate_entropy": true, "calculate_sum_pi_squared": false, "context_parallel_size": 2, "data_format": "thd", "dense_logits_bytes": 0, "dense_rows": 8132, "distillation_only": false, "elapsed_s": 0.1324021490290761, "element_size": 0, "entropy_from_logits_chunk_size": 2048, "entropy_from_logits_with_chunking": false, "event_id": 181, "logits_dtype": "none", "logits_saved_bytes": 0, "peak_allocated_bytes": 25677655040, "peak_increment_bytes": 100525056, "pipeline_parallel_size": 2, "projected_rows": 4131, "rank": 6, "response_only_enabled": true, "role": "actor", "selected_rows": 4131, "tensor_parallel_size": 2, "vocab_shard": 75968}
[36m(WorkerDict pid=263347)[0m WARNING:2026-09-11 14:05:06,770:VERL_RESPONSE_ONLY_LM_HEAD_PROFILE {"active_ratio": 0.5079931136251845, "actual_logits_bytes": 0, "allocated_before_bytes": 25577129984, "backend": "fused", "calculate_entropy": true, "calculate_sum_pi_squared": false, "context_parallel_size": 2, "data_format": "thd", "dense_logits_bytes": 0, "dense_rows": 8132, "distillation_only": false, "elapsed_s": 0.13240965898148715, "element_size": 0, "entropy_from_logits_chunk_size": 2048, "entropy_from_logits_with_chunking": false, "event_id": 181, "logits_dtype": "none", "logits_saved_bytes": 0, "peak_allocated_bytes": 25677655040, "peak_increment_bytes": 100525056, "pipeline_parallel_size": 2, "projected_rows": 4131, "rank": 7, "response_only_enabled": true, "role": "actor", "selected_rows": 4131, "tensor_parallel_size": 2, "vocab_shard": 75968}
[36m(WorkerDict pid=263345)[0m WARNING:2026-09-11 14:05:08,010:VERL_RESPONSE_ONLY_LM_HEAD_PROFILE {"active_ratio": 0.49938514510575505, "actual_logits_bytes": 0, "allocated_before_bytes": 25610571264, "backend": "fused", "calculate_entropy": true, "calculate_sum_pi_squared": false, "context_parallel_size": 2, "data_format": "thd", "dense_logits_bytes": 0, "dense_rows": 8132, "distillation_only": false, "elapsed_s": 0.12978107808157802, "element_size": 0, "entropy_from_logits_chunk_size": 2048, "entropy_from_logits_with_chunking": false, "event_id": 182, "logits_dtype": "none", "logits_saved_bytes": 0, "peak_allocated_bytes": 25710521344, "peak_increment_bytes": 99950080, "pipeline_parallel_size": 2, "projected_rows": 4061, "rank": 5, "response_only_enabled": true, "role": "actor", "selected_rows": 4061, "tensor_parallel_size": 2, "vocab_shard": 75968}
[36m(WorkerDict pid=263346)[0m WARNING:2026-09-11 14:05:08,012:VERL_RESPONSE_ONLY_LM_HEAD_PROFILE {"active_ratio": 0.5079931136251845, "actual_logits_bytes": 0, "allocated_before_bytes": 25610571264, "backend": "fused", "calculate_entropy": true, "calculate_sum_pi_squared": false, "context_parallel_size": 2, "data_format": "thd", "dense_logits_bytes": 0, "dense_rows": 8132, "distillation_only": false, "elapsed_s": 0.13277873897459358, "element_size": 0, "entropy_from_logits_chunk_size": 2048, "entropy_from_logits_with_chunking": false, "event_id": 182, "logits_dtype": "none", "logits_saved_bytes": 0, "peak_allocated_bytes": 25711096320, "peak_increment_bytes": 100525056, "pipeline_parallel_size": 2, "projected_rows": 4131, "rank": 6, "response_only_enabled": true, "role": "actor", "selected_rows": 4131, "tensor_parallel_size": 2, "vocab_shard": 75968}
[36m(WorkerDict pid=263347)[0m WARNING:2026-09-11 14:05:08,012:VERL_RESPONSE_ONLY_LM_HEAD_PROFILE {"active_ratio": 0.5079931136251845, "actual_logits_bytes": 0, "allocated_before_bytes": 25610571264, "backend": "fused", "calculate_entropy": true, "calculate_sum_pi_squared": false, "context_parallel_size": 2, "data_format": "thd", "dense_logits_bytes": 0, "dense_rows": 8132, "distillation_only": false, "elapsed_s": 0.13292223901953548, "element_size": 0, "entropy_from_logits_chunk_size": 2048, "entropy_from_logits_with_chunking": false, "event_id": 182, "logits_dtype": "none", "logits_saved_bytes": 0, "peak_allocated_bytes": 25711096320, "peak_increment_bytes": 100525056, "pipeline_parallel_size": 2, "projected_rows": 4131, "rank": 7, "response_only_enabled": true, "role": "actor", "selected_rows": 4131, "tensor_parallel_size": 2, "vocab_shard": 75968}
[36m(WorkerDict pid=263345)[0m WARNING:2026-09-11 14:05:09,252:VERL_RESPONSE_ONLY_LM_HEAD_PROFILE {"active_ratio": 0.49938514510575505, "actual_logits_bytes": 0, "allocated_before_bytes": 25644012544, "backend": "fused", "calculate_entropy": true, "calculate_sum_pi_squared": false, "context_parallel_size": 2, "data_format": "thd", "dense_logits_bytes": 0, "dense_rows": 8132, "distillation_only": false, "elapsed_s": 0.12875039700884372, "element_size": 0, "entropy_from_logits_chunk_size": 2048, "entropy_from_logits_with_chunking": false, "event_id": 183, "logits_dtype": "none", "logits_saved_bytes": 0, "peak_allocated_bytes": 25743962624, "peak_increment_bytes": 99950080, "pipeline_parallel_size": 2, "projected_rows": 4061, "rank": 5, "response_only_enabled": true, "role": "actor", "selected_rows": 4061, "tensor_parallel_size": 2, "vocab_shard": 75968}
[36m(WorkerDict pid=263346)[0m WARNING:2026-09-11 14:05:09,256:VERL_RESPONSE_ONLY_LM_HEAD_PROFILE {"active_ratio": 0.5079931136251845, "actual_logits_bytes": 0, "allocated_before_bytes": 25644012544, "backend": "fused", "calculate_entropy": true, "calculate_sum_pi_squared": false, "context_parallel_size": 2, "data_format": "thd", "dense_logits_bytes": 0, "dense_rows": 8132, "distillation_only": false, "elapsed_s": 0.13229104899801314, "element_size": 0, "entropy_from_logits_chunk_size": 2048, "entropy_from_logits_with_chunking": false, "event_id": 183, "logits_dtype": "none", "logits_saved_bytes": 0, "peak_allocated_bytes": 25744537600, "peak_increment_bytes": 100525056, "pipeline_parallel_size": 2, "projected_rows": 4131, "rank": 6, "response_only_enabled": true, "role": "actor", "selected_rows": 4131, "tensor_parallel_size": 2, "vocab_shard": 75968}
[36m(WorkerDict pid=263347)[0m WARNING:2026-09-11 14:05:09,256:VERL_RESPONSE_ONLY_LM_HEAD_PROFILE {"active_ratio": 0.5079931136251845, "actual_logits_bytes": 0, "allocated_before_bytes": 25644012544, "backend": "fused", "calculate_entropy": true, "calculate_sum_pi_squared": false, "context_parallel_size": 2, "data_format": "thd", "dense_logits_bytes": 0, "dense_rows": 8132, "distillation_only": false, "elapsed_s": 0.1322722389595583, "element_size": 0, "entropy_from_logits_chunk_size": 2048, "entropy_from_logits_with_chunking": false, "event_id": 183, "logits_dtype": "none", "logits_saved_bytes": 0, "peak_allocated_bytes": 25744537600, "peak_increment_bytes": 100525056, "pipeline_parallel_size": 2, "projected_rows": 4131, "rank": 7, "response_only_enabled": true, "role": "actor", "selected_rows": 4131, "tensor_parallel_size": 2, "vocab_shard": 75968}
[36m(WorkerDict pid=263345)[0m WARNING:2026-09-11 14:05:11,526:VERL_RESPONSE_ONLY_LM_HEAD_PROFILE {"active_ratio": 0.4992350841407445, "actual_logits_bytes": 0, "allocated_before_bytes": 25520068096, "backend": "fused", "calculate_entropy": true, "calculate_sum_pi_squared": false, "context_parallel_size": 2, "data_format": "thd", "dense_logits_bytes": 0, "dense_rows": 7844, "distillation_only": false, "elapsed_s": 0.12550822598859668, "element_size": 0, "entropy_from_logits_chunk_size": 2048, "entropy_from_logits_with_chunking": false, "event_id": 184, "logits_dtype": "none", "logits_saved_bytes": 0, "peak_allocated_bytes": 25616468992, "peak_increment_bytes": 96400896, "pipeline_parallel_size": 2, "projected_rows": 3916, "rank": 5, "response_only_enabled": true, "role": "actor", "selected_rows": 3916, "tensor_parallel_size": 2, "vocab_shard": 75968}
[36m(WorkerDict pid=263346)[0m WARNING:2026-09-11 14:05:11,538:VERL_RESPONSE_ONLY_LM_HEAD_PROFILE {"active_ratio": 0.5451300356960734, "actual_logits_bytes": 0, "allocated_before_bytes": 25520068096, "backend": "fused", "calculate_entropy": true, "calculate_sum_pi_squared": false, "context_parallel_size": 2, "data_format": "thd", "dense_logits_bytes": 0, "dense_rows": 7844, "distillation_only": false, "elapsed_s": 0.13716051098890603, "element_size": 0, "entropy_from_logits_chunk_size": 2048, "entropy_from_logits_with_chunking": false, "event_id": 184, "logits_dtype": "none", "logits_saved_bytes": 0, "peak_allocated_bytes": 25619423744, "peak_increment_bytes": 99355648, "pipeline_parallel_size": 2, "projected_rows": 4276, "rank": 6, "response_only_enabled": true, "role": "actor", "selected_rows": 4276, "tensor_parallel_size": 2, "vocab_shard": 75968}
[36m(WorkerDict pid=263347)[0m WARNING:2026-09-11 14:05:11,538:VERL_RESPONSE_ONLY_LM_HEAD_PROFILE {"active_ratio": 0.5451300356960734, "actual_logits_bytes": 0, "allocated_before_bytes": 25520068096, "backend": "fused", "calculate_entropy": true, "calculate_sum_pi_squared": false, "context_parallel_size": 2, "data_format": "thd", "dense_logits_bytes": 0, "dense_rows": 7844, "distillation_only": false, "elapsed_s": 0.13725461100693792, "element_size": 0, "entropy_from_logits_chunk_size": 2048, "entropy_from_logits_with_chunking": false, "event_id": 184, "logits_dtype": "none", "logits_saved_bytes": 0, "peak_allocated_bytes": 25619423744, "peak_increment_bytes": 99355648, "pipeline_parallel_size": 2, "projected_rows": 4276, "rank": 7, "response_only_enabled": true, "role": "actor", "selected_rows": 4276, "tensor_parallel_size": 2, "vocab_shard": 75968}
[36m(WorkerDict pid=263345)[0m WARNING:2026-09-11 14:05:12,745:VERL_RESPONSE_ONLY_LM_HEAD_PROFILE {"active_ratio": 0.4992350841407445, "actual_logits_bytes": 0, "allocated_before_bytes": 25552325120, "backend": "fused", "calculate_entropy": true, "calculate_sum_pi_squared": false, "context_parallel_size": 2, "data_format": "thd", "dense_logits_bytes": 0, "dense_rows": 7844, "distillation_only": false, "elapsed_s": 0.12562232604250312, "element_size": 0, "entropy_from_logits_chunk_size": 2048, "entropy_from_logits_with_chunking": false, "event_id": 185, "logits_dtype": "none", "logits_saved_bytes": 0, "peak_allocated_bytes": 25648726016, "peak_increment_bytes": 96400896, "pipeline_parallel_size": 2, "projected_rows": 3916, "rank": 5, "response_only_enabled": true, "role": "actor", "selected_rows": 3916, "tensor_parallel_size": 2, "vocab_shard": 75968}
[36m(WorkerDict pid=263346)[0m WARNING:2026-09-11 14:05:12,756:VERL_RESPONSE_ONLY_LM_HEAD_PROFILE {"active_ratio": 0.5451300356960734, "actual_logits_bytes": 0, "allocated_before_bytes": 25552325120, "backend": "fused", "calculate_entropy": true, "calculate_sum_pi_squared": false, "context_parallel_size": 2, "data_format": "thd", "dense_logits_bytes": 0, "dense_rows": 7844, "distillation_only": false, "elapsed_s": 0.13704771199263632, "element_size": 0, "entropy_from_logits_chunk_size": 2048, "entropy_from_logits_with_chunking": false, "event_id": 185, "logits_dtype": "none", "logits_saved_bytes": 0, "peak_allocated_bytes": 25651680768, "peak_increment_bytes": 99355648, "pipeline_parallel_size": 2, "projected_rows": 4276, "rank": 6, "response_only_enabled": true, "role": "actor", "selected_rows": 4276, "tensor_parallel_size": 2, "vocab_shard": 75968}
[36m(WorkerDict pid=263347)[0m WARNING:2026-09-11 14:05:12,756:VERL_RESPONSE_ONLY_LM_HEAD_PROFILE {"active_ratio": 0.5451300356960734, "actual_logits_bytes": 0, "allocated_before_bytes": 25552325120, "backend": "fused", "calculate_entropy": true, "calculate_sum_pi_squared": false, "context_parallel_size": 2, "data_format": "thd", "dense_logits_bytes": 0, "dense_rows": 7844, "distillation_only": false, "elapsed_s": 0.13710584200453013, "element_size": 0, "entropy_from_logits_chunk_size": 2048, "entropy_from_logits_with_chunking": false, "event_id": 185, "logits_dtype": "none", "logits_saved_bytes": 0, "peak_allocated_bytes": 25651680768, "peak_increment_bytes": 99355648, "pipeline_parallel_size": 2, "projected_rows": 4276, "rank": 7, "response_only_enabled": true, "role": "actor", "selected_rows": 4276, "tensor_parallel_size": 2, "vocab_shard": 75968}
[36m(WorkerDict pid=263345)[0m WARNING:2026-09-11 14:05:13,967:VERL_RESPONSE_ONLY_LM_HEAD_PROFILE {"active_ratio": 0.4992350841407445, "actual_logits_bytes": 0, "allocated_before_bytes": 25584581632, "backend": "fused", "calculate_entropy": true, "calculate_sum_pi_squared": false, "context_parallel_size": 2, "data_format": "thd", "dense_logits_bytes": 0, "dense_rows": 7844, "distillation_only": false, "elapsed_s": 0.12575319595634937, "element_size": 0, "entropy_from_logits_chunk_size": 2048, "entropy_from_logits_with_chunking": false, "event_id": 186, "logits_dtype": "none", "logits_saved_bytes": 0, "peak_allocated_bytes": 25680982528, "peak_increment_bytes": 96400896, "pipeline_parallel_size": 2, "projected_rows": 3916, "rank": 5, "response_only_enabled": true, "role": "actor", "selected_rows": 3916, "tensor_parallel_size": 2, "vocab_shard": 75968}
[36m(WorkerDict pid=263346)[0m WARNING:2026-09-11 14:05:13,978:VERL_RESPONSE_ONLY_LM_HEAD_PROFILE {"active_ratio": 0.5451300356960734, "actual_logits_bytes": 0, "allocated_before_bytes": 25584581632, "backend": "fused", "calculate_entropy": true, "calculate_sum_pi_squared": false, "context_parallel_size": 2, "data_format": "thd", "dense_logits_bytes": 0, "dense_rows": 7844, "distillation_only": false, "elapsed_s": 0.1370685719884932, "element_size": 0, "entropy_from_logits_chunk_size": 2048, "entropy_from_logits_with_chunking": false, "event_id": 186, "logits_dtype": "none", "logits_saved_bytes": 0, "peak_allocated_bytes": 25683937280, "peak_increment_bytes": 99355648, "pipeline_parallel_size": 2, "projected_rows": 4276, "rank": 6, "response_only_enabled": true, "role": "actor", "selected_rows": 4276, "tensor_parallel_size": 2, "vocab_shard": 75968}
[36m(WorkerDict pid=263347)[0m WARNING:2026-09-11 14:05:13,977:VERL_RESPONSE_ONLY_LM_HEAD_PROFILE {"active_ratio": 0.5451300356960734, "actual_logits_bytes": 0, "allocated_before_bytes": 25584581632, "backend": "fused", "calculate_entropy": true, "calculate_sum_pi_squared": false, "context_parallel_size": 2, "data_format": "thd", "dense_logits_bytes": 0, "dense_rows": 7844, "distillation_only": false, "elapsed_s": 0.13675613107625395, "element_size": 0, "entropy_from_logits_chunk_size": 2048, "entropy_from_logits_with_chunking": false, "event_id": 186, "logits_dtype": "none", "logits_saved_bytes": 0, "peak_allocated_bytes": 25683937280, "peak_increment_bytes": 99355648, "pipeline_parallel_size": 2, "projected_rows": 4276, "rank": 7, "response_only_enabled": true, "role": "actor", "selected_rows": 4276, "tensor_parallel_size": 2, "vocab_shard": 75968}
[36m(WorkerDict pid=263345)[0m WARNING:2026-09-11 14:05:15,183:VERL_RESPONSE_ONLY_LM_HEAD_PROFILE {"active_ratio": 0.4992350841407445, "actual_logits_bytes": 0, "allocated_before_bytes": 25616838144, "backend": "fused", "calculate_entropy": true, "calculate_sum_pi_squared": false, "context_parallel_size": 2, "data_format": "thd", "dense_logits_bytes": 0, "dense_rows": 7844, "distillation_only": false, "elapsed_s": 0.12584650598000735, "element_size": 0, "entropy_from_logits_chunk_size": 2048, "entropy_from_logits_with_chunking": false, "event_id": 187, "logits_dtype": "none", "logits_saved_bytes": 0, "peak_allocated_bytes": 25713239040, "peak_increment_bytes": 96400896, "pipeline_parallel_size": 2, "projected_rows": 3916, "rank": 5, "response_only_enabled": true, "role": "actor", "selected_rows": 3916, "tensor_parallel_size": 2, "vocab_shard": 75968}
[36m(WorkerDict pid=263346)[0m WARNING:2026-09-11 14:05:15,194:VERL_RESPONSE_ONLY_LM_HEAD_PROFILE {"active_ratio": 0.5451300356960734, "actual_logits_bytes": 0, "allocated_before_bytes": 25616838144, "backend": "fused", "calculate_entropy": true, "calculate_sum_pi_squared": false, "context_parallel_size": 2, "data_format": "thd", "dense_logits_bytes": 0, "dense_rows": 7844, "distillation_only": false, "elapsed_s": 0.1376447919756174, "element_size": 0, "entropy_from_logits_chunk_size": 2048, "entropy_from_logits_with_chunking": false, "event_id": 187, "logits_dtype": "none", "logits_saved_bytes": 0, "peak_allocated_bytes": 25716193792, "peak_increment_bytes": 99355648, "pipeline_parallel_size": 2, "projected_rows": 4276, "rank": 6, "response_only_enabled": true, "role": "actor", "selected_rows": 4276, "tensor_parallel_size": 2, "vocab_shard": 75968}
[36m(WorkerDict pid=263347)[0m WARNING:2026-09-11 14:05:15,194:VERL_RESPONSE_ONLY_LM_HEAD_PROFILE {"active_ratio": 0.5451300356960734, "actual_logits_bytes": 0, "allocated_before_bytes": 25616838144, "backend": "fused", "calculate_entropy": true, "calculate_sum_pi_squared": false, "context_parallel_size": 2, "data_format": "thd", "dense_logits_bytes": 0, "dense_rows": 7844, "distillation_only": false, "elapsed_s": 0.13754051201976836, "element_size": 0, "entropy_from_logits_chunk_size": 2048, "entropy_from_logits_with_chunking": false, "event_id": 187, "logits_dtype": "none", "logits_saved_bytes": 0, "peak_allocated_bytes": 25716193792, "peak_increment_bytes": 99355648, "pipeline_parallel_size": 2, "projected_rows": 4276, "rank": 7, "response_only_enabled": true, "role": "actor", "selected_rows": 4276, "tensor_parallel_size": 2, "vocab_shard": 75968}
[36m(WorkerDict pid=263345)[0m WARNING:2026-09-11 14:05:17,411:VERL_RESPONSE_ONLY_LM_HEAD_PROFILE {"active_ratio": 0.4992350841407445, "actual_logits_bytes": 0, "allocated_before_bytes": 25520068096, "backend": "fused", "calculate_entropy": true, "calculate_sum_pi_squared": false, "context_parallel_size": 2, "data_format": "thd", "dense_logits_bytes": 0, "dense_rows": 7844, "distillation_only": false, "elapsed_s": 0.12551988603081554, "element_size": 0, "entropy_from_logits_chunk_size": 2048, "entropy_from_logits_with_chunking": false, "event_id": 188, "logits_dtype": "none", "logits_saved_bytes": 0, "peak_allocated_bytes": 25616468992, "peak_increment_bytes": 96400896, "pipeline_parallel_size": 2, "projected_rows": 3916, "rank": 5, "response_only_enabled": true, "role": "actor", "selected_rows": 3916, "tensor_parallel_size": 2, "vocab_shard": 75968}
[36m(WorkerDict pid=263346)[0m WARNING:2026-09-11 14:05:17,421:VERL_RESPONSE_ONLY_LM_HEAD_PROFILE {"active_ratio": 0.5451300356960734, "actual_logits_bytes": 0, "allocated_before_bytes": 25520068096, "backend": "fused", "calculate_entropy": true, "calculate_sum_pi_squared": false, "context_parallel_size": 2, "data_format": "thd", "dense_logits_bytes": 0, "dense_rows": 7844, "distillation_only": false, "elapsed_s": 0.13678854098543525, "element_size": 0, "entropy_from_logits_chunk_size": 2048, "entropy_from_logits_with_chunking": false, "event_id": 188, "logits_dtype": "none", "logits_saved_bytes": 0, "peak_allocated_bytes": 25619423744, "peak_increment_bytes": 99355648, "pipeline_parallel_size": 2, "projected_rows": 4276, "rank": 6, "response_only_enabled": true, "role": "actor", "selected_rows": 4276, "tensor_parallel_size": 2, "vocab_shard": 75968}
[36m(WorkerDict pid=263347)[0m WARNING:2026-09-11 14:05:17,421:VERL_RESPONSE_ONLY_LM_HEAD_PROFILE {"active_ratio": 0.5451300356960734, "actual_logits_bytes": 0, "allocated_before_bytes": 25520068096, "backend": "fused", "calculate_entropy": true, "calculate_sum_pi_squared": false, "context_parallel_size": 2, "data_format": "thd", "dense_logits_bytes": 0, "dense_rows": 7844, "distillation_only": false, "elapsed_s": 0.13692587101832032, "element_size": 0, "entropy_from_logits_chunk_size": 2048, "entropy_from_logits_with_chunking": false, "event_id": 188, "logits_dtype": "none", "logits_saved_bytes": 0, "peak_allocated_bytes": 25619423744, "peak_increment_bytes": 99355648, "pipeline_parallel_size": 2, "projected_rows": 4276, "rank": 7, "response_only_enabled": true, "role": "actor", "selected_rows": 4276, "tensor_parallel_size": 2, "vocab_shard": 75968}
[36m(WorkerDict pid=263345)[0m WARNING:2026-09-11 14:05:18,633:VERL_RESPONSE_ONLY_LM_HEAD_PROFILE {"active_ratio": 0.4992350841407445, "actual_logits_bytes": 0, "allocated_before_bytes": 25552325120, "backend": "fused", "calculate_entropy": true, "calculate_sum_pi_squared": false, "context_parallel_size": 2, "data_format": "thd", "dense_logits_bytes": 0, "dense_rows": 7844, "distillation_only": false, "elapsed_s": 0.1253540359903127, "element_size": 0, "entropy_from_logits_chunk_size": 2048, "entropy_from_logits_with_chunking": false, "event_id": 189, "logits_dtype": "none", "logits_saved_bytes": 0, "peak_allocated_bytes": 25648726016, "peak_increment_bytes": 96400896, "pipeline_parallel_size": 2, "projected_rows": 3916, "rank": 5, "response_only_enabled": true, "role": "actor", "selected_rows": 3916, "tensor_parallel_size": 2, "vocab_shard": 75968}
[36m(WorkerDict pid=263346)[0m WARNING:2026-09-11 14:05:18,645:VERL_RESPONSE_ONLY_LM_HEAD_PROFILE {"active_ratio": 0.5451300356960734, "actual_logits_bytes": 0, "allocated_before_bytes": 25552325120, "backend": "fused", "calculate_entropy": true, "calculate_sum_pi_squared": false, "context_parallel_size": 2, "data_format": "thd", "dense_logits_bytes": 0, "dense_rows": 7844, "distillation_only": false, "elapsed_s": 0.13729192106984556, "element_size": 0, "entropy_from_logits_chunk_size": 2048, "entropy_from_logits_with_chunking": false, "event_id": 189, "logits_dtype": "none", "logits_saved_bytes": 0, "peak_allocated_bytes": 25651680768, "peak_increment_bytes": 99355648, "pipeline_parallel_size": 2, "projected_rows": 4276, "rank": 6, "response_only_enabled": true, "role": "actor", "selected_rows": 4276, "tensor_parallel_size": 2, "vocab_shard": 75968}
[36m(WorkerDict pid=263347)[0m WARNING:2026-09-11 14:05:18,645:VERL_RESPONSE_ONLY_LM_HEAD_PROFILE {"active_ratio": 0.5451300356960734, "actual_logits_bytes": 0, "allocated_before_bytes": 25552325120, "backend": "fused", "calculate_entropy": true, "calculate_sum_pi_squared": false, "context_parallel_size": 2, "data_format": "thd", "dense_logits_bytes": 0, "dense_rows": 7844, "distillation_only": false, "elapsed_s": 0.13737425091676414, "element_size": 0, "entropy_from_logits_chunk_size": 2048, "entropy_from_logits_with_chunking": false, "event_id": 189, "logits_dtype": "none", "logits_saved_bytes": 0, "peak_allocated_bytes": 25651680768, "peak_increment_bytes": 99355648, "pipeline_parallel_size": 2, "projected_rows": 4276, "rank": 7, "response_only_enabled": true, "role": "actor", "selected_rows": 4276, "tensor_parallel_size": 2, "vocab_shard": 75968}
[36m(WorkerDict pid=263345)[0m WARNING:2026-09-11 14:05:19,858:VERL_RESPONSE_ONLY_LM_HEAD_PROFILE {"active_ratio": 0.4992350841407445, "actual_logits_bytes": 0, "allocated_before_bytes": 25584581632, "backend": "fused", "calculate_entropy": true, "calculate_sum_pi_squared": false, "context_parallel_size": 2, "data_format": "thd", "dense_logits_bytes": 0, "dense_rows": 7844, "distillation_only": false, "elapsed_s": 0.1257730859797448, "element_size": 0, "entropy_from_logits_chunk_size": 2048, "entropy_from_logits_with_chunking": false, "event_id": 190, "logits_dtype": "none", "logits_saved_bytes": 0, "peak_allocated_bytes": 25680982528, "peak_increment_bytes": 96400896, "pipeline_parallel_size": 2, "projected_rows": 3916, "rank": 5, "response_only_enabled": true, "role": "actor", "selected_rows": 3916, "tensor_parallel_size": 2, "vocab_shard": 75968}
[36m(WorkerDict pid=263346)[0m WARNING:2026-09-11 14:05:19,869:VERL_RESPONSE_ONLY_LM_HEAD_PROFILE {"active_ratio": 0.5451300356960734, "actual_logits_bytes": 0, "allocated_before_bytes": 25584581632, "backend": "fused", "calculate_entropy": true, "calculate_sum_pi_squared": false, "context_parallel_size": 2, "data_format": "thd", "dense_logits_bytes": 0, "dense_rows": 7844, "distillation_only": false, "elapsed_s": 0.1370764710009098, "element_size": 0, "entropy_from_logits_chunk_size": 2048, "entropy_from_logits_with_chunking": false, "event_id": 190, "logits_dtype": "none", "logits_saved_bytes": 0, "peak_allocated_bytes": 25683937280, "peak_increment_bytes": 99355648, "pipeline_parallel_size": 2, "projected_rows": 4276, "rank": 6, "response_only_enabled": true, "role": "actor", "selected_rows": 4276, "tensor_parallel_size": 2, "vocab_shard": 75968}
[36m(WorkerDict pid=263347)[0m WARNING:2026-09-11 14:05:19,869:VERL_RESPONSE_ONLY_LM_HEAD_PROFILE {"active_ratio": 0.5451300356960734, "actual_logits_bytes": 0, "allocated_before_bytes": 25584581632, "backend": "fused", "calculate_entropy": true, "calculate_sum_pi_squared": false, "context_parallel_size": 2, "data_format": "thd", "dense_logits_bytes": 0, "dense_rows": 7844, "distillation_only": false, "elapsed_s": 0.13721672096289694, "element_size": 0, "entropy_from_logits_chunk_size": 2048, "entropy_from_logits_with_chunking": false, "event_id": 190, "logits_dtype": "none", "logits_saved_bytes": 0, "peak_allocated_bytes": 25683937280, "peak_increment_bytes": 99355648, "pipeline_parallel_size": 2, "projected_rows": 4276, "rank": 7, "response_only_enabled": true, "role": "actor", "selected_rows": 4276, "tensor_parallel_size": 2, "vocab_shard": 75968}
[36m(WorkerDict pid=263345)[0m WARNING:2026-09-11 14:05:21,082:VERL_RESPONSE_ONLY_LM_HEAD_PROFILE {"active_ratio": 0.4992350841407445, "actual_logits_bytes": 0, "allocated_before_bytes": 25616838144, "backend": "fused", "calculate_entropy": true, "calculate_sum_pi_squared": false, "context_parallel_size": 2, "data_format": "thd", "dense_logits_bytes": 0, "dense_rows": 7844, "distillation_only": false, "elapsed_s": 0.1262117859441787, "element_size": 0, "entropy_from_logits_chunk_size": 2048, "entropy_from_logits_with_chunking": false, "event_id": 191, "logits_dtype": "none", "logits_saved_bytes": 0, "peak_allocated_bytes": 25713239040, "peak_increment_bytes": 96400896, "pipeline_parallel_size": 2, "projected_rows": 3916, "rank": 5, "response_only_enabled": true, "role": "actor", "selected_rows": 3916, "tensor_parallel_size": 2, "vocab_shard": 75968}
[36m(WorkerDict pid=263346)[0m WARNING:2026-09-11 14:05:21,093:VERL_RESPONSE_ONLY_LM_HEAD_PROFILE {"active_ratio": 0.5451300356960734, "actual_logits_bytes": 0, "allocated_before_bytes": 25616838144, "backend": "fused", "calculate_entropy": true, "calculate_sum_pi_squared": false, "context_parallel_size": 2, "data_format": "thd", "dense_logits_bytes": 0, "dense_rows": 7844, "distillation_only": false, "elapsed_s": 0.13804989191703498, "element_size": 0, "entropy_from_logits_chunk_size": 2048, "entropy_from_logits_with_chunking": false, "event_id": 191, "logits_dtype": "none", "logits_saved_bytes": 0, "peak_allocated_bytes": 25716193792, "peak_increment_bytes": 99355648, "pipeline_parallel_size": 2, "projected_rows": 4276, "rank": 6, "response_only_enabled": true, "role": "actor", "selected_rows": 4276, "tensor_parallel_size": 2, "vocab_shard": 75968}
[36m(WorkerDict pid=263347)[0m WARNING:2026-09-11 14:05:21,093:VERL_RESPONSE_ONLY_LM_HEAD_PROFILE {"active_ratio": 0.5451300356960734, "actual_logits_bytes": 0, "allocated_before_bytes": 25616838144, "backend": "fused", "calculate_entropy": true, "calculate_sum_pi_squared": false, "context_parallel_size": 2, "data_format": "thd", "dense_logits_bytes": 0, "dense_rows": 7844, "distillation_only": false, "elapsed_s": 0.13800980197265744, "element_size": 0, "entropy_from_logits_chunk_size": 2048, "entropy_from_logits_with_chunking": false, "event_id": 191, "logits_dtype": "none", "logits_saved_bytes": 0, "peak_allocated_bytes": 25716193792, "peak_increment_bytes": 99355648, "pipeline_parallel_size": 2, "projected_rows": 4276, "rank": 7, "response_only_enabled": true, "role": "actor", "selected_rows": 4276, "tensor_parallel_size": 2, "vocab_shard": 75968}
[36m(vLLMHttpServer pid=266886)[0m (EngineCore pid=267483) WARNING 09-11 14:05:29 [scheduler.py:1948] reset_connector called but no KV connector is configured.
[36m(vLLMHttpServer pid=266893)[0m (EngineCore pid=267508) WARNING 09-11 14:05:29 [scheduler.py:1948] reset_connector called but no KV connector is configured.
[36m(WorkerDict pid=263340)[0m Converting to HuggingFace ━━━━━━━━━━━━━━━━━━━━━━━━━━━━━━━━━━━━━━━━ 100% 0:00:00 (291/291) Qwen3Bridge
[36m(vLLMHttpServer pid=266886)[0m (EngineCore pid=267483) WARNING 09-11 14:05:31 [scheduler.py:1948] reset_connector called but no KV connector is configured.
[36m(vLLMHttpServer pid=266893)[0m (EngineCore pid=267508) WARNING 09-11 14:05:31 [scheduler.py:1948] reset_connector called but no KV connector is configured.
[36m(vLLMHttpServer pid=266886)[0m (EngineCore pid=267483) WARNING 09-11 14:05:33 [scheduler.py:1948] reset_connector called but no KV connector is configured.
[36m(vLLMHttpServer pid=266893)[0m (EngineCore pid=267508) WARNING 09-11 14:05:33 [scheduler.py:1948] reset_connector called but no KV connector is configured.
[36m(TaskRunnerV1 pid=262098)[0m Training Progress: 100%|██████████| 4/4 [05:18<00:00, 71.89s/it]Training Progress: 100%|██████████| 4/4 [05:18<00:00, 79.74s/it]
[36m(TaskRunnerV1 pid=262098)[0m step:4 - global_seqlen/min:253200.0 - global_seqlen/max:253200.0 - global_seqlen/minmax_diff:0.0 - global_seqlen/balanced_min:253200.0 - global_seqlen/balanced_max:253200.0 - global_seqlen/mean:253200.0 - actor/entropy:0.005061519332230091 - training/rollout_probs_diff_valid:1.0 - training/rollout_probs_diff_max:0.11471676826477051 - training/rollout_probs_diff_mean:0.000272630772087723 - training/rollout_probs_diff_std:0.0025791616644710302 - training/rollout_actor_probs_pearson_corr:0.9971697926521301 - rollout_corr/training_ppl:1.0037728548049927 - rollout_corr/training_log_ppl:0.0037638526409864426 - rollout_corr/kl:0.00025418022414669394 - rollout_corr/k3_kl:1.0025089977716561e-05 - rollout_corr/rollout_ppl:1.0035176277160645 - rollout_corr/rollout_log_ppl:0.0035096723586320877 - rollout_corr/log_ppl_diff:0.00025418022414669394 - rollout_corr/log_ppl_abs_diff:0.00025418022414669394 - rollout_corr/log_ppl_diff_max:0.00047960178926587105 - rollout_corr/log_ppl_diff_min:0.00011423439718782902 - rollout_corr/ppl_ratio:1.0002542734146118 - rollout_corr/chi2_token:-0.0004686713218688965 - rollout_corr/chi2_seq:-0.9648259282112122 - actor/pg_clipfrac:0.0 - actor/ppo_kl:0.0 - actor/pg_clipfrac_lower:0.0 - actor/pg_loss:5.724141374230385e-07 - actor/entropy_loss:0.005061519215814769 - actor/kl_loss:0.0 - actor/kl_coef:0.001 - actor/loss:-4.481524229049683e-06 - actor/grad_norm:0.10162966698408127 - actor/perf/max_memory_allocated_gb:24.75162935256958 - actor/perf/max_memory_reserved_gb:25.046875 - actor/perf/cpu_memory_used_gb:286.66044902801514 - actor/lr:0.0 - perf/mfu/actor:0.272836503435218 - training/global_step:4 - training/epoch:1 - critic/score/mean:0.9782751798629761 - critic/score/max:0.9968963861465454 - critic/score/min:0.9508408308029175 - critic/rewards/mean:0.9782751798629761 - critic/rewards/max:0.9968963861465454 - critic/rewards/min:0.9508408308029175 - critic/advantages/mean:-6.109476089477539e-07 - critic/advantages/max:1.3366742134094238 - critic/advantages/min:-1.3960033655166626 - critic/returns/mean:-6.109476089477539e-07 - critic/returns/max:1.3366742134094238 - critic/returns/min:-1.3960033655166626 - response_length/mean:8192.0 - response_length/max:8192.0 - response_length/min:8192.0 - response_length/clip_ratio:1.0 - response_length_non_aborted/mean:8192.0 - response_length_non_aborted/max:8192.0 - response_length_non_aborted/min:8192.0 - response_length_non_aborted/clip_ratio:1.0 - response/aborted_ratio:0.0 - prompt_length/mean:7633.0 - prompt_length/max:8068.0 - prompt_length/min:7482.0 - prompt_length/clip_ratio:0.25 - timing_s/gen:1.4962770590791479 - timing_s/old_log_prob:9.445020603016019 - timing_s/ref:11.054858040995896 - timing_s/adv:0.12523267604410648 - timing_s/update_actor:34.41150857403409 - timing_s/update_weights:5.436283440096304 - timing_s/step:62.13030160404742 - timing_per_token_ms/adv:0.0004945998263985248 - timing_per_token_ms/update_actor:0.13590643196695928 - timing_per_token_ms/gen:0.011415688011773284 - timing_per_token_ms/ref:0.04366057678118442 - perf/total_num_tokens:253200 - perf/time_per_step:62.13030160404742 - perf/throughput:509.4132682906241 - training/num_turns/mean:np.float64(2.0) - training/num_turns/max:np.int64(2) - training/num_turns/min:np.int64(2) - training/off_policy/trajectory_spans/mean:np.float64(1.0) - training/off_policy/trajectory_spans/max:np.int64(1) - training/off_policy/trajectory_spans/min:np.int64(1) - training/off_policy/trajectory_staleness/mean:np.float64(-1.0) - training/off_policy/trajectory_staleness/max:np.int64(-1) - training/off_policy/trajectory_staleness/min:np.int64(-1) - training/off_policy/trajectory_staleness_worst/mean:np.float64(-1.0) - training/off_policy/trajectory_staleness_worst/max:np.int64(-1) - training/off_policy/trajectory_staleness_worst/min:np.int64(-1)
[36m(TaskRunnerV1 pid=262098)[0m 'Final validation metrics: None'
